OBJECTID,ACCIDENTNUM,ACCIDENTDATE,ACCIDENT_YEAR,ACCIDENT_MONTH,ACCIDENT_DAY,ACCIDENT_HOUR,ACCIDENT_MINUTE,ACCIDENT_SECOND,ACCIDENT_WEEKDAY,XCOORD,YCOORD,LONGITUDE,LATITUDE,ACCIDENTLOCATION,COLLISIONTYPE,CLASSIFICATIONOFACCIDENT,IMPACTLOCATION,INITIALDIRECTIONOFTRAVELONE,INITIALDIRECTIONOFTRAVELTWO,INITIALIMPACTTYPE,INTTRAFFICCONTROL,LIGHT,LIGHTFORREPORT,ROADJURISDICTION,TRAFFICCONTROL,TRAFFICCONTROLCONDITION,THRULANENO,NORTHBOUNDDISOBEYCOUNT,SOUTHBOUNDDISOBEYCOUNT,PEDESTRIANINVOLVED,CYCLISTINVOLVED,MOTORCYCLISTINVOLVED,ENVIRONMENTCONDITION1,ENVIRONMENTCONDITION2,SELFREPORTED,XMLIMPORTNOTES,LASTEDITEDDATE,x,y
43542,15-012215,1/17/2015 11:45:00 AM,2015,1,17,11,45,0,Saturday,538905.9905,4805986.963,-80.519505,43.405764,At/near private drive,2,P.D. only,Thru lane,unknown,unknown,SMV unattended vehicle,Unknown,Daylight,01 - Daylight,Municipal (excl. Twp. Rd.),No control,unknown,0,0,0,FALSE,FALSE,FALSE,Clear,,FALSE,PEACH BLOSSOM CRES ; Near,3/7/2019 2:40:05 PM,538905.9905,4805986.963
43543,15-013096,1/18/2015 3:10:00 PM,2015,1,18,15,10,0,Sunday,549530.342,4806186.936,-80.38828,43.406938,At/near private drive,2,P.D. only,Right turn channel,unknown,unknown,Turning movement,Unknown,Daylight,01 - Daylight,Municipal (excl. Twp. Rd.),Stop sign,Functioning,0,0,0,FALSE,FALSE,FALSE,Clear,,FALSE,GATEWAY PARK DR,3/7/2019 2:40:04 PM,549530.342,4806186.936
43544,15-013172,1/18/2015 5:34:00 PM,2015,1,18,17,34,0,Sunday,546944.212,4810076.294,-80.419884,43.442124,Non intersection,2,P.D. only,Not on roadway - left side,unknown,unknown,SMV other,Unknown,Daylight,01 - Daylight,Municipal (excl. Twp. Rd.),No control,unknown,0,0,0,FALSE,FALSE,FALSE,Snow,,FALSE,IDLE CREEK DR ; IDLE CREEK DR; At; 3 M,3/7/2019 2:40:03 PM,546944.212,4810076.294
43545,15-013560,1/19/2015 8:10:00 AM,2015,1,19,8,10,0,Monday,539468.9084,4808977.535,-80.512337,43.432662,At/near private drive,2,P.D. only,Thru lane,unknown,unknown,Angle,Unknown,Daylight,01 - Daylight,Municipal (excl. Twp. Rd.),No control,unknown,0,0,0,FALSE,FALSE,FALSE,Clear,,FALSE,QUEENS BLVD,3/7/2019 2:40:02 PM,539468.9084,4808977.535
43546,15-013992,1/18/2015 7:30:00 PM,2015,1,18,19,30,0,Sunday,538024.7884,4806643.971,-80.530342,43.411725,At/near private drive,2,P.D. only,Thru lane,unknown,unknown,SMV unattended vehicle,Unknown,Dark,07 - Dark,Municipal (excl. Twp. Rd.),No control,unknown,0,0,0,FALSE,FALSE,FALSE,Snow,,FALSE,ERIKA CRT ; 40 ERIKA CRT ; 5 M,3/7/2019 2:40:01 PM,538024.7884,4806643.971
43547,15-014077,1/19/2015 11:10:00 PM,2015,1,19,23,10,0,Monday,544529.8087,4808678.306,-80.449833,43.429684,At intersection,2,P.D. only,Within intersection,unknown,unknown,Angle,Unknown,"Dark, artificial","08 - Dark, artificial",Municipal (excl. Twp. Rd.),Stop sign,Functioning,0,1,0,FALSE,FALSE,FALSE,Clear,,FALSE,CONNAUGHT ST; EIGHTH AV,3/7/2019 2:40:00 PM,544529.8087,4808678.306
43548,15-014382,1/20/2015 11:30:00 AM,2015,1,20,11,30,0,Tuesday,540463.8739,4809705.105,-80.49999,43.43916,At/near private drive,1,Non-fatal injury,Thru lane,unknown,unknown,Turning movement,Unknown,Daylight,01 - Daylight,Municipal (excl. Twp. Rd.),No control,unknown,0,0,0,FALSE,FALSE,FALSE,Clear,,FALSE,QUEENS BLVD ; 875 QUEENS BV; 5 M,3/7/2019 2:39:59 PM,540463.8739,4809705.105
43549,15-014628,1/20/2015 4:58:00 PM,2015,1,20,16,58,0,Tuesday,539551.7454,4811343.73,-80.511142,43.453963,At/near private drive,2,P.D. only,Thru lane,unknown,unknown,Turning movement,Unknown,Daylight,01 - Daylight,Municipal (excl. Twp. Rd.),No control,unknown,0,0,0,FALSE,FALSE,FALSE,Clear,,FALSE,GLASGOW ST; PARK ST ; At; 40 M,3/7/2019 2:39:58 PM,539551.7454,4811343.73
43550,15-014981,1/21/2015 7:50:00 AM,2015,1,21,7,50,0,Wednesday,546397.8563,4804451.555,-80.427113,43.391513,Intersection related,2,P.D. only,Thru lane,unknown,unknown,Sideswipe,Unknown,Daylight,01 - Daylight,Municipal (excl. Twp. Rd.),Stop sign,Functioning,0,0,0,FALSE,FALSE,FALSE,Clear,,FALSE,OLD CARRIAGE DR; HOMER WATSON BLVD ; 80 M,3/7/2019 2:39:58 PM,546397.8563,4804451.555
43551,15-015240,1/21/2015 1:54:00 PM,2015,1,21,13,54,0,Wednesday,541086.9683,4810564.156,-80.492226,43.446861,Non intersection,1,Non-fatal injury,Thru lane,unknown,unknown,Rear end,Unknown,Daylight,01 - Daylight,Regional municipality,No control,unknown,0,0,0,FALSE,FALSE,FALSE,Clear,,FALSE,QUEEN ST S; 242 QUEEN ST S; 1 M,3/7/2019 2:39:57 PM,541086.9683,4810564.156
43552,15-016529,1/23/2015 2:49:00 AM,2015,1,23,2,49,0,Friday,540922.3575,4810567.93,-80.49426,43.446904,Intersection related,2,P.D. only,Thru lane,unknown,unknown,Rear end,Unknown,Dark,07 - Dark,Municipal (excl. Twp. Rd.),Stop sign,Functioning,0,0,0,FALSE,FALSE,FALSE,Clear,,FALSE,COURTLAND AV W; DAVID ST; At,3/7/2019 2:39:56 PM,540922.3575,4810567.93
43553,15-016713,1/22/2015 11:55:00 AM,2015,1,22,11,55,0,Thursday,537275.0697,4806817.374,-80.53959,43.413324,Intersection related,2,P.D. only,Thru lane,unknown,unknown,Rear end,Unknown,Daylight,01 - Daylight,Municipal (excl. Twp. Rd.),Stop sign,Functioning,0,0,0,FALSE,FALSE,FALSE,Clear,,FALSE,YELLOW BIRCH DR; DRIFTWOOD DR; At,3/7/2019 2:39:55 PM,537275.0697,4806817.374
43554,15-016799,1/22/2015 11:00:00 AM,2015,1,22,11,0,0,Thursday,541012.4641,4811052.705,-80.49311,43.451264,Non intersection,2,P.D. only,Thru lane,unknown,unknown,SMV unattended vehicle,Unknown,Daylight,01 - Daylight,Regional municipality,No control,unknown,0,0,0,FALSE,FALSE,FALSE,Clear,,FALSE,KING ST W; Near,3/7/2019 2:39:54 PM,541012.4641,4811052.705
43555,15-016908,1/22/2015 10:22:00 AM,2015,1,22,10,22,0,Thursday,541766.6559,4811756.803,-80.483735,43.457562,At/near private drive,2,P.D. only,Thru lane,unknown,unknown,SMV other,Unknown,Daylight,01 - Daylight,Municipal (excl. Twp. Rd.),No control,unknown,0,0,0,FALSE,FALSE,FALSE,Clear,,FALSE,HERMIE PL; VICTORIA ST N,3/7/2019 2:39:53 PM,541766.6559,4811756.803
43556,15-017525,1/23/2015 6:45:00 PM,2015,1,23,18,45,0,Friday,541962.6261,4803735.081,-80.481929,43.385323,At/near private drive,2,P.D. only,Thru lane,unknown,unknown,SMV unattended vehicle,Unknown,"Dark, artificial","08 - Dark, artificial",Municipal (excl. Twp. Rd.),No control,unknown,0,0,0,FALSE,FALSE,FALSE,Clear,,FALSE,TOTTENHAM ST,3/7/2019 2:39:53 PM,541962.6261,4803735.081
43557,15-018002,1/24/2015 9:24:00 PM,2015,1,24,21,24,0,Saturday,538746.5003,4807843.972,-80.521343,43.422493,Non intersection,2,P.D. only,Thru lane,unknown,unknown,SMV unattended vehicle,Unknown,"Dark, artificial","08 - Dark, artificial",Municipal (excl. Twp. Rd.),No control,unknown,0,0,0,FALSE,FALSE,FALSE,Clear,,FALSE,ELM RIDGE DR; MCGARRY DR ; Near; 20 M,3/7/2019 2:39:52 PM,538746.5003,4807843.972
43558,15-018032,1/24/2015 10:08:00 PM,2015,1,24,22,8,0,Saturday,546841.1101,4804256.036,-80.421657,43.389725,Non intersection,2,P.D. only,Off highway,unknown,unknown,SMV other,Unknown,"Daylight, artificial","02 - Daylight, artificial",Municipal (excl. Twp. Rd.),No control,unknown,0,0,0,FALSE,FALSE,FALSE,Snow,,FALSE,DOON SOUTH DR; HOMER WATSON BLVD ; 10 M,3/7/2019 2:39:51 PM,546841.1101,4804256.036
43559,15-018546,1/25/2015 2:49:00 PM,2015,1,25,14,49,0,Sunday,539569.0178,4805803.68,-80.51133,43.404079,At intersection,2,P.D. only,Within intersection,unknown,unknown,Angle,Unknown,Daylight,01 - Daylight,Municipal (excl. Twp. Rd.),Stop sign,Functioning,0,0,0,FALSE,FALSE,FALSE,Clear,,FALSE,DONNENWERTH DR; BRIDLEWREATH ST; At,3/7/2019 2:39:51 PM,539569.0178,4805803.68
43560,15-019138,1/26/2015 11:30:00 AM,2015,1,26,11,30,0,Monday,542116.1431,4803861.646,-80.480024,43.386454,At/near private drive,2,P.D. only,Right shoulder,unknown,unknown,Other,Unknown,Daylight,01 - Daylight,Municipal (excl. Twp. Rd.),No control,unknown,0,0,0,FALSE,FALSE,FALSE,Clear,,FALSE,MAITLAND ST,3/7/2019 2:39:50 PM,542116.1431,4803861.646
43561,15-019166,1/26/2015 12:30:00 PM,2015,1,26,12,30,0,Monday,541112.9669,4810746.011,-80.491891,43.448497,Non intersection,2,P.D. only,Not on roadway - left side,unknown,unknown,SMV other,Unknown,Daylight,01 - Daylight,Municipal (excl. Twp. Rd.),Stop sign,Functioning,0,0,0,FALSE,FALSE,FALSE,Clear,,FALSE,JOSEPH ST ; ONTARIO ST S; At; 3 M,3/7/2019 2:39:49 PM,541112.9669,4810746.011
43562,15-019460,1/26/2015 7:45:00 PM,2015,1,26,19,45,0,Monday,545276.1054,4806432.275,-80.440799,43.409416,Non intersection,2,P.D. only,Thru lane,unknown,unknown,SMV other,Unknown,"Dark, artificial","08 - Dark, artificial",Regional municipality,No control,unknown,0,0,0,FALSE,FALSE,FALSE,Clear,,FALSE,WABANAKI DR; WILSON AV; Near,3/7/2019 2:39:48 PM,545276.1054,4806432.275
43563,15-019931,1/27/2015 2:32:00 PM,2015,1,27,14,32,0,Tuesday,541298.3091,4811069,-80.489576,43.451395,Non intersection,2,P.D. only,Thru lane,unknown,unknown,Sideswipe,Unknown,Daylight,01 - Daylight,Regional municipality,No control,unknown,0,0,0,FALSE,FALSE,FALSE,Clear,,FALSE,DUKE ST W; ONTARIO ST N; Near; 14 M,3/7/2019 2:39:48 PM,541298.3091,4811069
43564,15-020104,1/27/2015 7:07:00 PM,2015,1,27,19,7,0,Tuesday,544628.6037,4808194.175,-80.448652,43.425319,At/near private drive,2,P.D. only,Right shoulder,unknown,unknown,SMV unattended vehicle,Unknown,Daylight,01 - Daylight,Municipal (excl. Twp. Rd.),No control,unknown,0,0,0,FALSE,FALSE,FALSE,Clear,,FALSE,WOODHAVEN RD; WILSON AVE ; 50 M,3/7/2019 2:39:47 PM,544628.6037,4808194.175
43565,15-020120,1/27/2015 7:46:00 PM,2015,1,27,19,46,0,Tuesday,544529.8153,4808677.307,-80.449833,43.429675,At intersection,2,P.D. only,Within intersection,unknown,unknown,Angle,Unknown,Dusk,05 - Dusk,Municipal (excl. Twp. Rd.),Stop sign,Functioning,0,0,0,FALSE,FALSE,FALSE,Clear,,FALSE,EIGHTH AVE ; CONNAUGHT ST,3/7/2019 2:39:46 PM,544529.8153,4808677.307
43566,15-020448,1/27/2015 5:30:00 PM,2015,1,27,17,30,0,Tuesday,539538.2439,4810735.036,-80.511353,43.448483,At/near private drive,2,P.D. only,Off highway,unknown,unknown,Other,Unknown,"Dusk, artificial","06 - Dusk, artificial",Private property,No control,unknown,0,0,0,FALSE,FALSE,FALSE,Clear,,FALSE,GAGE AVE ; At,3/7/2019 2:39:46 PM,539538.2439,4810735.036
43567,15-020730,1/28/2015 3:38:00 PM,2015,1,28,15,38,0,Wednesday,540487.7134,4809737.789,-80.499693,43.439453,At intersection,1,Non-fatal injury,Within intersection,unknown,unknown,SMV other,Unknown,Daylight,01 - Daylight,Regional municipality,Stop sign,Functioning,0,0,0,TRUE,FALSE,FALSE,Clear,,FALSE,QUEENS BLVD; SPADINA RD W; At,3/7/2019 2:39:45 PM,540487.7134,4809737.789
43568,15-021009,1/28/2015 10:33:00 PM,2015,1,28,22,33,0,Wednesday,539144.5946,4808363.701,-80.516388,43.427152,Non intersection,2,P.D. only,Not on roadway - right side,unknown,unknown,SMV other,Unknown,"Daylight, artificial","02 - Daylight, artificial",Municipal (excl. Twp. Rd.),No control,unknown,0,0,0,FALSE,FALSE,FALSE,Clear,,FALSE,CYPRUS DR; BIRCHCLIFF AVE ; 50 M,3/7/2019 2:39:44 PM,539144.5946,4808363.701
43569,15-021195,1/29/2015 8:45:00 AM,2015,1,29,8,45,0,Thursday,546255.0592,4813587.444,-80.428102,43.473781,Non intersection,2,P.D. only,Off highway,unknown,unknown,SMV other,Unknown,Daylight,01 - Daylight,Municipal (excl. Twp. Rd.),No control,unknown,0,0,0,FALSE,FALSE,FALSE,Clear,,FALSE,CENTENNIAL RD; CENTENNIAL CT; 100 M,3/7/2019 2:39:43 PM,546255.0592,4813587.444
43570,15-021374,1/17/2015 4:10:00 PM,2015,1,17,16,10,0,Saturday,545349.9651,4813432.909,-80.439305,43.472445,Other,2,P.D. only,Off highway,unknown,unknown,Rear end,Unknown,Daylight,01 - Daylight,Private property,No control,unknown,0,0,0,FALSE,FALSE,FALSE,Clear,,FALSE,VALET CAR WASH; VICTORIA ST N,3/7/2019 2:39:42 PM,545349.9651,4813432.909
43571,15-021578,1/29/2015 4:55:00 PM,2015,1,29,16,55,0,Thursday,544149.3667,4801967.382,-80.455075,43.369281,Non intersection,2,P.D. only,Right shoulder,unknown,unknown,SMV other,Unknown,Dark,07 - Dark,Regional municipality,No control,unknown,0,0,0,FALSE,FALSE,FALSE,Snow,,FALSE,STAUFFER DR; REIDEL DR; 400 M,3/7/2019 2:39:41 PM,544149.3667,4801967.382
43572,15-021624,1/29/2015 6:00:00 PM,2015,1,29,18,0,0,Thursday,540173.4538,4809414.388,-80.5036,43.436558,At intersection,1,Non-fatal injury,Within intersection,unknown,unknown,Turning movement,Unknown,Dark,07 - Dark,Municipal (excl. Twp. Rd.),Traffic signal,Functioning,0,0,0,FALSE,FALSE,FALSE,Snow,,FALSE,QUEENS BLVD ; BELMONT AVE E; At,3/7/2019 2:39:41 PM,540173.4538,4809414.388
43573,15-021642,1/29/2015 5:13:00 PM,2015,1,29,17,13,0,Thursday,538889.8024,4808654.983,-80.519515,43.429788,At intersection,1,Non-fatal injury,Thru lane,unknown,unknown,Rear end,Unknown,"Dark, artificial","08 - Dark, artificial",Regional municipality,No control,unknown,0,0,0,FALSE,FALSE,FALSE,Snow,,FALSE,QUEENS BV; EAGEN DR; At,3/7/2019 2:39:40 PM,538889.8024,4808654.983
43574,15-021998,1/29/2015 6:00:00 PM,2015,1,29,18,0,0,Thursday,542712.2406,4808221.974,-80.472324,43.425681,At/near private drive,2,P.D. only,Thru lane,unknown,unknown,Angle,Unknown,"Dark, artificial","08 - Dark, artificial",Municipal (excl. Twp. Rd.),No control,unknown,0,0,0,FALSE,FALSE,FALSE,Snow,,FALSE,HANSON AVE,3/7/2019 2:39:39 PM,542712.2406,4808221.974
43575,15-022034,1/29/2015 1:05:00 PM,2015,1,29,13,5,0,Thursday,542618.0439,4807410.521,-80.473551,43.41838,At/near private drive,2,P.D. only,Thru lane,unknown,unknown,Turning movement,Unknown,Daylight,01 - Daylight,Municipal (excl. Twp. Rd.),No control,unknown,0,0,0,FALSE,FALSE,FALSE,Clear,,FALSE,KINGSWOOD DR,3/7/2019 2:39:38 PM,542618.0439,4807410.521
43576,15-022179,1/30/2015 12:10:00 PM,2015,1,30,12,10,0,Friday,541786.4848,4803781.856,-80.4841,43.385754,At intersection,2,P.D. only,Within intersection,unknown,unknown,Angle,Unknown,Daylight,01 - Daylight,Municipal (excl. Twp. Rd.),Stop sign,Functioning,0,0,0,FALSE,FALSE,FALSE,Clear,,FALSE,MAITLAND ST ; WOODBINE AV,3/7/2019 2:39:38 PM,541786.4848,4803781.856
43577,15-022193,1/30/2015 12:36:00 PM,2015,1,30,12,36,0,Friday,537952.4917,4808413.53,-80.531112,43.427662,At/near private drive,2,P.D. only,Thru lane,unknown,unknown,Other,Unknown,Daylight,01 - Daylight,Municipal (excl. Twp. Rd.),No control,unknown,0,0,0,FALSE,FALSE,FALSE,Clear,,FALSE,BLACKWELL DRIVE; 6 BLACKWELL DRIVE; Near; 4 M,3/7/2019 2:39:37 PM,537952.4917,4808413.53
43578,15-022382,1/30/2015 4:49:00 PM,2015,1,30,16,49,0,Friday,541382.8193,4810865.165,-80.488547,43.449555,Non intersection,2,P.D. only,Thru lane,unknown,unknown,SMV unattended vehicle,Unknown,Daylight,01 - Daylight,Regional municipality,No control,unknown,0,0,0,FALSE,FALSE,FALSE,Clear,,FALSE,KING ST E; FREDERICK ST ; Near; 50 M,3/7/2019 2:39:36 PM,541382.8193,4810865.165
43579,15-022431,1/30/2015 4:30:00 PM,2015,1,30,16,30,0,Friday,540569.7525,4812712.172,-80.498458,43.46623,Intersection related,2,P.D. only,Thru lane,unknown,unknown,Rear end,Stop sign,Daylight,01 - Daylight,Municipal (excl. Twp. Rd.),No control,unknown,0,0,0,FALSE,FALSE,FALSE,Clear,,FALSE,UNION ST; MARGARET AV; Near,3/7/2019 2:39:35 PM,540569.7525,4812712.172
43580,15-022771,1/31/2015 4:18:00 AM,2015,1,31,4,18,0,Saturday,543931.4529,4809143.396,-80.457188,43.433907,Non intersection,2,P.D. only,Not on roadway - left side,unknown,unknown,SMV other,Unknown,"Dark, artificial","08 - Dark, artificial",Municipal (excl. Twp. Rd.),No control,unknown,0,0,0,FALSE,FALSE,FALSE,Clear,,FALSE,ECKERT ST ; FIRST AVE ; 18 M,3/7/2019 2:39:34 PM,543931.4529,4809143.396
43581,15-023569,2/1/2015 5:28:00 AM,2015,2,1,5,28,0,Sunday,541404.5048,4811010.011,-80.488268,43.450858,Non intersection,2,P.D. only,Not on roadway - right side,unknown,unknown,SMV other,Unknown,Dark,07 - Dark,Municipal (excl. Twp. Rd.),No control,unknown,0,0,0,FALSE,FALSE,FALSE,Clear,,FALSE,QUEEN ST N; DUKE ST E; Near; 27 M,3/7/2019 2:39:33 PM,541404.5048,4811010.011
43582,15-023716,1/31/2015 9:30:00 PM,2015,1,31,21,30,0,Saturday,539246.1484,4805598.444,-80.515332,43.402248,At/near private drive,2,P.D. only,Thru lane,unknown,unknown,SMV unattended vehicle,Unknown,"Dark, artificial","08 - Dark, artificial",Municipal (excl. Twp. Rd.),No control,unknown,0,0,0,FALSE,FALSE,FALSE,Clear,,FALSE,HENHOEFFER CRES; At,3/7/2019 2:39:33 PM,539246.1484,4805598.444
43583,15-023731,2/1/2015 12:09:00 PM,2015,2,1,12,9,0,Sunday,539080.5212,4811108.641,-80.516983,43.451871,At intersection,1,Non-fatal injury,Within intersection,unknown,unknown,Angle,Unknown,Daylight,01 - Daylight,Municipal (excl. Twp. Rd.),Traffic signal,Functioning,0,0,0,FALSE,FALSE,FALSE,Clear,,FALSE,BELMONT AV W; GLASGOW ST,3/7/2019 2:39:32 PM,539080.5212,4811108.641
43584,15-023802,1/29/2015 3:00:00 PM,2015,1,29,15,0,0,Thursday,539034.8943,4808353.292,-80.517744,43.427064,At intersection,2,P.D. only,Thru lane,unknown,unknown,Turning movement,Unknown,Daylight,01 - Daylight,Municipal (excl. Twp. Rd.),Stop sign,Functioning,0,0,0,FALSE,FALSE,FALSE,Clear,,FALSE,BIRCHCLIFF AV; FOREST HILL DR,3/7/2019 2:39:31 PM,539034.8943,4808353.292
43585,15-023833,1/30/2015 10:15:00 PM,2015,1,30,22,15,0,Friday,541141.2941,4806763.756,-80.491841,43.412639,At intersection,2,P.D. only,Thru lane,unknown,unknown,Rear end,Unknown,"Dark, artificial","08 - Dark, artificial",Municipal (excl. Twp. Rd.),Traffic signal,Functioning,0,0,0,FALSE,FALSE,FALSE,Clear,,FALSE,BLOCK LINE RD; LAURENTIAN DR,3/7/2019 2:39:30 PM,541141.2941,4806763.756
43586,15-024204,2/2/2015 7:15:00 AM,2015,2,2,7,15,0,Monday,544703.7684,4811849.169,-80.447424,43.458224,Non intersection,2,P.D. only,Thru lane,unknown,unknown,SMV unattended vehicle,Unknown,Daylight,01 - Daylight,Municipal (excl. Twp. Rd.),No control,unknown,0,0,0,FALSE,FALSE,FALSE,Snow,,FALSE,LORRAINE AVE ; LORRAINE AVE ; 4 M,3/7/2019 2:39:29 PM,544703.7684,4811849.169
43587,15-024300,2/2/2015 9:00:00 AM,2015,2,2,9,0,0,Monday,542273.6059,4808387.358,-80.47773,43.427195,At/near private drive,2,P.D. only,Thru lane,unknown,unknown,Turning movement,Unknown,Daylight,01 - Daylight,Municipal (excl. Twp. Rd.),No control,unknown,0,0,0,FALSE,FALSE,FALSE,Clear,,FALSE,ARDELT AVE,3/7/2019 2:39:28 PM,542273.6059,4808387.358
43588,15-024515,2/2/2015 2:50:00 PM,2015,2,2,14,50,0,Monday,546866.407,4809778.66,-80.420871,43.439449,Non intersection,2,P.D. only,Thru lane,unknown,unknown,Sideswipe,Unknown,Daylight,01 - Daylight,Municipal (excl. Twp. Rd.),No control,unknown,0,0,0,FALSE,FALSE,FALSE,Clear,,FALSE,SIMS ESTATE DR; FAIRWAY RD N; Near,3/7/2019 2:39:28 PM,546866.407,4809778.66
43589,15-024524,2/2/2015 3:52:00 PM,2015,2,2,15,52,0,Monday,541588.2735,4807936.633,-80.486231,43.423175,At/near private drive,2,P.D. only,Thru lane,unknown,unknown,Turning movement,Unknown,Daylight,01 - Daylight,Municipal (excl. Twp. Rd.),No control,unknown,0,0,0,FALSE,FALSE,FALSE,Clear,,FALSE,STRASBURG RD ; OTTAWA ST S; 75 M,3/7/2019 2:39:27 PM,541588.2735,4807936.633
43590,15-024575,2/2/2015 5:08:00 PM,2015,2,2,17,8,0,Monday,545234.4869,4808099.143,-80.441175,43.424427,Intersection related,2,P.D. only,Thru lane,unknown,unknown,Rear end,Unknown,Daylight,01 - Daylight,Municipal (excl. Twp. Rd.),Stop sign,Functioning,0,0,0,FALSE,FALSE,FALSE,Clear,,FALSE,GREENFIELD AV; KINGSWAY DR; Near; 20 M,3/7/2019 2:39:26 PM,545234.4869,4808099.143
43591,15-024628,2/2/2015 4:30:00 PM,2015,2,2,16,30,0,Monday,539048.7084,4806651.26,-80.517695,43.411738,At/near private drive,2,P.D. only,Thru lane,unknown,unknown,SMV unattended vehicle,Unknown,Daylight,01 - Daylight,Municipal (excl. Twp. Rd.),No control,unknown,0,0,0,FALSE,FALSE,FALSE,Clear,,FALSE,WATERCRESS CRT,3/7/2019 2:39:26 PM,539048.7084,4806651.26
43592,15-024633,2/2/2015 6:53:00 PM,2015,2,2,18,53,0,Monday,545275.1271,4806433.268,-80.440811,43.409425,At intersection,2,P.D. only,Within intersection,unknown,unknown,Turning movement,Stop sign,Dark,07 - Dark,Municipal (excl. Twp. Rd.),Stop sign,Functioning,0,0,0,FALSE,FALSE,FALSE,Snow,,FALSE,WILSON AV; WABANAKI DR,3/7/2019 2:39:25 PM,545275.1271,4806433.268
43593,15-024672,2/1/2015 9:30:00 PM,2015,2,1,21,30,0,Sunday,544462.8513,4803948.206,-80.451045,43.387098,At/near private drive,2,P.D. only,Thru lane,unknown,unknown,SMV unattended vehicle,Unknown,"Dark, artificial","08 - Dark, artificial",Municipal (excl. Twp. Rd.),No control,unknown,0,0,0,FALSE,FALSE,FALSE,Snow,,FALSE,SUTHERLAND WALK; At,3/7/2019 2:39:24 PM,544462.8513,4803948.206
43594,15-024696,1/25/2015 10:00:00 PM,2015,1,25,22,0,0,Sunday,544096.4918,4812667.029,-80.454864,43.465624,At/near private drive,2,P.D. only,Thru lane,unknown,unknown,SMV unattended vehicle,Unknown,"Dark, artificial","08 - Dark, artificial",Municipal (excl. Twp. Rd.),No control,unknown,0,0,0,FALSE,FALSE,FALSE,Clear,,FALSE,FORFAR AVE; Near,3/7/2019 2:39:23 PM,544096.4918,4812667.029
43595,15-024876,2/3/2015 7:06:00 AM,2015,2,3,7,6,0,Tuesday,544742.7249,4810002.13,-80.447094,43.441591,At intersection,1,Non-fatal injury,Within intersection,unknown,unknown,Angle,Stop sign,Daylight,01 - Daylight,Municipal (excl. Twp. Rd.),Stop sign,Functioning,0,0,0,FALSE,FALSE,FALSE,Clear,,FALSE,FRANKLIN ST N; KENNETH AVE; At,3/7/2019 2:39:22 PM,544742.7249,4810002.13
43596,15-024892,2/3/2015 8:10:00 AM,2015,2,3,8,10,0,Tuesday,539315.8645,4810614.011,-80.51411,43.447405,At intersection,2,P.D. only,Within intersection,unknown,unknown,Turning movement,Unknown,Daylight,01 - Daylight,Regional municipality,Traffic signal,Functioning,0,0,0,FALSE,FALSE,FALSE,Clear,,FALSE,BELMONT AVE W; GAGE AVE ; At,3/7/2019 2:39:20 PM,539315.8645,4810614.011
43597,15-024935,2/3/2015 8:08:00 AM,2015,2,3,8,8,0,Tuesday,547818.1327,4811467.501,-80.408963,43.454595,At/near private drive,2,P.D. only,Thru lane,unknown,unknown,Other,Unknown,Daylight,01 - Daylight,Municipal (excl. Twp. Rd.),No control,unknown,0,0,0,FALSE,FALSE,FALSE,Clear,,FALSE,OLD ZELLER DR; OLD ZELLER DR ; Near,3/7/2019 2:39:19 PM,547818.1327,4811467.501
43598,15-024938,2/3/2015 9:17:00 AM,2015,2,3,9,17,0,Tuesday,545875.634,4802790.4,-80.4337,43.376588,At intersection,1,Non-fatal injury,Within intersection,unknown,unknown,Angle,Unknown,Daylight,01 - Daylight,Municipal (excl. Twp. Rd.),Stop sign,Functioning,0,0,0,FALSE,FALSE,FALSE,Clear,,FALSE,DOON SOUTH DR; CRANBROOK ST,3/7/2019 2:39:19 PM,545875.634,4802790.4
43599,15-024979,1/21/2015 12:30:00 PM,2015,1,21,12,30,0,Wednesday,540791.3977,4810841.014,-80.495858,43.44937,At/near private drive,2,Non-reportable,Thru lane,unknown,unknown,Other,Unknown,Daylight,01 - Daylight,Municipal (excl. Twp. Rd.),No control,unknown,0,0,0,FALSE,FALSE,FALSE,Clear,,FALSE,WATER ST S; At,3/7/2019 2:39:18 PM,540791.3977,4810841.014
43600,15-025227,2/3/2015 12:00:00 PM,2015,2,3,12,0,0,Tuesday,545025.0465,4804849.748,-80.44403,43.395182,At/near private drive,2,P.D. only,Thru lane,unknown,unknown,SMV unattended vehicle,Unknown,Daylight,01 - Daylight,Municipal (excl. Twp. Rd.),No control,unknown,0,0,0,FALSE,FALSE,FALSE,Clear,,FALSE,PIONEER DR ; Near; 1 M,3/7/2019 2:39:17 PM,545025.0465,4804849.748
43601,15-025244,2/3/2015 3:00:00 PM,2015,2,3,15,0,0,Tuesday,542177.7068,4810402.855,-80.478759,43.445348,At/near private drive,2,P.D. only,Thru lane,unknown,unknown,SMV unattended vehicle,Unknown,Daylight,01 - Daylight,Municipal (excl. Twp. Rd.),No control,unknown,0,0,0,FALSE,FALSE,FALSE,Clear,,FALSE,PANDORA AVE N,3/7/2019 2:39:16 PM,542177.7068,4810402.855
43602,15-025273,2/3/2015 3:00:00 PM,2015,2,3,15,0,0,Tuesday,545929.9064,4812104.64,-80.432247,43.46045,At/near private drive,2,P.D. only,Right shoulder,unknown,unknown,SMV unattended vehicle,Unknown,Daylight,01 - Daylight,Municipal (excl. Twp. Rd.),No control,unknown,0,0,0,FALSE,FALSE,FALSE,Clear,,FALSE,ROSE GARDEN ST; Near,3/7/2019 2:39:14 PM,545929.9064,4812104.64
43603,15-025284,2/3/2015 7:20:00 AM,2015,2,3,7,20,0,Tuesday,544723.0654,4810062.306,-80.447332,43.442134,At/near private drive,2,P.D. only,Thru lane,unknown,unknown,Rear end,Unknown,Daylight,01 - Daylight,Municipal (excl. Twp. Rd.),No control,unknown,0,0,0,FALSE,FALSE,FALSE,Clear,,FALSE,FRANKLIN ST N,3/7/2019 2:39:13 PM,544723.0654,4810062.306