OBJECTID,ACCIDENTNUM,ACCIDENTDATE,ACCIDENT_YEAR,ACCIDENT_MONTH,ACCIDENT_DAY,ACCIDENT_HOUR,ACCIDENT_MINUTE,ACCIDENT_SECOND,ACCIDENT_WEEKDAY,XCOORD,YCOORD,LONGITUDE,LATITUDE,ACCIDENTLOCATION,COLLISIONTYPE,CLASSIFICATIONOFACCIDENT,IMPACTLOCATION,INITIALDIRECTIONOFTRAVELONE,INITIALDIRECTIONOFTRAVELTWO,INITIALIMPACTTYPE,INTTRAFFICCONTROL,LIGHT,LIGHTFORREPORT,ROADJURISDICTION,TRAFFICCONTROL,TRAFFICCONTROLCONDITION,THRULANENO,NORTHBOUNDDISOBEYCOUNT,SOUTHBOUNDDISOBEYCOUNT,PEDESTRIANINVOLVED,CYCLISTINVOLVED,MOTORCYCLISTINVOLVED,ENVIRONMENTCONDITION1,ENVIRONMENTCONDITION2,SELFREPORTED,XMLIMPORTNOTES,LASTEDITEDDATE,x,y
43604,15-025317,2/3/2015 7:50:00 AM,2015,2,3,7,50,0,Tuesday,544014.4316,4805093.529,-80.456489,43.397437,Non intersection,2,P.D. only,Right turn channel,unknown,unknown,Rear end,Unknown,Daylight,01 - Daylight,Regional municipality,No control,unknown,0,0,0,FALSE,FALSE,FALSE,Clear,,FALSE,OLD HURON RD RAMP FROM OLD HUR RD; HURON RD; Near,3/7/2019 2:39:12 PM,544014.4316,4805093.529
43605,15-025339,2/3/2015 5:00:00 PM,2015,2,3,17,0,0,Tuesday,542509.6545,4807665.722,-80.47487,43.420684,At/near private drive,2,P.D. only,Thru lane,unknown,unknown,Rear end,Unknown,Daylight,01 - Daylight,Municipal (excl. Twp. Rd.),No control,unknown,0,0,0,FALSE,FALSE,FALSE,Clear,,FALSE,KINGSWOOD DR; At,3/7/2019 2:39:11 PM,542509.6545,4807665.722
43606,15-025703,2/4/2015 9:37:00 AM,2015,2,4,9,37,0,Wednesday,538900.421,4811471.658,-80.519183,43.455149,At intersection,1,Non-fatal injury,Within intersection,unknown,unknown,Angle,Unknown,Daylight,01 - Daylight,Municipal (excl. Twp. Rd.),Traffic signal,Functioning,0,0,0,FALSE,FALSE,FALSE,Snow,,FALSE,UNION BLVD; BELMONT AV W; At,3/4/2020 10:19:58 AM,538900.421,4811471.658
43607,15-025802,2/3/2015 2:50:00 PM,2015,2,3,14,50,0,Tuesday,539612.0374,4811520.116,-80.510384,43.455548,Non intersection,2,P.D. only,Thru lane,unknown,unknown,Sideswipe,Unknown,Daylight,01 - Daylight,Municipal (excl. Twp. Rd.),No control,unknown,0,0,0,FALSE,FALSE,FALSE,Clear,,FALSE,GREEN ST; Near,3/7/2019 2:39:11 PM,539612.0374,4811520.116
43608,15-025864,2/4/2015 8:10:00 AM,2015,2,4,8,10,0,Wednesday,541068,4811108,0,0,Non intersection,2,P.D. only,Thru lane,unknown,unknown,Sideswipe,Unknown,Daylight,01 - Daylight,Municipal (excl. Twp. Rd.),No control,unknown,0,0,0,FALSE,FALSE,FALSE,Clear,,FALSE,SEABROOK DR; GLENVISTA DR; Near,3/7/2019 2:39:10 PM,541068,4811108
43609,15-026004,2/4/2015 4:20:00 PM,2015,2,4,16,20,0,Wednesday,544491.4646,4811765.245,-80.450055,43.457481,At intersection,2,P.D. only,Within intersection,unknown,unknown,Turning movement,Unknown,Daylight,01 - Daylight,Municipal (excl. Twp. Rd.),Stop sign,Functioning,0,0,0,FALSE,FALSE,FALSE,Snow,,FALSE,RIVER RD E; HALLIWELL DR ; Near; 6 M,3/7/2019 2:39:08 PM,544491.4646,4811765.245
43610,15-026037,2/4/2015 2:30:00 PM,2015,2,4,14,30,0,Wednesday,541798.1271,4810386.831,-80.483451,43.445225,At/near private drive,2,P.D. only,Off highway,unknown,unknown,SMV other,Unknown,Daylight,01 - Daylight,Private property,No control,unknown,0,0,0,FALSE,FALSE,FALSE,Snow,,FALSE,MADISON AVE S; 66 MADISON AVE S; At,3/7/2019 2:39:06 PM,541798.1271,4810386.831
43611,15-026050,2/4/2015 5:17:00 PM,2015,2,4,17,17,0,Wednesday,542201.0615,4807018.187,-80.478732,43.414871,At/near private drive,2,P.D. only,Thru lane,unknown,unknown,Turning movement,Unknown,Daylight,01 - Daylight,Regional municipality,Traffic signal,Functioning,0,0,0,FALSE,FALSE,FALSE,Snow,,FALSE,STRASBURG RD; STRASBURG RD; At; 28 M,3/7/2019 2:39:05 PM,542201.0615,4807018.187
43612,15-026085,2/2/2015 8:30:00 AM,2015,2,2,8,30,0,Monday,545745.1936,4809614.919,-80.434739,43.438044,At/near private drive,2,P.D. only,Thru lane,unknown,unknown,Other,Unknown,Daylight,01 - Daylight,Municipal (excl. Twp. Rd.),No control,unknown,0,0,0,FALSE,FALSE,FALSE,Snow,,FALSE,SCENIC WOOD CRES; Near,3/7/2019 2:39:05 PM,545745.1936,4809614.919
43613,15-026118,2/4/2015 7:03:00 PM,2015,2,4,19,3,0,Wednesday,539004.6846,4811280.347,-80.517908,43.453421,Intersection related,2,P.D. only,Within intersection,unknown,unknown,Turning movement,Unknown,"Dark, artificial","08 - Dark, artificial",Municipal (excl. Twp. Rd.),Stop sign,Functioning,0,0,0,FALSE,FALSE,FALSE,Clear,,FALSE,BELMONT AVE W; CLAREMONT AVE ; At,3/7/2019 2:39:04 PM,539004.6846,4811280.347
43614,15-026137,2/4/2015 7:54:00 PM,2015,2,4,19,54,0,Wednesday,545050.9639,4810838.926,-80.443216,43.449107,At intersection,2,P.D. only,Within intersection,unknown,unknown,Turning movement,Unknown,Dark,07 - Dark,Municipal (excl. Twp. Rd.),Traffic signal,Functioning,0,0,0,FALSE,FALSE,FALSE,Clear,,FALSE,RIVER RD E; HOLBORN DR; At,3/7/2019 2:39:03 PM,545050.9639,4810838.926
43615,15-026349,2/5/2015 8:30:00 AM,2015,2,5,8,30,0,Thursday,542300.5965,4813603.54,-80.476992,43.47416,At/near private drive,2,P.D. only,Thru lane,unknown,unknown,Rear end,Unknown,Daylight,01 - Daylight,Municipal (excl. Twp. Rd.),No control,unknown,0,0,0,FALSE,FALSE,FALSE,Clear,,FALSE,RIVERBEND; 508; Near; 5 M,3/4/2020 10:19:58 AM,542300.5965,4813603.54
43616,15-026353,2/5/2015 8:28:00 AM,2015,2,5,8,28,0,Thursday,539560.0561,4809692.856,-80.511159,43.439098,Non intersection,2,P.D. only,Thru lane,unknown,unknown,Rear end,Unknown,Daylight,01 - Daylight,Municipal (excl. Twp. Rd.),No control,unknown,0,0,0,FALSE,FALSE,FALSE,Clear,,FALSE,LAWRENCE AVE ; HIGHLAND RD W; 125 M,3/7/2019 2:39:02 PM,539560.0561,4809692.856
43617,15-026384,2/5/2015 8:59:00 AM,2015,2,5,8,59,0,Thursday,547782.7492,4804384.133,-80.41002,43.390819,At/near private drive,2,P.D. only,Thru lane,unknown,unknown,Turning movement,Unknown,Daylight,01 - Daylight,Regional municipality,Stop sign,Functioning,0,0,0,FALSE,FALSE,FALSE,Clear,,FALSE,CONESTOGA COLLEGE BV; 299 DOON VALLEY DR; At; 0 M,3/7/2019 2:39:01 PM,547782.7492,4804384.133
43618,15-026411,2/4/2015 5:15:00 PM,2015,2,4,17,15,0,Wednesday,539404.0464,4810381.742,-80.513037,43.445309,At intersection,2,P.D. only,Thru lane,unknown,unknown,Rear end,Unknown,Daylight,01 - Daylight,Municipal (excl. Twp. Rd.),Stop sign,Functioning,0,0,0,FALSE,FALSE,FALSE,Snow,,FALSE,BELMONT AV W; KARN ST; At,3/7/2019 2:39:00 PM,539404.0464,4810381.742
43619,15-026414,2/4/2015 2:55:00 PM,2015,2,4,14,55,0,Wednesday,540095.8953,4809881.493,-80.504524,43.440768,Intersection related,2,P.D. only,Thru lane,unknown,unknown,Sideswipe,Unknown,Daylight,01 - Daylight,Municipal (excl. Twp. Rd.),No control,unknown,0,0,0,FALSE,FALSE,FALSE,Clear,,FALSE,PATRICIA AV; HIGHLAND RD W; Near,3/7/2019 2:38:59 PM,540095.8953,4809881.493
43620,15-026515,2/4/2015 5:20:00 PM,2015,2,4,17,20,0,Wednesday,539102.4869,4811060.124,-80.516715,43.451433,Non intersection,2,P.D. only,Thru lane,unknown,unknown,SMV unattended vehicle,Unknown,"Dark, artificial","08 - Dark, artificial",Municipal (excl. Twp. Rd.),No control,unknown,0,0,0,FALSE,FALSE,FALSE,Snow,,FALSE,BELMONT AV W; GLASGOW ST; 100 M,3/7/2019 2:38:58 PM,539102.4869,4811060.124
43621,15-026550,2/4/2015 6:50:00 PM,2015,2,4,18,50,0,Wednesday,539618.3093,4811375.329,-80.510317,43.454244,Intersection related,2,P.D. only,Thru lane,unknown,unknown,Rear end,Unknown,"Dark, artificial","08 - Dark, artificial",Municipal (excl. Twp. Rd.),No control,unknown,0,0,0,FALSE,FALSE,FALSE,Snow,,FALSE,PARK ST; GLASGOW ST; Near,3/7/2019 2:38:58 PM,539618.3093,4811375.329
43622,15-027299,2/6/2015 12:15:00 PM,2015,2,6,12,15,0,Friday,542119.4756,4812779.768,-80.479295,43.466753,Intersection related,2,P.D. only,Thru lane,unknown,unknown,Turning movement,Unknown,Daylight,01 - Daylight,Municipal (excl. Twp. Rd.),Stop sign,Functioning,0,0,0,FALSE,FALSE,FALSE,Clear,,FALSE,MAPLE AV; GUELPH ST; 18 M,3/7/2019 2:38:57 PM,542119.4756,4812779.768
43623,15-027437,2/6/2015 1:00:00 PM,2015,2,6,13,0,0,Friday,540424.1471,4809595.583,-80.500489,43.438176,At/near private drive,2,P.D. only,Thru lane,unknown,unknown,Turning movement,Unknown,Daylight,01 - Daylight,Regional municipality,No control,unknown,0,0,0,FALSE,FALSE,FALSE,Clear,,FALSE,QUEENS BLVD,3/7/2019 2:38:55 PM,540424.1471,4809595.583
43624,15-027510,2/6/2015 4:07:00 PM,2015,2,6,16,7,0,Friday,542405.6263,4806622.537,-80.476236,43.411297,Intersection related,1,Non-fatal injury,Thru lane,unknown,unknown,Rear end,Unknown,Daylight,01 - Daylight,Municipal (excl. Twp. Rd.),Stop sign,Functioning,0,0,0,FALSE,FALSE,FALSE,Clear,,FALSE,STRASBURG RD; OLD COUNTRY DR,3/7/2019 2:38:54 PM,542405.6263,4806622.538
43625,15-027594,2/6/2015 3:30:00 PM,2015,2,6,15,30,0,Friday,538650.5131,4808730.573,-80.522466,43.430481,At/near private drive,2,P.D. only,Thru lane,unknown,unknown,SMV unattended vehicle,Unknown,Daylight,01 - Daylight,Municipal (excl. Twp. Rd.),No control,unknown,0,0,0,FALSE,FALSE,FALSE,Snow,,FALSE,OVERLEA DR; 296 OVERLEA DR; 0 M,3/7/2019 2:38:54 PM,538650.5131,4808730.573
43626,15-027802,2/6/2015 11:40:00 PM,2015,2,6,23,40,0,Friday,545856.9017,4804738.286,-80.433768,43.394128,At intersection,2,P.D. only,Within intersection,unknown,unknown,Turning movement,Unknown,"Dark, artificial","08 - Dark, artificial",Municipal (excl. Twp. Rd.),Stop sign,Functioning,0,0,0,FALSE,FALSE,FALSE,Snow,,FALSE,PIONEER DR ; OLD CARRIAGE DR,3/7/2019 2:38:53 PM,545856.9017,4804738.286
43627,15-028218,2/7/2015 12:20:00 PM,2015,2,7,12,20,0,Saturday,542554.7063,4811788.499,-80.473992,43.457803,At/near private drive,2,P.D. only,Thru lane,unknown,unknown,Angle,Unknown,Daylight,01 - Daylight,Municipal (excl. Twp. Rd.),No control,unknown,0,0,0,FALSE,FALSE,FALSE,Clear,,FALSE,EDNA ST,3/7/2019 2:38:52 PM,542554.7063,4811788.499
43628,15-028296,2/7/2015 3:04:00 PM,2015,2,7,15,4,0,Saturday,545157.1803,4807240.34,-80.442201,43.416699,At intersection,2,P.D. only,Within intersection,unknown,unknown,Turning movement,Stop sign,Daylight,01 - Daylight,Regional municipality,Stop sign,Functioning,0,0,0,FALSE,FALSE,FALSE,Clear,,FALSE,WILSON AVE; WEBSTER RD; At,3/4/2020 10:19:57 AM,545157.1803,4807240.34
43629,15-028471,2/1/2015 7:24:00 PM,2015,2,1,19,24,0,Sunday,538397.2352,4807410.839,-80.525688,43.418611,Non intersection,2,P.D. only,Right shoulder,unknown,unknown,SMV other,Unknown,"Dark, artificial","08 - Dark, artificial",Municipal (excl. Twp. Rd.),No control,unknown,0,0,0,FALSE,FALSE,FALSE,Clear,,FALSE,FORESTWOOD DR; GLEN PARK CRES ; 17 M,3/7/2019 2:38:51 PM,538397.2352,4807410.84
43630,15-028565,2/7/2015 9:45:00 PM,2015,2,7,21,45,0,Saturday,547240.8698,4808923.204,-80.416318,43.431723,At/near private drive,2,P.D. only,Thru lane,unknown,unknown,SMV unattended vehicle,Unknown,"Dark, artificial","08 - Dark, artificial",Municipal (excl. Twp. Rd.),No control,unknown,0,0,0,FALSE,FALSE,FALSE,Clear,,FALSE,QUINTE CRES ;  12 QUINTE CRES ; Near; 0 M,3/7/2019 2:38:50 PM,547240.8697,4808923.204
43631,15-029002,2/8/2015 1:45:00 PM,2015,2,8,13,45,0,Sunday,544904.2214,4810638.701,-80.445046,43.447313,At/near private drive,1,Non-fatal injury,Not on roadway - right side,unknown,unknown,SMV other,Unknown,Daylight,01 - Daylight,Municipal (excl. Twp. Rd.),No control,unknown,0,0,0,TRUE,FALSE,FALSE,Snow,,FALSE,DOOLEY DR; 22 DOOLEY DR; 1 M,3/7/2019 2:38:48 PM,544904.2214,4810638.701
43632,15-029268,2/8/2015 6:30:00 PM,2015,2,8,18,30,0,Sunday,541141.2995,4806762.868,-80.491841,43.412631,At intersection,2,P.D. only,Thru lane,unknown,unknown,SMV other,Unknown,"Dark, artificial","08 - Dark, artificial",Municipal (excl. Twp. Rd.),Stop sign,Functioning,0,0,0,FALSE,FALSE,FALSE,Snow,,FALSE,LAURENTIAN DR; BLOCK LINE RD; At; 0.5 M,3/7/2019 2:38:48 PM,541141.2995,4806762.868
43633,15-029324,2/8/2015 11:30:00 PM,2015,2,8,23,30,0,Sunday,536519.5412,4808251.025,-80.548826,43.42627,Non intersection,2,P.D. only,Thru lane,unknown,unknown,SMV unattended vehicle,Unknown,"Dark, artificial","08 - Dark, artificial",Municipal (excl. Twp. Rd.),No control,unknown,0,0,0,FALSE,FALSE,FALSE,Snow,,FALSE,WESTMEADOW DR; 318 WESTMEADOW DR; At; 9 M,3/7/2019 2:38:47 PM,536519.5412,4808251.025
43634,15-029441,2/4/2015 10:00:00 AM,2015,2,4,10,0,0,Wednesday,540482.4576,4811017.293,-80.499663,43.450974,Non intersection,2,P.D. only,Thru lane,unknown,unknown,SMV unattended vehicle,Unknown,Daylight,01 - Daylight,Municipal (excl. Twp. Rd.),No control,unknown,0,0,0,FALSE,FALSE,FALSE,Clear,,FALSE,JOSEPH ST; VICTORIA ST S; Near; 15 M,3/7/2019 2:38:46 PM,540482.4576,4811017.293
43635,15-029451,2/9/2015 8:16:00 AM,2015,2,9,8,16,0,Monday,540575.2774,4809522.635,-80.498627,43.437511,At intersection,2,P.D. only,Within intersection,unknown,unknown,Approaching,Unknown,Daylight,01 - Daylight,Municipal (excl. Twp. Rd.),Stop sign,Functioning,0,0,0,FALSE,FALSE,FALSE,Clear,,FALSE,PLEASANT AVE ; BINSCARTH RD ; At,3/7/2019 2:38:46 PM,540575.2774,4809522.635
43636,15-029542,2/8/2015 2:50:00 PM,2015,2,8,14,50,0,Sunday,539323.3555,4805578.458,-80.51438,43.402064,At/near private drive,2,P.D. only,Thru lane,unknown,unknown,Other,Unknown,Daylight,01 - Daylight,Municipal (excl. Twp. Rd.),No control,unknown,0,0,0,FALSE,FALSE,FALSE,Snow,,FALSE,REISTVIEW ST; At,3/7/2019 2:38:45 PM,539323.3555,4805578.458
43637,15-029568,2/9/2015 8:30:00 AM,2015,2,9,8,30,0,Monday,542056.4314,4810554.585,-80.480246,43.446721,At/near private drive,2,P.D. only,Thru lane,unknown,unknown,Other,Unknown,Daylight,01 - Daylight,Municipal (excl. Twp. Rd.),No control,unknown,0,0,0,FALSE,FALSE,FALSE,Clear,,FALSE,CAMERON ST N,3/7/2019 2:38:44 PM,542056.4314,4810554.585
43638,15-029598,2/9/2015 11:00:00 AM,2015,2,9,11,0,0,Monday,541243.6472,4809264.141,-80.490388,43.435147,At/near private drive,2,P.D. only,Thru lane,unknown,unknown,Turning movement,Unknown,Daylight,01 - Daylight,Municipal (excl. Twp. Rd.),No control,unknown,0,0,0,FALSE,FALSE,FALSE,Clear,,FALSE,HIGHLAND RD E; HIGHLAND RD E; Near; 8 M,3/7/2019 2:38:43 PM,541243.6472,4809264.141
43639,15-029689,2/8/2015 2:30:00 PM,2015,2,8,14,30,0,Sunday,542817.562,4803662.37,-80.47138,43.38462,At/near private drive,2,P.D. only,Thru lane,unknown,unknown,SMV unattended vehicle,Unknown,Daylight,01 - Daylight,Municipal (excl. Twp. Rd.),No control,unknown,0,0,0,FALSE,FALSE,FALSE,Clear,,FALSE,ROCKCLIFFE,3/7/2019 2:38:42 PM,542817.562,4803662.37
43640,15-029747,2/5/2015 9:45:00 AM,2015,2,5,9,45,0,Thursday,548195.3792,4806317.99,-80.404755,43.408205,Non intersection,2,P.D. only,Right shoulder,unknown,unknown,SMV unattended vehicle,Unknown,Daylight,01 - Daylight,Municipal (excl. Twp. Rd.),No control,unknown,0,0,0,FALSE,FALSE,FALSE,Clear,,FALSE,CANDLE CRES; Near,3/7/2019 2:38:41 PM,548195.3792,4806317.99
43641,15-029883,2/9/2015 6:35:00 AM,2015,2,9,6,35,0,Monday,536897.0166,4808763.844,-80.544128,43.430869,At intersection,2,P.D. only,Within intersection,unknown,unknown,Angle,Unknown,Dark,07 - Dark,Municipal (excl. Twp. Rd.),Stop sign,Functioning,0,0,0,FALSE,FALSE,FALSE,Clear,,FALSE,WESTFOREST TL; HIDDEN CREEK DR,3/7/2019 2:38:41 PM,536897.0166,4808763.845
43642,15-030209,2/10/2015 8:16:00 AM,2015,2,10,8,16,0,Tuesday,545906.8686,4809345.136,-80.432764,43.435605,At intersection,1,Non-fatal injury,Within intersection,unknown,unknown,Turning movement,Unknown,Daylight,01 - Daylight,Municipal (excl. Twp. Rd.),Stop sign,Functioning,0,0,0,FALSE,FALSE,FALSE,Clear,,FALSE,KINZIE AV; THALER AV,3/7/2019 2:38:40 PM,545906.8686,4809345.137
43643,15-030241,2/10/2015 9:01:00 AM,2015,2,10,9,1,0,Tuesday,540228.6954,4809352.412,-80.502922,43.435997,At/near private drive,1,Non-fatal injury,Thru lane,unknown,unknown,Other,Unknown,Daylight,01 - Daylight,Municipal (excl. Twp. Rd.),No control,unknown,0,0,0,FALSE,FALSE,FALSE,Clear,,FALSE,BELMONT AVE E; 17 BELMONT AVE E; Near; 0 M,3/7/2019 2:38:39 PM,540228.6954,4809352.412
43644,15-030396,2/10/2015 11:57:00 AM,2015,2,10,11,57,0,Tuesday,541246.7467,4811323.681,-80.490194,43.453691,Non intersection,2,Non-reportable,Thru lane,unknown,unknown,SMV unattended vehicle,Unknown,Daylight,01 - Daylight,Municipal (excl. Twp. Rd.),No control,unknown,0,0,0,FALSE,FALSE,FALSE,Clear,,FALSE,YOUNG ST; ROY ST ; 25 M,3/7/2019 2:38:38 PM,541246.7467,4811323.681
43645,15-030441,2/10/2015 12:53:00 PM,2015,2,10,12,53,0,Tuesday,541441.346,4803781.618,-80.488361,43.385771,At/near private drive,2,P.D. only,Thru lane,unknown,unknown,Other,Unknown,Daylight,01 - Daylight,Municipal (excl. Twp. Rd.),No control,unknown,0,0,0,FALSE,FALSE,FALSE,Clear,,FALSE,SOPHIA CRES; 90 SOPHIA CRES ; At; 0 M,3/7/2019 2:38:38 PM,541441.346,4803781.618
43646,15-030461,2/10/2015 1:25:00 PM,2015,2,10,13,25,0,Tuesday,545443.6995,4811083.567,-80.438342,43.451286,At/near private drive,2,P.D. only,Not on roadway - right side,unknown,unknown,SMV other,Unknown,Daylight,01 - Daylight,Municipal (excl. Twp. Rd.),Stop sign,Functioning,0,0,0,FALSE,FALSE,FALSE,Snow,,FALSE,BLACKFRIARS PL; HOLBORN DR ; 5 M,3/7/2019 2:38:37 PM,545443.6995,4811083.567
43647,15-030551,2/10/2015 2:00:00 PM,2015,2,10,14,0,0,Tuesday,542410.4405,4812471.953,-80.475722,43.463965,At/near private drive,2,P.D. only,Thru lane,unknown,unknown,Turning movement,Unknown,Daylight,01 - Daylight,Municipal (excl. Twp. Rd.),No control,unknown,0,0,0,FALSE,FALSE,FALSE,Clear,,FALSE,WELLINGTON ST N; Near,3/7/2019 2:38:36 PM,542410.4405,4812471.953
43648,15-030717,2/10/2015 8:55:00 AM,2015,2,10,8,55,0,Tuesday,540118.9696,4805713.635,-80.504545,43.403239,Non intersection,2,P.D. only,Thru lane,unknown,unknown,SMV unattended vehicle,Unknown,Daylight,01 - Daylight,Municipal (excl. Twp. Rd.),No control,unknown,0,0,0,FALSE,FALSE,FALSE,Clear,,FALSE,COMMONWEALTH CRES; Near,3/7/2019 2:38:36 PM,540118.9696,4805713.635
43649,15-031476,2/11/2015 4:35:00 PM,2015,2,11,16,35,0,Wednesday,541961.5159,4810515.233,-80.481422,43.446372,At/near private drive,2,P.D. only,Not on roadway - right side,unknown,unknown,SMV other,Unknown,Daylight,01 - Daylight,Regional municipality,No control,unknown,0,0,0,FALSE,FALSE,FALSE,Snow,,FALSE,KING ST E; 505 KING ST E; 0 M,3/7/2019 2:38:35 PM,541961.5159,4810515.233
43650,15-031600,2/11/2015 7:26:00 PM,2015,2,11,19,26,0,Wednesday,542354.823,4806422.087,-80.476879,43.409495,Intersection related,2,P.D. only,Thru lane,unknown,unknown,Angle,Unknown,Dark,07 - Dark,Municipal (excl. Twp. Rd.),Stop sign,Functioning,0,0,0,FALSE,FALSE,FALSE,Snow,,FALSE,THE COUNTRY WY; TUERR DR ; 4 M,3/7/2019 2:38:34 PM,542354.823,4806422.087
43651,15-031780,2/12/2015 2:38:00 AM,2015,2,12,2,38,0,Thursday,544910.6258,4812482.379,-80.444815,43.463913,Intersection related,2,P.D. only,Not on roadway - right side,unknown,unknown,SMV other,Unknown,"Dark, artificial","08 - Dark, artificial",Municipal (excl. Twp. Rd.),Stop sign,Functioning,0,0,0,FALSE,FALSE,FALSE,Snow,,FALSE,HALIFAX DR; NATCHEZ RD,3/7/2019 2:38:33 PM,544910.6258,4812482.379
43652,15-031870,2/12/2015 7:40:00 AM,2015,2,12,7,40,0,Thursday,539262.6747,4811202.103,-80.514725,43.452703,At/near private drive,2,P.D. only,Thru lane,unknown,unknown,Other,Unknown,Daylight,01 - Daylight,Municipal (excl. Twp. Rd.),No control,unknown,0,0,0,FALSE,FALSE,FALSE,Clear,,FALSE,GLASGOW ST; At,3/7/2019 2:38:33 PM,539262.6747,4811202.103
43653,15-031911,2/12/2015 9:16:00 AM,2015,2,12,9,16,0,Thursday,536499.9456,4808671.17,-80.54904,43.430054,At intersection,2,P.D. only,Within intersection,unknown,unknown,Turning movement,Unknown,Daylight,01 - Daylight,Regional municipality,Stop sign,Functioning,0,0,0,FALSE,FALSE,FALSE,Clear,,FALSE,HIGHGATE RD ; VICTORIA ST S,3/7/2019 2:38:32 PM,536499.9456,4808671.17
43654,15-031914,2/12/2015 8:00:00 AM,2015,2,12,8,0,0,Thursday,546577.0172,4808417.252,-80.424563,43.427209,At/near private drive,2,P.D. only,Thru lane,unknown,unknown,SMV unattended vehicle,Unknown,Daylight,01 - Daylight,Municipal (excl. Twp. Rd.),No control,unknown,0,0,0,FALSE,FALSE,FALSE,Clear,,FALSE,MORGAN AVE; At,3/7/2019 2:38:31 PM,546577.0172,4808417.252
43655,15-032136,2/12/2015 7:40:00 AM,2015,2,12,7,40,0,Thursday,541481.7979,4810809.354,-80.487328,43.449047,Non intersection,2,P.D. only,Thru lane,unknown,unknown,Sideswipe,Unknown,Daylight,01 - Daylight,Regional municipality,No control,unknown,0,0,0,FALSE,FALSE,FALSE,Clear,,FALSE,KING ST E,3/7/2019 2:38:31 PM,541481.7979,4810809.354
43656,15-032162,2/12/2015 2:47:00 PM,2015,2,12,14,47,0,Thursday,539190.3015,4810387.715,-80.515678,43.445374,At/near private drive,1,Non-fatal injury,Thru lane,unknown,unknown,Turning movement,Unknown,Daylight,01 - Daylight,Municipal (excl. Twp. Rd.),No control,unknown,0,0,0,FALSE,FALSE,FALSE,Clear,,FALSE,BRYBECK CRES; WESTMOUNT RD W; 1 K,3/7/2019 2:38:30 PM,539190.3015,4810387.715
43657,15-032243,2/12/2015 8:40:00 AM,2015,2,12,8,40,0,Thursday,547772.4106,4804357.183,-80.41015,43.390577,Non intersection,2,P.D. only,Thru lane,unknown,unknown,Rear end,Unknown,Daylight,01 - Daylight,Municipal (excl. Twp. Rd.),No control,unknown,0,0,0,FALSE,FALSE,FALSE,Clear,,FALSE,CONESTOGA COLLEGE BV; DOON VALLEY DR; Near,3/7/2019 2:38:29 PM,547772.4106,4804357.183
43658,15-032460,2/12/2015 10:01:00 PM,2015,2,12,22,1,0,Thursday,539691.553,4808360.788,-80.509631,43.427097,Non intersection,2,P.D. only,Thru lane,unknown,unknown,SMV unattended vehicle,Unknown,"Dark, artificial","08 - Dark, artificial",Municipal (excl. Twp. Rd.),No control,unknown,0,0,0,FALSE,FALSE,FALSE,Clear,,FALSE,RIPPLEWOOD CRES; 39 RIPPLEWOOD CRES; 6 M,3/7/2019 2:38:28 PM,539691.553,4808360.789
43659,15-032514,2/12/2015 11:49:00 PM,2015,2,12,23,49,0,Thursday,541798.6958,4810621.396,-80.483426,43.447337,At intersection,1,Non-fatal injury,Within intersection,unknown,unknown,Angle,Unknown,"Dark, artificial","08 - Dark, artificial",Regional municipality,Traffic signal,Functioning,0,0,0,FALSE,FALSE,FALSE,Clear,,FALSE,KING ST E; CEDAR ST N,3/7/2019 2:38:27 PM,541798.6958,4810621.396
43660,15-032625,2/13/2015 8:00:00 AM,2015,2,13,8,0,0,Friday,541418.1826,4808611.504,-80.488281,43.429261,Intersection related,2,P.D. only,Thru lane,unknown,unknown,Rear end,Unknown,Daylight,01 - Daylight,Regional municipality,Traffic signal,Functioning,0,0,0,FALSE,FALSE,FALSE,Clear,,FALSE,HOMER WATSON BLVD ; W B HIGHWAY 7 8 ; 50 M,3/7/2019 2:38:26 PM,541418.1826,4808611.504
43661,15-032653,2/13/2015 8:45:00 AM,2015,2,13,8,45,0,Friday,546366.5924,4810778.322,-80.426962,43.448481,Non intersection,2,P.D. only,Thru lane,unknown,unknown,SMV unattended vehicle,Unknown,Daylight,01 - Daylight,Municipal (excl. Twp. Rd.),No control,unknown,0,0,0,FALSE,FALSE,FALSE,Clear,,FALSE,SPRINGMOUNT DR; OLDFIELD DR ; 38 M,3/7/2019 2:38:25 PM,546366.5924,4810778.322
43662,15-032655,2/13/2015 8:00:00 AM,2015,2,13,8,0,0,Friday,541415.9904,4808612.601,-80.488308,43.429271,Intersection related,2,P.D. only,Thru lane,unknown,unknown,Rear end,Unknown,Daylight,01 - Daylight,Regional municipality,Traffic signal,Functioning,0,0,0,FALSE,FALSE,FALSE,Clear,,FALSE,HOMER WATSON BV; OFF RAMP HIGHWAY 7 ; 60 M,3/7/2019 2:38:24 PM,541415.9904,4808612.601
43663,15-032862,2/13/2015 1:27:00 PM,2015,2,13,13,27,0,Friday,549322.6729,4806283.04,-80.390836,43.407817,At/near private drive,1,Non-fatal injury,Thru lane,unknown,unknown,Turning movement,Unknown,Daylight,01 - Daylight,Municipal (excl. Twp. Rd.),Stop sign,Functioning,0,0,0,FALSE,FALSE,FALSE,Clear,,FALSE,GATEWAY PARK DR ; SPORTSWORLD DR ; At; 200 M,3/7/2019 2:38:24 PM,549322.6729,4806283.04
43664,15-033005,2/13/2015 4:22:00 PM,2015,2,13,16,22,0,Friday,539818.0342,4809148.288,-80.508011,43.434181,At intersection,2,P.D. only,Within intersection,unknown,unknown,Rear end,Unknown,Daylight,01 - Daylight,Municipal (excl. Twp. Rd.),Stop sign,Functioning,0,0,0,FALSE,FALSE,FALSE,Clear,,FALSE,QUEENS BV; BLUERIDGE AV,3/7/2019 2:38:23 PM,539818.0342,4809148.288
43665,15-033038,2/13/2015 2:30:00 PM,2015,2,13,14,30,0,Friday,541581.1971,4810751.215,-80.486104,43.448518,Intersection related,2,P.D. only,Within intersection,unknown,unknown,Turning movement,Unknown,Daylight,01 - Daylight,Regional municipality,Stop sign,Functioning,0,0,0,FALSE,FALSE,FALSE,Clear,,FALSE,KING ST E; SCOTT ST,3/7/2019 2:38:22 PM,541581.1971,4810751.215