OBJECTID,ACCIDENTNUM,ACCIDENTDATE,ACCIDENT_YEAR,ACCIDENT_MONTH,ACCIDENT_DAY,ACCIDENT_HOUR,ACCIDENT_MINUTE,ACCIDENT_SECOND,ACCIDENT_WEEKDAY,XCOORD,YCOORD,LONGITUDE,LATITUDE,ACCIDENTLOCATION,COLLISIONTYPE,CLASSIFICATIONOFACCIDENT,IMPACTLOCATION,INITIALDIRECTIONOFTRAVELONE,INITIALDIRECTIONOFTRAVELTWO,INITIALIMPACTTYPE,INTTRAFFICCONTROL,LIGHT,LIGHTFORREPORT,ROADJURISDICTION,TRAFFICCONTROL,TRAFFICCONTROLCONDITION,THRULANENO,NORTHBOUNDDISOBEYCOUNT,SOUTHBOUNDDISOBEYCOUNT,PEDESTRIANINVOLVED,CYCLISTINVOLVED,MOTORCYCLISTINVOLVED,ENVIRONMENTCONDITION1,ENVIRONMENTCONDITION2,SELFREPORTED,XMLIMPORTNOTES,LASTEDITEDDATE,x,y
43666,15-033042,2/13/2015 5:00:00 PM,2015,2,13,17,0,0,Friday,538128.4468,4807399.32,-80.529009,43.418521,Non intersection,2,P.D. only,Thru lane,unknown,unknown,Approaching,Unknown,Daylight,01 - Daylight,Municipal (excl. Twp. Rd.),No control,unknown,0,0,0,FALSE,FALSE,FALSE,Clear,,FALSE,ROYAL ORCHARD DR; WINDY WOOD CRT ; 20 M,3/7/2019 2:38:21 PM,538128.4468,4807399.32
43667,15-033051,2/13/2015 4:00:00 PM,2015,2,13,16,0,0,Friday,549118.2679,4806320.866,-80.393357,43.408171,Intersection related,1,Non-fatal injury,Thru lane,unknown,unknown,Rear end,Unknown,Daylight,01 - Daylight,Regional municipality,Traffic signal,Functioning,0,0,0,FALSE,FALSE,FALSE,Clear,,FALSE,SPORTSWORLD DR; GATEWAY PARK DR; Near,3/7/2019 2:38:19 PM,549118.2679,4806320.866
43668,15-033105,2/13/2015 4:00:00 PM,2015,2,13,16,0,0,Friday,542480.7941,4806759.06,-80.475297,43.412522,Non intersection,2,P.D. only,Thru lane,unknown,unknown,Approaching,Unknown,Daylight,01 - Daylight,Municipal (excl. Twp. Rd.),No control,unknown,0,0,0,FALSE,FALSE,FALSE,Clear,,FALSE,CEDARHILL CRES; Near,3/7/2019 2:38:18 PM,542480.7941,4806759.06
43669,15-033166,2/13/2015 8:04:00 PM,2015,2,13,20,4,0,Friday,545050.0115,4810836.143,-80.443228,43.449082,At intersection,1,Non-fatal injury,Within intersection,unknown,unknown,Turning movement,Unknown,"Dark, artificial","08 - Dark, artificial",Municipal (excl. Twp. Rd.),Traffic signal,Functioning,0,0,0,FALSE,FALSE,FALSE,Snow,,FALSE,RIVER RD E; HOLBORN DR ; At,3/7/2019 2:38:17 PM,545050.0115,4810836.143
43670,15-033268,2/13/2015 10:48:00 PM,2015,2,13,22,48,0,Friday,542635.2131,4805358.334,-80.473499,43.399901,At intersection,2,P.D. only,Within intersection,unknown,unknown,Angle,Unknown,"Dark, artificial","08 - Dark, artificial",Municipal (excl. Twp. Rd.),Stop sign,Functioning,0,0,0,FALSE,FALSE,FALSE,Snow,,FALSE,MCBRINE DR; TRILLIUM DR; At,3/7/2019 2:38:17 PM,542635.2131,4805358.334
43671,15-033707,2/13/2015 6:30:00 PM,2015,2,13,18,30,0,Friday,539617.341,4811374.879,-80.510329,43.45424,At/near private drive,2,P.D. only,Thru lane,unknown,unknown,Turning movement,Unknown,Dusk,05 - Dusk,Municipal (excl. Twp. Rd.),No control,unknown,0,0,0,FALSE,FALSE,FALSE,Snow,,FALSE,GLASGOW ST; PARK ST; Near,3/7/2019 2:38:16 PM,539617.341,4811374.879
43672,15-033864,2/14/2015 8:25:00 PM,2015,2,14,20,25,0,Saturday,539724.6003,4810981.021,-80.509032,43.450688,Non intersection,2,P.D. only,Thru lane,unknown,unknown,Rear end,Unknown,Dark,07 - Dark,Municipal (excl. Twp. Rd.),No control,unknown,0,0,0,FALSE,FALSE,FALSE,Clear,,FALSE,STRANGE ST; WAVERLY RD ; 80 M,3/7/2019 2:38:15 PM,539724.6003,4810981.021
43673,15-034393,2/15/2015 5:06:00 PM,2015,2,15,17,6,0,Sunday,538457.9237,4808480.918,-80.524863,43.428243,At/near private drive,2,P.D. only,Thru lane,unknown,unknown,Turning movement,Unknown,Daylight,01 - Daylight,Regional municipality,No control,unknown,0,0,0,FALSE,FALSE,FALSE,Clear,,FALSE,QUEENS BLVD ; FISCHER HALLMAN RD ; 250 M,3/7/2019 2:38:13 PM,538457.9237,4808480.918
43674,15-034708,2/16/2015 7:34:00 AM,2015,2,16,7,34,0,Monday,541264.9475,4809222.068,-80.490128,43.434767,At/near private drive,2,P.D. only,Thru lane,unknown,unknown,Angle,Unknown,Daylight,01 - Daylight,Municipal (excl. Twp. Rd.),No control,unknown,0,0,0,FALSE,FALSE,FALSE,Clear,,FALSE,HIGHLAND RD E; 316 HIGHLAND RD E ; 1 M,3/7/2019 2:38:12 PM,541264.9475,4809222.068
43675,15-034980,2/15/2015 4:30:00 PM,2015,2,15,16,30,0,Sunday,545230.562,4807754.825,-80.441252,43.421327,At/near private drive,2,P.D. only,Left turn lane,unknown,unknown,Sideswipe,Unknown,Daylight,01 - Daylight,Municipal (excl. Twp. Rd.),No control,unknown,0,0,0,FALSE,FALSE,FALSE,Clear,,FALSE,WILSON AVE ; FAIRWAY RD S; At; 60 M,3/7/2019 2:38:10 PM,545230.562,4807754.825
43676,15-035040,2/15/2015 3:45:00 PM,2015,2,15,15,45,0,Sunday,538864.6391,4805855.896,-80.520025,43.404586,Non intersection,1,Non-fatal injury,Thru lane,unknown,unknown,Sideswipe,Unknown,Daylight,01 - Daylight,Municipal (excl. Twp. Rd.),No control,unknown,0,0,0,FALSE,FALSE,FALSE,Clear,,FALSE,ACTIVA AV; DAVID BERGEY DR; Near,3/7/2019 2:38:09 PM,538864.6391,4805855.896
43677,15-035457,2/17/2015 9:21:00 AM,2015,2,17,9,21,0,Tuesday,538181.216,4810347.274,-80.528151,43.445062,At intersection,2,P.D. only,Within intersection,unknown,unknown,SMV other,Unknown,Daylight,01 - Daylight,Municipal (excl. Twp. Rd.),No control,unknown,0,0,0,FALSE,FALSE,FALSE,Clear,,FALSE,WESTWOOD DR ; WESTWOOD CRES ; At,3/7/2019 2:38:08 PM,538181.216,4810347.274
43678,15-035485,2/17/2015 6:55:00 AM,2015,2,17,6,55,0,Tuesday,544812.685,4813463.632,-80.445945,43.472754,At/near private drive,2,P.D. only,Thru lane,unknown,unknown,Turning movement,Unknown,Dark,07 - Dark,Municipal (excl. Twp. Rd.),No control,unknown,0,0,0,FALSE,FALSE,FALSE,Clear,,FALSE,BINGEMANS CENTRE DR; Near,3/7/2019 2:38:08 PM,544812.685,4813463.632
43679,15-035711,2/17/2015 2:16:00 PM,2015,2,17,14,16,0,Tuesday,542346.7312,4806472.902,-80.476975,43.409953,Non intersection,2,P.D. only,Thru lane,unknown,unknown,SMV unattended vehicle,Unknown,Daylight,01 - Daylight,Municipal (excl. Twp. Rd.),No control,unknown,0,0,0,FALSE,FALSE,FALSE,Clear,,FALSE,THE COUNTRY WAY; 147 THE COUNTRY WAY; 6 M,3/7/2019 2:38:07 PM,542346.7312,4806472.902
43680,15-035762,2/17/2015 3:48:00 PM,2015,2,17,15,48,0,Tuesday,544876.4743,4807937.267,-80.445611,43.422991,At/near private drive,1,Non-fatal injury,Thru lane,unknown,unknown,Turning movement,Unknown,Daylight,01 - Daylight,Regional municipality,No control,unknown,0,0,0,FALSE,FALSE,FALSE,Clear,,FALSE,WILSON AVE ; FAIRWAY RD S; Near; 8 M,3/7/2019 2:38:06 PM,544876.4743,4807937.267
43681,15-035766,2/17/2015 3:52:00 PM,2015,2,17,15,52,0,Tuesday,545466.4527,4808764.741,-80.438254,43.430406,Non intersection,2,P.D. only,Thru lane,unknown,unknown,Angle,Unknown,Daylight,01 - Daylight,Municipal (excl. Twp. Rd.),No control,unknown,0,0,0,FALSE,FALSE,FALSE,Clear,,FALSE,KING ST E; KINZIE AVE ; 200 M,3/7/2019 2:38:05 PM,545466.4527,4808764.741
43682,15-035818,2/17/2015 5:00:00 PM,2015,2,17,17,0,0,Tuesday,541904.8862,4810552.087,-80.482119,43.446707,At intersection,1,Non-fatal injury,Within intersection,unknown,unknown,SMV other,Unknown,Daylight,01 - Daylight,Regional municipality,Stop sign,Functioning,0,0,0,TRUE,FALSE,FALSE,Clear,,FALSE,KING ST E; MADISON AVE S; At; 0 M,3/7/2019 2:38:04 PM,541904.8862,4810552.087
43683,15-036148,2/18/2015 8:29:00 AM,2015,2,18,8,29,0,Wednesday,543030.3151,4811691.23,-80.468121,43.4569,At/near private drive,2,P.D. only,Thru lane,unknown,unknown,SMV unattended vehicle,Unknown,Daylight,01 - Daylight,Municipal (excl. Twp. Rd.),No control,unknown,0,0,0,FALSE,FALSE,FALSE,Clear,,FALSE,BOURNEMOUTH AVE; 9 BOURNEMOUTH AVE; Near; 2 M,3/7/2019 2:38:03 PM,543030.3151,4811691.23
43684,15-036152,2/18/2015 8:00:00 AM,2015,2,18,8,0,0,Wednesday,545574.0195,4810765.031,-80.436758,43.44841,At/near private drive,2,P.D. only,Thru lane,unknown,unknown,Other,Unknown,Daylight,01 - Daylight,Municipal (excl. Twp. Rd.),No control,unknown,0,0,0,FALSE,FALSE,FALSE,Clear,,FALSE,OLD CHICOPEE DR,3/7/2019 2:38:01 PM,545574.0195,4810765.031
43685,15-036173,2/18/2015 8:40:00 AM,2015,2,18,8,40,0,Wednesday,539338.7732,4806003.797,-80.514159,43.405893,Non intersection,2,P.D. only,Right shoulder,unknown,unknown,SMV unattended vehicle,Unknown,Daylight,01 - Daylight,Municipal (excl. Twp. Rd.),No control,unknown,0,0,0,FALSE,FALSE,FALSE,Clear,,FALSE,ACTIVA AVE; MAX BECKER DR ; Near; 150 M,3/7/2019 2:38:01 PM,539338.7732,4806003.797
43686,15-036494,2/18/2015 4:36:00 PM,2015,2,18,16,36,0,Wednesday,541068,4811108,0,0,At/near private drive,2,P.D. only,Left shoulder,unknown,unknown,SMV unattended vehicle,Unknown,Daylight,01 - Daylight,Municipal (excl. Twp. Rd.),Stop sign,Functioning,0,0,0,FALSE,FALSE,FALSE,Snow,,FALSE,PINEGLEN CRES ; 262 PINEGLEN CRES ; Near; 10 M,3/7/2019 2:38:00 PM,541068,4811108
43687,15-036531,2/18/2015 4:00:00 PM,2015,2,18,16,0,0,Wednesday,539751.5748,4811442.306,-80.508665,43.45484,Non intersection,2,P.D. only,Thru lane,unknown,unknown,Approaching,Unknown,Daylight,01 - Daylight,Municipal (excl. Twp. Rd.),No control,unknown,0,0,0,FALSE,FALSE,FALSE,Snow,,FALSE,WALTER ST ; PARK ST; Near,3/7/2019 2:37:59 PM,539751.5748,4811442.306
43688,15-036775,2/19/2015 3:50:00 AM,2015,2,19,3,50,0,Thursday,544196.658,4812553.069,-80.453635,43.464592,At/near private drive,2,P.D. only,Right shoulder,unknown,unknown,SMV other,Unknown,Dark,07 - Dark,Municipal (excl. Twp. Rd.),No control,unknown,0,0,0,FALSE,FALSE,FALSE,Snow,,FALSE,FORFAR AVE; 94 FORFAR AVE; At; 0 M,3/7/2019 2:37:59 PM,544196.658,4812553.069
43689,15-036784,2/19/2015 3:50:00 AM,2015,2,19,3,50,0,Thursday,544194.3077,4812553.72,-80.453664,43.464598,At/near private drive,2,P.D. only,Right shoulder,unknown,unknown,SMV other,Unknown,Dark,07 - Dark,Municipal (excl. Twp. Rd.),No control,unknown,0,0,0,FALSE,FALSE,FALSE,Snow,,FALSE,FORFAR AVE; 94 FORFAR AVE; At; 0 M,3/7/2019 2:37:58 PM,544194.3077,4812553.72
43690,15-036921,2/19/2015 10:00:00 AM,2015,2,19,10,0,0,Thursday,540703.3204,4812254.516,-80.496841,43.462102,Non intersection,2,P.D. only,Thru lane,unknown,unknown,Sideswipe,Unknown,Daylight,01 - Daylight,Municipal (excl. Twp. Rd.),No control,unknown,0,0,0,FALSE,FALSE,FALSE,Clear,,FALSE,GUELPH ST; AHRENS ST W; 5 M,3/7/2019 2:37:57 PM,540703.3204,4812254.516
43691,15-037054,2/19/2015 8:30:00 AM,2015,2,19,8,30,0,Thursday,541909.6303,4808342.995,-80.48223,43.426816,Intersection related,2,P.D. only,Thru lane,unknown,unknown,Rear end,Unknown,Daylight,01 - Daylight,Regional municipality,Traffic signal,Functioning,0,0,0,FALSE,FALSE,FALSE,Other,,FALSE,HOMER WATSON BV; OTTAWA ST S,3/7/2019 2:37:56 PM,541909.6303,4808342.995
43692,15-037209,2/19/2015 4:25:00 PM,2015,2,19,16,25,0,Thursday,542122.839,4810481.144,-80.479431,43.446056,At/near private drive,2,P.D. only,Thru lane,unknown,unknown,Turning movement,Unknown,Daylight,01 - Daylight,Regional municipality,No control,unknown,0,0,0,FALSE,FALSE,FALSE,Snow,,FALSE,BETZNER AVE N; BETZNER AV N; 1 M,3/7/2019 2:37:55 PM,542122.839,4810481.144
43693,15-037219,2/19/2015 4:44:00 PM,2015,2,19,16,44,0,Thursday,539003.7137,4811280.341,-80.51792,43.453421,At intersection,2,P.D. only,Within intersection,unknown,unknown,Turning movement,Unknown,Daylight,01 - Daylight,Municipal (excl. Twp. Rd.),Traffic signal,Functioning,0,0,1,FALSE,FALSE,FALSE,Clear,,FALSE,BELMONT AVE W; CLAREMONT AVE ; At; 20 M,3/7/2019 2:37:54 PM,539003.7137,4811280.341
43694,15-037229,2/19/2015 4:54:00 PM,2015,2,19,16,54,0,Thursday,540092.3985,4811870.578,-80.504421,43.458678,Other,2,P.D. only,Off highway,unknown,unknown,Angle,Unknown,Daylight,01 - Daylight,Private property,No control,unknown,0,0,0,FALSE,FALSE,FALSE,Snow,,FALSE,MOORE AVE ; MOORE AVE,3/7/2019 2:37:54 PM,540092.3985,4811870.578
43695,15-037699,2/20/2015 9:10:00 AM,2015,2,20,9,10,0,Friday,539112.1292,4811127.483,-80.516591,43.452039,At/near private drive,1,Non-fatal injury,Right turn lane,unknown,unknown,Turning movement,Unknown,Daylight,01 - Daylight,Municipal (excl. Twp. Rd.),Traffic signal,Functioning,0,0,0,FALSE,FALSE,FALSE,Clear,,FALSE,GLASGOW ST; Near,3/7/2019 2:37:53 PM,539112.1292,4811127.483
43696,15-037758,2/20/2015 11:51:00 AM,2015,2,20,11,51,0,Friday,544881.2441,4811197.191,-80.445284,43.452343,At/near private drive,2,P.D. only,Thru lane,unknown,unknown,Turning movement,Unknown,Daylight,01 - Daylight,Municipal (excl. Twp. Rd.),No control,unknown,0,0,0,FALSE,FALSE,FALSE,Clear,,FALSE,RIVER RD E; OTTAWA ST N; Near; 62 M,3/7/2019 2:37:52 PM,544881.2441,4811197.191
43697,15-037926,2/20/2015 3:40:00 PM,2015,2,20,15,40,0,Friday,542629.6244,4803998.361,-80.473674,43.387656,At intersection,2,P.D. only,Within intersection,unknown,unknown,Turning movement,Unknown,Daylight,01 - Daylight,Regional municipality,Stop sign,Functioning,0,0,0,FALSE,FALSE,FALSE,Clear,,FALSE,HURON RD ; FEATHERSTONE ST ; At,3/7/2019 2:37:51 PM,542629.6244,4803998.361
43698,15-038032,2/20/2015 6:24:00 PM,2015,2,20,18,24,0,Friday,540871.6647,4810267.202,-80.494909,43.444199,At intersection,2,P.D. only,Within intersection,unknown,unknown,Turning movement,Unknown,Daylight,01 - Daylight,Municipal (excl. Twp. Rd.),Stop sign,Functioning,0,0,0,FALSE,FALSE,FALSE,Clear,,FALSE,MILL ST; MILL ST ; 12 M,3/7/2019 2:37:51 PM,540871.6647,4810267.202
43699,15-038263,2/21/2015 12:22:00 AM,2015,2,21,0,22,0,Saturday,540776.1439,4811155.558,-80.496023,43.452203,Non intersection,2,P.D. only,Right shoulder,unknown,unknown,SMV unattended vehicle,Unknown,Dark,07 - Dark,Regional municipality,No control,unknown,0,0,0,FALSE,FALSE,FALSE,Clear,,FALSE,KING ST W; FRANCIS ST N; 30 M,3/7/2019 2:37:50 PM,540776.1439,4811155.558
43700,15-038480,2/21/2015 10:54:00 AM,2015,2,21,10,54,0,Saturday,539674.0351,4805818.734,-80.510032,43.404209,Non intersection,2,P.D. only,Thru lane,unknown,unknown,SMV unattended vehicle,Unknown,Daylight,01 - Daylight,Municipal (excl. Twp. Rd.),No control,unknown,0,0,0,FALSE,FALSE,FALSE,Snow,,FALSE,MAX BECKER DR; LEMONBALM ST ; 37 M,3/7/2019 2:37:49 PM,539674.0351,4805818.734
43701,15-038485,2/21/2015 11:06:00 AM,2015,2,21,11,6,0,Saturday,538900.4325,4811469.658,-80.519183,43.455131,At intersection,2,P.D. only,Within intersection,unknown,unknown,Turning movement,Unknown,Daylight,01 - Daylight,Municipal (excl. Twp. Rd.),Traffic signal,Functioning,0,0,0,FALSE,FALSE,FALSE,Snow,,FALSE,UNION BV; BELMONT AVE W,3/7/2019 2:37:48 PM,538900.4325,4811469.659
43702,15-038561,2/21/2015 12:57:00 PM,2015,2,21,12,57,0,Saturday,543259.6174,4807373.844,-80.465629,43.418013,Non intersection,2,P.D. only,Thru lane,unknown,unknown,Approaching,Unknown,Daylight,01 - Daylight,Municipal (excl. Twp. Rd.),No control,unknown,0,0,0,FALSE,FALSE,FALSE,Snow,,FALSE,FALLOWFIELD DR; BLOCK LINE RD ; Near; 200 M,3/7/2019 2:37:48 PM,543259.6174,4807373.844
43703,15-038573,2/21/2015 1:20:00 PM,2015,2,21,13,20,0,Saturday,540806.9456,4810879.091,-80.495663,43.449712,At intersection,2,P.D. only,Within intersection,unknown,unknown,Angle,Unknown,Daylight,01 - Daylight,Municipal (excl. Twp. Rd.),Traffic signal,Functioning,0,0,0,FALSE,FALSE,FALSE,Clear,,FALSE,JOSEPH ST; WATER ST S; At,3/7/2019 2:37:47 PM,540806.9456,4810879.091
43704,15-038702,2/21/2015 4:34:00 PM,2015,2,21,16,34,0,Saturday,541295.3571,4808670.391,-80.489794,43.429798,Non intersection,2,P.D. only,Thru lane,unknown,unknown,Approaching,Unknown,Daylight,01 - Daylight,Regional municipality,No control,unknown,0,0,0,FALSE,FALSE,FALSE,Snow,,FALSE,HOMER WATSON BV; HOFFMAN ST ; 157 M,3/7/2019 2:37:46 PM,541295.3571,4808670.391
43705,15-039192,2/21/2015 1:15:00 PM,2015,2,21,13,15,0,Saturday,541005.2479,4811400.95,-80.493173,43.4544,At/near private drive,2,P.D. only,Thru lane,unknown,unknown,Angle,Unknown,Daylight,01 - Daylight,Municipal (excl. Twp. Rd.),No control,unknown,0,0,0,FALSE,FALSE,FALSE,Snow,,FALSE,HEIT LN; WEBER ST W; Near,3/7/2019 2:37:46 PM,541005.2479,4811400.95
43706,15-039702,2/23/2015 8:05:00 AM,2015,2,23,8,5,0,Monday,543115.9396,4804720.676,-80.467613,43.394132,At/near private drive,1,Non-fatal injury,Thru lane,unknown,unknown,Turning movement,Unknown,Daylight,01 - Daylight,Municipal (excl. Twp. Rd.),No control,unknown,0,0,0,FALSE,FALSE,FALSE,Clear,,FALSE,STRASBURG RD; 1825 STRASBURG RD; At; 1 M,3/7/2019 2:37:45 PM,543115.9396,4804720.676
43707,15-039756,2/23/2015 9:33:00 AM,2015,2,23,9,33,0,Monday,541073.7876,4808223.906,-80.492565,43.42579,Non intersection,2,P.D. only,Thru lane,unknown,unknown,SMV other,Unknown,Daylight,01 - Daylight,Municipal (excl. Twp. Rd.),No control,unknown,0,0,0,FALSE,FALSE,FALSE,Clear,,FALSE,CHANDLER DR; 85 CHANDLER DR; 2 M,3/7/2019 2:37:44 PM,541073.7876,4808223.906
43708,15-039851,2/21/2015 6:00:00 PM,2015,2,21,18,0,0,Saturday,546434.1554,4808592.634,-80.426313,43.428797,At/near private drive,2,P.D. only,Thru lane,unknown,unknown,SMV unattended vehicle,Unknown,Daylight,01 - Daylight,Municipal (excl. Twp. Rd.),No control,unknown,0,0,0,FALSE,FALSE,FALSE,Clear,,FALSE,PEPPERWOOD CRES; At,3/7/2019 2:37:44 PM,546434.1554,4808592.634
43709,15-040163,2/23/2015 5:15:00 PM,2015,2,23,17,15,0,Monday,539502.1818,4806694.658,-80.512091,43.412105,At/near private drive,2,P.D. only,Thru lane,unknown,unknown,Other,Unknown,Daylight,01 - Daylight,Municipal (excl. Twp. Rd.),No control,unknown,0,0,0,FALSE,FALSE,FALSE,Clear,,FALSE,QUEEN CHARLOTTE CRES; At,3/7/2019 2:37:43 PM,539502.1818,4806694.658
43710,15-040401,2/24/2015 8:41:00 AM,2015,2,24,8,41,0,Tuesday,543216.2988,4804528.627,-80.466389,43.392397,At intersection,2,P.D. only,Within intersection,unknown,unknown,Angle,Unknown,Daylight,01 - Daylight,Regional municipality,Yield sign,Functioning,0,0,0,FALSE,FALSE,FALSE,Clear,,FALSE,HURON RD ; STRASBURG RD ; At,3/7/2019 2:37:42 PM,543216.2988,4804528.627
43711,15-040537,2/24/2015 11:45:00 AM,2015,2,24,11,45,0,Tuesday,545068.1532,4811087.82,-80.442983,43.451347,At/near private drive,2,P.D. only,Thru lane,unknown,unknown,Turning movement,Unknown,Daylight,01 - Daylight,Municipal (excl. Twp. Rd.),Stop sign,Functioning,0,0,0,FALSE,FALSE,FALSE,Clear,,FALSE,RIVER RD E; OTTAWA ST N; At; 100 M,3/7/2019 2:37:41 PM,545068.1532,4811087.82
43712,15-040679,2/24/2015 2:35:00 PM,2015,2,24,14,35,0,Tuesday,543204.378,4804493.012,-80.466539,43.392077,At intersection,2,P.D. only,Within intersection,unknown,unknown,Turning movement,Unknown,Daylight,01 - Daylight,Regional municipality,Yield sign,Functioning,0,0,1,FALSE,FALSE,FALSE,Clear,,FALSE,STRASBURG RD; HURON RD; At,3/7/2019 2:37:40 PM,543204.378,4804493.012
43713,15-040726,2/24/2015 4:28:00 PM,2015,2,24,16,28,0,Tuesday,539296.033,4811572.797,-80.514286,43.456039,At intersection,2,P.D. only,Within intersection,unknown,unknown,Turning movement,Unknown,Daylight,01 - Daylight,Municipal (excl. Twp. Rd.),Stop sign,Functioning,0,0,0,FALSE,FALSE,FALSE,Snow,,FALSE,MT HOPE ST; PARK ST; At,3/7/2019 2:37:39 PM,539296.033,4811572.797
43714,15-040774,2/24/2015 5:28:00 PM,2015,2,24,17,28,0,Tuesday,544907.3296,4806317.084,-80.445363,43.408401,At/near private drive,2,P.D. only,Off highway,unknown,unknown,SMV other,Unknown,Dark,07 - Dark,Municipal (excl. Twp. Rd.),No control,unknown,0,0,0,FALSE,FALSE,FALSE,Snow,,FALSE,WABANAKI DR ; 655 WABANAKI DR; At; 2 M,3/7/2019 2:37:38 PM,544907.3296,4806317.084
43715,15-041090,2/25/2015 7:30:00 AM,2015,2,25,7,30,0,Wednesday,541233.1826,4810948.654,-80.49039,43.450315,At intersection,2,P.D. only,Within intersection,unknown,unknown,Angle,Unknown,Daylight,01 - Daylight,Regional municipality,Traffic signal,Functioning,0,0,0,FALSE,FALSE,FALSE,Clear,,FALSE,KING ST W; ONTARIO ST N; At,3/7/2019 2:37:38 PM,541233.1826,4810948.654
43716,15-041187,2/25/2015 9:41:00 AM,2015,2,25,9,41,0,Wednesday,539503.0587,4806102.045,-80.512123,43.406769,At/near private drive,2,P.D. only,Thru lane,unknown,unknown,Turning movement,Unknown,Daylight,01 - Daylight,Regional municipality,Stop sign,Functioning,0,0,0,FALSE,FALSE,FALSE,Clear,,FALSE,ACTIVA AVE; BRIDLEWREATH ST; Near; 10 M,3/7/2019 2:37:37 PM,539503.0587,4806102.046
43717,15-041296,2/25/2015 8:30:00 AM,2015,2,25,8,30,0,Wednesday,543988.5265,4807775.822,-80.456593,43.42159,Intersection related,2,P.D. only,Thru lane,unknown,unknown,Rear end,Unknown,Daylight,01 - Daylight,Municipal (excl. Twp. Rd.),Stop sign,Functioning,0,0,0,FALSE,FALSE,FALSE,Clear,,FALSE,TRAYNOR AVE ; SIEBERT AVE ; At,3/7/2019 2:37:36 PM,543988.5265,4807775.823
43718,15-041304,2/25/2015 12:20:00 PM,2015,2,25,12,20,0,Wednesday,542011.0906,4810480.891,-80.480812,43.44606,At intersection,2,P.D. only,Within intersection,unknown,unknown,Angle,Unknown,Daylight,01 - Daylight,Regional municipality,Stop sign,Functioning,0,0,0,FALSE,FALSE,FALSE,Clear,,FALSE,KING ST E; CAMERON ST N; At,3/7/2019 2:37:35 PM,542011.0906,4810480.891
43719,15-041486,2/25/2015 4:40:00 PM,2015,2,25,16,40,0,Wednesday,546064.984,4809491.706,-80.430798,43.436915,At intersection,2,P.D. only,Within intersection,unknown,unknown,Angle,Unknown,Daylight,01 - Daylight,Municipal (excl. Twp. Rd.),Traffic signal,Functioning,0,1,0,FALSE,FALSE,FALSE,Clear,,FALSE,RIVER RD E; KINZIE AVE ; At,3/7/2019 2:37:35 PM,546064.984,4809491.706
43720,15-041497,2/25/2015 11:00:00 AM,2015,2,25,11,0,0,Wednesday,547460.6544,4810010.94,-80.413508,43.441503,Non intersection,2,P.D. only,Thru lane,unknown,unknown,SMV unattended vehicle,Unknown,Daylight,01 - Daylight,Municipal (excl. Twp. Rd.),No control,unknown,0,0,0,FALSE,FALSE,FALSE,Clear,,FALSE,TREMAINE CR; TREMAINE DR; Near,3/7/2019 2:37:34 PM,547460.6543,4810010.94
43721,15-041573,2/25/2015 5:25:00 PM,2015,2,25,17,25,0,Wednesday,538183.1353,4808964.914,-80.528224,43.432615,At/near private drive,2,P.D. only,Thru lane,unknown,unknown,SMV other,Unknown,Daylight,01 - Daylight,Municipal (excl. Twp. Rd.),No control,unknown,0,0,0,FALSE,FALSE,FALSE,Clear,,FALSE,BANKSIDE DR; 34 BANKSIDE DR; Near,3/7/2019 2:37:33 PM,538183.1353,4808964.914
43722,15-041829,2/25/2015 4:00:00 PM,2015,2,25,16,0,0,Wednesday,540021.9505,4807422.168,-80.505618,43.418628,At/near private drive,2,P.D. only,Thru lane,unknown,unknown,SMV unattended vehicle,Unknown,Daylight,01 - Daylight,Municipal (excl. Twp. Rd.),No control,unknown,0,0,0,FALSE,FALSE,FALSE,Clear,,FALSE,HILLSBOROUGH CRES; Near,3/7/2019 2:37:32 PM,540021.9505,4807422.168
43723,15-041964,2/26/2015 9:15:00 AM,2015,2,26,9,15,0,Thursday,547182.5413,4808097.38,-80.41711,43.424291,Non intersection,2,P.D. only,Thru lane,unknown,unknown,Angle,Unknown,Daylight,01 - Daylight,Municipal (excl. Twp. Rd.),No control,unknown,0,0,0,FALSE,FALSE,FALSE,Clear,,FALSE,WOODVIEW CRES,3/7/2019 2:37:32 PM,547182.5413,4808097.38
43724,15-042030,2/26/2015 12:01:00 PM,2015,2,26,12,1,0,Thursday,539019.7739,4811245.45,-80.517724,43.453106,Non intersection,2,P.D. only,Thru lane,unknown,unknown,Other,Unknown,Daylight,01 - Daylight,Municipal (excl. Twp. Rd.),No control,unknown,0,0,0,FALSE,FALSE,FALSE,Clear,,FALSE,BELMONT AV W; CLAREMONT AV; Near; 40 M,3/7/2019 2:37:31 PM,539019.7739,4811245.45
43725,15-042074,2/26/2015 1:00:00 PM,2015,2,26,13,0,0,Thursday,538900.4268,4811470.658,-80.519183,43.45514,At intersection,2,P.D. only,Within intersection,unknown,unknown,Turning movement,Unknown,Daylight,01 - Daylight,Municipal (excl. Twp. Rd.),Traffic signal,Functioning,0,0,0,FALSE,FALSE,FALSE,Clear,,FALSE,UNION BLVD ; BELMONT AVE W; At,3/7/2019 2:37:30 PM,538900.4268,4811470.658
43726,15-042242,2/26/2015 7:05:00 AM,2015,2,26,7,5,0,Thursday,544784.7308,4809014.179,-80.446656,43.432693,At intersection,2,P.D. only,Within intersection,unknown,unknown,Turning movement,Unknown,Daylight,01 - Daylight,Municipal (excl. Twp. Rd.),Stop sign,Functioning,0,0,0,FALSE,FALSE,FALSE,Clear,,FALSE,NINTH AVE ; KINGSWAY DR,3/7/2019 2:37:29 PM,544784.7308,4809014.179
43727,15-042271,2/21/2015 1:15:00 PM,2015,2,21,13,15,0,Saturday,538219.1277,4808354.952,-80.527822,43.427121,Intersection related,1,Non-fatal injury,Thru lane,unknown,unknown,Rear end,Unknown,Daylight,01 - Daylight,Municipal (excl. Twp. Rd.),Traffic signal,Functioning,0,0,0,FALSE,FALSE,FALSE,Snow,,FALSE,QUEENS BV; ELM RIDGE DR,3/7/2019 2:37:29 PM,538219.1277,4808354.952