OBJECTID,ACCIDENTNUM,ACCIDENTDATE,ACCIDENT_YEAR,ACCIDENT_MONTH,ACCIDENT_DAY,ACCIDENT_HOUR,ACCIDENT_MINUTE,ACCIDENT_SECOND,ACCIDENT_WEEKDAY,XCOORD,YCOORD,LONGITUDE,LATITUDE,ACCIDENTLOCATION,COLLISIONTYPE,CLASSIFICATIONOFACCIDENT,IMPACTLOCATION,INITIALDIRECTIONOFTRAVELONE,INITIALDIRECTIONOFTRAVELTWO,INITIALIMPACTTYPE,INTTRAFFICCONTROL,LIGHT,LIGHTFORREPORT,ROADJURISDICTION,TRAFFICCONTROL,TRAFFICCONTROLCONDITION,THRULANENO,NORTHBOUNDDISOBEYCOUNT,SOUTHBOUNDDISOBEYCOUNT,PEDESTRIANINVOLVED,CYCLISTINVOLVED,MOTORCYCLISTINVOLVED,ENVIRONMENTCONDITION1,ENVIRONMENTCONDITION2,SELFREPORTED,XMLIMPORTNOTES,LASTEDITEDDATE,x,y
43728,15-042431,2/26/2015 11:11:00 PM,2015,2,26,23,11,0,Thursday,544305.3455,4808408.947,-80.452628,43.427272,Non intersection,2,P.D. only,Thru lane,unknown,unknown,SMV unattended vehicle,Unknown,"Dark, artificial","08 - Dark, artificial",Municipal (excl. Twp. Rd.),No control,unknown,0,0,0,FALSE,FALSE,FALSE,Clear,,FALSE,FRANKLIN ST S; WILSON AVE ; 61 M,3/7/2019 2:37:28 PM,544305.3455,4808408.948
43729,15-042490,2/27/2015 2:20:00 AM,2015,2,27,2,20,0,Friday,539782.1773,4805385.791,-80.508728,43.400305,Non intersection,2,P.D. only,Not on roadway - right side,unknown,unknown,SMV other,Unknown,Dark,07 - Dark,Regional municipality,No control,unknown,0,0,0,FALSE,FALSE,FALSE,Clear,,FALSE,BLEAMS RD ; DONNENWERTH DR ; Near; 100 M,3/7/2019 2:37:27 PM,539782.1773,4805385.791
43730,15-042572,2/27/2015 7:50:00 AM,2015,2,27,7,50,0,Friday,541766.1763,4808699.056,-80.483975,43.43003,At/near private drive,2,P.D. only,Thru lane,unknown,unknown,SMV unattended vehicle,Unknown,Daylight,01 - Daylight,Municipal (excl. Twp. Rd.),No control,unknown,0,0,0,FALSE,FALSE,FALSE,Clear,,FALSE,KEHL ST; OTTAWA ST S; 70 M,3/7/2019 2:37:26 PM,541766.1763,4808699.056
43731,15-042582,2/27/2015 7:57:00 AM,2015,2,27,7,57,0,Friday,546267.1828,4809180.672,-80.428326,43.434102,At/near private drive,1,Non-fatal injury,Thru lane,unknown,unknown,Turning movement,Unknown,Daylight,01 - Daylight,Regional municipality,No control,unknown,0,0,0,FALSE,FALSE,FALSE,Clear,,FALSE,RIVER RD E; 1401 RIVER RD E; At; 3 M,3/7/2019 2:37:26 PM,546267.1828,4809180.672
43732,15-042622,2/27/2015 8:58:00 AM,2015,2,27,8,58,0,Friday,543646.5613,4811767.716,-80.460498,43.457553,At intersection,2,P.D. only,Within intersection,unknown,unknown,Angle,Unknown,Daylight,01 - Daylight,Municipal (excl. Twp. Rd.),Stop sign,Functioning,0,0,0,FALSE,FALSE,FALSE,Clear,,FALSE,KRUG ST; SHERWOOD AV; At,3/7/2019 2:37:25 PM,543646.5613,4811767.716
43733,15-042688,2/26/2015 2:00:00 PM,2015,2,26,14,0,0,Thursday,538827.658,4806048.817,-80.520468,43.406325,At/near private drive,2,Non-reportable,Thru lane,unknown,unknown,Other,Unknown,Daylight,01 - Daylight,Municipal (excl. Twp. Rd.),No control,unknown,0,0,0,FALSE,FALSE,FALSE,Clear,,FALSE,PEACH BLOSSOM CRES; At,3/7/2019 2:37:24 PM,538827.658,4806048.817
43734,15-042984,2/27/2015 4:40:00 PM,2015,2,27,16,40,0,Friday,542351.834,4811847.305,-80.476495,43.458344,At intersection,1,Non-fatal injury,Within intersection,unknown,unknown,Angle,Stop sign,Daylight,01 - Daylight,Municipal (excl. Twp. Rd.),Stop sign,Functioning,0,0,0,FALSE,FALSE,FALSE,Clear,,FALSE,MANSION ST ; DUNHAM AVE,3/7/2019 2:37:24 PM,542351.834,4811847.305
43735,15-043102,2/27/2015 4:55:00 PM,2015,2,27,16,55,0,Friday,540955.3998,4806790.613,-80.494135,43.412891,At intersection,2,P.D. only,Within intersection,unknown,unknown,Turning movement,Unknown,Daylight,01 - Daylight,Municipal (excl. Twp. Rd.),Stop sign,Functioning,0,0,0,FALSE,FALSE,FALSE,Clear,,FALSE,RADCLIFFE DR; BRIARGATE DR; At,3/7/2019 2:37:23 PM,540955.3998,4806790.613
43736,15-043246,2/27/2015 11:54:00 PM,2015,2,27,23,54,0,Friday,545802.024,4812137.089,-80.433825,43.46075,Non intersection,2,P.D. only,Thru lane,unknown,unknown,SMV unattended vehicle,Unknown,"Dark, artificial","08 - Dark, artificial",Municipal (excl. Twp. Rd.),No control,unknown,0,0,0,FALSE,FALSE,FALSE,Clear,,FALSE,DENLOW ST; NOMAD CT; 20 M,3/7/2019 2:37:22 PM,545802.024,4812137.089
43737,15-043340,2/27/2015 11:54:00 PM,2015,2,27,23,54,0,Friday,545802.024,4812137.089,-80.433825,43.46075,Non intersection,2,P.D. only,Thru lane,unknown,unknown,SMV unattended vehicle,Unknown,"Dark, artificial","08 - Dark, artificial",Municipal (excl. Twp. Rd.),No control,unknown,0,0,0,FALSE,FALSE,FALSE,Clear,,FALSE,DENLOW ST; NOMAD CT; 20 M,3/7/2019 2:37:21 PM,545802.024,4812137.089
43738,15-043547,2/28/2015 12:03:00 PM,2015,2,28,12,3,0,Saturday,540432.3637,4805967.944,-80.500656,43.405512,Non intersection,2,P.D. only,Thru lane,unknown,unknown,Rear end,Unknown,Daylight,01 - Daylight,Municipal (excl. Twp. Rd.),No control,unknown,0,0,0,FALSE,FALSE,FALSE,Clear,,FALSE,MAX BECKER DR ; FISCHER HALLMAN RD ; 55 M,3/7/2019 2:37:21 PM,540432.3637,4805967.944
43739,15-043679,2/28/2015 3:07:00 PM,2015,2,28,15,7,0,Saturday,545365.6314,4811021.513,-80.439312,43.450732,Non intersection,2,P.D. only,Thru lane,unknown,unknown,Sideswipe,Unknown,Daylight,01 - Daylight,Municipal (excl. Twp. Rd.),No control,unknown,0,0,0,FALSE,FALSE,FALSE,Clear,,FALSE,HOLBORN DR; OLD CHICOPEE DR ; 25 M,3/7/2019 2:37:19 PM,545365.6314,4811021.513
43740,15-044002,3/1/2015 2:30:00 AM,2015,3,1,2,30,0,Sunday,542072.2796,4809324.345,-80.480145,43.435643,Non intersection,2,P.D. only,Not on roadway - left side,unknown,unknown,SMV other,Unknown,Dark,07 - Dark,Municipal (excl. Twp. Rd.),No control,unknown,0,0,0,FALSE,FALSE,FALSE,Clear,,FALSE,GRENVILLE AVE; 52 GRENVILLE AVE ; 30 M,3/7/2019 2:37:18 PM,542072.2796,4809324.345
43741,15-044281,3/1/2015 2:18:00 PM,2015,3,1,14,18,0,Sunday,541500.2842,4812642.54,-80.48696,43.465552,At intersection,2,P.D. only,Within intersection,unknown,unknown,Angle,Unknown,Daylight,01 - Daylight,Municipal (excl. Twp. Rd.),Stop sign,Functioning,0,0,0,FALSE,FALSE,FALSE,Clear,,FALSE,GUELPH ST; ARNOLD ST,3/7/2019 2:37:18 PM,541500.2842,4812642.54
43742,15-044359,3/1/2015 2:00:00 PM,2015,3,1,14,0,0,Sunday,539705.2842,4811279.44,-80.509249,43.453376,At/near private drive,2,P.D. only,Right shoulder,unknown,unknown,SMV unattended vehicle,Unknown,Daylight,01 - Daylight,Municipal (excl. Twp. Rd.),No control,unknown,0,0,0,FALSE,FALSE,FALSE,Clear,,FALSE,PARK ST,3/7/2019 2:37:17 PM,539705.2842,4811279.44
43743,15-044673,2/28/2015 1:00:00 PM,2015,2,28,13,0,0,Saturday,539006.6273,4805834.947,-80.518273,43.40439,At/near private drive,2,P.D. only,Thru lane,unknown,unknown,SMV unattended vehicle,Unknown,Daylight,01 - Daylight,Municipal (excl. Twp. Rd.),No control,unknown,0,0,0,FALSE,FALSE,FALSE,Clear,,FALSE,MOUNTAIN LAUREL CRES,3/7/2019 2:37:16 PM,539006.6273,4805834.947
43744,15-044785,3/2/2015 11:07:00 AM,2015,3,2,11,7,0,Monday,540736.6036,4810334.576,-80.496573,43.444813,Intersection related,2,P.D. only,Thru lane,unknown,unknown,SMV unattended vehicle,Unknown,Daylight,01 - Daylight,Municipal (excl. Twp. Rd.),No control,unknown,0,0,0,FALSE,FALSE,FALSE,Snow,,FALSE,DAVID ST; SCHNEIDER AVE ; Near,3/7/2019 2:37:15 PM,540736.6036,4810334.576
43745,15-045145,3/2/2015 9:03:00 PM,2015,3,2,21,3,0,Monday,541342.4169,4809061.17,-80.489183,43.433314,At intersection,2,P.D. only,Within intersection,unknown,unknown,Angle,Unknown,"Dark, artificial","08 - Dark, artificial",Municipal (excl. Twp. Rd.),Stop sign,Functioning,0,0,0,FALSE,FALSE,FALSE,Clear,,FALSE,HEIMAN ST; HIGHLAND RD E; At,3/7/2019 2:37:13 PM,541342.4169,4809061.17
43746,15-045353,3/3/2015 8:33:00 AM,2015,3,3,8,33,0,Tuesday,539771.5352,4809841.589,-80.508535,43.440426,Intersection related,2,P.D. only,Thru lane,unknown,unknown,Turning movement,Unknown,Daylight,01 - Daylight,Municipal (excl. Twp. Rd.),No control,unknown,0,0,0,FALSE,FALSE,FALSE,Rain,,FALSE,BELMONT AVE W; BURN PL ; Near; 2 M,3/7/2019 2:37:13 PM,539771.5352,4809841.589
43747,15-045505,3/3/2015 12:01:00 PM,2015,3,3,12,1,0,Tuesday,540938.4092,4811215.849,-80.494013,43.452737,At intersection,2,P.D. only,Within intersection,unknown,unknown,Angle,Unknown,Daylight,01 - Daylight,Municipal (excl. Twp. Rd.),Traffic signal,Functioning,0,0,0,FALSE,FALSE,FALSE,Snow,,FALSE,WATER ST N; DUKE ST W; At,3/7/2019 2:37:12 PM,540938.4092,4811215.849
43748,15-045534,3/3/2015 12:43:00 PM,2015,3,3,12,43,0,Tuesday,545257.5854,4802996.471,-80.441312,43.378481,At intersection,1,Non-fatal injury,Within intersection,unknown,unknown,Turning movement,Unknown,Daylight,01 - Daylight,Municipal (excl. Twp. Rd.),Stop sign,Functioning,0,0,0,FALSE,FALSE,FALSE,Snow,,FALSE,ROBERT FERRIE DR; FOREST CREEK DR,3/7/2019 2:37:11 PM,545257.5854,4802996.471
43749,15-045542,3/3/2015 12:45:00 PM,2015,3,3,12,45,0,Tuesday,539080.762,4811108.976,-80.51698,43.451874,At/near private drive,1,Non-fatal injury,Left turn lane,unknown,unknown,Turning movement,Unknown,Daylight,01 - Daylight,Municipal (excl. Twp. Rd.),Traffic signal,Functioning,0,0,0,FALSE,FALSE,FALSE,Snow,,FALSE,GLASGOW ST ; BELMONT AVE W; 28 M,3/7/2019 2:37:10 PM,539080.762,4811108.976
43750,15-045732,3/3/2015 3:10:00 PM,2015,3,3,15,10,0,Tuesday,544133.4526,4808341.85,-80.454757,43.426678,Non intersection,2,P.D. only,Thru lane,unknown,unknown,Sideswipe,Unknown,Daylight,01 - Daylight,Municipal (excl. Twp. Rd.),No control,unknown,0,0,0,FALSE,FALSE,FALSE,Snow,,FALSE,HARBER AVE ; BYRON AVE ; Near; 10 M,3/7/2019 2:37:09 PM,544133.4526,4808341.85
43751,15-045761,3/3/2015 6:14:00 PM,2015,3,3,18,14,0,Tuesday,544731.6098,4811506.283,-80.447108,43.455135,At intersection,1,Non-fatal injury,Within intersection,unknown,unknown,Turning movement,Unknown,"Dark, artificial","08 - Dark, artificial",Regional municipality,Stop sign,Functioning,0,0,0,FALSE,FALSE,FALSE,Snow,,FALSE,RIVER RD E; GIBSON DR; At,3/7/2019 2:37:08 PM,544731.6098,4811506.283
43752,15-045776,3/2/2015 10:15:00 PM,2015,3,2,22,15,0,Monday,540291.6175,4805848.268,-80.502403,43.404442,Non intersection,2,P.D. only,Not on roadway - right side,unknown,unknown,SMV unattended vehicle,Unknown,"Dark, artificial","08 - Dark, artificial",Municipal (excl. Twp. Rd.),No control,unknown,0,0,0,FALSE,FALSE,FALSE,Clear,,FALSE,MAX BECKER DR; At,3/7/2019 2:37:06 PM,540291.6175,4805848.268
43753,15-045784,3/2/2015 7:00:00 PM,2015,3,2,19,0,0,Monday,542357.7017,4810810.58,-80.476503,43.449009,Non intersection,2,P.D. only,Thru lane,unknown,unknown,SMV unattended vehicle,Unknown,Dark,07 - Dark,Municipal (excl. Twp. Rd.),No control,unknown,0,0,0,FALSE,FALSE,FALSE,Clear,,FALSE,CAMERON ST N; TROY ST ; Near,3/7/2019 2:37:06 PM,542357.7017,4810810.58
43754,15-045823,3/3/2015 8:16:00 PM,2015,3,3,20,16,0,Tuesday,540539.3257,4810992.646,-80.498962,43.450749,At/near private drive,1,Non-fatal injury,Thru lane,unknown,unknown,Turning movement,Unknown,Dark,07 - Dark,Municipal (excl. Twp. Rd.),No control,unknown,0,0,0,FALSE,FALSE,FALSE,Freezing Rain,,FALSE,JOSEPH ST ; JOSEPH ST ; At; 0 M,3/7/2019 2:37:05 PM,540539.3257,4810992.646
43755,15-046044,3/3/2015 6:00:00 PM,2015,3,3,18,0,0,Tuesday,541014.5306,4809675.447,-80.493188,43.438863,At intersection,2,P.D. only,Within intersection,unknown,unknown,Turning movement,Unknown,Daylight,01 - Daylight,Regional municipality,Traffic signal,Functioning,0,0,1,FALSE,FALSE,FALSE,Snow,,FALSE,HIGHLAND RD E; SPADINA RD E; At,3/7/2019 2:37:04 PM,541014.5306,4809675.447
43756,15-046055,3/4/2015 9:03:00 AM,2015,3,4,9,3,0,Wednesday,545996.1685,4809222.133,-80.431671,43.434492,At/near private drive,1,Non-fatal injury,Thru lane,unknown,unknown,Other,Unknown,Daylight,01 - Daylight,Municipal (excl. Twp. Rd.),No control,unknown,0,0,0,FALSE,FALSE,FALSE,Snow,,FALSE,THALER AVE; 144 THALER AVE ; At; 2 M,3/7/2019 2:37:03 PM,545996.1685,4809222.133
43757,15-046088,3/3/2015 4:15:00 PM,2015,3,3,16,15,0,Tuesday,541319.0742,4812564.794,-80.489206,43.464862,Non intersection,2,P.D. only,Thru lane,unknown,unknown,SMV unattended vehicle,Unknown,Daylight,01 - Daylight,Municipal (excl. Twp. Rd.),No control,unknown,0,0,0,FALSE,FALSE,FALSE,Freezing Rain,,FALSE,GUELPH ST; Near,3/7/2019 2:37:01 PM,541319.0742,4812564.794
43758,15-046163,3/3/2015 2:05:00 PM,2015,3,3,14,5,0,Tuesday,543100.8748,4811866.714,-80.467235,43.458476,At/near private drive,2,P.D. only,Thru lane,unknown,unknown,Other,Unknown,Daylight,01 - Daylight,Regional municipality,No control,unknown,0,0,0,FALSE,FALSE,FALSE,Freezing Rain,,FALSE,BRUCE ST; At,3/7/2019 2:37:00 PM,543100.8748,4811866.715
43759,15-046388,3/4/2015 3:00:00 PM,2015,3,4,15,0,0,Wednesday,540486.8346,4809735.896,-80.499704,43.439436,At intersection,2,P.D. only,Within intersection,unknown,unknown,Angle,Unknown,Daylight,01 - Daylight,Municipal (excl. Twp. Rd.),Stop sign,Functioning,0,0,0,FALSE,FALSE,FALSE,Clear,,FALSE,QUEENS BV; SPADINA RD E,3/7/2019 2:36:59 PM,540486.8346,4809735.896
43760,15-046503,2/15/2015 7:15:00 PM,2015,2,15,19,15,0,Sunday,544543.6119,4808267.247,-80.449696,43.425982,At/near private drive,2,P.D. only,Thru lane,unknown,unknown,SMV unattended vehicle,Unknown,"Dark, artificial","08 - Dark, artificial",Municipal (excl. Twp. Rd.),No control,unknown,0,0,0,FALSE,FALSE,FALSE,Clear,,FALSE,CAIT AVE; At,3/7/2019 2:36:59 PM,544543.6119,4808267.247
43761,15-046520,3/4/2015 3:30:00 PM,2015,3,4,15,30,0,Wednesday,539382.5967,4810438.147,-80.513298,43.445818,At/near private drive,2,P.D. only,Thru lane,unknown,unknown,Angle,Unknown,Daylight,01 - Daylight,Municipal (excl. Twp. Rd.),Stop sign,Functioning,0,0,0,FALSE,FALSE,FALSE,Clear,,FALSE,KARN ST; BELMONT AV W; 10 M,3/7/2019 2:36:58 PM,539382.5967,4810438.147
43762,15-046616,3/4/2015 10:24:00 PM,2015,3,4,22,24,0,Wednesday,536623.3766,4809044.335,-80.54749,43.433408,At/near private drive,2,P.D. only,Thru lane,unknown,unknown,SMV unattended vehicle,Unknown,Dark,07 - Dark,Municipal (excl. Twp. Rd.),No control,unknown,0,0,0,FALSE,FALSE,FALSE,Clear,,FALSE,SHADYRIDGE PL; 18 SHADYRIDGE PL; 2 M,3/7/2019 2:36:56 PM,536623.3766,4809044.335
43763,15-047019,3/5/2015 1:02:00 PM,2015,3,5,13,2,0,Thursday,542842.1924,4809873.394,-80.470589,43.440543,At intersection,1,Non-fatal injury,Within intersection,unknown,unknown,Angle,Unknown,Daylight,01 - Daylight,Municipal (excl. Twp. Rd.),Stop sign,Functioning,0,0,0,FALSE,FALSE,FALSE,Clear,,FALSE,CHARLES ST E; SYDNEY ST S; At,3/7/2019 2:36:55 PM,542842.1924,4809873.394
43764,15-047194,3/5/2015 4:20:00 PM,2015,3,5,16,20,0,Thursday,542200.0627,4810360.57,-80.478486,43.444966,At/near private drive,2,P.D. only,Left turn lane,unknown,unknown,Turning movement,Unknown,Daylight,01 - Daylight,Regional municipality,No control,unknown,0,0,0,FALSE,FALSE,FALSE,Clear,,FALSE,KING ST E ; KING ST E; At; 6 M,3/7/2019 2:36:54 PM,542200.0627,4810360.57
43765,15-047552,3/5/2015 9:00:00 PM,2015,3,5,21,0,0,Thursday,539871.6024,4807383.295,-80.507478,43.418286,At/near private drive,2,P.D. only,Thru lane,unknown,unknown,SMV unattended vehicle,Unknown,"Dark, artificial","08 - Dark, artificial",Municipal (excl. Twp. Rd.),No control,unknown,0,0,0,FALSE,FALSE,FALSE,Clear,,FALSE,WILLIAMSBURG RD; At,3/7/2019 2:36:54 PM,539871.6024,4807383.295
43766,15-047699,3/5/2015 9:15:00 AM,2015,3,5,9,15,0,Thursday,538746.4034,4806761.023,-80.521421,43.412742,At/near private drive,2,P.D. only,Thru lane,unknown,unknown,Other,Unknown,Daylight,01 - Daylight,Municipal (excl. Twp. Rd.),No control,unknown,0,0,0,FALSE,FALSE,FALSE,Clear,,FALSE,WAKE ROBIN CRES; At,3/7/2019 2:36:53 PM,538746.4034,4806761.023
43767,15-047708,3/6/2015 8:30:00 AM,2015,3,6,8,30,0,Friday,537260.6777,4809466.745,-80.539587,43.43718,At/near private drive,2,P.D. only,Thru lane,unknown,unknown,Angle,Unknown,Daylight,01 - Daylight,Municipal (excl. Twp. Rd.),No control,unknown,0,0,0,FALSE,FALSE,FALSE,Clear,,FALSE,STOKE DR; LENNOX CR; Near,3/7/2019 2:36:52 PM,537260.6777,4809466.745
43768,15-047840,3/5/2015 3:00:00 PM,2015,3,5,15,0,0,Thursday,537559.1961,4806783.076,-80.536083,43.413001,At/near private drive,2,P.D. only,Thru lane,unknown,unknown,SMV unattended vehicle,Unknown,Daylight,01 - Daylight,Municipal (excl. Twp. Rd.),No control,unknown,0,0,0,FALSE,FALSE,FALSE,Clear,,FALSE,DRIFTWOOD DR; PARKLAND CRES ; Near; 40 M,3/7/2019 2:36:51 PM,537559.1961,4806783.076
43769,15-047852,3/6/2015 11:00:00 AM,2015,3,6,11,0,0,Friday,542930.299,4811909.828,-80.46934,43.458874,Non intersection,2,P.D. only,Thru lane,unknown,unknown,SMV unattended vehicle,Unknown,Daylight,01 - Daylight,Municipal (excl. Twp. Rd.),No control,unknown,0,0,0,FALSE,FALSE,FALSE,Clear,,FALSE,ANN ST; Near,3/7/2019 2:36:51 PM,542930.299,4811909.828
43770,15-048232,3/6/2015 11:29:00 PM,2015,3,6,23,29,0,Friday,540843.4767,4811126.423,-80.495193,43.451937,Non intersection,1,Non-fatal injury,Right shoulder,unknown,unknown,SMV unattended vehicle,Unknown,Dark,07 - Dark,Regional municipality,No control,unknown,0,0,0,TRUE,FALSE,FALSE,Clear,,FALSE,IN FRONT OF; 312 KING ST W; 3 M,3/7/2019 2:36:50 PM,540843.4767,4811126.423
43771,15-048247,3/6/2015 11:29:00 PM,2015,3,6,23,29,0,Friday,540814.5979,4811138.687,-80.495549,43.452049,Non intersection,2,P.D. only,Thru lane,unknown,unknown,Sideswipe,Unknown,"Dark, artificial","08 - Dark, artificial",Regional municipality,No control,unknown,0,0,0,FALSE,FALSE,FALSE,Clear,,FALSE,FRONT OF; 352 KING ST W; 2 M,3/7/2019 2:36:49 PM,540814.5979,4811138.687
43772,15-048451,3/7/2015 8:30:00 AM,2015,3,7,8,30,0,Saturday,538902.3685,4811470.669,-80.519159,43.45514,At intersection,1,Non-fatal injury,Within intersection,unknown,unknown,Turning movement,Unknown,Daylight,01 - Daylight,Municipal (excl. Twp. Rd.),Traffic signal,Functioning,0,0,0,FALSE,FALSE,FALSE,Clear,,FALSE,UNION BV; BELMONT AV W; At,3/7/2019 2:36:49 PM,538902.3685,4811470.669
43773,15-049234,3/7/2015 8:00:00 PM,2015,3,7,20,0,0,Saturday,540145.9671,4807790.848,-80.504059,43.421941,At/near private drive,2,P.D. only,Thru lane,unknown,unknown,SMV unattended vehicle,Unknown,"Dark, artificial","08 - Dark, artificial",Municipal (excl. Twp. Rd.),No control,unknown,0,0,0,FALSE,FALSE,FALSE,Clear,,FALSE,HOWE DR; Near,3/7/2019 2:36:48 PM,540145.9671,4807790.848
43774,15-049642,3/8/2015 10:16:00 PM,2015,3,8,22,16,0,Sunday,539703.7974,4806637.201,-80.509605,43.411577,At/near private drive,2,P.D. only,Thru lane,unknown,unknown,Other,Unknown,Dark,07 - Dark,Municipal (excl. Twp. Rd.),No control,unknown,0,0,0,FALSE,FALSE,FALSE,Clear,,FALSE,ACTIVA AVE; 40 ACTIVA AVE; At; 5 M,3/7/2019 2:36:47 PM,539703.7974,4806637.201
43775,15-049817,3/9/2015 8:07:00 AM,2015,3,9,8,7,0,Monday,536984.1523,4807308.435,-80.54315,43.41776,Non intersection,2,P.D. only,Thru lane,unknown,unknown,SMV unattended vehicle,Unknown,Daylight,01 - Daylight,Municipal (excl. Twp. Rd.),No control,unknown,0,0,0,FALSE,FALSE,FALSE,Clear,,FALSE,MEADOW WOODS CRES; ROLLING MEADOWS DR ; 15 M,3/7/2019 2:36:46 PM,536984.1523,4807308.435
43776,15-050409,3/9/2015 12:15:00 PM,2015,3,9,12,15,0,Monday,542009.4834,4804497.247,-80.481292,43.392183,At/near private drive,2,P.D. only,Thru lane,unknown,unknown,Turning movement,Unknown,Daylight,01 - Daylight,Municipal (excl. Twp. Rd.),No control,unknown,0,0,0,FALSE,FALSE,FALSE,Clear,,FALSE,WOODBINE AVE; At,3/7/2019 2:36:46 PM,542009.4834,4804497.247
43777,15-050413,3/9/2015 8:14:00 PM,2015,3,9,20,14,0,Monday,541096.083,4812453.035,-80.491971,43.463868,At/near private drive,2,Non-reportable,Thru lane,unknown,unknown,SMV unattended vehicle,Unknown,"Dark, artificial","08 - Dark, artificial",Municipal (excl. Twp. Rd.),No control,unknown,0,0,0,FALSE,FALSE,FALSE,Clear,,FALSE,GUELPH ST ; WEBER ST W; 30 M,3/7/2019 2:36:45 PM,541096.083,4812453.035
43778,15-050638,3/10/2015 6:00:00 AM,2015,3,10,6,0,0,Tuesday,542405.6487,4806618.984,-80.476236,43.411265,Intersection related,2,P.D. only,Within intersection,unknown,unknown,SMV other,Unknown,Dark,07 - Dark,Regional municipality,Stop sign,Functioning,0,0,0,FALSE,FALSE,FALSE,"Fog, mist, smoke, dust",,FALSE,OLD COUNTRY DR ; STRASBURG RD,3/7/2019 2:36:44 PM,542405.6487,4806618.984
43779,15-050712,3/10/2015 8:43:00 AM,2015,3,10,8,43,0,Tuesday,539081.4921,4811108.647,-80.516971,43.451871,Intersection related,2,P.D. only,Right turn lane,unknown,unknown,Rear end,Unknown,Daylight,01 - Daylight,Municipal (excl. Twp. Rd.),Traffic signal,Functioning,0,0,0,FALSE,FALSE,FALSE,Clear,,FALSE,BELMONT AVE W; GLASGOW ST ; 1 M,3/7/2019 2:36:44 PM,539081.4921,4811108.647
43780,15-050776,3/10/2015 9:15:00 AM,2015,3,10,9,15,0,Tuesday,540742.0894,4810725.656,-80.496476,43.448334,At/near private drive,2,P.D. only,Thru lane,unknown,unknown,Rear end,Unknown,Daylight,01 - Daylight,Municipal (excl. Twp. Rd.),No control,unknown,0,0,0,FALSE,FALSE,FALSE,Clear,,FALSE,WATER ST N; At,3/7/2019 2:36:43 PM,540742.0894,4810725.656
43781,15-050860,3/10/2015 12:09:00 PM,2015,3,10,12,9,0,Tuesday,541315.7312,4807854.662,-80.489604,43.422452,At/near private drive,1,Non-fatal injury,Thru lane,unknown,unknown,Turning movement,Unknown,Daylight,01 - Daylight,Regional municipality,Stop sign,Functioning,0,0,0,FALSE,FALSE,FALSE,Clear,,FALSE,STRASBURG RD ; OTTAWA ST S; Near; 50 M,3/7/2019 2:36:42 PM,541315.7312,4807854.662
43782,15-050984,3/10/2015 2:47:00 PM,2015,3,10,14,47,0,Tuesday,541383.8798,4808015.007,-80.48875,43.423892,At/near private drive,2,P.D. only,Thru lane,unknown,unknown,Turning movement,Unknown,Daylight,01 - Daylight,Regional municipality,Stop sign,Functioning,0,0,0,FALSE,FALSE,FALSE,Clear,,FALSE,STRASBURG RD; 270 STRASBURG RD; Near; 24 M,3/7/2019 2:36:41 PM,541383.8798,4808015.007
43783,15-051004,3/10/2015 10:00:00 AM,2015,3,10,10,0,0,Tuesday,542374.8284,4810248.494,-80.476335,43.443947,At/near private drive,2,P.D. only,Thru lane,unknown,unknown,Rear end,Unknown,Daylight,01 - Daylight,Regional municipality,No control,unknown,0,0,0,FALSE,FALSE,FALSE,Clear,,FALSE,KING ST E,3/7/2019 2:36:41 PM,542374.8284,4810248.494
43784,15-051016,3/10/2015 3:09:00 PM,2015,3,10,15,9,0,Tuesday,545131.4919,4807631.327,-80.442486,43.420221,At/near private drive,1,Non-fatal injury,Thru lane,unknown,unknown,Turning movement,Unknown,Daylight,01 - Daylight,Municipal (excl. Twp. Rd.),No control,unknown,0,0,0,FALSE,FALSE,FALSE,Clear,,FALSE,WILSON AVE ; FAIRWAY RD S; 30 M,3/7/2019 2:36:40 PM,545131.4919,4807631.327
43785,15-051106,3/10/2015 5:07:00 PM,2015,3,10,17,7,0,Tuesday,538690.0496,4805560.695,-80.522202,43.401937,At/near private drive,1,Non-fatal injury,Thru lane,unknown,unknown,Other,Unknown,Daylight,01 - Daylight,Municipal (excl. Twp. Rd.),No control,unknown,0,0,0,FALSE,FALSE,FALSE,Clear,,FALSE,ISAIAH DR ; GRAVEL RIDGE TL; 20 M,3/7/2019 2:36:39 PM,538690.0496,4805560.695
43786,15-051115,3/10/2015 5:24:00 PM,2015,3,10,17,24,0,Tuesday,542108.6542,4807126.894,-80.479865,43.415855,At intersection,1,Non-fatal injury,Within intersection,unknown,unknown,SMV other,Unknown,Daylight,01 - Daylight,Municipal (excl. Twp. Rd.),Traffic signal,Functioning,0,0,0,TRUE,FALSE,FALSE,Clear,,FALSE,STRASBURG RD; BLOCK LINE RD ; At; 100 M,3/7/2019 2:36:38 PM,542108.6542,4807126.894
43787,15-051532,3/11/2015 8:57:00 AM,2015,3,11,8,57,0,Wednesday,541873.7609,4810742.919,-80.482489,43.448427,At intersection,2,P.D. only,Within intersection,unknown,unknown,Angle,Unknown,Daylight,01 - Daylight,Municipal (excl. Twp. Rd.),Stop sign,Functioning,0,0,0,FALSE,FALSE,FALSE,Clear,,FALSE,DUKE ST E; CEDAR ST N,3/7/2019 2:36:38 PM,541873.7609,4810742.919
43788,15-051587,3/7/2015 2:00:00 PM,2015,3,7,14,0,0,Saturday,540918.7168,4809260.94,-80.494403,43.435136,At/near private drive,2,P.D. only,Thru lane,unknown,unknown,SMV unattended vehicle,Unknown,Daylight,01 - Daylight,Municipal (excl. Twp. Rd.),No control,unknown,0,0,0,FALSE,FALSE,FALSE,Clear,,FALSE,STIRLING AVE S; ST CLAIR AVE ; Near,3/7/2019 2:36:37 PM,540918.7168,4809260.94