OBJECTID,ACCIDENTNUM,ACCIDENTDATE,ACCIDENT_YEAR,ACCIDENT_MONTH,ACCIDENT_DAY,ACCIDENT_HOUR,ACCIDENT_MINUTE,ACCIDENT_SECOND,ACCIDENT_WEEKDAY,XCOORD,YCOORD,LONGITUDE,LATITUDE,ACCIDENTLOCATION,COLLISIONTYPE,CLASSIFICATIONOFACCIDENT,IMPACTLOCATION,INITIALDIRECTIONOFTRAVELONE,INITIALDIRECTIONOFTRAVELTWO,INITIALIMPACTTYPE,INTTRAFFICCONTROL,LIGHT,LIGHTFORREPORT,ROADJURISDICTION,TRAFFICCONTROL,TRAFFICCONTROLCONDITION,THRULANENO,NORTHBOUNDDISOBEYCOUNT,SOUTHBOUNDDISOBEYCOUNT,PEDESTRIANINVOLVED,CYCLISTINVOLVED,MOTORCYCLISTINVOLVED,ENVIRONMENTCONDITION1,ENVIRONMENTCONDITION2,SELFREPORTED,XMLIMPORTNOTES,LASTEDITEDDATE,x,y
43789,15-051746,3/10/2015 4:30:00 PM,2015,3,10,16,30,0,Tuesday,540452.8675,4810096.307,-80.500097,43.442683,Non intersection,2,P.D. only,Thru lane,unknown,unknown,SMV unattended vehicle,Unknown,"Dark, artificial","08 - Dark, artificial",Municipal (excl. Twp. Rd.),No control,unknown,0,0,0,FALSE,FALSE,FALSE,Clear,,FALSE,HOMEWOOD AVE,3/7/2019 2:36:36 PM,540452.8675,4810096.307
43790,15-051858,3/11/2015 3:31:00 PM,2015,3,11,15,31,0,Wednesday,541808.0188,4809235.075,-80.483417,43.434854,Non intersection,1,Non-fatal injury,Thru lane,unknown,unknown,SMV other,Unknown,Daylight,01 - Daylight,Municipal (excl. Twp. Rd.),No control,unknown,0,0,0,TRUE,FALSE,FALSE,Clear,,FALSE,MILL ST; BORDEN PKY ; 36 M,3/7/2019 2:36:36 PM,541808.0188,4809235.075
43791,15-052576,3/12/2015 1:20:00 PM,2015,3,12,13,20,0,Thursday,544561.2233,4811737.94,-80.449195,43.457231,Intersection related,2,P.D. only,Left turn lane,unknown,unknown,Turning movement,Unknown,Daylight,01 - Daylight,Regional municipality,Traffic signal,Functioning,0,0,0,FALSE,FALSE,FALSE,Clear,,FALSE,LORRAINE AVE; RIVER RD E; Near,3/7/2019 2:36:35 PM,544561.2233,4811737.94
43792,15-053364,3/13/2015 11:45:00 AM,2015,3,13,11,45,0,Friday,541904.6642,4810548.753,-80.482122,43.446677,At intersection,2,P.D. only,Within intersection,unknown,unknown,Turning movement,Unknown,Daylight,01 - Daylight,Regional municipality,Stop sign,Functioning,0,0,0,FALSE,FALSE,FALSE,Clear,,FALSE,KING ST E; MADISON AV N; At,3/7/2019 2:36:34 PM,541904.6642,4810548.753
43793,15-053462,3/12/2015 5:30:00 PM,2015,3,12,17,30,0,Thursday,540006.4649,4807630.87,-80.505794,43.420508,At/near private drive,2,P.D. only,Thru lane,unknown,unknown,SMV unattended vehicle,Unknown,Daylight,01 - Daylight,Municipal (excl. Twp. Rd.),No control,unknown,0,0,0,FALSE,FALSE,FALSE,Clear,,FALSE,HOWE DR; OTTAWA ST S; 50 M,3/7/2019 2:36:34 PM,540006.4649,4807630.87
43794,15-053616,3/13/2015 6:45:00 PM,2015,3,13,18,45,0,Friday,542489.2377,4806639.611,-80.475202,43.411446,Non intersection,2,P.D. only,Thru lane,unknown,unknown,SMV unattended vehicle,Unknown,"Daylight, artificial","02 - Daylight, artificial",Municipal (excl. Twp. Rd.),No control,unknown,0,0,0,FALSE,FALSE,FALSE,Clear,,FALSE,OLD COUNTRY DR; 105 OLD COUNTRY DR; Near; 5 M,3/7/2019 2:36:33 PM,542489.2376,4806639.611
43795,15-054318,3/14/2015 4:36:00 PM,2015,3,14,16,36,0,Saturday,539619.2912,4811373.447,-80.510305,43.454227,At intersection,2,P.D. only,Within intersection,unknown,unknown,Angle,Unknown,Daylight,01 - Daylight,Municipal (excl. Twp. Rd.),Traffic signal,Functioning,0,1,0,FALSE,FALSE,FALSE,Clear,,FALSE,PARK ST; GLASGOW ST; At,3/7/2019 2:36:32 PM,539619.2912,4811373.447
43796,15-055577,3/16/2015 2:49:00 PM,2015,3,16,14,49,0,Monday,542842.2051,4809871.395,-80.470589,43.440525,At intersection,2,P.D. only,Thru lane,unknown,unknown,Turning movement,Unknown,Daylight,01 - Daylight,Municipal (excl. Twp. Rd.),Stop sign,Functioning,0,0,0,FALSE,FALSE,FALSE,Clear,,FALSE,SYDNEY ST S; CHARLES ST E; At,3/7/2019 2:36:31 PM,542842.2051,4809871.395
43797,15-055732,3/16/2015 6:30:00 PM,2015,3,16,18,30,0,Monday,541324.5174,4811914.672,-80.489188,43.459008,At/near private drive,2,P.D. only,Thru lane,unknown,unknown,Sideswipe,Unknown,Dusk,05 - Dusk,Municipal (excl. Twp. Rd.),No control,unknown,0,0,0,FALSE,FALSE,FALSE,Rain,,FALSE,WELLINGTON ST N; Near,3/7/2019 2:36:31 PM,541324.5174,4811914.672
43798,15-056112,3/17/2015 11:05:00 AM,2015,3,17,11,5,0,Tuesday,544882.3493,4804849.242,-80.445792,43.395186,At intersection,2,P.D. only,Within intersection,unknown,unknown,Turning movement,Unknown,Daylight,01 - Daylight,Regional municipality,Traffic signal,Functioning,0,0,0,FALSE,FALSE,FALSE,Clear,,FALSE,DOON VILLAGE RD ; PIONEER DR ; At,3/7/2019 2:36:30 PM,544882.3493,4804849.242
43799,15-056178,3/17/2015 12:23:00 PM,2015,3,17,12,23,0,Tuesday,540684.0403,4811615.684,-80.497127,43.456351,Non intersection,2,P.D. only,Thru lane,unknown,unknown,Sideswipe,Unknown,Daylight,01 - Daylight,Municipal (excl. Twp. Rd.),Stop sign,Functioning,0,0,0,FALSE,FALSE,FALSE,Clear,,FALSE,WELLINGTON ST N; DUKE ST W; 15 M,3/7/2019 2:36:29 PM,540684.0403,4811615.684
43800,15-057108,3/17/2015 11:00:00 PM,2015,3,17,23,0,0,Tuesday,537039.7664,4807884.142,-80.542424,43.422941,Intersection related,1,Non-fatal injury,Not on roadway - right side,unknown,unknown,SMV other,Unknown,Dark,07 - Dark,Municipal (excl. Twp. Rd.),No control,unknown,0,0,0,FALSE,FALSE,FALSE,Clear,,FALSE,WESTHEIGHTS DR; ROLLING MEADOWS DR,3/7/2019 2:36:28 PM,537039.7664,4807884.142
43801,15-057845,3/19/2015 10:07:00 AM,2015,3,19,10,7,0,Thursday,540773.8731,4811156.433,-80.496051,43.452211,Non intersection,2,P.D. only,Thru lane,unknown,unknown,Sideswipe,Unknown,Daylight,01 - Daylight,Regional municipality,Traffic signal,Functioning,0,0,0,FALSE,FALSE,FALSE,Clear,,FALSE,KING ST W; FRANCIS ST N; Near; 35 M,3/7/2019 2:36:28 PM,540773.8731,4811156.433
43802,15-058001,3/14/2015 2:00:00 PM,2015,3,14,14,0,0,Saturday,543552.1963,4808527.655,-80.461923,43.428385,At/near private drive,2,P.D. only,Thru lane,unknown,unknown,SMV unattended vehicle,Unknown,Daylight,01 - Daylight,Municipal (excl. Twp. Rd.),No control,unknown,0,0,0,FALSE,FALSE,FALSE,Clear,,FALSE,MASSEY AVE,3/7/2019 2:36:27 PM,543552.1963,4808527.655
43803,15-058077,3/19/2015 4:02:00 PM,2015,3,19,16,2,0,Thursday,541903.7617,4810550.747,-80.482133,43.446695,Intersection related,2,P.D. only,Thru lane,unknown,unknown,Rear end,Unknown,Daylight,01 - Daylight,Regional municipality,Stop sign,Functioning,0,0,0,FALSE,FALSE,FALSE,Clear,,FALSE,MADISON AVE N; KING ST E,3/7/2019 2:36:26 PM,541903.7617,4810550.747
43804,15-058172,3/18/2015 5:30:00 PM,2015,3,18,17,30,0,Wednesday,547642.899,4804529.636,-80.411734,43.392138,At/near private drive,2,P.D. only,Thru lane,unknown,unknown,SMV unattended vehicle,Unknown,Daylight,01 - Daylight,Municipal (excl. Twp. Rd.),No control,unknown,0,0,0,FALSE,FALSE,FALSE,Clear,,FALSE,AMHERST DR; At,3/7/2019 2:36:25 PM,547642.899,4804529.636
43805,15-058780,3/20/2015 11:30:00 AM,2015,3,20,11,30,0,Friday,541714.8488,4811068.566,-80.484428,43.451368,At/near private drive,2,P.D. only,Thru lane,unknown,unknown,Other,Unknown,Daylight,01 - Daylight,Municipal (excl. Twp. Rd.),No control,unknown,0,0,0,FALSE,FALSE,FALSE,Clear,,FALSE,SPETZ ST,3/7/2019 2:36:24 PM,541714.8488,4811068.566
43806,15-059213,3/21/2015 2:15:00 AM,2015,3,21,2,15,0,Saturday,540423.525,4809591.359,-80.500497,43.438138,At/near private drive,1,Non-fatal injury,Thru lane,unknown,unknown,SMV other,Unknown,"Dark, artificial","08 - Dark, artificial",Municipal (excl. Twp. Rd.),No control,unknown,0,0,0,TRUE,FALSE,FALSE,Rain,,FALSE,QUEENS BLVD; PATRICIA AVE ; At; 25 M,3/7/2019 2:36:24 PM,540423.5249,4809591.359
43807,15-059802,3/21/2015 11:37:00 PM,2015,3,21,23,37,0,Saturday,544958.8595,4811036.335,-80.444338,43.45089,Non intersection,2,P.D. only,Thru lane,unknown,unknown,Sideswipe,Unknown,"Dark, artificial","08 - Dark, artificial",Municipal (excl. Twp. Rd.),No control,unknown,0,0,0,FALSE,FALSE,FALSE,Clear,,FALSE,RIVER RD E; OTTAWA ST N; Near; 30 M,3/7/2019 2:36:22 PM,544958.8595,4811036.335
43808,15-059920,3/22/2015 4:32:00 AM,2015,3,22,4,32,0,Sunday,544828.4257,4805005.703,-80.446445,43.396598,Non intersection,1,Non-fatal injury,Not on roadway - left side,unknown,unknown,SMV other,Unknown,"Daylight, artificial","02 - Daylight, artificial",Municipal (excl. Twp. Rd.),No control,unknown,0,0,0,FALSE,FALSE,FALSE,Clear,,FALSE,DOON VILLAGE RD; MILLWOOD CRES ; 5 M,3/7/2019 2:36:21 PM,544828.4257,4805005.703
43809,15-060045,3/19/2015 5:35:00 AM,2015,3,19,5,35,0,Thursday,536745.26,4807871.426,-80.546063,43.422841,Other,2,P.D. only,Off highway,unknown,unknown,Other,Unknown,"Dark, artificial","08 - Dark, artificial",Private property,No control,unknown,0,0,0,FALSE,FALSE,FALSE,Clear,,FALSE,PRIVATE DRIVEWAY; NEWBURY DR,3/7/2019 2:36:20 PM,536745.26,4807871.426
43810,15-060141,3/21/2015 5:00:00 PM,2015,3,21,17,0,0,Saturday,541839.92,4808789.361,-80.483057,43.430839,At/near private drive,2,P.D. only,Thru lane,unknown,unknown,Other,Unknown,Daylight,01 - Daylight,Municipal (excl. Twp. Rd.),No control,unknown,0,0,0,FALSE,FALSE,FALSE,Clear,,FALSE,KELVIN AVE,3/7/2019 2:36:20 PM,541839.92,4808789.362
43811,15-060545,3/23/2015 6:49:00 AM,2015,3,23,6,49,0,Monday,540791.6253,4809117.901,-80.495984,43.433855,At intersection,1,Non-fatal injury,Within intersection,unknown,unknown,SMV other,Unknown,Dawn,03 - Dawn,Municipal (excl. Twp. Rd.),Stop sign,Functioning,0,0,0,TRUE,FALSE,FALSE,Clear,,FALSE,MAUSSER AVE ; STIRLING AVE S,3/7/2019 2:36:19 PM,540791.6253,4809117.901
43812,15-060835,3/21/2015 8:30:00 PM,2015,3,21,20,30,0,Saturday,541943.7277,4803582.589,-80.482174,43.383951,At/near private drive,2,P.D. only,Thru lane,unknown,unknown,SMV unattended vehicle,Unknown,"Dark, artificial","08 - Dark, artificial",Municipal (excl. Twp. Rd.),No control,unknown,0,0,0,FALSE,FALSE,FALSE,Clear,,FALSE,ROCHEFORT ST; At,3/7/2019 2:36:18 PM,541943.7277,4803582.589
43813,15-060912,3/23/2015 2:56:00 PM,2015,3,23,14,56,0,Monday,539616.8185,4811532.583,-80.510324,43.45566,Non intersection,2,P.D. only,Thru lane,unknown,unknown,SMV unattended vehicle,Unknown,Daylight,01 - Daylight,Municipal (excl. Twp. Rd.),No control,unknown,0,0,0,FALSE,FALSE,FALSE,Clear,,FALSE,GREEN ST ; KING ST W; 60 M,3/7/2019 2:36:17 PM,539616.8185,4811532.583
43814,15-060955,3/23/2015 4:08:00 PM,2015,3,23,16,8,0,Monday,544083.327,4807527.219,-80.455442,43.419346,Intersection related,2,P.D. only,Thru lane,unknown,unknown,SMV other,Unknown,Daylight,01 - Daylight,Municipal (excl. Twp. Rd.),Stop sign,Functioning,0,0,0,FALSE,FALSE,FALSE,Clear,,FALSE,BALZER RD; COURTLAND AV E,3/7/2019 2:36:16 PM,544083.327,4807527.219
43815,15-060987,3/23/2015 12:00:00 PM,2015,3,23,12,0,0,Monday,546346.8683,4811399.137,-80.427153,43.454072,At/near private drive,2,P.D. only,Thru lane,unknown,unknown,SMV unattended vehicle,Unknown,Daylight,01 - Daylight,Municipal (excl. Twp. Rd.),No control,unknown,0,0,0,FALSE,FALSE,FALSE,Clear,,FALSE,GRAY ST; Near,3/7/2019 2:36:16 PM,546346.8683,4811399.137
43816,15-061737,3/24/2015 10:00:00 AM,2015,3,24,10,0,0,Tuesday,542543.2879,4808083.413,-80.474422,43.424443,Intersection related,2,P.D. only,Thru lane,unknown,unknown,SMV unattended vehicle,Unknown,Daylight,01 - Daylight,Municipal (excl. Twp. Rd.),Stop sign,Functioning,0,0,0,FALSE,FALSE,FALSE,Clear,,FALSE,ARDELT AVE; HANSON AV; Near,3/7/2019 2:36:15 PM,542543.2879,4808083.413
43817,15-061917,3/24/2015 7:58:00 PM,2015,3,24,19,58,0,Tuesday,546373.0074,4805039.011,-80.42737,43.396804,Non intersection,2,P.D. only,Thru lane,unknown,unknown,SMV other,Unknown,Dark,07 - Dark,Regional municipality,No control,unknown,0,0,0,FALSE,FALSE,FALSE,Clear,,FALSE,MILL PARK DR; GREEN VALLEY DR; 800 M,3/7/2019 2:36:14 PM,546373.0074,4805039.011
43818,15-062027,3/24/2015 11:08:00 PM,2015,3,24,23,8,0,Tuesday,539640.5271,4809591.708,-80.510172,43.438183,Non intersection,2,P.D. only,Not on roadway - right side,unknown,unknown,SMV other,Unknown,Dark,07 - Dark,Municipal (excl. Twp. Rd.),Traffic signal,Functioning,0,0,0,FALSE,FALSE,FALSE,Clear,,FALSE,LAWRENCE AVE ; HIGHLAND RD W; Near; 10 M,3/7/2019 2:36:13 PM,539640.5271,4809591.708
43819,15-062225,3/25/2015 9:17:00 AM,2015,3,25,9,17,0,Wednesday,545678.7403,4807129.678,-80.435768,43.415671,At/near private drive,2,P.D. only,Thru lane,unknown,unknown,Turning movement,Unknown,Daylight,01 - Daylight,Municipal (excl. Twp. Rd.),No control,unknown,0,0,0,FALSE,FALSE,FALSE,Clear,,FALSE,GOODRICH DR; WABANAKI DR ; 150 M,3/7/2019 2:36:12 PM,545678.7403,4807129.678
43820,15-062282,3/25/2015 10:21:00 AM,2015,3,25,10,21,0,Wednesday,546842.8509,4808450.968,-80.421276,43.427496,Non intersection,2,P.D. only,Thru lane,unknown,unknown,Other,Unknown,Daylight,01 - Daylight,Regional municipality,No control,unknown,0,0,0,FALSE,FALSE,FALSE,Rain,,FALSE,MORGAN AVE; RIVER ROAD; 100 M,3/7/2019 2:36:11 PM,546842.8509,4808450.968
43821,15-062354,3/16/2015 10:00:00 PM,2015,3,16,22,0,0,Monday,539631.0321,4805861.017,-80.51056,43.404592,At/near private drive,2,P.D. only,Thru lane,unknown,unknown,Turning movement,Unknown,"Dark, artificial","08 - Dark, artificial",Municipal (excl. Twp. Rd.),No control,unknown,0,0,0,FALSE,FALSE,FALSE,Clear,,FALSE,MAX BECKER DR; BRIDLEWREATH ST; Near,3/7/2019 2:36:10 PM,539631.0321,4805861.017
43822,15-062607,3/25/2015 10:20:00 AM,2015,3,25,10,20,0,Wednesday,542723.853,4809838.88,-80.472054,43.440239,At/near private drive,2,P.D. only,Thru lane,unknown,unknown,SMV unattended vehicle,Unknown,Daylight,01 - Daylight,Municipal (excl. Twp. Rd.),No control,unknown,0,0,0,FALSE,FALSE,FALSE,Rain,,FALSE,MAURICE ST; At,3/7/2019 2:36:09 PM,542723.853,4809838.88
43823,15-063305,3/26/2015 5:29:00 PM,2015,3,26,17,29,0,Thursday,545430.7013,4808917.322,-80.438683,43.431782,Intersection related,1,Non-fatal injury,Thru lane,unknown,unknown,Rear end,Unknown,Daylight,01 - Daylight,Municipal (excl. Twp. Rd.),Traffic signal,Functioning,0,0,0,FALSE,FALSE,FALSE,Clear,,FALSE,KINZIE AVE ; WEBER ST E; At; 20 M,3/4/2020 10:19:56 AM,545430.7013,4808917.322
43824,15-063663,3/27/2015 8:15:00 AM,2015,3,27,8,15,0,Friday,543810.2224,4812179.708,-80.458442,43.461253,At/near private drive,2,P.D. only,Thru lane,unknown,unknown,Other,Unknown,Daylight,01 - Daylight,Municipal (excl. Twp. Rd.),No control,unknown,0,0,0,FALSE,FALSE,FALSE,Clear,,FALSE,ROSEMOUNT DR,3/7/2019 2:36:07 PM,543810.2224,4812179.709
43825,15-063782,3/22/2015 9:45:00 PM,2015,3,22,21,45,0,Sunday,545817.1376,4809234.242,-80.433882,43.434612,At/near private drive,2,P.D. only,Thru lane,unknown,unknown,Other,Unknown,Daylight,01 - Daylight,Regional municipality,No control,unknown,0,0,0,FALSE,FALSE,FALSE,Clear,,FALSE,116B RUTHERFORD DR; 115 RUTHERFORD DR; 5 M,3/7/2019 2:36:06 PM,545817.1376,4809234.242
43826,15-063790,3/27/2015 11:21:00 AM,2015,3,27,11,21,0,Friday,542318.1169,4806865.545,-80.477298,43.41349,At/near private drive,2,P.D. only,Thru lane,unknown,unknown,Sideswipe,Unknown,Daylight,01 - Daylight,Regional municipality,Traffic signal,Functioning,0,0,0,FALSE,FALSE,FALSE,Clear,,FALSE,STRASBURG RD; STRASBURG RD ; At; 10 M,3/7/2019 2:36:05 PM,542318.1169,4806865.545
43827,15-063908,3/27/2015 1:58:00 PM,2015,3,27,13,58,0,Friday,542264.7379,4810318.771,-80.47769,43.444586,Non intersection,1,Non-fatal injury,Thru lane,unknown,unknown,Rear end,Unknown,Daylight,01 - Daylight,Regional municipality,No control,unknown,0,0,0,FALSE,FALSE,FALSE,Clear,,FALSE,KING ST E; 729 KING ST E; 15 M,3/7/2019 2:36:04 PM,542264.7379,4810318.771
43828,15-064664,3/27/2015 12:00:00 PM,2015,3,27,12,0,0,Friday,545351.5912,4812157.921,-80.439391,43.460965,Non intersection,2,P.D. only,Thru lane,unknown,unknown,SMV unattended vehicle,Unknown,Daylight,01 - Daylight,Municipal (excl. Twp. Rd.),Stop sign,Functioning,0,0,0,FALSE,FALSE,FALSE,Clear,,FALSE,HERITAGE DR; LORRAINE AV; Near,3/7/2019 2:36:03 PM,545351.5912,4812157.921
43829,15-064831,3/28/2015 6:22:00 PM,2015,3,28,18,22,0,Saturday,544732.5932,4811504.401,-80.447096,43.455118,At intersection,2,P.D. only,Within intersection,unknown,unknown,Turning movement,Unknown,Dusk,05 - Dusk,Regional municipality,Stop sign,Functioning,0,0,0,FALSE,FALSE,FALSE,Clear,,FALSE,RIVER RD E; GIBSON DR; At; 5 M,3/7/2019 2:36:02 PM,544732.5932,4811504.401
43830,15-065236,3/28/2015 4:45:00 PM,2015,3,28,16,45,0,Saturday,546037.6252,4804911.217,-80.431522,43.395674,At/near private drive,2,P.D. only,Thru lane,unknown,unknown,Turning movement,Unknown,Daylight,01 - Daylight,Municipal (excl. Twp. Rd.),No control,unknown,0,0,0,FALSE,FALSE,FALSE,Clear,,FALSE,PIONEER DR,3/7/2019 2:36:01 PM,546037.6252,4804911.217
43831,15-065317,3/29/2015 11:53:00 AM,2015,3,29,11,53,0,Sunday,546499.2893,4810028.453,-80.425386,43.441721,At/near private drive,2,Non-reportable,Thru lane,unknown,unknown,SMV unattended vehicle,Unknown,Daylight,01 - Daylight,Municipal (excl. Twp. Rd.),No control,unknown,0,0,0,FALSE,FALSE,FALSE,Clear,,FALSE,BRIARMEADOW DR; 226 BRIARMEADOW DR; 1 M,3/7/2019 2:36:00 PM,546499.2893,4810028.453
43832,15-065339,3/29/2015 12:39:00 PM,2015,3,29,12,39,0,Sunday,538851.8166,4805832.722,-80.520185,43.404378,At/near private drive,2,P.D. only,Not on roadway - right side,unknown,unknown,SMV other,Unknown,Daylight,01 - Daylight,Municipal (excl. Twp. Rd.),No control,unknown,0,0,0,FALSE,FALSE,FALSE,Clear,,FALSE,ACTIVA AVE ; 422 ACTIVA AVE ; At; 40 M,3/7/2019 2:35:58 PM,538851.8166,4805832.722
43833,15-065995,3/30/2015 1:12:00 PM,2015,3,30,13,12,0,Monday,538775.8577,4808890.886,-80.520906,43.431918,At intersection,2,P.D. only,Within intersection,unknown,unknown,Angle,Unknown,Daylight,01 - Daylight,Municipal (excl. Twp. Rd.),Stop sign,Functioning,0,0,0,FALSE,FALSE,FALSE,Snow,,FALSE,EAGEN DR ; OVERLEA DR ; At,3/7/2019 2:35:57 PM,538775.8577,4808890.886
43834,15-066568,3/26/2015 12:01:00 PM,2015,3,26,12,1,0,Thursday,537523.174,4806854.732,-80.536523,43.413648,At/near private drive,2,P.D. only,Right shoulder,unknown,unknown,SMV unattended vehicle,Unknown,Daylight,01 - Daylight,Municipal (excl. Twp. Rd.),No control,unknown,0,0,0,FALSE,FALSE,FALSE,Clear,,FALSE,PARKLAND CRES,3/7/2019 2:35:57 PM,537523.174,4806854.732
43835,15-066834,3/31/2015 3:03:00 PM,2015,3,31,15,3,0,Tuesday,539502.0761,4806103.928,-80.512135,43.406786,Non intersection,1,Non-fatal injury,Thru lane,unknown,unknown,SMV other,Unknown,Daylight,01 - Daylight,Municipal (excl. Twp. Rd.),No control,unknown,0,0,0,TRUE,FALSE,FALSE,Clear,,FALSE,ACTIVA AVE ; BRIDLEWREATH ST ; 12 M,3/7/2019 2:35:56 PM,539502.0761,4806103.928
43836,15-066854,3/27/2015 10:00:00 PM,2015,3,27,22,0,0,Friday,543747.0605,4809158.968,-80.459465,43.434058,At/near private drive,2,P.D. only,Right shoulder,unknown,unknown,SMV unattended vehicle,Unknown,"Dark, artificial","08 - Dark, artificial",Municipal (excl. Twp. Rd.),No control,unknown,0,0,0,FALSE,FALSE,FALSE,Clear,,FALSE,DIXON ST,3/7/2019 2:35:55 PM,543747.0605,4809158.968
43837,15-066886,3/31/2015 3:53:00 PM,2015,3,31,15,53,0,Tuesday,545493.2099,4806488.377,-80.438113,43.409908,Non intersection,0,Fatal injury,Not on roadway - left side,unknown,unknown,SMV other,Unknown,Daylight,01 - Daylight,Municipal (excl. Twp. Rd.),No control,unknown,0,0,0,FALSE,FALSE,FALSE,Clear,,FALSE,WABANAKI DR; WILSON AV; Near; 100 M,3/7/2019 2:35:55 PM,545493.2099,4806488.377
43838,15-067589,4/1/2015 7:20:00 AM,2015,4,1,7,20,0,Wednesday,539568.9936,4811423.906,-80.510923,43.454684,At intersection,2,Non-reportable,Within intersection,unknown,unknown,Turning movement,Unknown,Daylight,01 - Daylight,Municipal (excl. Twp. Rd.),Stop sign,Functioning,0,0,0,FALSE,FALSE,FALSE,Clear,,FALSE,PARK ST; GREEN ST; At,3/7/2019 2:35:54 PM,539568.9936,4811423.906
43839,15-067715,4/1/2015 4:20:00 PM,2015,4,1,16,20,0,Wednesday,542379.346,4806178.684,-80.476595,43.407302,At/near private drive,2,P.D. only,Thru lane,unknown,unknown,Other,Unknown,Daylight,01 - Daylight,Municipal (excl. Twp. Rd.),No control,unknown,0,0,0,FALSE,FALSE,FALSE,Clear,,FALSE,THE COUNTRY WAY; At,3/7/2019 2:35:52 PM,542379.346,4806178.684
43840,15-067743,4/1/2015 10:20:00 AM,2015,4,1,10,20,0,Wednesday,541251.2577,4810983.194,-80.490164,43.450625,At/near private drive,2,P.D. only,Right shoulder,unknown,unknown,SMV unattended vehicle,Unknown,Daylight,01 - Daylight,Municipal (excl. Twp. Rd.),No control,unknown,0,0,0,FALSE,FALSE,FALSE,Clear,,FALSE,ONTARIO ST N; Near,3/7/2019 2:35:51 PM,541251.2577,4810983.194
43841,15-067771,4/1/2015 4:30:00 PM,2015,4,1,16,30,0,Wednesday,542313.3685,4810448.241,-80.477079,43.445749,At/near private drive,2,P.D. only,Right shoulder,unknown,unknown,SMV unattended vehicle,Unknown,Daylight,01 - Daylight,Municipal (excl. Twp. Rd.),No control,unknown,0,0,0,FALSE,FALSE,FALSE,Clear,,FALSE,FAIRVIEW AVE; Near,3/7/2019 2:35:51 PM,542313.3685,4810448.241
43842,15-068190,4/2/2015 10:55:00 AM,2015,4,2,10,55,0,Thursday,542755.1332,4810023.663,-80.471653,43.441901,Non intersection,2,Non-reportable,Thru lane,unknown,unknown,Sideswipe,Unknown,Daylight,01 - Daylight,Regional municipality,Traffic signal,Functioning,0,0,0,FALSE,FALSE,FALSE,Clear,,FALSE,KING ST E; OTTAWA ST N; 10 M,3/7/2019 2:35:50 PM,542755.1332,4810023.663
43843,15-068211,4/1/2015 12:30:00 PM,2015,4,1,12,30,0,Wednesday,538991.7884,4809956.759,-80.518162,43.441504,At/near private drive,2,P.D. only,Thru lane,unknown,unknown,SMV unattended vehicle,Unknown,Daylight,01 - Daylight,Municipal (excl. Twp. Rd.),No control,unknown,0,0,0,FALSE,FALSE,FALSE,Clear,,FALSE,WEICHEL ST,3/7/2019 2:35:49 PM,538991.7884,4809956.759
43844,15-068255,4/2/2015 11:00:00 AM,2015,4,2,11,0,0,Thursday,540311.4675,4811548.475,-80.501737,43.455766,At intersection,2,P.D. only,Within intersection,unknown,unknown,Angle,Unknown,Daylight,01 - Daylight,Municipal (excl. Twp. Rd.),Stop sign,Functioning,0,0,0,FALSE,FALSE,FALSE,Clear,,FALSE,LOUISA ST; MOORE AV; At,3/7/2019 2:35:48 PM,540311.4675,4811548.475
43845,15-068345,4/1/2015 10:48:00 PM,2015,4,1,22,48,0,Wednesday,544444.2234,4807761.261,-80.450965,43.421432,At/near private drive,2,P.D. only,Right shoulder,unknown,unknown,Other,Unknown,Dark,07 - Dark,Municipal (excl. Twp. Rd.),No control,unknown,0,0,0,FALSE,FALSE,FALSE,Clear,,FALSE,TRAYNOR AVE,3/7/2019 2:35:48 PM,544444.2234,4807761.261
43846,15-068527,4/2/2015 1:00:00 PM,2015,4,2,13,0,0,Thursday,542055.8151,4811612.999,-80.480172,43.456251,At/near private drive,2,P.D. only,Thru lane,unknown,unknown,SMV unattended vehicle,Unknown,Daylight,01 - Daylight,Municipal (excl. Twp. Rd.),No control,unknown,0,0,0,FALSE,FALSE,FALSE,Clear,,FALSE,PEQUEGNAT AVE,3/7/2019 2:35:47 PM,542055.8151,4811612.999
43847,15-068581,4/2/2015 4:15:00 PM,2015,4,2,16,15,0,Thursday,542404.3672,4806616.754,-80.476252,43.411245,Non intersection,2,P.D. only,Thru lane,unknown,unknown,Rear end,Unknown,Daylight,01 - Daylight,Municipal (excl. Twp. Rd.),No control,unknown,0,0,0,FALSE,FALSE,FALSE,Rain,,FALSE,STRASBURG RD; OLD COUNTRY DR; Near,3/7/2019 2:35:46 PM,542404.3672,4806616.754
43848,15-068644,4/2/2015 8:43:00 PM,2015,4,2,20,43,0,Thursday,543897.3542,4811906.063,-80.457387,43.458784,At intersection,2,P.D. only,Within intersection,unknown,unknown,Turning movement,Unknown,Dark,07 - Dark,Regional municipality,Traffic signal,Functioning,0,0,0,FALSE,FALSE,FALSE,Clear,,FALSE,RIVER RD E; KRUG ST; At,3/7/2019 2:35:45 PM,543897.3542,4811906.063
43849,15-069036,4/3/2015 11:30:00 AM,2015,4,3,11,30,0,Friday,540103.0327,4805792.837,-80.504736,43.403953,At/near private drive,2,P.D. only,Right shoulder,unknown,unknown,SMV unattended vehicle,Unknown,Daylight,01 - Daylight,Municipal (excl. Twp. Rd.),Other,Functioning,0,0,0,FALSE,FALSE,FALSE,Clear,,FALSE,MAX BECKER DR; Near,3/7/2019 2:35:45 PM,540103.0327,4805792.837
43850,15-069037,4/3/2015 12:08:00 PM,2015,4,3,12,8,0,Friday,540732.5936,4810703.608,-80.496595,43.448136,At/near private drive,2,P.D. only,Off highway,unknown,unknown,SMV other,Unknown,Daylight,01 - Daylight,Municipal (excl. Twp. Rd.),Stop sign,Functioning,0,0,0,FALSE,FALSE,FALSE,Clear,,FALSE,WATER ST N; 127 WATER ST N; At; 1 M,3/7/2019 2:35:44 PM,540732.5936,4810703.608