OBJECTID,ACCIDENTNUM,ACCIDENTDATE,ACCIDENT_YEAR,ACCIDENT_MONTH,ACCIDENT_DAY,ACCIDENT_HOUR,ACCIDENT_MINUTE,ACCIDENT_SECOND,ACCIDENT_WEEKDAY,XCOORD,YCOORD,LONGITUDE,LATITUDE,ACCIDENTLOCATION,COLLISIONTYPE,CLASSIFICATIONOFACCIDENT,IMPACTLOCATION,INITIALDIRECTIONOFTRAVELONE,INITIALDIRECTIONOFTRAVELTWO,INITIALIMPACTTYPE,INTTRAFFICCONTROL,LIGHT,LIGHTFORREPORT,ROADJURISDICTION,TRAFFICCONTROL,TRAFFICCONTROLCONDITION,THRULANENO,NORTHBOUNDDISOBEYCOUNT,SOUTHBOUNDDISOBEYCOUNT,PEDESTRIANINVOLVED,CYCLISTINVOLVED,MOTORCYCLISTINVOLVED,ENVIRONMENTCONDITION1,ENVIRONMENTCONDITION2,SELFREPORTED,XMLIMPORTNOTES,LASTEDITEDDATE,x,y
43914,15-088597,4/28/2015 2:00:00 AM,2015,4,28,2,0,0,Tuesday,543890.635,4812080.609,-80.457456,43.460356,At/near private drive,2,P.D. only,Thru lane,unknown,unknown,SMV unattended vehicle,Unknown,"Dark, artificial","08 - Dark, artificial",Municipal (excl. Twp. Rd.),No control,unknown,0,0,0,FALSE,FALSE,FALSE,Clear,,FALSE,ROSEMOUNT DR,3/7/2019 2:34:50 PM,543890.635,4812080.609
43915,15-088732,4/28/2015 5:43:00 PM,2015,4,28,17,43,0,Tuesday,543810.9307,4810788.771,-80.458545,43.448729,Non intersection,2,P.D. only,Right shoulder,unknown,unknown,SMV other,Unknown,Daylight,01 - Daylight,Municipal (excl. Twp. Rd.),No control,unknown,0,0,0,FALSE,FALSE,FALSE,Clear,,FALSE,384 MANCHESTER RD; RIVER RD E; 250 M,3/7/2019 2:34:49 PM,543810.9307,4810788.771
43916,15-089378,4/29/2015 12:30:00 PM,2015,4,29,12,30,0,Wednesday,539619.2912,4811373.447,-80.510305,43.454227,At intersection,1,Non-fatal injury,Within intersection,unknown,unknown,SMV other,Unknown,Daylight,01 - Daylight,Municipal (excl. Twp. Rd.),Traffic signal,Functioning,0,0,0,TRUE,FALSE,FALSE,Clear,,FALSE,GLASGOW ST; PARK ST ; At,3/4/2020 10:04:35 AM,539619.2912,4811373.447
43917,15-089550,4/29/2015 4:33:00 PM,2015,4,29,16,33,0,Wednesday,541650.6107,4809312.177,-80.485356,43.435557,Intersection related,2,Non-reportable,Thru lane,unknown,unknown,Sideswipe,Unknown,Daylight,01 - Daylight,Municipal (excl. Twp. Rd.),Stop sign,Functioning,0,0,0,FALSE,TRUE,FALSE,Clear,,FALSE,MILL ST; HEIMAN ST; At,3/7/2019 2:34:48 PM,541650.6107,4809312.177
43918,15-089603,4/29/2015 3:40:00 PM,2015,4,29,15,40,0,Wednesday,539069.8641,4811132.569,-80.517113,43.452087,At/near private drive,2,P.D. only,Left turn lane,unknown,unknown,Angle,Unknown,Daylight,01 - Daylight,Municipal (excl. Twp. Rd.),No control,unknown,0,0,0,FALSE,FALSE,FALSE,Clear,,FALSE,BELMONT AVE W; At,3/7/2019 2:34:48 PM,539069.8641,4811132.569
43919,15-089624,4/29/2015 3:45:00 PM,2015,4,29,15,45,0,Wednesday,543268.8523,4808887.559,-80.465395,43.431642,Non intersection,2,P.D. only,Thru lane,unknown,unknown,Rear end,Unknown,Daylight,01 - Daylight,Municipal (excl. Twp. Rd.),No control,unknown,0,0,0,FALSE,FALSE,FALSE,Clear,,FALSE,DIXON ST; CARWOOD AVE; Near,3/7/2019 2:34:47 PM,543268.8523,4808887.559
43920,15-089647,4/29/2015 6:52:00 PM,2015,4,29,18,52,0,Wednesday,537582.2712,4807379.042,-80.535757,43.418366,Non intersection,2,P.D. only,Thru lane,unknown,unknown,Rear end,Unknown,Daylight,01 - Daylight,Municipal (excl. Twp. Rd.),No control,unknown,0,0,0,FALSE,FALSE,FALSE,Clear,,FALSE,WESTHEIGHTS DR ; DRIFTWOOD DR ; Near; 300 M,3/7/2019 2:34:46 PM,537582.2712,4807379.042
43921,15-089673,4/29/2015 5:00:00 PM,2015,4,29,17,0,0,Wednesday,540434.8351,4812144.17,-80.500168,43.461123,At/near private drive,2,P.D. only,Thru lane,unknown,unknown,Other,Unknown,Daylight,01 - Daylight,Municipal (excl. Twp. Rd.),No control,unknown,0,0,0,FALSE,FALSE,FALSE,Clear,,FALSE,GUELPH ST; At,3/7/2019 2:34:45 PM,540434.8351,4812144.17
43922,15-089898,4/30/2015 7:12:00 AM,2015,4,30,7,12,0,Thursday,539081.7278,4811109.87,-80.516968,43.451882,At intersection,2,P.D. only,Within intersection,unknown,unknown,Angle,Unknown,Daylight,01 - Daylight,Municipal (excl. Twp. Rd.),Traffic signal,Functioning,0,0,0,FALSE,FALSE,FALSE,Clear,,FALSE,GLASGOW ST; BELMONT AVE W,3/7/2019 2:34:44 PM,539081.7278,4811109.87
43923,15-089994,4/30/2015 3:00:00 AM,2015,4,30,3,0,0,Thursday,542022.8501,4809230.079,-80.480763,43.434797,Other,2,P.D. only,Off highway,unknown,unknown,SMV other,Unknown,Dark,07 - Dark,Private property,No control,unknown,0,0,0,FALSE,FALSE,FALSE,Clear,,FALSE,DIRT PATHWAY; MILL ST ; At,3/7/2019 2:34:44 PM,542022.8501,4809230.079
43924,15-090103,4/29/2015 6:45:00 AM,2015,4,29,6,45,0,Wednesday,541695.7748,4808840.334,-80.484834,43.431306,Intersection related,2,P.D. only,Thru lane,unknown,unknown,SMV unattended vehicle,Unknown,Daylight,01 - Daylight,Municipal (excl. Twp. Rd.),No control,unknown,0,0,0,FALSE,FALSE,FALSE,Clear,,FALSE,HOFFMAN ST; KEHL ST; Near,3/7/2019 2:34:43 PM,541695.7748,4808840.335
43925,15-090119,4/29/2015 6:30:00 PM,2015,4,29,18,30,0,Wednesday,539342.4755,4811683.241,-80.513704,43.457031,At/near private drive,2,P.D. only,Thru lane,unknown,unknown,Turning movement,Unknown,Daylight,01 - Daylight,Municipal (excl. Twp. Rd.),No control,unknown,0,0,0,FALSE,FALSE,FALSE,Clear,,FALSE,MT HOPE ST; Near,3/7/2019 2:34:42 PM,539342.4755,4811683.241
43926,15-090262,4/23/2015 10:00:00 PM,2015,4,23,22,0,0,Thursday,541020.3212,4806605.98,-80.493347,43.411225,At/near private drive,2,P.D. only,Thru lane,unknown,unknown,SMV unattended vehicle,Unknown,Dark,07 - Dark,Municipal (excl. Twp. Rd.),No control,unknown,0,0,0,FALSE,FALSE,FALSE,Clear,,FALSE,HIGHCROFT CRT; Near,3/7/2019 2:34:41 PM,541020.3212,4806605.98
43927,15-090292,4/30/2015 3:47:00 PM,2015,4,30,15,47,0,Thursday,541651.4941,4809313.293,-80.485345,43.435567,Intersection related,2,P.D. only,Thru lane,unknown,unknown,Sideswipe,Unknown,Daylight,01 - Daylight,Township,Stop sign,Functioning,0,0,0,FALSE,FALSE,FALSE,Clear,,FALSE,HEIMAN ST; MILL ST; Near; 10 M,3/7/2019 2:34:40 PM,541651.4941,4809313.293
43928,15-090383,4/30/2015 5:00:00 PM,2015,4,30,17,0,0,Thursday,547025.1858,4804643.81,-80.419351,43.393205,At/near private drive,2,P.D. only,Off highway,unknown,unknown,SMV unattended vehicle,Unknown,Daylight,01 - Daylight,Regional municipality,No control,unknown,0,0,0,FALSE,FALSE,FALSE,Clear,,FALSE,MILL PARK DR; MILL VIEW ST ; 30 M,3/7/2019 2:34:40 PM,547025.1858,4804643.81
43929,15-090814,5/1/2015 8:53:00 AM,2015,5,1,8,53,0,Friday,543083.619,4810047.411,-80.467592,43.442096,Intersection related,2,P.D. only,Right shoulder,unknown,unknown,SMV unattended vehicle,Unknown,Daylight,01 - Daylight,Municipal (excl. Twp. Rd.),Stop sign,Functioning,0,0,0,FALSE,FALSE,FALSE,Clear,,FALSE,SYDNEY ST N; ROSEDALE AVE; At,3/7/2019 2:34:39 PM,543083.619,4810047.411
43930,15-090910,5/1/2015 10:45:00 AM,2015,5,1,10,45,0,Friday,540431.3277,4809653.266,-80.500396,43.438695,Non intersection,2,P.D. only,Thru lane,unknown,unknown,Sideswipe,Unknown,Daylight,01 - Daylight,Municipal (excl. Twp. Rd.),No control,unknown,0,0,0,FALSE,FALSE,FALSE,Clear,,FALSE,QUEENS BLVD; REX DR ; Near; 5 M,3/7/2019 2:34:38 PM,540431.3277,4809653.266
43931,15-091056,4/30/2015 4:00:00 PM,2015,4,30,16,0,0,Thursday,539619.2965,4811372.558,-80.510305,43.454219,Non intersection,2,P.D. only,Thru lane,unknown,unknown,Sideswipe,Unknown,Daylight,01 - Daylight,Municipal (excl. Twp. Rd.),Traffic signal,Functioning,0,0,0,FALSE,FALSE,FALSE,Clear,,FALSE,PARK ST; GLASGOW ST,3/7/2019 2:34:37 PM,539619.2965,4811372.558
43932,15-091063,5/1/2015 2:03:00 PM,2015,5,1,14,3,0,Friday,542709.4076,4808221.956,-80.472359,43.425681,At/near private drive,2,P.D. only,Thru lane,unknown,unknown,Rear end,Unknown,Daylight,01 - Daylight,Municipal (excl. Twp. Rd.),No control,unknown,0,0,0,FALSE,FALSE,FALSE,Clear,,FALSE,HANSON AVE; HANSON AVE; Near; 12 M,3/7/2019 2:34:35 PM,542709.4076,4808221.956
43933,15-091860,5/2/2015 12:48:00 PM,2015,5,2,12,48,0,Saturday,544733.5582,4811505.296,-80.447084,43.455126,Intersection related,2,P.D. only,Thru lane,unknown,unknown,Rear end,Unknown,Daylight,01 - Daylight,Municipal (excl. Twp. Rd.),Stop sign,Functioning,0,0,0,FALSE,FALSE,FALSE,Clear,,FALSE,RIVER RD E; GIBSON DR; 20 M,3/7/2019 2:34:35 PM,544733.5582,4811505.296
43934,15-091914,5/2/2015 2:03:00 PM,2015,5,2,14,3,0,Saturday,542164.8006,4810383.339,-80.47892,43.445173,Intersection related,2,P.D. only,Thru lane,unknown,unknown,Rear end,Unknown,Daylight,01 - Daylight,Regional municipality,Stop sign,Functioning,0,0,0,FALSE,FALSE,FALSE,Clear,,FALSE,KING ST E; PANDORA AVE N; Near; 4 M,3/7/2019 2:34:34 PM,542164.8006,4810383.339
43935,15-091996,5/1/2015 4:00:00 PM,2015,5,1,16,0,0,Friday,547873.8444,4810481.213,-80.408361,43.445711,Other,2,P.D. only,Off highway,unknown,unknown,SMV other,Unknown,Daylight,01 - Daylight,Private property,No control,unknown,0,0,0,FALSE,FALSE,FALSE,Clear,,FALSE,PRIVATE LANEWAY; UPPER MERCER ST ; At,3/7/2019 2:34:33 PM,547873.8444,4810481.213
43936,15-092248,5/2/2015 9:40:00 PM,2015,5,2,21,40,0,Saturday,548935.4634,4806115.85,-80.395633,43.406337,At intersection,2,P.D. only,Within intersection,unknown,unknown,Turning movement,Unknown,Dark,07 - Dark,Municipal (excl. Twp. Rd.),Stop sign,Functioning,0,0,0,FALSE,FALSE,FALSE,Clear,,FALSE,PIONEER TOWER RD; BAXTER PL; At,3/7/2019 2:34:32 PM,548935.4634,4806115.85
43937,15-092380,5/3/2015 12:45:00 AM,2015,5,3,0,45,0,Sunday,540273.4243,4812038.694,-80.502171,43.460182,Non intersection,2,P.D. only,Thru lane,unknown,unknown,SMV unattended vehicle,Unknown,Dark,07 - Dark,Municipal (excl. Twp. Rd.),No control,unknown,0,0,0,FALSE,FALSE,FALSE,Clear,,FALSE,GUELPH ST; WATERLOO ST ; 100 M,3/7/2019 2:34:32 PM,540273.4243,4812038.694
43938,15-092691,5/2/2015 10:00:00 AM,2015,5,2,10,0,0,Saturday,541721.6722,4808853.933,-80.484513,43.431427,At/near private drive,2,P.D. only,Thru lane,unknown,unknown,SMV unattended vehicle,Unknown,Daylight,01 - Daylight,Municipal (excl. Twp. Rd.),No control,unknown,0,0,0,FALSE,FALSE,FALSE,Clear,,FALSE,HOFFMAN ST; At,3/7/2019 2:34:31 PM,541721.6722,4808853.933
43939,15-092696,5/3/2015 1:00:00 PM,2015,5,3,13,0,0,Sunday,544864.7314,4812935.764,-80.445345,43.467998,At/near private drive,2,P.D. only,Thru lane,unknown,unknown,Turning movement,Unknown,Daylight,01 - Daylight,Municipal (excl. Twp. Rd.),No control,unknown,0,0,0,FALSE,FALSE,FALSE,Clear,,FALSE,SUNRISE DR; At,3/7/2019 2:34:30 PM,544864.7314,4812935.764
43940,15-092869,5/3/2015 6:00:00 PM,2015,5,3,18,0,0,Sunday,541367.3004,4810875.62,-80.488738,43.44965,Non intersection,2,P.D. only,Not on roadway - right side,unknown,unknown,SMV unattended vehicle,Unknown,Daylight,01 - Daylight,Regional municipality,No control,unknown,0,0,0,FALSE,FALSE,FALSE,Clear,,FALSE,KING ST E; 19 KING ST E; 4 M,3/7/2019 2:34:29 PM,541367.3004,4810875.62
43941,15-093149,5/4/2015 6:57:00 AM,2015,5,4,6,57,0,Monday,538053.3159,4807069.825,-80.52996,43.415558,Intersection related,2,P.D. only,Not on roadway - right side,unknown,unknown,SMV other,Unknown,Daylight,01 - Daylight,Municipal (excl. Twp. Rd.),No control,unknown,0,0,0,FALSE,FALSE,FALSE,Clear,,FALSE,ROYAL ORCHARD DR ; ROYAL ORCHARD PL ; 10 M,3/7/2019 2:34:28 PM,538053.3159,4807069.825
43942,15-093217,5/4/2015 9:00:00 AM,2015,5,4,9,0,0,Monday,540069.207,4810886.104,-80.50478,43.449815,Overpass or bridge,2,P.D. only,Thru lane,unknown,unknown,SMV other,Unknown,Daylight,01 - Daylight,Municipal (excl. Twp. Rd.),Stop sign,Functioning,0,0,0,FALSE,FALSE,FALSE,Clear,,FALSE,PARK ST; CHERRY ST; 10 M,3/7/2019 2:34:28 PM,540069.207,4810886.104
43943,15-093366,4/14/2015 12:00:00 PM,2015,4,14,12,0,0,Tuesday,542837.8844,4806523.535,-80.470905,43.410381,Other,2,P.D. only,Off highway,unknown,unknown,SMV unattended vehicle,Unknown,Daylight,01 - Daylight,Private property,No control,unknown,0,0,0,FALSE,FALSE,FALSE,Snow,,FALSE,SANDSPRINGS CRES; At,3/7/2019 2:34:27 PM,542837.8844,4806523.535
43944,15-093393,5/4/2015 9:15:00 AM,2015,5,4,9,15,0,Monday,542586.3476,4816059.043,-80.473267,43.496253,At/near private drive,2,P.D. only,Thru lane,unknown,unknown,SMV unattended vehicle,Unknown,Daylight,01 - Daylight,Municipal (excl. Twp. Rd.),No control,unknown,0,0,0,FALSE,FALSE,FALSE,Clear,,FALSE,FALCONRIDGE DR; At,3/7/2019 2:34:26 PM,542586.3476,4816059.043
43945,15-093436,5/4/2015 2:00:00 PM,2015,5,4,14,0,0,Monday,541788.7056,4811997.61,-80.483444,43.459729,At/near private drive,2,P.D. only,Right shoulder,unknown,unknown,SMV unattended vehicle,Unknown,Daylight,01 - Daylight,Municipal (excl. Twp. Rd.),No control,unknown,0,0,0,FALSE,FALSE,FALSE,Clear,,FALSE,BREITHAUPT ST W; LANCASTER ST W; 50 M,3/7/2019 2:34:26 PM,541788.7056,4811997.61
43946,15-093514,5/4/2015 3:32:00 PM,2015,5,4,15,32,0,Monday,541229.2208,4810749.719,-80.490454,43.448524,Intersection related,2,P.D. only,Thru lane,unknown,unknown,Other,Unknown,Daylight,01 - Daylight,Municipal (excl. Twp. Rd.),Stop sign,Functioning,0,0,0,FALSE,FALSE,FALSE,Clear,,FALSE,QUEEN ST S; CHURCH ST; At,3/7/2019 2:34:25 PM,541229.2208,4810749.719
43947,15-093689,4/27/2015 8:39:00 PM,2015,4,27,20,39,0,Monday,544645.6729,4809076.34,-80.448369,43.433261,Non intersection,2,P.D. only,Thru lane,unknown,unknown,Other,Unknown,"Daylight, artificial","02 - Daylight, artificial",Municipal (excl. Twp. Rd.),No control,unknown,0,0,0,FALSE,FALSE,FALSE,Clear,,FALSE,KINGSWAY DR; FRANKLIN ST S; 41 M,3/7/2019 2:34:24 PM,544645.6729,4809076.34
43948,15-093875,5/5/2015 5:33:00 AM,2015,5,5,5,33,0,Tuesday,545856.8882,4804740.285,-80.433768,43.394146,At intersection,1,Non-fatal injury,Within intersection,unknown,unknown,Turning movement,Unknown,"Dawn, artificial","04 - Dawn, artificial",Municipal (excl. Twp. Rd.),Stop sign,Functioning,0,0,0,FALSE,FALSE,FALSE,Clear,,FALSE,PIONEER DR ; OLD CARRIAGE DR,3/7/2019 2:34:22 PM,545856.8882,4804740.285
43949,15-094280,5/5/2015 3:35:00 PM,2015,5,5,15,35,0,Tuesday,542111.6491,4812323.588,-80.479427,43.462646,Intersection related,2,P.D. only,Left turn lane,unknown,unknown,Rear end,Unknown,Daylight,01 - Daylight,Municipal (excl. Twp. Rd.),Stop sign,Functioning,0,0,0,FALSE,FALSE,FALSE,Clear,,FALSE,SPRING VALLEY RD; WELLINGTON ST N,3/7/2019 2:34:21 PM,542111.6491,4812323.588
43950,15-094383,5/3/2015 6:00:00 PM,2015,5,3,18,0,0,Sunday,540981.1015,4810142.367,-80.493566,43.443069,At railway crossing,2,Non-reportable,Thru lane,unknown,unknown,Rear end,Unknown,Daylight,01 - Daylight,Municipal (excl. Twp. Rd.),Other,Functioning,0,0,0,FALSE,FALSE,FALSE,Clear,,FALSE,MILL ST; QUEEN ST S; Near,3/7/2019 2:34:21 PM,540981.1015,4810142.367
43951,15-094714,5/6/2015 8:11:00 AM,2015,5,6,8,11,0,Wednesday,542868.2047,4810784.265,-80.470196,43.448743,At intersection,2,P.D. only,Within intersection,unknown,unknown,Angle,Unknown,Daylight,01 - Daylight,Municipal (excl. Twp. Rd.),Stop sign,Functioning,0,0,0,FALSE,FALSE,FALSE,Clear,,FALSE,EAST AVE; STIRLING AVE N,3/7/2019 2:34:20 PM,542868.2047,4810784.265
43952,15-094991,5/6/2015 9:40:00 AM,2015,5,6,9,40,0,Wednesday,546267.5652,4808546.732,-80.428375,43.428394,Intersection related,2,P.D. only,Thru lane,unknown,unknown,Rear end,Unknown,Daylight,01 - Daylight,Municipal (excl. Twp. Rd.),Stop sign,Functioning,0,0,0,FALSE,FALSE,FALSE,Clear,,FALSE,SOUTHILL DR ; MORGAN AVE ; At,3/7/2019 2:34:19 PM,546267.5652,4808546.732
43953,15-095113,5/6/2015 4:55:00 PM,2015,5,6,16,55,0,Wednesday,538169.7887,4809835.775,-80.528328,43.440457,At/near private drive,2,P.D. only,Thru lane,unknown,unknown,Turning movement,Unknown,Daylight,01 - Daylight,Municipal (excl. Twp. Rd.),No control,unknown,0,0,0,FALSE,FALSE,FALSE,Clear,,FALSE,DALEGROVE DR; 19 DALEGROVE DR ; 0 M,3/7/2019 2:34:18 PM,538169.7887,4809835.775
43954,15-095228,5/6/2015 6:30:00 PM,2015,5,6,18,30,0,Wednesday,543069.2834,4807475.913,-80.467972,43.418943,Intersection related,2,P.D. only,Thru lane,unknown,unknown,Sideswipe,Unknown,Daylight,01 - Daylight,Municipal (excl. Twp. Rd.),Yield sign,Functioning,0,0,0,FALSE,FALSE,FALSE,Clear,,FALSE,BLOCK LINE RD; HANOVER ST; At,3/7/2019 2:34:17 PM,543069.2834,4807475.913
43955,15-095521,5/7/2015 7:59:00 AM,2015,5,7,7,59,0,Thursday,544159.1637,4808630.779,-80.454416,43.429278,At/near private drive,1,Non-fatal injury,Thru lane,unknown,unknown,Turning movement,Unknown,Daylight,01 - Daylight,Municipal (excl. Twp. Rd.),No control,unknown,0,0,0,FALSE,TRUE,FALSE,Clear,,FALSE,FIFTH AVE; FIFTH AVE ; Near; 3 M,3/7/2019 2:34:16 PM,544159.1637,4808630.779
43956,15-095651,5/7/2015 10:38:00 AM,2015,5,7,10,38,0,Thursday,540147.8087,4810119.473,-80.503865,43.442908,Non intersection,2,Non-reportable,Thru lane,unknown,unknown,SMV other,Unknown,Daylight,01 - Daylight,Municipal (excl. Twp. Rd.),No control,unknown,0,0,0,FALSE,FALSE,FALSE,Clear,,FALSE,HOMEWOOD AVE; WEST AVE ; 9 M,3/7/2019 2:34:16 PM,540147.8087,4810119.473
43957,15-096036,5/7/2015 7:03:00 PM,2015,5,7,19,3,0,Thursday,539845.6086,4809604.467,-80.507637,43.438287,At intersection,1,Non-fatal injury,Within intersection,unknown,unknown,Angle,Unknown,Daylight,01 - Daylight,Municipal (excl. Twp. Rd.),Stop sign,Functioning,0,0,0,FALSE,FALSE,FALSE,Clear,,FALSE,ROXBOROUGH AVE; MARLBOROUGH AVE,3/7/2019 2:34:15 PM,539845.6086,4809604.467
43958,15-096402,5/8/2015 8:24:00 AM,2015,5,8,8,24,0,Friday,539806.4192,4809799.703,-80.508107,43.440047,Non intersection,2,P.D. only,Thru lane,unknown,unknown,Sideswipe,Unknown,Daylight,01 - Daylight,Municipal (excl. Twp. Rd.),No control,unknown,0,0,0,FALSE,FALSE,FALSE,Clear,,FALSE,BELMONT AVE W; HIGHLAND RD W; Near; 50 M,3/7/2019 2:34:14 PM,539806.4192,4809799.703
43959,15-096769,5/8/2015 10:00:00 AM,2015,5,8,10,0,0,Friday,547157.9924,4809894.755,-80.417258,43.440476,At/near private drive,2,P.D. only,Not on roadway - right side,unknown,unknown,SMV unattended vehicle,Unknown,Daylight,01 - Daylight,Municipal (excl. Twp. Rd.),No control,unknown,0,0,0,FALSE,FALSE,FALSE,Clear,,FALSE,FAIRWAY CRES; At,3/7/2019 2:34:13 PM,547157.9924,4809894.755
43960,15-096912,5/8/2015 5:12:00 PM,2015,5,8,17,12,0,Friday,538823.9116,4811101.494,-80.520155,43.45182,Non intersection,1,Non-fatal injury,Right shoulder,unknown,unknown,Sideswipe,Unknown,Daylight,01 - Daylight,Municipal (excl. Twp. Rd.),No control,unknown,0,0,0,FALSE,TRUE,FALSE,Clear,,FALSE,AVONDALE AVE; 664 AVONDALE AVE; Near; 20 M,3/7/2019 2:34:12 PM,538823.9116,4811101.494
43961,15-097307,5/9/2015 1:40:00 AM,2015,5,9,1,40,0,Saturday,541421.7102,4810764.56,-80.488074,43.448647,Non intersection,2,P.D. only,Right shoulder,unknown,unknown,SMV other,Unknown,"Dark, artificial","08 - Dark, artificial",Municipal (excl. Twp. Rd.),No control,unknown,0,0,0,FALSE,FALSE,FALSE,Clear,,FALSE,HALLS LANE E; BENTON ST ; 16 M,3/7/2019 2:34:12 PM,541421.7102,4810764.56
43962,15-097386,5/9/2015 4:30:00 AM,2015,5,9,4,30,0,Saturday,545723.6314,4811004.162,-80.434889,43.450554,Non intersection,1,Non-fatal injury,Off highway,unknown,unknown,SMV other,Unknown,"Dark, artificial","08 - Dark, artificial",Municipal (excl. Twp. Rd.),No control,unknown,0,0,0,FALSE,FALSE,FALSE,Clear,,FALSE,CHARTWELL CRT; CHARTWELL CRT ; 2 M,3/7/2019 2:34:10 PM,545723.6314,4811004.162
43963,15-097459,5/9/2015 9:24:00 AM,2015,5,9,9,24,0,Saturday,544515.5429,4811757.741,-80.449758,43.457412,Non intersection,1,Non-fatal injury,Thru lane,unknown,unknown,Rear end,Unknown,Daylight,01 - Daylight,Regional municipality,No control,unknown,0,0,0,FALSE,FALSE,FALSE,Clear,,FALSE,RIVER RD E; LORRAINE AVE; Near; 100 M,3/7/2019 2:34:09 PM,544515.5429,4811757.741
43964,15-098569,5/10/2015 6:45:00 PM,2015,5,10,18,45,0,Sunday,541000.5425,4812054.63,-80.493182,43.460286,Non intersection,2,P.D. only,Right shoulder,unknown,unknown,SMV unattended vehicle,Unknown,Dark,07 - Dark,Regional municipality,No control,unknown,0,0,0,FALSE,FALSE,FALSE,Rain,,FALSE,WILHEM ST.; MARGARET AVE N; Near; 100 M,3/4/2020 10:04:34 AM,541000.5425,4812054.63
43965,15-098936,5/11/2015 9:00:00 AM,2015,5,11,9,0,0,Monday,544774.0799,4808070.194,-80.446865,43.424194,At/near private drive,2,P.D. only,Thru lane,unknown,unknown,SMV unattended vehicle,Unknown,Daylight,01 - Daylight,Municipal (excl. Twp. Rd.),No control,unknown,0,0,0,FALSE,FALSE,FALSE,Clear,,FALSE,TRAYNOR AVE; Near,3/7/2019 2:34:09 PM,544774.0799,4808070.194
43966,15-099016,5/11/2015 10:00:00 AM,2015,5,11,10,0,0,Monday,541875.7029,4810742.931,-80.482465,43.448427,At intersection,1,Non-fatal injury,Within intersection,unknown,unknown,Angle,Unknown,Daylight,01 - Daylight,Municipal (excl. Twp. Rd.),Stop sign,Functioning,0,0,0,FALSE,FALSE,FALSE,Clear,,FALSE,CEDAR ST N; DUKE ST E,3/7/2019 2:34:08 PM,541875.7029,4810742.931
43967,15-099192,5/11/2015 2:34:00 PM,2015,5,11,14,34,0,Monday,541181.438,4809391.925,-80.491147,43.436301,At intersection,1,Non-fatal injury,Within intersection,unknown,unknown,Turning movement,Unknown,Daylight,01 - Daylight,Regional municipality,Traffic signal,Functioning,0,0,0,FALSE,FALSE,FALSE,Clear,,FALSE,STIRLING AVE S; HIGHLAND RD E,3/7/2019 2:34:07 PM,541181.438,4809391.925
43968,15-099201,5/11/2015 2:48:00 PM,2015,5,11,14,48,0,Monday,539710.3624,4809908.976,-80.509286,43.441036,At intersection,1,Non-fatal injury,Within intersection,unknown,unknown,Angle,Unknown,Daylight,01 - Daylight,Regional municipality,Stop sign,Functioning,0,0,0,FALSE,TRUE,FALSE,Clear,,FALSE,BELMONT AVE W; METZLOFF DR; At,3/7/2019 2:34:06 PM,539710.3624,4809908.976
43969,15-099285,5/11/2015 4:35:00 PM,2015,5,11,16,35,0,Monday,541068,4811108,0,0,Non intersection,2,Non-reportable,Thru lane,unknown,unknown,Sideswipe,Unknown,Daylight,01 - Daylight,Municipal (excl. Twp. Rd.),No control,unknown,0,0,0,FALSE,FALSE,FALSE,Clear,,FALSE,UNION ST ; KING ST S; 60 M,3/4/2020 10:04:34 AM,541068,4811108
43970,15-099425,5/11/2015 8:29:00 PM,2015,5,11,20,29,0,Monday,544883.327,4804848.36,-80.44578,43.395178,At intersection,1,Non-fatal injury,Within intersection,unknown,unknown,Turning movement,Unknown,"Dark, artificial","08 - Dark, artificial",Regional municipality,Traffic signal,Functioning,0,0,0,FALSE,FALSE,FALSE,Rain,,FALSE,DOON VILLAGE RD ; PIONEER DR ; At,3/7/2019 2:34:04 PM,544883.327,4804848.36
43971,15-099518,5/11/2015 11:37:00 PM,2015,5,11,23,37,0,Monday,545907.8398,4809345.143,-80.432752,43.435605,At intersection,1,Non-fatal injury,Within intersection,unknown,unknown,Angle,Unknown,"Dark, artificial","08 - Dark, artificial",Township,Stop sign,Functioning,0,0,1,FALSE,FALSE,FALSE,Clear,,FALSE,KINZIE AVE; THALER AVE,3/7/2019 2:34:04 PM,545907.8398,4809345.143
43972,15-099916,5/12/2015 2:50:00 PM,2015,5,12,14,50,0,Tuesday,545853.0899,4809755.479,-80.433394,43.439303,At intersection,1,Non-fatal injury,Within intersection,unknown,unknown,Turning movement,Unknown,Daylight,01 - Daylight,Municipal (excl. Twp. Rd.),Traffic signal,Functioning,0,0,0,FALSE,FALSE,FALSE,Clear,,FALSE,RIVER RD E; OLD CHICOPEE DR ; At,3/7/2019 2:34:03 PM,545853.0899,4809755.479
43973,15-100065,5/12/2015 6:30:00 PM,2015,5,12,18,30,0,Tuesday,546994.2576,4808375.61,-80.419412,43.426808,At intersection,2,P.D. only,Within intersection,unknown,unknown,Turning movement,Unknown,Daylight,01 - Daylight,Municipal (excl. Twp. Rd.),Traffic signal,Functioning,0,0,0,FALSE,TRUE,FALSE,Clear,,FALSE,GRAND RIVER BLVD; RIVER RD E; At,3/7/2019 2:34:02 PM,546994.2576,4808375.61
43974,15-100244,5/12/2015 11:11:00 PM,2015,5,12,23,11,0,Tuesday,543071.3023,4805497.151,-80.468103,43.401126,At intersection,2,P.D. only,Within intersection,unknown,unknown,Angle,Unknown,"Daylight, artificial","02 - Daylight, artificial",Regional municipality,Stop sign,Functioning,0,0,0,FALSE,FALSE,FALSE,"Fog, mist, smoke, dust",,FALSE,TRILLIUM DR ; STRASBURG RD ; At,3/7/2019 2:34:01 PM,543071.3023,4805497.151
43975,15-100317,5/13/2015 3:45:00 AM,2015,5,13,3,45,0,Wednesday,541418.1826,4808611.504,-80.488281,43.429261,Non intersection,2,P.D. only,Right turn channel,unknown,unknown,SMV other,Unknown,"Dark, artificial","08 - Dark, artificial",Regional municipality,No control,unknown,0,0,0,FALSE,FALSE,FALSE,Clear,,FALSE,HOMER WATSON BLVD TO HWY 7 8  E; E HWY 7 8 ; 0 M,3/7/2019 2:34:00 PM,541418.1826,4808611.504