OBJECTID,ACCIDENTNUM,ACCIDENTDATE,ACCIDENT_YEAR,ACCIDENT_MONTH,ACCIDENT_DAY,ACCIDENT_HOUR,ACCIDENT_MINUTE,ACCIDENT_SECOND,ACCIDENT_WEEKDAY,XCOORD,YCOORD,LONGITUDE,LATITUDE,ACCIDENTLOCATION,COLLISIONTYPE,CLASSIFICATIONOFACCIDENT,IMPACTLOCATION,INITIALDIRECTIONOFTRAVELONE,INITIALDIRECTIONOFTRAVELTWO,INITIALIMPACTTYPE,INTTRAFFICCONTROL,LIGHT,LIGHTFORREPORT,ROADJURISDICTION,TRAFFICCONTROL,TRAFFICCONTROLCONDITION,THRULANENO,NORTHBOUNDDISOBEYCOUNT,SOUTHBOUNDDISOBEYCOUNT,PEDESTRIANINVOLVED,CYCLISTINVOLVED,MOTORCYCLISTINVOLVED,ENVIRONMENTCONDITION1,ENVIRONMENTCONDITION2,SELFREPORTED,XMLIMPORTNOTES,LASTEDITEDDATE,x,y
43976,15-100503,5/12/2015 11:00:00 AM,2015,5,12,11,0,0,Tuesday,545786.1586,4802616.538,-80.434819,43.375028,At/near private drive,2,P.D. only,Thru lane,unknown,unknown,SMV unattended vehicle,Unknown,Daylight,01 - Daylight,Municipal (excl. Twp. Rd.),No control,unknown,0,0,0,FALSE,FALSE,FALSE,Clear,,FALSE,THOMAS SLEE DR,3/7/2019 2:33:59 PM,545786.1586,4802616.538
43977,15-100715,5/13/2015 3:02:00 PM,2015,5,13,15,2,0,Wednesday,543071.5573,4805495.265,-80.4681,43.401109,At intersection,2,P.D. only,Within intersection,unknown,unknown,Angle,Unknown,Daylight,01 - Daylight,Regional municipality,Stop sign,Functioning,0,0,1,FALSE,FALSE,FALSE,Clear,,FALSE,STRASBURG RD; TRILLIUM DR; At,3/7/2019 2:33:59 PM,543071.5573,4805495.265
43978,15-100784,5/12/2015 3:20:00 PM,2015,5,12,15,20,0,Tuesday,545855.486,4807128.433,-80.433585,43.415649,Non intersection,2,P.D. only,Thru lane,unknown,unknown,Rear end,Unknown,Daylight,01 - Daylight,Municipal (excl. Twp. Rd.),No control,unknown,0,0,0,FALSE,FALSE,FALSE,Clear,,FALSE,WABANAKI DR; GOODRICH DR; Near,3/7/2019 2:33:58 PM,545855.486,4807128.433
43979,15-100963,5/13/2015 5:00:00 PM,2015,5,13,17,0,0,Wednesday,540606.4254,4811579.788,-80.498089,43.456032,At/near private drive,2,P.D. only,Thru lane,unknown,unknown,Other,Unknown,Daylight,01 - Daylight,Municipal (excl. Twp. Rd.),No control,unknown,0,0,0,FALSE,FALSE,FALSE,Clear,,FALSE,WELLINGTON ST N; At,3/7/2019 2:33:57 PM,540606.4254,4811579.788
43980,15-101288,5/13/2015 7:45:00 PM,2015,5,13,19,45,0,Wednesday,541041.0821,4809647.732,-80.492862,43.438612,At/near private drive,2,P.D. only,Thru lane,unknown,unknown,Rear end,Unknown,Daylight,01 - Daylight,Regional municipality,No control,unknown,0,0,0,FALSE,FALSE,FALSE,Clear,,FALSE,HIGHLAND RD E; Near,3/7/2019 2:33:55 PM,541041.0821,4809647.732
43981,15-102366,5/15/2015 3:56:00 PM,2015,5,15,15,56,0,Friday,542446.4996,4807281.386,-80.47568,43.417227,Intersection related,2,P.D. only,Thru lane,unknown,unknown,Turning movement,Unknown,Daylight,01 - Daylight,Municipal (excl. Twp. Rd.),Stop sign,Functioning,0,0,0,FALSE,FALSE,FALSE,Clear,,FALSE,COUNTRY HILL DR; BLOCK LINE RD,3/7/2019 2:33:54 PM,542446.4996,4807281.386
43982,15-102396,5/15/2015 1:10:00 PM,2015,5,15,13,10,0,Friday,541662.9446,4810407.207,-80.48512,43.445416,At intersection,2,P.D. only,Within intersection,unknown,unknown,Angle,Unknown,Daylight,01 - Daylight,Municipal (excl. Twp. Rd.),Stop sign,Functioning,0,1,0,FALSE,FALSE,FALSE,Clear,,FALSE,CEDAR ST S; CHURCH ST,3/7/2019 2:33:54 PM,541662.9446,4810407.207
43983,15-102423,5/15/2015 3:50:00 PM,2015,5,15,15,50,0,Friday,546415.123,4803494.435,-80.426981,43.382894,Intersection related,2,P.D. only,Thru lane,unknown,unknown,Turning movement,Unknown,Daylight,01 - Daylight,Municipal (excl. Twp. Rd.),Stop sign,Functioning,0,0,0,FALSE,FALSE,FALSE,Clear,,FALSE,DOON SOUTH DR; FOREST EDGE TRAIL; Near,3/7/2019 2:33:53 PM,546415.123,4803494.436
43984,15-103660,5/17/2015 2:36:00 AM,2015,5,17,2,36,0,Sunday,536974.3763,4808250.282,-80.543207,43.426241,Non intersection,2,P.D. only,Not on roadway - left side,unknown,unknown,SMV other,Unknown,"Dark, artificial","08 - Dark, artificial",Municipal (excl. Twp. Rd.),No control,unknown,0,0,0,FALSE,FALSE,FALSE,Clear,,FALSE,BANKSIDE DR; WESTFOREST TRAIL ; 50 M,3/7/2019 2:33:52 PM,536974.3763,4808250.282
43985,15-104003,5/17/2015 3:21:00 PM,2015,5,17,15,21,0,Sunday,538809.3835,4807677.743,-80.520578,43.420993,At/near private drive,1,Non-fatal injury,Thru lane,unknown,unknown,Other,Unknown,Daylight,01 - Daylight,Municipal (excl. Twp. Rd.),No control,unknown,0,0,0,FALSE,FALSE,FALSE,Clear,,FALSE,FORESTWOOD DR ;  27 FORESTWOOD DR ; Near; 3 M,3/7/2019 2:33:51 PM,538809.3835,4807677.743
43986,15-104677,5/18/2015 12:49:00 PM,2015,5,18,12,49,0,Monday,541068,4811108,0,0,Other,2,P.D. only,Off highway,unknown,unknown,SMV other,Unknown,Daylight,01 - Daylight,Private property,No control,unknown,0,0,0,FALSE,FALSE,FALSE,Clear,,FALSE,GALLERIA UNDERGOUND PARKING; FREDERICK ST E,3/7/2019 2:33:51 PM,541068,4811108
43987,15-105034,5/18/2015 9:00:00 PM,2015,5,18,21,0,0,Monday,544761.8641,4811446.177,-80.446739,43.454592,At intersection,2,P.D. only,Within intersection,unknown,unknown,SMV other,Unknown,"Dark, artificial","08 - Dark, artificial",Regional municipality,Traffic signal,Functioning,0,0,0,FALSE,FALSE,TRUE,Clear,,FALSE,RIVER RD E; HICKSON DR; At,3/7/2019 2:33:50 PM,544761.8641,4811446.177
43988,15-105182,5/19/2015 1:22:00 AM,2015,5,19,1,22,0,Tuesday,542254.0583,4807863.804,-80.478012,43.422482,At/near private drive,2,P.D. only,Off highway,unknown,unknown,SMV other,Unknown,"Dark, artificial","08 - Dark, artificial",Municipal (excl. Twp. Rd.),No control,unknown,0,0,0,FALSE,FALSE,FALSE,Clear,,FALSE,ALPINE RD ; KINGSWOOD DR ; Near; 50 M,3/7/2019 2:33:49 PM,542254.0583,4807863.804
43989,15-105339,5/19/2015 9:22:00 AM,2015,5,19,9,22,0,Tuesday,541183.8563,4810691.912,-80.491019,43.448006,At intersection,1,Non-fatal injury,Within intersection,unknown,unknown,SMV other,Unknown,Daylight,01 - Daylight,Municipal (excl. Twp. Rd.),Traffic signal,Functioning,0,0,0,TRUE,FALSE,FALSE,Clear,,FALSE,QUEEN ST S; JOSEPH ST,3/7/2019 2:33:48 PM,541183.8563,4810691.912
43990,15-105439,5/17/2015 9:00:00 PM,2015,5,17,21,0,0,Sunday,541610.7115,4811750.507,-80.485663,43.457514,Non intersection,2,P.D. only,Thru lane,unknown,unknown,SMV unattended vehicle,Unknown,Dark,07 - Dark,Regional municipality,No control,unknown,0,0,0,FALSE,FALSE,FALSE,Clear,,FALSE,ST LEGER ST; VICTORIA ST N; Near,3/7/2019 2:33:48 PM,541610.7115,4811750.507
43991,15-105492,5/19/2015 11:25:00 AM,2015,5,19,11,25,0,Tuesday,541952.2556,4810520.951,-80.481536,43.446424,At/near private drive,2,P.D. only,Not on roadway - left side,unknown,unknown,Sideswipe,Unknown,Daylight,01 - Daylight,Regional municipality,No control,unknown,0,0,0,FALSE,TRUE,FALSE,Clear,,FALSE,KING ST E; At,3/7/2019 2:33:47 PM,541952.2556,4810520.951
43992,15-105529,5/19/2015 1:00:00 PM,2015,5,19,13,0,0,Tuesday,541442.4871,4811083.434,-80.487793,43.451517,Non intersection,1,Non-fatal injury,Thru lane,unknown,unknown,SMV other,Unknown,Daylight,01 - Daylight,Municipal (excl. Twp. Rd.),No control,unknown,0,0,0,TRUE,FALSE,FALSE,Clear,,FALSE,QUEEN ST N; DUKE ST E; 80 M,3/7/2019 2:33:46 PM,541442.4871,4811083.434
43993,15-105635,5/19/2015 4:05:00 PM,2015,5,19,16,5,0,Tuesday,545333.0323,4813425.021,-80.439515,43.472375,At/near private drive,2,P.D. only,Thru lane,unknown,unknown,Turning movement,Unknown,Daylight,01 - Daylight,Regional municipality,Traffic signal,Functioning,0,0,0,FALSE,FALSE,FALSE,Clear,,FALSE,BINGEMANS CENTRE DR; VICTORIA ST N; Near; 100 M,3/7/2019 2:33:45 PM,545333.0323,4813425.021
43994,15-106159,5/20/2015 11:51:00 AM,2015,5,20,11,51,0,Wednesday,545513.4334,4808471.632,-80.437698,43.427764,At/near private drive,1,Non-fatal injury,Thru lane,unknown,unknown,Angle,Unknown,Daylight,01 - Daylight,Municipal (excl. Twp. Rd.),Stop sign,Functioning,0,0,0,FALSE,FALSE,FALSE,Clear,,FALSE,KINGSWAY DR ; CEDARWOODS CRES ; At; 90 M,3/7/2019 2:33:45 PM,545513.4334,4808471.632
43995,15-106489,5/20/2015 8:15:00 PM,2015,5,20,20,15,0,Wednesday,543214.4425,4804527.616,-80.466412,43.392388,At intersection,2,P.D. only,Within intersection,unknown,unknown,SMV other,Unknown,Daylight,01 - Daylight,Regional municipality,Yield sign,Functioning,0,0,0,FALSE,FALSE,FALSE,Clear,,FALSE,STRASBURG RD; HURON RD; At,3/7/2019 2:33:44 PM,543214.4425,4804527.616
43996,15-107193,5/21/2015 5:20:00 PM,2015,5,21,17,20,0,Thursday,541827.5264,4807472.211,-80.483311,43.41898,Non intersection,1,Non-fatal injury,Thru lane,unknown,unknown,Rear end,Unknown,Daylight,01 - Daylight,Regional municipality,No control,unknown,0,0,0,FALSE,FALSE,FALSE,Clear,,FALSE,STRASBURG RD; Near,3/7/2019 2:33:43 PM,541827.5264,4807472.211
43997,15-107208,5/21/2015 5:00:00 PM,2015,5,21,17,0,0,Thursday,537493.709,4807392.987,-80.53685,43.418496,Non intersection,2,P.D. only,Thru lane,unknown,unknown,SMV unattended vehicle,Unknown,Daylight,01 - Daylight,Municipal (excl. Twp. Rd.),No control,unknown,0,0,0,FALSE,FALSE,FALSE,Clear,,FALSE,WESTHEIGHTS DR; DRIFTWOOD DR ; At; 100 M,3/7/2019 2:33:43 PM,537493.709,4807392.987
43998,15-107557,5/22/2015 11:15:00 AM,2015,5,22,11,15,0,Friday,541048.8282,4809638.228,-80.492767,43.438526,Non intersection,2,P.D. only,Not on roadway - right side,unknown,unknown,SMV other,Unknown,Daylight,01 - Daylight,Municipal (excl. Twp. Rd.),No control,unknown,0,0,0,FALSE,FALSE,FALSE,Clear,,FALSE,HIGHLAND RD E; 174 HIGHLAND RD E; At; 0 M,3/7/2019 2:33:42 PM,541048.8282,4809638.228
43999,15-107827,5/22/2015 5:30:00 PM,2015,5,22,17,30,0,Friday,541038.3995,4811178.474,-80.49278,43.452395,Intersection related,2,Non-reportable,Thru lane,unknown,unknown,Rear end,Unknown,Daylight,01 - Daylight,Regional municipality,Stop sign,Functioning,0,0,0,FALSE,FALSE,FALSE,Clear,,FALSE,DUKE ST W; COLLEGE ST; At,3/7/2019 2:33:41 PM,541038.3995,4811178.474
44000,15-108131,5/22/2015 1:16:00 AM,2015,5,22,1,16,0,Friday,545103.1314,4804762.975,-80.443073,43.394396,Non intersection,2,P.D. only,Right shoulder,unknown,unknown,Sideswipe,Unknown,Dark,07 - Dark,Municipal (excl. Twp. Rd.),No control,unknown,0,0,0,FALSE,FALSE,FALSE,Clear,,FALSE,PIONEER DR; PIONEER DR ; Near; 5 M,3/7/2019 2:33:41 PM,545103.1314,4804762.975
44001,15-108212,5/23/2015 6:27:00 AM,2015,5,23,6,27,0,Saturday,537875.2847,4808411.208,-80.532066,43.427645,Non intersection,2,P.D. only,Thru lane,unknown,unknown,SMV unattended vehicle,Unknown,Daylight,01 - Daylight,Municipal (excl. Twp. Rd.),No control,unknown,0,0,0,FALSE,FALSE,FALSE,Clear,,FALSE,BLACKWELL DR; MONTEAGLE CRES; 20 M,3/7/2019 2:33:40 PM,537875.2847,4808411.208
44002,15-108435,5/23/2015 10:30:00 AM,2015,5,23,10,30,0,Saturday,540772.2685,4812143.76,-80.495997,43.461101,At/near private drive,2,P.D. only,Thru lane,unknown,unknown,SMV unattended vehicle,Unknown,Daylight,01 - Daylight,Municipal (excl. Twp. Rd.),No control,unknown,0,0,0,FALSE,FALSE,FALSE,Clear,,FALSE,AHRENS ST W; At,3/7/2019 2:33:39 PM,540772.2685,4812143.76
44003,15-108480,5/23/2015 2:49:00 PM,2015,5,23,14,49,0,Saturday,544885.6827,4811186.781,-80.44523,43.452249,At/near private drive,2,P.D. only,Left turn lane,unknown,unknown,Sideswipe,Unknown,Daylight,01 - Daylight,Municipal (excl. Twp. Rd.),No control,unknown,0,0,0,FALSE,FALSE,FALSE,Clear,,FALSE,RIVER RD E; OTTAWA ST N; At; 1 M,3/7/2019 2:33:38 PM,544885.6827,4811186.781
44004,15-109325,5/24/2015 4:10:00 PM,2015,5,24,16,10,0,Sunday,539495.7249,4811818.521,-80.5118,43.458241,At/near private drive,2,P.D. only,Thru lane,unknown,unknown,SMV unattended vehicle,Unknown,Daylight,01 - Daylight,Municipal (excl. Twp. Rd.),No control,unknown,0,0,0,FALSE,FALSE,FALSE,Clear,,FALSE,MARY ST; PINE ST; 20 M,3/7/2019 2:33:37 PM,539495.7249,4811818.521
44005,15-109729,5/24/2015 8:00:00 AM,2015,5,24,8,0,0,Sunday,546910.2056,4806912.67,-80.420576,43.413641,At/near private drive,2,P.D. only,Thru lane,unknown,unknown,SMV unattended vehicle,Unknown,Daylight,01 - Daylight,Municipal (excl. Twp. Rd.),No control,unknown,0,0,0,FALSE,FALSE,FALSE,Clear,,FALSE,CANTERS CLOSE; At,3/7/2019 2:33:37 PM,546910.2056,4806912.67
44006,15-109730,5/25/2015 4:40:00 AM,2015,5,25,4,40,0,Monday,546326.6138,4809165.42,-80.427593,43.433961,At/near private drive,1,Non-fatal injury,Not on roadway - right side,unknown,unknown,SMV other,Unknown,Dark,07 - Dark,Private property,No control,unknown,0,0,0,TRUE,FALSE,FALSE,Clear,,FALSE,RIVER RD E; 1401 RIVER RD E; At; 0 M,3/7/2019 2:33:36 PM,546326.6138,4809165.42
44007,15-109928,5/25/2015 1:53:00 PM,2015,5,25,13,53,0,Monday,541662.0429,4810409.089,-80.485131,43.445433,At intersection,2,P.D. only,Within intersection,unknown,unknown,Angle,Unknown,Daylight,01 - Daylight,Municipal (excl. Twp. Rd.),Stop sign,Functioning,0,0,0,FALSE,FALSE,FALSE,Clear,,FALSE,CHURCH ST ; CEDAR ST S; At,3/7/2019 2:33:35 PM,541662.0429,4810409.089
44008,15-110011,5/25/2015 4:12:00 PM,2015,5,25,16,12,0,Monday,543764.9679,4807820.792,-80.459351,43.422008,At/near private drive,2,P.D. only,Thru lane,unknown,unknown,Turning movement,Unknown,Daylight,01 - Daylight,Municipal (excl. Twp. Rd.),No control,unknown,0,0,0,FALSE,FALSE,FALSE,Clear,,FALSE,SHELLEY DR; 1144 COURTLAND AVE E; Near; 5 M,3/7/2019 2:33:34 PM,543764.9679,4807820.792
44009,15-110088,5/25/2015 5:10:00 PM,2015,5,25,17,10,0,Monday,541231.2407,4810948.643,-80.490414,43.450315,At intersection,1,Non-fatal injury,Within intersection,unknown,unknown,Angle,Unknown,Daylight,01 - Daylight,Municipal (excl. Twp. Rd.),Traffic signal,Functioning,0,0,0,FALSE,TRUE,FALSE,Clear,,FALSE,KING ST W; ONTARIO ST N,3/7/2019 2:33:34 PM,541231.2407,4810948.643
44010,15-110164,5/21/2015 6:15:00 PM,2015,5,21,18,15,0,Thursday,538241.073,4810009.1,-80.527435,43.442014,At/near private drive,2,P.D. only,Thru lane,unknown,unknown,SMV unattended vehicle,Unknown,Daylight,01 - Daylight,Municipal (excl. Twp. Rd.),No control,unknown,0,0,0,FALSE,FALSE,FALSE,Clear,,FALSE,MARKWOOD DR,3/7/2019 2:33:33 PM,538241.073,4810009.1
44011,15-110548,5/25/2015 7:40:00 AM,2015,5,25,7,40,0,Monday,542057.592,4812300.483,-80.480097,43.462441,At/near private drive,2,P.D. only,Thru lane,unknown,unknown,SMV other,Unknown,Daylight,01 - Daylight,Municipal (excl. Twp. Rd.),No control,unknown,0,0,0,FALSE,FALSE,FALSE,Clear,,FALSE,WELLINGTON ST N,3/7/2019 2:33:32 PM,542057.592,4812300.483
44012,15-110681,5/26/2015 8:05:00 AM,2015,5,26,8,5,0,Tuesday,539617.6666,4811374.548,-80.510325,43.454237,At intersection,2,P.D. only,Within intersection,unknown,unknown,Rear end,Unknown,Daylight,01 - Daylight,Municipal (excl. Twp. Rd.),Traffic signal,Functioning,0,0,0,FALSE,FALSE,FALSE,Clear,,FALSE,GLASGOW ST ; PARK ST,3/7/2019 2:33:32 PM,539617.6666,4811374.548
44013,15-110854,5/26/2015 2:50:00 PM,2015,5,26,14,50,0,Tuesday,543629.5503,4811021.047,-80.460768,43.450831,At/near private drive,2,P.D. only,Thru lane,unknown,unknown,SMV unattended vehicle,Unknown,Daylight,01 - Daylight,Municipal (excl. Twp. Rd.),No control,unknown,0,0,0,FALSE,FALSE,FALSE,Clear,,FALSE,BURBANK RD; 95 BURBANK; At,3/7/2019 2:33:31 PM,543629.5503,4811021.047
44014,15-111424,5/27/2015 8:45:00 AM,2015,5,27,8,45,0,Wednesday,537552.8591,4808241.704,-80.536061,43.426135,At intersection,2,P.D. only,Within intersection,unknown,unknown,Turning movement,Unknown,Daylight,01 - Daylight,Municipal (excl. Twp. Rd.),Stop sign,Functioning,0,0,0,FALSE,FALSE,FALSE,Clear,,FALSE,MONTANA CRES; BLACKWELL DR; At,3/7/2019 2:33:30 PM,537552.8591,4808241.705
44015,15-111591,5/27/2015 1:32:00 PM,2015,5,27,13,32,0,Wednesday,545453.8377,4806479.56,-80.4386,43.409831,Non intersection,2,P.D. only,Thru lane,unknown,unknown,Sideswipe,Unknown,Daylight,01 - Daylight,Regional municipality,No control,unknown,0,0,0,FALSE,FALSE,FALSE,Clear,,FALSE,WABANAKI DR; WILSON AVE; 100 M,3/7/2019 2:33:30 PM,545453.8377,4806479.56
44016,15-111774,5/26/2015 7:30:00 PM,2015,5,26,19,30,0,Tuesday,547869.4319,4810703.752,-80.408396,43.447715,At/near private drive,2,P.D. only,Right shoulder,unknown,unknown,SMV unattended vehicle,Unknown,Daylight,01 - Daylight,Municipal (excl. Twp. Rd.),No control,unknown,0,0,0,FALSE,FALSE,FALSE,Clear,,FALSE,COLTON CIR; Near,3/7/2019 2:33:29 PM,547869.4319,4810703.752
44017,15-111789,5/27/2015 6:45:00 PM,2015,5,27,18,45,0,Wednesday,544140.3651,4808844.116,-80.454631,43.4312,At intersection,2,P.D. only,Within intersection,unknown,unknown,Angle,Unknown,Daylight,01 - Daylight,Municipal (excl. Twp. Rd.),Stop sign,Functioning,0,0,0,FALSE,FALSE,FALSE,Clear,,FALSE,FOURTH AVE; CONNAUGHT ST; At,3/7/2019 2:33:28 PM,544140.3651,4808844.116
44018,15-112096,5/28/2015 7:06:00 AM,2015,5,28,7,6,0,Thursday,542405.6431,4806619.872,-80.476236,43.411273,At intersection,1,Non-fatal injury,Within intersection,unknown,unknown,Angle,Unknown,Daylight,01 - Daylight,Municipal (excl. Twp. Rd.),Stop sign,Functioning,0,0,0,FALSE,FALSE,FALSE,Clear,,FALSE,STRASBURG RD; OLD COUNTRY DR; At,3/4/2020 10:19:54 AM,542405.6431,4806619.872
44019,15-112238,5/28/2015 10:37:00 AM,2015,5,28,10,37,0,Thursday,546181,4813736.427,-80.429005,43.475127,Non intersection,2,P.D. only,Thru lane,unknown,unknown,Other,Unknown,Daylight,01 - Daylight,Regional municipality,No control,unknown,0,0,0,FALSE,FALSE,FALSE,Clear,,FALSE,CENTENNIAL RD; CENTENNIAL CRT; Near; 21 M,3/7/2019 2:33:28 PM,546181,4813736.427
44020,15-112529,5/28/2015 4:26:00 PM,2015,5,28,16,26,0,Thursday,547667.9681,4811295.511,-80.410834,43.453056,Non intersection,1,Non-fatal injury,Thru lane,unknown,unknown,Approaching,Unknown,Daylight,01 - Daylight,Municipal (excl. Twp. Rd.),No control,unknown,0,0,0,FALSE,FALSE,FALSE,Clear,,FALSE,ZELLER DR; ZELLER CRES ; 30 M,3/7/2019 2:33:27 PM,547667.9681,4811295.511
44021,15-112596,5/28/2015 5:51:00 PM,2015,5,28,17,51,0,Thursday,545174.0699,4808828.748,-80.441861,43.431,Non intersection,1,Non-fatal injury,Thru lane,unknown,unknown,Rear end,Unknown,Daylight,01 - Daylight,Regional municipality,No control,unknown,0,0,0,FALSE,FALSE,FALSE,Clear,,FALSE,KINGSWAY DR; KINGSWAYDR; Near; 150 M,3/7/2019 2:33:26 PM,545174.0699,4808828.748
44022,15-112769,5/28/2015 9:30:00 PM,2015,5,28,21,30,0,Thursday,539879.7002,4807218.529,-80.50739,43.416802,At/near private drive,2,P.D. only,Right shoulder,unknown,unknown,SMV unattended vehicle,Unknown,Dark,07 - Dark,Municipal (excl. Twp. Rd.),No control,unknown,0,0,0,FALSE,FALSE,FALSE,Clear,,FALSE,WILKINS DR; WILKINS DR ; At; 2 M,3/7/2019 2:33:25 PM,539879.7002,4807218.529
44023,15-113191,5/29/2015 11:56:00 AM,2015,5,29,11,56,0,Friday,545111.5915,4807726.041,-80.442724,43.421075,Intersection related,2,P.D. only,Thru lane,unknown,unknown,Sideswipe,Unknown,Daylight,01 - Daylight,Municipal (excl. Twp. Rd.),No control,unknown,0,0,0,FALSE,FALSE,FALSE,Clear,,FALSE,WILSON AVE; FAIRWAY RD S; 20 M,3/7/2019 2:33:24 PM,545111.5915,4807726.041
44024,15-113879,5/29/2015 4:00:00 PM,2015,5,29,16,0,0,Friday,544656.0895,4812829.646,-80.447933,43.467055,Non intersection,2,P.D. only,Not on roadway - right side,unknown,unknown,SMV unattended vehicle,Unknown,Daylight,01 - Daylight,Municipal (excl. Twp. Rd.),Stop sign,Functioning,0,0,0,FALSE,TRUE,FALSE,Clear,,FALSE,NATCHEZ RD ; CARSON DR ; Near; 30 M,3/4/2020 10:19:53 AM,544656.0895,4812829.646
44025,15-114094,5/30/2015 12:11:00 PM,2015,5,30,12,11,0,Saturday,542756.3064,4805392.529,-80.472001,43.400202,Non intersection,2,P.D. only,Thru lane,unknown,unknown,Other,Unknown,Daylight,01 - Daylight,Regional municipality,No control,unknown,0,0,0,FALSE,FALSE,FALSE,Rain,,FALSE,TRILLIUM DR; TRILLIUM DR ; 12 M,3/7/2019 2:33:22 PM,542756.3064,4805392.529
44026,15-114150,5/30/2015 1:25:00 PM,2015,5,30,13,25,0,Saturday,546752.2598,4808441.232,-80.422396,43.427414,At/near private drive,2,P.D. only,Thru lane,unknown,unknown,SMV unattended vehicle,Unknown,Daylight,01 - Daylight,Municipal (excl. Twp. Rd.),No control,unknown,0,0,0,FALSE,FALSE,FALSE,Clear,,FALSE,BERWICK PL ; BERWICK PL; At,3/7/2019 2:33:21 PM,546752.2598,4808441.232
44027,15-114237,5/30/2015 3:29:00 PM,2015,5,30,15,29,0,Saturday,541402.5513,4811011.887,-80.488292,43.450875,Intersection related,1,Non-fatal injury,Thru lane,unknown,unknown,Rear end,Unknown,Daylight,01 - Daylight,Municipal (excl. Twp. Rd.),Traffic signal,Functioning,0,0,0,FALSE,FALSE,FALSE,Clear,,FALSE,QUEEN ST N; DUKE ST E,3/7/2019 2:33:21 PM,541402.5513,4811011.887
44028,15-114263,5/30/2015 4:03:00 PM,2015,5,30,16,3,0,Saturday,541654.9468,4807679.161,-80.485427,43.420853,Non intersection,2,P.D. only,Thru lane,unknown,unknown,SMV other,Unknown,Daylight,01 - Daylight,Municipal (excl. Twp. Rd.),No control,unknown,0,0,0,FALSE,FALSE,FALSE,Rain,,FALSE,STRASBURG RD; BARWOOD CRES ; At; 10 M,3/7/2019 2:33:20 PM,541654.9468,4807679.161
44029,15-114621,5/30/2015 11:40:00 PM,2015,5,30,23,40,0,Saturday,544755.3016,4808021.091,-80.447101,43.423753,Non intersection,2,P.D. only,Thru lane,unknown,unknown,Approaching,Unknown,"Dark, artificial","08 - Dark, artificial",Municipal (excl. Twp. Rd.),No control,unknown,0,0,0,FALSE,FALSE,FALSE,Rain,,FALSE,TRAYNOR AVE ; WILSON AVE ; Near,3/7/2019 2:33:19 PM,544755.3016,4808021.091
44030,15-114675,5/31/2015 1:49:00 AM,2015,5,31,1,49,0,Sunday,540440.2994,4810586.123,-80.500216,43.447094,Non intersection,2,P.D. only,Not on roadway - right side,unknown,unknown,SMV other,Unknown,Dark,07 - Dark,Municipal (excl. Twp. Rd.),Stop sign,Functioning,0,0,0,FALSE,FALSE,FALSE,Rain,,FALSE,JUBILEE DR; DEVON ST; 23 M,3/7/2019 2:33:19 PM,540440.2994,4810586.123
44031,15-114707,5/31/2015 2:40:00 AM,2015,5,31,2,40,0,Sunday,538353.2074,4809786.172,-80.526065,43.440001,At intersection,2,P.D. only,Within intersection,unknown,unknown,SMV other,Unknown,"Dark, artificial","08 - Dark, artificial",Municipal (excl. Twp. Rd.),Stop sign,Functioning,0,0,0,FALSE,FALSE,FALSE,Rain,,FALSE,HAZELGLEN DR ; MOOREGATE CRES ; At,3/7/2019 2:33:18 PM,538353.2074,4809786.172
44032,15-114773,5/31/2015 7:13:00 AM,2015,5,31,7,13,0,Sunday,545403.7143,4808633.821,-80.43904,43.429231,Non intersection,1,Non-fatal injury,Not on roadway - right side,unknown,unknown,SMV other,Unknown,Daylight,01 - Daylight,Municipal (excl. Twp. Rd.),No control,unknown,0,0,0,FALSE,FALSE,FALSE,Rain,,FALSE,KINGSWAY DR; CEDARWOODS CRES ; 120 M,3/7/2019 2:33:16 PM,545403.7143,4808633.821
44033,15-114873,5/31/2015 11:18:00 AM,2015,5,31,11,18,0,Sunday,540580.417,4810631.833,-80.498481,43.447498,At intersection,2,P.D. only,Within intersection,unknown,unknown,Turning movement,Unknown,Daylight,01 - Daylight,Regional municipality,Stop sign,Functioning,0,0,0,FALSE,FALSE,FALSE,Rain,,FALSE,JUBILEE DR ; HEINS AVE,3/7/2019 2:33:15 PM,540580.417,4810631.833
44034,15-114986,5/31/2015 2:00:00 PM,2015,5,31,14,0,0,Sunday,536763.1047,4808251.126,-80.545817,43.426259,Non intersection,2,P.D. only,Thru lane,unknown,unknown,SMV unattended vehicle,Unknown,Other,99 - Other,Municipal (excl. Twp. Rd.),No control,unknown,0,0,0,FALSE,FALSE,FALSE,Rain,,FALSE,WESTMEADOW DR; DAWN RIDGE DR ; 20 M,3/7/2019 2:33:15 PM,536763.1047,4808251.126
44035,15-115877,6/1/2015 11:00:00 AM,2015,6,1,11,0,0,Monday,543479.4684,4812222.991,-80.462527,43.461662,At/near private drive,2,P.D. only,Thru lane,unknown,unknown,Other,Unknown,Daylight,01 - Daylight,Regional municipality,No control,unknown,0,0,0,FALSE,FALSE,FALSE,Clear,,FALSE,FREDERICK ST; At,3/7/2019 2:33:14 PM,543479.4684,4812222.991
44036,15-116211,6/2/2015 6:50:00 AM,2015,6,2,6,50,0,Tuesday,543340.7733,4811423.228,-80.464305,43.454469,Non intersection,2,P.D. only,Right shoulder,unknown,unknown,SMV unattended vehicle,Unknown,Daylight,01 - Daylight,Municipal (excl. Twp. Rd.),No control,unknown,0,0,0,FALSE,FALSE,FALSE,Clear,,FALSE,SHERWOOD AVE; 61 SHERWOOD AVE; At; 7 M,3/7/2019 2:33:13 PM,543340.7733,4811423.228
44037,15-116241,6/2/2015 6:30:00 AM,2015,6,2,6,30,0,Tuesday,537585.9836,4809879.696,-80.535539,43.440882,At/near private drive,2,P.D. only,Thru lane,unknown,unknown,SMV unattended vehicle,Unknown,Dawn,03 - Dawn,Municipal (excl. Twp. Rd.),No control,unknown,0,0,0,FALSE,FALSE,FALSE,Clear,,FALSE,SHADELAND CRES,3/7/2019 2:33:12 PM,537585.9836,4809879.696