OBJECTID,ACCIDENTNUM,ACCIDENTDATE,ACCIDENT_YEAR,ACCIDENT_MONTH,ACCIDENT_DAY,ACCIDENT_HOUR,ACCIDENT_MINUTE,ACCIDENT_SECOND,ACCIDENT_WEEKDAY,XCOORD,YCOORD,LONGITUDE,LATITUDE,ACCIDENTLOCATION,COLLISIONTYPE,CLASSIFICATIONOFACCIDENT,IMPACTLOCATION,INITIALDIRECTIONOFTRAVELONE,INITIALDIRECTIONOFTRAVELTWO,INITIALIMPACTTYPE,INTTRAFFICCONTROL,LIGHT,LIGHTFORREPORT,ROADJURISDICTION,TRAFFICCONTROL,TRAFFICCONTROLCONDITION,THRULANENO,NORTHBOUNDDISOBEYCOUNT,SOUTHBOUNDDISOBEYCOUNT,PEDESTRIANINVOLVED,CYCLISTINVOLVED,MOTORCYCLISTINVOLVED,ENVIRONMENTCONDITION1,ENVIRONMENTCONDITION2,SELFREPORTED,XMLIMPORTNOTES,LASTEDITEDDATE,x,y
44038,15-116394,6/2/2015 11:40:00 AM,2015,6,2,11,40,0,Tuesday,540517.2002,4811537.047,-80.499195,43.455652,At intersection,1,Non-fatal injury,Within intersection,unknown,unknown,Angle,Unknown,Daylight,01 - Daylight,Municipal (excl. Twp. Rd.),Stop sign,Functioning,0,0,0,FALSE,FALSE,FALSE,Clear,,FALSE,WELLINGTON ST N; WATERLOO ST; At,3/7/2019 2:33:11 PM,540517.2002,4811537.047
44039,15-116599,6/2/2015 3:35:00 PM,2015,6,2,15,35,0,Tuesday,545131.4919,4807631.327,-80.442486,43.420221,At/near private drive,2,P.D. only,Thru lane,unknown,unknown,Turning movement,Unknown,Daylight,01 - Daylight,Regional municipality,No control,unknown,0,0,0,FALSE,FALSE,FALSE,Clear,,FALSE,WILSON AVE; 385 FAIRWAY RD S; 20 M,3/7/2019 2:33:10 PM,545131.4919,4807631.327
44040,15-116612,6/2/2015 1:00:00 PM,2015,6,2,13,0,0,Tuesday,541920.3251,4810541.743,-80.481929,43.446613,At/near private drive,2,P.D. only,Thru lane,unknown,unknown,Other,Unknown,Daylight,01 - Daylight,Regional municipality,No control,unknown,0,0,0,FALSE,FALSE,FALSE,Clear,,FALSE,KING ST E; At,3/7/2019 2:33:09 PM,541920.3251,4810541.743
44041,15-116622,6/2/2015 4:20:00 PM,2015,6,2,16,20,0,Tuesday,544047.5194,4808882.492,-80.455775,43.431551,At intersection,1,Non-fatal injury,Within intersection,unknown,unknown,SMV unattended vehicle,Unknown,Daylight,01 - Daylight,Regional municipality,Stop sign,Functioning,0,0,0,FALSE,FALSE,TRUE,Clear,,FALSE,CONNAUGHT ST; THIRD AVE ; At,3/7/2019 2:33:08 PM,544047.5194,4808882.492
44042,15-116731,6/2/2015 6:57:00 PM,2015,6,2,18,57,0,Tuesday,544661.1901,4805164.856,-80.448497,43.398041,Non intersection,1,Non-fatal injury,Thru lane,unknown,unknown,SMV other,Unknown,Daylight,01 - Daylight,Municipal (excl. Twp. Rd.),No control,unknown,0,0,0,TRUE,FALSE,FALSE,Clear,,FALSE,MILLWOOD CRES; MILLWOOD CRES ; 5 M,3/7/2019 2:33:07 PM,544661.1901,4805164.856
44043,15-117235,5/18/2015 5:50:00 PM,2015,5,18,17,50,0,Monday,539427.39,4810319.796,-80.512753,43.44475,At intersection,2,P.D. only,Within intersection,unknown,unknown,Sideswipe,Unknown,Daylight,01 - Daylight,Municipal (excl. Twp. Rd.),No control,unknown,0,0,0,FALSE,FALSE,FALSE,Clear,,FALSE,BELMONT AVE W; ADELAIDE ST,3/7/2019 2:33:06 PM,539427.39,4810319.796
44044,15-117829,6/3/2015 9:00:00 AM,2015,6,3,9,0,0,Wednesday,541375.9927,4810870.01,-80.488631,43.449599,At/near private drive,2,P.D. only,Thru lane,unknown,unknown,Rear end,Unknown,Daylight,01 - Daylight,Regional municipality,No control,unknown,0,0,0,FALSE,FALSE,FALSE,Clear,,FALSE,KING ST E; QUEEN ST N; Near,3/7/2019 2:33:05 PM,541375.9927,4810870.01
44045,15-118952,6/5/2015 1:10:00 PM,2015,6,5,13,10,0,Friday,544171.5931,4808660.958,-80.45426,43.429549,At/near private drive,2,P.D. only,Right shoulder,unknown,unknown,SMV unattended vehicle,Unknown,Daylight,01 - Daylight,Municipal (excl. Twp. Rd.),No control,unknown,0,0,0,FALSE,TRUE,FALSE,Clear,,FALSE,FIFTH AVE; FIFTH AVE; 8 M,3/7/2019 2:33:04 PM,544171.5931,4808660.958
44046,15-119001,6/5/2015 11:00:00 AM,2015,6,5,11,0,0,Friday,541468.1938,4811126.684,-80.487472,43.451905,Non intersection,2,P.D. only,Thru lane,unknown,unknown,SMV unattended vehicle,Unknown,Daylight,01 - Daylight,Regional municipality,No control,unknown,0,0,0,FALSE,FALSE,FALSE,Clear,,FALSE,QUEEN ST N; WEBER ST W; Near; 30 M,3/7/2019 2:33:03 PM,541468.1938,4811126.684
44047,15-119234,6/5/2015 8:36:00 PM,2015,6,5,20,36,0,Friday,546228.0746,4805081.664,-80.429156,43.397197,Non intersection,2,P.D. only,Not on roadway - right side,unknown,unknown,SMV other,Unknown,Dusk,05 - Dusk,Municipal (excl. Twp. Rd.),No control,unknown,0,0,0,FALSE,FALSE,FALSE,Clear,,FALSE,MILL PARK DR; GREEN VALLEY DR; Near; 500 M,3/7/2019 2:33:03 PM,546228.0746,4805081.664
44048,15-119413,6/6/2015 12:41:00 AM,2015,6,6,0,41,0,Saturday,545136.4743,4813607.177,-80.44193,43.474027,Non intersection,2,P.D. only,Not on roadway - right side,unknown,unknown,SMV other,Unknown,"Daylight, artificial","02 - Daylight, artificial",Municipal (excl. Twp. Rd.),No control,unknown,0,0,0,FALSE,FALSE,FALSE,Clear,,FALSE,SHIRLEY AVE ; BINGEMANS CENTRE DR ; Near; 69 M,3/7/2019 2:33:02 PM,545136.4743,4813607.177
44049,15-120256,6/7/2015 2:05:00 AM,2015,6,7,2,5,0,Sunday,537781.4776,4810475.852,-80.533082,43.44624,Intersection related,2,P.D. only,Thru lane,unknown,unknown,SMV other,Unknown,Dark,07 - Dark,Municipal (excl. Twp. Rd.),No control,unknown,0,0,0,FALSE,FALSE,FALSE,Clear,,FALSE,GLASGOW ST; KNELL DR; 25 M,3/7/2019 2:33:01 PM,537781.4776,4810475.852
44050,15-120258,6/7/2015 2:07:00 AM,2015,6,7,2,7,0,Sunday,546883.1039,4806979.563,-80.420905,43.414245,Non intersection,2,P.D. only,Thru lane,unknown,unknown,SMV other,Unknown,"Dark, artificial","08 - Dark, artificial",Municipal (excl. Twp. Rd.),No control,unknown,0,0,0,FALSE,FALSE,FALSE,Clear,,FALSE,HIDDEN VALLEY RD; PADDOCK CRT; 200 M,3/7/2019 2:33:01 PM,546883.1039,4806979.563
44051,15-120947,6/8/2015 7:15:00 AM,2015,6,8,7,15,0,Monday,541441.9205,4806406.536,-80.488155,43.409406,At/near private drive,2,P.D. only,Thru lane,unknown,unknown,SMV unattended vehicle,Unknown,Daylight,01 - Daylight,Municipal (excl. Twp. Rd.),No control,unknown,0,0,0,FALSE,FALSE,FALSE,Rain,,FALSE, 228 RITTENHOUSE RD; ERINBROOK DR ; 100 M,3/7/2019 2:33:00 PM,541441.9205,4806406.536
44052,15-120975,6/8/2015 8:34:00 AM,2015,6,8,8,34,0,Monday,542833.7296,4807152.67,-80.470907,43.416046,At/near private drive,2,P.D. only,Thru lane,unknown,unknown,Approaching,Unknown,Daylight,01 - Daylight,Municipal (excl. Twp. Rd.),No control,unknown,0,0,0,FALSE,FALSE,FALSE,Rain,,FALSE,CHERRY HILL DR; CHERRY HILL DR ; 5 M,3/7/2019 2:32:59 PM,542833.7296,4807152.67
44053,15-121670,6/8/2015 11:30:00 PM,2015,6,8,23,30,0,Monday,544618.3058,4808882.134,-80.448723,43.431514,Non intersection,2,P.D. only,Thru lane,unknown,unknown,SMV unattended vehicle,Unknown,Dark,07 - Dark,Municipal (excl. Twp. Rd.),No control,unknown,0,0,0,FALSE,FALSE,FALSE,Rain,,FALSE,KINGSWAY DR ; KINGSWAY DR ; Near,3/4/2020 10:19:53 AM,544618.3058,4808882.134
44054,15-121917,6/9/2015 12:32:00 PM,2015,6,9,12,32,0,Tuesday,540984.9434,4810828.194,-80.493467,43.449244,At intersection,1,Non-fatal injury,Within intersection,unknown,unknown,Angle,Unknown,Daylight,01 - Daylight,Municipal (excl. Twp. Rd.),Stop sign,Functioning,0,0,0,FALSE,TRUE,FALSE,Clear,,FALSE,JOSEPH ST ; GAUKEL ST ; At,3/7/2019 2:32:58 PM,540984.9434,4810828.194
44055,15-122279,6/9/2015 7:00:00 PM,2015,6,9,19,0,0,Tuesday,542803.6189,4810914.019,-80.470984,43.449915,Non intersection,2,P.D. only,Thru lane,unknown,unknown,SMV unattended vehicle,Unknown,Daylight,01 - Daylight,Municipal (excl. Twp. Rd.),No control,unknown,0,0,0,FALSE,FALSE,FALSE,Clear,,FALSE,PANDORA AVE N; EAST AVE,3/7/2019 2:32:57 PM,542803.6189,4810914.019
44056,15-122614,6/8/2015 7:20:00 PM,2015,6,8,19,20,0,Monday,539303.0395,4810329.398,-80.514289,43.444843,At intersection,2,P.D. only,Within intersection,unknown,unknown,Turning movement,Unknown,Daylight,01 - Daylight,Municipal (excl. Twp. Rd.),Stop sign,Functioning,0,0,0,FALSE,FALSE,FALSE,Rain,,FALSE,KARN ST; BRYBECK CRES; At,3/7/2019 2:32:56 PM,539303.0395,4810329.398
44057,15-122749,6/10/2015 10:00:00 AM,2015,6,10,10,0,0,Wednesday,544956.8397,4811035.877,-80.444363,43.450886,Non intersection,2,P.D. only,Thru lane,unknown,unknown,Rear end,Unknown,Daylight,01 - Daylight,Regional municipality,No control,unknown,0,0,0,FALSE,FALSE,FALSE,Clear,,FALSE,RIVER RD E; OTTAWA ST N; Near,3/7/2019 2:32:56 PM,544956.8397,4811035.877
44058,15-122898,6/10/2015 1:00:00 PM,2015,6,10,13,0,0,Wednesday,541589.1528,4806966.41,-80.486294,43.414439,At intersection,2,P.D. only,Within intersection,unknown,unknown,Angle,Unknown,Daylight,01 - Daylight,Municipal (excl. Twp. Rd.),Stop sign,Functioning,0,0,0,FALSE,FALSE,FALSE,Clear,,FALSE,BLACKHORNE DR; MCLENNAN PARK GATE,3/7/2019 2:32:55 PM,541589.1528,4806966.41
44059,15-122992,6/10/2015 3:30:00 PM,2015,6,10,15,30,0,Wednesday,539675.7888,4806484.773,-80.509962,43.410206,At intersection,1,Non-fatal injury,Within intersection,unknown,unknown,SMV other,Unknown,Daylight,01 - Daylight,Municipal (excl. Twp. Rd.),Stop sign,Functioning,0,0,0,TRUE,FALSE,FALSE,Clear,,FALSE,ACTIVA AVE; WILDERNESS DR,3/7/2019 2:32:54 PM,539675.7888,4806484.773
44060,15-123607,6/11/2015 12:19:00 PM,2015,6,11,12,19,0,Thursday,543216.0502,4804529.514,-80.466392,43.392405,At intersection,2,P.D. only,Within intersection,unknown,unknown,Sideswipe,Unknown,Daylight,01 - Daylight,Regional municipality,Yield sign,Functioning,0,0,0,FALSE,FALSE,FALSE,Clear,,FALSE,HURON RD; STRASBURG RD; At,3/7/2019 2:32:53 PM,543216.0502,4804529.514
44061,15-123859,6/11/2015 2:30:00 PM,2015,6,11,14,30,0,Thursday,540007.2172,4803047.975,-80.50612,43.379243,Other,2,P.D. only,Off highway,unknown,unknown,SMV other,Unknown,Dark,07 - Dark,Private property,No control,unknown,0,0,0,FALSE,FALSE,FALSE,Clear,,FALSE,HURON RD ; HURON RD ; At,3/7/2019 2:32:53 PM,540007.2172,4803047.975
44062,15-123910,6/11/2015 7:47:00 AM,2015,6,11,7,47,0,Thursday,540559.9219,4809613.279,-80.49881,43.438328,At/near private drive,1,Non-fatal injury,Thru lane,unknown,unknown,Other,Unknown,Daylight,01 - Daylight,Municipal (excl. Twp. Rd.),No control,unknown,0,0,0,FALSE,FALSE,FALSE,Clear,,FALSE,REX DR; QUEEN ST N; At; 150 M,3/7/2019 2:32:51 PM,540559.9218,4809613.279
44063,15-124023,6/10/2015 5:00:00 PM,2015,6,10,17,0,0,Wednesday,541917.0796,4813833.262,-80.481716,43.47625,At/near private drive,1,Non-fatal injury,Thru lane,unknown,unknown,Turning movement,Unknown,Daylight,01 - Daylight,Municipal (excl. Twp. Rd.),No control,unknown,0,0,0,FALSE,TRUE,FALSE,Clear,,FALSE,RIVERBEND DR; 630 RIVERBEND DR; Near; 1 M,3/4/2020 10:04:33 AM,541917.0796,4813833.262
44064,15-124186,6/12/2015 3:02:00 AM,2015,6,12,3,2,0,Friday,541980.4716,4807286.801,-80.481436,43.417302,At/near private drive,2,P.D. only,Thru lane,unknown,unknown,Other,Unknown,Dark,07 - Dark,Regional municipality,No control,unknown,0,0,0,FALSE,FALSE,FALSE,Rain,,FALSE,STRASBURG RD; 588 STRASBURG RD; 3 M,3/7/2019 2:32:50 PM,541980.4716,4807286.801
44065,15-124355,6/12/2015 9:00:00 AM,2015,6,12,9,0,0,Friday,541760.9377,4810329.07,-80.483915,43.444707,Intersection related,2,P.D. only,Not on roadway - right side,unknown,unknown,SMV other,Unknown,Daylight,01 - Daylight,Municipal (excl. Twp. Rd.),Stop sign,Functioning,0,0,0,FALSE,FALSE,FALSE,Clear,,FALSE,CHURCH ST ; MADISON AVE S,3/7/2019 2:32:50 PM,541760.9377,4810329.07
44066,15-124369,6/12/2015 9:53:00 AM,2015,6,12,9,53,0,Friday,539316.75,4810614.794,-80.514099,43.447412,At intersection,1,Non-fatal injury,Within intersection,unknown,unknown,Turning movement,Unknown,Daylight,01 - Daylight,Municipal (excl. Twp. Rd.),Traffic signal,Functioning,0,0,0,FALSE,FALSE,FALSE,Clear,,FALSE,BELMONT AVE W; GAGE AVE ; At,3/7/2019 2:32:49 PM,539316.75,4810614.794
44067,15-124473,6/12/2015 12:30:00 PM,2015,6,12,12,30,0,Friday,544428.0703,4812532.934,-80.450776,43.464397,At/near private drive,1,Non-fatal injury,Thru lane,unknown,unknown,Other,Unknown,Daylight,01 - Daylight,Municipal (excl. Twp. Rd.),No control,unknown,0,0,0,FALSE,FALSE,FALSE,Rain,,FALSE,CARSON DR ; 200 CARSON DR; At; 3 M,3/7/2019 2:32:48 PM,544428.0703,4812532.934
44068,15-124540,6/12/2015 4:00:00 PM,2015,6,12,16,0,0,Friday,541176.4707,4809582.476,-80.491194,43.438017,At/near private drive,2,P.D. only,Thru lane,unknown,unknown,SMV unattended vehicle,Unknown,Daylight,01 - Daylight,Municipal (excl. Twp. Rd.),No control,unknown,0,0,0,FALSE,FALSE,FALSE,Clear,,FALSE,RUSSEL ST; 61 RUSSELL ST; 100 M,3/4/2020 10:19:52 AM,541176.4707,4809582.476
44069,15-124580,6/12/2015 2:40:00 PM,2015,6,12,14,40,0,Friday,540224.9003,4811995.313,-80.502774,43.459794,Non intersection,2,P.D. only,Thru lane,unknown,unknown,SMV unattended vehicle,Unknown,Daylight,01 - Daylight,Municipal (excl. Twp. Rd.),No control,unknown,0,0,0,FALSE,TRUE,FALSE,Clear,,FALSE,WATERLOO ST; GUELPH ST ; 20 M,3/4/2020 10:19:51 AM,540224.9003,4811995.313
44070,15-124620,6/12/2015 3:44:00 PM,2015,6,12,15,44,0,Friday,545364.6545,4811022.394,-80.439324,43.45074,At intersection,2,P.D. only,Within intersection,unknown,unknown,Angle,Unknown,Daylight,01 - Daylight,Municipal (excl. Twp. Rd.),Stop sign,Functioning,0,0,0,FALSE,FALSE,FALSE,Clear,,FALSE,OLD CHICOPEE DR; HOLBORN DR; At,3/7/2019 2:32:47 PM,545364.6545,4811022.395
44071,15-124631,6/12/2015 3:00:00 PM,2015,6,12,15,0,0,Friday,541750.4481,4810650.862,-80.48402,43.447605,Non intersection,2,P.D. only,Thru lane,unknown,unknown,Turning movement,Unknown,Daylight,01 - Daylight,Regional municipality,No control,unknown,0,0,0,FALSE,FALSE,FALSE,Rain,,FALSE,KING ST E; KING ST E; Near,3/7/2019 2:32:46 PM,541750.4481,4810650.862
44072,15-125420,6/13/2015 1:15:00 PM,2015,6,13,13,15,0,Saturday,541579.2663,4810473.882,-80.486149,43.446021,Intersection related,2,P.D. only,Thru lane,unknown,unknown,Turning movement,Unknown,Daylight,01 - Daylight,Municipal (excl. Twp. Rd.),Stop sign,Functioning,0,0,0,FALSE,FALSE,FALSE,Clear,,FALSE,CHURCH ST; EBY ST S; At,3/7/2019 2:32:45 PM,541579.2663,4810473.882
44073,15-125941,6/14/2015 3:40:00 AM,2015,6,14,3,40,0,Sunday,546529.873,4810908.724,-80.424933,43.449645,At/near private drive,2,P.D. only,Right shoulder,unknown,unknown,SMV unattended vehicle,Unknown,Dark,07 - Dark,Municipal (excl. Twp. Rd.),No control,unknown,0,0,0,FALSE,FALSE,FALSE,Clear,,FALSE,OLDFIELD DR; OLDFIELD DR ; At; 2 M,3/7/2019 2:32:45 PM,546529.873,4810908.724
44074,15-125953,6/13/2015 4:00:00 AM,2015,6,13,4,0,0,Saturday,544510.9297,4808632.202,-80.45007,43.42927,At/near private drive,2,P.D. only,Thru lane,unknown,unknown,SMV unattended vehicle,Unknown,"Dark, artificial","08 - Dark, artificial",Municipal (excl. Twp. Rd.),No control,unknown,0,0,0,FALSE,FALSE,FALSE,Clear,,FALSE,EIGHTH AVE; 144 EIGHTH AVE; Near; 5 M,3/7/2019 2:32:44 PM,544510.9297,4808632.202
44075,15-125997,6/14/2015 3:05:00 AM,2015,6,14,3,5,0,Sunday,543283.1979,4807143.21,-80.465356,43.415935,At/near private drive,2,P.D. only,Thru lane,unknown,unknown,SMV unattended vehicle,Unknown,"Daylight, artificial","02 - Daylight, artificial",Municipal (excl. Twp. Rd.),Stop sign,Functioning,0,0,0,FALSE,FALSE,FALSE,Rain,,FALSE,BRISBANE CRT; BRISBANE CRT; Near; 2 M,3/7/2019 2:32:42 PM,543283.1979,4807143.21
44076,15-126071,6/14/2015 11:00:00 AM,2015,6,14,11,0,0,Sunday,549462.3458,4806106.695,-80.389127,43.40622,At/near private drive,2,P.D. only,Thru lane,unknown,unknown,Angle,Unknown,Daylight,01 - Daylight,Municipal (excl. Twp. Rd.),No control,unknown,0,0,0,FALSE,FALSE,FALSE,Rain,,FALSE,TU LANE ST ; KING ST E; 140 M,3/7/2019 2:32:42 PM,549462.3458,4806106.695
44077,15-127126,6/15/2015 7:35:00 PM,2015,6,15,19,35,0,Monday,545236.8012,4804527.531,-80.441442,43.392268,At/near private drive,2,P.D. only,Right shoulder,unknown,unknown,SMV unattended vehicle,Unknown,Dusk,05 - Dusk,Regional municipality,No control,unknown,0,0,0,FALSE,FALSE,FALSE,Clear,,FALSE,DOON VILLAGE RD; DOON VILLAGE RD ; At; 10 M,3/7/2019 2:32:41 PM,545236.8012,4804527.531
44078,15-127639,6/16/2015 11:30:00 AM,2015,6,16,11,30,0,Tuesday,547890.9565,4810042.969,-80.408188,43.441764,At/near private drive,2,P.D. only,Thru lane,unknown,unknown,Other,Unknown,Daylight,01 - Daylight,Municipal (excl. Twp. Rd.),No control,unknown,0,0,0,FALSE,FALSE,FALSE,Clear,,FALSE,EDGEWATER CRES; At,3/7/2019 2:32:40 PM,547890.9565,4810042.969
44079,15-128279,6/17/2015 8:46:00 AM,2015,6,17,8,46,0,Wednesday,541068,4811108,0,0,At intersection,2,P.D. only,Thru lane,unknown,unknown,Turning movement,Unknown,Daylight,01 - Daylight,Regional municipality,Stop sign,Functioning,0,0,0,FALSE,FALSE,FALSE,Clear,,FALSE,OTTAWA ST S; MILL ST,3/4/2020 10:19:50 AM,541068,4811108
44080,15-128313,6/17/2015 9:28:00 AM,2015,6,17,9,28,0,Wednesday,545364.6604,4811021.506,-80.439324,43.450732,At intersection,2,P.D. only,Within intersection,unknown,unknown,Angle,Unknown,Daylight,01 - Daylight,Municipal (excl. Twp. Rd.),Stop sign,Functioning,0,0,1,FALSE,FALSE,FALSE,Clear,,FALSE,HOLBORN DR ; OLD CHICOPEE DR,3/7/2019 2:32:40 PM,545364.6604,4811021.506
44081,15-128618,6/17/2015 3:35:00 PM,2015,6,17,15,35,0,Wednesday,545079.2817,4813535.936,-80.442643,43.473389,At intersection,2,P.D. only,Within intersection,unknown,unknown,Turning movement,Unknown,Daylight,01 - Daylight,Municipal (excl. Twp. Rd.),Stop sign,Functioning,0,0,0,FALSE,FALSE,FALSE,Clear,,FALSE,BINGEMANS CENTRE DR; SHIRLEY DR,3/7/2019 2:32:39 PM,545079.2817,4813535.936
44082,15-128648,6/17/2015 5:02:00 PM,2015,6,17,17,2,0,Wednesday,549272.6002,4806287.45,-80.391454,43.40786,At/near private drive,2,P.D. only,Other,unknown,unknown,Turning movement,Unknown,Daylight,01 - Daylight,Municipal (excl. Twp. Rd.),No control,unknown,0,0,0,FALSE,FALSE,FALSE,Clear,,FALSE,GATEWAY PARK DR; 50 GATEWAY PARK DR ; 0 M,3/7/2019 2:32:38 PM,549272.6002,4806287.45
44083,15-129392,6/18/2015 3:11:00 PM,2015,6,18,15,11,0,Thursday,542011.0837,4810482.001,-80.480812,43.44607,Non intersection,2,P.D. only,Thru lane,unknown,unknown,Sideswipe,Unknown,Daylight,01 - Daylight,Regional municipality,No control,unknown,0,0,0,FALSE,FALSE,FALSE,Clear,,FALSE,KING ST E; CAMERON ST N; 10 M,3/7/2019 2:32:37 PM,542011.0837,4810482.001
44084,15-129429,6/18/2015 3:54:00 PM,2015,6,18,15,54,0,Thursday,541309.9172,4809729.004,-80.489534,43.439329,Intersection related,2,P.D. only,Off highway,unknown,unknown,SMV other,Unknown,Daylight,01 - Daylight,Municipal (excl. Twp. Rd.),No control,unknown,0,0,0,FALSE,FALSE,FALSE,Clear,,FALSE,SPADINA RD E; 165 MILL ST,3/7/2019 2:32:37 PM,541309.9172,4809729.004
44085,15-129482,6/17/2015 11:00:00 PM,2015,6,17,23,0,0,Wednesday,545039.6883,4811981.238,-80.443261,43.459393,At/near private drive,2,P.D. only,Right shoulder,unknown,unknown,SMV unattended vehicle,Unknown,"Dark, artificial","08 - Dark, artificial",Municipal (excl. Twp. Rd.),No control,unknown,0,0,0,FALSE,FALSE,FALSE,Clear,,FALSE,MONTCALM DR; MONTCALM DR; Near,3/4/2020 10:19:50 AM,545039.6883,4811981.238
44086,15-130272,6/19/2015 5:35:00 PM,2015,6,19,17,35,0,Friday,541957.1303,4810868.826,-80.481449,43.449556,At intersection,2,P.D. only,Within intersection,unknown,unknown,Angle,Unknown,Daylight,01 - Daylight,Municipal (excl. Twp. Rd.),Stop sign,Functioning,0,0,0,FALSE,FALSE,FALSE,Clear,,FALSE,LANCASTER ST E; KRUG ST ; At,3/4/2020 10:19:49 AM,541957.1303,4810868.826
44087,15-130310,6/19/2015 6:15:00 PM,2015,6,19,18,15,0,Friday,539002.7428,4811280.335,-80.517932,43.453421,At intersection,2,P.D. only,Within intersection,unknown,unknown,Turning movement,Unknown,Daylight,01 - Daylight,Municipal (excl. Twp. Rd.),Stop sign,Functioning,0,0,0,FALSE,FALSE,FALSE,Clear,,FALSE,BELMONT AVE W; CLAREMONT AVE,3/7/2019 2:32:35 PM,539002.7428,4811280.335
44088,15-130331,6/19/2015 7:12:00 PM,2015,6,19,19,12,0,Friday,541223.8095,4808696.164,-80.490676,43.430034,At/near private drive,2,P.D. only,Thru lane,unknown,unknown,Other,Unknown,Daylight,01 - Daylight,Regional municipality,No control,unknown,0,0,0,FALSE,FALSE,FALSE,Clear,,FALSE,HIGHLAND RD E; 461 HIGHLAND RD E; Near; 2 M,3/7/2019 2:32:35 PM,541223.8095,4808696.164
44089,15-130570,6/20/2015 1:26:00 AM,2015,6,20,1,26,0,Saturday,548009.9095,4804627.415,-80.407194,43.392995,Non intersection,1,Non-fatal injury,Not on roadway - right side,unknown,unknown,SMV other,Unknown,"Dark, artificial","08 - Dark, artificial",Municipal (excl. Twp. Rd.),No control,unknown,0,0,0,FALSE,FALSE,FALSE,Clear,,FALSE,OLD MILL RD; OLD MILL RD ; 13 M,3/7/2019 2:32:34 PM,548009.9095,4804627.415
44090,15-131817,6/21/2015 7:20:00 PM,2015,6,21,19,20,0,Sunday,544117.2395,4811895.06,-80.45467,43.458672,At intersection,2,P.D. only,Within intersection,unknown,unknown,Angle,Unknown,Daylight,01 - Daylight,Municipal (excl. Twp. Rd.),Stop sign,Functioning,0,0,0,FALSE,FALSE,FALSE,Clear,,FALSE,RIVER RD E; MANCHESTER RD,3/7/2019 2:32:33 PM,544117.2395,4811895.06
44091,15-131981,6/21/2015 11:57:00 PM,2015,6,21,23,57,0,Sunday,546235.5188,4811378.159,-80.428531,43.45389,Non intersection,2,P.D. only,Thru lane,unknown,unknown,SMV unattended vehicle,Unknown,"Dark, artificial","08 - Dark, artificial",Municipal (excl. Twp. Rd.),No control,unknown,0,0,0,FALSE,FALSE,FALSE,Clear,,FALSE,CASEY DR; CASEY DR ; At; 3 M,3/7/2019 2:32:32 PM,546235.5188,4811378.159
44092,15-132272,6/22/2015 11:29:00 AM,2015,6,22,11,29,0,Monday,542119.4811,4812778.88,-80.479295,43.466745,At intersection,2,P.D. only,Within intersection,unknown,unknown,Turning movement,Unknown,Daylight,01 - Daylight,Municipal (excl. Twp. Rd.),Stop sign,Functioning,0,0,0,FALSE,FALSE,FALSE,Clear,,FALSE,GUELPH ST; MAPLE AVE,3/7/2019 2:32:32 PM,542119.4811,4812778.88
44093,15-132401,6/22/2015 1:36:00 PM,2015,6,22,13,36,0,Monday,540647.8468,4807968.774,-80.497846,43.423516,Non intersection,2,P.D. only,Thru lane,unknown,unknown,Sideswipe,Unknown,Daylight,01 - Daylight,Municipal (excl. Twp. Rd.),Stop sign,Functioning,0,0,0,FALSE,FALSE,FALSE,Clear,,FALSE,CHANDLER DR; LEACREST CRT ; Near; 25 M,3/7/2019 2:32:31 PM,540647.8468,4807968.774
44094,15-132600,6/13/2015 2:00:00 PM,2015,6,13,14,0,0,Saturday,538674.667,4807354.895,-80.522265,43.418093,At/near private drive,2,P.D. only,Thru lane,unknown,unknown,SMV unattended vehicle,Unknown,Daylight,01 - Daylight,Municipal (excl. Twp. Rd.),No control,unknown,0,0,0,FALSE,FALSE,FALSE,Clear,,FALSE,FORESTWOOD DR; Near,3/7/2019 2:32:30 PM,538674.667,4807354.895
44095,15-133665,6/24/2015 6:30:00 AM,2015,6,24,6,30,0,Wednesday,541466.7359,4809534.943,-80.487611,43.437573,At intersection,1,Non-fatal injury,Within intersection,unknown,unknown,Angle,Unknown,Daylight,01 - Daylight,Municipal (excl. Twp. Rd.),Traffic signal,Functioning,0,0,1,FALSE,FALSE,FALSE,Clear,,FALSE,STIRLING AVE S; MILL ST; At,3/7/2019 2:32:30 PM,541466.7359,4809534.943
44096,15-133793,6/24/2015 7:15:00 AM,2015,6,24,7,15,0,Wednesday,538776.8289,4808890.892,-80.520894,43.431918,At intersection,2,P.D. only,Within intersection,unknown,unknown,Angle,Unknown,Daylight,01 - Daylight,Municipal (excl. Twp. Rd.),Stop sign,Functioning,0,0,0,FALSE,FALSE,FALSE,Clear,,FALSE,EAGEN DR; OVERLEA DR; At,3/7/2019 2:32:29 PM,538776.8289,4808890.892
44097,15-134394,6/25/2015 12:54:00 AM,2015,6,25,0,54,0,Thursday,537605.7043,4810392.018,-80.53526,43.445494,Non intersection,1,Non-fatal injury,Thru lane,unknown,unknown,SMV other,Unknown,Dark,07 - Dark,Municipal (excl. Twp. Rd.),No control,unknown,0,0,0,FALSE,FALSE,FALSE,Clear,,FALSE,GLASGOW ST; KNELL DR ; Near; 56 M,3/7/2019 2:32:28 PM,537605.7043,4810392.018
44098,15-134745,6/25/2015 8:00:00 AM,2015,6,25,8,0,0,Thursday,545898.9493,4810781.785,-80.432741,43.448541,At/near private drive,2,P.D. only,Thru lane,unknown,unknown,SMV unattended vehicle,Unknown,Daylight,01 - Daylight,Municipal (excl. Twp. Rd.),No control,unknown,0,0,0,FALSE,FALSE,FALSE,Clear,,FALSE,EDENBRIDGE DR,3/7/2019 2:32:27 PM,545898.9493,4810781.785