OBJECTID,ACCIDENTNUM,ACCIDENTDATE,ACCIDENT_YEAR,ACCIDENT_MONTH,ACCIDENT_DAY,ACCIDENT_HOUR,ACCIDENT_MINUTE,ACCIDENT_SECOND,ACCIDENT_WEEKDAY,XCOORD,YCOORD,LONGITUDE,LATITUDE,ACCIDENTLOCATION,COLLISIONTYPE,CLASSIFICATIONOFACCIDENT,IMPACTLOCATION,INITIALDIRECTIONOFTRAVELONE,INITIALDIRECTIONOFTRAVELTWO,INITIALIMPACTTYPE,INTTRAFFICCONTROL,LIGHT,LIGHTFORREPORT,ROADJURISDICTION,TRAFFICCONTROL,TRAFFICCONTROLCONDITION,THRULANENO,NORTHBOUNDDISOBEYCOUNT,SOUTHBOUNDDISOBEYCOUNT,PEDESTRIANINVOLVED,CYCLISTINVOLVED,MOTORCYCLISTINVOLVED,ENVIRONMENTCONDITION1,ENVIRONMENTCONDITION2,SELFREPORTED,XMLIMPORTNOTES,LASTEDITEDDATE,x,y
44099,15-134885,6/25/2015 8:25:00 AM,2015,6,25,8,25,0,Thursday,541232.2178,4810947.649,-80.490402,43.450306,Non intersection,2,P.D. only,Thru lane,unknown,unknown,Rear end,Unknown,Daylight,01 - Daylight,Regional municipality,No control,unknown,0,0,0,FALSE,FALSE,FALSE,Clear,,FALSE,KING ST W; ONTARIO ST N; Near,3/7/2019 2:32:27 PM,541232.2178,4810947.649
44100,15-134974,6/25/2015 4:56:00 PM,2015,6,25,16,56,0,Thursday,541109.0971,4811168.242,-80.491907,43.452299,Other,2,P.D. only,Off highway,unknown,unknown,SMV other,Unknown,Daylight,01 - Daylight,Private property,No control,unknown,0,0,0,FALSE,FALSE,FALSE,Clear,,FALSE,CONSTRUCTION SITE; DUKE ST W; At,3/7/2019 2:32:26 PM,541109.0971,4811168.243
44101,15-136629,6/27/2015 7:44:00 PM,2015,6,27,19,44,0,Saturday,543073.8951,4812796.576,-80.467495,43.46685,At intersection,2,P.D. only,Within intersection,unknown,unknown,Angle,Unknown,Daylight,01 - Daylight,Municipal (excl. Twp. Rd.),No control,unknown,0,0,0,FALSE,FALSE,FALSE,Rain,,FALSE,RIVERBEND DR; SHIRLEY AVE,3/7/2019 2:32:25 PM,543073.8951,4812796.576
44102,15-137584,6/29/2015 9:32:00 AM,2015,6,29,9,32,0,Monday,546758.2608,4803611.084,-80.422735,43.383923,Non intersection,2,P.D. only,Off highway,unknown,unknown,SMV other,Unknown,Daylight,01 - Daylight,Municipal (excl. Twp. Rd.),No control,unknown,0,0,0,FALSE,FALSE,FALSE,Clear,,FALSE,QUAIL HOLLOW ; QUAIL HOLLOW; Near; 5 M,3/7/2019 2:32:24 PM,546758.2608,4803611.084
44103,15-137664,6/27/2015 11:30:00 AM,2015,6,27,11,30,0,Saturday,544958.7815,4811035.89,-80.444339,43.450886,Intersection related,2,P.D. only,Left turn lane,unknown,unknown,Angle,Unknown,Daylight,01 - Daylight,Regional municipality,Traffic signal,Functioning,0,0,0,FALSE,FALSE,FALSE,Clear,,FALSE,RIVER RD E; OTTAWA ST N; At,3/7/2019 2:32:22 PM,544958.7815,4811035.89
44104,15-137774,6/29/2015 1:52:00 PM,2015,6,29,13,52,0,Monday,543755.8797,4809221.775,-80.459351,43.434623,Non intersection,1,Non-fatal injury,Thru lane,unknown,unknown,SMV other,Unknown,Daylight,01 - Daylight,Municipal (excl. Twp. Rd.),No control,unknown,0,0,0,FALSE,FALSE,FALSE,Clear,,FALSE,DICKSON ST; ECKERT ST ; 19 M,3/4/2020 10:19:49 AM,543755.8797,4809221.775
44105,15-138086,6/29/2015 8:44:00 PM,2015,6,29,20,44,0,Monday,544857.1857,4806308.421,-80.445983,43.408326,Non intersection,1,Non-fatal injury,Not on roadway - right side,unknown,unknown,SMV other,Unknown,Dusk,05 - Dusk,Municipal (excl. Twp. Rd.),No control,unknown,0,0,0,FALSE,FALSE,TRUE,Clear,,FALSE,WABANAKI DR; MANITOU DR ; 90 M,3/7/2019 2:32:21 PM,544857.1857,4806308.421
44106,15-138427,6/30/2015 10:42:00 AM,2015,6,30,10,42,0,Tuesday,539391.3833,4810416.208,-80.513191,43.44562,Non intersection,1,Non-fatal injury,Thru lane,unknown,unknown,Rear end,Unknown,Daylight,01 - Daylight,Municipal (excl. Twp. Rd.),No control,unknown,0,0,0,FALSE,FALSE,FALSE,Clear,,FALSE,BELMONT AVE W; KARN ST ; 50 M,3/7/2019 2:32:20 PM,539391.3833,4810416.208
44107,15-138495,6/30/2015 8:00:00 AM,2015,6,30,8,0,0,Tuesday,542863.7259,4808152.966,-80.470458,43.425051,Other,2,P.D. only,Not on roadway - right side,unknown,unknown,SMV unattended vehicle,Unknown,Daylight,01 - Daylight,Municipal (excl. Twp. Rd.),No control,unknown,0,0,0,FALSE,FALSE,FALSE,Clear,,FALSE,HAYWARD AVE; HAYWARD AVE ; Near,3/7/2019 2:32:19 PM,542863.7259,4808152.966
44108,15-138772,6/29/2015 6:00:00 PM,2015,6,29,18,0,0,Monday,542206.1986,4810737.662,-80.478381,43.448361,At/near private drive,2,P.D. only,Thru lane,unknown,unknown,SMV unattended vehicle,Unknown,Daylight,01 - Daylight,Municipal (excl. Twp. Rd.),No control,unknown,0,0,0,FALSE,FALSE,FALSE,Rain,,FALSE,CAMERON ST N,3/7/2019 2:32:19 PM,542206.1986,4810737.662
44109,15-138844,6/30/2015 9:16:00 PM,2015,6,30,21,16,0,Tuesday,538737.236,4807779.726,-80.521462,43.421915,Non intersection,2,unknown,Thru lane,unknown,unknown,SMV unattended vehicle,Unknown,Daylight,01 - Daylight,Municipal (excl. Twp. Rd.),No control,unknown,0,0,0,FALSE,FALSE,FALSE,Clear,,FALSE,MCGARRY DR; ELM RIDGE DR ; 100 M,3/7/2019 2:32:18 PM,538737.236,4807779.726
44110,15-139907,7/1/2015 7:30:00 PM,2015,7,1,19,30,0,Wednesday,539678.1974,4807466.006,-80.509861,43.419041,At/near private drive,2,P.D. only,Thru lane,unknown,unknown,SMV unattended vehicle,Unknown,Daylight,01 - Daylight,Municipal (excl. Twp. Rd.),No control,unknown,0,0,0,FALSE,FALSE,FALSE,Clear,,FALSE,WINDALE CRES; 51 WINDALE CRES,3/7/2019 2:32:17 PM,539678.1974,4807466.006
44111,15-140051,7/2/2015 12:39:00 PM,2015,7,2,12,39,0,Thursday,542108.3899,4807130.335,-80.479868,43.415886,Intersection related,1,Non-fatal injury,Left turn lane,unknown,unknown,Rear end,Unknown,Daylight,01 - Daylight,Regional municipality,Traffic signal,Functioning,0,0,0,FALSE,FALSE,FALSE,Clear,,FALSE,STRASBURG RD; BLOCK LINE RD ; At; 0.26 K,3/7/2019 2:32:15 PM,542108.3899,4807130.335
44112,15-140213,7/2/2015 3:20:00 PM,2015,7,2,15,20,0,Thursday,543749.8523,4811995.73,-80.459203,43.4596,At/near private drive,2,P.D. only,Off highway,unknown,unknown,Other,Unknown,Daylight,01 - Daylight,Private property,No control,unknown,0,0,0,FALSE,FALSE,FALSE,Clear,,FALSE,DRIVEWAY; RIVER RD E; At,3/7/2019 2:32:15 PM,543749.8523,4811995.73
44113,15-140317,7/2/2015 1:00:00 PM,2015,7,2,13,0,0,Thursday,539068.7339,4811132.118,-80.517127,43.452083,At/near private drive,2,P.D. only,Thru lane,unknown,unknown,Turning movement,Unknown,Daylight,01 - Daylight,Municipal (excl. Twp. Rd.),No control,unknown,0,0,0,FALSE,FALSE,FALSE,Clear,,FALSE,BELMONT AVE W; At,3/7/2019 2:32:14 PM,539068.7339,4811132.118
44114,15-140490,7/2/2015 11:48:00 PM,2015,7,2,23,48,0,Thursday,538299.4244,4807955.701,-80.526858,43.423522,At/near private drive,2,P.D. only,Thru lane,unknown,unknown,SMV unattended vehicle,Unknown,Dark,07 - Dark,Municipal (excl. Twp. Rd.),No control,unknown,0,0,0,FALSE,FALSE,FALSE,Clear,,FALSE,SILVER ASPEN CRES; 169 SILVER ASPEN CRES; Near; 1 M,3/7/2019 2:32:13 PM,538299.4244,4807955.701
44115,15-141257,7/3/2015 11:12:00 PM,2015,7,3,23,12,0,Friday,544610.5994,4809092.768,-80.448801,43.433411,Intersection related,1,Non-fatal injury,Thru lane,unknown,unknown,Rear end,Unknown,Dark,07 - Dark,Municipal (excl. Twp. Rd.),Traffic signal,Functioning,0,0,0,FALSE,FALSE,FALSE,Clear,,FALSE,KINGSWAY DR ; FRANKLIN ST S; 10 M,3/7/2019 2:32:12 PM,544610.5994,4809092.768
44116,15-142968,7/5/2015 6:00:00 PM,2015,7,5,18,0,0,Sunday,536084.5312,4807632.524,-80.554241,43.420722,At/near private drive,2,P.D. only,Not on roadway - right side,unknown,unknown,SMV other,Unknown,Daylight,01 - Daylight,Municipal (excl. Twp. Rd.),No control,unknown,0,0,0,FALSE,FALSE,FALSE,Clear,,FALSE,FIRE HYDRANT; RAUCH CRT; At,3/7/2019 2:32:11 PM,536084.5312,4807632.524
44117,15-143169,7/6/2015 2:12:00 PM,2015,7,6,14,12,0,Monday,541296.9445,4811067.214,-80.489593,43.451379,Intersection related,2,P.D. only,Thru lane,unknown,unknown,Sideswipe,Unknown,Daylight,01 - Daylight,Municipal (excl. Twp. Rd.),Traffic signal,Functioning,0,0,0,FALSE,TRUE,FALSE,Clear,,FALSE,DUKE ST W; ONTARIO ST N,3/7/2019 2:32:10 PM,541296.9445,4811067.214
44118,15-143176,7/6/2015 10:20:00 AM,2015,7,6,10,20,0,Monday,541266.8309,4810554.037,-80.490004,43.44676,At/near private drive,2,P.D. only,Thru lane,unknown,unknown,Turning movement,Unknown,Daylight,01 - Daylight,Municipal (excl. Twp. Rd.),No control,unknown,0,0,0,FALSE,FALSE,FALSE,Clear,,FALSE,ST GEORGE ST ; BENTON ST; Near,3/7/2019 2:32:09 PM,541266.8309,4810554.037
44119,15-143692,7/7/2015 7:24:00 AM,2015,7,7,7,24,0,Tuesday,547832.8583,4807656.488,-80.409115,43.42028,At railway crossing,2,P.D. only,Other,unknown,unknown,Angle,Unknown,Daylight,01 - Daylight,Municipal (excl. Twp. Rd.),Traffic controller,unknown,0,0,0,FALSE,FALSE,FALSE,Clear,,FALSE,RIVERBANK DR ; KING ST E; 17 M,3/7/2019 2:32:07 PM,547832.8583,4807656.488
44120,15-144034,7/7/2015 3:00:00 PM,2015,7,7,15,0,0,Tuesday,541300.1162,4812437.512,-80.48945,43.463717,At intersection,1,Non-fatal injury,Within intersection,unknown,unknown,Angle,Unknown,Daylight,01 - Daylight,Municipal (excl. Twp. Rd.),Stop sign,Functioning,0,0,0,FALSE,FALSE,FALSE,Rain,,FALSE,BLUCHER BLVD; ST LEGER ST,3/7/2019 2:32:06 PM,541300.1162,4812437.512
44121,15-144175,7/7/2015 6:21:00 PM,2015,7,7,18,21,0,Tuesday,547221.3028,4808804.675,-80.41657,43.430657,At/near private drive,2,P.D. only,Not on roadway - right side,unknown,unknown,SMV other,Unknown,Daylight,01 - Daylight,Regional municipality,No control,unknown,0,0,0,FALSE,FALSE,FALSE,Clear,,FALSE,MORRISON RD ; MORRISON RD; 5 M,3/7/2019 2:32:05 PM,547221.3028,4808804.675
44122,15-144201,7/4/2015 4:30:00 PM,2015,7,4,16,30,0,Saturday,537831.6642,4807933.404,-80.532638,43.423345,Non intersection,2,P.D. only,Thru lane,unknown,unknown,SMV unattended vehicle,Unknown,Daylight,01 - Daylight,Municipal (excl. Twp. Rd.),No control,unknown,0,0,0,FALSE,FALSE,FALSE,Clear,,FALSE,AUTUMN HILL CRES; CRICKET HOLLOW; Near,3/7/2019 2:32:04 PM,537831.6642,4807933.404
44123,15-144877,7/8/2015 4:00:00 PM,2015,7,8,16,0,0,Wednesday,539441.5488,4811509.454,-80.512492,43.455461,At/near private drive,1,Non-fatal injury,Thru lane,unknown,unknown,Turning movement,Unknown,Daylight,01 - Daylight,Regional municipality,No control,unknown,0,0,0,FALSE,FALSE,FALSE,Clear,,FALSE,PARK ST ; 453 PARK ST; 4 M,3/7/2019 2:32:02 PM,539441.5488,4811509.454
44124,15-144956,7/8/2015 5:15:00 PM,2015,7,8,17,15,0,Wednesday,542189.3063,4809143.713,-80.478713,43.43401,At intersection,2,P.D. only,Within intersection,unknown,unknown,Turning movement,Unknown,Daylight,01 - Daylight,Regional municipality,Stop sign,Functioning,0,0,0,FALSE,FALSE,FALSE,Clear,,FALSE,MILL ST; OTTAWA ST S,3/4/2020 10:19:48 AM,542189.3063,4809143.713
44125,15-145302,7/9/2015 8:03:00 AM,2015,7,9,8,3,0,Thursday,543073.8766,4812799.463,-80.467495,43.466876,Intersection related,2,P.D. only,Thru lane,unknown,unknown,Sideswipe,Unknown,Daylight,01 - Daylight,Municipal (excl. Twp. Rd.),Stop sign,Functioning,0,0,0,FALSE,FALSE,FALSE,Clear,,FALSE,WELLINGTON ST N; RIVERBEND DR; Near; 5 M,3/7/2019 2:32:01 PM,543073.8766,4812799.464
44126,15-145621,7/9/2015 4:09:00 PM,2015,7,9,16,9,0,Thursday,542164.8069,4810382.339,-80.47892,43.445164,At intersection,2,P.D. only,Within intersection,unknown,unknown,SMV other,Unknown,Daylight,01 - Daylight,Regional municipality,No control,unknown,0,0,0,FALSE,FALSE,FALSE,Clear,,FALSE,KING ST E; PANDORA AVE N,3/7/2019 2:32:00 PM,542164.8069,4810382.339
44127,15-146389,7/10/2015 2:35:00 PM,2015,7,10,14,35,0,Friday,541157.1611,4810823.246,-80.491339,43.44919,Non intersection,2,P.D. only,Not on roadway - right side,unknown,unknown,SMV other,Unknown,Daylight,01 - Daylight,Municipal (excl. Twp. Rd.),No control,unknown,0,0,0,FALSE,FALSE,FALSE,Clear,,FALSE,ONTARIO ST S; CHARLES ST W; Near; 40 M,3/7/2019 2:31:59 PM,541157.1611,4810823.246
44128,15-146414,7/10/2015 4:00:00 PM,2015,7,10,16,0,0,Friday,547442.1753,4810267.92,-80.413714,43.443818,Non intersection,1,Non-fatal injury,Thru lane,unknown,unknown,Rear end,Unknown,Daylight,01 - Daylight,Regional municipality,No control,unknown,0,0,0,FALSE,FALSE,FALSE,Clear,,FALSE,FAIRWAY CRES; LACKNER BLVD; 100 M,3/7/2019 2:31:59 PM,547442.1753,4810267.92
44129,15-146445,7/10/2015 5:10:00 PM,2015,7,10,17,10,0,Friday,547406.8406,4810240.794,-80.414153,43.443576,Non intersection,2,P.D. only,Thru lane,unknown,unknown,Rear end,Unknown,Daylight,01 - Daylight,Regional municipality,No control,unknown,0,0,0,FALSE,FALSE,FALSE,Clear,,FALSE,FAIRWAY CRES; LACKNER BLVD; 100 M,3/7/2019 2:31:58 PM,547406.8406,4810240.794
44130,15-146482,7/10/2015 6:12:00 PM,2015,7,10,18,12,0,Friday,542010.0339,4810481.662,-80.480825,43.446067,At intersection,2,P.D. only,Within intersection,unknown,unknown,Rear end,Unknown,Daylight,01 - Daylight,Regional municipality,Stop sign,Functioning,0,0,0,FALSE,FALSE,TRUE,Clear,,FALSE,KING ST E; CAMERON ST N; 1 M,3/7/2019 2:31:57 PM,542010.0339,4810481.662
44131,15-146571,7/10/2015 6:15:00 PM,2015,7,10,18,15,0,Friday,536516.671,4807046.231,-80.548942,43.415422,At/near private drive,2,P.D. only,Thru lane,unknown,unknown,Sideswipe,Unknown,Daylight,01 - Daylight,Municipal (excl. Twp. Rd.),No control,unknown,0,0,0,FALSE,FALSE,FALSE,Clear,,FALSE,HIGHVIEW DR; HIGHVIEW DR,3/7/2019 2:31:56 PM,536516.671,4807046.231
44132,15-147245,7/11/2015 4:05:00 PM,2015,7,11,16,5,0,Saturday,541021.0388,4810694.029,-80.493031,43.448034,Non intersection,1,Non-fatal injury,Thru lane,unknown,unknown,SMV other,Unknown,Daylight,01 - Daylight,Municipal (excl. Twp. Rd.),No control,unknown,0,0,0,TRUE,FALSE,FALSE,Clear,,FALSE,DAVID ST; 35 DAVID ST; At; 20 M,3/7/2019 2:31:55 PM,541021.0388,4810694.029
44133,15-147376,7/11/2015 7:30:00 PM,2015,7,11,19,30,0,Saturday,540847.9054,4808324.377,-80.495348,43.426707,Non intersection,2,P.D. only,Thru lane,unknown,unknown,SMV unattended vehicle,Unknown,Daylight,01 - Daylight,Municipal (excl. Twp. Rd.),No control,unknown,0,0,0,FALSE,FALSE,FALSE,Clear,,FALSE,STIRLING AVE S; AVALON PL; Near; 9 M,3/7/2019 2:31:55 PM,540847.9054,4808324.377
44134,15-147715,7/12/2015 3:40:00 AM,2015,7,12,3,40,0,Sunday,541068,4811108,0,0,Non intersection,2,P.D. only,Not on roadway - left side,unknown,unknown,SMV other,Unknown,Dark,07 - Dark,Private property,No control,unknown,0,0,0,FALSE,FALSE,FALSE,Clear,,FALSE,KINGSWOOD DR; GRACEFIELD CRES ; 1 M,3/4/2020 10:19:47 AM,541068,4811108
44135,15-148583,7/13/2015 10:10:00 AM,2015,7,13,10,10,0,Monday,542421.8023,4812479.021,-80.475581,43.464028,At/near private drive,2,P.D. only,Thru lane,unknown,unknown,Sideswipe,Unknown,Daylight,01 - Daylight,Municipal (excl. Twp. Rd.),Other,Functioning,0,0,0,FALSE,FALSE,FALSE,Clear,,FALSE,WELLINGTON ST N; 809 WELLINGTON ST N; 2 M,3/7/2019 2:31:54 PM,542421.8023,4812479.021
44136,15-148622,7/11/2015 8:30:00 AM,2015,7,11,8,30,0,Saturday,543106.6983,4811854.313,-80.467164,43.458364,At/near private drive,2,P.D. only,Thru lane,unknown,unknown,Other,Unknown,Daylight,01 - Daylight,Municipal (excl. Twp. Rd.),No control,unknown,0,0,0,FALSE,FALSE,FALSE,Clear,,FALSE,BRUCE ST; BRUCE ST ; At,3/7/2019 2:31:53 PM,543106.6983,4811854.313
44137,15-148834,7/13/2015 1:30:00 PM,2015,7,13,13,30,0,Monday,541743.2833,4809285.429,-80.484213,43.435311,At/near private drive,1,Non-fatal injury,Thru lane,unknown,unknown,Rear end,Unknown,Daylight,01 - Daylight,Municipal (excl. Twp. Rd.),No control,unknown,0,0,0,FALSE,FALSE,FALSE,Clear,,FALSE,MILL ST,3/7/2019 2:31:53 PM,541743.2833,4809285.429
44138,15-149326,7/14/2015 9:05:00 AM,2015,7,14,9,5,0,Tuesday,542523.8102,4812530.531,-80.474316,43.464486,Intersection related,2,P.D. only,Thru lane,unknown,unknown,Sideswipe,Unknown,Daylight,01 - Daylight,Regional municipality,Stop sign,Functioning,0,0,0,FALSE,FALSE,FALSE,Clear,,FALSE,WELLINGTON ST N; N HWY 85 TO WELLINGTON ST N; Near,3/7/2019 2:31:52 PM,542523.8102,4812530.531
44139,15-149435,7/14/2015 12:50:00 PM,2015,7,14,12,50,0,Tuesday,543930.4752,4809144.39,-80.4572,43.433916,At intersection,2,P.D. only,Within intersection,unknown,unknown,Turning movement,Unknown,Daylight,01 - Daylight,Municipal (excl. Twp. Rd.),No control,unknown,0,0,0,FALSE,FALSE,FALSE,Clear,,FALSE,ECKERT ST; FIRST AVE,3/7/2019 2:31:51 PM,543930.4752,4809144.39
44140,15-149613,7/14/2015 5:07:00 PM,2015,7,14,17,7,0,Tuesday,541399.9396,4808695.688,-80.4885,43.43002,At/near private drive,2,P.D. only,Thru lane,unknown,unknown,Rear end,Unknown,Daylight,01 - Daylight,Regional municipality,No control,unknown,0,0,0,FALSE,FALSE,FALSE,Clear,,FALSE,HOFFMAN ST; 356 HOFFMAN ST; 1 M,3/7/2019 2:31:50 PM,541399.9396,4808695.688
44141,15-149795,7/14/2015 10:27:00 PM,2015,7,14,22,27,0,Tuesday,545870.4868,4812478.628,-80.43295,43.463821,Non intersection,2,P.D. only,Not on roadway - left side,unknown,unknown,SMV other,Unknown,Dark,07 - Dark,Municipal (excl. Twp. Rd.),No control,unknown,0,0,0,FALSE,FALSE,FALSE,Clear,,FALSE,KEEWATIN AVE ; DUNNIGAN DR ; 23 M,3/7/2019 2:31:50 PM,545870.4868,4812478.628
44142,15-149856,7/15/2015 1:08:00 AM,2015,7,15,1,8,0,Wednesday,544234.0343,4808803.748,-80.453477,43.430831,At intersection,2,P.D. only,Within intersection,unknown,unknown,Angle,Unknown,Dark,07 - Dark,Municipal (excl. Twp. Rd.),Stop sign,Functioning,0,0,0,FALSE,FALSE,FALSE,Clear,,FALSE,CONNAUGHT ST; FIFTH AVE,3/7/2019 2:31:49 PM,544234.0343,4808803.748
44143,15-149977,7/15/2015 8:46:00 AM,2015,7,15,8,46,0,Wednesday,539615.9593,4806345.929,-80.510711,43.408959,At/near private drive,2,P.D. only,Thru lane,unknown,unknown,Turning movement,Unknown,Daylight,01 - Daylight,Municipal (excl. Twp. Rd.),No control,unknown,0,0,0,FALSE,FALSE,FALSE,Clear,,FALSE,ACTIVA AVE; ACTIVA AVE ; At; 7 M,3/7/2019 2:31:48 PM,539615.9593,4806345.929
44144,15-150570,7/15/2015 7:00:00 PM,2015,7,15,19,0,0,Wednesday,540270.7978,4811638.857,-80.502233,43.456582,At intersection,1,Non-fatal injury,Within intersection,unknown,unknown,Angle,Unknown,Daylight,01 - Daylight,Municipal (excl. Twp. Rd.),Stop sign,Functioning,0,0,0,FALSE,TRUE,FALSE,Clear,,FALSE,MOORE AVE ; SHANLEY ST,3/7/2019 2:31:48 PM,540270.7978,4811638.858
44145,15-150586,7/16/2015 12:35:00 AM,2015,7,16,0,35,0,Thursday,540034.8146,4810259.959,-80.505251,43.444179,Non intersection,2,Non-reportable,Off highway,unknown,unknown,SMV other,Unknown,Dark,07 - Dark,Regional municipality,No control,unknown,0,0,0,FALSE,FALSE,FALSE,Clear,,FALSE,WEST AVE; VICTORIA ST S; 140 M,3/7/2019 2:31:47 PM,540034.8146,4810259.959
44146,15-150716,7/16/2015 8:34:00 AM,2015,7,16,8,34,0,Thursday,543073.883,4812798.464,-80.467495,43.466867,At intersection,1,Non-fatal injury,Within intersection,unknown,unknown,Turning movement,Unknown,Daylight,01 - Daylight,Municipal (excl. Twp. Rd.),Stop sign,Functioning,0,1,0,FALSE,TRUE,FALSE,Clear,,FALSE,RIVERBEND DR; WELLINGTON ST N,3/7/2019 2:31:46 PM,543073.883,4812798.464
44147,15-150876,7/16/2015 7:24:00 AM,2015,7,16,7,24,0,Thursday,542410.7613,4812472.399,-80.475718,43.463969,Non intersection,2,P.D. only,Thru lane,unknown,unknown,Sideswipe,Unknown,Daylight,01 - Daylight,Municipal (excl. Twp. Rd.),No control,unknown,0,0,0,FALSE,FALSE,FALSE,Clear,,FALSE,WELLINGTON ST N; Near,3/7/2019 2:31:45 PM,542410.7613,4812472.399
44148,15-150972,7/16/2015 1:38:00 PM,2015,7,16,13,38,0,Thursday,540984.644,4810824.194,-80.493471,43.449208,Intersection related,2,P.D. only,Thru lane,unknown,unknown,Other,Unknown,Daylight,01 - Daylight,Municipal (excl. Twp. Rd.),Stop sign,Functioning,0,0,0,FALSE,FALSE,FALSE,Clear,,FALSE,JOSEPH ST ; GAUKEL ST ; At,3/7/2019 2:31:45 PM,540984.644,4810824.194
44149,15-151172,7/16/2015 4:45:00 PM,2015,7,16,16,45,0,Thursday,542187.4573,4809141.702,-80.478736,43.433992,Intersection related,2,P.D. only,Thru lane,unknown,unknown,Turning movement,Unknown,Daylight,01 - Daylight,Municipal (excl. Twp. Rd.),Traffic signal,Functioning,0,0,0,FALSE,FALSE,FALSE,Clear,,FALSE,MILL ST; OTTAWA ST S,3/4/2020 10:19:47 AM,542187.4573,4809141.702
44150,15-151463,7/17/2015 3:10:00 AM,2015,7,17,3,10,0,Friday,540096.4058,4810856.946,-80.504446,43.449551,Overpass or bridge,2,P.D. only,Other,unknown,unknown,SMV other,Unknown,"Dark, artificial","08 - Dark, artificial",Municipal (excl. Twp. Rd.),Other,Functioning,0,1,0,FALSE,FALSE,FALSE,Clear,,FALSE,PARK ST; CHERRY ST; Near; 20 M,3/7/2019 2:31:44 PM,540096.4058,4810856.946
44151,15-151538,7/17/2015 8:20:00 AM,2015,7,17,8,20,0,Friday,544973.3878,4811308.535,-80.444136,43.45334,Non intersection,1,Non-fatal injury,Thru lane,unknown,unknown,Approaching,Unknown,Daylight,01 - Daylight,Regional municipality,No control,unknown,0,0,0,FALSE,FALSE,FALSE,Rain,,FALSE,RIVER RD E; OTTAWA ST N; 250 M,3/7/2019 2:31:43 PM,544973.3878,4811308.535
44152,15-151814,7/17/2015 2:10:00 PM,2015,7,17,14,10,0,Friday,542911.8738,4809936.476,-80.469723,43.441107,At intersection,1,Non-fatal injury,Within intersection,unknown,unknown,Turning movement,Unknown,Daylight,01 - Daylight,Regional municipality,Stop sign,Functioning,0,0,0,FALSE,FALSE,FALSE,Rain,,FALSE,KING ST E; SYDNEY ST N; At,3/7/2019 2:31:43 PM,542911.8738,4809936.476
44153,15-152422,7/18/2015 9:04:00 AM,2015,7,18,9,4,0,Saturday,544885.1117,4804847.928,-80.445758,43.395174,Intersection related,2,P.D. only,Not on roadway - left side,unknown,unknown,SMV other,Unknown,Daylight,01 - Daylight,Regional municipality,Traffic signal,Functioning,0,0,0,FALSE,FALSE,FALSE,Clear,,FALSE,DOON VILLAGE RD ; PIONEER DR ; At,3/7/2019 2:31:42 PM,544885.1117,4804847.928
44154,15-152430,7/17/2015 8:00:00 PM,2015,7,17,20,0,0,Friday,541084.0075,4810771.156,-80.492247,43.448725,Non intersection,2,P.D. only,Thru lane,unknown,unknown,Sideswipe,Unknown,Daylight,01 - Daylight,Municipal (excl. Twp. Rd.),No control,unknown,0,0,0,FALSE,FALSE,FALSE,Clear,,FALSE,JOSEPH ST; DAVID ST,3/7/2019 2:31:41 PM,541084.0075,4810771.156
44155,15-152820,7/18/2015 7:58:00 PM,2015,7,18,19,58,0,Saturday,542417.8796,4811045.743,-80.475741,43.451123,At/near private drive,2,P.D. only,Thru lane,unknown,unknown,SMV unattended vehicle,Unknown,Daylight,01 - Daylight,Municipal (excl. Twp. Rd.),No control,unknown,0,0,0,FALSE,FALSE,FALSE,Clear,,FALSE,SIMEON ST ; SIMEON ST ; Near,3/7/2019 2:31:41 PM,542417.8796,4811045.743
44156,15-153146,7/19/2015 2:00:00 AM,2015,7,19,2,0,0,Sunday,537688.89,4807306.559,-80.534445,43.417708,At/near private drive,2,P.D. only,Not on roadway - right side,unknown,unknown,SMV unattended vehicle,Unknown,Dark,07 - Dark,Private property,No control,unknown,0,0,0,FALSE,FALSE,FALSE,Clear,,FALSE,DRIFTWOOD PL ; DRIFTWOOD PL; At; 2 M,3/7/2019 2:31:40 PM,537688.89,4807306.559
44157,15-153190,7/19/2015 6:25:00 AM,2015,7,19,6,25,0,Sunday,544600.2053,4808130.793,-80.449008,43.42475,Non intersection,1,Non-fatal injury,Thru lane,unknown,unknown,SMV other,Unknown,Daylight,01 - Daylight,Municipal (excl. Twp. Rd.),No control,unknown,0,0,0,FALSE,FALSE,FALSE,Clear,,FALSE,WILSON AVE; WOODHAVEN RD; Near; 16 M,3/7/2019 2:31:39 PM,544600.2053,4808130.793
44158,15-153246,7/19/2015 11:17:00 AM,2015,7,19,11,17,0,Sunday,544875.3899,4808331.529,-80.445592,43.426541,At/near private drive,2,P.D. only,Thru lane,unknown,unknown,Rear end,Unknown,Daylight,01 - Daylight,Municipal (excl. Twp. Rd.),No control,unknown,0,0,0,FALSE,FALSE,FALSE,Clear,,FALSE,TRAYNOR AVE; TRAYNOR AVE ; At; 6 M,3/7/2019 2:31:38 PM,544875.3899,4808331.529
44159,15-153322,7/19/2015 11:45:00 AM,2015,7,19,11,45,0,Sunday,543868.5965,4810208.514,-80.457879,43.443501,At/near private drive,2,P.D. only,Thru lane,unknown,unknown,SMV unattended vehicle,Unknown,Daylight,01 - Daylight,Municipal (excl. Twp. Rd.),No control,unknown,0,0,0,FALSE,FALSE,FALSE,Clear,,FALSE,CLIVE RD; 126 CLIVE RD,3/7/2019 2:31:38 PM,543868.5965,4810208.514
44160,15-153784,7/19/2015 5:05:00 PM,2015,7,19,17,5,0,Sunday,545300.3087,4808181.992,-80.440355,43.425169,At/near private drive,2,P.D. only,Thru lane,unknown,unknown,Turning movement,Unknown,Daylight,01 - Daylight,Municipal (excl. Twp. Rd.),Stop sign,Functioning,0,0,0,FALSE,FALSE,FALSE,Clear,,FALSE,KINGSWAY DR,3/7/2019 2:31:37 PM,545300.3087,4808181.992
44161,15-153844,7/20/2015 9:32:00 AM,2015,7,20,9,32,0,Monday,541617.2734,4810818.741,-80.485653,43.449124,Intersection related,1,Non-fatal injury,Other,unknown,unknown,SMV other,Unknown,Daylight,01 - Daylight,Municipal (excl. Twp. Rd.),No control,unknown,0,0,0,FALSE,TRUE,FALSE,Clear,,FALSE,SCOTT ST; MARKET LANE,3/7/2019 2:31:36 PM,541617.2734,4810818.741