OBJECTID,ACCIDENTNUM,ACCIDENTDATE,ACCIDENT_YEAR,ACCIDENT_MONTH,ACCIDENT_DAY,ACCIDENT_HOUR,ACCIDENT_MINUTE,ACCIDENT_SECOND,ACCIDENT_WEEKDAY,XCOORD,YCOORD,LONGITUDE,LATITUDE,ACCIDENTLOCATION,COLLISIONTYPE,CLASSIFICATIONOFACCIDENT,IMPACTLOCATION,INITIALDIRECTIONOFTRAVELONE,INITIALDIRECTIONOFTRAVELTWO,INITIALIMPACTTYPE,INTTRAFFICCONTROL,LIGHT,LIGHTFORREPORT,ROADJURISDICTION,TRAFFICCONTROL,TRAFFICCONTROLCONDITION,THRULANENO,NORTHBOUNDDISOBEYCOUNT,SOUTHBOUNDDISOBEYCOUNT,PEDESTRIANINVOLVED,CYCLISTINVOLVED,MOTORCYCLISTINVOLVED,ENVIRONMENTCONDITION1,ENVIRONMENTCONDITION2,SELFREPORTED,XMLIMPORTNOTES,LASTEDITEDDATE,x,y
44162,15-153846,7/19/2015 9:00:00 PM,2015,7,19,21,0,0,Sunday,540691.2893,4810347.741,-80.497132,43.444934,Non intersection,2,P.D. only,Thru lane,unknown,unknown,SMV unattended vehicle,Unknown,"Dark, artificial","08 - Dark, artificial",Municipal (excl. Twp. Rd.),No control,unknown,0,0,0,FALSE,FALSE,FALSE,Rain,,FALSE,SCHNEIDER AVE; SCHNEIDER AVE ; At,3/7/2019 2:31:36 PM,540691.2893,4810347.741
44163,15-153858,7/20/2015 9:56:00 AM,2015,7,20,9,56,0,Monday,544459.3804,4802678.314,-80.451191,43.375664,Non intersection,2,P.D. only,Left shoulder,unknown,unknown,SMV other,Unknown,Daylight,01 - Daylight,Municipal (excl. Twp. Rd.),No control,unknown,0,0,0,FALSE,FALSE,FALSE,Clear,,FALSE,CARYNDALE DR; STAUFFER DR; 250 M,3/7/2019 2:31:35 PM,544459.3804,4802678.314
44164,15-153873,7/20/2015 8:20:00 AM,2015,7,20,8,20,0,Monday,545470.6715,4812410.391,-80.437898,43.463231,At/near private drive,2,P.D. only,Thru lane,unknown,unknown,Other,Unknown,Daylight,01 - Daylight,Municipal (excl. Twp. Rd.),No control,unknown,0,0,0,FALSE,FALSE,FALSE,Clear,,FALSE,WORDSWORTH PL; At,3/7/2019 2:31:34 PM,545470.6715,4812410.391
44165,15-153913,7/20/2015 8:30:00 AM,2015,7,20,8,30,0,Monday,539086.5179,4811595.346,-80.516874,43.456253,At intersection,2,P.D. only,Within intersection,unknown,unknown,Turning movement,Unknown,Daylight,01 - Daylight,Municipal (excl. Twp. Rd.),Stop sign,Functioning,0,0,0,FALSE,FALSE,FALSE,Clear,,FALSE,UNION BLVD; YORK ST; At,3/7/2019 2:31:34 PM,539086.5179,4811595.346
44166,15-154145,7/20/2015 11:30:00 AM,2015,7,20,11,30,0,Monday,545582.5788,4809151.577,-80.436787,43.433882,At/near private drive,2,P.D. only,Thru lane,unknown,unknown,SMV unattended vehicle,Unknown,Daylight,01 - Daylight,Municipal (excl. Twp. Rd.),No control,unknown,0,0,0,FALSE,FALSE,FALSE,Clear,,FALSE,KRAFT AVE; At,3/7/2019 2:31:33 PM,545582.5788,4809151.577
44167,15-154345,7/20/2015 10:23:00 PM,2015,7,20,22,23,0,Monday,538172.43,4810384.097,-80.528257,43.445394,At/near private drive,2,P.D. only,Thru lane,unknown,unknown,SMV unattended vehicle,Unknown,"Dark, artificial","08 - Dark, artificial",Municipal (excl. Twp. Rd.),No control,unknown,0,0,0,FALSE,FALSE,FALSE,Clear,,FALSE,WESTWOOD CRES; WESTWOOD DR ; 15 M,3/7/2019 2:31:32 PM,538172.43,4810384.097
44168,15-154805,7/21/2015 12:00:00 PM,2015,7,21,12,0,0,Tuesday,541601.3494,4810789.877,-80.485852,43.448865,At/near private drive,2,P.D. only,Thru lane,unknown,unknown,Other,Unknown,Daylight,01 - Daylight,Municipal (excl. Twp. Rd.),No control,unknown,0,0,0,FALSE,FALSE,FALSE,Clear,,FALSE,SCOTT ST; SCOTT ST ; At,3/7/2019 2:31:31 PM,541601.3494,4810789.877
44169,15-155369,7/22/2015 9:52:00 AM,2015,7,22,9,52,0,Wednesday,540126.5982,4809372.905,-80.504182,43.436187,Non intersection,2,P.D. only,Thru lane,unknown,unknown,Sideswipe,Unknown,Daylight,01 - Daylight,Regional municipality,No control,unknown,0,0,0,FALSE,FALSE,FALSE,Clear,,FALSE,QUEENS BLVD; BELMONT AVE W; Near; 75 M,3/7/2019 2:31:31 PM,540126.5982,4809372.905
44170,15-155520,7/22/2015 1:48:00 PM,2015,7,22,13,48,0,Wednesday,541353.1489,4810293.794,-80.488957,43.444412,At/near private drive,2,P.D. only,Right shoulder,unknown,unknown,SMV other,Unknown,Daylight,01 - Daylight,Municipal (excl. Twp. Rd.),No control,unknown,0,0,0,FALSE,FALSE,FALSE,Clear,,FALSE,PETER ST; PETER ST ; Near; 2 M,3/7/2019 2:31:30 PM,541353.1489,4810293.794
44171,15-155829,7/22/2015 9:45:00 PM,2015,7,22,21,45,0,Wednesday,542583.0867,4810126.084,-80.473771,43.442833,At intersection,1,Non-fatal injury,Within intersection,unknown,unknown,Angle,Unknown,"Dusk, artificial","06 - Dusk, artificial",Regional municipality,Traffic signal,Functioning,0,0,0,FALSE,FALSE,FALSE,Clear,,FALSE,BORDEN AVE N; KING ST E,3/7/2019 2:31:29 PM,542583.0867,4810126.084
44172,15-156369,7/23/2015 4:25:00 PM,2015,7,23,16,25,0,Thursday,547113.0142,4808362.778,-80.417946,43.426685,At/near private drive,2,P.D. only,Right shoulder,unknown,unknown,SMV unattended vehicle,Unknown,Daylight,01 - Daylight,Municipal (excl. Twp. Rd.),No control,unknown,0,0,0,FALSE,FALSE,FALSE,Clear,,FALSE,MANOR DR ; 12 MANOR DR; At; 1 M,3/7/2019 2:31:29 PM,547113.0142,4808362.778
44173,15-156444,7/23/2015 3:20:00 PM,2015,7,23,15,20,0,Thursday,542372.954,4810250.592,-80.476358,43.443966,Non intersection,2,P.D. only,Thru lane,unknown,unknown,Rear end,Unknown,Daylight,01 - Daylight,Regional municipality,No control,unknown,0,0,0,FALSE,FALSE,FALSE,Clear,,FALSE,KING ST E; DANE ST; Near; 150 M,3/7/2019 2:31:28 PM,542372.954,4810250.593
44174,15-156684,7/24/2015 12:19:00 AM,2015,7,24,0,19,0,Friday,540407.4602,4809165.899,-80.500727,43.434308,Intersection related,2,P.D. only,Not on roadway - left side,unknown,unknown,SMV other,Unknown,"Dark, artificial","08 - Dark, artificial",Municipal (excl. Twp. Rd.),No control,unknown,0,0,0,FALSE,FALSE,FALSE,Clear,,FALSE,BELMONT AVE E; SOUTH DR; 46 M,3/7/2019 2:31:27 PM,540407.4602,4809165.899
44175,15-156858,7/24/2015 10:10:00 AM,2015,7,24,10,10,0,Friday,545155.4449,4807523.868,-80.442199,43.419252,At/near private drive,1,Non-fatal injury,Thru lane,unknown,unknown,Turning movement,Unknown,Daylight,01 - Daylight,Regional municipality,Stop sign,Functioning,0,0,0,FALSE,FALSE,FALSE,Clear,,FALSE,WILSON AVE; WILSON AVE ; At; 30 M,3/7/2019 2:31:26 PM,545155.4449,4807523.869
44176,15-156945,7/24/2015 12:08:00 PM,2015,7,24,12,8,0,Friday,540957.8659,4811142.999,-80.493778,43.45208,Non intersection,2,P.D. only,Thru lane,unknown,unknown,SMV unattended vehicle,Unknown,Daylight,01 - Daylight,Municipal (excl. Twp. Rd.),No control,unknown,0,0,0,FALSE,FALSE,FALSE,Clear,,FALSE,BELL LANE ; COLLEGE ST ; Near; 35 M,3/7/2019 2:31:25 PM,540957.8659,4811142.999
44177,15-157110,7/24/2015 12:27:00 PM,2015,7,24,12,27,0,Friday,543068.4855,4807436.037,-80.467985,43.418584,Non intersection,2,P.D. only,Not on roadway - right side,unknown,unknown,SMV other,Unknown,Daylight,01 - Daylight,Regional municipality,Yield sign,Functioning,0,0,0,FALSE,FALSE,FALSE,Clear,,FALSE,BLOCK LINE RD; FALLOWFIELD DR; Near; 15 M,3/7/2019 2:31:25 PM,543068.4855,4807436.037
44178,15-157243,7/24/2015 6:50:00 PM,2015,7,24,18,50,0,Friday,544611.3344,4809091.773,-80.448792,43.433402,Intersection related,2,P.D. only,Not on roadway - right side,unknown,unknown,SMV other,Unknown,Daylight,01 - Daylight,Municipal (excl. Twp. Rd.),Traffic signal,Functioning,0,0,0,FALSE,FALSE,FALSE,Clear,,FALSE,FRANKLIN ST S; KINGSWAY DR,3/7/2019 2:31:24 PM,544611.3344,4809091.773
44179,15-157258,7/24/2015 10:30:00 AM,2015,7,24,10,30,0,Friday,539024.9179,4811083.664,-80.517672,43.451649,At/near private drive,2,P.D. only,Thru lane,unknown,unknown,Other,Unknown,Daylight,01 - Daylight,Municipal (excl. Twp. Rd.),No control,unknown,0,0,0,FALSE,FALSE,FALSE,Clear,,FALSE,GLASGOW ST; 197 GLASGOW ST,3/7/2019 2:31:23 PM,539024.9179,4811083.664
44180,15-157482,7/25/2015 12:33:00 AM,2015,7,25,0,33,0,Saturday,541931.9845,4808028.276,-80.481978,43.423981,Non intersection,2,P.D. only,Right shoulder,unknown,unknown,SMV unattended vehicle,Unknown,Dark,07 - Dark,Municipal (excl. Twp. Rd.),No control,unknown,0,0,0,FALSE,FALSE,FALSE,Clear,,FALSE,28 FLINT DR ; ALPINE RD ; At; 18 M,3/7/2019 2:31:21 PM,541931.9845,4808028.276
44181,15-157909,7/25/2015 3:00:00 PM,2015,7,25,15,0,0,Saturday,541897.3157,4813928.985,-80.481953,43.477113,Non intersection,1,Non-fatal injury,Right shoulder,unknown,unknown,SMV other,Unknown,Daylight,01 - Daylight,Municipal (excl. Twp. Rd.),No control,unknown,0,0,0,FALSE,FALSE,TRUE,Clear,,FALSE,RIVERBEND DR; BRIDGEPORT RD; 100 M,3/7/2019 2:31:20 PM,541897.3157,4813928.986
44182,15-158450,7/26/2015 10:08:00 AM,2015,7,26,10,8,0,Sunday,544346.1369,4807892.446,-80.452166,43.422619,Non intersection,2,P.D. only,Right shoulder,unknown,unknown,SMV other,Unknown,Daylight,01 - Daylight,Municipal (excl. Twp. Rd.),No control,unknown,0,0,0,FALSE,FALSE,TRUE,Clear,,FALSE,WOODHAVEN RD; WOODHAVEN RD ; Near; 12 M,3/7/2019 2:31:19 PM,544346.1369,4807892.446
44183,15-158477,7/26/2015 10:30:00 AM,2015,7,26,10,30,0,Sunday,541957.8588,4810517.765,-80.481467,43.446395,At/near private drive,1,Non-fatal injury,Thru lane,unknown,unknown,Turning movement,Unknown,Daylight,01 - Daylight,Regional municipality,No control,unknown,0,0,0,FALSE,TRUE,FALSE,Clear,,FALSE,KING ST E; 481 KING ST E; At; 10 M,3/7/2019 2:31:19 PM,541957.8588,4810517.765
44184,15-158664,7/26/2015 3:10:00 PM,2015,7,26,15,10,0,Sunday,545179.6571,4810664.42,-80.44164,43.447528,Non intersection,2,P.D. only,Right shoulder,unknown,unknown,SMV unattended vehicle,Unknown,Daylight,01 - Daylight,Municipal (excl. Twp. Rd.),No control,unknown,0,0,0,FALSE,FALSE,FALSE,Clear,,FALSE,CONWAY DR; CONWAY DR ; At,3/7/2019 2:31:18 PM,545179.6571,4810664.42
44185,15-158753,7/26/2015 6:30:00 PM,2015,7,26,18,30,0,Sunday,540141.8705,4807785.493,-80.50411,43.421893,At/near private drive,2,P.D. only,Off highway,unknown,unknown,SMV other,Unknown,Daylight,01 - Daylight,Private property,No control,unknown,0,0,0,FALSE,FALSE,FALSE,Clear,,FALSE,HOWE DR; 36-35 HOWE DR; At; 5 M,3/7/2019 2:31:17 PM,540141.8705,4807785.493
44186,15-159299,7/25/2015 2:00:00 PM,2015,7,25,14,0,0,Saturday,543481.4034,4812224.003,-80.462503,43.461671,At/near private drive,2,P.D. only,Thru lane,unknown,unknown,Other,Unknown,Daylight,01 - Daylight,Regional municipality,No control,unknown,0,0,0,FALSE,FALSE,FALSE,Clear,,FALSE,FREDERICK ST ; FREDERICK ST ; Near,3/7/2019 2:31:16 PM,543481.4034,4812224.003
44187,15-159548,7/27/2015 7:23:00 PM,2015,7,27,19,23,0,Monday,542843.1635,4809873.4,-80.470577,43.440543,At intersection,1,Non-fatal injury,Within intersection,unknown,unknown,Angle,Unknown,Daylight,01 - Daylight,Regional municipality,Stop sign,Functioning,0,0,0,FALSE,FALSE,FALSE,Clear,,FALSE,CHARLES ST E; SYDNEY ST S; At,3/7/2019 2:31:14 PM,542843.1635,4809873.4
44188,15-159675,7/27/2015 11:46:00 PM,2015,7,27,23,46,0,Monday,545727.1938,4803632.014,-80.435462,43.384175,At/near private drive,2,P.D. only,Thru lane,unknown,unknown,SMV unattended vehicle,Unknown,Dark,07 - Dark,Municipal (excl. Twp. Rd.),No control,unknown,0,0,0,FALSE,FALSE,FALSE,Clear,,FALSE,RIDGEMERE CRT; RIDGEMERE ST ; 50 M,3/7/2019 2:31:14 PM,545727.1938,4803632.014
44189,15-160126,7/28/2015 3:00:00 PM,2015,7,28,15,0,0,Tuesday,540780.9433,4810816.961,-80.495989,43.449154,At/near private drive,2,P.D. only,Right shoulder,unknown,unknown,SMV unattended vehicle,Unknown,Daylight,01 - Daylight,Municipal (excl. Twp. Rd.),No control,unknown,0,0,0,FALSE,FALSE,FALSE,Clear,,FALSE,WATER ST S; 92 WATER ST,3/7/2019 2:31:13 PM,540780.9433,4810816.961
44190,15-160260,7/28/2015 2:20:00 PM,2015,7,28,14,20,0,Tuesday,541273.2831,4810927.576,-80.489896,43.450123,Non intersection,2,P.D. only,Thru lane,unknown,unknown,SMV unattended vehicle,Unknown,Daylight,01 - Daylight,Municipal (excl. Twp. Rd.),No control,unknown,0,0,0,FALSE,FALSE,FALSE,Clear,,FALSE,DUKE ST W; DUKE ST W; At,3/7/2019 2:31:12 PM,541273.2831,4810927.576
44191,15-160728,7/29/2015 11:00:00 AM,2015,7,29,11,0,0,Wednesday,541444.8407,4809146.983,-80.487911,43.434081,Non intersection,2,P.D. only,Thru lane,unknown,unknown,SMV unattended vehicle,Unknown,Daylight,01 - Daylight,Municipal (excl. Twp. Rd.),No control,unknown,0,0,0,FALSE,FALSE,FALSE,Clear,,FALSE,HEIMAN ST; Near,3/7/2019 2:31:10 PM,541444.8407,4809146.983
44192,15-160912,7/29/2015 4:20:00 PM,2015,7,29,16,20,0,Wednesday,542867.2218,4810786.147,-80.470208,43.44876,At intersection,1,Non-fatal injury,Within intersection,unknown,unknown,Angle,Unknown,Daylight,01 - Daylight,Municipal (excl. Twp. Rd.),Stop sign,Functioning,0,0,0,FALSE,FALSE,FALSE,Clear,,FALSE,EAST AVE; STIRLING AVE N; At,3/7/2019 2:31:09 PM,542867.2218,4810786.147
44193,15-161091,7/29/2015 4:00:00 PM,2015,7,29,16,0,0,Wednesday,543832.5082,4811750.931,-80.458201,43.457391,At/near private drive,2,P.D. only,Thru lane,unknown,unknown,SMV unattended vehicle,Unknown,Daylight,01 - Daylight,Municipal (excl. Twp. Rd.),No control,unknown,0,0,0,FALSE,FALSE,FALSE,Clear,,FALSE,PERKELL PL; 19 PERKELL PL,3/7/2019 2:31:09 PM,543832.5082,4811750.931
44194,15-161442,7/30/2015 10:58:00 AM,2015,7,30,10,58,0,Thursday,539693.4713,4810125.112,-80.509479,43.442983,At/near private drive,2,P.D. only,Thru lane,unknown,unknown,Sideswipe,Unknown,Daylight,01 - Daylight,Municipal (excl. Twp. Rd.),No control,unknown,0,0,0,FALSE,FALSE,FALSE,Clear,,FALSE,JACK AVE; 27 JACK AVE; 10 M,3/7/2019 2:31:08 PM,539693.4713,4810125.112
44195,15-161613,7/30/2015 3:12:00 PM,2015,7,30,15,12,0,Thursday,542172.0794,4805203.161,-80.47923,43.39853,At/near private drive,1,Non-fatal injury,Thru lane,unknown,unknown,Angle,Unknown,Daylight,01 - Daylight,Municipal (excl. Twp. Rd.),No control,unknown,0,0,0,FALSE,FALSE,FALSE,Clear,,FALSE,TRILLIUM DR; TRILLIUM DR ; At; 2 M,3/7/2019 2:31:07 PM,542172.0794,4805203.162
44196,15-161899,7/30/2015 10:17:00 PM,2015,7,30,22,17,0,Thursday,541114.4186,4810746.797,-80.491873,43.448504,At intersection,2,P.D. only,Within intersection,unknown,unknown,Other,Unknown,"Dark, artificial","08 - Dark, artificial",Regional municipality,Stop sign,Functioning,0,0,0,FALSE,FALSE,FALSE,Clear,,FALSE,ONTARIO ST S; JOSEPH ST; At,3/7/2019 2:31:06 PM,541114.4186,4810746.797
44197,15-162353,7/31/2015 12:09:00 PM,2015,7,31,12,9,0,Friday,542460.7356,4809701.057,-80.475316,43.439013,Non intersection,1,Non-fatal injury,Thru lane,unknown,unknown,SMV other,Unknown,Daylight,01 - Daylight,Regional municipality,No control,unknown,0,0,0,TRUE,FALSE,FALSE,Clear,,FALSE,NYBERG ST; OTTAWA ST S; 50 M,3/7/2019 2:31:05 PM,542460.7356,4809701.057
44198,15-162696,7/31/2015 8:01:00 PM,2015,7,31,20,1,0,Friday,542447.4711,4807281.392,-80.475668,43.417227,Intersection related,2,P.D. only,Thru lane,unknown,unknown,Sideswipe,Unknown,"Dusk, artificial","06 - Dusk, artificial",Municipal (excl. Twp. Rd.),Stop sign,Functioning,0,0,0,FALSE,FALSE,FALSE,Clear,,FALSE,COUNTRY HILL DR; BLOCK LINE RD,3/7/2019 2:31:04 PM,542447.4711,4807281.392
44199,15-163190,8/1/2015 1:24:00 PM,2015,8,1,13,24,0,Saturday,545276.092,4806434.274,-80.440799,43.409434,At intersection,2,P.D. only,Within intersection,unknown,unknown,Angle,Stop sign,Daylight,01 - Daylight,Municipal (excl. Twp. Rd.),Stop sign,Functioning,0,0,0,FALSE,FALSE,FALSE,Clear,,FALSE,WABANAKI DR; WILSON AVE; At,3/7/2019 2:31:03 PM,545276.092,4806434.274
44200,15-163238,7/25/2015 2:00:00 PM,2015,7,25,14,0,0,Saturday,538424.1991,4805333.059,-80.525501,43.399901,At/near private drive,2,P.D. only,Thru lane,unknown,unknown,SMV unattended vehicle,Unknown,Daylight,01 - Daylight,Municipal (excl. Twp. Rd.),No control,unknown,0,0,0,FALSE,FALSE,FALSE,Clear,,FALSE,GRAVEL RIDGE TRAIL ; 252 GRAVEL RIDGE TRAIL; 1 M,3/4/2020 10:19:45 AM,538424.1991,4805333.059
44201,15-163903,8/2/2015 1:05:00 PM,2015,8,2,13,5,0,Sunday,541403.7334,4810358.298,-80.488327,43.44499,At/near private drive,1,Non-fatal injury,Thru lane,unknown,unknown,SMV other,Unknown,Daylight,01 - Daylight,Municipal (excl. Twp. Rd.),No control,unknown,0,0,0,FALSE,FALSE,TRUE,Clear,,FALSE,PETER ST; ST GEORGE ST ; Near; 30 M,3/7/2019 2:31:02 PM,541403.7334,4810358.298
44202,15-163913,8/2/2015 12:30:00 PM,2015,8,2,12,30,0,Sunday,540961.4481,4808528.196,-80.49393,43.428536,At/near private drive,2,P.D. only,Thru lane,unknown,unknown,Other,Unknown,Daylight,01 - Daylight,Municipal (excl. Twp. Rd.),No control,unknown,0,0,0,FALSE,FALSE,FALSE,Clear,,FALSE,SOUTHMOOR DR; 27 SOUTHMOOR DR,3/7/2019 2:31:01 PM,540961.4481,4808528.196
44203,15-163959,8/2/2015 2:27:00 PM,2015,8,2,14,27,0,Sunday,543230.7802,4804480.52,-80.466214,43.391963,Intersection related,2,P.D. only,Not on roadway - left side,unknown,unknown,SMV other,Unknown,Daylight,01 - Daylight,Municipal (excl. Twp. Rd.),Yield sign,Functioning,0,0,0,FALSE,FALSE,FALSE,Clear,,FALSE,HURON RD; STRASBURG RD; 10 M,3/7/2019 2:31:00 PM,543230.7802,4804480.52
44204,15-164061,8/2/2015 5:33:00 PM,2015,8,2,17,33,0,Sunday,538016.2244,4808433.979,-80.530323,43.427843,Intersection related,2,P.D. only,Thru lane,unknown,unknown,Turning movement,Unknown,"Dark, artificial","08 - Dark, artificial",Municipal (excl. Twp. Rd.),Stop sign,Functioning,0,0,0,FALSE,FALSE,FALSE,Rain,,FALSE,WESTHEIGHTS DR ;  BLACKWELL DR; At,3/4/2020 10:19:43 AM,538016.2244,4808433.979
44205,15-164683,8/3/2015 5:03:00 PM,2015,8,3,17,3,0,Monday,546535.8304,4810162.868,-80.424923,43.442929,At/near private drive,2,P.D. only,Thru lane,unknown,unknown,Other,Unknown,Daylight,01 - Daylight,Regional municipality,No control,unknown,0,0,0,FALSE,FALSE,FALSE,Clear,,FALSE,DAIMLER DR; DAIMLER DR; Near; 7 M,3/7/2019 2:30:59 PM,546535.8304,4810162.868
44206,15-165275,8/4/2015 12:38:00 PM,2015,8,4,12,38,0,Tuesday,538407.319,4808455.197,-80.52549,43.428014,At/near private drive,1,Non-fatal injury,Thru lane,unknown,unknown,Turning movement,Unknown,Daylight,01 - Daylight,Municipal (excl. Twp. Rd.),Stop sign,Functioning,0,0,0,FALSE,FALSE,FALSE,Clear,,FALSE,QUEENS BLVD; 875 HIGHLAND RD W; 8 M,3/7/2019 2:30:58 PM,538407.319,4808455.197
44207,15-165303,8/4/2015 11:45:00 AM,2015,8,4,11,45,0,Tuesday,544379.5682,4806612.349,-80.451857,43.411091,At/near private drive,2,P.D. only,Thru lane,unknown,unknown,Turning movement,Unknown,Daylight,01 - Daylight,Municipal (excl. Twp. Rd.),No control,unknown,0,0,0,FALSE,FALSE,FALSE,Clear,,FALSE,OTONABEE DR; OTONABEE DR ; Near,3/7/2019 2:30:57 PM,544379.5682,4806612.349
44208,15-165324,7/24/2015 12:30:00 PM,2015,7,24,12,30,0,Friday,540819.0397,4811313.747,-80.495481,43.453625,Intersection related,2,P.D. only,Thru lane,unknown,unknown,Turning movement,Unknown,Daylight,01 - Daylight,Municipal (excl. Twp. Rd.),Stop sign,Functioning,0,0,0,FALSE,FALSE,FALSE,Clear,,FALSE,DUKE ST W; HEIT LANE,3/7/2019 2:30:56 PM,540819.0397,4811313.747
44209,15-165426,8/4/2015 4:09:00 PM,2015,8,4,16,9,0,Tuesday,538629.304,4807727.353,-80.522799,43.421449,At intersection,2,P.D. only,Within intersection,unknown,unknown,Turning movement,Unknown,Daylight,01 - Daylight,Municipal (excl. Twp. Rd.),Stop sign,Functioning,0,0,0,FALSE,FALSE,FALSE,Clear,,FALSE,MCGARRY DR; PINEHURST CRES; At,3/7/2019 2:30:55 PM,538629.304,4807727.353
44210,15-165452,8/4/2015 4:36:00 PM,2015,8,4,16,36,0,Tuesday,541854.7318,4803513.069,-80.483278,43.38333,At intersection,2,P.D. only,Within intersection,unknown,unknown,SMV other,Unknown,Daylight,01 - Daylight,Municipal (excl. Twp. Rd.),Yield sign,Functioning,0,0,0,FALSE,FALSE,FALSE,Clear,,FALSE,HURON RD; WOODBINE AVE,3/7/2019 2:30:55 PM,541854.7318,4803513.069
44211,15-165930,8/5/2015 10:45:00 AM,2015,8,5,10,45,0,Wednesday,540173.4651,4809412.5,-80.5036,43.436541,At intersection,2,P.D. only,Within intersection,unknown,unknown,Angle,Unknown,Daylight,01 - Daylight,Municipal (excl. Twp. Rd.),Traffic signal,Functioning,0,0,0,FALSE,FALSE,FALSE,Clear,,FALSE,QUEENS BLVD; BELMONT AVE E,3/7/2019 2:30:54 PM,540173.4651,4809412.5
44212,15-166725,8/4/2015 3:45:00 PM,2015,8,4,15,45,0,Tuesday,541119.065,4811006.487,-80.491796,43.450842,Non intersection,2,P.D. only,Thru lane,unknown,unknown,SMV unattended vehicle,Unknown,Daylight,01 - Daylight,Regional municipality,No control,unknown,0,0,0,FALSE,FALSE,FALSE,Clear,,FALSE,KING ST W; 147 KING ST W ; At,3/7/2019 2:30:52 PM,541119.065,4811006.487
44213,15-166792,7/21/2015 11:00:00 AM,2015,7,21,11,0,0,Tuesday,543130.5481,4811427.099,-80.466903,43.454516,At intersection,2,P.D. only,Within intersection,unknown,unknown,Turning movement,Unknown,Daylight,01 - Daylight,Municipal (excl. Twp. Rd.),Stop sign,Functioning,0,0,0,FALSE,FALSE,FALSE,Clear,,FALSE,KRUG ST; BECKER ST; At,3/7/2019 2:30:52 PM,543130.5481,4811427.099
44214,15-166950,8/6/2015 4:09:00 PM,2015,8,6,16,9,0,Thursday,545851.2354,4809754.467,-80.433417,43.439294,At intersection,1,Non-fatal injury,Within intersection,unknown,unknown,SMV other,Unknown,Daylight,01 - Daylight,Regional municipality,Traffic signal,Functioning,0,0,0,TRUE,FALSE,FALSE,Clear,,FALSE,RIVER RD E; OLD CHICOPEE DR,3/7/2019 2:30:51 PM,545851.2354,4809754.467
44215,15-167655,8/7/2015 1:00:00 PM,2015,8,7,13,0,0,Friday,545143.3959,4806880.408,-80.442401,43.413459,At/near private drive,2,P.D. only,Thru lane,unknown,unknown,Rear end,Unknown,Daylight,01 - Daylight,Regional municipality,No control,unknown,0,0,0,FALSE,FALSE,FALSE,Clear,,FALSE,WILSON AVE; 800 WILSON AV,3/7/2019 2:30:50 PM,545143.3959,4806880.408
44216,15-167657,8/6/2015 9:00:00 PM,2015,8,6,21,0,0,Thursday,541068,4811108,0,0,Other,2,P.D. only,Off highway,unknown,unknown,SMV unattended vehicle,Unknown,Dark,07 - Dark,Private property,No control,unknown,0,0,0,FALSE,FALSE,FALSE,Clear,,FALSE,DRIVEWAY; RED RIVER DR; At,3/7/2019 2:30:49 PM,541068,4811108
44217,15-167681,8/6/2015 9:00:00 PM,2015,8,6,21,0,0,Thursday,541068,4811108,0,0,Other,2,P.D. only,Off highway,unknown,unknown,SMV unattended vehicle,Unknown,Dark,07 - Dark,Private property,No control,unknown,0,0,0,FALSE,FALSE,FALSE,Clear,,FALSE,DRIVEWAY; RED RIVER DR; At,3/7/2019 2:30:49 PM,541068,4811108
44218,15-168913,8/9/2015 8:11:00 AM,2015,8,9,8,11,0,Sunday,540792.1757,4809120.569,-80.495977,43.433879,At intersection,2,P.D. only,Within intersection,unknown,unknown,SMV other,Unknown,Daylight,01 - Daylight,Municipal (excl. Twp. Rd.),Stop sign,Functioning,0,0,0,FALSE,FALSE,FALSE,Clear,,FALSE,STIRLING AVE S; MAUSSER AVE,3/7/2019 2:30:48 PM,540792.1757,4809120.569
44219,15-169204,8/9/2015 5:30:00 PM,2015,8,9,17,30,0,Sunday,542488.9109,4811124.378,-80.474857,43.451827,At intersection,2,P.D. only,Within intersection,unknown,unknown,Angle,Unknown,Daylight,01 - Daylight,Regional municipality,Stop sign,Functioning,0,0,0,FALSE,FALSE,FALSE,Clear,,FALSE,LYDIA ST; KRUG ST; At,3/7/2019 2:30:47 PM,542488.9109,4811124.378
44220,15-169232,8/9/2015 6:12:00 PM,2015,8,9,18,12,0,Sunday,541821.5292,4813903.525,-80.482892,43.476888,Non intersection,1,Non-fatal injury,Right shoulder,unknown,unknown,SMV other,Unknown,Daylight,01 - Daylight,Regional municipality,No control,unknown,0,0,0,FALSE,FALSE,TRUE,Clear,,FALSE,BRIDGEPORT RD; RIVERBEND DR; 26 M,3/7/2019 2:30:46 PM,541821.5292,4813903.525
44221,15-169378,8/9/2015 10:29:00 PM,2015,8,9,22,29,0,Sunday,543779.0264,4804416.193,-80.45945,43.391352,At/near private drive,2,P.D. only,Off highway,unknown,unknown,SMV other,Unknown,Dark,07 - Dark,Private property,No control,unknown,0,0,0,FALSE,FALSE,FALSE,Clear,,FALSE,MARL MEADOW CRES ; MARL MEADOW CRES; At; 1 M,3/4/2020 10:19:43 AM,543779.0264,4804416.193
44222,15-169572,8/9/2015 10:00:00 AM,2015,8,9,10,0,0,Sunday,539599.3593,4809559.814,-80.510683,43.437898,At/near private drive,2,P.D. only,Thru lane,unknown,unknown,Turning movement,Unknown,Daylight,01 - Daylight,Municipal (excl. Twp. Rd.),No control,unknown,0,0,0,FALSE,FALSE,FALSE,Clear,,FALSE,LAWRENCE AVE ; 370 HIGHLAND RD W,3/7/2019 2:30:46 PM,539599.3593,4809559.814