OBJECTID,ACCIDENTNUM,ACCIDENTDATE,ACCIDENT_YEAR,ACCIDENT_MONTH,ACCIDENT_DAY,ACCIDENT_HOUR,ACCIDENT_MINUTE,ACCIDENT_SECOND,ACCIDENT_WEEKDAY,XCOORD,YCOORD,LONGITUDE,LATITUDE,ACCIDENTLOCATION,COLLISIONTYPE,CLASSIFICATIONOFACCIDENT,IMPACTLOCATION,INITIALDIRECTIONOFTRAVELONE,INITIALDIRECTIONOFTRAVELTWO,INITIALIMPACTTYPE,INTTRAFFICCONTROL,LIGHT,LIGHTFORREPORT,ROADJURISDICTION,TRAFFICCONTROL,TRAFFICCONTROLCONDITION,THRULANENO,NORTHBOUNDDISOBEYCOUNT,SOUTHBOUNDDISOBEYCOUNT,PEDESTRIANINVOLVED,CYCLISTINVOLVED,MOTORCYCLISTINVOLVED,ENVIRONMENTCONDITION1,ENVIRONMENTCONDITION2,SELFREPORTED,XMLIMPORTNOTES,LASTEDITEDDATE,x,y
44223,15-169829,8/10/2015 3:11:00 PM,2015,8,10,15,11,0,Monday,545002.9535,4807701.548,-80.444068,43.420861,At/near private drive,1,Non-fatal injury,Right turn lane,unknown,unknown,Turning movement,Unknown,Daylight,01 - Daylight,Municipal (excl. Twp. Rd.),No control,unknown,0,0,0,FALSE,FALSE,FALSE,Rain,,FALSE,WILSON AVE ; FAIRWAY RD S; Near; 35 M,3/7/2019 2:30:45 PM,545002.9535,4807701.548
44224,15-170389,8/11/2015 12:00:00 PM,2015,8,11,12,0,0,Tuesday,541855.71,4803512.075,-80.483266,43.383321,At intersection,2,P.D. only,Within intersection,unknown,unknown,Turning movement,Unknown,Daylight,01 - Daylight,Municipal (excl. Twp. Rd.),Yield sign,Functioning,0,0,0,FALSE,FALSE,FALSE,Clear,,FALSE,HURON RD; WOODBINE AVE; At,3/7/2019 2:30:44 PM,541855.71,4803512.075
44225,15-170430,8/11/2015 9:30:00 AM,2015,8,11,9,30,0,Tuesday,545950.6674,4810863.102,-80.432095,43.44927,Non intersection,2,P.D. only,Thru lane,unknown,unknown,SMV unattended vehicle,Unknown,Daylight,01 - Daylight,Municipal (excl. Twp. Rd.),No control,unknown,0,0,0,FALSE,FALSE,FALSE,Clear,,FALSE,DUNNINGTON CRT; DUNNINGTON CRT ; Near,3/7/2019 2:30:44 PM,545950.6674,4810863.102
44226,15-170550,8/11/2015 4:20:00 PM,2015,8,11,16,20,0,Tuesday,540871.9536,4809778.978,-80.494942,43.439803,At/near private drive,2,P.D. only,Left turn lane,unknown,unknown,Turning movement,Unknown,Daylight,01 - Daylight,Municipal (excl. Twp. Rd.),No control,unknown,0,0,0,FALSE,FALSE,FALSE,Clear,,FALSE,HIGHLAND RD E; 110 HIGHLAND RD E; 9 M,3/7/2019 2:30:43 PM,540871.9536,4809778.978
44227,15-170636,8/11/2015 1:40:00 PM,2015,8,11,13,40,0,Tuesday,539780.1172,4805419.319,-80.508751,43.400607,Non intersection,2,P.D. only,Right shoulder,unknown,unknown,SMV unattended vehicle,Unknown,Daylight,01 - Daylight,Municipal (excl. Twp. Rd.),No control,unknown,0,0,0,FALSE,FALSE,FALSE,Clear,,FALSE,DONNENWERTH DR; BLEAMS RD ; Near,3/7/2019 2:30:42 PM,539780.1172,4805419.319
44228,15-170649,8/11/2015 5:30:00 PM,2015,8,11,17,30,0,Tuesday,541185.2326,4810691.809,-80.491002,43.448005,Intersection related,2,P.D. only,Thru lane,unknown,unknown,Rear end,Unknown,Daylight,01 - Daylight,Municipal (excl. Twp. Rd.),Traffic signal,Functioning,0,0,0,FALSE,FALSE,FALSE,Clear,,FALSE,QUEEN ST S; JOSEPH ST; At,3/7/2019 2:30:42 PM,541185.2326,4810691.809
44229,15-170702,8/11/2015 7:40:00 PM,2015,8,11,19,40,0,Tuesday,544233.4504,4807818.739,-80.453564,43.421962,At/near private drive,2,P.D. only,Thru lane,unknown,unknown,Other,Unknown,Daylight,01 - Daylight,Municipal (excl. Twp. Rd.),No control,unknown,0,0,0,FALSE,FALSE,FALSE,Clear,,FALSE,REYBURN AVE; REYBURN AVE ; At,3/7/2019 2:30:41 PM,544233.4504,4807818.739
44230,15-170768,8/11/2015 10:10:00 PM,2015,8,11,22,10,0,Tuesday,537142.8144,4807148.936,-80.541201,43.416316,Intersection related,2,P.D. only,Not on roadway - right side,unknown,unknown,SMV other,Unknown,Dark,07 - Dark,Municipal (excl. Twp. Rd.),Stop sign,Functioning,0,0,0,FALSE,FALSE,FALSE,Clear,,FALSE,DRIFTWOOD DR; HIGHVIEW DR ; 22.5 M,3/7/2019 2:30:40 PM,537142.8144,4807148.936
44231,15-171232,8/12/2015 3:05:00 PM,2015,8,12,15,5,0,Wednesday,545274.1555,4806433.261,-80.440823,43.409425,At intersection,2,P.D. only,Within intersection,unknown,unknown,Angle,Stop sign,Daylight,01 - Daylight,Municipal (excl. Twp. Rd.),Stop sign,Functioning,0,0,0,FALSE,FALSE,FALSE,Clear,,FALSE,WABANAKI DR; WILSON AVE,3/7/2019 2:30:39 PM,545274.1555,4806433.261
44232,15-171420,8/12/2015 8:40:00 PM,2015,8,12,20,40,0,Wednesday,539816.7555,4806868.539,-80.508193,43.413654,Non intersection,2,P.D. only,Thru lane,unknown,unknown,Sideswipe,Unknown,Dusk,05 - Dusk,Municipal (excl. Twp. Rd.),Traffic signal,Functioning,0,0,0,FALSE,FALSE,FALSE,Clear,,FALSE,ACTIVA AVE ; FISCHER HALLMAN RD ; 25 M,3/7/2019 2:30:39 PM,539816.7555,4806868.539
44233,15-171836,8/12/2015 3:38:00 PM,2015,8,12,15,38,0,Wednesday,545438.327,4809167.041,-80.438568,43.43403,Other,1,Non-fatal injury,Off highway,unknown,unknown,SMV other,Unknown,Daylight,01 - Daylight,Private property,No control,unknown,0,0,0,TRUE,FALSE,FALSE,Clear,,FALSE,FALESY AVE,3/7/2019 2:30:38 PM,545438.327,4809167.041
44234,15-172078,8/12/2015 12:00:00 PM,2015,8,12,12,0,0,Wednesday,543376.1515,4804053.09,-80.464453,43.388106,At/near private drive,2,P.D. only,Thru lane,unknown,unknown,SMV unattended vehicle,Unknown,Daylight,01 - Daylight,Municipal (excl. Twp. Rd.),No control,unknown,0,0,0,FALSE,FALSE,FALSE,Clear,,FALSE,RUSH MEADOW CRES; RUSH MEADOW CRES ; At,3/7/2019 2:30:37 PM,543376.1515,4804053.09
44235,15-172316,8/13/2015 11:16:00 PM,2015,8,13,23,16,0,Thursday,545384.7009,4810184.009,-80.439146,43.44319,At intersection,1,Non-fatal injury,Within intersection,unknown,unknown,Turning movement,Unknown,"Dark, artificial","08 - Dark, artificial",Regional municipality,Stop sign,Functioning,0,0,0,FALSE,FALSE,FALSE,Clear,,FALSE,RIVER RD E; RENNIE DR,3/7/2019 2:30:37 PM,545384.7009,4810184.009
44236,15-172761,8/14/2015 3:40:00 PM,2015,8,14,15,40,0,Friday,544782.1288,4811403.996,-80.446492,43.454211,Non intersection,2,P.D. only,Thru lane,unknown,unknown,Rear end,Unknown,Daylight,01 - Daylight,Regional municipality,No control,unknown,0,0,0,FALSE,FALSE,FALSE,Clear,,FALSE,RIVER RD E; HICKSON DR ; Near; 150 M,3/7/2019 2:30:36 PM,544782.1288,4811403.996
44237,15-173697,8/15/2015 5:30:00 PM,2015,8,15,17,30,0,Saturday,536212.6119,4809409.171,-80.552541,43.436713,Non intersection,2,P.D. only,Thru lane,unknown,unknown,SMV unattended vehicle,Unknown,Daylight,01 - Daylight,Regional municipality,No control,unknown,0,0,0,FALSE,FALSE,FALSE,Clear,,FALSE,RESURRECTION DR; COUNTRYSTONE DR ; 175 M,3/4/2020 10:19:42 AM,536212.6119,4809409.171
44238,15-173928,8/16/2015 1:56:00 AM,2015,8,16,1,56,0,Sunday,541068,4811108,0,0,Non intersection,2,P.D. only,Right shoulder,unknown,unknown,SMV other,Unknown,Dark,07 - Dark,Regional municipality,No control,unknown,0,0,0,FALSE,FALSE,FALSE,Clear,,FALSE,KING ST W; KING ST W; 3 M,3/4/2020 10:19:41 AM,541068,4811108
44239,15-173929,8/16/2015 1:56:00 AM,2015,8,16,1,56,0,Sunday,541708.5212,4803762.383,-80.485064,43.385583,Non intersection,2,P.D. only,Thru lane,unknown,unknown,SMV unattended vehicle,Unknown,Dark,07 - Dark,Municipal (excl. Twp. Rd.),Stop sign,Functioning,0,0,0,FALSE,FALSE,FALSE,Clear,,FALSE,SIENNA CRES; VERONA ST; 10 M,3/7/2019 2:30:35 PM,541708.5212,4803762.383
44240,15-174076,8/16/2015 8:49:00 AM,2015,8,16,8,49,0,Sunday,537106.8831,4808868.393,-80.541528,43.4318,Non intersection,2,P.D. only,Right shoulder,unknown,unknown,SMV unattended vehicle,Unknown,Daylight,01 - Daylight,Municipal (excl. Twp. Rd.),No control,unknown,0,0,0,FALSE,FALSE,FALSE,Clear,,FALSE,HIDDEN CREEK DR; 128 HIDDEN CREEK DR; 6 M,3/7/2019 2:30:34 PM,537106.8831,4808868.393
44241,15-174152,8/15/2015 4:00:00 PM,2015,8,15,16,0,0,Saturday,537102.0918,4808282.635,-80.541627,43.426526,At/near private drive,2,P.D. only,Thru lane,unknown,unknown,SMV unattended vehicle,Unknown,Daylight,01 - Daylight,Municipal (excl. Twp. Rd.),No control,unknown,0,0,0,FALSE,FALSE,FALSE,Clear,,FALSE,BANKSIDE DR; 371 BANKSIDE DR; Near,3/7/2019 2:30:34 PM,537102.0918,4808282.635
44242,15-174224,8/16/2015 12:45:00 PM,2015,8,16,12,45,0,Sunday,549313.1098,4806284.192,-80.390954,43.407828,At/near private drive,2,P.D. only,Thru lane,unknown,unknown,Turning movement,Unknown,Daylight,01 - Daylight,Municipal (excl. Twp. Rd.),No control,unknown,0,0,0,FALSE,FALSE,FALSE,Clear,,FALSE,GATEWAY PARK DR; 4438 KING ST E; Near,3/7/2019 2:30:33 PM,549313.1098,4806284.192
44243,15-174827,8/13/2015 6:00:00 PM,2015,8,13,18,0,0,Thursday,546328.8536,4812489.428,-80.427283,43.46389,At/near private drive,2,P.D. only,Thru lane,unknown,unknown,SMV unattended vehicle,Unknown,Daylight,01 - Daylight,Municipal (excl. Twp. Rd.),No control,unknown,0,0,0,FALSE,FALSE,FALSE,Clear,,FALSE,MISTY CRES,3/7/2019 2:30:32 PM,546328.8536,4812489.428
44244,15-175033,8/16/2015 6:00:00 PM,2015,8,16,18,0,0,Sunday,540263.0033,4811657.025,-80.502328,43.456746,At/near private drive,2,P.D. only,Thru lane,unknown,unknown,SMV unattended vehicle,Unknown,Other,99 - Other,Municipal (excl. Twp. Rd.),No control,unknown,0,0,0,FALSE,FALSE,FALSE,Clear,,FALSE,MOORE AVE; 74 MOORE AVE,3/7/2019 2:30:32 PM,540263.0033,4811657.025
44245,15-176181,8/18/2015 11:19:00 PM,2015,8,18,23,19,0,Tuesday,541150.3076,4811150.613,-80.491399,43.452138,Intersection related,2,P.D. only,Thru lane,unknown,unknown,SMV other,Unknown,Dark,07 - Dark,Municipal (excl. Twp. Rd.),Traffic signal,Functioning,0,0,0,FALSE,FALSE,FALSE,Clear,,FALSE,DUKE ST W; YOUNG ST; At; 4 M,3/7/2019 2:30:31 PM,541150.3076,4811150.613
44246,15-176482,8/19/2015 11:27:00 AM,2015,8,19,11,27,0,Wednesday,544942.5802,4808209.253,-80.444772,43.425436,Non intersection,2,P.D. only,Thru lane,unknown,unknown,Sideswipe,Unknown,Daylight,01 - Daylight,Municipal (excl. Twp. Rd.),No control,unknown,0,0,0,FALSE,FALSE,FALSE,Clear,,FALSE,GREENFIELD AVE; TRAYNOR AVE; 180 M,3/7/2019 2:30:30 PM,544942.5802,4808209.253
44247,15-177141,8/20/2015 8:40:00 AM,2015,8,20,8,40,0,Thursday,541055.3033,4811657.696,-80.492535,43.456709,At intersection,1,Non-fatal injury,Within intersection,unknown,unknown,Angle,Unknown,Daylight,01 - Daylight,Municipal (excl. Twp. Rd.),Stop sign,Functioning,0,0,0,FALSE,FALSE,FALSE,Rain,,FALSE,BREITHAUPT ST; AHRENS ST W; At,3/7/2019 2:30:30 PM,541055.3033,4811657.696
44248,15-177417,8/19/2015 2:15:00 PM,2015,8,19,14,15,0,Wednesday,541265.9766,4810931.53,-80.489986,43.450159,Non intersection,2,P.D. only,Right shoulder,unknown,unknown,SMV unattended vehicle,Unknown,Daylight,01 - Daylight,Municipal (excl. Twp. Rd.),No control,unknown,0,0,0,FALSE,FALSE,FALSE,Clear,,FALSE,KING ST W; 10 KING ST W; At,3/7/2019 2:30:29 PM,541265.9766,4810931.53
44249,15-178355,8/6/2015 6:00:00 PM,2015,8,6,18,0,0,Thursday,547556.0609,4808909.981,-80.412425,43.431584,At/near private drive,2,P.D. only,Thru lane,unknown,unknown,SMV unattended vehicle,Unknown,Daylight,01 - Daylight,Municipal (excl. Twp. Rd.),No control,unknown,0,0,0,FALSE,FALSE,FALSE,Clear,,FALSE,WYANDOTTE CRT; 40 WYANDOTTE CRT,3/7/2019 2:30:28 PM,547556.0609,4808909.981
44250,15-178550,8/21/2015 11:01:00 PM,2015,8,21,23,1,0,Friday,544437.5243,4808716.792,-80.45097,43.430036,Intersection related,2,P.D. only,Off highway,unknown,unknown,SMV other,Unknown,Dark,07 - Dark,Municipal (excl. Twp. Rd.),Stop sign,Functioning,0,0,0,FALSE,FALSE,FALSE,Clear,,FALSE,FRANKLIN ST S; CONNAUGHT ST,3/7/2019 2:30:27 PM,544437.5243,4808716.792
44251,15-178778,8/22/2015 9:44:00 AM,2015,8,22,9,44,0,Saturday,537039.7561,4807886.03,-80.542424,43.422958,Intersection related,2,P.D. only,Thru lane,unknown,unknown,Angle,Unknown,Daylight,01 - Daylight,Municipal (excl. Twp. Rd.),Stop sign,Functioning,0,0,0,FALSE,FALSE,FALSE,Clear,,FALSE,WESTHEIGHTS DR ; ROLLING MEADOWS DR ; 5 M,3/7/2019 2:30:26 PM,537039.7561,4807886.03
44252,15-179468,8/23/2015 3:15:00 AM,2015,8,23,3,15,0,Sunday,541747.479,4807731.043,-80.48428,43.421315,At/near private drive,2,P.D. only,Thru lane,unknown,unknown,SMV unattended vehicle,Unknown,Dark,07 - Dark,Municipal (excl. Twp. Rd.),No control,unknown,0,0,0,FALSE,FALSE,FALSE,Clear,,FALSE,LUCERNE DR; LUCERNE DR ; 5 M,3/7/2019 2:30:26 PM,541747.479,4807731.043
44253,15-179855,8/23/2015 7:03:00 PM,2015,8,23,19,3,0,Sunday,544958.7749,4811036.89,-80.444339,43.450895,At/near private drive,2,P.D. only,Left turn lane,unknown,unknown,Turning movement,Unknown,"Daylight, artificial","02 - Daylight, artificial",Municipal (excl. Twp. Rd.),Traffic signal,Functioning,0,0,0,FALSE,FALSE,FALSE,Clear,,FALSE,RIVER RD E; OTTAWA ST N; Near; 25 M,3/7/2019 2:30:25 PM,544958.7749,4811036.89
44254,15-180019,8/24/2015 12:35:00 AM,2015,8,24,0,35,0,Monday,544739.1045,4807985.555,-80.447304,43.423434,Non intersection,1,Non-fatal injury,Off highway,unknown,unknown,SMV other,Unknown,"Dark, artificial","08 - Dark, artificial",Municipal (excl. Twp. Rd.),No control,unknown,0,0,0,FALSE,FALSE,FALSE,Rain,,FALSE,TRAYNOR AVE; WILSON AVE ; Near; 80 M,3/7/2019 2:30:24 PM,544739.1045,4807985.555
44255,15-180147,8/24/2015 8:40:00 AM,2015,8,24,8,40,0,Monday,539978.1909,4809259.852,-80.506024,43.435177,Non intersection,2,P.D. only,Thru lane,unknown,unknown,Rear end,Unknown,Daylight,01 - Daylight,Regional municipality,No control,unknown,0,0,0,FALSE,FALSE,FALSE,Clear,,FALSE,1085 QUEENS BLVD; BELMONT AVE W; 170 M,3/7/2019 2:30:22 PM,539978.1909,4809259.852
44256,15-180291,8/24/2015 12:05:00 PM,2015,8,24,12,5,0,Monday,541872.7845,4810743.801,-80.482501,43.448435,At intersection,1,Non-fatal injury,Within intersection,unknown,unknown,Angle,Unknown,Daylight,01 - Daylight,Municipal (excl. Twp. Rd.),Stop sign,Functioning,0,0,0,FALSE,FALSE,FALSE,Clear,,FALSE,DUKE ST E; CEDAR ST N; At,3/7/2019 2:30:21 PM,541872.7845,4810743.802
44257,15-180435,8/23/2015 11:00:00 PM,2015,8,23,23,0,0,Sunday,541632.3169,4812705.66,-80.485323,43.466113,Non intersection,2,P.D. only,Thru lane,unknown,unknown,SMV unattended vehicle,Unknown,"Dark, artificial","08 - Dark, artificial",Municipal (excl. Twp. Rd.),No control,unknown,0,0,0,FALSE,FALSE,FALSE,Rain,,FALSE,ENGLEWOOD PL; 42 ENGLEWOOD PL,3/7/2019 2:30:20 PM,541632.3169,4812705.661
44258,15-180604,8/24/2015 8:21:00 PM,2015,8,24,20,21,0,Monday,543838.3177,4808131.13,-80.45842,43.424798,At/near private drive,2,P.D. only,Right shoulder,unknown,unknown,SMV unattended vehicle,Unknown,"Dusk, artificial","06 - Dusk, artificial",Municipal (excl. Twp. Rd.),No control,unknown,0,0,0,FALSE,FALSE,FALSE,Clear,,FALSE,CLARK AVE; CLARK AVE ; At; 7 M,3/7/2019 2:30:20 PM,543838.3177,4808131.13
44259,15-180957,8/25/2015 11:24:00 AM,2015,8,25,11,24,0,Tuesday,540567.9003,4809847.555,-80.498694,43.440437,Non intersection,2,P.D. only,Thru lane,unknown,unknown,SMV unattended vehicle,Unknown,Daylight,01 - Daylight,Regional municipality,No control,unknown,0,0,0,FALSE,FALSE,FALSE,Clear,,FALSE,QUEENS BLVD; SPADINA RD W; Near; 100 M,3/7/2019 2:30:19 PM,540567.9003,4809847.555
44260,15-181137,8/25/2015 3:47:00 PM,2015,8,25,15,47,0,Tuesday,539166.1925,4810929.997,-80.515937,43.450258,Non intersection,2,P.D. only,Thru lane,unknown,unknown,Rear end,Unknown,Daylight,01 - Daylight,Regional municipality,No control,unknown,0,0,0,FALSE,FALSE,FALSE,Clear,,FALSE,564 BELMONT AVE W; GLASGOW ST ; Near; 170 M,3/7/2019 2:30:18 PM,539166.1925,4810929.997
44261,15-181161,8/25/2015 4:18:00 PM,2015,8,25,16,18,0,Tuesday,542560.0226,4812547.863,-80.473867,43.46464,At intersection,1,Non-fatal injury,Within intersection,unknown,unknown,Turning movement,Unknown,Daylight,01 - Daylight,Municipal (excl. Twp. Rd.),Stop sign,Functioning,0,0,0,FALSE,FALSE,FALSE,Clear,,FALSE,WELLINGTON ST N; HWY 85 TO WELLINGTON ST N; At,3/7/2019 2:30:18 PM,542560.0226,4812547.863
44262,15-181763,8/14/2015 3:30:00 PM,2015,8,14,15,30,0,Friday,542110.4145,4807130.237,-80.479843,43.415885,Intersection related,1,Non-fatal injury,Left turn lane,unknown,unknown,Rear end,Unknown,Daylight,01 - Daylight,Municipal (excl. Twp. Rd.),Traffic signal,Functioning,0,0,0,FALSE,FALSE,FALSE,Clear,,FALSE,BLOCK LINE RD; STRASBURG RD; At,3/7/2019 2:30:17 PM,542110.4145,4807130.237
44263,15-182132,8/26/2015 8:44:00 PM,2015,8,26,20,44,0,Wednesday,545911.7619,4805353.273,-80.433039,43.399662,Non intersection,2,P.D. only,Thru lane,unknown,unknown,SMV unattended vehicle,Unknown,Dusk,05 - Dusk,Municipal (excl. Twp. Rd.),No control,unknown,0,0,0,FALSE,FALSE,FALSE,Clear,,FALSE,GREEN VALLEY DR; MILL PARK DR ; Near; 35 M,3/7/2019 2:30:16 PM,545911.7619,4805353.273
44264,15-182455,8/27/2015 10:30:00 AM,2015,8,27,10,30,0,Thursday,541068,4811108,0,0,At intersection,2,P.D. only,Within intersection,unknown,unknown,Angle,Unknown,Daylight,01 - Daylight,Regional municipality,Traffic signal,Functioning,0,0,0,FALSE,FALSE,FALSE,Clear,,FALSE,WELLINGTON ST N; MARGARET AVE; At,3/4/2020 10:19:40 AM,541068,4811108
44265,15-182497,8/27/2015 11:27:00 AM,2015,8,27,11,27,0,Thursday,545675.1052,4811884.337,-80.435415,43.458482,Non intersection,1,Non-fatal injury,Not on roadway - right side,unknown,unknown,SMV other,Unknown,Daylight,01 - Daylight,Municipal (excl. Twp. Rd.),No control,unknown,0,0,0,FALSE,FALSE,FALSE,Clear,,FALSE,OAKHURST CRES; HERITAGE DR; 30 M,3/7/2019 2:30:16 PM,545675.1052,4811884.337
44266,15-182529,8/27/2015 12:12:00 PM,2015,8,27,12,12,0,Thursday,541184.2616,4810691.803,-80.491014,43.448005,At intersection,1,Non-fatal injury,Within intersection,unknown,unknown,Turning movement,Unknown,Daylight,01 - Daylight,Municipal (excl. Twp. Rd.),Traffic signal,Functioning,0,0,0,FALSE,TRUE,FALSE,Clear,,FALSE,JOSEPH ST ; QUEEN ST S; At,3/7/2019 2:30:15 PM,541184.2616,4810691.804
44267,15-183074,8/28/2015 6:44:00 AM,2015,8,28,6,44,0,Friday,541602.1801,4806862.538,-80.486141,43.413503,Non intersection,2,P.D. only,Thru lane,unknown,unknown,SMV other,Unknown,Daylight,01 - Daylight,Regional municipality,No control,unknown,0,0,0,FALSE,FALSE,FALSE,Clear,,FALSE,BLOCKLINE ROAD; MCLENNAN PARK GATE ; 15 M,3/7/2019 2:30:14 PM,541602.1801,4806862.538
44268,15-183914,8/29/2015 3:11:00 AM,2015,8,29,3,11,0,Saturday,541721.57,4803918.504,-80.484891,43.386988,Other,2,P.D. only,Off highway,unknown,unknown,SMV unattended vehicle,Unknown,"Dusk, artificial","06 - Dusk, artificial",Private property,No control,unknown,0,0,0,FALSE,FALSE,FALSE,Clear,,FALSE,DRIVEWAY; WOODBINE AVE; At,3/7/2019 2:30:13 PM,541721.57,4803918.504
44269,15-183976,8/28/2015 11:30:00 PM,2015,8,28,23,30,0,Friday,541550.5687,4810495.473,-80.486502,43.446217,Non intersection,2,P.D. only,Not on roadway - right side,unknown,unknown,SMV other,Unknown,Dark,07 - Dark,Regional municipality,No control,unknown,0,0,0,FALSE,FALSE,FALSE,Clear,,FALSE,CHURCH ST; 96 CHURCH ST ; 1 M,3/7/2019 2:30:13 PM,541550.5687,4810495.473
44270,15-184204,8/28/2015 11:30:00 PM,2015,8,28,23,30,0,Friday,537703.0063,4809936.879,-80.534089,43.441391,At/near private drive,2,P.D. only,Thru lane,unknown,unknown,SMV unattended vehicle,Unknown,Daylight,01 - Daylight,Municipal (excl. Twp. Rd.),No control,unknown,0,0,0,FALSE,FALSE,FALSE,Clear,,FALSE,SHADELAND CRES ; 41 SHADELAND CRES,3/7/2019 2:30:12 PM,537703.0063,4809936.88
44271,15-184279,8/29/2015 3:30:00 PM,2015,8,29,15,30,0,Saturday,545259.7906,4803538.019,-80.44124,43.383357,Non intersection,2,P.D. only,Thru lane,unknown,unknown,Sideswipe,Unknown,Daylight,01 - Daylight,Municipal (excl. Twp. Rd.),No control,unknown,0,0,0,FALSE,FALSE,FALSE,Clear,,FALSE,APPLE RIDGE DR; FOREST CREEK DR,3/7/2019 2:30:11 PM,545259.7906,4803538.019
44272,15-184978,8/30/2015 3:40:00 PM,2015,8,30,15,40,0,Sunday,540565.9014,4811430.277,-80.498601,43.454688,At intersection,2,P.D. only,Within intersection,unknown,unknown,Turning movement,Unknown,Daylight,01 - Daylight,Municipal (excl. Twp. Rd.),Stop sign,Functioning,0,0,0,FALSE,FALSE,FALSE,Clear,,FALSE,BREITHAUPT ST; WATERLOO ST; At,3/7/2019 2:30:10 PM,540565.9014,4811430.277
44273,15-184980,8/30/2015 3:45:00 PM,2015,8,30,15,45,0,Sunday,545899.2622,4809796.775,-80.43282,43.439672,At intersection,1,Non-fatal injury,Within intersection,unknown,unknown,Turning movement,Unknown,Daylight,01 - Daylight,Municipal (excl. Twp. Rd.),Stop sign,Functioning,0,0,0,FALSE,FALSE,FALSE,Clear,,FALSE,OLD CHICOPEE DR ; VERONICA DR,3/7/2019 2:30:09 PM,545899.2622,4809796.775
44274,15-185697,8/31/2015 1:50:00 PM,2015,8,31,13,50,0,Monday,541368.5156,4810954.481,-80.488717,43.45036,At intersection,2,P.D. only,Within intersection,unknown,unknown,Turning movement,Unknown,Daylight,01 - Daylight,Regional municipality,No control,unknown,0,0,0,FALSE,TRUE,FALSE,Clear,,FALSE,QUEEN ST N; GOUDIES LANE,3/4/2020 10:19:39 AM,541368.5156,4810954.481
44275,15-185821,8/28/2015 5:30:00 PM,2015,8,28,17,30,0,Friday,547010.0677,4804930.799,-80.419513,43.39579,At/near private drive,2,P.D. only,Thru lane,unknown,unknown,SMV unattended vehicle,Unknown,Daylight,01 - Daylight,Municipal (excl. Twp. Rd.),No control,unknown,0,0,0,FALSE,FALSE,FALSE,Clear,,FALSE,MILL PARK DR; 482 MILL PARK DR,3/7/2019 2:30:08 PM,547010.0677,4804930.799
44276,15-185826,8/31/2015 7:30:00 AM,2015,8,31,7,30,0,Monday,539011.7654,4809007.416,-80.517983,43.432955,At/near private drive,2,P.D. only,Thru lane,unknown,unknown,SMV unattended vehicle,Unknown,Daylight,01 - Daylight,Municipal (excl. Twp. Rd.),No control,unknown,0,0,0,FALSE,FALSE,FALSE,Clear,,FALSE,OVERLEA DR; 162 OVERLEA DR; Near; 0 M,3/7/2019 2:30:08 PM,539011.7654,4809007.416
44277,15-186258,9/1/2015 9:00:00 AM,2015,9,1,9,0,0,Tuesday,539963.0794,4809611.049,-80.506185,43.43834,Non intersection,2,P.D. only,Thru lane,unknown,unknown,SMV other,Unknown,Daylight,01 - Daylight,Municipal (excl. Twp. Rd.),No control,unknown,0,0,0,FALSE,FALSE,FALSE,Clear,,FALSE,BELMONT AVE W; MARLBOROUGH AVE ; 100 M,3/7/2019 2:30:07 PM,539963.0794,4809611.049
44278,15-186371,9/1/2015 11:00:00 AM,2015,9,1,11,0,0,Tuesday,549242.5928,4806294.006,-80.391824,43.407921,At/near private drive,2,P.D. only,Thru lane,unknown,unknown,Angle,Unknown,Daylight,01 - Daylight,Municipal (excl. Twp. Rd.),Stop sign,Functioning,0,0,0,FALSE,FALSE,FALSE,Clear,,FALSE,GATEWAY PARK DR ; KING ST E; At,3/4/2020 10:19:39 AM,549242.5928,4806294.006
44279,15-187081,9/2/2015 10:27:00 AM,2015,9,2,10,27,0,Wednesday,544118.7831,4811894.07,-80.454651,43.458663,At intersection,2,P.D. only,Within intersection,unknown,unknown,Angle,Unknown,Daylight,01 - Daylight,Regional municipality,Stop sign,Functioning,0,0,0,FALSE,FALSE,FALSE,Clear,,FALSE,RIVER RD E; MANCHESTER RD; At,3/7/2019 2:30:05 PM,544118.7831,4811894.071
44280,15-187194,9/2/2015 12:34:00 PM,2015,9,2,12,34,0,Wednesday,542345.1666,4810268.41,-80.4767,43.444128,At/near private drive,2,P.D. only,Thru lane,unknown,unknown,Angle,Unknown,Daylight,01 - Daylight,Regional municipality,Traffic signal,Functioning,0,0,0,FALSE,FALSE,FALSE,Clear,,FALSE,KING ST E; STERLING AVE; 22 M,3/7/2019 2:30:04 PM,542345.1666,4810268.41
44281,15-187243,9/2/2015 12:45:00 PM,2015,9,2,12,45,0,Wednesday,541311.5681,4810846.291,-80.489429,43.449389,Intersection related,2,P.D. only,Thru lane,unknown,unknown,Other,Unknown,Daylight,01 - Daylight,Regional municipality,Stop sign,Functioning,0,0,0,FALSE,FALSE,FALSE,Clear,,FALSE,HALLS LANE E; QUEEN ST S,3/7/2019 2:30:04 PM,541311.5681,4810846.292
44282,15-187314,9/2/2015 3:27:00 PM,2015,9,2,15,27,0,Wednesday,542123.1233,4810409.733,-80.479433,43.445413,Non intersection,2,P.D. only,Thru lane,unknown,unknown,Rear end,Unknown,Daylight,01 - Daylight,Regional municipality,No control,unknown,0,0,0,FALSE,FALSE,FALSE,Clear,,FALSE,KING ST E; PANDORA AVE N; 40 M,3/7/2019 2:30:03 PM,542123.1233,4810409.733
44283,15-187368,9/1/2015 9:00:00 PM,2015,9,1,21,0,0,Tuesday,541068,4811108,0,0,Other,2,P.D. only,Not on roadway - right side,unknown,unknown,SMV other,Unknown,Dark,07 - Dark,Municipal (excl. Twp. Rd.),No control,unknown,0,0,0,FALSE,FALSE,FALSE,Clear,,FALSE,RIVER OAK DR; RIVER OAK DR; Near,3/7/2019 2:30:00 PM,541068,4811108
44284,15-187497,9/2/2015 7:47:00 PM,2015,9,2,19,47,0,Wednesday,542167.9602,4816545.306,-80.478404,43.500655,Other,1,Non-fatal injury,Off highway,unknown,unknown,SMV other,Unknown,Daylight,01 - Daylight,Private property,No control,unknown,0,0,0,FALSE,FALSE,FALSE,Clear,,FALSE,KIWANIS PARK; KIWANIS PARK DR ; At,3/7/2019 2:30:00 PM,542167.9602,4816545.306