OBJECTID,ACCIDENTNUM,ACCIDENTDATE,ACCIDENT_YEAR,ACCIDENT_MONTH,ACCIDENT_DAY,ACCIDENT_HOUR,ACCIDENT_MINUTE,ACCIDENT_SECOND,ACCIDENT_WEEKDAY,XCOORD,YCOORD,LONGITUDE,LATITUDE,ACCIDENTLOCATION,COLLISIONTYPE,CLASSIFICATIONOFACCIDENT,IMPACTLOCATION,INITIALDIRECTIONOFTRAVELONE,INITIALDIRECTIONOFTRAVELTWO,INITIALIMPACTTYPE,INTTRAFFICCONTROL,LIGHT,LIGHTFORREPORT,ROADJURISDICTION,TRAFFICCONTROL,TRAFFICCONTROLCONDITION,THRULANENO,NORTHBOUNDDISOBEYCOUNT,SOUTHBOUNDDISOBEYCOUNT,PEDESTRIANINVOLVED,CYCLISTINVOLVED,MOTORCYCLISTINVOLVED,ENVIRONMENTCONDITION1,ENVIRONMENTCONDITION2,SELFREPORTED,XMLIMPORTNOTES,LASTEDITEDDATE,x,y
44347,15-201804,9/19/2015 8:30:00 PM,2015,9,19,20,30,0,Saturday,539871.9875,4810631.493,-80.507236,43.447533,At intersection,2,P.D. only,Within intersection,unknown,unknown,Angle,Unknown,"Dark, artificial","08 - Dark, artificial",Municipal (excl. Twp. Rd.),Stop sign,Functioning,0,0,1,FALSE,FALSE,FALSE,Clear,,FALSE,STRANGE ST; CHERRY ST,3/7/2019 2:29:16 PM,539871.9875,4810631.493
44348,15-202371,9/21/2015 11:01:00 AM,2015,9,21,11,1,0,Monday,543067.595,4807436.031,-80.467996,43.418584,Intersection related,2,P.D. only,Not on roadway - right side,unknown,unknown,SMV other,Unknown,Daylight,01 - Daylight,Regional municipality,No control,unknown,0,0,0,FALSE,FALSE,FALSE,Clear,,FALSE,BLOCK LINE RD; FALLOWFIELD DR; At,3/7/2019 2:29:15 PM,543067.595,4807436.031
44349,15-202411,9/21/2015 12:04:00 PM,2015,9,21,12,4,0,Monday,545274.1488,4806434.261,-80.440823,43.409434,At intersection,1,Non-fatal injury,Within intersection,unknown,unknown,Turning movement,Stop sign,Daylight,01 - Daylight,Municipal (excl. Twp. Rd.),Stop sign,Functioning,0,0,0,FALSE,FALSE,FALSE,Clear,,FALSE,WABANAKI DR; WILSON AVE,3/7/2019 2:29:13 PM,545274.1488,4806434.261
44350,15-202414,9/21/2015 12:30:00 AM,2015,9,21,0,30,0,Monday,541709.3881,4808811.654,-80.484668,43.431047,Non intersection,2,P.D. only,Right shoulder,unknown,unknown,SMV unattended vehicle,Unknown,"Dark, artificial","08 - Dark, artificial",Municipal (excl. Twp. Rd.),No control,unknown,0,0,0,FALSE,FALSE,FALSE,Clear,,FALSE,KEHL ST; 136 KEHL ST,3/7/2019 2:29:12 PM,541709.3881,4808811.654
44351,15-202459,9/21/2015 1:05:00 PM,2015,9,21,13,5,0,Monday,538521.7505,4811037.344,-80.523894,43.451258,At/near private drive,2,P.D. only,Thru lane,unknown,unknown,SMV unattended vehicle,Unknown,Daylight,01 - Daylight,Municipal (excl. Twp. Rd.),No control,unknown,0,0,0,FALSE,FALSE,FALSE,Clear,,FALSE,CLAREMONT AVE ; 165 CLAREMONT AV; At; 5 M,3/4/2020 10:19:33 AM,538521.7505,4811037.344
44352,15-202520,9/21/2015 2:33:00 PM,2015,9,21,14,33,0,Monday,542274.0542,4809633.025,-80.477628,43.438411,At/near private drive,2,P.D. only,Thru lane,unknown,unknown,Other,Unknown,Daylight,01 - Daylight,Municipal (excl. Twp. Rd.),No control,unknown,0,0,0,FALSE,FALSE,FALSE,Clear,,FALSE,BEDFORD RD ; 101 BEDFORD RD; Near; 5 M,3/7/2019 2:29:11 PM,542274.0542,4809633.025
44353,15-202596,9/21/2015 4:04:00 PM,2015,9,21,16,4,0,Monday,538235.9056,4806693.697,-80.527731,43.412162,At/near private drive,2,P.D. only,Off highway,unknown,unknown,SMV other,Unknown,Daylight,01 - Daylight,Private property,No control,unknown,0,0,0,FALSE,FALSE,FALSE,Clear,,FALSE,PRIVATE DRIVE; INDIGO ST ; At; 5 M,3/4/2020 10:19:32 AM,538235.9056,4806693.697
44354,15-202675,9/21/2015 5:23:00 PM,2015,9,21,17,23,0,Monday,539275.0304,4809122.337,-80.514722,43.433976,Non intersection,1,Non-fatal injury,Thru lane,unknown,unknown,Sideswipe,Unknown,Daylight,01 - Daylight,Municipal (excl. Twp. Rd.),No control,unknown,0,0,0,FALSE,TRUE,FALSE,Clear,,FALSE,OVERLEA DR; CECILE DR; 50 M,3/7/2019 2:29:10 PM,539275.0304,4809122.337
44355,15-203200,9/19/2015 6:00:00 PM,2015,9,19,18,0,0,Saturday,545684.2113,4809250.666,-80.435523,43.434768,Other,2,P.D. only,Off highway,unknown,unknown,SMV unattended vehicle,Unknown,Daylight,01 - Daylight,Private property,No control,unknown,0,0,0,FALSE,FALSE,FALSE,Clear,,FALSE,OBERMEYER DR ; 67 OBERMEYER DR; At,3/7/2019 2:29:09 PM,545684.2113,4809250.666
44356,15-203224,9/16/2015 1:40:00 PM,2015,9,16,13,40,0,Wednesday,541740.1224,4810658.794,-80.484147,43.447677,Non intersection,2,Non-reportable,Right shoulder,unknown,unknown,Rear end,Unknown,Daylight,01 - Daylight,Regional municipality,No control,unknown,0,0,0,FALSE,FALSE,FALSE,Clear,,FALSE,KING ST E; Near,3/7/2019 2:29:08 PM,541740.1224,4810658.794
44357,15-204307,9/23/2015 4:45:00 PM,2015,9,23,16,45,0,Wednesday,539524.399,4811329.798,-80.511481,43.453839,At/near private drive,2,P.D. only,Thru lane,unknown,unknown,Other,Unknown,Daylight,01 - Daylight,Municipal (excl. Twp. Rd.),No control,unknown,0,0,0,FALSE,FALSE,FALSE,Clear,,FALSE,GLASGOW ST; 69 GLASGOW ST,3/7/2019 2:29:06 PM,539524.399,4811329.798
44358,15-204389,9/23/2015 8:57:00 PM,2015,9,23,20,57,0,Wednesday,545547.0936,4801881.698,-80.437831,43.368426,Non intersection,2,P.D. only,Right shoulder,unknown,unknown,SMV unattended vehicle,Unknown,Dark,07 - Dark,Township,No control,unknown,0,0,0,FALSE,FALSE,FALSE,Clear,,FALSE,DODGE DR; DODGE DR ; At; 1 M,3/7/2019 2:29:03 PM,545547.0936,4801881.698
44359,15-204603,9/24/2015 8:03:00 AM,2015,9,24,8,3,0,Thursday,544819.858,4803013.211,-80.446714,43.378658,Non intersection,2,P.D. only,Thru lane,unknown,unknown,SMV unattended vehicle,Unknown,Daylight,01 - Daylight,Municipal (excl. Twp. Rd.),No control,unknown,0,0,0,FALSE,FALSE,FALSE,Clear,,FALSE,ROBERT FERRIE DR; ROBERT FERRIE DR ; Near; 20 M,3/7/2019 2:29:03 PM,544819.858,4803013.211
44360,15-204676,9/24/2015 8:00:00 AM,2015,9,24,8,0,0,Thursday,545926.7189,4802616.603,-80.433084,43.37502,At/near private drive,2,P.D. only,Right shoulder,unknown,unknown,SMV unattended vehicle,Unknown,Daylight,01 - Daylight,Municipal (excl. Twp. Rd.),No control,unknown,0,0,0,FALSE,FALSE,FALSE,Clear,,FALSE, THOMAS SLEE DR; 401 THOMAS SLEE DR; Near,3/7/2019 2:29:02 PM,545926.7189,4802616.603
44361,15-204736,9/23/2015 6:40:00 PM,2015,9,23,18,40,0,Wednesday,539448.9844,4806404.368,-80.512769,43.409494,At/near private drive,2,P.D. only,Thru lane,unknown,unknown,SMV unattended vehicle,Unknown,Dusk,05 - Dusk,Municipal (excl. Twp. Rd.),No control,unknown,0,0,0,FALSE,FALSE,FALSE,Clear,,FALSE,PINE MARTIN CRES; PINE MARTIN CRES ; At,3/7/2019 2:29:01 PM,539448.9844,4806404.369
44362,15-204946,9/24/2015 4:06:00 PM,2015,9,24,16,6,0,Thursday,544216.5502,4805244.892,-80.453981,43.398788,Non intersection,2,P.D. only,Thru lane,unknown,unknown,Sideswipe,Unknown,Daylight,01 - Daylight,Regional municipality,No control,unknown,0,0,0,FALSE,FALSE,FALSE,Clear,,FALSE,HURON RD ; HOMER WATSON BLVD ; 35 M,3/7/2019 2:29:00 PM,544216.5501,4805244.893
44363,15-205049,9/24/2015 5:30:00 PM,2015,9,24,17,30,0,Thursday,544090.8363,4805038.385,-80.45555,43.396936,Non intersection,2,P.D. only,Thru lane,unknown,unknown,SMV unattended vehicle,Unknown,Daylight,01 - Daylight,Municipal (excl. Twp. Rd.),No control,unknown,0,0,0,FALSE,FALSE,FALSE,Clear,,FALSE,BIEHN DR; 33 BIEHN DR; Near; 2 M,3/7/2019 2:28:58 PM,544090.8363,4805038.385
44364,15-205111,9/24/2015 6:00:00 PM,2015,9,24,18,0,0,Thursday,541873.7697,4810745.223,-80.482489,43.448448,At intersection,2,P.D. only,Within intersection,unknown,unknown,Turning movement,Unknown,Daylight,01 - Daylight,Municipal (excl. Twp. Rd.),Stop sign,Functioning,0,0,0,FALSE,FALSE,FALSE,Clear,,FALSE,DUKE ST E; CEDAR ST N; At,3/4/2020 10:19:31 AM,541873.7697,4810745.223
44365,15-205161,9/24/2015 8:43:00 PM,2015,9,24,20,43,0,Thursday,545275.1144,4806435.156,-80.440811,43.409442,At intersection,2,P.D. only,Within intersection,unknown,unknown,Angle,Stop sign,"Dark, artificial","08 - Dark, artificial",Municipal (excl. Twp. Rd.),Stop sign,Functioning,0,0,0,FALSE,FALSE,FALSE,Clear,,FALSE,WABANAKI DR; WILSON AVE; At,3/7/2019 2:28:57 PM,545275.1144,4806435.156
44366,15-205557,9/15/2015 4:30:00 PM,2015,9,15,16,30,0,Tuesday,544303.1493,4809223.904,-80.452589,43.43461,Non intersection,2,P.D. only,Thru lane,unknown,unknown,SMV unattended vehicle,Unknown,Daylight,01 - Daylight,Municipal (excl. Twp. Rd.),No control,unknown,0,0,0,FALSE,FALSE,FALSE,Clear,,FALSE,FOURTH AVE; KINGSWAY DR; Near,3/7/2019 2:28:55 PM,544303.1493,4809223.904
44367,15-205623,9/24/2015 2:00:00 PM,2015,9,24,14,0,0,Thursday,541439.206,4811077.528,-80.487834,43.451464,At/near private drive,2,P.D. only,Right shoulder,unknown,unknown,SMV unattended vehicle,Unknown,Daylight,01 - Daylight,Municipal (excl. Twp. Rd.),No control,unknown,0,0,0,FALSE,FALSE,FALSE,Clear,,FALSE,QUEEN ST N; 51 QUEEN ST N,3/7/2019 2:28:55 PM,541439.206,4811077.528
44368,15-206046,9/25/2015 9:35:00 PM,2015,9,25,21,35,0,Friday,544942.666,4807904.722,-80.444796,43.422694,At/near private drive,2,P.D. only,Thru lane,unknown,unknown,Rear end,Unknown,"Dark, artificial","08 - Dark, artificial",Municipal (excl. Twp. Rd.),No control,unknown,0,0,0,FALSE,FALSE,FALSE,Clear,,FALSE,WILSON AVE; WILSON AVE ; Near; 7 M,3/7/2019 2:28:54 PM,544942.666,4807904.722
44369,15-206070,9/25/2015 10:01:00 PM,2015,9,25,22,1,0,Friday,544329.3028,4813257.3,-80.451938,43.470925,Non intersection,2,P.D. only,Not on roadway - right side,unknown,unknown,SMV other,Unknown,"Dark, artificial","08 - Dark, artificial",Regional municipality,No control,unknown,0,0,0,FALSE,FALSE,FALSE,Clear,,FALSE,BINGEMANS CENTRE DR; BINGEMANS CENTRE DR ; Near; 50 M,3/4/2020 10:19:31 AM,544329.3028,4813257.3
44370,15-206367,9/26/2015 3:30:00 AM,2015,9,26,3,30,0,Saturday,545732.5407,4809165.475,-80.434933,43.433998,Other,2,P.D. only,Off highway,unknown,unknown,SMV other,Unknown,"Dark, artificial","08 - Dark, artificial",Municipal (excl. Twp. Rd.),No control,unknown,0,0,0,FALSE,FALSE,FALSE,Clear,,FALSE,KINZIE AVE; KINZIE AVE ; At,3/7/2019 2:28:53 PM,545732.5407,4809165.475
44371,15-206480,9/26/2015 10:12:00 AM,2015,9,26,10,12,0,Saturday,541756.4673,4811625.353,-80.483871,43.456379,Non intersection,2,P.D. only,Right shoulder,unknown,unknown,SMV other,Unknown,Daylight,01 - Daylight,Municipal (excl. Twp. Rd.),Stop sign,Functioning,0,0,0,FALSE,FALSE,FALSE,Clear,,FALSE,QUEEN ST N; ST LEGER ST; Near; 10 M,3/7/2019 2:28:52 PM,541756.4673,4811625.353
44372,15-206554,9/26/2015 11:20:00 AM,2015,9,26,11,20,0,Saturday,536051.2075,4807445.321,-80.554665,43.419038,At/near private drive,2,P.D. only,Thru lane,unknown,unknown,Other,Unknown,Daylight,01 - Daylight,Private property,No control,unknown,0,0,0,FALSE,FALSE,FALSE,Clear,,FALSE,PENELOPE DR ; 76 PENELOPE DR; At,3/7/2019 2:28:52 PM,536051.2075,4807445.321
44373,15-206817,9/26/2015 5:19:00 PM,2015,9,26,17,19,0,Saturday,540350.0121,4811461.855,-80.501267,43.454984,At intersection,2,P.D. only,Thru lane,unknown,unknown,Other,Unknown,Daylight,01 - Daylight,Municipal (excl. Twp. Rd.),Traffic signal,Functioning,0,0,0,FALSE,FALSE,FALSE,Clear,,FALSE,WELLINGTON ST N; MOORE AVE; 9 M,3/7/2019 2:28:51 PM,540350.0121,4811461.855
44374,15-207523,9/26/2015 6:00:00 PM,2015,9,26,18,0,0,Saturday,541486.4929,4803974.585,-80.487789,43.387506,At intersection,2,P.D. only,Within intersection,unknown,unknown,Angle,Unknown,Daylight,01 - Daylight,Municipal (excl. Twp. Rd.),Stop sign,Functioning,0,0,0,FALSE,FALSE,FALSE,Clear,,FALSE,SEABROOK DR; CORSICA ST,3/7/2019 2:28:50 PM,541486.4929,4803974.585
44375,15-207723,9/27/2015 4:05:00 PM,2015,9,27,16,5,0,Sunday,541940.5996,4806733.136,-80.481971,43.412319,Non intersection,2,P.D. only,Thru lane,unknown,unknown,SMV unattended vehicle,Unknown,Daylight,01 - Daylight,Municipal (excl. Twp. Rd.),No control,unknown,0,0,0,FALSE,FALSE,FALSE,Clear,,FALSE,BROOKFIELD CRES; RITTENHOUSE RD ; Near; 45 M,3/7/2019 2:28:50 PM,541940.5996,4806733.136
44376,15-208267,9/28/2015 11:30:00 AM,2015,9,28,11,30,0,Monday,541500.7992,4811994.165,-80.487003,43.459714,At intersection,2,P.D. only,Within intersection,unknown,unknown,Angle,Unknown,Daylight,01 - Daylight,Municipal (excl. Twp. Rd.),Stop sign,Functioning,0,0,0,FALSE,FALSE,FALSE,Rain,,FALSE,ST LEGER ST; WELLINGTON ST N,3/4/2020 10:19:30 AM,541500.7992,4811994.165
44377,15-208415,9/28/2015 3:37:00 PM,2015,9,28,15,37,0,Monday,538133.6579,4807508.633,-80.528937,43.419505,At intersection,2,P.D. only,Within intersection,unknown,unknown,Rear end,Unknown,Daylight,01 - Daylight,Municipal (excl. Twp. Rd.),Stop sign,Functioning,0,0,0,FALSE,FALSE,FALSE,Clear,,FALSE,MCGARRY DR; ROYAL ORCHARD DR; At,3/7/2019 2:28:48 PM,538133.6579,4807508.633
44378,15-208503,9/28/2015 5:30:00 PM,2015,9,28,17,30,0,Monday,541068,4811108,0,0,Non intersection,2,P.D. only,Off highway,unknown,unknown,SMV other,Unknown,Daylight,01 - Daylight,Municipal (excl. Twp. Rd.),No control,unknown,0,0,0,FALSE,FALSE,FALSE,Clear,,FALSE,COPPERSHAWK ST; 10 COOPERSHAWK ST ; At; 3 M,3/4/2020 10:19:29 AM,541068,4811108
44379,15-208587,9/28/2015 7:20:00 PM,2015,9,28,19,20,0,Monday,542712.1749,4810047.158,-80.472182,43.442115,At/near private drive,1,Non-fatal injury,Thru lane,unknown,unknown,Turning movement,Unknown,Daylight,01 - Daylight,Regional municipality,No control,unknown,0,0,0,FALSE,FALSE,FALSE,Clear,,FALSE,KING ST E; 1074 KING ST E; 1 M,3/4/2020 10:19:29 AM,542712.1749,4810047.158
44380,15-208868,9/29/2015 8:41:00 AM,2015,9,29,8,41,0,Tuesday,539675.7914,4806484.328,-80.509962,43.410202,Intersection related,2,P.D. only,Thru lane,unknown,unknown,Rear end,Unknown,Daylight,01 - Daylight,Municipal (excl. Twp. Rd.),Stop sign,Functioning,0,0,0,FALSE,FALSE,FALSE,Clear,,FALSE,ACTIVA AVE; WILDERNESS DR ; At,3/7/2019 2:28:48 PM,539675.7914,4806484.329
44381,15-209092,9/29/2015 1:43:00 PM,2015,9,29,13,43,0,Tuesday,542508.3045,4806170.388,-80.475003,43.40722,At/near private drive,1,Non-fatal injury,Thru lane,unknown,unknown,Turning movement,Unknown,Daylight,01 - Daylight,Municipal (excl. Twp. Rd.),No control,unknown,0,0,0,FALSE,FALSE,FALSE,Clear,,FALSE,STRASBURG RD ; BLEAMS RD ; Near; 100 M,3/7/2019 2:28:46 PM,542508.3045,4806170.388
44382,15-209195,9/29/2015 4:05:00 PM,2015,9,29,16,5,0,Tuesday,542349.8801,4813560.757,-80.476386,43.473772,At/near private drive,2,P.D. only,Not on roadway - left side,unknown,unknown,SMV other,Unknown,Daylight,01 - Daylight,Municipal (excl. Twp. Rd.),No control,unknown,0,0,0,FALSE,FALSE,FALSE,Rain,,FALSE,RIVERBEND DR ; 394 RIVERBEND DR; Near; 20 M,3/7/2019 2:28:46 PM,542349.8801,4813560.758
44383,15-209604,9/29/2015 5:15:00 PM,2015,9,29,17,15,0,Tuesday,545245.6971,4804722.947,-80.441316,43.394027,At/near private drive,2,P.D. only,Thru lane,unknown,unknown,Turning movement,Unknown,Daylight,01 - Daylight,Municipal (excl. Twp. Rd.),No control,unknown,0,0,0,FALSE,FALSE,FALSE,Rain,,FALSE,PIONEER DR; 223 PIONEER DR; At,3/7/2019 2:28:45 PM,545245.6971,4804722.947
44384,15-209756,9/30/2015 11:30:00 AM,2015,9,30,11,30,0,Wednesday,539002.7942,4805923.773,-80.518314,43.40519,Non intersection,1,Non-fatal injury,Thru lane,unknown,unknown,Rear end,Unknown,Daylight,01 - Daylight,Municipal (excl. Twp. Rd.),No control,unknown,0,0,0,FALSE,FALSE,FALSE,Clear,,FALSE,DAVID BERGEY DR; ACTIVA AVE ; 30 M,3/7/2019 2:28:44 PM,539002.7942,4805923.773
44385,15-209878,9/30/2015 2:09:00 PM,2015,9,30,14,9,0,Wednesday,545143.8401,4806898.736,-80.442394,43.413624,At/near private drive,2,P.D. only,Thru lane,unknown,unknown,Turning movement,Unknown,Daylight,01 - Daylight,Municipal (excl. Twp. Rd.),No control,unknown,0,0,0,FALSE,FALSE,FALSE,Clear,,FALSE,GOODRICH DR ; 800 WILSON AVE ; 400 M,3/4/2020 10:19:28 AM,545143.8401,4806898.736
44386,15-210047,9/30/2015 5:30:00 PM,2015,9,30,17,30,0,Wednesday,546749.0223,4808663.112,-80.422417,43.429412,At/near private drive,2,P.D. only,Thru lane,unknown,unknown,Angle,Unknown,Daylight,01 - Daylight,Municipal (excl. Twp. Rd.),No control,unknown,0,0,0,FALSE,FALSE,FALSE,Clear,,FALSE,RIVER RD EAST; MORGAN AVE,3/7/2019 2:28:44 PM,546749.0223,4808663.112
44387,15-210442,10/1/2015 8:34:00 AM,2015,10,1,8,34,0,Thursday,547370.2092,4809730.092,-80.41465,43.43898,Intersection related,2,P.D. only,Thru lane,unknown,unknown,SMV unattended vehicle,Unknown,Daylight,01 - Daylight,Regional municipality,Stop sign,Functioning,0,0,0,FALSE,FALSE,FALSE,Clear,,FALSE,WATERBEND CRES ; GRASSWOOD ST ; At; 5 M,3/7/2019 2:28:43 PM,547370.2091,4809730.092
44388,15-210816,10/1/2015 5:22:00 PM,2015,10,1,17,22,0,Thursday,539086.1746,4806668.803,-80.517231,43.411894,At/near private drive,2,P.D. only,Not on roadway - left side,unknown,unknown,SMV other,Unknown,Daylight,01 - Daylight,Municipal (excl. Twp. Rd.),No control,unknown,0,0,0,FALSE,FALSE,FALSE,Clear,,FALSE,WATERCRESS CRT; 20 WATERCRESS CRT ; At; 16 M,3/7/2019 2:28:42 PM,539086.1746,4806668.803
44389,15-210831,10/1/2015 9:45:00 AM,2015,10,1,9,45,0,Thursday,540577.7795,4811782.191,-80.498428,43.457856,Non intersection,2,P.D. only,Right turn lane,unknown,unknown,SMV unattended vehicle,Unknown,Daylight,01 - Daylight,Municipal (excl. Twp. Rd.),No control,unknown,0,0,0,FALSE,FALSE,FALSE,Clear,,FALSE,SHANLEY ST; DUKE ST W; 8 M,3/7/2019 2:28:41 PM,540577.7795,4811782.191
44390,15-210989,10/1/2015 10:05:00 PM,2015,10,1,22,5,0,Thursday,539536.2227,4806508.831,-80.511684,43.41043,Non intersection,1,Non-fatal injury,Right shoulder,unknown,unknown,SMV unattended vehicle,Unknown,Dusk,05 - Dusk,Municipal (excl. Twp. Rd.),No control,unknown,0,0,0,FALSE,FALSE,FALSE,Clear,,FALSE,WILDERNESS DR; WILDERNESS DR ; At; 0 M,3/7/2019 2:28:40 PM,539536.2227,4806508.831
44391,15-211090,10/2/2015 12:20:00 AM,2015,10,2,0,20,0,Friday,541775.4865,4809156.13,-80.483825,43.434145,Non intersection,2,P.D. only,Thru lane,unknown,unknown,SMV other,Unknown,"Dark, artificial","08 - Dark, artificial",Municipal (excl. Twp. Rd.),No control,unknown,0,0,0,FALSE,FALSE,FALSE,Clear,,FALSE,BORDEN PKY; PATTANDON AVE ; Near; 33 M,3/7/2019 2:28:39 PM,541775.4865,4809156.131
44392,15-211210,10/2/2015 8:10:00 AM,2015,10,2,8,10,0,Friday,541483.7376,4808770.724,-80.487459,43.430691,Non intersection,2,P.D. only,Thru lane,unknown,unknown,Other,Unknown,Daylight,01 - Daylight,Municipal (excl. Twp. Rd.),No control,unknown,0,0,0,FALSE,FALSE,FALSE,Clear,,FALSE,HOFFMAN ST; 360 HOFFMAN ST; 3 M,3/7/2019 2:28:38 PM,541483.7376,4808770.725
44393,15-211344,10/1/2015 5:00:00 PM,2015,10,1,17,0,0,Thursday,548151.5033,4811328.158,-80.404855,43.453319,At/near private drive,2,P.D. only,Thru lane,unknown,unknown,SMV unattended vehicle,Unknown,Daylight,01 - Daylight,Municipal (excl. Twp. Rd.),No control,unknown,0,0,0,FALSE,FALSE,FALSE,Clear,,FALSE,EDEN OAK TRAIL; 10 EDEN OAK TRAIL; Near,3/7/2019 2:28:38 PM,548151.5033,4811328.158
44394,15-211369,10/1/2015 6:50:00 AM,2015,10,1,6,50,0,Thursday,544227.3587,4809044.153,-80.45354,43.432996,At/near private drive,2,P.D. only,Thru lane,unknown,unknown,Other,Unknown,"Dark, artificial","08 - Dark, artificial",Municipal (excl. Twp. Rd.),No control,unknown,0,0,0,FALSE,FALSE,FALSE,Clear,,FALSE,FOURTH AVE; 26 FOURTH AV; At,3/7/2019 2:28:37 PM,544227.3587,4809044.153
44395,15-211407,10/2/2015 12:14:00 PM,2015,10,2,12,14,0,Friday,542844.0664,4809871.407,-80.470566,43.440525,At intersection,1,Non-fatal injury,Within intersection,unknown,unknown,Angle,Unknown,Daylight,01 - Daylight,Regional municipality,Stop sign,Functioning,0,0,0,FALSE,FALSE,FALSE,Clear,,FALSE,SYDNEY ST S; CHARLES ST E; At,3/7/2019 2:28:36 PM,542844.0664,4809871.407
44396,15-211446,10/2/2015 11:45:00 AM,2015,10,2,11,45,0,Friday,540750.4197,4810632.637,-80.49638,43.447496,Non intersection,2,Non-reportable,Thru lane,unknown,unknown,Rear end,Unknown,Daylight,01 - Daylight,Municipal (excl. Twp. Rd.),No control,unknown,0,0,0,FALSE,FALSE,FALSE,Clear,,FALSE,JUBILEE DR; WATER ST S; Near,3/4/2020 10:19:27 AM,540750.4197,4810632.637
44397,15-211495,10/2/2015 8:20:00 AM,2015,10,2,8,20,0,Friday,547670.639,4810780.531,-80.410846,43.448419,Non intersection,2,P.D. only,Thru lane,unknown,unknown,SMV unattended vehicle,Unknown,Daylight,01 - Daylight,Municipal (excl. Twp. Rd.),No control,unknown,0,0,0,FALSE,FALSE,FALSE,Clear,,FALSE,PEBBLECREEK DR ; COUNTRY CLAIR ST ; 40 M,3/7/2019 2:28:35 PM,547670.639,4810780.531
44398,15-211575,10/2/2015 12:30:00 PM,2015,10,2,12,30,0,Friday,540250.8331,4810727.925,-80.502547,43.448381,Non intersection,2,P.D. only,Thru lane,unknown,unknown,Rear end,Unknown,Daylight,01 - Daylight,Municipal (excl. Twp. Rd.),No control,unknown,0,0,0,FALSE,FALSE,FALSE,Clear,,FALSE,PARK ST; VICTORIA ST S; Near,3/7/2019 2:28:35 PM,540250.8331,4810727.925
44399,15-211603,10/1/2015 6:40:00 PM,2015,10,1,18,40,0,Thursday,543215.977,4804528.292,-80.466393,43.392394,At intersection,2,P.D. only,Within intersection,unknown,unknown,Sideswipe,Unknown,Daylight,01 - Daylight,Regional municipality,Yield sign,Functioning,0,0,0,FALSE,FALSE,FALSE,Clear,,FALSE,STRASBURG RD; HURON RD; At,3/7/2019 2:28:34 PM,543215.977,4804528.292
44400,15-212120,10/3/2015 10:00:00 AM,2015,10,3,10,0,0,Saturday,541770.3251,4810577.129,-80.48378,43.44694,At/near private drive,2,P.D. only,Thru lane,unknown,unknown,Turning movement,Unknown,Daylight,01 - Daylight,Regional municipality,No control,unknown,0,0,0,FALSE,FALSE,FALSE,Clear,,FALSE,CEDAR ST N; KING ST E,3/7/2019 2:28:33 PM,541770.3251,4810577.129
44401,15-212144,9/24/2015 8:30:00 AM,2015,9,24,8,30,0,Thursday,544501.5452,4808201.998,-80.450221,43.425397,At/near private drive,2,P.D. only,Thru lane,unknown,unknown,Other,Unknown,Daylight,01 - Daylight,Municipal (excl. Twp. Rd.),No control,unknown,0,0,0,FALSE,FALSE,FALSE,Clear,,FALSE,WILSON AVE; 286 WILSON AV,3/7/2019 2:28:33 PM,544501.5452,4808201.998
44402,15-212175,10/3/2015 8:35:00 AM,2015,10,3,8,35,0,Saturday,541834.356,4810768.774,-80.482974,43.448662,Non intersection,2,P.D. only,Thru lane,unknown,unknown,Other,Unknown,Daylight,01 - Daylight,Municipal (excl. Twp. Rd.),No control,unknown,0,0,0,FALSE,FALSE,FALSE,Clear,,FALSE,DUKE ST E; 162 DUKE ST E,3/4/2020 10:19:27 AM,541834.356,4810768.774
44403,15-212352,10/3/2015 3:32:00 PM,2015,10,3,15,32,0,Saturday,544695.6917,4813407.878,-80.447396,43.472259,Other,1,Non-fatal injury,Off highway,unknown,unknown,SMV other,Unknown,Daylight,01 - Daylight,Private property,No control,unknown,0,0,0,TRUE,FALSE,FALSE,Rain,,FALSE,CAMPGROUND TRAIL; BINGEMANS CENTRE DR,3/7/2019 2:28:32 PM,544695.6917,4813407.878
44404,15-212451,10/3/2015 1:30:00 PM,2015,10,3,13,30,0,Saturday,540549.0982,4805891.902,-80.49922,43.404821,At/near private drive,2,P.D. only,Thru lane,unknown,unknown,SMV unattended vehicle,Unknown,Daylight,01 - Daylight,Municipal (excl. Twp. Rd.),No control,unknown,0,0,0,FALSE,FALSE,FALSE,Rain,,FALSE,RIEHM ST; 89 RIEHM ST; At; 3 M,3/7/2019 2:28:31 PM,540549.0982,4805891.902
44405,15-212605,10/3/2015 11:06:00 PM,2015,10,3,23,6,0,Saturday,545408.2346,4810967.157,-80.43879,43.45024,Non intersection,2,P.D. only,Thru lane,unknown,unknown,SMV unattended vehicle,Unknown,Dark,07 - Dark,Municipal (excl. Twp. Rd.),No control,unknown,0,0,0,FALSE,FALSE,FALSE,Rain,,FALSE,OLD CHICOPEE DR; HOLBORN DR ; Near; 100 M,3/4/2020 10:19:26 AM,545408.2346,4810967.157
44406,15-212786,10/3/2015 4:45:00 PM,2015,10,3,16,45,0,Saturday,545137.3754,4807598.936,-80.442416,43.419929,At/near private drive,2,P.D. only,Thru lane,unknown,unknown,Turning movement,Unknown,Daylight,01 - Daylight,Regional municipality,No control,unknown,0,0,0,FALSE,FALSE,FALSE,Rain,,FALSE,WILSON AVE ; 509 WILSON AVE; Near; 5 M,3/7/2019 2:28:30 PM,545137.3754,4807598.936
44407,15-212964,10/3/2015 3:30:00 PM,2015,10,3,15,30,0,Saturday,541068,4811108,0,0,At/near private drive,2,P.D. only,Right shoulder,unknown,unknown,SMV unattended vehicle,Unknown,Daylight,01 - Daylight,Municipal (excl. Twp. Rd.),No control,unknown,0,0,0,FALSE,FALSE,FALSE,Rain,,FALSE,FALLING GREEN CRES; FALLING GREEN CRES ; Near,3/7/2019 2:28:30 PM,541068,4811108