OBJECTID,ACCIDENTNUM,ACCIDENTDATE,ACCIDENT_YEAR,ACCIDENT_MONTH,ACCIDENT_DAY,ACCIDENT_HOUR,ACCIDENT_MINUTE,ACCIDENT_SECOND,ACCIDENT_WEEKDAY,XCOORD,YCOORD,LONGITUDE,LATITUDE,ACCIDENTLOCATION,COLLISIONTYPE,CLASSIFICATIONOFACCIDENT,IMPACTLOCATION,INITIALDIRECTIONOFTRAVELONE,INITIALDIRECTIONOFTRAVELTWO,INITIALIMPACTTYPE,INTTRAFFICCONTROL,LIGHT,LIGHTFORREPORT,ROADJURISDICTION,TRAFFICCONTROL,TRAFFICCONTROLCONDITION,THRULANENO,NORTHBOUNDDISOBEYCOUNT,SOUTHBOUNDDISOBEYCOUNT,PEDESTRIANINVOLVED,CYCLISTINVOLVED,MOTORCYCLISTINVOLVED,ENVIRONMENTCONDITION1,ENVIRONMENTCONDITION2,SELFREPORTED,XMLIMPORTNOTES,LASTEDITEDDATE,x,y
44408,15-213359,10/5/2015 6:23:00 AM,2015,10,5,6,23,0,Monday,542108.8763,4807130.227,-80.479862,43.415885,At intersection,1,Non-fatal injury,Within intersection,unknown,unknown,SMV other,Unknown,Dark,07 - Dark,Municipal (excl. Twp. Rd.),Traffic signal,Functioning,0,0,0,TRUE,FALSE,FALSE,Rain,,FALSE,BLOCK LINE RD; STRASBURG RD,3/7/2019 2:28:29 PM,542108.8763,4807130.227
44409,15-213550,10/5/2015 11:24:00 AM,2015,10,5,11,24,0,Monday,541798.8576,4810621.397,-80.483424,43.447337,Intersection related,2,P.D. only,Thru lane,unknown,unknown,Sideswipe,Unknown,Daylight,01 - Daylight,Municipal (excl. Twp. Rd.),Traffic signal,Functioning,0,0,0,FALSE,FALSE,FALSE,Clear,,FALSE,KING ST E; CEDAR ST N; 16 M,3/7/2019 2:28:28 PM,541798.8576,4810621.397
44410,15-213640,10/5/2015 1:42:00 PM,2015,10,5,13,42,0,Monday,540828.8929,4813012.272,-80.495232,43.468918,At/near private drive,2,P.D. only,Thru lane,unknown,unknown,Angle,Unknown,Daylight,01 - Daylight,Municipal (excl. Twp. Rd.),No control,unknown,0,0,0,FALSE,FALSE,FALSE,Clear,,FALSE,UNION ST; 806 UNION ST; 1 M,3/4/2020 10:04:32 AM,540828.8929,4813012.272
44411,15-213695,10/5/2015 2:36:00 PM,2015,10,5,14,36,0,Monday,541663.8985,4810409.989,-80.485108,43.445441,At intersection,1,Non-fatal injury,Within intersection,unknown,unknown,Angle,Unknown,Daylight,01 - Daylight,Municipal (excl. Twp. Rd.),Stop sign,Functioning,0,0,0,FALSE,FALSE,FALSE,Clear,,FALSE,CEDAR ST S; CHURCH ST; At,3/7/2019 2:28:28 PM,541663.8985,4810409.989
44412,15-213816,10/3/2015 2:30:00 PM,2015,10,3,14,30,0,Saturday,542164.8069,4810382.339,-80.47892,43.445164,Non intersection,2,P.D. only,Thru lane,unknown,unknown,Rear end,Unknown,Daylight,01 - Daylight,Regional municipality,No control,unknown,0,0,0,FALSE,FALSE,FALSE,Clear,,FALSE,KING ST E; PANDORA AVE N; Near,3/7/2019 2:28:27 PM,542164.8069,4810382.339
44413,15-214369,10/5/2015 3:15:00 PM,2015,10,5,15,15,0,Monday,539386.4498,4810429.618,-80.513251,43.445741,At/near private drive,1,Non-fatal injury,Thru lane,unknown,unknown,Rear end,Unknown,Daylight,01 - Daylight,Municipal (excl. Twp. Rd.),No control,unknown,0,0,0,FALSE,FALSE,TRUE,Clear,,FALSE,BELMONT AVE W; BELMONT AVE W; Near,3/7/2019 2:28:26 PM,539386.4498,4810429.618
44414,15-215023,10/7/2015 7:45:00 AM,2015,10,7,7,45,0,Wednesday,539550.3882,4806509.47,-80.511509,43.410435,Other,1,Non-fatal injury,Off highway,unknown,unknown,SMV other,Unknown,Daylight,01 - Daylight,Private property,No control,unknown,0,0,0,TRUE,FALSE,FALSE,Clear,,FALSE,PRIVATE DRIVE; WILDERNESS DR ; At,3/7/2019 2:28:25 PM,539550.3882,4806509.47
44415,15-215309,10/7/2015 2:31:00 PM,2015,10,7,14,31,0,Wednesday,545795.7989,4802616.603,-80.4347,43.375028,Non intersection,2,P.D. only,Other,unknown,unknown,SMV other,Unknown,Daylight,01 - Daylight,Regional municipality,No control,unknown,0,0,0,FALSE,FALSE,FALSE,Clear,,FALSE,THOMAS SLEE DR; NETHERWOOD RD; Near; 50 M,3/4/2020 10:19:25 AM,545795.7989,4802616.603
44416,15-215489,10/7/2015 7:12:00 PM,2015,10,7,19,12,0,Wednesday,547065.3862,4805952.62,-80.418742,43.404987,Non intersection,2,P.D. only,Thru lane,unknown,unknown,SMV unattended vehicle,Unknown,Dusk,05 - Dusk,Municipal (excl. Twp. Rd.),No control,unknown,0,0,0,FALSE,FALSE,FALSE,Clear,,FALSE,DEER RIDGE DR; DEER RIDGE DR ; Near; 1 M,3/7/2019 2:28:25 PM,547065.3862,4805952.62
44417,15-215943,10/8/2015 11:07:00 AM,2015,10,8,11,7,0,Thursday,544885.1058,4804848.816,-80.445758,43.395182,Intersection related,1,Non-fatal injury,Left turn lane,unknown,unknown,Rear end,Unknown,Daylight,01 - Daylight,Municipal (excl. Twp. Rd.),Traffic signal,Functioning,0,0,0,FALSE,FALSE,FALSE,Clear,,FALSE,DOON VILLAGE RD; PIONEER DR; Near; 10 M,3/7/2019 2:28:24 PM,544885.1058,4804848.816
44418,15-216108,10/6/2015 10:00:00 AM,2015,10,6,10,0,0,Tuesday,544482.2604,4808217.198,-80.450458,43.425535,At/near private drive,2,P.D. only,Thru lane,unknown,unknown,SMV unattended vehicle,Unknown,Daylight,01 - Daylight,Municipal (excl. Twp. Rd.),No control,unknown,0,0,0,FALSE,FALSE,FALSE,Clear,,FALSE,WILSON AVE; WILSON AVE ; Near,3/7/2019 2:28:22 PM,544482.2604,4808217.198
44419,15-216121,10/8/2015 2:52:00 PM,2015,10,8,14,52,0,Thursday,541344.3593,4809061.182,-80.489159,43.433314,At intersection,0,Fatal injury,Within intersection,unknown,unknown,SMV other,Unknown,Daylight,01 - Daylight,Municipal (excl. Twp. Rd.),Stop sign,Functioning,0,0,0,TRUE,FALSE,FALSE,Clear,,FALSE,HIGHLAND RD E; HEIMAN ST,3/7/2019 2:28:21 PM,541344.3593,4809061.182
44420,15-216155,10/8/2015 3:47:00 PM,2015,10,8,15,47,0,Thursday,541721.3229,4810362.366,-80.484402,43.445009,Non intersection,2,P.D. only,Thru lane,unknown,unknown,SMV unattended vehicle,Unknown,Daylight,01 - Daylight,Municipal (excl. Twp. Rd.),No control,unknown,0,0,0,FALSE,FALSE,FALSE,Clear,,FALSE,CHURCH ST; MADISON AVE S; 70 M,3/7/2019 2:28:20 PM,541721.3229,4810362.366
44421,15-216527,10/9/2015 3:38:00 AM,2015,10,9,3,38,0,Friday,542248.1522,4807876.206,-80.478084,43.422594,Non intersection,2,P.D. only,Not on roadway - right side,unknown,unknown,SMV other,Unknown,"Dark, artificial","08 - Dark, artificial",Municipal (excl. Twp. Rd.),Other,Functioning,0,0,0,FALSE,FALSE,FALSE,Rain,,FALSE,ALPINE RD; KINGSWOOD DR; 40 M,3/7/2019 2:28:20 PM,542248.1522,4807876.206
44422,15-216602,10/9/2015 8:10:00 AM,2015,10,9,8,10,0,Friday,539296.0272,4811573.797,-80.514286,43.456048,Non intersection,2,P.D. only,Thru lane,unknown,unknown,Sideswipe,Unknown,Daylight,01 - Daylight,Municipal (excl. Twp. Rd.),No control,unknown,0,0,0,FALSE,FALSE,FALSE,Clear,,FALSE,MT HOPE ST ; PARK ST ; 20 M,3/7/2019 2:28:19 PM,539296.0272,4811573.797
44423,15-217071,10/9/2015 4:00:00 PM,2015,10,9,16,0,0,Friday,541068,4811108,0,0,Intersection related,2,P.D. only,Thru lane,unknown,unknown,Rear end,Unknown,Daylight,01 - Daylight,Regional municipality,Traffic signal,Not functioning,0,0,0,FALSE,FALSE,FALSE,Clear,,FALSE,DUKE ST W; ONTARIO ST N,3/4/2020 10:19:25 AM,541068,4811108
44424,15-217076,10/9/2015 4:46:00 PM,2015,10,9,16,46,0,Friday,538608.1964,4806733.132,-80.52313,43.412498,Non intersection,2,P.D. only,Thru lane,unknown,unknown,SMV unattended vehicle,Unknown,Daylight,01 - Daylight,Municipal (excl. Twp. Rd.),No control,unknown,0,0,0,FALSE,FALSE,FALSE,Clear,,FALSE,WINDFLOWER DR ; WINDFLOWER CRES ; Near; 20 M,3/7/2019 2:28:18 PM,538608.1964,4806733.132
44425,15-217721,10/10/2015 1:30:00 AM,2015,10,10,1,30,0,Saturday,539716.5328,4811018.179,-80.509129,43.451023,Non intersection,2,Non-reportable,Thru lane,unknown,unknown,SMV other,Unknown,Dark,07 - Dark,Municipal (excl. Twp. Rd.),No control,unknown,0,0,0,FALSE,FALSE,FALSE,Clear,,FALSE,STRANGE ST; DOMINION ST ; 44 M,3/7/2019 2:28:18 PM,539716.5328,4811018.179
44426,15-218368,10/11/2015 6:48:00 AM,2015,10,11,6,48,0,Sunday,541467.6954,4809536.837,-80.487599,43.43759,Non intersection,2,P.D. only,Not on roadway - right side,unknown,unknown,SMV other,Unknown,"Dark, artificial","08 - Dark, artificial",Municipal (excl. Twp. Rd.),No control,unknown,0,0,0,FALSE,FALSE,FALSE,Clear,,FALSE,STIRLING AVE S; MILL ST; 25 M,3/7/2019 2:28:17 PM,541467.6954,4809536.837
44427,15-219425,10/12/2015 4:30:00 PM,2015,10,12,16,30,0,Monday,542000.0408,4811150.412,-80.480897,43.452089,At/near private drive,2,P.D. only,Right shoulder,unknown,unknown,SMV unattended vehicle,Unknown,Daylight,01 - Daylight,Municipal (excl. Twp. Rd.),No control,unknown,0,0,0,FALSE,FALSE,FALSE,Clear,,FALSE,CHAPEL ST; 40 CHAPEL ST; 10 M,3/7/2019 2:28:16 PM,542000.0408,4811150.412
44428,15-219512,10/12/2015 8:51:00 PM,2015,10,12,20,51,0,Monday,537308.5933,4809026.989,-80.539025,43.433218,Non intersection,2,P.D. only,Thru lane,unknown,unknown,Sideswipe,Unknown,Dark,07 - Dark,Municipal (excl. Twp. Rd.),No control,unknown,0,0,0,FALSE,FALSE,FALSE,Clear,,FALSE,EASTFOREST TRAIL; VICTORIA ST S; 65 M,3/7/2019 2:28:15 PM,537308.5933,4809026.989
44429,15-219693,10/13/2015 7:16:00 AM,2015,10,13,7,16,0,Tuesday,545603.7093,4809497.789,-80.436497,43.436998,At/near private drive,2,P.D. only,Right shoulder,unknown,unknown,SMV unattended vehicle,Unknown,Daylight,01 - Daylight,Regional municipality,No control,unknown,0,0,0,FALSE,FALSE,FALSE,Clear,,FALSE,FERGUS AVE; 254 FERGUS AVE; 10 M,3/7/2019 2:28:15 PM,545603.7093,4809497.789
44430,15-219716,10/12/2015 8:12:00 PM,2015,10,12,20,12,0,Monday,541347.86,4810918.593,-80.488975,43.450038,Non intersection,2,P.D. only,Thru lane,unknown,unknown,Rear end,Unknown,"Dark, artificial","08 - Dark, artificial",Regional municipality,No control,unknown,0,0,0,FALSE,FALSE,FALSE,Clear,,FALSE,QUEEN ST N; KING ST E; Near,3/7/2019 2:28:14 PM,541347.86,4810918.593
44431,15-219760,10/13/2015 8:58:00 AM,2015,10,13,8,58,0,Tuesday,543575.2385,4811324.339,-80.461415,43.453565,At/near private drive,2,Non-reportable,Thru lane,unknown,unknown,SMV unattended vehicle,Unknown,Daylight,01 - Daylight,Municipal (excl. Twp. Rd.),No control,unknown,0,0,0,FALSE,FALSE,FALSE,Clear,,FALSE,BELLEVIEW AVE; SMITHSON AVE; 60 M,3/7/2019 2:28:13 PM,543575.2385,4811324.339
44432,15-219962,10/7/2015 6:00:00 PM,2015,10,7,18,0,0,Wednesday,545486.6948,4811486.681,-80.437777,43.454913,At/near private drive,2,P.D. only,Thru lane,unknown,unknown,Other,Unknown,Daylight,01 - Daylight,Municipal (excl. Twp. Rd.),No control,unknown,0,0,0,FALSE,FALSE,FALSE,Clear,,FALSE,MCGEE AVE; MCGEE AVE ; At,3/7/2019 2:28:13 PM,545486.6948,4811486.681
44433,15-220164,10/13/2015 4:25:00 PM,2015,10,13,16,25,0,Tuesday,545273.4119,4806435.477,-80.440832,43.409445,At intersection,2,P.D. only,Within intersection,unknown,unknown,Turning movement,Stop sign,Daylight,01 - Daylight,Municipal (excl. Twp. Rd.),Yield sign,Functioning,0,0,0,FALSE,FALSE,FALSE,Clear,,FALSE,WILSON AVE; WABANAKI DR,3/7/2019 2:28:12 PM,545273.4119,4806435.477
44434,15-220248,10/13/2015 7:15:00 PM,2015,10,13,19,15,0,Tuesday,546290.7891,4803410.509,-80.428523,43.382146,At intersection,2,P.D. only,Within intersection,unknown,unknown,Angle,Unknown,Dark,07 - Dark,Municipal (excl. Twp. Rd.),Yield sign,Functioning,0,0,0,FALSE,FALSE,FALSE,Rain,,FALSE,DOON SOUTH DR; DOON MILLS DR,3/7/2019 2:28:11 PM,546290.7891,4803410.509
44435,15-220263,10/13/2015 7:42:00 PM,2015,10,13,19,42,0,Tuesday,545087.1555,4807809.063,-80.443019,43.421824,At/near private drive,1,Non-fatal injury,Thru lane,unknown,unknown,Turning movement,Unknown,"Dark, artificial","08 - Dark, artificial",Regional municipality,Stop sign,Functioning,0,0,0,FALSE,FALSE,FALSE,Rain,,FALSE,WILSON AVE ; 2960 KINSWAY DRIVE; At; 0 M,3/7/2019 2:28:11 PM,545087.1555,4807809.063
44436,15-220295,10/13/2015 8:28:00 PM,2015,10,13,20,28,0,Tuesday,540940.1063,4811216.192,-80.493992,43.45274,Non intersection,2,P.D. only,Thru lane,unknown,unknown,SMV other,Unknown,Dark,07 - Dark,Regional municipality,Traffic signal,Functioning,0,0,0,FALSE,FALSE,FALSE,Rain,,FALSE,DUKE ST W; WATER ST N; 10 M,3/7/2019 2:28:10 PM,540940.1063,4811216.192
44437,15-220508,10/13/2015 7:30:00 PM,2015,10,13,19,30,0,Tuesday,543251.7588,4804518.193,-80.465952,43.392301,At intersection,2,P.D. only,Within intersection,unknown,unknown,Angle,Unknown,Dark,07 - Dark,Regional municipality,Yield sign,Functioning,0,0,0,FALSE,FALSE,FALSE,Clear,,FALSE,HURON RD; STRASBURG RD; At,3/7/2019 2:28:09 PM,543251.7588,4804518.193
44438,15-220630,10/14/2015 11:00:00 AM,2015,10,14,11,0,0,Wednesday,541497.6564,4811177.509,-80.487104,43.452361,Non intersection,2,Non-reportable,Thru lane,unknown,unknown,Sideswipe,Unknown,Daylight,01 - Daylight,Municipal (excl. Twp. Rd.),No control,unknown,0,0,0,FALSE,FALSE,FALSE,Clear,,FALSE,QUEEN ST N; ROY ST ; 40 M,3/4/2020 10:19:24 AM,541497.6564,4811177.509
44439,15-220956,10/14/2015 8:00:00 AM,2015,10,14,8,0,0,Wednesday,547060.4793,4809731.7,-80.418477,43.439014,At/near private drive,2,P.D. only,Thru lane,unknown,unknown,SMV unattended vehicle,Unknown,Daylight,01 - Daylight,Municipal (excl. Twp. Rd.),No control,unknown,0,0,0,FALSE,FALSE,FALSE,Clear,,FALSE,BEAUMONT CRES; BEAUMONT CRES ; At; 5 M,3/7/2019 2:28:08 PM,547060.4793,4809731.7
44440,15-221525,10/15/2015 1:28:00 PM,2015,10,15,13,28,0,Thursday,541682.5793,4811105.461,-80.484824,43.451702,At/near private drive,2,P.D. only,Not on roadway - right side,unknown,unknown,SMV other,Unknown,Daylight,01 - Daylight,Municipal (excl. Twp. Rd.),No control,unknown,0,0,0,FALSE,FALSE,FALSE,Clear,,FALSE,SPETZ ST ; FREDERICK ST ; At; 20 M,3/4/2020 10:19:23 AM,541682.5793,4811105.461
44441,15-221578,10/15/2015 1:00:00 PM,2015,10,15,13,0,0,Thursday,542109.3669,4807129.453,-80.479856,43.415878,Intersection related,2,P.D. only,Left turn lane,unknown,unknown,Sideswipe,Unknown,Daylight,01 - Daylight,Municipal (excl. Twp. Rd.),Traffic signal,Functioning,0,0,0,FALSE,FALSE,FALSE,Clear,,FALSE,BLOCK LINE RD; STRASBURG RD; At,3/7/2019 2:28:08 PM,542109.3669,4807129.453
44442,15-221643,10/15/2015 12:00:00 PM,2015,10,15,12,0,0,Thursday,540027.5988,4810930.059,-80.505291,43.450213,Non intersection,2,P.D. only,Thru lane,unknown,unknown,Other,Unknown,Daylight,01 - Daylight,Municipal (excl. Twp. Rd.),No control,unknown,0,0,0,FALSE,FALSE,FALSE,Clear,,FALSE,PARK ST; PARK ST ; Near,3/7/2019 2:28:07 PM,540027.5988,4810930.059
44443,15-221691,10/15/2015 4:19:00 PM,2015,10,15,16,19,0,Thursday,544483.2545,4812873.927,-80.450066,43.467464,Non intersection,2,P.D. only,Thru lane,unknown,unknown,SMV other,Unknown,Daylight,01 - Daylight,Municipal (excl. Twp. Rd.),No control,unknown,0,0,0,FALSE,FALSE,FALSE,Clear,,FALSE,ROTHSAY AVE ; ROTHSAY AVE ; Near; 2 M,3/4/2020 10:19:23 AM,544483.2545,4812873.927
44444,15-221703,10/15/2015 2:50:00 PM,2015,10,15,14,50,0,Thursday,541709.0971,4810677.371,-80.484529,43.447846,Non intersection,2,P.D. only,Thru lane,unknown,unknown,Rear end,Unknown,Daylight,01 - Daylight,Regional municipality,No control,unknown,0,0,0,FALSE,FALSE,FALSE,Clear,,FALSE,KING ST E; EBY ST N; Near,3/7/2019 2:28:06 PM,541709.0971,4810677.372
44445,15-221816,10/15/2015 7:00:00 PM,2015,10,15,19,0,0,Thursday,545851.2264,4809755.799,-80.433417,43.439306,At intersection,2,P.D. only,Within intersection,unknown,unknown,Sideswipe,Unknown,"Dark, artificial","08 - Dark, artificial",Regional municipality,Traffic signal,Functioning,0,0,0,FALSE,FALSE,FALSE,Rain,,FALSE,RIVER RD E; OLD CHICOPEE DR; At,3/7/2019 2:28:05 PM,545851.2264,4809755.799
44446,15-222386,10/16/2015 1:31:00 PM,2015,10,16,13,31,0,Friday,538787.7153,4810965.903,-80.520612,43.450601,Intersection related,1,Non-fatal injury,Not on roadway - left side,unknown,unknown,SMV other,Unknown,Daylight,01 - Daylight,Municipal (excl. Twp. Rd.),Stop sign,Functioning,0,0,0,FALSE,FALSE,FALSE,Clear,,FALSE,GLASGOW ST; DUNBAR RD ; Near; 42 M,3/7/2019 2:28:05 PM,538787.7153,4810965.903
44447,15-222503,10/16/2015 3:15:00 PM,2015,10,16,15,15,0,Friday,544802.2535,4805178.673,-80.446754,43.398157,At/near private drive,2,P.D. only,Right turn lane,unknown,unknown,Turning movement,Unknown,Daylight,01 - Daylight,Municipal (excl. Twp. Rd.),No control,unknown,0,0,0,FALSE,FALSE,FALSE,Rain,,FALSE,DOON VILLAGE RD ; DOON VILLAGE RD ; Near,3/7/2019 2:28:04 PM,544802.2535,4805178.673
44448,15-222519,10/16/2015 4:04:00 PM,2015,10,16,16,4,0,Friday,542193.7114,4807028.359,-80.478822,43.414963,At/near private drive,1,Non-fatal injury,Right turn lane,unknown,unknown,SMV other,Unknown,Daylight,01 - Daylight,Regional municipality,No control,unknown,0,0,0,TRUE,FALSE,FALSE,Clear,,FALSE,BLOCK LINE RD ; 655 STRASBURG RD; At; 12 M,3/7/2019 2:28:03 PM,542193.7114,4807028.359
44449,15-222581,10/16/2015 5:30:00 PM,2015,10,16,17,30,0,Friday,547357.3146,4809537.975,-80.414826,43.437251,Other,1,Non-fatal injury,Other,unknown,unknown,SMV other,Unknown,Dusk,05 - Dusk,Private property,No control,unknown,0,0,0,TRUE,FALSE,FALSE,Clear,,FALSE,PRIVATE DRIVE; MORRISON RD ; At; 100 M,3/7/2019 2:28:02 PM,547357.3146,4809537.975
44450,15-223271,10/17/2015 3:18:00 PM,2015,10,17,15,18,0,Saturday,541798.8638,4810620.398,-80.483424,43.447328,Non intersection,2,P.D. only,Thru lane,unknown,unknown,Sideswipe,Unknown,Daylight,01 - Daylight,Regional municipality,No control,unknown,0,0,0,FALSE,FALSE,FALSE,Clear,,FALSE,KING ST E; CEDAR ST N; Near; 20 M,3/7/2019 2:28:02 PM,541798.8638,4810620.398
44451,15-223871,10/18/2015 10:22:00 AM,2015,10,18,10,22,0,Sunday,544273.1799,4807784.459,-80.453076,43.421651,At/near private drive,2,P.D. only,Thru lane,unknown,unknown,Other,Unknown,Daylight,01 - Daylight,Municipal (excl. Twp. Rd.),No control,unknown,0,0,0,FALSE,FALSE,FALSE,Clear,,FALSE,REYBURN AVE; 75 REYBURN AVE; 4 M,3/7/2019 2:28:01 PM,544273.1799,4807784.459
44452,15-223915,10/17/2015 1:15:00 PM,2015,10,17,13,15,0,Saturday,541550.8978,4810494.587,-80.486498,43.446209,At/near private drive,2,Non-reportable,Thru lane,unknown,unknown,SMV unattended vehicle,Unknown,Daylight,01 - Daylight,Municipal (excl. Twp. Rd.),No control,unknown,0,0,0,FALSE,FALSE,FALSE,Clear,,FALSE,CHURCH ST; CHURCH ST; Near,3/7/2019 2:28:00 PM,541550.8978,4810494.587
44453,15-224070,10/18/2015 3:00:00 PM,2015,10,18,15,0,0,Sunday,538900.6016,4810248.544,-80.519268,43.444136,At/near private drive,2,P.D. only,Thru lane,unknown,unknown,Approaching,Unknown,Daylight,01 - Daylight,Municipal (excl. Twp. Rd.),No control,unknown,0,0,0,FALSE,FALSE,FALSE,Clear,,FALSE,BRYBECK CRES; BRYBECK CRES,3/7/2019 2:27:59 PM,538900.6016,4810248.544
44454,15-224254,10/18/2015 11:29:00 PM,2015,10,18,23,29,0,Sunday,541962.5616,4806990.268,-80.48168,43.414633,Non intersection,2,P.D. only,Thru lane,unknown,unknown,Rear end,Unknown,"Dark, artificial","08 - Dark, artificial",Municipal (excl. Twp. Rd.),No control,unknown,0,0,0,FALSE,FALSE,FALSE,Clear,,FALSE,BLOCK LINE RD; STRASBURG RD; 200 M,3/7/2019 2:27:59 PM,541962.5616,4806990.268
44455,15-224545,10/19/2015 10:00:00 AM,2015,10,19,10,0,0,Monday,541068,4811108,0,0,Non intersection,2,P.D. only,Right shoulder,unknown,unknown,SMV unattended vehicle,Unknown,Daylight,01 - Daylight,Municipal (excl. Twp. Rd.),No control,unknown,0,0,0,FALSE,FALSE,FALSE,Clear,,FALSE,PIETER VOS DR; BLAIR CREEK DR; Near; 300 M,3/7/2019 2:27:58 PM,541068,4811108
44456,15-224586,10/19/2015 11:25:00 AM,2015,10,19,11,25,0,Monday,545143.7166,4807122.968,-80.442377,43.415643,Non intersection,2,P.D. only,Thru lane,unknown,unknown,Sideswipe,Unknown,Daylight,01 - Daylight,Regional municipality,No control,unknown,0,0,0,FALSE,FALSE,FALSE,Clear,,FALSE,WILSON AVE; GOODRICH DR ; Near; 10 M,3/7/2019 2:27:57 PM,545143.7166,4807122.968
44457,15-224960,10/19/2015 6:00:00 PM,2015,10,19,18,0,0,Monday,545275.1338,4806432.268,-80.440811,43.409416,Intersection related,2,P.D. only,Right turn lane,unknown,unknown,Rear end,Stop sign,Daylight,01 - Daylight,Municipal (excl. Twp. Rd.),Yield sign,Functioning,0,0,0,FALSE,FALSE,FALSE,Clear,,FALSE,WILSON AVE; WABANAKI DR; Near,3/7/2019 2:27:56 PM,545275.1338,4806432.268
44458,15-225126,10/20/2015 2:28:00 AM,2015,10,20,2,28,0,Tuesday,542109.3669,4807129.453,-80.479856,43.415878,At intersection,2,P.D. only,Within intersection,unknown,unknown,Turning movement,Unknown,"Dark, artificial","08 - Dark, artificial",Regional municipality,Traffic signal,Functioning,0,0,0,FALSE,FALSE,FALSE,Clear,,FALSE,BLOCK LINE RD; STRASBURG RD; At,3/7/2019 2:27:55 PM,542109.3669,4807129.453
44459,15-225214,10/20/2015 8:26:00 AM,2015,10,20,8,26,0,Tuesday,544798.3418,4810449.635,-80.44637,43.445617,Non intersection,2,P.D. only,Thru lane,unknown,unknown,SMV unattended vehicle,Unknown,Daylight,01 - Daylight,Municipal (excl. Twp. Rd.),No control,unknown,0,0,0,FALSE,FALSE,FALSE,Clear,,FALSE,BRADLEY DR; BRADLEY DR ; At; 0 M,3/7/2019 2:27:54 PM,544798.3418,4810449.635
44460,15-225377,10/19/2015 2:00:00 PM,2015,10,19,14,0,0,Monday,538804.07,4807517.785,-80.520655,43.419553,Non intersection,2,P.D. only,Thru lane,unknown,unknown,SMV unattended vehicle,Unknown,Daylight,01 - Daylight,Municipal (excl. Twp. Rd.),No control,unknown,0,0,0,FALSE,FALSE,FALSE,Clear,,FALSE,PINEHURST CRES; 75 PINEHURST CRES,3/7/2019 2:27:54 PM,538804.07,4807517.786
44461,15-225457,10/20/2015 1:37:00 PM,2015,10,20,13,37,0,Tuesday,545168.3523,4807470.201,-80.442044,43.418768,At/near private drive,1,Non-fatal injury,Right turn lane,unknown,unknown,Turning movement,Unknown,Daylight,01 - Daylight,Municipal (excl. Twp. Rd.),No control,unknown,0,0,0,FALSE,TRUE,FALSE,Clear,,FALSE,WILSON AVE ; FAIRWAY RD S; At; 30 M,3/7/2019 2:27:53 PM,545168.3523,4807470.201
44462,15-225704,10/20/2015 8:12:00 PM,2015,10,20,20,12,0,Tuesday,544801.9952,4809485.641,-80.446404,43.436937,At/near private drive,2,P.D. only,Thru lane,unknown,unknown,Rear end,Unknown,"Dark, artificial","08 - Dark, artificial",Regional municipality,No control,unknown,0,0,0,FALSE,FALSE,FALSE,Clear,,FALSE,FRANKLIN ST N; 116 FRANKLIN ST N; At; 1 M,3/4/2020 10:19:22 AM,544801.9952,4809485.641
44463,15-225944,10/21/2015 8:10:00 AM,2015,10,21,8,10,0,Wednesday,543116.9114,4804720.683,-80.467601,43.394132,At/near private drive,2,P.D. only,Thru lane,unknown,unknown,Turning movement,Unknown,Daylight,01 - Daylight,Municipal (excl. Twp. Rd.),No control,unknown,0,0,0,FALSE,FALSE,FALSE,Clear,,FALSE,STRASBURG RD; 1825 STRASBURG RD; 6 M,3/7/2019 2:27:52 PM,543116.9114,4804720.683
44464,15-226162,10/21/2015 1:19:00 PM,2015,10,21,13,19,0,Wednesday,539112.7908,4811654.805,-80.516545,43.456787,At intersection,2,P.D. only,Within intersection,unknown,unknown,Turning movement,Unknown,Daylight,01 - Daylight,Municipal (excl. Twp. Rd.),Traffic signal,Functioning,0,0,0,FALSE,FALSE,FALSE,Clear,,FALSE,PARK ST; UNION BLVD,3/7/2019 2:27:52 PM,539112.7908,4811654.805
44465,15-226210,10/21/2015 2:03:00 PM,2015,10,21,14,3,0,Wednesday,540312.3455,4811550.479,-80.501726,43.455784,At intersection,2,P.D. only,Within intersection,unknown,unknown,Angle,Unknown,Daylight,01 - Daylight,Municipal (excl. Twp. Rd.),Stop sign,Functioning,0,0,0,FALSE,FALSE,FALSE,Clear,,FALSE,LOUISA ST; MOORE AVE,3/7/2019 2:27:51 PM,540312.3455,4811550.479
44466,15-226242,10/21/2015 2:46:00 PM,2015,10,21,14,46,0,Wednesday,540317.7804,4809843.389,-80.501785,43.440413,At/near private drive,2,P.D. only,Thru lane,unknown,unknown,SMV unattended vehicle,Unknown,Daylight,01 - Daylight,Municipal (excl. Twp. Rd.),No control,unknown,0,0,0,FALSE,FALSE,FALSE,Rain,,FALSE,VANCAMP AVE; 38 VANCAMP AVE ; 7 M,3/7/2019 2:27:50 PM,540317.7804,4809843.389
44467,15-226894,10/22/2015 2:14:00 PM,2015,10,22,14,14,0,Thursday,545156.2155,4807239.334,-80.442213,43.41669,At intersection,2,P.D. only,Within intersection,unknown,unknown,Turning movement,Stop sign,Daylight,01 - Daylight,Municipal (excl. Twp. Rd.),Stop sign,Functioning,0,0,0,FALSE,FALSE,FALSE,Clear,,FALSE,WEBSTER RD; WILSON AVE,3/4/2020 10:19:21 AM,545156.2155,4807239.334
44468,15-227360,10/22/2015 2:40:00 PM,2015,10,22,14,40,0,Thursday,543018.5948,4810941.598,-80.468325,43.450151,At/near private drive,2,P.D. only,Thru lane,unknown,unknown,SMV unattended vehicle,Unknown,Daylight,01 - Daylight,Municipal (excl. Twp. Rd.),No control,unknown,0,0,0,FALSE,FALSE,FALSE,Clear,,FALSE,GRIFFIN AVE; GRIFFIN AVE ; Near,3/7/2019 2:27:49 PM,543018.5948,4810941.598