OBJECTID,ACCIDENTNUM,ACCIDENTDATE,ACCIDENT_YEAR,ACCIDENT_MONTH,ACCIDENT_DAY,ACCIDENT_HOUR,ACCIDENT_MINUTE,ACCIDENT_SECOND,ACCIDENT_WEEKDAY,XCOORD,YCOORD,LONGITUDE,LATITUDE,ACCIDENTLOCATION,COLLISIONTYPE,CLASSIFICATIONOFACCIDENT,IMPACTLOCATION,INITIALDIRECTIONOFTRAVELONE,INITIALDIRECTIONOFTRAVELTWO,INITIALIMPACTTYPE,INTTRAFFICCONTROL,LIGHT,LIGHTFORREPORT,ROADJURISDICTION,TRAFFICCONTROL,TRAFFICCONTROLCONDITION,THRULANENO,NORTHBOUNDDISOBEYCOUNT,SOUTHBOUNDDISOBEYCOUNT,PEDESTRIANINVOLVED,CYCLISTINVOLVED,MOTORCYCLISTINVOLVED,ENVIRONMENTCONDITION1,ENVIRONMENTCONDITION2,SELFREPORTED,XMLIMPORTNOTES,LASTEDITEDDATE,x,y
44469,15-227369,10/23/2015 8:30:00 AM,2015,10,23,8,30,0,Friday,536635.0523,4807430.585,-80.547454,43.418877,Non intersection,2,P.D. only,Not on roadway - right side,unknown,unknown,SMV other,Unknown,Daylight,01 - Daylight,Municipal (excl. Twp. Rd.),No control,unknown,0,0,0,FALSE,FALSE,FALSE,Clear,,FALSE,ROLLING MEADOWS DR; TRAILWOOD CRES; 3 M,3/4/2020 10:19:21 AM,536635.0523,4807430.585
44470,15-227394,10/23/2015 8:00:00 AM,2015,10,23,8,0,0,Friday,547163.3465,4811327.168,-80.417068,43.453373,Non intersection,2,P.D. only,Thru lane,unknown,unknown,Rear end,Unknown,Daylight,01 - Daylight,Municipal (excl. Twp. Rd.),No control,unknown,0,0,0,FALSE,FALSE,FALSE,Clear,,FALSE,ZELLER DR; WILD MEADOW ST,3/7/2019 2:27:49 PM,547163.3465,4811327.168
44471,15-227445,10/22/2015 3:45:00 PM,2015,10,22,15,45,0,Thursday,538749.5475,4810060.87,-80.521148,43.442454,At/near private drive,2,P.D. only,Right shoulder,unknown,unknown,SMV unattended vehicle,Unknown,Daylight,01 - Daylight,Municipal (excl. Twp. Rd.),No control,unknown,0,0,0,FALSE,FALSE,FALSE,Clear,,FALSE,KARN ST; 528 KARN ST; At,3/7/2019 2:27:48 PM,538749.5475,4810060.87
44472,15-227592,10/23/2015 12:45:00 PM,2015,10,23,12,45,0,Friday,543390.3186,4804230.768,-80.464264,43.389705,At/near private drive,2,P.D. only,Thru lane,unknown,unknown,SMV unattended vehicle,Unknown,Daylight,01 - Daylight,Municipal (excl. Twp. Rd.),No control,unknown,0,0,0,FALSE,FALSE,FALSE,Clear,,FALSE,ANSON CRT; ANSON CRT ; At,3/7/2019 2:27:47 PM,543390.3186,4804230.768
44473,15-227665,10/23/2015 3:06:00 PM,2015,10,23,15,6,0,Friday,539035.8823,4808350.41,-80.517732,43.427038,Intersection related,1,Non-fatal injury,Right shoulder,unknown,unknown,SMV other,Unknown,Daylight,01 - Daylight,Municipal (excl. Twp. Rd.),No control,unknown,0,0,0,FALSE,FALSE,FALSE,Clear,,FALSE,BIRCHCLIFF AVE; FOREST HILL DR; 30 M,3/7/2019 2:27:47 PM,539035.8823,4808350.41
44474,15-227732,10/23/2015 4:43:00 PM,2015,10,23,16,43,0,Friday,541387.9732,4808627.645,-80.488653,43.429408,Non intersection,2,Non-reportable,Thru lane,unknown,unknown,Sideswipe,Unknown,Daylight,01 - Daylight,Regional municipality,No control,unknown,0,0,0,FALSE,FALSE,FALSE,Clear,,FALSE,HOMER WATSON BLVD; HOFFMAN ST; 50 M,3/4/2020 10:19:20 AM,541387.9732,4808627.645
44475,15-228169,10/24/2015 4:41:00 AM,2015,10,24,4,41,0,Saturday,545657.8344,4813286.609,-80.435511,43.471109,Intersection related,2,P.D. only,Not on roadway - right side,unknown,unknown,SMV other,Unknown,"Daylight, artificial","02 - Daylight, artificial",Regional municipality,Stop sign,Functioning,0,0,0,FALSE,FALSE,FALSE,Clear,,FALSE,CENTENNIAL RD; FORWELL RD; 5 M,3/4/2020 10:19:20 AM,545657.8344,4813286.609
44476,15-228330,10/23/2015 3:00:00 PM,2015,10,23,15,0,0,Friday,540437.4168,4811713.933,-80.500168,43.457249,At intersection,2,P.D. only,Within intersection,unknown,unknown,Angle,Unknown,Daylight,01 - Daylight,Municipal (excl. Twp. Rd.),Stop sign,Not functioning,0,0,0,FALSE,FALSE,FALSE,Clear,,FALSE,SHANLEY ST ; WATERLOO ST ; At,3/7/2019 2:27:46 PM,540437.4168,4811713.933
44477,15-228375,10/23/2015 5:15:00 PM,2015,10,23,17,15,0,Friday,538785.7677,4810966.891,-80.520636,43.45061,Non intersection,1,Non-fatal injury,Thru lane,unknown,unknown,Rear end,Unknown,Daylight,01 - Daylight,Municipal (excl. Twp. Rd.),No control,unknown,0,0,0,FALSE,FALSE,FALSE,Clear,,FALSE,GLASGOW ST; DUNBAR RD,3/7/2019 2:27:45 PM,538785.7677,4810966.891
44478,15-228600,10/24/2015 7:21:00 PM,2015,10,24,19,21,0,Saturday,545097.4346,4806379.657,-80.44301,43.408953,Non intersection,2,P.D. only,Thru lane,unknown,unknown,Rear end,Unknown,Dark,07 - Dark,Regional municipality,No control,unknown,0,0,0,FALSE,FALSE,FALSE,Rain,,FALSE,WABANAKI DR; WABANAKI DR ; At; 2 M,3/7/2019 2:27:44 PM,545097.4346,4806379.657
44479,15-228634,10/24/2015 8:21:00 PM,2015,10,24,20,21,0,Saturday,541995.5624,4807021.348,-80.48127,43.414911,At/near private drive,2,P.D. only,Thru lane,unknown,unknown,Rear end,Unknown,"Dark, artificial","08 - Dark, artificial",Municipal (excl. Twp. Rd.),No control,unknown,0,0,0,FALSE,FALSE,FALSE,Rain,,FALSE,BLOCK LINE RD; STRASBURG RD; 70 M,3/7/2019 2:27:44 PM,541995.5624,4807021.348
44480,15-228688,10/24/2015 5:17:00 PM,2015,10,24,17,17,0,Saturday,543721.5307,4808040.413,-80.45987,43.423988,Intersection related,2,P.D. only,Not on roadway - right side,unknown,unknown,SMV other,Unknown,Daylight,01 - Daylight,Municipal (excl. Twp. Rd.),Stop sign,Functioning,0,0,0,FALSE,FALSE,FALSE,Clear,,FALSE,SHELLEY DR; HILLMOUNT ST,3/7/2019 2:27:43 PM,543721.5307,4808040.413
44481,15-229043,10/25/2015 9:30:00 AM,2015,10,25,9,30,0,Sunday,545576.3863,4811240.728,-80.436689,43.452693,At/near private drive,2,P.D. only,Thru lane,unknown,unknown,SMV unattended vehicle,Unknown,Dark,07 - Dark,Municipal (excl. Twp. Rd.),No control,unknown,0,0,0,FALSE,FALSE,FALSE,Rain,,FALSE,CARNABY CRES; CARNABY CRES ; Near; 15 M,3/7/2019 2:27:42 PM,545576.3863,4811240.728
44482,15-229065,10/25/2015 12:40:00 PM,2015,10,25,12,40,0,Sunday,541402.8859,4811010.112,-80.488288,43.450859,At intersection,1,Non-fatal injury,Within intersection,unknown,unknown,Angle,Unknown,Daylight,01 - Daylight,Regional municipality,Traffic signal,Functioning,0,0,0,FALSE,FALSE,FALSE,Clear,,FALSE,DUKE ST E; QUEEN ST N; At,3/7/2019 2:27:42 PM,541402.8859,4811010.112
44483,15-229134,10/25/2015 2:57:00 PM,2015,10,25,14,57,0,Sunday,541140.3165,4806764.75,-80.491853,43.412648,Intersection related,2,P.D. only,Thru lane,unknown,unknown,Rear end,Unknown,Daylight,01 - Daylight,Municipal (excl. Twp. Rd.),Stop sign,Functioning,0,0,0,FALSE,FALSE,FALSE,Clear,,FALSE,BLOCK LINE RD ; LAURENTIAN DR,3/7/2019 2:27:41 PM,541140.3165,4806764.75
44484,15-229191,10/25/2015 11:00:00 AM,2015,10,25,11,0,0,Sunday,540489.0429,4809475.915,-80.499696,43.437095,At/near private drive,2,P.D. only,Thru lane,unknown,unknown,SMV unattended vehicle,Unknown,Daylight,01 - Daylight,Municipal (excl. Twp. Rd.),No control,unknown,0,0,0,FALSE,FALSE,FALSE,Clear,,FALSE,BINSCARTH RD; BINSCARTH RD ; Near,3/7/2019 2:27:40 PM,540489.0429,4809475.915
44485,15-229612,10/22/2015 6:00:00 PM,2015,10,22,18,0,0,Thursday,539687.0446,4811409.052,-80.509465,43.454544,Intersection related,2,P.D. only,Thru lane,unknown,unknown,Sideswipe,Unknown,Dusk,05 - Dusk,Municipal (excl. Twp. Rd.),No control,unknown,0,0,0,FALSE,FALSE,FALSE,Clear,,FALSE,GLASGOW ST; GRUHN ST; Near,3/7/2019 2:27:39 PM,539687.0446,4811409.052
44486,15-229753,10/26/2015 12:58:00 PM,2015,10,26,12,58,0,Monday,540576.9765,4811781.187,-80.498438,43.457847,Non intersection,2,P.D. only,Not on roadway - left side,unknown,unknown,SMV other,Unknown,Daylight,01 - Daylight,Regional municipality,No control,unknown,0,0,0,FALSE,FALSE,FALSE,Clear,,FALSE,DUKE ST W; SHANLEY ST ; 20 M,3/4/2020 10:19:19 AM,540576.9765,4811781.187
44487,15-230268,10/26/2015 5:20:00 PM,2015,10,26,17,20,0,Monday,544437.1175,4808717.122,-80.450975,43.430039,Intersection related,2,P.D. only,Thru lane,unknown,unknown,Rear end,Unknown,Daylight,01 - Daylight,Municipal (excl. Twp. Rd.),Stop sign,Functioning,0,0,0,FALSE,FALSE,FALSE,Clear,,FALSE,FRANKLIN ST S; CONNAUGHT ST ; At,3/4/2020 10:19:18 AM,544437.1175,4808717.122
44488,15-230299,10/27/2015 9:00:00 AM,2015,10,27,9,0,0,Tuesday,544561.2233,4811737.94,-80.449195,43.457231,Intersection related,1,Non-fatal injury,Thru lane,unknown,unknown,SMV other,Unknown,Daylight,01 - Daylight,Municipal (excl. Twp. Rd.),No control,unknown,0,0,0,FALSE,FALSE,FALSE,Clear,,FALSE,LORRAINE AVE; RIVER RD E,3/4/2020 10:19:17 AM,544561.2233,4811737.94
44489,15-230346,10/27/2015 10:00:00 AM,2015,10,27,10,0,0,Tuesday,540916.5417,4809752.816,-80.494393,43.439565,At/near private drive,2,P.D. only,Left turn lane,unknown,unknown,Rear end,Unknown,Daylight,01 - Daylight,Municipal (excl. Twp. Rd.),No control,unknown,0,0,0,FALSE,FALSE,FALSE,Clear,,FALSE,HIGHLAND RD E; SPADINA RD W; 78 M,3/7/2019 2:27:39 PM,540916.5417,4809752.816
44490,15-230370,10/27/2015 8:15:00 AM,2015,10,27,8,15,0,Tuesday,544100.6283,4804865.861,-80.455443,43.395382,Non intersection,2,P.D. only,Thru lane,unknown,unknown,Rear end,Unknown,Daylight,01 - Daylight,Municipal (excl. Twp. Rd.),School bus,Functioning,0,0,0,FALSE,FALSE,FALSE,Clear,,FALSE,BIEHN DR; BIEHN DR ; Near,3/7/2019 2:27:38 PM,544100.6283,4804865.861
44491,15-230378,10/27/2015 10:58:00 AM,2015,10,27,10,58,0,Tuesday,542843.1698,4809872.4,-80.470577,43.440534,At intersection,2,P.D. only,Within intersection,unknown,unknown,Angle,Unknown,Daylight,01 - Daylight,Regional municipality,Stop sign,Functioning,0,0,1,FALSE,FALSE,FALSE,Clear,,FALSE,CHARLES ST E; SYDNEY ST S,3/7/2019 2:27:37 PM,542843.1698,4809872.401
44492,15-230535,10/27/2015 2:24:00 PM,2015,10,27,14,24,0,Tuesday,543308.9615,4808893.258,-80.464899,43.431691,Non intersection,2,P.D. only,Thru lane,unknown,unknown,Rear end,Unknown,Daylight,01 - Daylight,Municipal (excl. Twp. Rd.),No control,unknown,0,0,0,FALSE,FALSE,FALSE,Clear,,FALSE,DIXON ST; 269 DIXON ST; 8 M,3/7/2019 2:27:37 PM,543308.9615,4808893.258
44493,15-230655,10/27/2015 4:35:00 PM,2015,10,27,16,35,0,Tuesday,540695.2819,4811187.61,-80.49702,43.452496,At/near private drive,2,P.D. only,Thru lane,unknown,unknown,Angle,Unknown,Daylight,01 - Daylight,Municipal (excl. Twp. Rd.),Stop sign,Functioning,0,0,0,FALSE,TRUE,FALSE,Clear,,FALSE,HALLS LANE W; KING ST W; Near; 7 M,3/4/2020 10:19:17 AM,540695.2819,4811187.61
44494,15-230674,10/27/2015 5:16:00 PM,2015,10,27,17,16,0,Tuesday,545082.0016,4807817.136,-80.443082,43.421897,At/near private drive,2,P.D. only,Right turn lane,unknown,unknown,Turning movement,Unknown,Daylight,01 - Daylight,Municipal (excl. Twp. Rd.),Stop sign,Functioning,0,0,0,FALSE,FALSE,FALSE,Clear,,FALSE,WILSON AVE ; FAIRWAY RD S; At; 88 M,3/4/2020 10:19:16 AM,545082.0016,4807817.136
44495,15-230960,10/28/2015 6:39:00 AM,2015,10,28,6,39,0,Wednesday,541068,4811108,0,0,Intersection related,2,P.D. only,Not on roadway - left side,unknown,unknown,SMV other,Unknown,Dark,07 - Dark,Municipal (excl. Twp. Rd.),Stop sign,Functioning,0,0,0,FALSE,FALSE,FALSE,Rain,,FALSE,SMETANA DR; SUNRISE DR ; At,3/4/2020 10:19:15 AM,541068,4811108
44496,15-230994,10/28/2015 8:11:00 AM,2015,10,28,8,11,0,Wednesday,545856.9626,4810411.661,-80.433291,43.445211,Intersection related,2,P.D. only,Not on roadway - right side,unknown,unknown,SMV other,Unknown,Dawn,03 - Dawn,Municipal (excl. Twp. Rd.),No control,unknown,0,0,0,FALSE,FALSE,FALSE,Rain,,FALSE,OLD CHICOPEE DR; ROEHAMPTON CRT,3/4/2020 10:19:15 AM,545856.9626,4810411.661
44497,15-230996,10/28/2015 8:00:00 AM,2015,10,28,8,0,0,Wednesday,542027.4403,4803602.656,-80.481139,43.384127,At/near private drive,2,P.D. only,Thru lane,unknown,unknown,Turning movement,Unknown,Daylight,01 - Daylight,Municipal (excl. Twp. Rd.),No control,unknown,0,0,0,FALSE,FALSE,FALSE,Rain,,FALSE,ROCHEFORT ST; 56 ROCHEFORT ST ; At; 0 M,3/7/2019 2:27:36 PM,542027.4403,4803602.656
44498,15-231041,10/27/2015 9:00:00 AM,2015,10,27,9,0,0,Tuesday,548316.3446,4804575.846,-80.403415,43.392511,Non intersection,2,Non-reportable,Right turn lane,unknown,unknown,Rear end,Unknown,Daylight,01 - Daylight,Municipal (excl. Twp. Rd.),No control,unknown,0,0,0,FALSE,FALSE,FALSE,Clear,,FALSE,DOON VALLEY DR N; DOON VALLEY DR  N; Near,3/7/2019 2:27:35 PM,548316.3446,4804575.846
44499,15-231249,10/28/2015 1:00:00 PM,2015,10,28,13,0,0,Wednesday,539044.2623,4811194.281,-80.517425,43.452644,Intersection related,2,P.D. only,Thru lane,unknown,unknown,Turning movement,Unknown,Daylight,01 - Daylight,Municipal (excl. Twp. Rd.),Stop sign,Functioning,0,0,0,FALSE,FALSE,FALSE,Rain,,FALSE,BELMONT AVE W; ROCK AVE; Near,3/7/2019 2:27:34 PM,539044.2623,4811194.281
44500,15-231337,10/27/2015 7:15:00 AM,2015,10,27,7,15,0,Tuesday,547669.2265,4803932.087,-80.411461,43.386756,Non intersection,2,P.D. only,Thru lane,unknown,unknown,Sideswipe,Unknown,Dawn,03 - Dawn,Regional municipality,No control,unknown,0,0,0,FALSE,FALSE,FALSE,Clear,,FALSE,HOMER WATSON BLVD; W HWY 7 8 TO HOMER WATSON BLVD; Near,3/7/2019 2:27:34 PM,547669.2265,4803932.087
44501,15-231447,10/28/2015 7:15:00 PM,2015,10,28,19,15,0,Wednesday,540186.3732,4812039.063,-80.503247,43.46019,Non intersection,2,P.D. only,Thru lane,unknown,unknown,SMV unattended vehicle,Unknown,Dusk,05 - Dusk,Municipal (excl. Twp. Rd.),No control,unknown,0,0,0,FALSE,FALSE,FALSE,Rain,,FALSE,WATERLOO ST; 196 WATERLOO ST; At; 1 M,3/7/2019 2:27:33 PM,540186.3732,4812039.063
44502,15-231709,10/28/2015 8:40:00 PM,2015,10,28,20,40,0,Wednesday,544490.5813,4811764.24,-80.450066,43.457472,Intersection related,2,P.D. only,Thru lane,unknown,unknown,Turning movement,Unknown,"Dark, artificial","08 - Dark, artificial",Municipal (excl. Twp. Rd.),Stop sign,Functioning,0,0,0,FALSE,FALSE,FALSE,Rain,,FALSE,RIVER RD E; HALLIWELL DR,3/7/2019 2:27:32 PM,544490.5813,4811764.24
44503,15-231714,10/29/2015 7:45:00 AM,2015,10,29,7,45,0,Thursday,544407.3617,4806485.921,-80.451524,43.409951,At/near private drive,2,P.D. only,Thru lane,unknown,unknown,Turning movement,Unknown,Daylight,01 - Daylight,Municipal (excl. Twp. Rd.),No control,unknown,0,0,0,FALSE,FALSE,FALSE,Clear,,FALSE,OTONABEE DR; OTONABEE DR ; At; 0 M,3/7/2019 2:27:32 PM,544407.3617,4806485.921
44504,15-231740,10/29/2015 8:33:00 AM,2015,10,29,8,33,0,Thursday,538483.6655,4810820.447,-80.52438,43.449307,Non intersection,1,Non-fatal injury,Thru lane,unknown,unknown,Turning movement,Unknown,Daylight,01 - Daylight,Municipal (excl. Twp. Rd.),No control,unknown,0,0,0,FALSE,TRUE,FALSE,Clear,,FALSE,GLASGOW ST ; 405 GLASGOW ST; At; 1 M,3/7/2019 2:27:31 PM,538483.6655,4810820.447
44505,15-232171,10/29/2015 12:00:00 PM,2015,10,29,12,0,0,Thursday,545109.5663,4807726.249,-80.442749,43.421077,Non intersection,2,P.D. only,Left turn lane,unknown,unknown,Rear end,Unknown,Daylight,01 - Daylight,Regional municipality,Traffic signal,Functioning,0,0,0,FALSE,FALSE,FALSE,Clear,,FALSE,WILSON AVE ; FAIRWAY RD S; Near,3/4/2020 10:19:14 AM,545109.5663,4807726.249
44506,15-232196,10/29/2015 7:17:00 PM,2015,10,29,19,17,0,Thursday,540313.6446,4809614.69,-80.501853,43.438354,Non intersection,1,Non-fatal injury,Thru lane,unknown,unknown,SMV other,Unknown,"Dark, artificial","08 - Dark, artificial",Regional municipality,Traffic signal,Functioning,0,0,0,TRUE,FALSE,FALSE,Strong wind,,FALSE,QUEENS BLVD; PATRICIA AVE ; 19 M,3/7/2019 2:27:30 PM,540313.6446,4809614.69
44507,15-232348,10/29/2015 11:45:00 AM,2015,10,29,11,45,0,Thursday,546662.0614,4812291.592,-80.423181,43.462088,Non intersection,2,P.D. only,Not on roadway - left side,unknown,unknown,SMV other,Unknown,Dark,07 - Dark,Municipal (excl. Twp. Rd.),No control,unknown,0,0,0,FALSE,FALSE,FALSE,Clear,,FALSE,OTTERBEIN RD; 650 OTTERBEIN RD; Near; 5 M,3/7/2019 2:27:29 PM,546662.0614,4812291.592
44508,15-232502,10/30/2015 7:38:00 AM,2015,10,30,7,38,0,Friday,545157.1869,4807239.34,-80.442201,43.41669,Intersection related,2,P.D. only,Thru lane,unknown,unknown,Rear end,Stop sign,"Dawn, artificial","04 - Dawn, artificial",Regional municipality,Stop sign,Functioning,0,0,0,FALSE,FALSE,FALSE,Clear,,FALSE,WILSON AVE; WEBSTER RD,3/4/2020 10:19:13 AM,545157.1869,4807239.34
44509,15-232631,10/30/2015 6:00:00 AM,2015,10,30,6,0,0,Friday,543929.0024,4808935.584,-80.457235,43.432036,Non intersection,2,P.D. only,Thru lane,unknown,unknown,SMV unattended vehicle,Unknown,"Dawn, artificial","04 - Dawn, artificial",Municipal (excl. Twp. Rd.),No control,unknown,0,0,0,FALSE,FALSE,FALSE,Clear,,FALSE,CONNAUGHT ST; CONNAUGHT ST ; At,3/7/2019 2:27:29 PM,543929.0024,4808935.584
44510,15-232748,10/30/2015 9:50:00 AM,2015,10,30,9,50,0,Friday,539233.4986,4811446.711,-80.515068,43.454907,At intersection,2,P.D. only,Within intersection,unknown,unknown,Angle,Unknown,Daylight,01 - Daylight,Municipal (excl. Twp. Rd.),Stop sign,Functioning,0,0,0,FALSE,FALSE,FALSE,Clear,,FALSE,YORK ST; MT HOPE ST,3/7/2019 2:27:28 PM,539233.4986,4811446.712
44511,15-232934,10/30/2015 3:46:00 PM,2015,10,30,15,46,0,Friday,538207.4909,4810551.442,-80.527812,43.446899,Non intersection,2,Non-reportable,Thru lane,unknown,unknown,Other,Unknown,Daylight,01 - Daylight,Municipal (excl. Twp. Rd.),No control,unknown,0,0,0,FALSE,FALSE,FALSE,Clear,,FALSE,INWOOD CRES; INWOOD DR ; 17 M,3/7/2019 2:27:27 PM,538207.4909,4810551.442
44512,15-233005,10/30/2015 4:00:00 PM,2015,10,30,16,0,0,Friday,543798.6095,4808013.147,-80.45892,43.423738,Non intersection,2,P.D. only,Thru lane,unknown,unknown,Rear end,Unknown,Daylight,01 - Daylight,Municipal (excl. Twp. Rd.),No control,unknown,0,0,0,FALSE,FALSE,FALSE,Clear,,FALSE,VANIER DR; VANIER DR ; At,3/7/2019 2:27:27 PM,543798.6095,4808013.147
44513,15-233073,10/30/2015 6:53:00 PM,2015,10,30,18,53,0,Friday,541068,4811108,0,0,At/near private drive,2,P.D. only,Thru lane,unknown,unknown,Turning movement,Unknown,Dark,07 - Dark,Municipal (excl. Twp. Rd.),No control,unknown,0,0,0,FALSE,FALSE,FALSE,Clear,,FALSE,SECOND AVE; SECOND AVE ; Near; 1 M,3/4/2020 10:19:13 AM,541068,4811108
44514,15-233128,10/30/2015 8:21:00 PM,2015,10,30,20,21,0,Friday,541309.9288,4809727.116,-80.489534,43.439312,At intersection,1,Non-fatal injury,Within intersection,unknown,unknown,Turning movement,Unknown,"Dark, artificial","08 - Dark, artificial",Municipal (excl. Twp. Rd.),Stop sign,Functioning,0,0,0,FALSE,TRUE,FALSE,Clear,,FALSE,SPADINA RD E; MILL ST,3/7/2019 2:27:26 PM,541309.9288,4809727.116
44515,15-233493,10/31/2015 7:55:00 AM,2015,10,31,7,55,0,Saturday,542843.1698,4809872.4,-80.470577,43.440534,At intersection,2,P.D. only,Within intersection,unknown,unknown,Angle,Unknown,Daylight,01 - Daylight,Regional municipality,Stop sign,Functioning,0,0,0,FALSE,FALSE,FALSE,Clear,,FALSE,CHARLES ST E; SYDNEY ST S,3/4/2020 10:19:12 AM,542843.1698,4809872.401
44516,15-233594,10/31/2015 10:13:00 AM,2015,10,31,10,13,0,Saturday,544490.0856,4811765.791,-80.450072,43.457486,Intersection related,2,P.D. only,Thru lane,unknown,unknown,Rear end,Unknown,Daylight,01 - Daylight,Municipal (excl. Twp. Rd.),Stop sign,Functioning,0,0,0,FALSE,FALSE,FALSE,Clear,,FALSE,HALLIWELL DR ; RIVER RD E; 8 M,3/4/2020 10:19:11 AM,544490.0856,4811765.791
44517,15-233634,10/30/2015 6:55:00 PM,2015,10,30,18,55,0,Friday,545166.3834,4807474.075,-80.442068,43.418803,Non intersection,2,P.D. only,Left turn lane,unknown,unknown,Turning movement,Unknown,Dark,07 - Dark,Regional municipality,No control,unknown,0,0,0,FALSE,FALSE,FALSE,Clear,,FALSE,WILSON AVE; FAIRWAY RD S,3/7/2019 2:27:25 PM,545166.3834,4807474.075
44518,15-233770,10/30/2015 7:40:00 AM,2015,10,30,7,40,0,Friday,541116.5041,4810603.874,-80.491858,43.447217,At/near private drive,2,Non-reportable,Not on roadway - right side,unknown,unknown,SMV other,Unknown,Daylight,01 - Daylight,Municipal (excl. Twp. Rd.),No control,unknown,0,0,0,TRUE,FALSE,FALSE,Clear,,FALSE,QUEEN ST S; QUEEN ST S; Near; 0 M,3/4/2020 10:19:11 AM,541116.5041,4810603.874
44519,15-233908,10/31/2015 6:10:00 PM,2015,10,31,18,10,0,Saturday,543240.6056,4812117.166,-80.465488,43.460723,Non intersection,2,P.D. only,Thru lane,unknown,unknown,SMV unattended vehicle,Unknown,Daylight,01 - Daylight,Municipal (excl. Twp. Rd.),No control,unknown,0,0,0,FALSE,FALSE,FALSE,Clear,,FALSE,LOIS ST; FREDERICK ST; 50 M,3/7/2019 2:27:24 PM,543240.6056,4812117.166
44520,15-234331,11/1/2015 2:28:00 AM,2015,11,1,2,28,0,Sunday,546660.9166,4802751.574,-80.42401,43.37619,Non intersection,2,P.D. only,Other,unknown,unknown,SMV other,Unknown,Dark,07 - Dark,Municipal (excl. Twp. Rd.),No control,unknown,0,0,0,FALSE,FALSE,FALSE,Rain,,FALSE,ROBERT FERRIE DR; THOMAS SLEE DR; 2 M,3/4/2020 10:19:10 AM,546660.9166,4802751.574
44521,15-234447,10/31/2015 10:20:00 PM,2015,10,31,22,20,0,Saturday,536908.7533,4809310.991,-80.543946,43.435795,At intersection,2,P.D. only,Within intersection,unknown,unknown,Angle,Unknown,"Dark, artificial","08 - Dark, artificial",Municipal (excl. Twp. Rd.),Stop sign,Functioning,0,0,0,FALSE,FALSE,FALSE,Rain,,FALSE,GREENGABLE WAY; WESTFOREST TRAIL,3/7/2019 2:27:22 PM,536908.7533,4809310.992
44522,15-234628,10/31/2015 9:30:00 PM,2015,10,31,21,30,0,Saturday,536902.8188,4807925.039,-80.544113,43.423316,At/near private drive,2,P.D. only,Thru lane,unknown,unknown,SMV unattended vehicle,Unknown,"Dark, artificial","08 - Dark, artificial",Municipal (excl. Twp. Rd.),No control,unknown,0,0,0,FALSE,FALSE,FALSE,Rain,,FALSE,CONNELLY DR; CONNELLY DR; Near,3/7/2019 2:27:22 PM,536902.8188,4807925.039
44523,15-234693,10/31/2015 9:45:00 PM,2015,10,31,21,45,0,Saturday,545863.5651,4808691.019,-80.433354,43.429718,At intersection,2,P.D. only,Within intersection,unknown,unknown,Turning movement,Unknown,"Dark, artificial","08 - Dark, artificial",Municipal (excl. Twp. Rd.),Stop sign,Functioning,0,0,0,FALSE,FALSE,FALSE,Rain,,FALSE,MORGAN AVE; CENTREVILLE ST,3/7/2019 2:27:21 PM,545863.5651,4808691.019
44524,15-234723,11/1/2015 3:39:00 PM,2015,11,1,15,39,0,Sunday,545515.7703,4806084.487,-80.437868,43.40627,Non intersection,1,Non-fatal injury,Off highway,unknown,unknown,SMV other,Unknown,Daylight,01 - Daylight,Municipal (excl. Twp. Rd.),No control,unknown,0,0,0,FALSE,FALSE,TRUE,Clear,,FALSE,WILSON AVE; 1094 WILSON AVE; 1 M,3/4/2020 10:19:09 AM,545515.7703,4806084.487
44525,15-234866,11/1/2015 8:21:00 PM,2015,11,1,20,21,0,Sunday,542095.6727,4804325.973,-80.480241,43.390636,Non intersection,2,P.D. only,Thru lane,unknown,unknown,SMV unattended vehicle,Unknown,Dark,07 - Dark,Municipal (excl. Twp. Rd.),Stop sign,Functioning,0,0,0,FALSE,FALSE,FALSE,Clear,,FALSE,BIANCA CRT; SORRENTO ST; Near; 14 M,3/7/2019 2:27:20 PM,542095.6727,4804325.973
44526,15-234969,11/2/2015 1:19:00 AM,2015,11,2,1,19,0,Monday,539244.722,4805662.74,-80.515345,43.402827,Non intersection,2,P.D. only,Off highway,unknown,unknown,SMV other,Unknown,"Dark, artificial","08 - Dark, artificial",Municipal (excl. Twp. Rd.),No control,unknown,0,0,0,FALSE,FALSE,FALSE,Clear,,FALSE,ACTIVA AVE ; BRIDLEWREATH ST ; Near; 30 M,3/4/2020 10:19:09 AM,539244.722,4805662.74
44527,15-235028,11/2/2015 6:40:00 AM,2015,11,2,6,40,0,Monday,543155.2328,4810414.817,-80.466678,43.4454,Non intersection,2,P.D. only,Thru lane,unknown,unknown,SMV unattended vehicle,Unknown,Dawn,03 - Dawn,Municipal (excl. Twp. Rd.),No control,unknown,0,0,0,FALSE,FALSE,FALSE,Clear,,FALSE,MCKENZIE AVE; 37 MCKENZIE; Near; 7 M,3/7/2019 2:27:19 PM,543155.2328,4810414.817
44528,15-235193,11/1/2015 11:30:00 AM,2015,11,1,11,30,0,Sunday,546094.0736,4809119.513,-80.43047,43.433562,At/near private drive,2,P.D. only,Thru lane,unknown,unknown,SMV unattended vehicle,Unknown,"Dark, artificial","08 - Dark, artificial",Municipal (excl. Twp. Rd.),No control,unknown,0,0,0,FALSE,FALSE,FALSE,Clear,,FALSE,THALER AVE; THALER AVE ; At,3/7/2019 2:27:19 PM,546094.0736,4809119.513
44529,15-235374,11/2/2015 1:39:00 PM,2015,11,2,13,39,0,Monday,541068,4811108,0,0,At/near private drive,2,P.D. only,Right shoulder,unknown,unknown,SMV unattended vehicle,Unknown,Daylight,01 - Daylight,Municipal (excl. Twp. Rd.),No control,unknown,0,0,0,FALSE,FALSE,FALSE,Clear,,FALSE,PRIVATE DRIVE ; ST GEORGE ST ; At; 1 M,3/4/2020 10:19:08 AM,541068,4811108