OBJECTID,ACCIDENTNUM,ACCIDENTDATE,ACCIDENT_YEAR,ACCIDENT_MONTH,ACCIDENT_DAY,ACCIDENT_HOUR,ACCIDENT_MINUTE,ACCIDENT_SECOND,ACCIDENT_WEEKDAY,XCOORD,YCOORD,LONGITUDE,LATITUDE,ACCIDENTLOCATION,COLLISIONTYPE,CLASSIFICATIONOFACCIDENT,IMPACTLOCATION,INITIALDIRECTIONOFTRAVELONE,INITIALDIRECTIONOFTRAVELTWO,INITIALIMPACTTYPE,INTTRAFFICCONTROL,LIGHT,LIGHTFORREPORT,ROADJURISDICTION,TRAFFICCONTROL,TRAFFICCONTROLCONDITION,THRULANENO,NORTHBOUNDDISOBEYCOUNT,SOUTHBOUNDDISOBEYCOUNT,PEDESTRIANINVOLVED,CYCLISTINVOLVED,MOTORCYCLISTINVOLVED,ENVIRONMENTCONDITION1,ENVIRONMENTCONDITION2,SELFREPORTED,XMLIMPORTNOTES,LASTEDITEDDATE,x,y
44530,15-235383,11/2/2015 1:59:00 PM,2015,11,2,13,59,0,Monday,541316.3917,4811102.207,-80.48935,43.451693,Non intersection,2,Non-reportable,Thru lane,unknown,unknown,SMV unattended vehicle,Unknown,Daylight,01 - Daylight,Regional municipality,No control,unknown,0,0,0,FALSE,FALSE,FALSE,Clear,,FALSE,ONTARIO ST N; DUKE ST W; 80 M,3/4/2020 10:19:07 AM,541316.3917,4811102.207
44531,15-235889,11/3/2015 6:25:00 AM,2015,11,3,6,25,0,Tuesday,539469.6831,4811830.807,-80.512121,43.458353,At/near private drive,2,P.D. only,Thru lane,unknown,unknown,SMV unattended vehicle,Unknown,Dark,07 - Dark,Municipal (excl. Twp. Rd.),No control,unknown,0,0,0,FALSE,FALSE,FALSE,Clear,,FALSE,MARY ST; MARY ST ; At,3/7/2019 2:27:18 PM,539469.6831,4811830.807
44532,15-235914,11/2/2015 9:00:00 PM,2015,11,2,21,0,0,Monday,542055.2172,4809750.27,-80.480323,43.439479,At/near private drive,2,P.D. only,Thru lane,unknown,unknown,SMV unattended vehicle,Unknown,Other,99 - Other,Municipal (excl. Twp. Rd.),No control,unknown,0,0,0,FALSE,FALSE,FALSE,Clear,,FALSE,KENT AVE; KENT AVE,3/7/2019 2:27:17 PM,542055.2172,4809750.27
44533,15-236089,11/3/2015 10:56:00 AM,2015,11,3,10,56,0,Tuesday,541333.6281,4810890.74,-80.489153,43.449788,Intersection related,2,P.D. only,Thru lane,unknown,unknown,SMV unattended vehicle,Traffic signal,Daylight,01 - Daylight,Regional municipality,Traffic signal,Functioning,0,0,0,FALSE,FALSE,FALSE,Clear,,FALSE,QUEEN ST S; KING ST E,3/4/2020 10:19:07 AM,541333.6281,4810890.74
44534,15-236336,11/3/2015 2:30:00 PM,2015,11,3,14,30,0,Tuesday,540515.3335,4811538.036,-80.499218,43.455661,At intersection,2,P.D. only,Within intersection,unknown,unknown,Angle,Unknown,Daylight,01 - Daylight,Regional municipality,Stop sign,Functioning,0,0,0,FALSE,FALSE,FALSE,Clear,,FALSE,WELLINGTON ST N; WATERLOO ST,3/7/2019 2:27:16 PM,540515.3335,4811538.036
44535,15-236490,11/3/2015 6:51:00 PM,2015,11,3,18,51,0,Tuesday,543215.4023,4804529.51,-80.4664,43.392405,At intersection,1,Non-fatal injury,Within intersection,unknown,unknown,Angle,Unknown,"Daylight, artificial","02 - Daylight, artificial",Regional municipality,Yield sign,Functioning,0,0,0,FALSE,FALSE,FALSE,Clear,,FALSE,HURON RD; STRASBURG RD; At,3/4/2020 10:19:06 AM,543215.4023,4804529.51
44536,15-236492,11/3/2015 6:30:00 PM,2015,11,3,18,30,0,Tuesday,545166.3834,4807474.075,-80.442068,43.418803,At/near private drive,2,P.D. only,Thru lane,unknown,unknown,Turning movement,Unknown,Dark,07 - Dark,Regional municipality,No control,unknown,0,0,0,FALSE,FALSE,FALSE,Clear,,FALSE,WILSON AVE; 385 FAIRWAY RD S; At,3/7/2019 2:27:16 PM,545166.3834,4807474.075
44537,15-237066,11/3/2015 3:50:00 PM,2015,11,3,15,50,0,Tuesday,545275.8535,4812497.263,-80.440299,43.464025,At/near private drive,2,P.D. only,Thru lane,unknown,unknown,Turning movement,Unknown,Daylight,01 - Daylight,Municipal (excl. Twp. Rd.),No control,unknown,0,0,0,FALSE,FALSE,FALSE,Clear,,FALSE,KEEWATIN AVE; 35 KEEWATIN AVE; At,3/7/2019 2:27:15 PM,545275.8535,4812497.263
44538,15-237128,11/3/2015 6:50:00 AM,2015,11,3,6,50,0,Tuesday,545592.5113,4809370.436,-80.436646,43.435852,At/near private drive,2,P.D. only,Thru lane,unknown,unknown,SMV unattended vehicle,Unknown,Daylight,01 - Daylight,Municipal (excl. Twp. Rd.),No control,unknown,0,0,0,FALSE,FALSE,FALSE,Clear,,FALSE,OBERMEYER DR; OBERMEYER DR ; At,3/7/2019 2:27:14 PM,545592.5113,4809370.436
44539,15-237216,11/4/2015 1:15:00 PM,2015,11,4,13,15,0,Wednesday,537912.2792,4806955.416,-80.53171,43.414535,At/near private drive,2,P.D. only,Thru lane,unknown,unknown,Other,Unknown,Daylight,01 - Daylight,Municipal (excl. Twp. Rd.),No control,unknown,0,0,0,FALSE,FALSE,FALSE,Clear,,FALSE,DEERWOOD CRES; DEERWOOD CRES ; At,3/7/2019 2:27:13 PM,537912.2792,4806955.417
44540,15-238530,11/6/2015 8:48:00 AM,2015,11,6,8,48,0,Friday,539841.8687,4803008.571,-80.508164,43.378897,At/near private drive,1,Non-fatal injury,Thru lane,unknown,unknown,Turning movement,Unknown,Daylight,01 - Daylight,Regional municipality,No control,unknown,0,0,0,FALSE,FALSE,FALSE,Rain,,FALSE,HURON RD; 1805 HURON RD; 25 M,3/7/2019 2:27:13 PM,539841.8687,4803008.571
44541,15-238541,11/6/2015 8:59:00 AM,2015,11,6,8,59,0,Friday,541068,4811108,0,0,Intersection related,2,P.D. only,Thru lane,unknown,unknown,Rear end,Unknown,Daylight,01 - Daylight,Municipal (excl. Twp. Rd.),No control,unknown,0,0,0,FALSE,FALSE,FALSE,Rain,,FALSE,CONESTOGA COLLEGE BLVD ; DOON VALLEY DR ; 10 M,3/4/2020 10:19:05 AM,541068,4811108
44542,15-238755,11/6/2015 1:03:00 PM,2015,11,6,13,3,0,Friday,544514.5149,4808898.441,-80.450004,43.431667,Non intersection,2,P.D. only,Thru lane,unknown,unknown,Turning movement,Unknown,Daylight,01 - Daylight,Municipal (excl. Twp. Rd.),No control,unknown,0,0,0,FALSE,FALSE,FALSE,Clear,,FALSE,FRANKLIN ST S; CONNAUGHT ST ; 120 M,3/4/2020 10:19:05 AM,544514.5149,4808898.441
44543,15-238851,11/6/2015 3:06:00 PM,2015,11,6,15,6,0,Friday,547762.1531,4810621.137,-80.409729,43.446978,Non intersection,2,P.D. only,Right shoulder,unknown,unknown,SMV unattended vehicle,Unknown,Daylight,01 - Daylight,Municipal (excl. Twp. Rd.),No control,unknown,0,0,0,FALSE,FALSE,FALSE,Clear,,FALSE,PEBBLECREEK DR; LANDGREN CRT ; Near; 50 M,3/7/2019 2:27:12 PM,547762.1531,4810621.138
44544,15-238895,11/6/2015 1:00:00 AM,2015,11,6,1,0,0,Friday,540099.8164,4807192.846,-80.504673,43.416559,At/near private drive,2,P.D. only,Thru lane,unknown,unknown,SMV unattended vehicle,Unknown,Dark,07 - Dark,Municipal (excl. Twp. Rd.),No control,unknown,0,0,0,FALSE,FALSE,FALSE,Rain,,FALSE,PINEDALE DR; PINEDALE DR ; Near,3/7/2019 2:27:11 PM,540099.8164,4807192.846
44545,15-238996,11/6/2015 6:05:00 PM,2015,11,6,18,5,0,Friday,539112.7908,4811654.805,-80.516545,43.456787,At intersection,1,Non-fatal injury,Within intersection,unknown,unknown,Turning movement,Unknown,"Dark, artificial","08 - Dark, artificial",Municipal (excl. Twp. Rd.),Traffic signal,Functioning,0,0,1,FALSE,FALSE,FALSE,Clear,,FALSE,PARK ST; UNION BLVD; At,3/7/2019 2:27:10 PM,539112.7908,4811654.805
44546,15-239106,11/6/2015 9:17:00 PM,2015,11,6,21,17,0,Friday,539387.1205,4810425.624,-80.513243,43.445705,At/near private drive,2,P.D. only,Thru lane,unknown,unknown,Rear end,Unknown,"Dark, artificial","08 - Dark, artificial",Municipal (excl. Twp. Rd.),No control,unknown,0,0,0,FALSE,FALSE,FALSE,Rain,,FALSE,BELMONT AVE W; BELMONT AVE W; At; 25 M,3/7/2019 2:27:09 PM,539387.1205,4810425.624
44547,15-239370,11/6/2015 4:30:00 PM,2015,11,6,16,30,0,Friday,546439.3155,4809829.793,-80.426144,43.439936,At/near private drive,2,P.D. only,Other,unknown,unknown,Other,Unknown,Daylight,01 - Daylight,Municipal (excl. Twp. Rd.),No control,unknown,0,0,0,FALSE,FALSE,FALSE,Clear,,FALSE,TISDALE CRT; TISDALE CRT ; Near,3/7/2019 2:27:08 PM,546439.3155,4809829.793
44548,15-240050,11/8/2015 8:19:00 AM,2015,11,8,8,19,0,Sunday,544050.4612,4812197.157,-80.455471,43.461396,Non intersection,2,P.D. only,Right shoulder,unknown,unknown,SMV unattended vehicle,Unknown,"Dark, artificial","08 - Dark, artificial",Municipal (excl. Twp. Rd.),No control,unknown,0,0,0,FALSE,FALSE,FALSE,Clear,,FALSE,PEACHWOOD CRT; MANCHESTER RD ; 20 M,3/4/2020 10:19:04 AM,544050.4612,4812197.157
44549,15-240127,11/8/2015 10:25:00 AM,2015,11,8,10,25,0,Sunday,541745.5698,4810654.608,-80.48408,43.447639,Non intersection,2,P.D. only,Right shoulder,unknown,unknown,SMV unattended vehicle,Unknown,Daylight,01 - Daylight,Regional municipality,No control,unknown,0,0,0,FALSE,FALSE,FALSE,Clear,,FALSE,KING ST E; KING ST E; At,3/7/2019 2:27:07 PM,541745.5698,4810654.608
44550,15-240242,11/8/2015 2:29:00 PM,2015,11,8,14,29,0,Sunday,541690.747,4811511.664,-80.484692,43.455359,At intersection,1,Non-fatal injury,Within intersection,unknown,unknown,Angle,Unknown,Daylight,01 - Daylight,Municipal (excl. Twp. Rd.),Stop sign,Functioning,0,0,0,FALSE,FALSE,FALSE,Clear,,FALSE,QUEEN ST N; ELLEN ST E; At; 0 M,3/4/2020 10:19:03 AM,541690.747,4811511.664
44551,15-240672,11/9/2015 8:43:00 AM,2015,11,9,8,43,0,Monday,539003.7491,4805926.666,-80.518302,43.405216,At intersection,1,Non-fatal injury,Within intersection,unknown,unknown,SMV other,Unknown,Daylight,01 - Daylight,Municipal (excl. Twp. Rd.),Stop sign,Functioning,0,0,0,TRUE,FALSE,FALSE,Clear,,FALSE,ACTIVA AVE; DAVID BERGEY DR ; At,3/4/2020 10:19:03 AM,539003.7491,4805926.666
44552,15-240688,11/7/2015 11:00:00 PM,2015,11,7,23,0,0,Saturday,541939.5381,4808935.581,-80.481815,43.43215,At/near private drive,2,P.D. only,Thru lane,unknown,unknown,SMV unattended vehicle,Unknown,Other,99 - Other,Municipal (excl. Twp. Rd.),No control,unknown,0,0,0,FALSE,FALSE,FALSE,Clear,,FALSE,HOFFMAN ST; 40 HOFFMAN ST; At,3/7/2019 2:27:07 PM,541939.5381,4808935.581
44553,15-241020,11/8/2015 3:00:00 PM,2015,11,8,15,0,0,Sunday,547988.5366,4806198.679,-80.40732,43.407144,At/near private drive,2,P.D. only,Thru lane,unknown,unknown,SMV unattended vehicle,Unknown,Daylight,01 - Daylight,Municipal (excl. Twp. Rd.),No control,unknown,0,0,0,FALSE,FALSE,FALSE,Clear,,FALSE,DEER RIDGE DR; DEER RIDGE DR ; Near,3/7/2019 2:27:06 PM,547988.5366,4806198.679
44554,15-241087,11/9/2015 6:17:00 PM,2015,11,9,18,17,0,Monday,545051.5518,4810835.709,-80.443209,43.449078,Non intersection,2,P.D. only,Thru lane,unknown,unknown,Rear end,Unknown,Dark,07 - Dark,Regional municipality,No control,unknown,0,0,0,FALSE,FALSE,FALSE,Clear,,FALSE,RIVER RD E; HOLBORN DR; Near; 10 M,3/7/2019 2:27:05 PM,545051.5518,4810835.709
44555,15-241497,11/10/2015 9:15:00 AM,2015,11,10,9,15,0,Tuesday,540620.4244,4807414.193,-80.498226,43.418524,At intersection,2,P.D. only,Within intersection,unknown,unknown,SMV unattended vehicle,Unknown,Daylight,01 - Daylight,Municipal (excl. Twp. Rd.),Stop sign,Functioning,0,0,0,FALSE,FALSE,FALSE,Clear,,FALSE,CARTIER DR; KIMBERLY CRES ; At,3/4/2020 10:19:02 AM,540620.4244,4807414.193
44556,15-241693,11/10/2015 12:00:00 PM,2015,11,10,12,0,0,Tuesday,543932.3432,4809143.402,-80.457177,43.433907,Non intersection,2,P.D. only,Thru lane,unknown,unknown,Sideswipe,Unknown,Daylight,01 - Daylight,Municipal (excl. Twp. Rd.),No control,unknown,0,0,0,FALSE,FALSE,FALSE,Rain,,FALSE,FIRST AVE; ECKERT ST; At,3/7/2019 2:27:04 PM,543932.3432,4809143.402
44557,15-241743,11/10/2015 2:59:00 PM,2015,11,10,14,59,0,Tuesday,544820.26,4805064.622,-80.446541,43.397129,Non intersection,2,P.D. only,Thru lane,unknown,unknown,Rear end,Unknown,Daylight,01 - Daylight,Municipal (excl. Twp. Rd.),Ped. crossover,Functioning,0,0,0,FALSE,FALSE,FALSE,Rain,,FALSE,DOON VILLAGE RD ; UPPER CANADA DR ; Near; 10 M,3/7/2019 2:27:02 PM,544820.26,4805064.622
44558,15-241988,11/10/2015 9:18:00 PM,2015,11,10,21,18,0,Tuesday,538558.356,4807874.991,-80.523665,43.422782,At/near private drive,2,P.D. only,Not on roadway - left side,unknown,unknown,SMV other,Unknown,"Dark, artificial","08 - Dark, artificial",Municipal (excl. Twp. Rd.),No control,unknown,0,0,0,FALSE,FALSE,FALSE,Rain,,FALSE,ELM RIDGE DR ; ELM RIDGE DR ; At; 2 M,3/4/2020 10:19:01 AM,538558.356,4807874.991
44559,15-242355,11/11/2015 12:19:00 PM,2015,11,11,12,19,0,Wednesday,545147.0854,4807188.184,-80.44233,43.41623,Non intersection,2,P.D. only,Thru lane,unknown,unknown,Sideswipe,Unknown,Daylight,01 - Daylight,Regional municipality,No control,unknown,0,0,0,FALSE,FALSE,FALSE,Clear,,FALSE,WILSON AVE ; WILSON AVE; Near; 20 M,3/7/2019 2:27:02 PM,545147.0854,4807188.184
44560,15-242367,11/4/2015 12:34:00 PM,2015,11,4,12,34,0,Wednesday,537852.2695,4809079.551,-80.532304,43.433664,At/near private drive,2,P.D. only,Thru lane,unknown,unknown,SMV unattended vehicle,Unknown,Daylight,01 - Daylight,Municipal (excl. Twp. Rd.),No control,unknown,0,0,0,FALSE,FALSE,FALSE,Clear,,FALSE,OPRINGTON DR; OPRINGTON DR ; Near,3/7/2019 2:27:01 PM,537852.2695,4809079.551
44561,15-242468,11/11/2015 3:05:00 PM,2015,11,11,15,5,0,Wednesday,539329.7613,4811560.555,-80.51387,43.455927,Non intersection,2,P.D. only,Thru lane,unknown,unknown,Sideswipe,Unknown,Daylight,01 - Daylight,Municipal (excl. Twp. Rd.),No control,unknown,0,0,0,FALSE,FALSE,FALSE,Clear,,FALSE,PARK ST; MT HOPE ST; 50 M,3/4/2020 10:19:01 AM,539329.7613,4811560.555
44562,15-242514,11/11/2015 4:10:00 PM,2015,11,11,16,10,0,Wednesday,541225.3797,4811867.086,-80.490417,43.458585,At intersection,1,Non-fatal injury,Within intersection,unknown,unknown,Angle,Unknown,Daylight,01 - Daylight,Municipal (excl. Twp. Rd.),Traffic signal,Functioning,0,0,0,FALSE,FALSE,FALSE,Clear,,FALSE,MARGARET AVE; WELLINGTON ST N,3/7/2019 2:27:00 PM,541225.3797,4811867.086
44563,15-242529,11/11/2015 1:00:00 PM,2015,11,11,13,0,0,Wednesday,543987.5479,4807776.927,-80.456605,43.4216,At intersection,1,Non-fatal injury,Within intersection,unknown,unknown,Angle,Unknown,Daylight,01 - Daylight,Municipal (excl. Twp. Rd.),Stop sign,Functioning,0,0,0,FALSE,TRUE,FALSE,Clear,,FALSE,VANIER DR; SIEBERT AVE ; At,3/4/2020 10:19:00 AM,543987.5479,4807776.927
44564,15-242639,11/11/2015 6:54:00 PM,2015,11,11,18,54,0,Wednesday,545385.7634,4810182.461,-80.439133,43.443176,Non intersection,2,Non-reportable,Thru lane,unknown,unknown,Sideswipe,Unknown,Dusk,05 - Dusk,Regional municipality,No control,unknown,0,0,0,FALSE,FALSE,FALSE,Clear,,FALSE,RIVER RD E; RENNIE DR ; Near; 15 M,3/7/2019 2:26:59 PM,545385.7634,4810182.461
44565,15-243129,11/12/2015 11:40:00 AM,2015,11,12,11,40,0,Thursday,544304.052,4809222.022,-80.452578,43.434593,At intersection,2,P.D. only,Within intersection,unknown,unknown,Turning movement,Unknown,Daylight,01 - Daylight,Municipal (excl. Twp. Rd.),Stop sign,Functioning,0,0,0,FALSE,FALSE,FALSE,Strong wind,,FALSE,KINGSWAY DR; FOURTH AVE,3/4/2020 10:18:59 AM,544304.052,4809222.022
44566,15-243253,11/12/2015 1:45:00 PM,2015,11,12,13,45,0,Thursday,540654.1244,4810941.805,-80.497547,43.450285,Intersection related,2,P.D. only,Not on roadway - right side,unknown,unknown,SMV other,Unknown,Daylight,01 - Daylight,Municipal (excl. Twp. Rd.),Stop sign,Functioning,0,0,0,FALSE,FALSE,FALSE,Clear,,FALSE, JOSEPH ST; FRANCIS ST S; At,3/4/2020 10:18:59 AM,540654.1244,4810941.805
44567,15-243328,11/12/2015 4:00:00 PM,2015,11,12,16,0,0,Thursday,543613.3568,4808244.732,-80.46119,43.425834,Non intersection,1,Non-fatal injury,Thru lane,unknown,unknown,Approaching,Unknown,Daylight,01 - Daylight,Municipal (excl. Twp. Rd.),No control,unknown,0,0,0,FALSE,FALSE,FALSE,Rain,,FALSE,VANIER DR; MASSEY AVE ; 7 M,3/4/2020 10:18:58 AM,543613.3568,4808244.732
44568,15-243361,11/12/2015 4:40:00 PM,2015,11,12,16,40,0,Thursday,539846.2484,4809756.402,-80.507618,43.439655,At/near private drive,2,P.D. only,Left turn lane,unknown,unknown,Turning movement,Unknown,Dark,07 - Dark,Municipal (excl. Twp. Rd.),No control,unknown,0,0,0,FALSE,FALSE,FALSE,Rain,,FALSE,BELMONT AVE W; HIGHLAND RD W; Near; 8 M,3/4/2020 10:18:57 AM,539846.2484,4809756.402
44569,15-243390,11/12/2015 5:00:00 PM,2015,11,12,17,0,0,Thursday,541068,4811108,0,0,At/near private drive,1,Non-fatal injury,Right turn lane,unknown,unknown,SMV other,Unknown,Dusk,05 - Dusk,Regional municipality,Ped. crossover,Functioning,0,0,0,TRUE,FALSE,FALSE,Strong wind,,FALSE,KINGSWAY DR; 2969 KINGSWAY DR; 1 M,3/4/2020 10:18:57 AM,541068,4811108
44570,15-243408,11/12/2015 5:49:00 PM,2015,11,12,17,49,0,Thursday,540409.674,4812130.914,-80.50048,43.461005,At/near private drive,2,P.D. only,Thru lane,unknown,unknown,SMV unattended vehicle,Unknown,Dark,07 - Dark,Municipal (excl. Twp. Rd.),No control,unknown,0,0,0,FALSE,FALSE,FALSE,Rain,,FALSE,GUELPH ST ; 282 GUELPH ST; At; 2 M,3/4/2020 10:18:56 AM,540409.674,4812130.914
44571,15-243827,11/13/2015 9:41:00 AM,2015,11,13,9,41,0,Friday,540789.0368,4809064.131,-80.49602,43.433371,Non intersection,2,P.D. only,Thru lane,unknown,unknown,Rear end,Unknown,Daylight,01 - Daylight,Municipal (excl. Twp. Rd.),No control,unknown,0,0,0,FALSE,FALSE,FALSE,Rain,,FALSE,STIRLING AVE S; MAUSSER AVE ; 50 M,3/7/2019 2:26:59 PM,540789.0368,4809064.131
44572,15-244333,11/13/2015 8:30:00 PM,2015,11,13,20,30,0,Friday,545275.1204,4806434.267,-80.440811,43.409434,At intersection,1,Non-fatal injury,Within intersection,unknown,unknown,Angle,Stop sign,"Dark, artificial","08 - Dark, artificial",Municipal (excl. Twp. Rd.),Stop sign,Functioning,0,0,0,FALSE,FALSE,FALSE,Rain,,FALSE,WILSON AVE ; WABANAKI DR,3/4/2020 10:18:54 AM,545275.1204,4806434.267
44573,15-244935,11/14/2015 2:29:00 PM,2015,11,14,14,29,0,Saturday,539747.1913,4805757.637,-80.509133,43.403655,Non intersection,2,P.D. only,Thru lane,unknown,unknown,SMV unattended vehicle,Unknown,Daylight,01 - Daylight,Municipal (excl. Twp. Rd.),Stop sign,Functioning,0,0,0,FALSE,FALSE,FALSE,Rain,,FALSE,MAX BECKER DR; LEMONBALM ST ; 40 M,3/7/2019 2:26:58 PM,539747.1913,4805757.637
44574,15-245172,11/14/2015 9:08:00 PM,2015,11,14,21,8,0,Saturday,545081.6496,4811235.401,-80.442804,43.452675,At/near private drive,2,P.D. only,Right shoulder,unknown,unknown,SMV unattended vehicle,Unknown,Dark,07 - Dark,Municipal (excl. Twp. Rd.),No control,unknown,0,0,0,FALSE,FALSE,FALSE,Clear,,FALSE,BRECKENRIDGE DR ; 131 BRECKENRIDGE; 3 M,3/7/2019 2:26:57 PM,545081.6496,4811235.401
44575,15-246187,11/16/2015 9:30:00 AM,2015,11,16,9,30,0,Monday,542308.2867,4811038.724,-80.477096,43.451066,At intersection,2,P.D. only,Within intersection,unknown,unknown,Angle,Unknown,Daylight,01 - Daylight,Municipal (excl. Twp. Rd.),Stop sign,Functioning,0,0,0,FALSE,FALSE,FALSE,Clear,,FALSE,SAMUEL ST; KRUG ST; At,3/7/2019 2:26:56 PM,542308.2867,4811038.724
44576,15-246216,11/16/2015 11:16:00 AM,2015,11,16,11,16,0,Monday,540926.1492,4812261.974,-80.494086,43.462157,Other,2,P.D. only,Off highway,unknown,unknown,SMV unattended vehicle,Unknown,Daylight,01 - Daylight,Private property,No control,unknown,0,0,0,FALSE,FALSE,FALSE,Clear,,FALSE,PRIVATE DRIVE; BLUCHER ST,3/4/2020 10:18:54 AM,540926.1492,4812261.974
44577,15-246246,11/16/2015 11:51:00 AM,2015,11,16,11,51,0,Monday,540681.8859,4811007.499,-80.497199,43.450875,Non intersection,2,P.D. only,Not on roadway - left side,unknown,unknown,SMV other,Unknown,Daylight,01 - Daylight,Regional municipality,No control,unknown,0,0,0,FALSE,FALSE,FALSE,Clear,,FALSE,FRANCIS ST S; CHARLES ST W; 50 M,3/4/2020 10:18:53 AM,540681.8859,4811007.499
44578,15-246252,11/13/2015 10:00:00 AM,2015,11,13,10,0,0,Friday,541068,4811108,0,0,At/near private drive,2,P.D. only,Thru lane,unknown,unknown,SMV unattended vehicle,Unknown,Daylight,01 - Daylight,Municipal (excl. Twp. Rd.),No control,unknown,0,0,0,FALSE,FALSE,FALSE,Clear,,FALSE,PINEGLEN CRES; PINEGLEN CRES ; 1 M,3/4/2020 10:18:52 AM,541068,4811108
44579,15-246275,11/15/2015 3:30:00 PM,2015,11,15,15,30,0,Sunday,543356.144,4804318.286,-80.464679,43.390495,Non intersection,2,P.D. only,Thru lane,unknown,unknown,SMV unattended vehicle,Unknown,Daylight,01 - Daylight,Municipal (excl. Twp. Rd.),No control,unknown,0,0,0,FALSE,FALSE,FALSE,Clear,,FALSE,TEMPLEWOOD DR; 42 TEMPLEWOOD DR; Near,3/7/2019 2:26:56 PM,543356.144,4804318.286
44580,15-246420,11/16/2015 3:33:00 PM,2015,11,16,15,33,0,Monday,539004.1729,4810459.825,-80.517973,43.446033,Non intersection,2,P.D. only,Thru lane,unknown,unknown,Rear end,Unknown,Daylight,01 - Daylight,Municipal (excl. Twp. Rd.),No control,unknown,0,0,0,FALSE,TRUE,FALSE,Clear,,FALSE,GAGE AVE ; BELMONT AVE W; Near; 300 M,3/7/2019 2:26:55 PM,539004.1729,4810459.825
44581,15-246504,11/16/2015 5:33:00 PM,2015,11,16,17,33,0,Monday,545274.1488,4806434.261,-80.440823,43.409434,At intersection,2,P.D. only,Within intersection,unknown,unknown,Turning movement,Stop sign,Dark,07 - Dark,Municipal (excl. Twp. Rd.),Stop sign,Functioning,0,0,0,FALSE,FALSE,FALSE,Clear,,FALSE,WABANAKI DR; WILSON AVE; At; 20 M,3/4/2020 10:18:52 AM,545274.1488,4806434.261
44582,15-246627,11/16/2015 8:05:00 PM,2015,11,16,20,5,0,Monday,541388.3495,4809634.639,-80.488572,43.438475,Intersection related,2,P.D. only,Thru lane,unknown,unknown,SMV unattended vehicle,Unknown,"Dark, artificial","08 - Dark, artificial",Municipal (excl. Twp. Rd.),Stop sign,Functioning,0,0,0,FALSE,FALSE,FALSE,Clear,,FALSE,WOODLAND AVE; MILL ST,3/4/2020 10:18:51 AM,541388.3495,4809634.639
44583,15-246836,11/13/2015 6:15:00 PM,2015,11,13,18,15,0,Friday,542186.675,4810418.016,-80.478647,43.445484,At/near private drive,2,P.D. only,Thru lane,unknown,unknown,SMV unattended vehicle,Unknown,Dark,07 - Dark,Municipal (excl. Twp. Rd.),No control,unknown,0,0,0,FALSE,FALSE,FALSE,Rain,,FALSE,PANDORA AVE N; KING ST E; Near,3/7/2019 2:26:54 PM,542186.675,4810418.016
44584,15-247251,11/17/2015 7:35:00 AM,2015,11,17,7,35,0,Tuesday,542042.0814,4809897.123,-80.480474,43.440802,Non intersection,2,P.D. only,Thru lane,unknown,unknown,Other,Unknown,"Dawn, artificial","04 - Dawn, artificial",Municipal (excl. Twp. Rd.),No control,unknown,0,0,0,FALSE,FALSE,FALSE,Clear,,FALSE,HURST AVE; 17 HURST AVE; Near,3/4/2020 10:18:50 AM,542042.0814,4809897.123
44585,15-247253,11/17/2015 5:00:00 PM,2015,11,17,17,0,0,Tuesday,540351.3092,4811461.419,-80.501251,43.45498,Intersection related,2,P.D. only,Thru lane,unknown,unknown,Rear end,Unknown,"Daylight, artificial","02 - Daylight, artificial",Regional municipality,Traffic signal,Functioning,0,0,0,FALSE,FALSE,FALSE,Clear,,FALSE,WELLINGTON ST N; MOORE AVE; At,3/7/2019 2:26:54 PM,540351.3092,4811461.419
44586,15-247265,11/17/2015 5:41:00 PM,2015,11,17,17,41,0,Tuesday,545277.2299,4806433.615,-80.440785,43.409428,At intersection,1,Non-fatal injury,Within intersection,unknown,unknown,Turning movement,Stop sign,"Dusk, artificial","06 - Dusk, artificial",Municipal (excl. Twp. Rd.),Stop sign,Functioning,0,0,0,FALSE,FALSE,FALSE,Clear,,FALSE,WILSON AVE; WABANAKI DR,3/7/2019 2:26:53 PM,545277.2299,4806433.615
44587,15-247590,11/14/2015 7:00:00 PM,2015,11,14,19,0,0,Saturday,539209.2916,4811477.223,-80.515365,43.455183,Non intersection,2,P.D. only,Thru lane,unknown,unknown,SMV unattended vehicle,Unknown,"Dark, artificial","08 - Dark, artificial",Municipal (excl. Twp. Rd.),No control,unknown,0,0,0,FALSE,FALSE,FALSE,Clear,,FALSE,YORK ST; 84 YORK ST; Near,3/7/2019 2:26:52 PM,539209.2916,4811477.224
44588,15-247810,11/18/2015 11:42:00 AM,2015,11,18,11,42,0,Wednesday,540890.0993,4808788.201,-80.494792,43.430881,Non intersection,2,P.D. only,Thru lane,unknown,unknown,Sideswipe,Unknown,Daylight,01 - Daylight,Regional municipality,Traffic signal,Functioning,0,0,0,FALSE,FALSE,FALSE,Clear,,FALSE,HOMER WATSON BLVD ; STIRLING AVE S; 150 M,3/7/2019 2:26:51 PM,540890.0993,4808788.201
44589,15-248118,11/18/2015 6:45:00 AM,2015,11,18,6,45,0,Wednesday,545675.6193,4806550.026,-80.435855,43.410452,Non intersection,2,P.D. only,Thru lane,unknown,unknown,SMV other,Unknown,Dark,07 - Dark,Regional municipality,No control,unknown,0,0,0,FALSE,FALSE,FALSE,Clear,,FALSE,WABANAKI DR; WILSON AVE; Near,3/7/2019 2:26:51 PM,545675.6193,4806550.026
44590,15-248123,11/18/2015 5:50:00 PM,2015,11,18,17,50,0,Wednesday,536367.4166,4807625.602,-80.550747,43.420646,At/near private drive,2,P.D. only,Thru lane,unknown,unknown,SMV unattended vehicle,Unknown,Dark,07 - Dark,Municipal (excl. Twp. Rd.),No control,unknown,0,0,0,FALSE,FALSE,FALSE,Rain,,FALSE,NEWBURY DR; 67 NEWBURY DR; Near; 5 M,3/4/2020 10:18:50 AM,536367.4166,4807625.602