OBJECTID,ACCIDENTNUM,ACCIDENTDATE,ACCIDENT_YEAR,ACCIDENT_MONTH,ACCIDENT_DAY,ACCIDENT_HOUR,ACCIDENT_MINUTE,ACCIDENT_SECOND,ACCIDENT_WEEKDAY,XCOORD,YCOORD,LONGITUDE,LATITUDE,ACCIDENTLOCATION,COLLISIONTYPE,CLASSIFICATIONOFACCIDENT,IMPACTLOCATION,INITIALDIRECTIONOFTRAVELONE,INITIALDIRECTIONOFTRAVELTWO,INITIALIMPACTTYPE,INTTRAFFICCONTROL,LIGHT,LIGHTFORREPORT,ROADJURISDICTION,TRAFFICCONTROL,TRAFFICCONTROLCONDITION,THRULANENO,NORTHBOUNDDISOBEYCOUNT,SOUTHBOUNDDISOBEYCOUNT,PEDESTRIANINVOLVED,CYCLISTINVOLVED,MOTORCYCLISTINVOLVED,ENVIRONMENTCONDITION1,ENVIRONMENTCONDITION2,SELFREPORTED,XMLIMPORTNOTES,LASTEDITEDDATE,x,y
44591,15-248133,11/18/2015 6:23:00 PM,2015,11,18,18,23,0,Wednesday,542034.5003,4812954.493,-80.480332,43.468331,At/near private drive,2,P.D. only,Thru lane,unknown,unknown,SMV unattended vehicle,Unknown,Daylight,01 - Daylight,Municipal (excl. Twp. Rd.),No control,unknown,0,0,0,FALSE,FALSE,FALSE,Clear,,FALSE,MAPLE AVE ; MAPLE AVE ; At; 1 M,3/4/2020 10:18:49 AM,542034.5003,4812954.493
44592,15-248288,11/18/2015 10:49:00 PM,2015,11,18,22,49,0,Wednesday,543337.5516,4805599.92,-80.464807,43.402036,At/near private drive,1,Non-fatal injury,Right shoulder,unknown,unknown,Rear end,Unknown,Dusk,05 - Dusk,Municipal (excl. Twp. Rd.),No control,unknown,0,0,0,FALSE,FALSE,FALSE,Rain,,FALSE,TRILLIUM DR; TRILLIUM DR ; At; 50 M,3/4/2020 10:18:48 AM,543337.5516,4805599.92
44593,15-248474,11/19/2015 8:22:00 AM,2015,11,19,8,22,0,Thursday,539080.1064,4811110.416,-80.516988,43.451887,At/near private drive,2,P.D. only,Thru lane,unknown,unknown,Turning movement,Unknown,Daylight,01 - Daylight,Municipal (excl. Twp. Rd.),No control,unknown,0,0,0,FALSE,FALSE,FALSE,Clear,,FALSE,GLASGOW ST; BELMONT AVE W; At; 1 M,3/7/2019 2:26:50 PM,539080.1064,4811110.416
44594,15-248558,11/19/2015 9:40:00 AM,2015,11,19,9,40,0,Thursday,543185.0653,4804182.029,-80.466802,43.389278,Intersection related,2,P.D. only,Thru lane,unknown,unknown,SMV other,Unknown,"Dark, artificial","08 - Dark, artificial",Municipal (excl. Twp. Rd.),Other,Functioning,0,0,0,FALSE,FALSE,FALSE,Clear,,FALSE,STRASBURG RD ; RUSH MEADOW ST ; 36 M,3/4/2020 10:18:48 AM,543185.0653,4804182.029
44595,15-248688,11/19/2015 11:10:00 AM,2015,11,19,11,10,0,Thursday,547127.8439,4808302.463,-80.417768,43.426141,At/near private drive,2,P.D. only,Thru lane,unknown,unknown,SMV unattended vehicle,Unknown,Daylight,01 - Daylight,Municipal (excl. Twp. Rd.),No control,unknown,0,0,0,FALSE,FALSE,FALSE,Clear,,FALSE,MANOR DR; 23 MANOR DR; Near,3/7/2019 2:26:49 PM,547127.8439,4808302.463
44596,15-248833,11/19/2015 2:19:00 PM,2015,11,19,14,19,0,Thursday,538965.1555,4809159.855,-80.518548,43.43433,At/near private drive,2,P.D. only,Thru lane,unknown,unknown,Turning movement,Unknown,Daylight,01 - Daylight,Municipal (excl. Twp. Rd.),No control,unknown,0,0,0,FALSE,FALSE,FALSE,Clear,,FALSE,HIGHLAND CRES ; 550 HIGHLAND CRES; At; 5 M,3/4/2020 10:18:47 AM,538965.1555,4809159.855
44597,15-248835,11/19/2015 2:28:00 PM,2015,11,19,14,28,0,Thursday,540939.3862,4811214.855,-80.494001,43.452728,At/near private drive,2,P.D. only,Thru lane,unknown,unknown,Other,Unknown,Daylight,01 - Daylight,Municipal (excl. Twp. Rd.),No control,unknown,0,0,0,FALSE,FALSE,FALSE,Clear,,FALSE,WATER ST N; 25 WATER ST N; At; 0 M,3/7/2019 2:26:49 PM,540939.3862,4811214.855
44598,15-249333,11/20/2015 8:25:00 AM,2015,11,20,8,25,0,Friday,544806.9491,4805154.493,-80.446698,43.397939,At intersection,2,P.D. only,Within intersection,unknown,unknown,Turning movement,Unknown,Daylight,01 - Daylight,Municipal (excl. Twp. Rd.),Stop sign,Functioning,0,0,0,FALSE,FALSE,FALSE,Clear,,FALSE,DOON VILLAGE RD; FARRIER DR,3/4/2020 10:18:46 AM,544806.9491,4805154.493
44599,15-249364,11/20/2015 9:20:00 AM,2015,11,20,9,20,0,Friday,541068,4811108,0,0,Intersection related,2,P.D. only,Left turn lane,unknown,unknown,Sideswipe,Unknown,Daylight,01 - Daylight,Municipal (excl. Twp. Rd.),Traffic signal,Functioning,0,0,0,FALSE,FALSE,FALSE,Clear,,FALSE,GLASGOW ST; BELMONT AVE W; 2 M,3/4/2020 10:18:46 AM,541068,4811108
44600,15-249397,11/20/2015 10:05:00 AM,2015,11,20,10,5,0,Friday,544755.2074,4808023.09,-80.447102,43.423771,At intersection,2,P.D. only,Within intersection,unknown,unknown,Turning movement,Unknown,Daylight,01 - Daylight,Municipal (excl. Twp. Rd.),Traffic signal,Functioning,0,0,0,FALSE,FALSE,FALSE,Clear,,FALSE,WILSON AVE; TRAYNOR AVE; At,3/4/2020 10:18:45 AM,544755.2074,4808023.09
44601,15-249428,11/20/2015 8:55:00 AM,2015,11,20,8,55,0,Friday,542066.9125,4811014.557,-80.480081,43.450862,Non intersection,2,P.D. only,Thru lane,unknown,unknown,SMV unattended vehicle,Unknown,Daylight,01 - Daylight,Regional municipality,No control,unknown,0,0,0,FALSE,FALSE,FALSE,Clear,,FALSE,BRUBACHER ST; BRUBACHER ST ; 1 M,3/7/2019 2:26:48 PM,542066.9125,4811014.557
44602,15-249578,11/20/2015 1:45:00 PM,2015,11,20,13,45,0,Friday,542952.0029,4810611.32,-80.469174,43.447181,At/near private drive,2,P.D. only,Thru lane,unknown,unknown,Turning movement,Unknown,Daylight,01 - Daylight,Municipal (excl. Twp. Rd.),No control,unknown,0,0,0,FALSE,FALSE,FALSE,Clear,,FALSE,EAST AVE; EAST AVE ; At,3/7/2019 2:26:47 PM,542952.0029,4810611.32
44603,15-249599,11/20/2015 3:06:00 PM,2015,11,20,15,6,0,Friday,541465.7532,4809536.825,-80.487623,43.43759,At intersection,1,Non-fatal injury,Within intersection,unknown,unknown,Turning movement,Unknown,Daylight,01 - Daylight,Municipal (excl. Twp. Rd.),Traffic signal,Functioning,0,0,0,FALSE,FALSE,FALSE,Clear,,FALSE,STIRLING AVE S; MILL ST,3/4/2020 10:18:44 AM,541465.7532,4809536.825
44604,15-249697,11/20/2015 4:54:00 PM,2015,11,20,16,54,0,Friday,545498.181,4804596.811,-80.438209,43.392876,At/near private drive,2,P.D. only,Thru lane,unknown,unknown,SMV unattended vehicle,Unknown,Daylight,01 - Daylight,Municipal (excl. Twp. Rd.),No control,unknown,0,0,0,FALSE,FALSE,FALSE,Clear,,FALSE,FRONT OF; BECHTEL DR; 40 M,3/7/2019 2:26:47 PM,545498.181,4804596.811
44605,15-250185,11/21/2015 11:17:00 AM,2015,11,21,11,17,0,Saturday,542843.1762,4809871.401,-80.470577,43.440525,At intersection,2,P.D. only,Within intersection,unknown,unknown,Angle,Unknown,Daylight,01 - Daylight,Regional municipality,Stop sign,Functioning,0,0,0,FALSE,FALSE,FALSE,Clear,,FALSE,SYDNEY ST S; CHARLES ST E,3/4/2020 10:18:43 AM,542843.1762,4809871.401
44606,15-250495,11/21/2015 9:23:00 PM,2015,11,21,21,23,0,Saturday,541797.8866,4810621.391,-80.483436,43.447337,Intersection related,2,P.D. only,Thru lane,unknown,unknown,Rear end,Unknown,"Dark, artificial","08 - Dark, artificial",Regional municipality,Traffic signal,Functioning,0,0,0,FALSE,FALSE,FALSE,Snow,,FALSE,KING ST E; CEDAR ST N; 20 M,3/4/2020 10:18:42 AM,541797.8866,4810621.391
44607,15-250519,11/21/2015 10:00:00 PM,2015,11,21,22,0,0,Saturday,539569.239,4811423.463,-80.51092,43.45468,At intersection,2,P.D. only,Within intersection,unknown,unknown,Angle,Unknown,"Daylight, artificial","02 - Daylight, artificial",Municipal (excl. Twp. Rd.),Stop sign,Functioning,0,0,0,FALSE,FALSE,FALSE,Snow,,FALSE,PARK ST; GREEN ST; At,3/4/2020 10:18:42 AM,539569.239,4811423.463
44608,15-250619,11/22/2015 1:18:00 AM,2015,11,22,1,18,0,Sunday,539123.1088,4811020.151,-80.516463,43.451072,Non intersection,2,P.D. only,Off highway,unknown,unknown,SMV other,Unknown,"Dark, artificial","08 - Dark, artificial",Regional municipality,No control,unknown,0,0,0,FALSE,FALSE,FALSE,Clear,,FALSE,BELMONT AVE W; GAGE AVE ; 150 M,3/7/2019 2:26:46 PM,539123.1088,4811020.151
44609,15-250705,11/22/2015 4:56:00 AM,2015,11,22,4,56,0,Sunday,545850.2553,4809755.793,-80.433429,43.439306,At intersection,2,P.D. only,Within intersection,unknown,unknown,SMV other,Unknown,"Dark, artificial","08 - Dark, artificial",Regional municipality,Traffic signal,Functioning,0,0,0,FALSE,FALSE,FALSE,Snow,,FALSE,OLD CHICOPEE DR; RIVER RD E,3/4/2020 10:18:41 AM,545850.2553,4809755.793
44610,15-250829,11/21/2015 11:00:00 PM,2015,11,21,23,0,0,Saturday,542728.4783,4806616.133,-80.472249,43.411221,Non intersection,2,P.D. only,Thru lane,unknown,unknown,SMV unattended vehicle,Unknown,Dark,07 - Dark,Municipal (excl. Twp. Rd.),No control,unknown,0,0,0,FALSE,FALSE,FALSE,Snow,,FALSE,CENTURY HILL DR; CENTURY HILL DR,3/7/2019 2:26:45 PM,542728.4783,4806616.133
44611,15-250837,11/22/2015 11:08:00 AM,2015,11,22,11,8,0,Sunday,541068,4811108,0,0,At/near private drive,1,Non-fatal injury,Thru lane,unknown,unknown,Rear end,Unknown,Daylight,01 - Daylight,Regional municipality,No control,unknown,0,0,0,FALSE,FALSE,FALSE,Clear,,FALSE,DOON VILLAGE RD ; DOON VILLAGE RD ; 3 M,3/4/2020 10:18:40 AM,541068,4811108
44612,15-251625,11/23/2015 8:20:00 AM,2015,11,23,8,20,0,Monday,541068,4811108,0,0,Non intersection,2,P.D. only,Right turn channel,unknown,unknown,Rear end,Unknown,Daylight,01 - Daylight,Regional municipality,Yield sign,Functioning,0,0,0,FALSE,FALSE,FALSE,Clear,,FALSE,OLD HURON RD ; HURON RD,3/4/2020 10:18:40 AM,541068,4811108
44613,15-251688,11/23/2015 2:44:00 PM,2015,11,23,14,44,0,Monday,545619.1676,4803795.321,-80.436782,43.385652,At/near private drive,2,P.D. only,Thru lane,unknown,unknown,Turning movement,Unknown,Daylight,01 - Daylight,Regional municipality,No control,unknown,0,0,0,FALSE,FALSE,FALSE,Clear,,FALSE,WOODFIELD ST; WOODFIELD ST ; 1 M,3/4/2020 10:18:39 AM,545619.1676,4803795.321
44614,15-251750,11/23/2015 2:30:00 PM,2015,11,23,14,30,0,Monday,545238.9732,4805061.75,-80.441371,43.397078,At/near private drive,2,Non-reportable,Thru lane,unknown,unknown,SMV unattended vehicle,Unknown,Daylight,01 - Daylight,Municipal (excl. Twp. Rd.),No control,unknown,0,0,0,FALSE,FALSE,FALSE,Clear,,FALSE,LOWER CANADA CRES; 10 LOWER CANADA CRES; At,3/7/2019 2:26:45 PM,545238.9732,4805061.75
44615,15-251760,11/23/2015 4:20:00 PM,2015,11,23,16,20,0,Monday,540095.3506,4810857.495,-80.504459,43.449556,Underpass or tunnel,2,P.D. only,Thru lane,unknown,unknown,SMV other,Unknown,Daylight,01 - Daylight,Municipal (excl. Twp. Rd.),No control,unknown,0,0,0,FALSE,FALSE,FALSE,Clear,,FALSE,PARK ST; CHERRY ST; At; 30 M,3/4/2020 10:18:38 AM,540095.3506,4810857.495
44616,15-251912,11/22/2015 5:30:00 PM,2015,11,22,17,30,0,Sunday,544785.6954,4809015.185,-80.446644,43.432702,Intersection related,2,P.D. only,Thru lane,unknown,unknown,SMV other,Unknown,"Dark, artificial","08 - Dark, artificial",Municipal (excl. Twp. Rd.),Stop sign,Functioning,0,0,0,FALSE,FALSE,FALSE,Snow,,FALSE,KINGSWAY DR; NINTH AVE,3/7/2019 2:26:44 PM,544785.6954,4809015.185
44617,15-252144,11/24/2015 8:39:00 AM,2015,11,24,8,39,0,Tuesday,539871.9763,4810633.381,-80.507236,43.44755,Intersection related,2,P.D. only,Thru lane,unknown,unknown,Rear end,Unknown,Daylight,01 - Daylight,Municipal (excl. Twp. Rd.),Stop sign,Functioning,0,0,0,FALSE,FALSE,FALSE,Clear,,FALSE,CHERRY ST ; STRANGE ST ; 6.6 M,3/7/2019 2:26:43 PM,539871.9763,4810633.381
44618,15-252581,11/24/2015 7:40:00 AM,2015,11,24,7,40,0,Tuesday,540423.0629,4812137.658,-80.500314,43.461065,At/near private drive,2,P.D. only,Thru lane,unknown,unknown,Other,Unknown,Daylight,01 - Daylight,Municipal (excl. Twp. Rd.),No control,unknown,0,0,0,FALSE,FALSE,FALSE,Clear,,FALSE,GUELPH ST; 291 GUELPH ST; At,3/7/2019 2:26:42 PM,540423.0629,4812137.658
44619,15-252629,11/24/2015 7:15:00 PM,2015,11,24,19,15,0,Tuesday,542714.117,4810047.17,-80.472158,43.442115,At/near private drive,2,P.D. only,Left turn lane,unknown,unknown,Turning movement,Unknown,"Dark, artificial","08 - Dark, artificial",Regional municipality,No control,unknown,0,0,0,FALSE,FALSE,FALSE,Clear,,FALSE,KING ST E; KING ST E,3/4/2020 10:18:37 AM,542714.117,4810047.17
44620,15-252911,11/24/2015 3:00:00 PM,2015,11,24,15,0,0,Tuesday,540938.4847,4811216.737,-80.494012,43.452745,Non intersection,2,P.D. only,Thru lane,unknown,unknown,Other,Unknown,Daylight,01 - Daylight,Regional municipality,No control,unknown,0,0,0,FALSE,FALSE,FALSE,Clear,,FALSE,WATER ST N; DUKE ST W; Near,3/4/2020 10:18:36 AM,540938.4847,4811216.738
44621,15-252915,11/25/2015 9:52:00 AM,2015,11,25,9,52,0,Wednesday,541184.3445,4810691.471,-80.491013,43.448002,At intersection,1,Non-fatal injury,Within intersection,unknown,unknown,SMV other,Unknown,Daylight,01 - Daylight,Regional municipality,Traffic signal,Functioning,0,0,0,TRUE,FALSE,FALSE,Clear,,FALSE,QUEEN ST S; JOSEPH ST; At,3/7/2019 2:26:42 PM,541184.3445,4810691.471
44622,15-252993,11/24/2015 7:00:00 PM,2015,11,24,19,0,0,Tuesday,540760.9993,4810769.861,-80.496239,43.448731,At/near private drive,2,P.D. only,Thru lane,unknown,unknown,SMV unattended vehicle,Unknown,Daylight,01 - Daylight,Municipal (excl. Twp. Rd.),No control,unknown,0,0,0,FALSE,FALSE,FALSE,Clear,,FALSE,WATER ST S; WATER ST S; At,3/4/2020 10:18:36 AM,540760.9993,4810769.862
44623,15-253048,11/25/2015 11:50:00 AM,2015,11,25,11,50,0,Wednesday,539916.1024,4811052.565,-80.50666,43.451322,At railway crossing,2,P.D. only,Thru lane,unknown,unknown,Rear end,Unknown,Daylight,01 - Daylight,Municipal (excl. Twp. Rd.),Other,Functioning,0,0,0,FALSE,FALSE,FALSE,Clear,,FALSE,PARK ST; DOMINION ST; Near,3/4/2020 10:18:35 AM,539916.1024,4811052.565
44624,15-253166,11/25/2015 3:35:00 PM,2015,11,25,15,35,0,Wednesday,539523.8805,4806141.483,-80.511863,43.407123,Non intersection,2,P.D. only,Thru lane,unknown,unknown,Rear end,Unknown,Daylight,01 - Daylight,Municipal (excl. Twp. Rd.),School guard,Functioning,0,0,0,FALSE,FALSE,FALSE,Clear,,FALSE,ACTIVA AVE; ACTIVA AVE ; At,3/4/2020 10:18:34 AM,539523.8805,4806141.483
44625,15-253614,11/26/2015 11:22:00 AM,2015,11,26,11,22,0,Thursday,539079.2979,4811110.3,-80.516998,43.451886,Non intersection,2,P.D. only,Thru lane,unknown,unknown,SMV unattended vehicle,Unknown,Daylight,01 - Daylight,Municipal (excl. Twp. Rd.),Traffic signal,Functioning,0,0,0,FALSE,FALSE,FALSE,Clear,,FALSE,GLASGOW ST; BELMONT AVE W; 10 M,3/4/2020 10:18:34 AM,539079.2979,4811110.3
44626,15-253678,11/26/2015 1:01:00 PM,2015,11,26,13,1,0,Thursday,545160.2454,4807242.026,-80.442163,43.416714,At intersection,2,P.D. only,Within intersection,unknown,unknown,Turning movement,Stop sign,Daylight,01 - Daylight,Regional municipality,Stop sign,Functioning,0,0,0,FALSE,FALSE,FALSE,Clear,,FALSE,WILSON AVE ; WEBSTER; 3 M,3/7/2019 2:26:41 PM,545160.2454,4807242.026
44627,15-253789,11/26/2015 7:00:00 AM,2015,11,26,7,0,0,Thursday,545694.8428,4805492.183,-80.435706,43.400926,Non intersection,2,P.D. only,Thru lane,unknown,unknown,SMV other,Unknown,Dawn,03 - Dawn,Municipal (excl. Twp. Rd.),No control,unknown,0,0,0,FALSE,FALSE,FALSE,Clear,,FALSE,HURON RD; HOMER WATSON BLVD; Near,3/4/2020 10:18:33 AM,545694.8428,4805492.183
44628,15-254446,11/27/2015 12:15:00 PM,2015,11,27,12,15,0,Friday,548583.9443,4806623.864,-80.399929,43.410934,At/near private drive,2,P.D. only,Thru lane,unknown,unknown,Rear end,Unknown,Daylight,01 - Daylight,Municipal (excl. Twp. Rd.),No control,unknown,0,0,0,FALSE,FALSE,FALSE,Rain,,FALSE,DEER RIDGE DR; KING ST E; Near; 10 M,3/7/2019 2:26:40 PM,548583.9443,4806623.864
44629,15-254531,11/27/2015 2:09:00 PM,2015,11,27,14,9,0,Friday,541709.0909,4810678.371,-80.484529,43.447855,At intersection,2,P.D. only,Right shoulder,unknown,unknown,SMV other,Unknown,Daylight,01 - Daylight,Regional municipality,Stop sign,Functioning,0,0,0,FALSE,FALSE,FALSE,Clear,,FALSE,KING ST E; EBY ST N; At,3/7/2019 2:26:40 PM,541709.0909,4810678.371
44630,15-254619,11/27/2015 3:20:00 PM,2015,11,27,15,20,0,Friday,540123.0252,4809851.002,-80.504191,43.440492,At/near private drive,2,P.D. only,Thru lane,unknown,unknown,Sideswipe,Unknown,Daylight,01 - Daylight,Municipal (excl. Twp. Rd.),No control,unknown,0,0,0,FALSE,FALSE,FALSE,Other,,FALSE,PATRICIA AVE; 80 PATRICIA AVE; Near,3/4/2020 10:18:32 AM,540123.0252,4809851.002
44631,15-254707,11/27/2015 4:38:00 PM,2015,11,27,16,38,0,Friday,541952.9817,4810521.289,-80.481527,43.446427,Non intersection,2,P.D. only,Not on roadway - right side,unknown,unknown,SMV unattended vehicle,Unknown,Daylight,01 - Daylight,Regional municipality,No control,unknown,0,0,0,FALSE,FALSE,FALSE,Rain,,FALSE,KING ST E; KING ST E; Near,3/4/2020 10:18:32 AM,541952.9817,4810521.289
44632,15-254712,11/26/2015 8:00:00 PM,2015,11,26,20,0,0,Thursday,544216.9318,4809017.319,-80.453671,43.432755,At/near private drive,2,P.D. only,Thru lane,unknown,unknown,SMV unattended vehicle,Unknown,"Dark, artificial","08 - Dark, artificial",Municipal (excl. Twp. Rd.),No control,unknown,0,0,0,FALSE,FALSE,FALSE,Clear,,FALSE,FOURTH AVE; 52 FOURTH AV,3/4/2020 10:18:31 AM,544216.9318,4809017.319
44633,15-254795,11/27/2015 6:15:00 PM,2015,11,27,18,15,0,Friday,545034.6302,4807867.797,-80.443663,43.422356,Intersection related,2,P.D. only,Left turn lane,unknown,unknown,Rear end,Unknown,"Dark, artificial","08 - Dark, artificial",Municipal (excl. Twp. Rd.),Traffic signal,Functioning,0,0,0,FALSE,FALSE,FALSE,Rain,,FALSE,KINGSWAY DR; WILSON AVE; At,3/4/2020 10:18:30 AM,545034.6302,4807867.797
44634,15-254813,11/27/2015 8:00:00 AM,2015,11,27,8,0,0,Friday,541674.7903,4805474.394,-80.48535,43.401,Non intersection,2,P.D. only,Thru lane,unknown,unknown,Rear end,Unknown,Daylight,01 - Daylight,Municipal (excl. Twp. Rd.),No control,unknown,0,0,0,FALSE,FALSE,FALSE,Rain,,FALSE,TRILLIUM DR; TRILLIUM DR ; Near,3/4/2020 10:18:30 AM,541674.7903,4805474.394
44635,15-255073,11/28/2015 6:00:00 AM,2015,11,28,6,0,0,Saturday,539216.7079,4805676.015,-80.51569,43.402948,Non intersection,1,Non-fatal injury,Not on roadway - left side,unknown,unknown,SMV other,Unknown,"Dawn, artificial","04 - Dawn, artificial",Municipal (excl. Twp. Rd.),No control,unknown,0,0,0,FALSE,FALSE,FALSE,Clear,,FALSE,ACTIVA AVE ; BRIDLEWREATH ST; 2 M,3/4/2020 10:18:29 AM,539216.7079,4805676.015
44636,15-255095,11/28/2015 7:50:00 AM,2015,11,28,7,50,0,Saturday,544168.7384,4812184.492,-80.45401,43.461275,Intersection related,1,Non-fatal injury,Not on roadway - right side,unknown,unknown,SMV other,Unknown,Daylight,01 - Daylight,Municipal (excl. Twp. Rd.),No control,unknown,0,0,0,FALSE,FALSE,FALSE,Clear,,FALSE,MANCHESTER RD; PEACHWOOD AVE ; 19 M,3/4/2020 10:18:28 AM,544168.7384,4812184.492
44637,15-255303,11/28/2015 1:46:00 PM,2015,11,28,13,46,0,Saturday,542058.9976,4808910.448,-80.480341,43.431917,Non intersection,1,Non-fatal injury,Thru lane,unknown,unknown,SMV unattended vehicle,Unknown,Daylight,01 - Daylight,Municipal (excl. Twp. Rd.),No control,unknown,0,0,0,FALSE,FALSE,FALSE,Clear,,FALSE,HOFFMAN ST; 20 HOFFMAN ST; Near; 5 M,3/7/2019 2:26:39 PM,542058.9976,4808910.448
44638,15-255366,11/28/2015 3:39:00 PM,2015,11,28,15,39,0,Saturday,544123.8463,4807669.421,-80.45493,43.420624,At/near private drive,2,P.D. only,Thru lane,unknown,unknown,Turning movement,Unknown,Daylight,01 - Daylight,Municipal (excl. Twp. Rd.),No control,unknown,0,0,0,FALSE,FALSE,FALSE,Clear,,FALSE,TRAYNOR AVE ; 341 TRAYNOR AVE; At; 3 M,3/4/2020 10:18:28 AM,544123.8463,4807669.421
44639,15-255423,11/28/2015 5:36:00 PM,2015,11,28,17,36,0,Saturday,539080.5103,4811110.529,-80.516983,43.451888,At intersection,2,P.D. only,Within intersection,unknown,unknown,Sideswipe,Unknown,"Daylight, artificial","02 - Daylight, artificial",Municipal (excl. Twp. Rd.),Traffic signal,Functioning,0,0,0,FALSE,FALSE,FALSE,Clear,,FALSE,GLASGOW ST ; BELMONT AVE W; 0 M,3/4/2020 10:18:27 AM,539080.5103,4811110.529
44640,15-255751,11/29/2015 3:39:00 AM,2015,11,29,3,39,0,Sunday,539069.7076,4808771.303,-80.517284,43.430826,Non intersection,2,P.D. only,Not on roadway - right side,unknown,unknown,SMV other,Unknown,Dark,07 - Dark,Municipal (excl. Twp. Rd.),No control,unknown,0,0,0,FALSE,FALSE,FALSE,Clear,,FALSE,QUEENS BLVD ; KELLY DR ; 8 M,3/4/2020 10:18:26 AM,539069.7076,4808771.303
44641,15-255816,11/27/2015 1:30:00 PM,2015,11,27,13,30,0,Friday,545276.0987,4806433.274,-80.440799,43.409425,At intersection,2,P.D. only,Right turn channel,unknown,unknown,Rear end,Stop sign,Daylight,01 - Daylight,Municipal (excl. Twp. Rd.),Stop sign,Functioning,0,0,0,FALSE,FALSE,FALSE,Clear,,FALSE,WILSON AVE; WABANAKI DR; At,3/4/2020 10:18:26 AM,545276.0987,4806433.274
44642,15-256171,11/29/2015 7:06:00 PM,2015,11,29,19,6,0,Sunday,536916.5692,4808267.29,-80.54392,43.426397,Non intersection,2,P.D. only,Right shoulder,unknown,unknown,SMV unattended vehicle,Unknown,Dark,07 - Dark,Municipal (excl. Twp. Rd.),No control,unknown,0,0,0,FALSE,FALSE,FALSE,Clear,,FALSE,BANKSIDE DR; WESTHEIGHTS DR ; 40 M,3/4/2020 10:18:25 AM,536916.5692,4808267.29
44643,15-256389,11/30/2015 7:15:00 AM,2015,11,30,7,15,0,Monday,540126.1887,4810828.691,-80.50408,43.449295,Underpass or tunnel,2,P.D. only,Thru lane,unknown,unknown,SMV other,Unknown,Dawn,03 - Dawn,Municipal (excl. Twp. Rd.),Other,Functioning,0,0,1,FALSE,FALSE,FALSE,Clear,,FALSE,PARK ST; CN RAIL; At; 1 M,3/4/2020 10:18:24 AM,540126.1887,4810828.691
44644,15-256688,11/30/2015 2:13:00 PM,2015,11,30,14,13,0,Monday,541442.414,4810753.137,-80.487819,43.448543,Non intersection,2,P.D. only,Thru lane,unknown,unknown,SMV other,Unknown,Daylight,01 - Daylight,Regional municipality,No control,unknown,0,0,0,FALSE,FALSE,FALSE,Clear,,FALSE,HALLS LANE E; 17 BENTON ST ; Near; 15 M,3/4/2020 10:18:24 AM,541442.414,4810753.137
44645,15-256854,11/30/2015 5:36:00 PM,2015,11,30,17,36,0,Monday,543081.4355,4812047.399,-80.467461,43.460104,Non intersection,2,P.D. only,Thru lane,unknown,unknown,Rear end,Unknown,"Dark, artificial","08 - Dark, artificial",Regional municipality,No control,unknown,0,0,0,FALSE,FALSE,FALSE,Clear,,FALSE,FREDERICK ST ; 586 FREDERICK ST; 1 M,3/4/2020 10:18:23 AM,543081.4355,4812047.399
44646,15-257279,11/30/2015 12:00:00 AM,2015,11,30,0,0,0,Monday,538950.0107,4806146.366,-80.51895,43.407197,Non intersection,2,P.D. only,Thru lane,unknown,unknown,SMV unattended vehicle,Unknown,Dark,07 - Dark,Municipal (excl. Twp. Rd.),No control,unknown,0,0,0,FALSE,FALSE,FALSE,Clear,,FALSE,DAVID BERGEY DR; DAVID BERGEY DR,3/4/2020 10:18:22 AM,538950.0107,4806146.366
44647,15-257329,12/1/2015 8:45:00 AM,2015,12,1,8,45,0,Tuesday,539571.7564,4806041.031,-80.511279,43.406216,Non intersection,2,P.D. only,Thru lane,unknown,unknown,SMV unattended vehicle,Unknown,Daylight,01 - Daylight,Regional municipality,No control,unknown,0,0,0,FALSE,FALSE,FALSE,Clear,,FALSE,BRIDLEWREATH ST; BRIDLEWREATH ST,3/4/2020 10:18:22 AM,539571.7564,4806041.032
44648,15-257543,11/30/2015 12:00:00 PM,2015,11,30,12,0,0,Monday,542901.3839,4814429.646,-80.469499,43.481564,Non intersection,2,P.D. only,Right shoulder,unknown,unknown,SMV unattended vehicle,Unknown,Daylight,01 - Daylight,Municipal (excl. Twp. Rd.),No control,unknown,0,0,0,FALSE,FALSE,FALSE,Clear,,FALSE,STANLEY AVE; STANLEY AVE ; Near,3/4/2020 10:18:21 AM,542901.3839,4814429.646
44649,15-257569,12/1/2015 3:00:00 PM,2015,12,1,15,0,0,Tuesday,543496.8178,4809571.388,-80.462524,43.437786,At intersection,2,P.D. only,Within intersection,unknown,unknown,Turning movement,Unknown,Daylight,01 - Daylight,Municipal (excl. Twp. Rd.),Stop sign,Functioning,0,0,0,FALSE,FALSE,FALSE,Rain,,FALSE,FLORAL CRES; DOON RD; At,3/4/2020 10:18:20 AM,543496.8178,4809571.388
44650,15-257661,12/1/2015 4:15:00 PM,2015,12,1,16,15,0,Tuesday,542843.1698,4809872.4,-80.470577,43.440534,At intersection,2,P.D. only,Within intersection,unknown,unknown,Angle,Unknown,Daylight,01 - Daylight,Regional municipality,Stop sign,Functioning,0,0,0,FALSE,FALSE,FALSE,Rain,,FALSE,CHARLES ST E; SYDNEY ST S; At,3/4/2020 10:18:20 AM,542843.1698,4809872.401
44651,15-257750,12/1/2015 10:50:00 PM,2015,12,1,22,50,0,Tuesday,545656.3379,4807975.707,-80.435974,43.42329,At/near private drive,2,P.D. only,Off highway,unknown,unknown,SMV other,Unknown,Dark,07 - Dark,Private property,No control,unknown,0,0,0,FALSE,FALSE,FALSE,Clear,,FALSE,FAIRWAY RD S; FAIRWAY RD S; At; 50 M,3/4/2020 10:18:19 AM,545656.3379,4807975.707
44652,15-258002,12/2/2015 9:50:00 AM,2015,12,2,9,50,0,Wednesday,538840.0469,4810379.358,-80.520007,43.445317,Non intersection,2,P.D. only,Thru lane,unknown,unknown,Rear end,Unknown,Daylight,01 - Daylight,Municipal (excl. Twp. Rd.),No control,unknown,0,0,0,FALSE,FALSE,FALSE,Clear,,FALSE,GAGE AVE; WESTMOUNT RD W; 100 M,3/4/2020 10:18:18 AM,538840.0469,4810379.358