OBJECTID,ACCIDENTNUM,ACCIDENTDATE,ACCIDENT_YEAR,ACCIDENT_MONTH,ACCIDENT_DAY,ACCIDENT_HOUR,ACCIDENT_MINUTE,ACCIDENT_SECOND,ACCIDENT_WEEKDAY,XCOORD,YCOORD,LONGITUDE,LATITUDE,ACCIDENTLOCATION,COLLISIONTYPE,CLASSIFICATIONOFACCIDENT,IMPACTLOCATION,INITIALDIRECTIONOFTRAVELONE,INITIALDIRECTIONOFTRAVELTWO,INITIALIMPACTTYPE,INTTRAFFICCONTROL,LIGHT,LIGHTFORREPORT,ROADJURISDICTION,TRAFFICCONTROL,TRAFFICCONTROLCONDITION,THRULANENO,NORTHBOUNDDISOBEYCOUNT,SOUTHBOUNDDISOBEYCOUNT,PEDESTRIANINVOLVED,CYCLISTINVOLVED,MOTORCYCLISTINVOLVED,ENVIRONMENTCONDITION1,ENVIRONMENTCONDITION2,SELFREPORTED,XMLIMPORTNOTES,LASTEDITEDDATE,x,y
44653,15-258348,12/2/2015 3:39:00 PM,2015,12,2,15,39,0,Wednesday,540051.2605,4811332.686,-80.504969,43.453837,Non intersection,1,Non-fatal injury,Thru lane,unknown,unknown,SMV other,Unknown,Daylight,01 - Daylight,Municipal (excl. Twp. Rd.),No control,unknown,0,0,0,TRUE,FALSE,FALSE,Clear,,FALSE,WALTER ST; AGNES ST; 60 M,3/4/2020 10:18:18 AM,540051.2605,4811332.686
44654,15-258511,12/2/2015 7:37:00 PM,2015,12,2,19,37,0,Wednesday,538628.0523,4811280.288,-80.522563,43.45344,At intersection,2,P.D. only,Within intersection,unknown,unknown,SMV other,Unknown,"Dark, artificial","08 - Dark, artificial",Municipal (excl. Twp. Rd.),Stop sign,Functioning,0,0,0,FALSE,FALSE,FALSE,Clear,,FALSE,DUNBAR RD; UNION BLVD,3/4/2020 10:18:17 AM,538628.0523,4811280.288
44655,15-258561,12/2/2015 9:24:00 PM,2015,12,2,21,24,0,Wednesday,543886.5864,4808264.385,-80.457813,43.425995,Non intersection,2,P.D. only,Other,unknown,unknown,SMV unattended vehicle,Unknown,"Dark, artificial","08 - Dark, artificial",Municipal (excl. Twp. Rd.),No control,unknown,0,0,0,FALSE,FALSE,FALSE,Clear,,FALSE,CLARK AVE; BROADMOOR AVE ; 10 M,3/4/2020 10:18:16 AM,543886.5864,4808264.385
44656,15-259132,12/3/2015 2:32:00 PM,2015,12,3,14,32,0,Thursday,540793.5623,4809118.801,-80.49596,43.433863,Non intersection,2,P.D. only,Thru lane,unknown,unknown,Sideswipe,Unknown,Daylight,01 - Daylight,Municipal (excl. Twp. Rd.),Stop sign,Functioning,0,0,0,FALSE,FALSE,FALSE,Rain,,FALSE,STIRLING AVE S; MAUSSER AVE; 20 M,3/4/2020 10:18:16 AM,540793.5623,4809118.801
44657,15-259208,12/3/2015 2:50:00 PM,2015,12,3,14,50,0,Thursday,541697.3804,4804136.921,-80.485173,43.388956,At/near private drive,2,P.D. only,Thru lane,unknown,unknown,SMV unattended vehicle,Unknown,Daylight,01 - Daylight,Municipal (excl. Twp. Rd.),No control,unknown,0,0,0,FALSE,FALSE,FALSE,Other,,FALSE,PARKVALE DR; 401 PARKVALE DR; Near,3/4/2020 10:18:15 AM,541697.3804,4804136.921
44658,15-259324,12/3/2015 6:43:00 PM,2015,12,3,18,43,0,Thursday,538056.9683,4808202.104,-80.529836,43.425753,Intersection related,2,P.D. only,Thru lane,unknown,unknown,Turning movement,Unknown,"Dusk, artificial","06 - Dusk, artificial",Municipal (excl. Twp. Rd.),Stop sign,Functioning,0,0,0,FALSE,FALSE,FALSE,Rain,,FALSE,WESTHEIGHTS DR; TRAILVIEW DR,3/7/2019 2:26:38 PM,538056.9683,4808202.104
44659,15-259327,11/27/2015 8:30:00 PM,2015,11,27,20,30,0,Friday,538679.8014,4806826.277,-80.522239,43.413333,At/near private drive,2,P.D. only,Thru lane,unknown,unknown,SMV unattended vehicle,Unknown,"Dark, artificial","08 - Dark, artificial",Municipal (excl. Twp. Rd.),No control,unknown,0,0,0,FALSE,FALSE,FALSE,Rain,,FALSE,WINDFLOWER DR; 97 WINDFLOWER DR; At,3/4/2020 10:18:14 AM,538679.8014,4806826.277
44660,15-259402,12/3/2015 8:03:00 PM,2015,12,3,20,3,0,Thursday,547221.4399,4808946.947,-80.416556,43.431938,Non intersection,2,P.D. only,Thru lane,unknown,unknown,Other,Unknown,Dark,07 - Dark,Municipal (excl. Twp. Rd.),Stop sign,Functioning,0,0,0,FALSE,FALSE,FALSE,Clear,,FALSE,QUINTE CRES; QUINTE CRT; 34 M,3/4/2020 10:18:14 AM,547221.4399,4808946.947
44661,15-259649,11/30/2015 9:00:00 PM,2015,11,30,21,0,0,Monday,538408.0396,4809138.89,-80.525433,43.43417,At/near private drive,2,P.D. only,Thru lane,unknown,unknown,SMV unattended vehicle,Unknown,"Dark, artificial","08 - Dark, artificial",Municipal (excl. Twp. Rd.),No control,unknown,0,0,0,FALSE,FALSE,FALSE,Clear,,FALSE,CAPRICE CRT; 22 CAPRICE CRT; At,3/4/2020 10:18:13 AM,538408.0396,4809138.89
44662,15-260084,12/4/2015 5:51:00 PM,2015,12,4,17,51,0,Friday,537843.2383,4809145.693,-80.532411,43.43426,Non intersection,2,P.D. only,Thru lane,unknown,unknown,SMV unattended vehicle,Unknown,"Dusk, artificial","06 - Dusk, artificial",Municipal (excl. Twp. Rd.),No control,unknown,0,0,0,FALSE,FALSE,FALSE,Clear,,FALSE,OPRINGTON DR; BENESFORT DR ; 30 M,3/7/2019 2:26:37 PM,537843.2383,4809145.693
44663,15-260275,12/4/2015 10:56:00 PM,2015,12,4,22,56,0,Friday,541684.5629,4805452.353,-80.485231,43.400801,Non intersection,1,Non-fatal injury,Not on roadway - right side,unknown,unknown,SMV other,Unknown,Dark,07 - Dark,Municipal (excl. Twp. Rd.),No control,unknown,0,0,0,FALSE,FALSE,FALSE,Clear,,FALSE,TRILLIUM DR ; 801 TRILLIUM DR; 275 M,3/4/2020 10:18:12 AM,541684.5629,4805452.353
44664,15-260538,12/5/2015 9:54:00 AM,2015,12,5,9,54,0,Saturday,543075.8308,4812797.477,-80.467471,43.466858,At intersection,2,P.D. only,Within intersection,unknown,unknown,Turning movement,Unknown,Daylight,01 - Daylight,Municipal (excl. Twp. Rd.),Stop sign,Functioning,0,0,0,FALSE,FALSE,FALSE,Clear,,FALSE,RIVERBEND DR; WELLINGTON ST N; At,3/4/2020 10:18:12 AM,543075.8308,4812797.477
44665,15-260822,12/5/2015 6:25:00 PM,2015,12,5,18,25,0,Saturday,538356.3734,4808161.93,-80.52614,43.425376,Non intersection,2,P.D. only,Thru lane,unknown,unknown,SMV unattended vehicle,Unknown,Dark,07 - Dark,Municipal (excl. Twp. Rd.),No control,unknown,0,0,0,FALSE,FALSE,FALSE,Clear,,FALSE,ELM RIDGE DR; HILLBROOK CRES; Near; 5 M,3/4/2020 10:18:11 AM,538356.3734,4808161.93
44666,15-261897,12/7/2015 12:22:00 PM,2015,12,7,12,22,0,Monday,539177.5824,4810905.408,-80.515798,43.450036,Non intersection,2,P.D. only,Thru lane,unknown,unknown,Rear end,Unknown,Daylight,01 - Daylight,Regional municipality,No control,unknown,0,0,0,FALSE,FALSE,FALSE,Clear,,FALSE,BELMONT AVE W; 558 BELMONT AVE W; 5 M,3/4/2020 10:18:10 AM,539177.5824,4810905.408
44667,15-262160,12/7/2015 4:30:00 PM,2015,12,7,16,30,0,Monday,541068,4811108,0,0,Intersection related,2,P.D. only,Within intersection,unknown,unknown,Turning movement,Unknown,Daylight,01 - Daylight,Municipal (excl. Twp. Rd.),Stop sign,Functioning,0,0,0,FALSE,FALSE,FALSE,Clear,,FALSE,WILSON AVE; WABANAKI DR; At,3/4/2020 10:18:10 AM,541068,4811108
44668,15-262279,12/7/2015 9:05:00 PM,2015,12,7,21,5,0,Monday,541068,4811108,0,0,Non intersection,2,P.D. only,Thru lane,unknown,unknown,SMV unattended vehicle,Unknown,Dark,07 - Dark,Municipal (excl. Twp. Rd.),No control,unknown,0,0,0,FALSE,FALSE,FALSE,Clear,,FALSE,BOND ST ; BOND ST ; 1 M,3/4/2020 10:18:09 AM,541068,4811108
44669,15-262368,12/7/2015 10:48:00 PM,2015,12,7,22,48,0,Monday,541494.9473,4810474.029,-80.487191,43.446027,Non intersection,2,P.D. only,Right shoulder,unknown,unknown,SMV other,Unknown,"Dark, artificial","08 - Dark, artificial",Municipal (excl. Twp. Rd.),No control,unknown,0,0,0,FALSE,FALSE,FALSE,Clear,,FALSE,PETER ST; CHURCH ST ; Near; 90 M,3/4/2020 10:18:08 AM,541494.9473,4810474.029
44670,15-262489,12/8/2015 8:43:00 AM,2015,12,8,8,43,0,Tuesday,536563.9343,4809558.443,-80.54819,43.43804,Non intersection,2,P.D. only,Not on roadway - right side,unknown,unknown,SMV other,Unknown,Daylight,01 - Daylight,Municipal (excl. Twp. Rd.),No control,unknown,0,0,0,FALSE,FALSE,FALSE,Clear,,FALSE,RESURRECTION DR ; NORTHMANOR CRES ; 10 M,3/4/2020 10:18:07 AM,536563.9343,4809558.444
44671,15-262551,12/7/2015 7:45:00 PM,2015,12,7,19,45,0,Monday,541068,4811108,0,0,At/near private drive,2,P.D. only,Thru lane,unknown,unknown,SMV unattended vehicle,Unknown,"Dark, artificial","08 - Dark, artificial",Municipal (excl. Twp. Rd.),No control,unknown,0,0,0,FALSE,FALSE,FALSE,Clear,,FALSE,SWEET WILLIAM ST; SWEET WILLIAM ST ; At,3/4/2020 10:18:07 AM,541068,4811108
44672,15-262691,12/8/2015 1:01:00 PM,2015,12,8,13,1,0,Tuesday,545035.6104,4807866.47,-80.443651,43.422344,At intersection,1,Non-fatal injury,Within intersection,unknown,unknown,SMV other,Unknown,Daylight,01 - Daylight,Municipal (excl. Twp. Rd.),Traffic signal,Functioning,0,0,0,TRUE,FALSE,FALSE,Clear,,FALSE,WILSON AV; KINGSWAY DR ; At,3/4/2020 10:18:06 AM,545035.6104,4807866.471
44673,15-262917,12/8/2015 5:25:00 PM,2015,12,8,17,25,0,Tuesday,540324.2472,4810669.945,-80.501644,43.447855,Non intersection,1,Non-fatal injury,Thru lane,unknown,unknown,Rear end,Unknown,Dark,07 - Dark,Regional municipality,No control,unknown,0,0,0,FALSE,FALSE,FALSE,Clear,,FALSE,PARK ST; VICTORIA ST S; 100 M,3/4/2020 10:18:05 AM,540324.2472,4810669.945
44674,15-263034,12/8/2015 9:02:00 PM,2015,12,8,21,2,0,Tuesday,541068,4811108,0,0,Non intersection,2,P.D. only,Not on roadway - right side,unknown,unknown,SMV unattended vehicle,Unknown,"Dark, artificial","08 - Dark, artificial",Municipal (excl. Twp. Rd.),No control,unknown,0,0,0,FALSE,FALSE,FALSE,Clear,,FALSE,RED CLOVER CRES; RED CLOVER CRT ; 30 M,3/4/2020 10:18:05 AM,541068,4811108
44675,15-263364,12/9/2015 10:27:00 AM,2015,12,9,10,27,0,Wednesday,541768.3204,4809280.808,-80.483904,43.435268,At/near private drive,2,P.D. only,Thru lane,unknown,unknown,Rear end,Unknown,Daylight,01 - Daylight,Municipal (excl. Twp. Rd.),No control,unknown,0,0,0,FALSE,FALSE,FALSE,Clear,,FALSE,MILL ST; 343 MILL ST; At; 1 M,3/4/2020 10:18:04 AM,541768.3204,4809280.808
44676,15-263375,11/25/2015 10:10:00 AM,2015,11,25,10,10,0,Wednesday,541068,4811108,0,0,Non intersection,2,P.D. only,Thru lane,unknown,unknown,Other,Unknown,Daylight,01 - Daylight,Municipal (excl. Twp. Rd.),No control,unknown,0,0,0,FALSE,FALSE,FALSE,Clear,,FALSE,FRANCIS ST S; CHARLES ST W,3/4/2020 10:18:03 AM,541068,4811108
44677,15-264343,12/9/2015 6:25:00 PM,2015,12,9,18,25,0,Wednesday,541150.8611,4810649.063,-80.49143,43.447622,At/near private drive,1,Non-fatal injury,Thru lane,unknown,unknown,Rear end,Unknown,Dark,07 - Dark,Regional municipality,No control,unknown,0,0,0,FALSE,FALSE,FALSE,Rain,,FALSE,QUEEN ST S; ST GEORGE ST ; Near,3/4/2020 10:18:03 AM,541150.8611,4810649.063
44678,15-264439,12/9/2015 10:30:00 PM,2015,12,9,22,30,0,Wednesday,541068,4811108,0,0,Non intersection,2,P.D. only,Right shoulder,unknown,unknown,SMV unattended vehicle,Unknown,Dark,07 - Dark,Municipal (excl. Twp. Rd.),Stop sign,Functioning,0,0,0,FALSE,FALSE,FALSE,Rain,,FALSE,BIEHN DR; BLACK WALNUT DR; At,3/4/2020 10:18:02 AM,541068,4811108
44679,15-264531,12/10/2015 7:44:00 PM,2015,12,10,19,44,0,Thursday,542651.1372,4807349.313,-80.473147,43.417827,At intersection,1,Non-fatal injury,Within intersection,unknown,unknown,SMV other,Unknown,"Dark, artificial","08 - Dark, artificial",Municipal (excl. Twp. Rd.),Traffic signal,Functioning,0,0,0,TRUE,FALSE,FALSE,Clear,,FALSE,BLOCK LINE RD ; KINGSWOOD DR ; At,3/4/2020 10:18:01 AM,542651.1372,4807349.313
44680,15-264992,12/11/2015 12:03:00 PM,2015,12,11,12,3,0,Friday,541363.4427,4811187.79,-80.488762,43.452461,Non intersection,2,P.D. only,Thru lane,unknown,unknown,Sideswipe,Unknown,Daylight,01 - Daylight,Municipal (excl. Twp. Rd.),Stop sign,Functioning,0,0,0,FALSE,FALSE,FALSE,Clear,,FALSE,ONTARIO ST N; WEBER ST W; 20 M,3/4/2020 10:18:01 AM,541363.4427,4811187.791
44681,15-265303,12/11/2015 6:30:00 PM,2015,12,11,18,30,0,Friday,541068,4811108,0,0,At/near private drive,2,P.D. only,Thru lane,unknown,unknown,Turning movement,Unknown,Dark,07 - Dark,Municipal (excl. Twp. Rd.),No control,unknown,0,0,0,FALSE,FALSE,FALSE,Clear,,FALSE,WILSON AVE ; WILSON AVE; At,3/4/2020 10:18:00 AM,541068,4811108
44682,15-265761,12/10/2015 10:30:00 PM,2015,12,10,22,30,0,Thursday,541068,4811108,0,0,At/near private drive,2,P.D. only,Thru lane,unknown,unknown,Turning movement,Unknown,"Dark, artificial","08 - Dark, artificial",Municipal (excl. Twp. Rd.),No control,unknown,0,0,0,FALSE,FALSE,FALSE,Clear,,FALSE,WEST ACRES CRES; 7 WEST ACRES CRES; At,3/4/2020 10:17:59 AM,541068,4811108
44683,15-266642,12/13/2015 4:03:00 PM,2015,12,13,16,3,0,Sunday,543989.503,4807775.051,-80.456581,43.421583,At intersection,1,Non-fatal injury,Within intersection,unknown,unknown,Angle,Unknown,Daylight,01 - Daylight,Municipal (excl. Twp. Rd.),Stop sign,Functioning,0,0,0,FALSE,FALSE,FALSE,Rain,,FALSE,VANIER DR ; SIEBERT AVE,3/4/2020 10:17:59 AM,543989.503,4807775.051
44684,15-266954,12/11/2015 10:30:00 PM,2015,12,11,22,30,0,Friday,536439.0713,4809166.947,-80.549759,43.434521,At/near private drive,2,P.D. only,Thru lane,unknown,unknown,SMV unattended vehicle,Unknown,"Dark, artificial","08 - Dark, artificial",Municipal (excl. Twp. Rd.),No control,unknown,0,0,0,FALSE,FALSE,FALSE,Clear,,FALSE,WINDWARD PL; 38 WINDWARD PL; At,3/4/2020 10:17:58 AM,536439.0713,4809166.947
44685,15-267092,12/14/2015 11:54:00 AM,2015,12,14,11,54,0,Monday,541264.5297,4811009.264,-80.489998,43.450859,At intersection,2,P.D. only,Within intersection,unknown,unknown,Other,Unknown,Daylight,01 - Daylight,Municipal (excl. Twp. Rd.),Stop sign,Functioning,0,0,0,FALSE,FALSE,FALSE,Clear,,FALSE,ONTARIO ST N; GOUDIES LANE ; 0 M,3/4/2020 10:17:57 AM,541264.5297,4811009.264
44686,15-267199,12/14/2015 1:00:00 AM,2015,12,14,1,0,0,Monday,547354.7382,4808936.664,-80.41491,43.431837,Non intersection,1,Non-fatal injury,Left shoulder,unknown,unknown,SMV other,Unknown,"Dark, artificial","08 - Dark, artificial",Municipal (excl. Twp. Rd.),No control,unknown,0,0,0,FALSE,FALSE,FALSE,"Fog, mist, smoke, dust",,FALSE,MORRISON RD ; GRAND RIVER BLVD ; 10 M,3/7/2019 2:26:37 PM,547354.7382,4808936.664
44687,15-267393,12/14/2015 3:57:00 PM,2015,12,14,15,57,0,Monday,544560.2458,4811738.933,-80.449207,43.45724,Intersection related,1,Non-fatal injury,Thru lane,unknown,unknown,Rear end,Unknown,Dusk,05 - Dusk,Regional municipality,Traffic signal,Functioning,0,0,0,FALSE,FALSE,FALSE,Rain,,FALSE,RIVER RD E; LORRAINE AVE,3/4/2020 10:17:57 AM,544560.2458,4811738.934
44688,15-267799,12/15/2015 9:13:00 AM,2015,12,15,9,13,0,Tuesday,540148.2969,4810119.031,-80.503859,43.442904,Intersection related,1,Non-fatal injury,Thru lane,unknown,unknown,Rear end,Unknown,Daylight,01 - Daylight,Municipal (excl. Twp. Rd.),No control,unknown,0,0,0,FALSE,FALSE,FALSE,Clear,,FALSE,WEST AVE ; HOMEWOOD AVE ; At,3/4/2020 10:17:56 AM,540148.2969,4810119.031
44689,15-267848,12/15/2015 9:58:00 AM,2015,12,15,9,58,0,Tuesday,547735.3564,4803663.563,-80.410668,43.384334,At/near private drive,2,P.D. only,Thru lane,unknown,unknown,Turning movement,Unknown,Daylight,01 - Daylight,Regional municipality,No control,unknown,0,0,0,FALSE,FALSE,FALSE,Clear,,FALSE,CONESTOGA COLLEGE BLVD;  CONESTOGA COLLEGE BLVD; Near; 50 M,3/4/2020 10:17:55 AM,547735.3564,4803663.563
44690,15-267901,12/15/2015 11:10:00 AM,2015,12,15,11,10,0,Tuesday,541232.2885,4810949.315,-80.490401,43.450321,Non intersection,1,Non-fatal injury,Thru lane,unknown,unknown,Sideswipe,Unknown,Daylight,01 - Daylight,Municipal (excl. Twp. Rd.),Traffic signal,Functioning,0,0,0,FALSE,FALSE,FALSE,Clear,,FALSE,KING ST W; ONTARIO ST S; 21 M,3/4/2020 10:17:55 AM,541232.2885,4810949.315
44691,15-268041,12/15/2015 8:00:00 AM,2015,12,15,8,0,0,Tuesday,541630.88,4810554.609,-80.485505,43.446745,Non intersection,2,Non-reportable,Thru lane,unknown,unknown,SMV unattended vehicle,Unknown,Daylight,01 - Daylight,Regional municipality,No control,unknown,0,0,0,FALSE,FALSE,FALSE,Clear,,FALSE,EBY ST S; CHARLES ST E,3/4/2020 10:17:54 AM,541630.88,4810554.609
44692,15-268194,12/15/2015 7:30:00 AM,2015,12,15,7,30,0,Tuesday,545042.3508,4812539.012,-80.443182,43.464415,At/near private drive,2,P.D. only,Thru lane,unknown,unknown,Other,Unknown,Dawn,03 - Dawn,Municipal (excl. Twp. Rd.),No control,unknown,0,0,0,FALSE,FALSE,FALSE,Clear,,FALSE,HERITAGE DR; 232 HERITAGE DR; At; 1 M,3/4/2020 10:17:53 AM,545042.3508,4812539.012
44693,15-268568,12/16/2015 9:00:00 AM,2015,12,16,9,0,0,Wednesday,543381.3558,4808535.439,-80.464033,43.428465,Non intersection,2,Non-reportable,Thru lane,unknown,unknown,Rear end,Unknown,Daylight,01 - Daylight,Municipal (excl. Twp. Rd.),No control,unknown,0,0,0,FALSE,FALSE,FALSE,"Fog, mist, smoke, dust",,FALSE,VANIER DR; WALTON AVE; Near,3/4/2020 10:17:53 AM,543381.3558,4808535.439
44694,15-268746,12/16/2015 2:22:00 PM,2015,12,16,14,22,0,Wednesday,541343.3819,4809062.176,-80.489171,43.433323,At intersection,2,P.D. only,Within intersection,unknown,unknown,Angle,Unknown,Daylight,01 - Daylight,Municipal (excl. Twp. Rd.),Stop sign,Functioning,0,0,0,FALSE,FALSE,FALSE,Rain,,FALSE,HIGHLAND RD E; HEIMAN ST,3/4/2020 10:17:52 AM,541343.3819,4809062.176
44695,15-269377,12/17/2015 1:57:00 PM,2015,12,17,13,57,0,Thursday,545793.931,4808623.02,-80.43422,43.42911,Intersection related,1,Non-fatal injury,Left turn lane,unknown,unknown,Turning movement,Unknown,Daylight,01 - Daylight,Regional municipality,Stop sign,Functioning,0,0,0,FALSE,FALSE,FALSE,Clear,,FALSE,MORGAN AVE; KING ST E; At; 2 M,3/4/2020 10:17:51 AM,545793.931,4808623.02
44696,15-269480,12/17/2015 4:09:00 PM,2015,12,17,16,9,0,Thursday,541068,4811108,0,0,At intersection,2,P.D. only,Within intersection,unknown,unknown,Turning movement,Unknown,Dusk,05 - Dusk,Regional municipality,Stop sign,Functioning,0,0,0,FALSE,FALSE,FALSE,Clear,,FALSE,BLOCK LINE RD; LENNOX LEWIS WAY,3/4/2020 10:17:51 AM,541068,4811108
44697,15-269533,12/17/2015 5:28:00 PM,2015,12,17,17,28,0,Thursday,542510.9039,4810190.044,-80.474658,43.443413,At/near private drive,2,P.D. only,Not on roadway - right side,unknown,unknown,SMV other,Unknown,"Dusk, artificial","06 - Dusk, artificial",Municipal (excl. Twp. Rd.),No control,unknown,0,0,0,FALSE,FALSE,FALSE,Clear,,FALSE,DANE ST ; 10 DANE ST; 10 M,3/4/2020 10:17:50 AM,542510.9039,4810190.044
44698,15-269821,12/18/2015 7:07:00 AM,2015,12,18,7,7,0,Friday,545433.5198,4808342.595,-80.438696,43.426607,At intersection,1,Non-fatal injury,Within intersection,unknown,unknown,SMV other,Unknown,Dawn,03 - Dawn,Municipal (excl. Twp. Rd.),Stop sign,Functioning,0,0,0,TRUE,FALSE,FALSE,Clear,,FALSE,KINGSWAY DR; CEDARWOODS CRES; At,3/4/2020 10:17:49 AM,545433.5198,4808342.595
44699,15-270045,12/17/2015 3:11:00 PM,2015,12,17,15,11,0,Thursday,543869.4739,4805578.922,-80.45824,43.401816,At/near private drive,2,P.D. only,Thru lane,unknown,unknown,Turning movement,Unknown,Daylight,01 - Daylight,Municipal (excl. Twp. Rd.),No control,unknown,0,0,0,FALSE,FALSE,FALSE,Clear,,FALSE,BEASLEY DR; BEASLEY DR ; At,3/4/2020 10:17:49 AM,543869.4739,4805578.922
44700,15-270308,12/18/2015 7:21:00 PM,2015,12,18,19,21,0,Friday,546086.3037,4809462.976,-80.430537,43.436655,Non intersection,1,Non-fatal injury,Thru lane,unknown,unknown,Rear end,Unknown,"Dark, artificial","08 - Dark, artificial",Regional municipality,No control,unknown,0,0,0,FALSE,FALSE,FALSE,Clear,,FALSE,RIVER RD E; KINZIE AVE; 55 M,3/4/2020 10:17:48 AM,546086.3037,4809462.976
44701,15-270454,12/18/2015 11:00:00 PM,2015,12,18,23,0,0,Friday,542529.6655,4809422.172,-80.474486,43.436498,Intersection related,1,Non-fatal injury,Not on roadway - right side,unknown,unknown,SMV other,Unknown,"Dark, artificial","08 - Dark, artificial",Municipal (excl. Twp. Rd.),Stop sign,Functioning,0,0,0,FALSE,FALSE,FALSE,Snow,,FALSE,SYDNEY ST S; BEDFORD RD ; Near; 1 M,3/4/2020 10:17:47 AM,542529.6655,4809422.172
44702,15-270510,12/18/2015 11:55:00 PM,2015,12,18,23,55,0,Friday,545850.2553,4809755.793,-80.433429,43.439306,Intersection related,2,P.D. only,Not on roadway - right side,unknown,unknown,SMV other,Unknown,Dark,07 - Dark,Regional municipality,Traffic signal,Functioning,0,0,0,FALSE,FALSE,FALSE,Snow,,FALSE,OLD CHICOPEE DR ; RIVER RD E; At,3/4/2020 10:17:47 AM,545850.2553,4809755.793
44703,15-270515,12/19/2015 12:14:00 AM,2015,12,19,0,14,0,Saturday,541231.2468,4810947.643,-80.490414,43.450306,At intersection,2,P.D. only,Thru lane,unknown,unknown,Rear end,Unknown,"Dark, artificial","08 - Dark, artificial",Regional municipality,Traffic signal,Functioning,0,0,0,FALSE,FALSE,FALSE,Snow,,FALSE,KING ST W; ONTARIO ST N,3/4/2020 10:17:46 AM,541231.2468,4810947.643
44704,15-270567,12/19/2015 1:44:00 AM,2015,12,19,1,44,0,Saturday,541068,4811108,0,0,Non intersection,2,P.D. only,Not on roadway - right side,unknown,unknown,SMV other,Unknown,"Dark, artificial","08 - Dark, artificial",Municipal (excl. Twp. Rd.),No control,unknown,0,0,0,FALSE,FALSE,FALSE,Clear,,FALSE,JUBILEE DR; THERESA ST; 100 M,3/4/2020 10:17:45 AM,541068,4811108
44705,15-270596,12/19/2015 2:59:00 AM,2015,12,19,2,59,0,Saturday,541105.9234,4812457.759,-80.491849,43.46391,Non intersection,2,P.D. only,Not on roadway - right side,unknown,unknown,SMV other,Unknown,"Dark, artificial","08 - Dark, artificial",Regional municipality,No control,unknown,0,0,0,FALSE,FALSE,FALSE,Snow,,FALSE,GUELPH ST ; 528 GUELPH ST ; At; 3 M,3/4/2020 10:17:45 AM,541105.9234,4812457.759
44706,15-270626,12/19/2015 4:59:00 AM,2015,12,19,4,59,0,Saturday,543136.6246,4806540.764,-80.467214,43.410519,Intersection related,2,P.D. only,Thru lane,unknown,unknown,SMV other,Unknown,"Dark, artificial","08 - Dark, artificial",Municipal (excl. Twp. Rd.),Stop sign,Functioning,0,0,0,FALSE,FALSE,FALSE,Clear,,FALSE,COUNTRY HILL DR ; CENTURY HILL DR; At,3/4/2020 10:17:44 AM,543136.6246,4806540.764
44707,15-270689,12/18/2015 11:15:00 PM,2015,12,18,23,15,0,Friday,539359.7217,4807743.236,-80.513775,43.421554,Non intersection,2,P.D. only,Thru lane,unknown,unknown,Sideswipe,Unknown,"Dark, artificial","08 - Dark, artificial",Municipal (excl. Twp. Rd.),No control,unknown,0,0,0,FALSE,FALSE,FALSE,Snow,,FALSE,GREENBROOK DR; GREENBROOK DR ; At; 5 M,3/4/2020 10:17:43 AM,539359.7217,4807743.236
44708,15-270691,12/18/2015 9:30:00 PM,2015,12,18,21,30,0,Friday,541068,4811108,0,0,Intersection related,2,P.D. only,Thru lane,unknown,unknown,Sideswipe,Unknown,Dark,07 - Dark,Municipal (excl. Twp. Rd.),No control,unknown,0,0,0,FALSE,FALSE,FALSE,Snow,,FALSE,WILSON AVE; WABANAKI DR; Near,3/4/2020 10:17:43 AM,541068,4811108
44709,15-270809,12/19/2015 11:30:00 AM,2015,12,19,11,30,0,Saturday,544233.8684,4804084.307,-80.453861,43.388337,Non intersection,2,P.D. only,Thru lane,unknown,unknown,Turning movement,Unknown,Daylight,01 - Daylight,Municipal (excl. Twp. Rd.),No control,unknown,0,0,0,FALSE,FALSE,FALSE,Clear,,FALSE,ROBERTSON CRES ; ROBERTSON CRES; At,3/4/2020 10:17:42 AM,544233.8684,4804084.307
44710,15-270820,12/19/2015 12:14:00 PM,2015,12,19,12,14,0,Saturday,541141.1247,4809008.629,-80.491674,43.432852,Non intersection,2,P.D. only,Not on roadway - left side,unknown,unknown,SMV other,Unknown,Daylight,01 - Daylight,Municipal (excl. Twp. Rd.),No control,unknown,0,0,0,FALSE,FALSE,FALSE,Snow,,FALSE,LORNE AVE; GOTTSCHEER CRT ; 30 M,3/4/2020 10:17:41 AM,541141.1247,4809008.629
44711,15-270872,12/18/2015 10:15:00 PM,2015,12,18,22,15,0,Friday,542109.3731,4807128.453,-80.479856,43.415869,Intersection related,2,P.D. only,Thru lane,unknown,unknown,Rear end,Unknown,"Dark, artificial","08 - Dark, artificial",Municipal (excl. Twp. Rd.),Traffic signal,Functioning,0,0,0,FALSE,FALSE,FALSE,Snow,,FALSE,BLOCK LINE RD; STRASBURG RD; Near,3/4/2020 10:17:41 AM,542109.3731,4807128.453
44712,15-270892,12/19/2015 1:00:00 PM,2015,12,19,13,0,0,Saturday,543869.1053,4805062.263,-80.458286,43.397164,Intersection related,2,P.D. only,Right shoulder,unknown,unknown,SMV unattended vehicle,Unknown,Daylight,01 - Daylight,Municipal (excl. Twp. Rd.),No control,unknown,0,0,0,FALSE,FALSE,FALSE,Snow,,FALSE,MAXWELL DR; OLD HURRON RD; Near,3/4/2020 10:17:40 AM,543869.1053,4805062.263