OBJECTID,ACCIDENTNUM,ACCIDENTDATE,ACCIDENT_YEAR,ACCIDENT_MONTH,ACCIDENT_DAY,ACCIDENT_HOUR,ACCIDENT_MINUTE,ACCIDENT_SECOND,ACCIDENT_WEEKDAY,XCOORD,YCOORD,LONGITUDE,LATITUDE,ACCIDENTLOCATION,COLLISIONTYPE,CLASSIFICATIONOFACCIDENT,IMPACTLOCATION,INITIALDIRECTIONOFTRAVELONE,INITIALDIRECTIONOFTRAVELTWO,INITIALIMPACTTYPE,INTTRAFFICCONTROL,LIGHT,LIGHTFORREPORT,ROADJURISDICTION,TRAFFICCONTROL,TRAFFICCONTROLCONDITION,THRULANENO,NORTHBOUNDDISOBEYCOUNT,SOUTHBOUNDDISOBEYCOUNT,PEDESTRIANINVOLVED,CYCLISTINVOLVED,MOTORCYCLISTINVOLVED,ENVIRONMENTCONDITION1,ENVIRONMENTCONDITION2,SELFREPORTED,XMLIMPORTNOTES,LASTEDITEDDATE,x,y
44775,16-003490,1/6/2016 7:56:00 AM,2016,1,6,7,56,0,Wednesday,540155.2533,4811287.77,-80.503687,43.453427,At intersection,1,Non-fatal injury,Within intersection,unknown,unknown,SMV other,Unknown,Daylight,01 - Daylight,Municipal (excl. Twp. Rd.),Stop sign,Functioning,0,0,0,TRUE,FALSE,FALSE,Clear,,FALSE,WALTER ST; WELLINGTON ST S; At,3/4/2020 10:16:57 AM,540155.2533,4811287.77
44776,16-003498,1/3/2016 1:30:00 PM,2016,1,3,13,30,0,Sunday,542808.0087,4811509.561,-80.470883,43.455277,At/near private drive,2,P.D. only,Right shoulder,unknown,unknown,SMV unattended vehicle,Unknown,Daylight,01 - Daylight,Municipal (excl. Twp. Rd.),No control,unknown,0,0,0,FALSE,FALSE,FALSE,Clear,,FALSE,DUMFRIES AVE; DUMFRIES AVE ; Near,3/4/2020 10:16:57 AM,542808.0087,4811509.561
44777,16-003652,1/6/2016 11:04:00 AM,2016,1,6,11,4,0,Wednesday,541068,4811108,0,0,At intersection,1,Non-fatal injury,Within intersection,unknown,unknown,Turning movement,Unknown,Daylight,01 - Daylight,Municipal (excl. Twp. Rd.),Stop sign,Functioning,0,0,0,FALSE,FALSE,FALSE,Clear,,FALSE,GLASGOW ST ; YORK ST,3/4/2020 10:16:56 AM,541068,4811108
44778,16-003816,1/6/2016 2:06:00 PM,2016,1,6,14,6,0,Wednesday,540552.4496,4805590.06,-80.499201,43.402103,Non intersection,2,P.D. only,Off highway,unknown,unknown,SMV unattended vehicle,Unknown,Daylight,01 - Daylight,Municipal (excl. Twp. Rd.),No control,unknown,0,0,0,FALSE,FALSE,FALSE,Clear,,FALSE,HELENA FEASBY ST; HARDING ST ; 33 M,3/4/2020 10:16:55 AM,540552.4496,4805590.06
44779,16-003838,1/6/2016 2:40:00 PM,2016,1,6,14,40,0,Wednesday,541068,4811108,0,0,At intersection,2,P.D. only,Within intersection,unknown,unknown,Rear end,Unknown,Daylight,01 - Daylight,Municipal (excl. Twp. Rd.),No control,unknown,0,0,0,FALSE,FALSE,FALSE,Clear,,FALSE,FRANKLIN ST N; DALEWOOD DR ; At,3/4/2020 10:16:55 AM,541068,4811108
44780,16-004061,1/5/2016 8:20:00 PM,2016,1,5,20,20,0,Tuesday,541068,4811108,0,0,At/near private drive,2,P.D. only,Thru lane,unknown,unknown,Other,Unknown,"Dark, artificial","08 - Dark, artificial",Municipal (excl. Twp. Rd.),No control,unknown,0,0,0,FALSE,FALSE,FALSE,Clear,,FALSE,WILDERNESS DR; 115 WILDERNESS DR; At,3/4/2020 10:16:54 AM,541068,4811108
44781,16-004424,1/7/2016 8:50:00 AM,2016,1,7,8,50,0,Thursday,541068,4811108,0,0,At/near private drive,2,P.D. only,Thru lane,unknown,unknown,SMV unattended vehicle,Unknown,Daylight,01 - Daylight,Municipal (excl. Twp. Rd.),No control,unknown,0,0,0,FALSE,FALSE,FALSE,Clear,,FALSE,VILLAGE RD; 254 VILLAGE RD; 9 M,3/4/2020 10:16:53 AM,541068,4811108
44782,16-004486,1/6/2016 9:15:00 PM,2016,1,6,21,15,0,Wednesday,538118.0048,4809533.508,-80.528989,43.437738,Non intersection,2,P.D. only,Right shoulder,unknown,unknown,SMV unattended vehicle,Unknown,"Dark, artificial","08 - Dark, artificial",Municipal (excl. Twp. Rd.),No control,unknown,0,0,0,FALSE,FALSE,FALSE,Clear,,FALSE,FENWICK CRT; FENWICK CRT ; Near,3/4/2020 10:16:53 AM,538118.0048,4809533.508
44783,16-005182,1/8/2016 9:05:00 AM,2016,1,8,9,5,0,Friday,541068,4811108,0,0,At intersection,2,P.D. only,Within intersection,unknown,unknown,Angle,Unknown,Daylight,01 - Daylight,Municipal (excl. Twp. Rd.),Stop sign,Functioning,0,0,1,FALSE,FALSE,FALSE,Clear,,FALSE,LOUISA ST; ST LEGER ST,3/4/2020 10:16:52 AM,541068,4811108
44784,16-005315,1/8/2016 12:00:00 PM,2016,1,8,12,0,0,Friday,541068,4811108,0,0,At/near private drive,2,P.D. only,Thru lane,unknown,unknown,Rear end,Unknown,Daylight,01 - Daylight,Municipal (excl. Twp. Rd.),No control,unknown,0,0,0,FALSE,FALSE,FALSE,Clear,,FALSE,MAX BECKER DR ; 219 MAX BECKER DR; At; 5 M,3/4/2020 10:16:51 AM,541068,4811108
44785,16-005410,1/8/2016 12:15:00 PM,2016,1,8,12,15,0,Friday,546774.2281,4804112.748,-80.422495,43.388439,At intersection,2,P.D. only,Within intersection,unknown,unknown,Turning movement,Unknown,Daylight,01 - Daylight,Municipal (excl. Twp. Rd.),No control,unknown,0,0,0,FALSE,FALSE,FALSE,Clear,,FALSE,DOON SOUTH RD; DOON VILLAGE RD; At,3/4/2020 10:16:51 AM,546774.2281,4804112.748
44786,16-005481,1/7/2016 9:00:00 AM,2016,1,7,9,0,0,Thursday,539960.7974,4808411.578,-80.506301,43.42754,Non intersection,2,P.D. only,Thru lane,unknown,unknown,Rear end,Unknown,Daylight,01 - Daylight,Municipal (excl. Twp. Rd.),No control,unknown,0,0,0,FALSE,FALSE,FALSE,Clear,,FALSE,VILLAGE RD; WESTMOUNT RD E; Near,3/4/2020 10:16:50 AM,539960.7974,4808411.578
44787,16-005512,1/8/2016 3:45:00 PM,2016,1,8,15,45,0,Friday,541068,4811108,0,0,At intersection,2,P.D. only,Within intersection,unknown,unknown,Turning movement,Unknown,Daylight,01 - Daylight,Municipal (excl. Twp. Rd.),Stop sign,Functioning,0,0,0,FALSE,FALSE,FALSE,Clear,,FALSE,RIVER RD E; HALLIWELL DR; At,3/4/2020 10:16:49 AM,541068,4811108
44788,16-005599,1/8/2016 6:46:00 PM,2016,1,8,18,46,0,Friday,541068,4811108,0,0,Non intersection,1,Non-fatal injury,Thru lane,unknown,unknown,Approaching,Unknown,Dark,07 - Dark,Municipal (excl. Twp. Rd.),No control,unknown,0,0,0,FALSE,FALSE,FALSE,Rain,,FALSE,GUELPH ST ; CLIFTON RD ; 50 M,3/4/2020 10:16:49 AM,541068,4811108
44789,16-006181,12/25/2015 2:30:00 PM,2015,12,25,14,30,0,Friday,541068,4811108,0,0,At/near private drive,2,P.D. only,Right shoulder,unknown,unknown,SMV unattended vehicle,Unknown,Daylight,01 - Daylight,Municipal (excl. Twp. Rd.),No control,unknown,0,0,0,FALSE,FALSE,FALSE,Clear,,FALSE,SUGAR MAPLE ST; SUGAR MAPLE ST ; Near,3/4/2020 10:16:48 AM,541068,4811108
44790,16-006355,1/9/2016 6:15:00 PM,2016,1,9,18,15,0,Saturday,542108.3837,4807131.335,-80.479868,43.415895,At intersection,1,Non-fatal injury,Within intersection,unknown,unknown,SMV other,Unknown,"Dark, artificial","08 - Dark, artificial",Regional municipality,Traffic signal,Functioning,0,0,0,TRUE,FALSE,FALSE,"Fog, mist, smoke, dust",,FALSE,STRASBURG RD ; BLOCK LINE RD,3/4/2020 10:16:47 AM,542108.3837,4807131.335
44791,16-006790,1/10/2016 1:35:00 AM,2016,1,10,1,35,0,Sunday,541068,4811108,0,0,Non intersection,2,P.D. only,Thru lane,unknown,unknown,SMV other,Unknown,Dark,07 - Dark,Municipal (excl. Twp. Rd.),No control,unknown,0,0,0,FALSE,FALSE,FALSE,Clear,,FALSE,WABANAKI DR; WILSON AVE; Near,3/4/2020 10:16:46 AM,541068,4811108
44792,16-006959,1/9/2016 9:00:00 PM,2016,1,9,21,0,0,Saturday,541068,4811108,0,0,At/near private drive,2,P.D. only,Right shoulder,unknown,unknown,SMV unattended vehicle,Unknown,Dark,07 - Dark,Municipal (excl. Twp. Rd.),No control,unknown,0,0,0,FALSE,FALSE,FALSE,Rain,,FALSE,RAUCH CRT; RAUCH CRT ; Near,3/4/2020 10:16:46 AM,541068,4811108
44793,16-006969,1/10/2016 1:29:00 PM,2016,1,10,13,29,0,Sunday,545367.6691,4808264.52,-80.439516,43.425908,At/near private drive,1,Non-fatal injury,Thru lane,unknown,unknown,Turning movement,Unknown,Daylight,01 - Daylight,Municipal (excl. Twp. Rd.),No control,unknown,0,0,0,FALSE,FALSE,FALSE,Snow,,FALSE,KINGSWAY DR; KINGSWAY DR ; 3 M,3/4/2020 10:16:45 AM,545367.6691,4808264.52
44794,16-007028,1/10/2016 3:00:00 PM,2016,1,10,15,0,0,Sunday,541068,4811108,0,0,Intersection related,2,P.D. only,Thru lane,unknown,unknown,Rear end,Unknown,Daylight,01 - Daylight,Municipal (excl. Twp. Rd.),Traffic signal,Functioning,0,0,0,FALSE,FALSE,FALSE,Snow,,FALSE,MILL ST ; STIRLING AVE S; At,3/4/2020 10:16:44 AM,541068,4811108
44795,16-007031,1/10/2016 3:13:00 PM,2016,1,10,15,13,0,Sunday,539107.7591,4808797.512,-80.516812,43.43106,Non intersection,2,P.D. only,Not on roadway - left side,unknown,unknown,SMV other,Unknown,Daylight,01 - Daylight,Municipal (excl. Twp. Rd.),No control,unknown,0,0,0,FALSE,FALSE,FALSE,Snow,,FALSE,QUEENS BLVD ; KELLY DR ; 100 M,3/4/2020 10:16:44 AM,539107.7591,4808797.512
44796,16-007057,1/10/2016 4:00:00 PM,2016,1,10,16,0,0,Sunday,541068,4811108,0,0,Non intersection,1,Non-fatal injury,Thru lane,unknown,unknown,Rear end,Unknown,Daylight,01 - Daylight,Municipal (excl. Twp. Rd.),No control,unknown,0,0,0,FALSE,FALSE,FALSE,Snow,,FALSE,QUEENS BLVD ; FISCHER HALLMAN RD ; 100 M,3/4/2020 10:16:43 AM,541068,4811108
44797,16-007065,1/10/2016 4:09:00 PM,2016,1,10,16,9,0,Sunday,541068,4811108,0,0,At intersection,2,P.D. only,Within intersection,unknown,unknown,Angle,Unknown,Daylight,01 - Daylight,Municipal (excl. Twp. Rd.),Traffic signal,Functioning,0,0,0,FALSE,FALSE,FALSE,Snow,,FALSE,QUEENS BLVD ; BELMONT AVE E,3/4/2020 10:16:42 AM,541068,4811108
44798,16-007122,1/10/2016 5:00:00 PM,2016,1,10,17,0,0,Sunday,540510.924,4806032.719,-80.499681,43.406091,At intersection,2,Non-reportable,Within intersection,unknown,unknown,Rear end,Unknown,Dark,07 - Dark,Municipal (excl. Twp. Rd.),Yield sign,Functioning,0,0,0,FALSE,FALSE,FALSE,Snow,,FALSE,MAX BECKER DR ; 1172 FISCHER HALLMAN RD; At,3/4/2020 10:16:42 AM,540510.924,4806032.719
44799,16-007193,1/10/2016 5:10:00 PM,2016,1,10,17,10,0,Sunday,540511.8147,4806032.725,-80.49967,43.406091,At intersection,2,P.D. only,Within intersection,unknown,unknown,Rear end,Unknown,Dark,07 - Dark,Municipal (excl. Twp. Rd.),Yield sign,Functioning,0,0,0,FALSE,FALSE,FALSE,Snow,,FALSE,MAX BECKER DR; 1172 FISCHER HALLMAN RD; At,3/4/2020 10:16:41 AM,540511.8147,4806032.725
44800,16-007224,1/10/2016 4:58:00 PM,2016,1,10,16,58,0,Sunday,540511.8034,4806034.613,-80.49967,43.406108,At intersection,2,P.D. only,Right shoulder,unknown,unknown,SMV other,Unknown,Dark,07 - Dark,Municipal (excl. Twp. Rd.),Yield sign,Functioning,0,0,0,FALSE,FALSE,FALSE,Snow,,FALSE,MAX BECKER DR; 1172 FISCHER HALLMAN RD; At,3/4/2020 10:16:40 AM,540511.8034,4806034.613
44801,16-007429,1/10/2016 2:20:00 PM,2016,1,10,14,20,0,Sunday,541068,4811108,0,0,Non intersection,2,P.D. only,Thru lane,unknown,unknown,SMV unattended vehicle,Unknown,Daylight,01 - Daylight,Municipal (excl. Twp. Rd.),No control,unknown,0,0,0,FALSE,FALSE,FALSE,Snow,,FALSE,AUTUMN RIDGE TRAIL; AUTUMN RIDGE TRAIL,3/4/2020 10:16:40 AM,541068,4811108
44802,16-007495,1/11/2016 9:10:00 AM,2016,1,11,9,10,0,Monday,541068,4811108,0,0,Overpass or bridge,2,P.D. only,Thru lane,unknown,unknown,SMV other,Unknown,Daylight,01 - Daylight,Municipal (excl. Twp. Rd.),No control,unknown,0,0,0,FALSE,FALSE,FALSE,Clear,,FALSE,PARK ST; CN RAIL  ; At; 0 M,3/4/2020 10:16:39 AM,541068,4811108
44803,16-007518,1/10/2016 9:15:00 PM,2016,1,10,21,15,0,Sunday,541068,4811108,0,0,At intersection,2,Non-reportable,Thru lane,unknown,unknown,Rear end,Unknown,"Dark, artificial","08 - Dark, artificial",Municipal (excl. Twp. Rd.),Yield sign,Functioning,0,0,0,FALSE,FALSE,FALSE,Clear,,FALSE,DOON SOUTH DR; DOON MILLS DR; At,3/4/2020 10:16:38 AM,541068,4811108
44804,16-007556,1/11/2016 10:28:00 AM,2016,1,11,10,28,0,Monday,541649.7396,4810881.136,-80.485247,43.449684,At/near private drive,2,P.D. only,Thru lane,unknown,unknown,Other,Unknown,Daylight,01 - Daylight,Municipal (excl. Twp. Rd.),No control,unknown,0,0,0,FALSE,FALSE,FALSE,Clear,,FALSE,SCOTT ST; DUKE ST E; 20 M,3/4/2020 10:16:38 AM,541649.7396,4810881.136
44805,16-007559,1/11/2016 9:10:00 AM,2016,1,11,9,10,0,Monday,541068,4811108,0,0,At intersection,2,P.D. only,Within intersection,unknown,unknown,Angle,Unknown,Daylight,01 - Daylight,Municipal (excl. Twp. Rd.),Stop sign,Functioning,0,0,0,FALSE,FALSE,FALSE,Clear,,FALSE,CONNAUGHT ST; EIGHTH AVE,3/4/2020 10:16:37 AM,541068,4811108
44806,16-007614,1/11/2016 10:10:00 AM,2016,1,11,10,10,0,Monday,539316.8355,4810614.017,-80.514098,43.447405,Intersection related,2,P.D. only,Not on roadway - right side,unknown,unknown,SMV other,Unknown,Daylight,01 - Daylight,Municipal (excl. Twp. Rd.),Traffic signal,Functioning,0,0,0,FALSE,FALSE,FALSE,Clear,,FALSE,GAGE AVE ; BELMONT AVE W; 10.5 M,3/4/2020 10:16:36 AM,539316.8355,4810614.017
44807,16-007617,1/11/2016 11:56:00 AM,2016,1,11,11,56,0,Monday,538889.1473,4808656.312,-80.519523,43.4298,At intersection,1,Non-fatal injury,Within intersection,unknown,unknown,Turning movement,Unknown,Daylight,01 - Daylight,Municipal (excl. Twp. Rd.),No control,unknown,0,0,0,FALSE,FALSE,FALSE,Drifting Snow,,FALSE,QUEENS BLVD; EAGEN DR; At,3/4/2020 10:16:36 AM,538889.1473,4808656.312
44808,16-007679,1/10/2016 4:00:00 PM,2016,1,10,16,0,0,Sunday,541068,4811108,0,0,At/near private drive,2,P.D. only,Thru lane,unknown,unknown,Angle,Unknown,Daylight,01 - Daylight,Municipal (excl. Twp. Rd.),Yield sign,Functioning,0,0,0,FALSE,FALSE,FALSE,Snow,,FALSE,MAX BECKER DR; FISCHER HALLMAN RD ; Near,3/4/2020 10:16:35 AM,541068,4811108
44809,16-007685,1/11/2016 1:10:00 PM,2016,1,11,13,10,0,Monday,541058.8654,4811033.108,-80.492538,43.451085,Intersection related,2,P.D. only,Thru lane,unknown,unknown,Turning movement,Unknown,Daylight,01 - Daylight,Municipal (excl. Twp. Rd.),Traffic signal,Functioning,0,0,0,FALSE,FALSE,FALSE,Clear,,FALSE,KING ST W; GAUKEL ST,3/4/2020 10:16:34 AM,541058.8654,4811033.108
44810,16-007748,1/10/2016 6:00:00 PM,2016,1,10,18,0,0,Sunday,541068,4811108,0,0,Intersection related,2,P.D. only,Thru lane,unknown,unknown,Approaching,Unknown,Daylight,01 - Daylight,Municipal (excl. Twp. Rd.),Stop sign,Functioning,0,0,0,FALSE,FALSE,FALSE,Snow,,FALSE,CARWOOD AVE; CARWOOD CRES; Near,3/4/2020 10:16:34 AM,541068,4811108
44811,16-007806,1/11/2016 4:00:00 AM,2016,1,11,4,0,0,Monday,541068,4811108,0,0,Non intersection,2,P.D. only,Thru lane,unknown,unknown,SMV unattended vehicle,Unknown,Dusk,05 - Dusk,Municipal (excl. Twp. Rd.),No control,unknown,0,0,0,FALSE,FALSE,FALSE,Snow,,FALSE,BIRCH AVE; 35 BIRCH AVE; At; 3 M,3/4/2020 10:16:33 AM,541068,4811108
44812,16-007833,1/11/2016 11:00:00 AM,2016,1,11,11,0,0,Monday,545125.0059,4810644.951,-80.442317,43.447356,At/near private drive,1,Non-fatal injury,Thru lane,unknown,unknown,Angle,Unknown,Daylight,01 - Daylight,Regional municipality,No control,unknown,0,0,0,FALSE,FALSE,FALSE,Clear,,FALSE,RIVER RD E; 10 CONWAY DR; Near,3/4/2020 10:16:32 AM,545125.0059,4810644.951
44813,16-008174,1/12/2016 7:45:00 AM,2016,1,12,7,45,0,Tuesday,541068,4811108,0,0,At/near private drive,2,P.D. only,Thru lane,unknown,unknown,Other,Unknown,Daylight,01 - Daylight,Municipal (excl. Twp. Rd.),No control,unknown,0,0,0,FALSE,FALSE,FALSE,Snow,,FALSE,WELLINGTON ST N; 535 WELLINGTON ST N  ; 1 M,3/4/2020 10:16:32 AM,541068,4811108
44814,16-008184,1/12/2016 8:00:00 AM,2016,1,12,8,0,0,Tuesday,543069.8761,4804958.941,-80.468163,43.39628,At/near private drive,1,Non-fatal injury,Thru lane,unknown,unknown,Approaching,Unknown,Daylight,01 - Daylight,Municipal (excl. Twp. Rd.),No control,unknown,0,0,0,FALSE,FALSE,FALSE,Snow,,FALSE,STRASBURG RD; 1825 STRASBURG RD; 1 M,3/4/2020 10:16:31 AM,543069.8761,4804958.941
44815,16-008266,1/12/2016 8:07:00 AM,2016,1,12,8,7,0,Tuesday,540491.6667,4807838.671,-80.499785,43.422353,Non intersection,2,P.D. only,Not on roadway - right side,unknown,unknown,SMV other,Unknown,Daylight,01 - Daylight,Municipal (excl. Twp. Rd.),No control,unknown,0,0,0,FALSE,FALSE,FALSE,Snow,,FALSE,CHANDLER DR; MOWAT BLVD; 14 M,3/4/2020 10:16:30 AM,540491.6667,4807838.671
44816,16-008357,1/12/2016 12:25:00 PM,2016,1,12,12,25,0,Tuesday,541068,4811108,0,0,At intersection,2,P.D. only,Within intersection,unknown,unknown,SMV other,Unknown,Daylight,01 - Daylight,Regional municipality,Yield sign,Functioning,0,0,0,FALSE,FALSE,FALSE,Snow,,FALSE,BLOCK LINE RD; FALLOWFIELD DR; Near,3/4/2020 10:16:30 AM,541068,4811108
44817,16-008424,1/12/2016 2:42:00 PM,2016,1,12,14,42,0,Tuesday,541068,4811108,0,0,At/near private drive,2,P.D. only,Thru lane,unknown,unknown,SMV unattended vehicle,Unknown,Daylight,01 - Daylight,Municipal (excl. Twp. Rd.),No control,unknown,0,0,0,FALSE,FALSE,FALSE,Snow,,FALSE,SAMUEL ST ; 257 FREDERICK ST ; At; 1 M,3/4/2020 10:16:29 AM,541068,4811108
44818,16-008440,1/12/2016 3:01:00 PM,2016,1,12,15,1,0,Tuesday,541068,4811108,0,0,At intersection,2,P.D. only,Within intersection,unknown,unknown,Turning movement,Unknown,Daylight,01 - Daylight,Municipal (excl. Twp. Rd.),Stop sign,Functioning,0,0,0,FALSE,FALSE,FALSE,Strong wind,,FALSE,CONESTOGA COLLEGE BLVD; DOON VALLEY DR; At; 3 M,3/4/2020 10:16:28 AM,541068,4811108
44819,16-008477,1/12/2016 12:45:00 PM,2016,1,12,12,45,0,Tuesday,541068,4811108,0,0,Non intersection,2,P.D. only,Thru lane,unknown,unknown,Sideswipe,Unknown,Daylight,01 - Daylight,Municipal (excl. Twp. Rd.),No control,unknown,0,0,0,FALSE,FALSE,FALSE,Snow,,FALSE,TRUSSLER RD; COSTAIN CRT; Near,3/4/2020 10:16:28 AM,541068,4811108
44820,16-008481,1/12/2016 4:16:00 PM,2016,1,12,16,16,0,Tuesday,541068,4811108,0,0,Non intersection,2,P.D. only,Not on roadway - right side,unknown,unknown,SMV other,Unknown,Dusk,05 - Dusk,Municipal (excl. Twp. Rd.),No control,unknown,0,0,0,FALSE,FALSE,FALSE,Drifting Snow,,FALSE,ZELLER DR; SUSAN CRES ; 15 M,3/4/2020 10:16:27 AM,541068,4811108
44821,16-008534,1/12/2016 5:40:00 PM,2016,1,12,17,40,0,Tuesday,541068,4811108,0,0,Non intersection,2,P.D. only,Not on roadway - right side,unknown,unknown,SMV other,Unknown,"Dark, artificial","08 - Dark, artificial",Municipal (excl. Twp. Rd.),No control,unknown,0,0,0,FALSE,FALSE,FALSE,Snow,,FALSE,DRIFTWOOD DR ; ROYAL ORCHARD DR; 7 M,3/4/2020 10:16:26 AM,541068,4811108
44822,16-008574,1/12/2016 6:00:00 PM,2016,1,12,18,0,0,Tuesday,541068,4811108,0,0,Non intersection,1,Non-fatal injury,Not on roadway - right side,unknown,unknown,SMV other,Unknown,Dusk,05 - Dusk,Municipal (excl. Twp. Rd.),No control,unknown,0,0,0,FALSE,FALSE,FALSE,Snow,,FALSE,TRAYNOR AVE; REYBURN AVE; 30 M,3/4/2020 10:16:26 AM,541068,4811108
44823,16-008642,1/12/2016 9:48:00 PM,2016,1,12,21,48,0,Tuesday,541068,4811108,0,0,Non intersection,2,P.D. only,Left shoulder,unknown,unknown,SMV other,Unknown,Dark,07 - Dark,Municipal (excl. Twp. Rd.),Stop sign,Functioning,0,0,0,FALSE,FALSE,FALSE,Drifting Snow,,FALSE,ERINBROOK DR ; KILLARNEY CRES ; At; 25 M,3/4/2020 10:16:25 AM,541068,4811108
44824,16-008898,1/13/2016 10:30:00 AM,2016,1,13,10,30,0,Wednesday,541068,4811108,0,0,Non intersection,1,Non-fatal injury,Thru lane,unknown,unknown,Approaching,Unknown,Daylight,01 - Daylight,Municipal (excl. Twp. Rd.),No control,unknown,0,0,0,FALSE,FALSE,FALSE,Snow,,FALSE,MONTCALM DR ; OLD YORK CRES ; Near; 20 M,3/4/2020 10:16:24 AM,541068,4811108
44825,16-008994,1/13/2016 12:32:00 PM,2016,1,13,12,32,0,Wednesday,545274.1488,4806434.261,-80.440823,43.409434,At intersection,2,P.D. only,Within intersection,unknown,unknown,Turning movement,Stop sign,Daylight,01 - Daylight,Municipal (excl. Twp. Rd.),Stop sign,Functioning,0,0,0,FALSE,FALSE,FALSE,Snow,,FALSE,WABANAKI DR; WILSON AVE,3/4/2020 10:16:24 AM,545274.1488,4806434.261
44826,16-009049,1/11/2016 6:10:00 PM,2016,1,11,18,10,0,Monday,541068,4811108,0,0,At intersection,2,P.D. only,Within intersection,unknown,unknown,Angle,Unknown,"Dark, artificial","08 - Dark, artificial",Municipal (excl. Twp. Rd.),Stop sign,Functioning,0,0,0,FALSE,FALSE,FALSE,Snow,,FALSE,MAX BECKER DR; BRIDLEWREATH ST; At,3/4/2020 10:16:23 AM,541068,4811108
44827,16-009059,1/12/2016 7:45:00 PM,2016,1,12,19,45,0,Tuesday,541068,4811108,0,0,Non intersection,2,P.D. only,Thru lane,unknown,unknown,Other,Unknown,"Dark, artificial","08 - Dark, artificial",Municipal (excl. Twp. Rd.),No control,unknown,0,0,0,FALSE,FALSE,FALSE,Snow,,FALSE,HALLS LANE W; WATER ST S; Near,3/4/2020 10:16:22 AM,541068,4811108
44828,16-009111,1/13/2016 8:20:00 AM,2016,1,13,8,20,0,Wednesday,541068,4811108,0,0,At/near private drive,2,P.D. only,Thru lane,unknown,unknown,Angle,Unknown,Daylight,01 - Daylight,Municipal (excl. Twp. Rd.),No control,unknown,0,0,0,FALSE,FALSE,FALSE,Drifting Snow,,FALSE,FEATHERSTONE ST; 62 FEATHERSTONE ST; At; 0 K,3/4/2020 10:16:22 AM,541068,4811108
44829,16-009191,1/13/2016 2:40:00 PM,2016,1,13,14,40,0,Wednesday,541068,4811108,0,0,Intersection related,2,P.D. only,Thru lane,unknown,unknown,Other,Unknown,Daylight,01 - Daylight,Municipal (excl. Twp. Rd.),Stop sign,Functioning,0,0,0,FALSE,FALSE,FALSE,Clear,,FALSE,STIRLING AVE S; STIRLING LANE,3/4/2020 10:16:21 AM,541068,4811108
44830,16-009193,1/13/2016 5:27:00 PM,2016,1,13,17,27,0,Wednesday,542914.8021,4812996.361,-80.469446,43.468658,At/near private drive,2,P.D. only,Thru lane,unknown,unknown,Turning movement,Unknown,Dusk,05 - Dusk,Municipal (excl. Twp. Rd.),No control,unknown,0,0,0,FALSE,FALSE,FALSE,Clear,,FALSE,RIVERBEND DR; 221 RIVERBEND DR; At; 1 M,3/4/2020 10:16:20 AM,542914.8021,4812996.361
44831,16-009569,1/14/2016 9:21:00 AM,2016,1,14,9,21,0,Thursday,541449.7816,4812107.467,-80.487625,43.460737,At intersection,2,P.D. only,Within intersection,unknown,unknown,Angle,Unknown,Daylight,01 - Daylight,Municipal (excl. Twp. Rd.),Stop sign,Functioning,0,0,0,FALSE,FALSE,FALSE,Clear,,FALSE,ST LEGER ST; LOUISA ST; At,3/4/2020 10:16:20 AM,541449.7816,4812107.467
44832,16-009951,1/14/2016 7:00:00 PM,2016,1,14,19,0,0,Thursday,541068,4811108,0,0,At intersection,2,P.D. only,Within intersection,unknown,unknown,Turning movement,Unknown,"Daylight, artificial","02 - Daylight, artificial",Regional municipality,Traffic signal,Functioning,0,0,0,FALSE,FALSE,FALSE,Snow,,FALSE,BELMONT AVE W; UNION BLVD; 5 M,3/4/2020 10:16:19 AM,541068,4811108
44833,16-010260,1/14/2016 3:15:00 PM,2016,1,14,15,15,0,Thursday,541068,4811108,0,0,Non intersection,2,P.D. only,Thru lane,unknown,unknown,SMV unattended vehicle,Unknown,Daylight,01 - Daylight,Municipal (excl. Twp. Rd.),No control,unknown,0,0,0,FALSE,FALSE,FALSE,Clear,,FALSE,ASHLEY CRT; 24 ASHLEY CRT; At,3/4/2020 10:16:18 AM,541068,4811108
44834,16-010282,1/15/2016 7:47:00 AM,2016,1,15,7,47,0,Friday,541068,4811108,0,0,Non intersection,2,P.D. only,Not on roadway - right side,unknown,unknown,SMV other,Unknown,Daylight,01 - Daylight,Municipal (excl. Twp. Rd.),No control,unknown,0,0,0,FALSE,FALSE,FALSE,Clear,,FALSE,FIRST AVE; FIRST AVE ; 35 M,3/4/2020 10:16:18 AM,541068,4811108
44835,16-010482,1/13/2016 8:50:00 AM,2016,1,13,8,50,0,Wednesday,541068,4811108,0,0,Non intersection,2,P.D. only,Thru lane,unknown,unknown,Sideswipe,Unknown,Daylight,01 - Daylight,Municipal (excl. Twp. Rd.),No control,unknown,0,0,0,FALSE,FALSE,FALSE,Snow,,FALSE,HANSON AVE; HANSON AVE ; Near,3/4/2020 10:16:17 AM,541068,4811108
44836,16-010611,1/15/2016 11:55:00 AM,2016,1,15,11,55,0,Friday,541602.6336,4810739.13,-80.48584,43.448408,Non intersection,2,P.D. only,Right shoulder,unknown,unknown,SMV other,Unknown,Daylight,01 - Daylight,Regional municipality,No control,unknown,0,0,0,FALSE,FALSE,FALSE,Clear,,FALSE,KING ST E; SCOTT ST ; 30 M,3/4/2020 10:16:16 AM,541602.6336,4810739.13
44837,16-011125,1/16/2016 9:21:00 AM,2016,1,16,9,21,0,Saturday,541068,4811108,0,0,Intersection related,2,P.D. only,Not on roadway - right side,unknown,unknown,SMV other,Unknown,Daylight,01 - Daylight,Municipal (excl. Twp. Rd.),Stop sign,Functioning,0,0,0,FALSE,FALSE,FALSE,Snow,,FALSE,LICHTY CRES; CARSON DR; At,3/4/2020 10:16:16 AM,541068,4811108
44838,16-011160,1/16/2016 10:32:00 AM,2016,1,16,10,32,0,Saturday,541068,4811108,0,0,Non intersection,2,P.D. only,Not on roadway - right side,unknown,unknown,SMV other,Unknown,Daylight,01 - Daylight,Municipal (excl. Twp. Rd.),No control,unknown,0,0,0,FALSE,FALSE,FALSE,Snow,,FALSE,LANCASTER ST W; LANCASTER ST W; At; 0 M,3/4/2020 10:16:15 AM,541068,4811108
44839,16-011274,1/15/2016 9:00:00 PM,2016,1,15,21,0,0,Friday,541068,4811108,0,0,Non intersection,2,P.D. only,Right shoulder,unknown,unknown,SMV unattended vehicle,Unknown,"Dark, artificial","08 - Dark, artificial",Municipal (excl. Twp. Rd.),No control,unknown,0,0,0,FALSE,FALSE,FALSE,Clear,,FALSE,WAGON ST; 2 WAGON ST; At,3/4/2020 10:16:14 AM,541068,4811108