OBJECTID,ACCIDENTNUM,ACCIDENTDATE,ACCIDENT_YEAR,ACCIDENT_MONTH,ACCIDENT_DAY,ACCIDENT_HOUR,ACCIDENT_MINUTE,ACCIDENT_SECOND,ACCIDENT_WEEKDAY,XCOORD,YCOORD,LONGITUDE,LATITUDE,ACCIDENTLOCATION,COLLISIONTYPE,CLASSIFICATIONOFACCIDENT,IMPACTLOCATION,INITIALDIRECTIONOFTRAVELONE,INITIALDIRECTIONOFTRAVELTWO,INITIALIMPACTTYPE,INTTRAFFICCONTROL,LIGHT,LIGHTFORREPORT,ROADJURISDICTION,TRAFFICCONTROL,TRAFFICCONTROLCONDITION,THRULANENO,NORTHBOUNDDISOBEYCOUNT,SOUTHBOUNDDISOBEYCOUNT,PEDESTRIANINVOLVED,CYCLISTINVOLVED,MOTORCYCLISTINVOLVED,ENVIRONMENTCONDITION1,ENVIRONMENTCONDITION2,SELFREPORTED,XMLIMPORTNOTES,LASTEDITEDDATE,x,y
44840,16-012006,1/16/2016 6:45:00 PM,2016,1,16,18,45,0,Saturday,541068,4811108,0,0,At/near private drive,2,Non-reportable,Thru lane,unknown,unknown,SMV unattended vehicle,Unknown,Dark,07 - Dark,Municipal (excl. Twp. Rd.),No control,unknown,0,0,0,FALSE,FALSE,FALSE,Clear,,FALSE,SELKIRK DR; SELKIRK DR ; At,3/4/2020 10:16:14 AM,541068,4811108
44841,16-012033,1/17/2016 3:41:00 PM,2016,1,17,15,41,0,Sunday,539967.0864,4810491.453,-80.506071,43.446267,Non intersection,2,P.D. only,Not on roadway - left side,unknown,unknown,SMV unattended vehicle,Unknown,Daylight,01 - Daylight,Municipal (excl. Twp. Rd.),No control,unknown,0,0,0,FALSE,FALSE,FALSE,Clear,,FALSE,STRANGE ST; 11 STRANGE ST; 1 M,3/4/2020 10:16:13 AM,539967.0864,4810491.453
44842,16-012113,1/17/2016 5:25:00 PM,2016,1,17,17,25,0,Sunday,541068,4811108,0,0,Intersection related,2,P.D. only,Thru lane,unknown,unknown,SMV unattended vehicle,Unknown,Dark,07 - Dark,Municipal (excl. Twp. Rd.),No control,unknown,0,0,0,FALSE,FALSE,FALSE,Snow,,FALSE,BROOKMEAD ST; ZELLER DR; 10 M,3/4/2020 10:16:12 AM,541068,4811108
44843,16-012476,1/16/2016 10:45:00 PM,2016,1,16,22,45,0,Saturday,541068,4811108,0,0,Non intersection,2,P.D. only,Thru lane,unknown,unknown,SMV unattended vehicle,Unknown,"Dark, artificial","08 - Dark, artificial",Municipal (excl. Twp. Rd.),No control,unknown,0,0,0,FALSE,FALSE,FALSE,Clear,,FALSE,WESTMEADOW DR; SUNNY MEADOW CRT; Near,3/4/2020 10:16:12 AM,541068,4811108
44844,16-012551,1/18/2016 10:30:00 AM,2016,1,18,10,30,0,Monday,541068,4811108,0,0,At intersection,2,P.D. only,Within intersection,unknown,unknown,Angle,Unknown,Daylight,01 - Daylight,Municipal (excl. Twp. Rd.),Stop sign,Functioning,0,0,0,FALSE,FALSE,FALSE,Snow,,FALSE,JOSEPH ST; DAVID ST; At,3/4/2020 10:16:11 AM,541068,4811108
44845,16-012587,1/17/2016 12:30:00 AM,2016,1,17,0,30,0,Sunday,541068,4811108,0,0,At/near private drive,2,P.D. only,Thru lane,unknown,unknown,Turning movement,Unknown,Dark,07 - Dark,Municipal (excl. Twp. Rd.),No control,unknown,0,0,0,FALSE,FALSE,FALSE,Clear,,FALSE,QUEENS BLVD; QUEENS BLVD ; At,3/4/2020 10:16:10 AM,541068,4811108
44846,16-012605,1/18/2016 1:41:00 PM,2016,1,18,13,41,0,Monday,541068,4811108,0,0,At intersection,2,P.D. only,Within intersection,unknown,unknown,Angle,Unknown,Daylight,01 - Daylight,Regional municipality,Traffic signal,Functioning,0,0,1,FALSE,FALSE,FALSE,Snow,,FALSE,DUKE ST W; WATER ST N; At,3/4/2020 10:16:10 AM,541068,4811108
44847,16-012736,1/18/2016 4:30:00 PM,2016,1,18,16,30,0,Monday,541068,4811108,0,0,Non intersection,2,P.D. only,Thru lane,unknown,unknown,Rear end,Unknown,Daylight,01 - Daylight,Regional municipality,No control,unknown,0,0,0,FALSE,FALSE,FALSE,Snow,,FALSE,KING ST E; KING ST E; At,3/4/2020 10:16:09 AM,541068,4811108
44848,16-012745,1/18/2016 5:41:00 PM,2016,1,18,17,41,0,Monday,545035.5889,4807869.691,-80.443651,43.422373,Intersection related,2,P.D. only,Left turn lane,unknown,unknown,Rear end,Unknown,"Daylight, artificial","02 - Daylight, artificial",Municipal (excl. Twp. Rd.),Traffic signal,Functioning,0,0,0,FALSE,FALSE,FALSE,Snow,,FALSE,KINGSWAY DR ; WILSON AVE ; 10 M,3/4/2020 10:16:08 AM,545035.5889,4807869.691
44849,16-012772,1/18/2016 6:31:00 PM,2016,1,18,18,31,0,Monday,544623.8142,4808343.077,-80.448699,43.42666,At/near private drive,2,P.D. only,Right shoulder,unknown,unknown,SMV unattended vehicle,Unknown,Daylight,01 - Daylight,Regional municipality,No control,unknown,0,0,0,FALSE,FALSE,FALSE,Snow,,FALSE,GREENFIELD AVE; GREENFIELD AVE ; 20 M,3/4/2020 10:16:07 AM,544623.8142,4808343.077
44850,16-012792,1/18/2016 7:00:00 PM,2016,1,18,19,0,0,Monday,545944.5831,4804147.369,-80.432735,43.388802,Non intersection,2,P.D. only,Not on roadway - right side,unknown,unknown,SMV other,Unknown,"Dark, artificial","08 - Dark, artificial",Municipal (excl. Twp. Rd.),No control,unknown,0,0,0,FALSE,FALSE,FALSE,Snow,,FALSE,DOON VILLAGE RD; TILT DR; 125 M,3/4/2020 10:16:07 AM,545944.583,4804147.369
44851,16-012805,1/17/2016 12:30:00 PM,2016,1,17,12,30,0,Sunday,541068,4811108,0,0,Other,2,P.D. only,Off highway,unknown,unknown,SMV unattended vehicle,Unknown,Daylight,01 - Daylight,Private property,No control,unknown,0,0,0,FALSE,FALSE,FALSE,Snow,,FALSE,IN DRIVEWAY; RAUCH CRT; At,3/4/2020 10:16:06 AM,541068,4811108
44852,16-013054,1/19/2016 8:17:00 AM,2016,1,19,8,17,0,Tuesday,541068,4811108,0,0,At intersection,1,Non-fatal injury,Within intersection,unknown,unknown,Angle,Unknown,Daylight,01 - Daylight,Municipal (excl. Twp. Rd.),Stop sign,Functioning,0,0,0,FALSE,FALSE,FALSE,Clear,,FALSE,BIRCHCLIFF AVE; FOREST HILL DR; At,3/4/2020 10:16:05 AM,541068,4811108
44853,16-013182,1/19/2016 10:40:00 AM,2016,1,19,10,40,0,Tuesday,541068,4811108,0,0,At/near private drive,2,Non-reportable,Right shoulder,unknown,unknown,SMV unattended vehicle,Unknown,Daylight,01 - Daylight,Municipal (excl. Twp. Rd.),No control,unknown,0,0,0,FALSE,FALSE,FALSE,Clear,,FALSE,SAMUEL ST ; SAMUEL ST ; At,3/4/2020 10:16:04 AM,541068,4811108
44854,16-013234,1/18/2016 1:00:00 PM,2016,1,18,13,0,0,Monday,541068,4811108,0,0,Other,2,P.D. only,Off highway,unknown,unknown,SMV unattended vehicle,Unknown,Daylight,01 - Daylight,Private property,No control,unknown,0,0,0,FALSE,FALSE,FALSE,Snow,,FALSE,PARKING LOT; ROSSFORD CRES; Near,3/4/2020 10:16:04 AM,541068,4811108
44855,16-014518,1/20/2016 10:00:00 PM,2016,1,20,22,0,0,Wednesday,541068,4811108,0,0,Non intersection,2,P.D. only,Thru lane,unknown,unknown,SMV unattended vehicle,Unknown,Dark,07 - Dark,Municipal (excl. Twp. Rd.),No control,unknown,0,0,0,FALSE,FALSE,FALSE,Clear,,FALSE,KINZIE AVE; KINZIE AVE,3/4/2020 10:16:03 AM,541068,4811108
44856,16-014583,1/21/2016 9:36:00 AM,2016,1,21,9,36,0,Thursday,542582.1094,4810127.077,-80.473783,43.442842,Intersection related,1,Non-fatal injury,Thru lane,unknown,unknown,Rear end,Unknown,Daylight,01 - Daylight,Regional municipality,Traffic signal,Functioning,0,0,0,FALSE,FALSE,FALSE,Snow,,FALSE,KING ST E; BORDEN AVE S; Near; 6 M,3/4/2020 10:16:02 AM,542582.1094,4810127.077
44857,16-014753,1/21/2016 1:39:00 PM,2016,1,21,13,39,0,Thursday,541068,4811108,0,0,At intersection,1,Non-fatal injury,Within intersection,unknown,unknown,Angle,Unknown,Daylight,01 - Daylight,Municipal (excl. Twp. Rd.),Stop sign,Functioning,0,0,0,FALSE,FALSE,FALSE,Clear,,FALSE,HANSON AVE; ARDELT AVE; At,3/4/2020 10:16:02 AM,541068,4811108
44858,16-014843,1/21/2016 3:43:00 PM,2016,1,21,15,43,0,Thursday,542469.9883,4807215.342,-80.475395,43.416631,Non intersection,1,Non-fatal injury,Thru lane,unknown,unknown,Turning movement,Unknown,Daylight,01 - Daylight,Regional municipality,No control,unknown,0,0,0,FALSE,FALSE,FALSE,Clear,,FALSE,BLOCK LINE RD; COURTLAND AVE E; 35 M,3/4/2020 10:16:01 AM,542469.9883,4807215.342
44859,16-014995,11/29/2015 2:45:00 PM,2015,11,29,14,45,0,Sunday,544902.8107,4810413.124,-80.445082,43.445282,Intersection related,2,P.D. only,Not on roadway - right side,unknown,unknown,SMV other,Unknown,Daylight,01 - Daylight,Municipal (excl. Twp. Rd.),No control,unknown,0,0,0,FALSE,FALSE,FALSE,Clear,,FALSE,BRADLEY DR; BRADLEY PL; Near; 13 M,3/4/2020 10:16:00 AM,544902.8107,4810413.124
44860,16-015260,1/22/2016 8:10:00 AM,2016,1,22,8,10,0,Friday,541068,4811108,0,0,At/near private drive,1,Non-fatal injury,Thru lane,unknown,unknown,Turning movement,Unknown,Daylight,01 - Daylight,Regional municipality,No control,unknown,0,0,0,FALSE,FALSE,FALSE,Clear,,FALSE,STRASBURG RD; 1825 STRASBURG RD; Near; 6 M,3/4/2020 10:16:00 AM,541068,4811108
44861,16-015420,1/17/2016 4:30:00 PM,2016,1,17,16,30,0,Sunday,541068,4811108,0,0,At/near private drive,2,P.D. only,Right shoulder,unknown,unknown,Turning movement,Unknown,Daylight,01 - Daylight,Municipal (excl. Twp. Rd.),No control,unknown,0,0,0,FALSE,FALSE,FALSE,Snow,,FALSE,PENROSE AVE; PENROSE AVE ; At,3/4/2020 10:15:59 AM,541068,4811108
44862,16-015730,1/22/2016 8:25:00 AM,2016,1,22,8,25,0,Friday,541068,4811108,0,0,At/near private drive,2,P.D. only,Right shoulder,unknown,unknown,SMV unattended vehicle,Unknown,Daylight,01 - Daylight,Municipal (excl. Twp. Rd.),No control,unknown,0,0,0,FALSE,FALSE,FALSE,Clear,,FALSE,BERRY MOSS ST; BERRY MOSS ST ; Near,3/4/2020 10:15:58 AM,541068,4811108
44863,16-015731,1/22/2016 6:46:00 PM,2016,1,22,18,46,0,Friday,541068,4811108,0,0,At intersection,2,P.D. only,Within intersection,unknown,unknown,Rear end,Unknown,"Dark, artificial","08 - Dark, artificial",Municipal (excl. Twp. Rd.),Stop sign,Functioning,0,0,0,FALSE,FALSE,FALSE,Clear,,FALSE,DOON VILLAGE RD ; UPPER CANADA DR ; At,3/4/2020 10:15:58 AM,541068,4811108
44864,16-015739,1/8/2016 10:30:00 PM,2016,1,8,22,30,0,Friday,541068,4811108,0,0,At/near private drive,2,P.D. only,Right shoulder,unknown,unknown,SMV unattended vehicle,Unknown,Dark,07 - Dark,Municipal (excl. Twp. Rd.),No control,unknown,0,0,0,FALSE,FALSE,FALSE,Rain,,FALSE,SAMUEL ST; SAMUEL ST ; At,3/4/2020 10:15:57 AM,541068,4811108
44865,16-016249,1/23/2016 12:28:00 PM,2016,1,23,12,28,0,Saturday,541068,4811108,0,0,At/near private drive,2,P.D. only,Thru lane,unknown,unknown,Turning movement,Unknown,Daylight,01 - Daylight,Municipal (excl. Twp. Rd.),No control,unknown,0,0,0,FALSE,FALSE,FALSE,Clear,,FALSE,CEDAR ST N; 376 KING ST E; Near; 1 M,3/4/2020 10:15:56 AM,541068,4811108
44866,16-016360,1/23/2016 1:00:00 PM,2016,1,23,13,0,0,Saturday,541068,4811108,0,0,Intersection related,2,P.D. only,Thru lane,unknown,unknown,Rear end,Unknown,Daylight,01 - Daylight,Municipal (excl. Twp. Rd.),Traffic signal,Functioning,0,0,0,FALSE,FALSE,FALSE,Clear,,FALSE,KINGSWAY DR; EIGHTH AVE; 25 M,3/4/2020 10:15:56 AM,541068,4811108
44867,16-016966,1/23/2016 4:30:00 PM,2016,1,23,16,30,0,Saturday,541068,4811108,0,0,Non intersection,2,P.D. only,Thru lane,unknown,unknown,SMV unattended vehicle,Unknown,Daylight,01 - Daylight,Municipal (excl. Twp. Rd.),No control,unknown,0,0,0,FALSE,FALSE,FALSE,Clear,,FALSE,VERONICA DR; VERONICA DR,3/4/2020 10:15:55 AM,541068,4811108
44868,16-017774,1/25/2016 12:30:00 PM,2016,1,25,12,30,0,Monday,541068,4811108,0,0,Non intersection,2,Non-reportable,Thru lane,unknown,unknown,Rear end,Unknown,Daylight,01 - Daylight,Regional municipality,No control,unknown,0,0,0,FALSE,FALSE,FALSE,Clear,,FALSE,ONTARIO ST N; DUKE ST W,3/4/2020 10:15:54 AM,541068,4811108
44869,16-017802,1/25/2016 3:30:00 PM,2016,1,25,15,30,0,Monday,538581.472,4809084.238,-80.523294,43.433669,Other,1,Non-fatal injury,Other,unknown,unknown,SMV other,Unknown,Daylight,01 - Daylight,Private property,No control,unknown,0,0,0,TRUE,FALSE,FALSE,Clear,,FALSE,HIGHLAND CRES; 2 M,3/4/2020 10:15:54 AM,538581.472,4809084.238
44870,16-017828,1/24/2016 5:00:00 PM,2016,1,24,17,0,0,Sunday,541068,4811108,0,0,At/near private drive,2,P.D. only,Thru lane,unknown,unknown,SMV unattended vehicle,Unknown,Daylight,01 - Daylight,Municipal (excl. Twp. Rd.),No control,unknown,0,0,0,FALSE,FALSE,FALSE,Clear,,FALSE,APPLE RIDGE DR; 61 APPLE RIDGE DR; At,3/4/2020 10:15:53 AM,541068,4811108
44871,16-018222,1/26/2016 8:11:00 AM,2016,1,26,8,11,0,Tuesday,543071.1716,4804908.195,-80.468151,43.395823,At/near private drive,2,P.D. only,Thru lane,unknown,unknown,Turning movement,Unknown,Daylight,01 - Daylight,Municipal (excl. Twp. Rd.),No control,unknown,0,0,0,FALSE,FALSE,FALSE,Clear,,FALSE,STRASBURG RD; STRASBURG RD ; 5 M,3/4/2020 10:15:52 AM,543071.1716,4804908.195
44872,16-018473,1/25/2016 7:30:00 PM,2016,1,25,19,30,0,Monday,541068,4811108,0,0,Non intersection,2,P.D. only,Thru lane,unknown,unknown,SMV unattended vehicle,Unknown,Dark,07 - Dark,Municipal (excl. Twp. Rd.),No control,unknown,0,0,0,FALSE,FALSE,FALSE,Clear,,FALSE,JACK AVE; BELMONT AVE W; Near,3/4/2020 10:15:52 AM,541068,4811108
44873,16-018641,1/26/2016 5:00:00 PM,2016,1,26,17,0,0,Tuesday,540780.3402,4806672.717,-80.496306,43.411839,Non intersection,2,P.D. only,Not on roadway - right side,unknown,unknown,SMV other,Unknown,Daylight,01 - Daylight,Municipal (excl. Twp. Rd.),No control,unknown,0,0,0,FALSE,FALSE,FALSE,Clear,,FALSE,BLOCK LINE RD ; WESTMOUNT RD E; 500 M,3/4/2020 10:15:51 AM,540780.3402,4806672.717
44874,16-019000,1/27/2016 8:20:00 AM,2016,1,27,8,20,0,Wednesday,541068,4811108,0,0,At intersection,2,P.D. only,Within intersection,unknown,unknown,Turning movement,Unknown,Daylight,01 - Daylight,Municipal (excl. Twp. Rd.),Stop sign,Functioning,0,0,0,FALSE,FALSE,FALSE,Snow,,FALSE,CLAREMONT AVE ; BELMONT LANE E; At,3/4/2020 10:15:50 AM,541068,4811108
44875,16-019255,1/27/2016 2:31:00 PM,2016,1,27,14,31,0,Wednesday,541068,4811108,0,0,Intersection related,2,P.D. only,Not on roadway - left side,unknown,unknown,SMV other,Unknown,Daylight,01 - Daylight,Municipal (excl. Twp. Rd.),No control,unknown,0,0,0,FALSE,FALSE,FALSE,Clear,,FALSE,MARKWOOD DR; ROSSFORD CRES,3/4/2020 10:15:50 AM,541068,4811108
44876,16-019318,1/27/2016 3:52:00 PM,2016,1,27,15,52,0,Wednesday,544488.6199,4810651.716,-80.450181,43.447455,At/near private drive,2,P.D. only,Thru lane,unknown,unknown,Turning movement,Unknown,Dusk,05 - Dusk,Regional municipality,No control,unknown,0,0,0,FALSE,FALSE,FALSE,Clear,,FALSE,FRANKLIN ST N; 505 FRANKLIN ST. N; Near; 1 M,3/4/2020 10:15:49 AM,544488.6199,4810651.716
44877,16-019729,1/28/2016 7:55:00 AM,2016,1,28,7,55,0,Thursday,541733.4491,4809932.855,-80.484285,43.441141,Intersection related,2,P.D. only,Thru lane,unknown,unknown,Sideswipe,Unknown,Daylight,01 - Daylight,Regional municipality,No control,unknown,0,0,0,FALSE,FALSE,FALSE,Clear,,FALSE,STIRLING AVE S; COURTLAND AVE E; Near; 55 M,3/4/2020 10:15:48 AM,541733.4491,4809932.855
44878,16-019968,1/28/2016 1:36:00 PM,2016,1,28,13,36,0,Thursday,541068,4811108,0,0,At/near private drive,2,P.D. only,Thru lane,unknown,unknown,Turning movement,Unknown,Daylight,01 - Daylight,Municipal (excl. Twp. Rd.),No control,unknown,0,0,0,FALSE,FALSE,FALSE,Clear,,FALSE,CEDAR ST N; 376 KING ST E; At; 2 M,3/4/2020 10:15:48 AM,541068,4811108
44879,16-020019,1/27/2016 3:30:00 PM,2016,1,27,15,30,0,Wednesday,541068,4811108,0,0,Other,2,P.D. only,Off highway,unknown,unknown,SMV unattended vehicle,Unknown,Daylight,01 - Daylight,Private property,No control,unknown,0,0,0,FALSE,FALSE,FALSE,Clear,,FALSE,PRIVATE DRIVEWAY; ACTIVA AVE ; At,3/4/2020 10:15:47 AM,541068,4811108
44880,16-020108,1/28/2016 2:55:00 PM,2016,1,28,14,55,0,Thursday,541068,4811108,0,0,Non intersection,2,P.D. only,Thru lane,unknown,unknown,Sideswipe,Unknown,Daylight,01 - Daylight,Regional municipality,No control,unknown,0,0,0,FALSE,FALSE,FALSE,Snow,,FALSE,HURON RD; BATTLER RD; Near,3/4/2020 10:15:46 AM,541068,4811108
44881,16-020130,1/28/2016 5:13:00 PM,2016,1,28,17,13,0,Thursday,541068,4811108,0,0,Intersection related,2,P.D. only,Thru lane,unknown,unknown,Rear end,Unknown,"Dusk, artificial","06 - Dusk, artificial",Municipal (excl. Twp. Rd.),Stop sign,Functioning,0,0,0,FALSE,FALSE,FALSE,Snow,,FALSE,DAVID ST; JUBILEE DR; Near; 3 M,3/4/2020 10:15:46 AM,541068,4811108
44882,16-020146,1/28/2016 5:36:00 PM,2016,1,28,17,36,0,Thursday,541068,4811108,0,0,Non intersection,2,P.D. only,Not on roadway - right side,unknown,unknown,SMV other,Unknown,"Dark, artificial","08 - Dark, artificial",Municipal (excl. Twp. Rd.),No control,unknown,0,0,0,FALSE,FALSE,FALSE,Snow,,FALSE,QUEENS BLVD; SILVERSPRING CRES ; Near; 20 M,3/4/2020 10:15:45 AM,541068,4811108
44883,16-020189,1/28/2016 6:38:00 PM,2016,1,28,18,38,0,Thursday,541068,4811108,0,0,At intersection,1,Non-fatal injury,Within intersection,unknown,unknown,Turning movement,Unknown,"Dark, artificial","08 - Dark, artificial",Municipal (excl. Twp. Rd.),Stop sign,Functioning,0,0,0,FALSE,FALSE,FALSE,Snow,,FALSE,ZELLER DR; WILD MEADOW ST,3/4/2020 10:15:44 AM,541068,4811108
44884,16-020230,1/28/2016 7:39:00 PM,2016,1,28,19,39,0,Thursday,541068,4811108,0,0,Non intersection,1,Non-fatal injury,Thru lane,unknown,unknown,Approaching,Unknown,Dark,07 - Dark,Municipal (excl. Twp. Rd.),No control,unknown,0,0,0,FALSE,FALSE,FALSE,Snow,,FALSE,DIXON ST ; CARWOOD AVE ; 80 M,3/4/2020 10:15:44 AM,541068,4811108
44885,16-020517,1/29/2016 7:00:00 AM,2016,1,29,7,0,0,Friday,541068,4811108,0,0,At/near private drive,2,P.D. only,Thru lane,unknown,unknown,Other,Unknown,Daylight,01 - Daylight,Municipal (excl. Twp. Rd.),No control,unknown,0,0,0,FALSE,FALSE,FALSE,Clear,,FALSE,ST LEGER ST; ST LEGER ST ; At,3/4/2020 10:15:43 AM,541068,4811108
44886,16-020595,1/28/2016 7:30:00 PM,2016,1,28,19,30,0,Thursday,541068,4811108,0,0,Non intersection,2,P.D. only,Right shoulder,unknown,unknown,SMV unattended vehicle,Unknown,Dark,07 - Dark,Municipal (excl. Twp. Rd.),No control,unknown,0,0,0,FALSE,FALSE,FALSE,Snow,,FALSE,SIMS ESTATE DR; SIMS ESTATE DR ; Near,3/4/2020 10:15:42 AM,541068,4811108
44887,16-020677,1/28/2016 5:55:00 PM,2016,1,28,17,55,0,Thursday,541068,4811108,0,0,Non intersection,2,P.D. only,Thru lane,unknown,unknown,Angle,Unknown,Dark,07 - Dark,Municipal (excl. Twp. Rd.),No control,unknown,0,0,0,FALSE,FALSE,FALSE,Snow,,FALSE,FIRST AVE; FIRST AVE ; Near,3/4/2020 10:15:42 AM,541068,4811108
44888,16-021336,1/30/2016 8:15:00 AM,2016,1,30,8,15,0,Saturday,543513.2916,4808924.671,-80.462372,43.431962,Non intersection,2,P.D. only,Thru lane,unknown,unknown,SMV unattended vehicle,Unknown,Daylight,01 - Daylight,Municipal (excl. Twp. Rd.),No control,unknown,0,0,0,FALSE,FALSE,FALSE,Clear,,FALSE,DIXON ST; DIXON ST; Near; 15 M,3/4/2020 10:15:41 AM,543513.2916,4808924.671
44889,16-021444,1/23/2016 5:50:00 PM,2016,1,23,17,50,0,Saturday,541068,4811108,0,0,At/near private drive,2,P.D. only,Left shoulder,unknown,unknown,SMV unattended vehicle,Unknown,Dusk,05 - Dusk,Municipal (excl. Twp. Rd.),No control,unknown,0,0,0,FALSE,FALSE,FALSE,Clear,,FALSE,WHITE SANDS CRT; WHITE SANDS CRT ; At,3/4/2020 10:15:40 AM,541068,4811108
44890,16-021489,1/30/2016 12:25:00 PM,2016,1,30,12,25,0,Saturday,549006.1306,4806542.842,-80.394722,43.410177,At/near private drive,2,P.D. only,Thru lane,unknown,unknown,Angle,Unknown,Daylight,01 - Daylight,Regional municipality,Stop sign,Functioning,0,0,0,FALSE,FALSE,FALSE,Clear,,FALSE,SPORTSWORLD CROSSING RD;  SPORTSWORLD CROSSING RD; Near; 3 M,3/4/2020 10:15:40 AM,549006.1306,4806542.842
44891,16-021667,1/29/2016 5:00:00 PM,2016,1,29,17,0,0,Friday,541068,4811108,0,0,At/near private drive,2,Non-reportable,Right shoulder,unknown,unknown,SMV unattended vehicle,Unknown,Daylight,01 - Daylight,Municipal (excl. Twp. Rd.),No control,unknown,0,0,0,FALSE,FALSE,FALSE,Clear,,FALSE,WINSLOW DR; WINSLOW DR ; Near,3/4/2020 10:15:39 AM,541068,4811108
44892,16-022347,1/31/2016 3:22:00 PM,2016,1,31,15,22,0,Sunday,541068,4811108,0,0,Non intersection,2,P.D. only,Thru lane,unknown,unknown,SMV unattended vehicle,Unknown,Daylight,01 - Daylight,Municipal (excl. Twp. Rd.),No control,unknown,0,0,0,FALSE,FALSE,FALSE,Rain,,FALSE,DRIFTWOOD DR; 202 DRIFTWOOD DR; 0 M,3/4/2020 10:15:38 AM,541068,4811108
44893,16-022445,1/31/2016 6:16:00 PM,2016,1,31,18,16,0,Sunday,541068,4811108,0,0,At intersection,1,Non-fatal injury,Within intersection,unknown,unknown,SMV other,Unknown,Dusk,05 - Dusk,Municipal (excl. Twp. Rd.),Stop sign,Functioning,0,0,0,TRUE,FALSE,FALSE,Clear,,FALSE,JUBILEE DR; DAVID ST; At,3/4/2020 10:15:38 AM,541068,4811108
44894,16-022729,2/1/2016 8:15:00 AM,2016,2,1,8,15,0,Monday,539503.9329,4810141.658,-80.51182,43.443142,Non intersection,2,P.D. only,Right shoulder,unknown,unknown,SMV other,Unknown,Daylight,01 - Daylight,Municipal (excl. Twp. Rd.),Traffic signal,Functioning,0,0,0,FALSE,FALSE,FALSE,Clear,,FALSE,BELMONT AVE W; VICTORIA ST S; 50 M,3/4/2020 10:15:37 AM,539503.9329,4810141.658
44895,16-022900,1/30/2016 7:00:00 PM,2016,1,30,19,0,0,Saturday,541068,4811108,0,0,Non intersection,2,P.D. only,Thru lane,unknown,unknown,SMV unattended vehicle,Unknown,"Dusk, artificial","06 - Dusk, artificial",Municipal (excl. Twp. Rd.),No control,unknown,0,0,0,FALSE,FALSE,FALSE,Clear,,FALSE,LOUISA ST; 310 LOUISA ST; Near,3/4/2020 10:15:36 AM,541068,4811108
44896,16-023174,2/1/2016 4:45:00 PM,2016,2,1,16,45,0,Monday,541068,4811108,0,0,At intersection,2,P.D. only,Within intersection,unknown,unknown,Angle,Unknown,Daylight,01 - Daylight,Municipal (excl. Twp. Rd.),Yield sign,Functioning,0,0,0,FALSE,FALSE,FALSE,Clear,,FALSE,BLOCK LINE RD; FALLOWFIELD DR; At,3/4/2020 10:15:36 AM,541068,4811108
44897,16-023529,2/2/2016 7:42:00 AM,2016,2,2,7,42,0,Tuesday,541631.9719,4811412.789,-80.485426,43.454472,At intersection,2,P.D. only,Within intersection,unknown,unknown,Angle,Unknown,Daylight,01 - Daylight,Regional municipality,Traffic signal,Functioning,0,0,1,FALSE,FALSE,FALSE,Clear,,FALSE,QUEEN ST N; MARGARET AVE; At,3/4/2020 10:15:35 AM,541631.9719,4811412.789
44898,16-023727,2/2/2016 1:02:00 PM,2016,2,2,13,2,0,Tuesday,541328.9027,4810869.61,-80.489213,43.449598,Non intersection,2,P.D. only,Thru lane,unknown,unknown,SMV unattended vehicle,Unknown,Daylight,01 - Daylight,Regional municipality,No control,unknown,0,0,0,FALSE,FALSE,FALSE,Clear,,FALSE,QUEEN ST S; KING ST W; 10 M,3/4/2020 10:15:34 AM,541328.9027,4810869.61
44899,16-025319,2/4/2016 12:50:00 PM,2016,2,4,12,50,0,Thursday,541068,4811108,0,0,At/near private drive,2,P.D. only,Thru lane,unknown,unknown,SMV unattended vehicle,Unknown,Daylight,01 - Daylight,Municipal (excl. Twp. Rd.),No control,unknown,0,0,0,FALSE,FALSE,FALSE,Clear,,FALSE,GRUHN ST; 66 GRUHN ST; At,3/4/2020 10:15:34 AM,541068,4811108
44900,16-025584,2/4/2016 6:05:00 PM,2016,2,4,18,5,0,Thursday,541068,4811108,0,0,At intersection,2,P.D. only,Within intersection,unknown,unknown,Turning movement,Unknown,"Dusk, artificial","06 - Dusk, artificial",Municipal (excl. Twp. Rd.),Stop sign,Functioning,0,0,0,FALSE,FALSE,FALSE,Clear,,FALSE,UNION BLVD; YORK ST; At,3/4/2020 10:15:33 AM,541068,4811108
44901,16-025608,2/4/2016 8:28:00 PM,2016,2,4,20,28,0,Thursday,541774.5576,4812935.44,-80.483547,43.468174,At intersection,2,P.D. only,Within intersection,unknown,unknown,SMV other,Unknown,Dark,07 - Dark,Municipal (excl. Twp. Rd.),Stop sign,Functioning,0,0,0,FALSE,FALSE,FALSE,Clear,,FALSE,ARNOLD ST; CLIFTON RD,3/4/2020 10:15:32 AM,541774.5576,4812935.44
44902,16-025968,2/4/2016 4:00:00 PM,2016,2,4,16,0,0,Thursday,541068,4811108,0,0,At/near private drive,2,P.D. only,Thru lane,unknown,unknown,Turning movement,Unknown,Daylight,01 - Daylight,Municipal (excl. Twp. Rd.),No control,unknown,0,0,0,FALSE,FALSE,FALSE,Clear,,FALSE,BINGEMANS CENTRE DR; BINGEMANS CENTRE DR ; At; 1 M,3/4/2020 10:15:32 AM,541068,4811108
44903,16-026219,2/3/2016 5:00:00 PM,2016,2,3,17,0,0,Wednesday,541068,4811108,0,0,Intersection related,2,P.D. only,Left turn lane,unknown,unknown,Rear end,Unknown,Daylight,01 - Daylight,Municipal (excl. Twp. Rd.),Traffic signal,Functioning,0,0,0,FALSE,FALSE,FALSE,Clear,,FALSE,PARK ST; GLASGOW ST,3/4/2020 10:15:31 AM,541068,4811108
44904,16-026259,2/5/2016 3:50:00 PM,2016,2,5,15,50,0,Friday,542784.2823,4804146.494,-80.471753,43.388981,At intersection,2,P.D. only,Within intersection,unknown,unknown,Turning movement,Unknown,Daylight,01 - Daylight,Regional municipality,Stop sign,Functioning,0,0,0,FALSE,FALSE,FALSE,Clear,,FALSE,HURON RD; PARKVALE DR; At,3/4/2020 10:15:30 AM,542784.2823,4804146.494