OBJECTID,ACCIDENTNUM,ACCIDENTDATE,ACCIDENT_YEAR,ACCIDENT_MONTH,ACCIDENT_DAY,ACCIDENT_HOUR,ACCIDENT_MINUTE,ACCIDENT_SECOND,ACCIDENT_WEEKDAY,XCOORD,YCOORD,LONGITUDE,LATITUDE,ACCIDENTLOCATION,COLLISIONTYPE,CLASSIFICATIONOFACCIDENT,IMPACTLOCATION,INITIALDIRECTIONOFTRAVELONE,INITIALDIRECTIONOFTRAVELTWO,INITIALIMPACTTYPE,INTTRAFFICCONTROL,LIGHT,LIGHTFORREPORT,ROADJURISDICTION,TRAFFICCONTROL,TRAFFICCONTROLCONDITION,THRULANENO,NORTHBOUNDDISOBEYCOUNT,SOUTHBOUNDDISOBEYCOUNT,PEDESTRIANINVOLVED,CYCLISTINVOLVED,MOTORCYCLISTINVOLVED,ENVIRONMENTCONDITION1,ENVIRONMENTCONDITION2,SELFREPORTED,XMLIMPORTNOTES,LASTEDITEDDATE,x,y
44905,16-026361,2/5/2016 6:30:00 PM,2016,2,5,18,30,0,Friday,543897.3665,4811904.175,-80.457387,43.458767,At intersection,1,Non-fatal injury,Within intersection,unknown,unknown,Turning movement,Unknown,Dark,07 - Dark,Municipal (excl. Twp. Rd.),Traffic signal,Functioning,0,0,0,FALSE,FALSE,FALSE,Clear,,FALSE,KRUG ST; RIVER RD E; At; 0 M,3/4/2020 10:15:30 AM,543897.3665,4811904.175
44906,16-026662,2/6/2016 1:55:00 AM,2016,2,6,1,55,0,Saturday,540798.0307,4809182.91,-80.4959,43.43444,Non intersection,2,Other,Not on roadway - right side,unknown,unknown,SMV other,Unknown,Dark,07 - Dark,Municipal (excl. Twp. Rd.),No control,unknown,0,0,0,FALSE,FALSE,FALSE,Clear,,FALSE,STIRLING AVE S; PLEASANT AVE ; Near; 8 M,3/4/2020 10:15:29 AM,540798.0307,4809182.91
44907,16-027712,1/19/2016 4:45:00 PM,2016,1,19,16,45,0,Tuesday,541068,4811108,0,0,At/near private drive,2,P.D. only,Thru lane,unknown,unknown,SMV unattended vehicle,Unknown,Daylight,01 - Daylight,Municipal (excl. Twp. Rd.),No control,unknown,0,0,0,FALSE,FALSE,FALSE,Snow,,FALSE,BLUE LACE CRES; BLUE LACE CRES ; Near,3/4/2020 10:15:28 AM,541068,4811108
44908,16-028096,2/7/2016 9:59:00 PM,2016,2,7,21,59,0,Sunday,545274.1488,4806434.261,-80.440823,43.409434,At intersection,1,Non-fatal injury,Within intersection,unknown,unknown,Angle,Stop sign,Dark,07 - Dark,Municipal (excl. Twp. Rd.),Stop sign,Functioning,0,0,1,FALSE,FALSE,FALSE,Clear,,FALSE,WABANAKI DR; WILSON AVE ; At; 3.5 M,3/4/2020 10:15:28 AM,545274.1488,4806434.261
44909,16-028379,2/7/2016 4:45:00 PM,2016,2,7,16,45,0,Sunday,541068,4811108,0,0,Intersection related,1,Non-fatal injury,Thru lane,unknown,unknown,Rear end,Unknown,Daylight,01 - Daylight,Regional municipality,Traffic signal,Functioning,0,0,0,FALSE,FALSE,FALSE,Clear,,FALSE,KING ST E; BORDEN AVE N; Near,3/4/2020 10:15:27 AM,541068,4811108
44910,16-028457,2/8/2016 8:00:00 AM,2016,2,8,8,0,0,Monday,546897.6099,4805975.33,-80.420812,43.405202,Non intersection,2,P.D. only,Off highway,unknown,unknown,SMV other,Unknown,Dawn,03 - Dawn,Municipal (excl. Twp. Rd.),No control,unknown,0,0,0,FALSE,FALSE,FALSE,Clear,,FALSE,DEER RIDGE CRES; DEER RIDGE CRES ; 5 M,3/4/2020 10:15:26 AM,546897.6099,4805975.33
44911,16-028486,2/8/2016 9:00:00 AM,2016,2,8,9,0,0,Monday,540317.1947,4805592.427,-80.502106,43.402137,Non intersection,1,Non-fatal injury,Thru lane,unknown,unknown,SMV other,Unknown,Daylight,01 - Daylight,Municipal (excl. Twp. Rd.),Other,Functioning,0,0,0,TRUE,FALSE,FALSE,Clear,,FALSE,COMMONWEALTH ST; COMMONWEALTH ST ; 4 M,3/4/2020 10:15:26 AM,540317.1947,4805592.427
44912,16-028939,2/9/2016 2:25:00 AM,2016,2,9,2,25,0,Tuesday,545981.1585,4805449.147,-80.432174,43.400521,Non intersection,2,P.D. only,Off highway,unknown,unknown,SMV other,Unknown,Dark,07 - Dark,Municipal (excl. Twp. Rd.),No control,unknown,0,0,0,FALSE,FALSE,FALSE,Snow,,FALSE,MILL PARK DR; GREEN VALLEY DR ; 1 M,3/4/2020 10:15:25 AM,545981.1585,4805449.147
44913,16-029101,2/9/2016 8:57:00 AM,2016,2,9,8,57,0,Tuesday,540389.0044,4812515.507,-80.500707,43.464469,At intersection,1,Non-fatal injury,Within intersection,unknown,unknown,Angle,Unknown,Daylight,01 - Daylight,Municipal (excl. Twp. Rd.),Stop sign,Functioning,0,0,0,FALSE,FALSE,FALSE,Clear,,FALSE,HARTWOOD AVE; ELLIS AVE,3/4/2020 10:15:24 AM,540389.0044,4812515.507
44914,16-029405,2/9/2016 1:20:00 PM,2016,2,9,13,20,0,Tuesday,541068,4811108,0,0,At/near private drive,2,P.D. only,Thru lane,unknown,unknown,Turning movement,Unknown,Daylight,01 - Daylight,Municipal (excl. Twp. Rd.),No control,unknown,0,0,0,FALSE,FALSE,FALSE,Clear,,FALSE,DODDS LANE; 914 KING ST W LOT; At,3/4/2020 10:15:24 AM,541068,4811108
44915,16-029539,2/9/2016 7:45:00 AM,2016,2,9,7,45,0,Tuesday,541068,4811108,0,0,Intersection related,2,P.D. only,Thru lane,unknown,unknown,Rear end,Unknown,Daylight,01 - Daylight,Regional municipality,Traffic signal,Functioning,0,0,0,FALSE,FALSE,FALSE,Clear,,FALSE,HOFFMAN ST; HIGHLAND RD E; At,3/4/2020 10:15:23 AM,541068,4811108
44916,16-029695,2/10/2016 3:02:00 AM,2016,2,10,3,2,0,Wednesday,543101.5994,4805432.041,-80.467734,43.400538,Non intersection,2,P.D. only,Thru lane,unknown,unknown,SMV other,Unknown,"Dark, artificial","08 - Dark, artificial",Regional municipality,Stop sign,Functioning,0,0,0,FALSE,FALSE,FALSE,Snow,,FALSE,STRASBURG RD; TRILLIUM DR ; Near; 116 M,3/4/2020 10:15:22 AM,543101.5994,4805432.041
44917,16-029845,2/9/2016 9:30:00 AM,2016,2,9,9,30,0,Tuesday,541068,4811108,0,0,At/near private drive,2,P.D. only,Thru lane,unknown,unknown,Other,Unknown,Daylight,01 - Daylight,Municipal (excl. Twp. Rd.),No control,unknown,0,0,0,FALSE,FALSE,FALSE,Clear,,FALSE,CARSON DR; CARSON DR ; Near,3/4/2020 10:15:22 AM,541068,4811108
44918,16-029901,2/10/2016 10:45:00 AM,2016,2,10,10,45,0,Wednesday,547571.3383,4804340.437,-80.412634,43.390439,Non intersection,2,P.D. only,Thru lane,unknown,unknown,Rear end,Unknown,Daylight,01 - Daylight,Municipal (excl. Twp. Rd.),No control,unknown,0,0,0,FALSE,FALSE,FALSE,Snow,,FALSE,DOON VALLEY DR ; CONESTOGA COLLEGE BLVD ; Near; 200 M,3/4/2020 10:15:21 AM,547571.3383,4804340.437
44919,16-029972,2/10/2016 12:24:00 PM,2016,2,10,12,24,0,Wednesday,540103.3791,4803074.422,-80.504931,43.379476,At/near private drive,2,P.D. only,Thru lane,unknown,unknown,Rear end,Unknown,Daylight,01 - Daylight,Regional municipality,No control,unknown,0,0,0,FALSE,FALSE,FALSE,Snow,,FALSE,HURON RD; HURON RD ; At; 22 M,3/4/2020 10:15:20 AM,540103.3791,4803074.422
44920,16-029985,11/15/2015 2:00:00 PM,2015,11,15,14,0,0,Sunday,541068,4811108,0,0,Non intersection,2,P.D. only,Thru lane,unknown,unknown,Rear end,Unknown,Daylight,01 - Daylight,Regional municipality,No control,unknown,0,0,0,FALSE,FALSE,FALSE,Clear,,FALSE,KING ST E; CEDAR ST N; Near,3/4/2020 10:15:20 AM,541068,4811108
44921,16-030072,2/10/2016 3:14:00 PM,2016,2,10,15,14,0,Wednesday,545927.9536,4809481.553,-80.432492,43.436832,Non intersection,2,P.D. only,Not on roadway - right side,unknown,unknown,SMV other,Unknown,Daylight,01 - Daylight,Municipal (excl. Twp. Rd.),No control,unknown,0,0,0,FALSE,FALSE,FALSE,Snow,,FALSE,BURGETZ AVE; THALER AVE ; Near; 80 M,3/4/2020 10:15:19 AM,545927.9536,4809481.553
44922,16-030208,2/10/2016 6:30:00 PM,2016,2,10,18,30,0,Wednesday,541068,4811108,0,0,At intersection,2,P.D. only,Within intersection,unknown,unknown,Angle,Unknown,Dark,07 - Dark,Municipal (excl. Twp. Rd.),Stop sign,Functioning,0,0,0,FALSE,FALSE,FALSE,Snow,,FALSE,SIMEON ST; PANDORA AVE N; At,3/4/2020 10:15:18 AM,541068,4811108
44923,16-030460,2/11/2016 5:30:00 AM,2016,2,11,5,30,0,Thursday,538778.4297,4807809.727,-80.520951,43.422183,Non intersection,2,P.D. only,Not on roadway - right side,unknown,unknown,SMV other,Unknown,"Dark, artificial","08 - Dark, artificial",Municipal (excl. Twp. Rd.),Stop sign,Functioning,0,0,0,FALSE,FALSE,FALSE,Clear,,FALSE,ELM RIDGE DR ; MCGARRY DR; 2 M,3/4/2020 10:15:18 AM,538778.4297,4807809.727
44924,16-030555,2/11/2016 9:43:00 AM,2016,2,11,9,43,0,Thursday,543563.8497,4812259.964,-80.461481,43.46199,At intersection,1,Non-fatal injury,Within intersection,unknown,unknown,Turning movement,Unknown,Daylight,01 - Daylight,Regional municipality,Traffic signal,Functioning,0,0,0,FALSE,FALSE,FALSE,Clear,,FALSE,RIVER RD E; FREDERICK ST,3/4/2020 10:15:17 AM,543563.8497,4812259.964
44925,16-030600,2/11/2016 10:46:00 AM,2016,2,11,10,46,0,Thursday,541232.8603,4810948.43,-80.490394,43.450313,At intersection,1,Non-fatal injury,Within intersection,unknown,unknown,SMV other,Unknown,Daylight,01 - Daylight,Regional municipality,Traffic signal,Functioning,0,0,0,TRUE,FALSE,FALSE,Clear,,FALSE,KING ST W; ONTARIO ST N; At,3/4/2020 10:15:16 AM,541232.8603,4810948.43
44926,16-030613,2/11/2016 11:07:00 AM,2016,2,11,11,7,0,Thursday,545447.6423,4811770.737,-80.438236,43.457473,Intersection related,2,P.D. only,Not on roadway - right side,unknown,unknown,SMV other,Unknown,Daylight,01 - Daylight,Municipal (excl. Twp. Rd.),No control,unknown,0,0,0,FALSE,FALSE,FALSE,Clear,,FALSE,INDIAN RD ; QUEENSTON DR,3/4/2020 10:15:16 AM,545447.6423,4811770.737
44927,16-030618,2/11/2016 11:05:00 AM,2016,2,11,11,5,0,Thursday,539596.7422,4810763.255,-80.510628,43.448734,Non intersection,2,P.D. only,Right shoulder,unknown,unknown,SMV unattended vehicle,Unknown,Daylight,01 - Daylight,Municipal (excl. Twp. Rd.),No control,unknown,0,0,0,FALSE,FALSE,FALSE,Clear,,FALSE,GAGE AVE; GAGE AVE ; 7 M,3/4/2020 10:15:15 AM,539596.7422,4810763.255
44928,16-030652,2/11/2016 11:52:00 AM,2016,2,11,11,52,0,Thursday,545247.4462,4811969.08,-80.440694,43.459271,Non intersection,2,P.D. only,Thru lane,unknown,unknown,Approaching,Unknown,Daylight,01 - Daylight,Municipal (excl. Twp. Rd.),No control,unknown,0,0,0,FALSE,FALSE,FALSE,Clear,,FALSE,QUEENSTON CRES; QUEENSTON DR; Near; 5 M,3/4/2020 10:15:14 AM,545247.4462,4811969.08
44929,16-030732,2/6/2016 7:30:00 PM,2016,2,6,19,30,0,Saturday,542895.9683,4810057.876,-80.46991,43.442201,At/near private drive,2,P.D. only,Thru lane,unknown,unknown,SMV unattended vehicle,Unknown,Dark,07 - Dark,Municipal (excl. Twp. Rd.),No control,unknown,0,0,0,FALSE,FALSE,FALSE,Clear,,FALSE,BRICK ST ; 11 OTTAWA ST N; Near; 15 M,3/4/2020 10:15:13 AM,542895.9683,4810057.876
44930,16-030763,2/11/2016 1:30:00 PM,2016,2,11,13,30,0,Thursday,541068,4811108,0,0,At intersection,1,Non-fatal injury,Within intersection,unknown,unknown,Turning movement,Unknown,Daylight,01 - Daylight,Municipal (excl. Twp. Rd.),Stop sign,Functioning,0,0,0,FALSE,FALSE,FALSE,Clear,,FALSE,DOON SOUTH DR; DOON VILLAGE RD; At,3/4/2020 10:15:13 AM,541068,4811108
44931,16-030808,2/11/2016 1:40:00 PM,2016,2,11,13,40,0,Thursday,541068,4811108,0,0,At/near private drive,2,P.D. only,Thru lane,unknown,unknown,Other,Unknown,Daylight,01 - Daylight,Private property,No control,unknown,0,0,0,FALSE,FALSE,FALSE,Clear,,FALSE,HOPP ST ; MADISON AVE S; At,3/4/2020 10:15:12 AM,541068,4811108
44932,16-030866,2/11/2016 4:50:00 PM,2016,2,11,16,50,0,Thursday,542192.8854,4810731.582,-80.478546,43.448307,At/near private drive,2,P.D. only,Thru lane,unknown,unknown,SMV unattended vehicle,Unknown,Dark,07 - Dark,Municipal (excl. Twp. Rd.),No control,unknown,0,0,0,FALSE,FALSE,FALSE,Clear,,FALSE,CAMERON ST N; WEBER ST E; 59 M,3/4/2020 10:15:11 AM,542192.8854,4810731.582
44933,16-030902,2/11/2016 5:10:00 PM,2016,2,11,17,10,0,Thursday,539832.4789,4811141.697,-80.507687,43.452129,Non intersection,2,P.D. only,Thru lane,unknown,unknown,Rear end,Unknown,Dusk,05 - Dusk,Municipal (excl. Twp. Rd.),No control,unknown,0,0,0,FALSE,FALSE,FALSE,Clear,,FALSE,PARK ST; DOMINION ST; Near; 40 M,3/4/2020 10:15:10 AM,539832.4788,4811141.697
44934,16-031629,2/12/2016 4:50:00 PM,2016,2,12,16,50,0,Friday,540427.8641,4811364.255,-80.500312,43.454101,At/near private drive,2,P.D. only,Thru lane,unknown,unknown,Turning movement,Unknown,Daylight,01 - Daylight,Municipal (excl. Twp. Rd.),No control,unknown,0,0,0,FALSE,FALSE,FALSE,Snow,,FALSE,WATERLOO ST; BREITHAUPT ST; 40 M,3/4/2020 10:15:10 AM,540427.8641,4811364.255
44935,16-031632,2/12/2016 4:53:00 PM,2016,2,12,16,53,0,Friday,541068,4811108,0,0,Non intersection,2,P.D. only,Not on roadway - right side,unknown,unknown,SMV other,Unknown,Daylight,01 - Daylight,Municipal (excl. Twp. Rd.),No control,unknown,0,0,0,FALSE,FALSE,FALSE,Drifting Snow,,FALSE,CAMERON RD ; NEW DUNDEE RD ; 150 M,3/4/2020 10:15:09 AM,541068,4811108
44936,16-031759,2/12/2016 7:46:00 PM,2016,2,12,19,46,0,Friday,541068,4811108,0,0,Overpass or bridge,2,P.D. only,Thru lane,unknown,unknown,SMV other,Unknown,Dark,07 - Dark,Municipal (excl. Twp. Rd.),No control,unknown,0,0,0,FALSE,FALSE,FALSE,Clear,,FALSE,PARK ST; CHERRY ST; Near; 50 M,3/4/2020 10:15:08 AM,541068,4811108
44937,16-031826,2/12/2016 9:58:00 PM,2016,2,12,21,58,0,Friday,547064.0118,4806045.236,-80.418751,43.405821,At/near private drive,1,Non-fatal injury,Thru lane,unknown,unknown,Turning movement,Unknown,Dark,07 - Dark,Municipal (excl. Twp. Rd.),No control,unknown,0,0,0,FALSE,FALSE,FALSE,Clear,,FALSE,DEER RIDGE CRES; DEER RIDGE CRES ; At; 1 M,3/4/2020 10:15:08 AM,547064.0117,4806045.236
44938,16-032272,2/13/2016 2:20:00 PM,2016,2,13,14,20,0,Saturday,544561.2166,4811738.94,-80.449195,43.45724,Intersection related,2,P.D. only,Thru lane,unknown,unknown,Rear end,Unknown,Daylight,01 - Daylight,Municipal (excl. Twp. Rd.),Traffic signal,Functioning,0,0,0,FALSE,FALSE,FALSE,Clear,,FALSE,RIVER RD E; LORRAINE AVE ; At,3/4/2020 10:15:07 AM,544561.2166,4811738.94
44939,16-033077,2/14/2016 3:30:00 PM,2016,2,14,15,30,0,Sunday,541068,4811108,0,0,At/near private drive,2,P.D. only,Thru lane,unknown,unknown,Turning movement,Unknown,Daylight,01 - Daylight,Municipal (excl. Twp. Rd.),Stop sign,Functioning,0,0,0,FALSE,FALSE,FALSE,Clear,,FALSE,WILSON AVE ; 419 FAIRWAY RD S; At,3/4/2020 10:15:06 AM,541068,4811108
44940,16-033274,2/14/2016 11:09:00 PM,2016,2,14,23,9,0,Sunday,548011.7296,4810879.466,-80.406622,43.449288,Non intersection,1,Non-fatal injury,Thru lane,unknown,unknown,SMV unattended vehicle,Unknown,"Daylight, artificial","02 - Daylight, artificial",Municipal (excl. Twp. Rd.),No control,unknown,0,0,0,FALSE,FALSE,FALSE,Clear,,FALSE,COLTON CIR; AMELIA ST ; 14 M,3/4/2020 10:15:05 AM,548011.7296,4810879.466
44941,16-033532,2/15/2016 10:20:00 AM,2016,2,15,10,20,0,Monday,541953.0613,4810521.511,-80.481526,43.446429,Non intersection,2,P.D. only,Right shoulder,unknown,unknown,SMV unattended vehicle,Unknown,Daylight,01 - Daylight,Regional municipality,No control,unknown,0,0,0,FALSE,FALSE,FALSE,Snow,,FALSE,KING ST E; CAMERON ST N; 100 M,3/4/2020 10:15:04 AM,541953.0613,4810521.511
44942,16-033593,2/14/2016 4:20:00 PM,2016,2,14,16,20,0,Sunday,541068,4811108,0,0,At intersection,2,P.D. only,Within intersection,unknown,unknown,Turning movement,Unknown,Daylight,01 - Daylight,Municipal (excl. Twp. Rd.),Stop sign,Functioning,0,0,0,FALSE,FALSE,FALSE,Clear,,FALSE,TUERR DR; RITTENHOUSE RD,3/4/2020 10:15:04 AM,541068,4811108
44943,16-033951,2/16/2016 1:24:00 AM,2016,2,16,1,24,0,Tuesday,540747.3999,4808828.875,-80.496552,43.431255,Intersection related,2,P.D. only,Not on roadway - right side,unknown,unknown,SMV other,Unknown,"Dark, artificial","08 - Dark, artificial",Municipal (excl. Twp. Rd.),Traffic signal,Functioning,0,0,0,FALSE,FALSE,FALSE,"Fog, mist, smoke, dust",,FALSE,HOMER WATSON BLVD ; STIRLING AVE S; At; 2.5 M,3/4/2020 10:15:03 AM,540747.3999,4808828.875
44944,16-034069,2/16/2016 8:28:00 AM,2016,2,16,8,28,0,Tuesday,545397.2988,4808300.148,-80.439147,43.426227,Non intersection,2,P.D. only,Not on roadway - left side,unknown,unknown,SMV other,Unknown,Daylight,01 - Daylight,Municipal (excl. Twp. Rd.),Ped. crossover,Functioning,0,0,0,FALSE,FALSE,FALSE,Snow,,FALSE,KINGSWAY DR; CEDARWOODS CRES; 120 M,3/4/2020 10:15:02 AM,545397.2988,4808300.148
44945,16-034075,2/12/2016 9:00:00 PM,2016,2,12,21,0,0,Friday,541068,4811108,0,0,At/near private drive,2,P.D. only,Thru lane,unknown,unknown,SMV unattended vehicle,Unknown,"Dark, artificial","08 - Dark, artificial",Municipal (excl. Twp. Rd.),No control,unknown,0,0,0,FALSE,FALSE,FALSE,Clear,,FALSE,SHADELAND CRES; 78 SHADELAND CRES; At,3/4/2020 10:15:02 AM,541068,4811108
44946,16-034235,2/16/2016 12:33:00 PM,2016,2,16,12,33,0,Tuesday,543840.5963,4810814.353,-80.458176,43.448958,Non intersection,2,P.D. only,Not on roadway - left side,unknown,unknown,SMV other,Unknown,Daylight,01 - Daylight,Municipal (excl. Twp. Rd.),No control,unknown,0,0,0,FALSE,FALSE,FALSE,Snow,,FALSE,MANCHESTER RD ; 135 MANCHESTER RD; Near; 1 M,3/7/2019 1:21:58 PM,543840.5963,4810814.353
44947,16-034641,2/17/2016 12:43:00 AM,2016,2,17,0,43,0,Wednesday,541265.3754,4810791.811,-80.490004,43.448901,At intersection,2,P.D. only,Within intersection,unknown,unknown,SMV other,Unknown,"Dusk, artificial","06 - Dusk, artificial",Municipal (excl. Twp. Rd.),No control,unknown,0,0,0,FALSE,FALSE,FALSE,Snow,,FALSE,QUEEN ST S; CHARLES ST E,3/4/2020 10:15:01 AM,541265.3754,4810791.811
44948,16-034791,2/17/2016 8:50:00 AM,2016,2,17,8,50,0,Wednesday,541133.5138,4810998.912,-80.491618,43.450773,Non intersection,2,P.D. only,Right shoulder,unknown,unknown,SMV other,Unknown,Daylight,01 - Daylight,Regional municipality,No control,unknown,0,0,0,FALSE,FALSE,FALSE,Clear,,FALSE,KING ST W; YOUNG ST ; 30 M,3/4/2020 10:15:00 AM,541133.5138,4810998.912
44949,16-034835,2/17/2016 10:15:00 AM,2016,2,17,10,15,0,Wednesday,540173.4651,4809412.5,-80.5036,43.436541,Intersection related,2,Non-reportable,Thru lane,unknown,unknown,Rear end,Unknown,Daylight,01 - Daylight,Municipal (excl. Twp. Rd.),Traffic signal,Functioning,0,0,0,FALSE,FALSE,FALSE,Clear,,FALSE,QUEEN ST S; BELMONT AVE E,3/4/2020 10:15:00 AM,540173.4651,4809412.5
44950,16-034901,2/16/2016 9:35:00 PM,2016,2,16,21,35,0,Tuesday,538773.8789,4807502.841,-80.521029,43.41942,Non intersection,2,P.D. only,Not on roadway - right side,unknown,unknown,SMV other,Unknown,"Dark, artificial","08 - Dark, artificial",Municipal (excl. Twp. Rd.),No control,unknown,0,0,0,FALSE,FALSE,FALSE,Clear,,FALSE,PINEHURST CRES; 58 PINEHURST CRES; 2 M,3/4/2020 10:14:59 AM,538773.8789,4807502.841
44951,16-034906,2/10/2016 8:50:00 AM,2016,2,10,8,50,0,Wednesday,543540.8033,4808762.81,-80.462045,43.430503,Intersection related,2,P.D. only,Thru lane,unknown,unknown,Turning movement,Unknown,Daylight,01 - Daylight,Municipal (excl. Twp. Rd.),Stop sign,Functioning,0,0,0,FALSE,FALSE,FALSE,Clear,,FALSE,MASSEY AVE; BONIFACE AVE; At,3/4/2020 10:14:58 AM,543540.8033,4808762.81
44952,16-035578,2/18/2016 8:15:00 AM,2016,2,18,8,15,0,Thursday,541068,4811108,0,0,Intersection related,2,P.D. only,Thru lane,unknown,unknown,Rear end,Unknown,Daylight,01 - Daylight,Municipal (excl. Twp. Rd.),Traffic signal,Functioning,0,0,0,FALSE,FALSE,FALSE,Clear,,FALSE,WILSON AVE; KINGSWAY DR; At,3/4/2020 10:14:58 AM,541068,4811108
44953,16-036284,2/15/2016 7:45:00 PM,2016,2,15,19,45,0,Monday,538172.6215,4806659.798,-80.528515,43.41186,Non intersection,2,P.D. only,Thru lane,unknown,unknown,SMV unattended vehicle,Unknown,"Dark, artificial","08 - Dark, artificial",Municipal (excl. Twp. Rd.),No control,unknown,0,0,0,FALSE,FALSE,FALSE,Clear,,FALSE,INDIGO ST; INDIGO ST,3/4/2020 10:14:57 AM,538172.6214,4806659.798
44954,16-036288,2/19/2016 9:04:00 AM,2016,2,19,9,4,0,Friday,539773.8546,4811204.1,-80.508407,43.452694,Non intersection,2,P.D. only,Thru lane,unknown,unknown,Rear end,Unknown,Daylight,01 - Daylight,Municipal (excl. Twp. Rd.),No control,unknown,0,0,0,FALSE,FALSE,FALSE,Clear,,FALSE,PARK ST; DOMINION ST; 100 M,3/4/2020 10:14:56 AM,539773.8546,4811204.1
44955,16-036492,2/19/2016 2:25:00 PM,2016,2,19,14,25,0,Friday,549381.4515,4806272.919,-80.390111,43.407722,At/near private drive,2,P.D. only,Thru lane,unknown,unknown,Angle,Unknown,Daylight,01 - Daylight,Municipal (excl. Twp. Rd.),Stop sign,Functioning,0,0,0,FALSE,FALSE,FALSE,Clear,,FALSE,GATEWAY PARK DR ; GATEWAY PARK DR ; At; 1 M,3/4/2020 10:14:56 AM,549381.4515,4806272.919
44956,16-036643,2/19/2016 3:00:00 AM,2016,2,19,3,0,0,Friday,541068,4811108,0,0,Other,2,P.D. only,Off highway,unknown,unknown,SMV unattended vehicle,Unknown,Dark,07 - Dark,Private property,No control,unknown,0,0,0,FALSE,FALSE,FALSE,Clear,,FALSE,DRIVEWAY; STEEPLERIDGE ST; At,3/4/2020 10:14:55 AM,541068,4811108
44957,16-036954,2/20/2016 3:05:00 AM,2016,2,20,3,5,0,Saturday,538452.1626,4807986.334,-80.524969,43.42379,Non intersection,2,P.D. only,Right shoulder,unknown,unknown,SMV other,Unknown,Dark,07 - Dark,Municipal (excl. Twp. Rd.),No control,unknown,0,0,0,FALSE,FALSE,FALSE,Clear,,FALSE,ELM RIDGE DR; SILVER ASPEN CRES ; 11 M,3/4/2020 10:14:54 AM,538452.1626,4807986.334
44958,16-037030,2/20/2016 7:48:00 AM,2016,2,20,7,48,0,Saturday,543284.3478,4811503.829,-80.464996,43.455198,Non intersection,2,P.D. only,Right shoulder,unknown,unknown,SMV other,Unknown,Daylight,01 - Daylight,Municipal (excl. Twp. Rd.),No control,unknown,0,0,0,FALSE,FALSE,FALSE,Clear,,FALSE,KRUG ST; KRUG ST ; 1 M,3/4/2020 10:14:54 AM,543284.3478,4811503.829
44959,16-037500,2/20/2016 7:45:00 PM,2016,2,20,19,45,0,Saturday,543003.6127,4804325.584,-80.469031,43.390581,Non intersection,2,P.D. only,Thru lane,unknown,unknown,SMV other,Unknown,"Dark, artificial","08 - Dark, artificial",Regional municipality,No control,unknown,0,0,0,FALSE,FALSE,FALSE,Clear,,FALSE,HURON RD; STRASBURG RD ; 200 M,3/4/2020 10:14:53 AM,543003.6127,4804325.584
44960,16-037923,2/21/2016 10:47:00 AM,2016,2,21,10,47,0,Sunday,543515.4848,4804276.552,-80.462715,43.39011,Intersection related,2,P.D. only,Thru lane,unknown,unknown,Turning movement,Unknown,Daylight,01 - Daylight,Municipal (excl. Twp. Rd.),No control,unknown,0,0,0,FALSE,FALSE,FALSE,Clear,,FALSE,RUSH MEADOW ST; RUSH MEADOW CRES ; 60 M,3/4/2020 10:14:52 AM,543515.4848,4804276.552
44961,16-038042,2/20/2016 2:30:00 PM,2016,2,20,14,30,0,Saturday,541124.4821,4812717.313,-80.4916,43.466246,At/near private drive,2,Non-reportable,Thru lane,unknown,unknown,SMV unattended vehicle,Unknown,Daylight,01 - Daylight,Municipal (excl. Twp. Rd.),No control,unknown,0,0,0,FALSE,FALSE,FALSE,Clear,,FALSE,FAIRFIELD AVE; FAIRFIELD AVE ; At,3/4/2020 10:14:52 AM,541124.4821,4812717.313
44962,16-038195,2/21/2016 5:23:00 PM,2016,2,21,17,23,0,Sunday,539404.0347,4810383.741,-80.513037,43.445327,At intersection,2,P.D. only,Within intersection,unknown,unknown,Turning movement,Unknown,Daylight,01 - Daylight,Municipal (excl. Twp. Rd.),Traffic signal,Functioning,0,0,0,FALSE,FALSE,FALSE,Clear,,FALSE,BELMONT AVE W; KARN ST; 5 M,3/4/2020 10:14:51 AM,539404.0347,4810383.741
44963,16-038359,2/21/2016 10:30:00 PM,2016,2,21,22,30,0,Sunday,539355.8741,4810510.736,-80.513623,43.446473,Non intersection,1,Non-fatal injury,Not on roadway - right side,unknown,unknown,SMV other,Unknown,"Dark, artificial","08 - Dark, artificial",Municipal (excl. Twp. Rd.),No control,unknown,0,0,0,FALSE,FALSE,FALSE,Clear,,FALSE,BELMONT AVE W; GAGE AVE ; Near; 70 M,3/4/2020 10:14:50 AM,539355.8741,4810510.736
44964,16-038502,2/22/2016 4:30:00 AM,2016,2,22,4,30,0,Monday,541388.8068,4806049.705,-80.488838,43.406196,Other,2,P.D. only,Off highway,unknown,unknown,SMV other,Unknown,Dawn,03 - Dawn,Private property,No control,unknown,0,0,0,FALSE,FALSE,FALSE,Clear,,FALSE,PRIVATE DRIVE; BONNYBANK CT,3/4/2020 10:14:50 AM,541388.8068,4806049.706
44965,16-038770,2/20/2016 12:00:00 PM,2016,2,20,12,0,0,Saturday,539499.4537,4806496.733,-80.512139,43.410323,At/near private drive,2,P.D. only,Thru lane,unknown,unknown,SMV unattended vehicle,Unknown,Daylight,01 - Daylight,Municipal (excl. Twp. Rd.),No control,unknown,0,0,0,FALSE,FALSE,FALSE,Clear,,FALSE,WILDERNESS DR; 210 WILDERNESS DR; At,3/4/2020 10:14:49 AM,539499.4537,4806496.733
44966,16-038910,2/21/2016 6:45:00 PM,2016,2,21,18,45,0,Sunday,544960.1126,4811321.551,-80.444299,43.453458,At/near private drive,2,P.D. only,Thru lane,unknown,unknown,SMV unattended vehicle,Unknown,Dusk,05 - Dusk,Municipal (excl. Twp. Rd.),No control,unknown,0,0,0,FALSE,FALSE,FALSE,Clear,,FALSE,BRECKENRIDGE DR ; BRECKENRIDGE DR; At,3/4/2020 10:14:48 AM,544960.1126,4811321.551
44967,16-040179,2/24/2016 11:20:00 AM,2016,2,24,11,20,0,Wednesday,539068.8822,4811134.451,-80.517125,43.452104,Non intersection,1,Non-fatal injury,Thru lane,unknown,unknown,Rear end,Unknown,Daylight,01 - Daylight,Municipal (excl. Twp. Rd.),No control,unknown,0,0,0,FALSE,FALSE,FALSE,Freezing Rain,,FALSE,GLASGOW ST; BELMONT AVE W; 50 M,3/4/2020 10:14:48 AM,539068.8822,4811134.451