OBJECTID,ACCIDENTNUM,ACCIDENTDATE,ACCIDENT_YEAR,ACCIDENT_MONTH,ACCIDENT_DAY,ACCIDENT_HOUR,ACCIDENT_MINUTE,ACCIDENT_SECOND,ACCIDENT_WEEKDAY,XCOORD,YCOORD,LONGITUDE,LATITUDE,ACCIDENTLOCATION,COLLISIONTYPE,CLASSIFICATIONOFACCIDENT,IMPACTLOCATION,INITIALDIRECTIONOFTRAVELONE,INITIALDIRECTIONOFTRAVELTWO,INITIALIMPACTTYPE,INTTRAFFICCONTROL,LIGHT,LIGHTFORREPORT,ROADJURISDICTION,TRAFFICCONTROL,TRAFFICCONTROLCONDITION,THRULANENO,NORTHBOUNDDISOBEYCOUNT,SOUTHBOUNDDISOBEYCOUNT,PEDESTRIANINVOLVED,CYCLISTINVOLVED,MOTORCYCLISTINVOLVED,ENVIRONMENTCONDITION1,ENVIRONMENTCONDITION2,SELFREPORTED,XMLIMPORTNOTES,LASTEDITEDDATE,x,y
44968,16-040362,2/24/2016 4:22:00 PM,2016,2,24,16,22,0,Wednesday,540979.7871,4808520.644,-80.493704,43.428467,Non intersection,2,P.D. only,Right shoulder,unknown,unknown,SMV other,Unknown,Daylight,01 - Daylight,Municipal (excl. Twp. Rd.),No control,unknown,0,0,0,FALSE,FALSE,FALSE,Freezing Rain,,FALSE,SOUTHMOOR DR; YAGER AVE ; At; 80 M,3/4/2020 10:14:47 AM,540979.7871,4808520.644
44969,16-040371,2/24/2016 4:30:00 PM,2016,2,24,16,30,0,Wednesday,539205.5529,4810395.023,-80.515489,43.445439,Non intersection,1,Non-fatal injury,Not on roadway - right side,unknown,unknown,SMV other,Unknown,Daylight,01 - Daylight,Municipal (excl. Twp. Rd.),No control,unknown,0,0,0,FALSE,FALSE,FALSE,Rain,,FALSE,BRYBECK CRES; 32 BRYBECK CRES; 9 M,3/4/2020 10:14:46 AM,539205.5529,4810395.023
44970,16-040499,2/24/2016 7:41:00 PM,2016,2,24,19,41,0,Wednesday,541228.428,4810747.049,-80.490464,43.4485,Non intersection,2,P.D. only,Thru lane,unknown,unknown,SMV unattended vehicle,Unknown,"Dark, artificial","08 - Dark, artificial",Municipal (excl. Twp. Rd.),No control,unknown,0,0,0,FALSE,FALSE,FALSE,Freezing Rain,,FALSE,QUEEN ST S; CHURCH ST ; 5 M,3/4/2020 10:14:46 AM,541228.428,4810747.049
44971,16-040676,2/25/2016 4:49:00 AM,2016,2,25,4,49,0,Thursday,542070.655,4813369.425,-80.479853,43.472065,Non intersection,2,P.D. only,Not on roadway - right side,unknown,unknown,SMV other,Unknown,"Dark, artificial","08 - Dark, artificial",Municipal (excl. Twp. Rd.),No control,unknown,0,0,0,FALSE,FALSE,FALSE,Snow,,FALSE,SEREDA RD ; UNION ST ; Near; 35 M,3/4/2020 10:14:45 AM,542070.655,4813369.425
44972,16-040700,2/25/2016 7:05:00 AM,2016,2,25,7,5,0,Thursday,538633.8685,4806604.671,-80.522822,43.41134,At intersection,2,P.D. only,Within intersection,unknown,unknown,Angle,Unknown,Daylight,01 - Daylight,Municipal (excl. Twp. Rd.),Stop sign,Functioning,0,0,0,FALSE,FALSE,FALSE,Snow,,FALSE,WINDFLOWER DR; WAKE ROBIN DR; At; 3 M,3/4/2020 10:14:44 AM,538633.8685,4806604.671
44973,16-040971,2/25/2016 1:26:00 PM,2016,2,25,13,26,0,Thursday,540437.4168,4811713.933,-80.500168,43.457249,At intersection,2,P.D. only,Within intersection,unknown,unknown,Angle,Unknown,Daylight,01 - Daylight,Municipal (excl. Twp. Rd.),Stop sign,Functioning,0,0,0,FALSE,FALSE,FALSE,Clear,,FALSE,SHANLEY ST; WATERLOO ST; At,3/4/2020 10:14:44 AM,540437.4168,4811713.933
44974,16-041609,2/26/2016 8:35:00 AM,2016,2,26,8,35,0,Friday,545748.3976,4803874.049,-80.43518,43.386353,Intersection related,2,P.D. only,Thru lane,unknown,unknown,Rear end,Unknown,Daylight,01 - Daylight,Municipal (excl. Twp. Rd.),Stop sign,Functioning,0,0,0,FALSE,FALSE,FALSE,Clear,,FALSE,OAKDALE CRT; APPLE RIDGE DR; At,3/4/2020 10:14:43 AM,545748.3976,4803874.049
44975,16-041727,2/26/2016 12:18:00 PM,2016,2,26,12,18,0,Friday,544583.0302,4811780.288,-80.448922,43.457611,At/near private drive,2,P.D. only,Thru lane,unknown,unknown,Turning movement,Unknown,Daylight,01 - Daylight,Municipal (excl. Twp. Rd.),No control,unknown,0,0,0,FALSE,FALSE,FALSE,Clear,,FALSE,LORRAINE AVE; LORRAINE AVE; At; 1 M,3/4/2020 10:14:42 AM,544583.0302,4811780.288
44976,16-041861,2/26/2016 1:10:00 PM,2016,2,26,13,10,0,Friday,542582.1213,4810125.189,-80.473783,43.442825,Intersection related,1,Non-fatal injury,Within intersection,unknown,unknown,Rear end,Unknown,Daylight,01 - Daylight,Regional municipality,Traffic signal,Functioning,0,0,0,FALSE,FALSE,FALSE,Clear,,FALSE,KING ST E; BORDEN AVE N; At,3/4/2020 10:14:42 AM,542582.1213,4810125.189
44977,16-041891,2/26/2016 4:00:00 PM,2016,2,26,16,0,0,Friday,545190.5438,4808048.981,-80.441722,43.423978,Non intersection,2,P.D. only,Thru lane,unknown,unknown,Rear end,Unknown,"Daylight, artificial","02 - Daylight, artificial",Municipal (excl. Twp. Rd.),No control,unknown,0,0,0,FALSE,FALSE,FALSE,Clear,,FALSE,KINGSWAY DR; GREENFIELD AVE; 50 M,3/4/2020 10:14:41 AM,545190.5438,4808048.981
44978,16-041972,2/26/2016 4:30:00 PM,2016,2,26,16,30,0,Friday,543046.1329,4809758.633,-80.468078,43.439498,At intersection,2,P.D. only,Within intersection,unknown,unknown,Angle,Unknown,Daylight,01 - Daylight,Municipal (excl. Twp. Rd.),Stop sign,Functioning,0,0,0,FALSE,FALSE,FALSE,Clear,,FALSE,CHARLES ST E; PRESTON ST; At,3/4/2020 10:14:40 AM,543046.1329,4809758.633
44979,16-042084,2/26/2016 8:14:00 PM,2016,2,26,20,14,0,Friday,545290.3048,4805305.207,-80.440717,43.399267,Intersection related,2,P.D. only,Thru lane,unknown,unknown,Other,Unknown,Dark,07 - Dark,Municipal (excl. Twp. Rd.),No control,unknown,0,0,0,FALSE,FALSE,FALSE,Clear,,FALSE,FARRIER DR; BRASSEY CRT; Near; 10 M,3/4/2020 10:14:40 AM,545290.3048,4805305.207
44980,16-042194,2/26/2016 10:30:00 PM,2016,2,26,22,30,0,Friday,545032.7617,4807868.784,-80.443686,43.422365,At intersection,1,Non-fatal injury,Within intersection,unknown,unknown,SMV other,Unknown,Dark,07 - Dark,Municipal (excl. Twp. Rd.),Traffic signal,Functioning,0,0,0,TRUE,FALSE,FALSE,Clear,,FALSE,KINGSWAY DR; WILSON AVE; At,3/4/2020 10:14:39 AM,545032.7617,4807868.784
44981,16-042687,2/27/2016 3:15:00 PM,2016,2,27,15,15,0,Saturday,543596.7947,4808264.838,-80.461393,43.426016,Other,2,Non-reportable,Off highway,unknown,unknown,SMV unattended vehicle,Unknown,Daylight,01 - Daylight,Private property,No control,unknown,0,0,0,FALSE,FALSE,FALSE,Clear,,FALSE,DRIVEWAY; 225 VANIER DR; At,3/4/2020 10:14:38 AM,543596.7947,4808264.838
44982,16-043156,2/28/2016 4:52:00 AM,2016,2,28,4,52,0,Sunday,542336.5313,4807750.262,-80.477002,43.421455,Non intersection,2,P.D. only,Not on roadway - right side,unknown,unknown,SMV other,Unknown,"Dark, artificial","08 - Dark, artificial",Municipal (excl. Twp. Rd.),No control,unknown,0,0,0,FALSE,FALSE,FALSE,Clear,,FALSE,KINGSWOOD DR; KINGSWOOD DR ; At; 22 M,3/4/2020 10:14:38 AM,542336.5313,4807750.262
44983,16-043413,2/27/2016 7:10:00 PM,2016,2,27,19,10,0,Saturday,546607.9172,4808572.62,-80.424168,43.428606,Non intersection,2,P.D. only,Thru lane,unknown,unknown,SMV unattended vehicle,Unknown,"Dark, artificial","08 - Dark, artificial",Municipal (excl. Twp. Rd.),No control,unknown,0,0,0,FALSE,FALSE,FALSE,Clear,,FALSE,GREENDALE CRES; 34 GREENDALE CR,3/4/2020 10:14:37 AM,546607.9172,4808572.62
44984,16-043421,2/28/2016 2:28:00 PM,2016,2,28,14,28,0,Sunday,545794.8213,4808623.026,-80.434209,43.42911,At intersection,2,P.D. only,Within intersection,unknown,unknown,Turning movement,Unknown,Daylight,01 - Daylight,Regional municipality,No control,unknown,0,0,0,FALSE,FALSE,FALSE,Clear,,FALSE,KING ST E; MORGAN AVE; 10 M,3/4/2020 10:14:36 AM,545794.8213,4808623.026
44985,16-043767,2/29/2016 3:00:00 AM,2016,2,29,3,0,0,Monday,541798.8576,4810621.397,-80.483424,43.447337,Intersection related,2,P.D. only,Thru lane,unknown,unknown,SMV other,Unknown,Dark,07 - Dark,Regional municipality,Traffic signal,Functioning,0,0,0,FALSE,FALSE,FALSE,Clear,,FALSE,CEDAR ST S; KING ST E; At; 12 M,3/4/2020 10:14:36 AM,541798.8576,4810621.397
44986,16-043866,2/29/2016 8:38:00 AM,2016,2,29,8,38,0,Monday,542126.902,4809208.96,-80.479479,43.434601,At intersection,1,Non-fatal injury,Within intersection,unknown,unknown,Turning movement,Unknown,Daylight,01 - Daylight,Municipal (excl. Twp. Rd.),Stop sign,Functioning,0,0,0,FALSE,FALSE,FALSE,Clear,,FALSE,MILL ST; MILL ST,3/4/2020 10:14:35 AM,542126.902,4809208.96
44987,16-043979,2/29/2016 11:20:00 AM,2016,2,29,11,20,0,Monday,539330.9953,4809976.054,-80.513969,43.44166,At/near private drive,2,P.D. only,Left turn lane,unknown,unknown,Turning movement,Unknown,Daylight,01 - Daylight,Municipal (excl. Twp. Rd.),No control,unknown,0,0,0,FALSE,FALSE,FALSE,Clear,,FALSE,LAWRENCE AVE; 313 LAWRENCE AVE; Near; 5 M,3/4/2020 10:14:34 AM,539330.9953,4809976.054
44988,16-044138,2/29/2016 3:40:00 PM,2016,2,29,15,40,0,Monday,541542.2595,4812643.909,-80.486441,43.465562,Non intersection,1,Non-fatal injury,Thru lane,unknown,unknown,SMV unattended vehicle,Unknown,Daylight,01 - Daylight,Municipal (excl. Twp. Rd.),No control,unknown,0,0,0,FALSE,FALSE,FALSE,Clear,,FALSE,GUELPH ST; ARNOLD ST ; Near; 63 M,3/4/2020 10:14:34 AM,541542.2595,4812643.91
44989,16-044147,2/29/2016 1:45:00 PM,2016,2,29,13,45,0,Monday,539748.0192,4810892.754,-80.508749,43.449892,Non intersection,2,P.D. only,Thru lane,unknown,unknown,Rear end,Unknown,Daylight,01 - Daylight,Municipal (excl. Twp. Rd.),No control,unknown,0,0,0,FALSE,FALSE,FALSE,Clear,,FALSE,STRANGE ST; CN RAIL; Near,3/4/2020 10:14:33 AM,539748.0192,4810892.754
44990,16-044729,3/1/2016 12:47:00 PM,2016,3,1,12,47,0,Tuesday,540487.7247,4809735.901,-80.499693,43.439436,At intersection,2,P.D. only,Within intersection,unknown,unknown,Angle,Unknown,Daylight,01 - Daylight,Municipal (excl. Twp. Rd.),Stop sign,Functioning,0,0,0,FALSE,FALSE,FALSE,Drifting Snow,,FALSE,QUEENS BLVD; SPADINA RD E,3/4/2020 10:14:32 AM,540487.7247,4809735.901
44991,16-044744,3/1/2016 1:04:00 PM,2016,3,1,13,4,0,Tuesday,541779.0585,4804157.528,-80.484163,43.389137,At/near private drive,2,P.D. only,Thru lane,unknown,unknown,Turning movement,Unknown,Daylight,01 - Daylight,Municipal (excl. Twp. Rd.),No control,unknown,0,0,0,FALSE,FALSE,FALSE,Strong wind,,FALSE,PARKVALE DR; 345 PARKVALE DR; At; 0 M,3/4/2020 10:14:32 AM,541779.0585,4804157.528
44992,16-044905,3/1/2016 5:10:00 PM,2016,3,1,17,10,0,Tuesday,539910.1039,4809208.805,-80.506869,43.434721,At/near private drive,2,P.D. only,Thru lane,unknown,unknown,SMV other,Unknown,Daylight,01 - Daylight,Municipal (excl. Twp. Rd.),No control,unknown,0,0,0,FALSE,FALSE,FALSE,Snow,,FALSE,QUEENS BLVD; PRIVATE DRIVE - 1139 QUEENS BLVD; 25 M,3/4/2020 10:14:31 AM,539910.1039,4809208.805
44993,16-045179,3/1/2016 6:00:00 PM,2016,3,1,18,0,0,Tuesday,541454.1077,4810825.287,-80.487669,43.449192,Non intersection,2,P.D. only,Not on roadway - right side,unknown,unknown,SMV unattended vehicle,Unknown,Daylight,01 - Daylight,Regional municipality,No control,unknown,0,0,0,FALSE,FALSE,FALSE,Snow,,FALSE,KING ST E; BENTON ST; 12 M,3/4/2020 10:14:30 AM,541454.1077,4810825.287
44994,16-045231,3/2/2016 8:10:00 AM,2016,3,2,8,10,0,Wednesday,541083.0311,4810772.038,-80.492259,43.448733,Non intersection,2,P.D. only,Not on roadway - right side,unknown,unknown,SMV other,Unknown,"Dark, artificial","08 - Dark, artificial",Municipal (excl. Twp. Rd.),No control,unknown,0,0,0,FALSE,FALSE,FALSE,Snow,,FALSE,JOSEPH ST; DAVID ST; 20 M,3/4/2020 10:14:29 AM,541083.0311,4810772.039
44995,16-045294,3/2/2016 9:24:00 AM,2016,3,2,9,24,0,Wednesday,543853.0649,4809809.479,-80.458103,43.439909,At intersection,2,P.D. only,Not on roadway - right side,unknown,unknown,SMV other,Unknown,Daylight,01 - Daylight,Municipal (excl. Twp. Rd.),Stop sign,Functioning,0,0,0,FALSE,FALSE,FALSE,Clear,,FALSE,BRENTWOOD AVE; MONTGOMERY RD,3/4/2020 10:14:28 AM,543853.0649,4809809.479
44996,16-045573,3/2/2016 3:24:00 PM,2016,3,2,15,24,0,Wednesday,542674.7103,4811810.359,-80.472507,43.457993,At/near private drive,2,P.D. only,Thru lane,unknown,unknown,Angle,Unknown,Daylight,01 - Daylight,Municipal (excl. Twp. Rd.),No control,unknown,0,0,0,FALSE,FALSE,FALSE,Snow,,FALSE,EDNA ST ; 385 FREDERICK ST ; At; 1 M,3/4/2020 10:14:28 AM,542674.7103,4811810.359
44997,16-045697,3/2/2016 6:00:00 PM,2016,3,2,18,0,0,Wednesday,545049.2655,4810838.803,-80.443237,43.449106,At intersection,1,Non-fatal injury,Within intersection,unknown,unknown,SMV other,Unknown,Dusk,05 - Dusk,Regional municipality,Traffic signal,Functioning,0,0,0,TRUE,FALSE,FALSE,Clear,,FALSE,RIVER RD E; HOLBORN DR ; At,3/4/2020 10:14:27 AM,545049.2655,4810838.804
44998,16-045757,3/2/2016 8:37:00 PM,2016,3,2,20,37,0,Wednesday,544629.2388,4809248.155,-80.448558,43.434809,At/near private drive,2,P.D. only,Thru lane,unknown,unknown,Turning movement,Unknown,"Dark, artificial","08 - Dark, artificial",Regional municipality,No control,unknown,0,0,0,FALSE,FALSE,FALSE,Clear,,FALSE,FRANKLIN ST S; 1111 WEBER ST E; Near; 5 M,3/4/2020 10:14:26 AM,544629.2388,4809248.156
44999,16-046018,3/3/2016 9:10:00 AM,2016,3,3,9,10,0,Thursday,539698.84,4811082.268,-80.509343,43.451601,Intersection related,2,P.D. only,Thru lane,unknown,unknown,Turning movement,Stop sign,Daylight,01 - Daylight,Municipal (excl. Twp. Rd.),Stop sign,Functioning,0,0,0,FALSE,FALSE,FALSE,Clear,,FALSE,STRANGE ST; DOMINION ST; 5 M,3/4/2020 10:14:26 AM,539698.84,4811082.268
45000,16-046026,3/3/2016 9:23:00 AM,2016,3,3,9,23,0,Thursday,540235.7289,4805497.651,-80.503119,43.401288,At/near private drive,2,P.D. only,Thru lane,unknown,unknown,Other,Unknown,Daylight,01 - Daylight,Municipal (excl. Twp. Rd.),No control,unknown,0,0,0,FALSE,FALSE,FALSE,Clear,,FALSE,COMMONWEALTH CRES; COMMONWEALTH CRES ; At; 4 M,3/4/2020 10:14:25 AM,540235.7289,4805497.651
45001,16-046345,3/3/2016 3:17:00 PM,2016,3,3,15,17,0,Thursday,540560.64,4807299.441,-80.498973,43.417494,Non intersection,2,P.D. only,Right shoulder,unknown,unknown,SMV unattended vehicle,Unknown,Daylight,01 - Daylight,Municipal (excl. Twp. Rd.),No control,unknown,0,0,0,FALSE,FALSE,FALSE,Clear,,FALSE,LAURENTIAN DR; DARCY PL ; 13 M,3/4/2020 10:14:24 AM,540560.64,4807299.441
45002,16-046680,3/4/2016 2:50:00 AM,2016,3,4,2,50,0,Friday,542722.2044,4808220.816,-80.472201,43.42567,Non intersection,2,P.D. only,Left shoulder,unknown,unknown,SMV other,Unknown,"Dark, artificial","08 - Dark, artificial",Municipal (excl. Twp. Rd.),No control,unknown,0,0,0,FALSE,FALSE,FALSE,Clear,,FALSE,HANSON AVE; HAYWARD AVE ; 87 M,3/4/2020 10:14:24 AM,542722.2044,4808220.816
45003,16-047068,3/4/2016 2:36:00 PM,2016,3,4,14,36,0,Friday,542612.9721,4805879.846,-80.473733,43.404598,At intersection,1,Non-fatal injury,Within intersection,unknown,unknown,Turning movement,Unknown,Daylight,01 - Daylight,Regional municipality,Stop sign,Functioning,0,0,0,FALSE,FALSE,FALSE,Clear,,FALSE,STRASBURG RD; MCINTYRE DR,3/4/2020 10:14:23 AM,542612.9721,4805879.846
45004,16-047257,3/4/2016 5:05:00 PM,2016,3,4,17,5,0,Friday,541709.3056,4810983.681,-80.484503,43.450604,At/near private drive,2,P.D. only,Thru lane,unknown,unknown,Turning movement,Unknown,Daylight,01 - Daylight,Regional municipality,No control,unknown,0,0,0,FALSE,FALSE,FALSE,Clear,,FALSE,SCOTT ST; WEBER ST E; Near,3/4/2020 10:14:22 AM,541709.3056,4810983.681
45005,16-047513,3/5/2016 12:58:00 AM,2016,3,5,0,58,0,Saturday,540410.0856,4811050.289,-80.500555,43.451275,At/near private drive,2,P.D. only,Right shoulder,unknown,unknown,SMV unattended vehicle,Unknown,Dark,07 - Dark,Municipal (excl. Twp. Rd.),No control,unknown,0,0,0,FALSE,FALSE,FALSE,Clear,,FALSE,JOSEPH ST; 280 JOSEPH ST; 8 M,3/4/2020 10:14:22 AM,540410.0856,4811050.289
45006,16-047894,3/5/2016 2:25:00 PM,2016,3,5,14,25,0,Saturday,541113.5286,4810746.791,-80.491884,43.448504,Non intersection,2,P.D. only,Right shoulder,unknown,unknown,Turning movement,Unknown,Daylight,01 - Daylight,Municipal (excl. Twp. Rd.),No control,unknown,0,0,0,FALSE,FALSE,FALSE,Clear,,FALSE,ONTARIO ST S; JOSEPH ST; Near; 25 M,3/4/2020 10:14:21 AM,541113.5286,4810746.791
45007,16-047936,3/4/2016 5:45:00 PM,2016,3,4,17,45,0,Friday,542847.9702,4813075.345,-80.470266,43.469373,Intersection related,1,Non-fatal injury,Thru lane,unknown,unknown,Rear end,Unknown,Daylight,01 - Daylight,Municipal (excl. Twp. Rd.),Stop sign,Functioning,0,0,0,FALSE,FALSE,FALSE,Clear,,FALSE,GUELPH ST; RIVERBEND DR,3/4/2020 10:14:20 AM,542847.9702,4813075.345
45008,16-048026,3/5/2016 5:27:00 PM,2016,3,5,17,27,0,Saturday,541063.344,4809620.102,-80.492589,43.438362,Non intersection,2,P.D. only,Not on roadway - right side,unknown,unknown,SMV other,Unknown,Dusk,05 - Dusk,Municipal (excl. Twp. Rd.),No control,unknown,0,0,0,FALSE,FALSE,FALSE,Clear,,FALSE,HIGHLAND RD E; SPADINA RD E; 75 M,3/4/2020 10:14:20 AM,541063.344,4809620.102
45009,16-048526,3/5/2016 2:30:00 PM,2016,3,5,14,30,0,Saturday,537977.7782,4808939.765,-80.530763,43.432399,Non intersection,2,P.D. only,Thru lane,unknown,unknown,SMV unattended vehicle,Unknown,Daylight,01 - Daylight,Municipal (excl. Twp. Rd.),No control,unknown,0,0,0,FALSE,FALSE,FALSE,Clear,,FALSE,OPRINGTON CRT; 122 OPRINGTON CRT; At,3/4/2020 10:14:19 AM,537977.7782,4808939.765
45010,16-048948,3/6/2016 11:24:00 PM,2016,3,6,23,24,0,Sunday,540305.5148,4806436.527,-80.502188,43.409738,Non intersection,2,P.D. only,Thru lane,unknown,unknown,SMV unattended vehicle,Unknown,Dusk,05 - Dusk,Municipal (excl. Twp. Rd.),No control,unknown,0,0,0,FALSE,FALSE,FALSE,Clear,,FALSE,HIGHBROOK CRES; HIGHBROOK ST ; 75 M,3/4/2020 10:14:18 AM,540305.5148,4806436.527
45011,16-049174,3/7/2016 8:55:00 AM,2016,3,7,8,55,0,Monday,540561.304,4805558.461,-80.499094,43.401818,At intersection,2,P.D. only,Within intersection,unknown,unknown,Turning movement,Unknown,Daylight,01 - Daylight,Municipal (excl. Twp. Rd.),Stop sign,Functioning,0,0,0,FALSE,FALSE,FALSE,Clear,,FALSE,HELENA FEASBY ST; HARDING ST,3/4/2020 10:14:18 AM,540561.304,4805558.461
45012,16-049293,3/7/2016 11:00:00 AM,2016,3,7,11,0,0,Monday,545035.9136,4810669.344,-80.443416,43.447581,At/near private drive,2,P.D. only,Thru lane,unknown,unknown,SMV unattended vehicle,Unknown,Daylight,01 - Daylight,Municipal (excl. Twp. Rd.),No control,unknown,0,0,0,FALSE,FALSE,FALSE,Clear,,FALSE,DOOLEY DR; DOOLEY DR ; At,3/4/2020 10:14:17 AM,545035.9136,4810669.344
45013,16-049296,3/7/2016 10:50:00 AM,2016,3,7,10,50,0,Monday,540815.126,4811545.842,-80.495512,43.455715,At/near private drive,2,P.D. only,Thru lane,unknown,unknown,Turning movement,Unknown,Daylight,01 - Daylight,Municipal (excl. Twp. Rd.),No control,unknown,0,0,0,FALSE,FALSE,FALSE,Clear,,FALSE,BREITHAUPT ST; 130 WEBER ST W; Near,3/4/2020 10:14:16 AM,540815.126,4811545.842
45014,16-049522,3/7/2016 4:20:00 PM,2016,3,7,16,20,0,Monday,541558.256,4811282.947,-80.486347,43.453307,Non intersection,2,P.D. only,Right shoulder,unknown,unknown,SMV unattended vehicle,Unknown,Daylight,01 - Daylight,Municipal (excl. Twp. Rd.),No control,unknown,0,0,0,FALSE,FALSE,FALSE,Clear,,FALSE,AHRENS ST W; QUEEN ST N; Near; 23 M,3/4/2020 10:14:15 AM,541558.256,4811282.947
45015,16-049962,3/7/2016 7:15:00 PM,2016,3,7,19,15,0,Monday,539077.6797,4807646.418,-80.517266,43.420697,At/near private drive,2,P.D. only,Thru lane,unknown,unknown,SMV unattended vehicle,Unknown,Dark,07 - Dark,Municipal (excl. Twp. Rd.),No control,unknown,0,0,0,FALSE,FALSE,FALSE,Clear,,FALSE,FOREST GLEN CRES; FOREST GLEN CRES ; At,3/4/2020 10:14:15 AM,539077.6797,4807646.418
45016,16-050190,3/8/2016 12:20:00 AM,2016,3,8,0,20,0,Tuesday,542582.1276,4810124.189,-80.473783,43.442816,Intersection related,2,P.D. only,Thru lane,unknown,unknown,Rear end,Unknown,"Dark, artificial","08 - Dark, artificial",Regional municipality,Traffic signal,Functioning,0,0,0,FALSE,FALSE,FALSE,Clear,,FALSE,KING ST E; BORDEN AVE N; At,3/4/2020 10:14:14 AM,542582.1276,4810124.19
45017,16-050388,3/8/2016 7:50:00 AM,2016,3,8,7,50,0,Tuesday,545125.0185,4810643.063,-80.442317,43.447339,Intersection related,2,P.D. only,Thru lane,unknown,unknown,Rear end,Unknown,Daylight,01 - Daylight,Regional municipality,No control,unknown,0,0,0,FALSE,FALSE,FALSE,Clear,,FALSE,RIVER RD E; CONWAY DR; Near; 25 M,3/4/2020 10:14:13 AM,545125.0185,4810643.063
45018,16-051012,3/2/2016 1:00:00 PM,2016,3,2,13,0,0,Wednesday,542628.6686,4810097.051,-80.47321,43.442569,Non intersection,1,Non-fatal injury,Thru lane,unknown,unknown,Rear end,Unknown,Daylight,01 - Daylight,Municipal (excl. Twp. Rd.),No control,unknown,0,0,0,FALSE,FALSE,FALSE,Clear,,FALSE,KING ST E; ONWARD AVE ; Near; 40 M,3/4/2020 10:14:13 AM,542628.6686,4810097.051
45019,16-051213,3/9/2016 8:30:00 AM,2016,3,9,8,30,0,Wednesday,543981.7757,4811999.128,-80.456336,43.459617,At/near private drive,2,P.D. only,Thru lane,unknown,unknown,SMV unattended vehicle,Unknown,Daylight,01 - Daylight,Municipal (excl. Twp. Rd.),No control,unknown,0,0,0,FALSE,FALSE,FALSE,Clear,,FALSE,ELKINGTON DR; ELKINGTON DR ; At,3/4/2020 10:14:12 AM,543981.7757,4811999.128
45020,16-051581,3/10/2016 9:08:00 AM,2016,3,10,9,8,0,Thursday,539717.5985,4810136.805,-80.50918,43.443087,At/near private drive,2,P.D. only,Right shoulder,unknown,unknown,SMV unattended vehicle,Unknown,Daylight,01 - Daylight,Municipal (excl. Twp. Rd.),Stop sign,Functioning,0,0,0,FALSE,FALSE,FALSE,Rain,,FALSE,JACK AVE; 17 JACK AVE ; 1 M,3/4/2020 10:14:11 AM,539717.5985,4810136.805
45021,16-051939,3/8/2016 5:45:00 PM,2016,3,8,17,45,0,Tuesday,541795.1447,4812133.367,-80.483354,43.460951,Non intersection,2,P.D. only,Thru lane,unknown,unknown,Rear end,Unknown,Daylight,01 - Daylight,Regional municipality,Traffic signal,Functioning,0,0,0,FALSE,FALSE,FALSE,Clear,,FALSE,WELLINGTON ST N; LANCASTER ST W; Near,3/4/2020 10:14:10 AM,541795.1447,4812133.367
45022,16-052452,3/11/2016 10:10:00 AM,2016,3,11,10,10,0,Friday,540008.2115,4810951.934,-80.505529,43.450411,At/near private drive,2,P.D. only,Thru lane,unknown,unknown,Turning movement,Unknown,Daylight,01 - Daylight,Municipal (excl. Twp. Rd.),No control,unknown,0,0,0,FALSE,FALSE,FALSE,Clear,,FALSE,PARK ST; PARK ST ; At; 5 M,3/4/2020 10:14:09 AM,540008.2115,4810951.935
45023,16-052531,3/10/2016 11:30:00 AM,2016,3,10,11,30,0,Thursday,544425.7645,4812845.782,-80.450779,43.467214,At/near private drive,2,P.D. only,Thru lane,unknown,unknown,Other,Unknown,Dark,07 - Dark,Municipal (excl. Twp. Rd.),No control,unknown,0,0,0,FALSE,FALSE,FALSE,Clear,,FALSE,ROTHSAY AVE; ROTHSAY AVE ; At,3/4/2020 10:14:09 AM,544425.7645,4812845.782
45024,16-052698,3/11/2016 4:00:00 PM,2016,3,11,16,0,0,Friday,545274.7638,4807766.672,-80.440705,43.421431,At/near private drive,2,P.D. only,Left turn lane,unknown,unknown,Turning movement,Unknown,Daylight,01 - Daylight,Municipal (excl. Twp. Rd.),No control,unknown,0,0,0,FALSE,FALSE,FALSE,Clear,,FALSE,WILSON AVE; 385 FAIRWAY RD S; At; 10 M,3/4/2020 10:14:08 AM,545274.7638,4807766.672
45025,16-053035,3/12/2016 12:47:00 AM,2016,3,12,0,47,0,Saturday,542582.1094,4810127.077,-80.473783,43.442842,Intersection related,1,Non-fatal injury,Thru lane,unknown,unknown,Rear end,Unknown,Dark,07 - Dark,Regional municipality,Traffic signal,Functioning,0,0,0,FALSE,FALSE,FALSE,Clear,,FALSE,KING ST E; BORDEN AVE N; At,3/4/2020 10:14:07 AM,542582.1094,4810127.077
45026,16-053443,3/12/2016 2:30:00 PM,2016,3,12,14,30,0,Saturday,545146.2876,4807561.568,-80.442309,43.419592,At/near private drive,2,P.D. only,Left turn lane,unknown,unknown,Turning movement,Unknown,Daylight,01 - Daylight,Municipal (excl. Twp. Rd.),Stop sign,Functioning,0,0,0,FALSE,FALSE,FALSE,Clear,,FALSE,WILSON AVE; 385 FAIRWAY RD S; 12 M,3/4/2020 10:14:07 AM,545146.2876,4807561.568
45027,16-055023,2/25/2016 8:00:00 AM,2016,2,25,8,0,0,Thursday,542472.5657,4812921.479,-80.474919,43.468009,Non intersection,2,P.D. only,Not on roadway - right side,unknown,unknown,SMV other,Unknown,Daylight,01 - Daylight,Municipal (excl. Twp. Rd.),Stop sign,Functioning,0,0,0,FALSE,FALSE,FALSE,Clear,,FALSE,SPRING VALLEY RD; GUELPH ST; Near,3/4/2020 10:14:06 AM,542472.5657,4812921.479