OBJECTID,ACCIDENTNUM,ACCIDENTDATE,ACCIDENT_YEAR,ACCIDENT_MONTH,ACCIDENT_DAY,ACCIDENT_HOUR,ACCIDENT_MINUTE,ACCIDENT_SECOND,ACCIDENT_WEEKDAY,XCOORD,YCOORD,LONGITUDE,LATITUDE,ACCIDENTLOCATION,COLLISIONTYPE,CLASSIFICATIONOFACCIDENT,IMPACTLOCATION,INITIALDIRECTIONOFTRAVELONE,INITIALDIRECTIONOFTRAVELTWO,INITIALIMPACTTYPE,INTTRAFFICCONTROL,LIGHT,LIGHTFORREPORT,ROADJURISDICTION,TRAFFICCONTROL,TRAFFICCONTROLCONDITION,THRULANENO,NORTHBOUNDDISOBEYCOUNT,SOUTHBOUNDDISOBEYCOUNT,PEDESTRIANINVOLVED,CYCLISTINVOLVED,MOTORCYCLISTINVOLVED,ENVIRONMENTCONDITION1,ENVIRONMENTCONDITION2,SELFREPORTED,XMLIMPORTNOTES,LASTEDITEDDATE,x,y
45028,16-055335,3/15/2016 3:04:00 AM,2016,3,15,3,4,0,Tuesday,545182.0402,4808037.485,-80.441828,43.423875,Non intersection,2,P.D. only,Thru lane,unknown,unknown,SMV other,Unknown,"Dark, artificial","08 - Dark, artificial",Municipal (excl. Twp. Rd.),No control,unknown,0,0,0,FALSE,FALSE,FALSE,Rain,,FALSE,KINGSWAY DR; GREENFIELD AVE; 102 M,3/4/2020 10:14:05 AM,545182.0402,4808037.485
45029,16-055491,3/15/2016 11:26:00 AM,2016,3,15,11,26,0,Tuesday,544910.116,4811138.521,-80.444932,43.451813,At/near private drive,2,P.D. only,Thru lane,unknown,unknown,Turning movement,Unknown,Daylight,01 - Daylight,Regional municipality,Stop sign,Functioning,0,0,0,FALSE,FALSE,FALSE,Clear,,FALSE,RIVER RD E; 1020 OTTAWA ST N; 4 M,3/4/2020 10:14:05 AM,544910.1159,4811138.521
45030,16-055642,3/15/2016 3:10:00 PM,2016,3,15,15,10,0,Tuesday,541342.577,4810658.566,-80.48906,43.447697,Intersection related,1,Non-fatal injury,Thru lane,unknown,unknown,Turning movement,Unknown,Daylight,01 - Daylight,Municipal (excl. Twp. Rd.),Stop sign,Functioning,0,0,0,FALSE,FALSE,FALSE,Clear,,FALSE,CHURCH ST ; BENTON ST ; Near; 9 M,3/4/2020 10:14:04 AM,541342.577,4810658.566
45031,16-056171,3/16/2016 9:45:00 AM,2016,3,16,9,45,0,Wednesday,545221.6543,4805156.702,-80.441577,43.397934,At/near private drive,1,Non-fatal injury,Not on roadway - left side,unknown,unknown,SMV other,Unknown,Daylight,01 - Daylight,Municipal (excl. Twp. Rd.),No control,unknown,0,0,0,TRUE,FALSE,FALSE,Clear,,FALSE,UPPER CANADA DR; 88 UPPER CANADA DR; At; 19 M,3/4/2020 10:14:03 AM,545221.6543,4805156.702
45032,16-056527,3/16/2016 6:32:00 PM,2016,3,16,18,32,0,Wednesday,538955.2888,4805736.807,-80.518914,43.403509,Non intersection,2,P.D. only,Right shoulder,unknown,unknown,SMV unattended vehicle,Unknown,Daylight,01 - Daylight,Municipal (excl. Twp. Rd.),No control,unknown,0,0,0,FALSE,FALSE,FALSE,Rain,,FALSE,MOUNTAIN LAUREL CRES; BERRY MOSS ST; 280 M,3/4/2020 10:14:03 AM,538955.2888,4805736.807
45033,16-056993,3/17/2016 12:48:00 PM,2016,3,17,12,48,0,Thursday,540739.3256,4811142.786,-80.496479,43.45209,At/near private drive,2,P.D. only,Thru lane,unknown,unknown,Turning movement,Unknown,Daylight,01 - Daylight,Regional municipality,No control,unknown,0,0,0,FALSE,FALSE,FALSE,Clear,,FALSE,KING ST W; 381 KING ST W; At; 4 M,3/4/2020 10:14:02 AM,540739.3256,4811142.786
45034,16-057157,3/17/2016 3:00:00 PM,2016,3,17,15,0,0,Thursday,546725.4412,4811014.475,-80.422507,43.450585,At intersection,2,P.D. only,Within intersection,unknown,unknown,Turning movement,Unknown,Daylight,01 - Daylight,Municipal (excl. Twp. Rd.),Stop sign,Functioning,0,0,0,FALSE,FALSE,FALSE,Clear,,FALSE,ZELLER DR; SUSAN CRES,3/4/2020 10:14:01 AM,546725.4412,4811014.475
45035,16-057166,3/16/2016 8:00:00 PM,2016,3,16,20,0,0,Wednesday,537111.2525,4807382.321,-80.541575,43.418419,Non intersection,2,P.D. only,Thru lane,unknown,unknown,SMV unattended vehicle,Unknown,"Dark, artificial","08 - Dark, artificial",Municipal (excl. Twp. Rd.),No control,unknown,0,0,0,FALSE,FALSE,FALSE,Clear,,FALSE,MEADOW WOODS CRES; 60 MEADOW WOODS CR; Near,3/4/2020 10:14:01 AM,537111.2525,4807382.321
45036,16-057203,3/17/2016 4:00:00 PM,2016,3,17,16,0,0,Thursday,542768.5602,4805746.446,-80.471822,43.403388,Non intersection,2,P.D. only,Thru lane,unknown,unknown,Sideswipe,Unknown,Daylight,01 - Daylight,Municipal (excl. Twp. Rd.),No control,unknown,0,0,0,FALSE,FALSE,FALSE,Clear,,FALSE,STRASBURG RD; STRASBURG RD ; Near,3/4/2020 10:14:00 AM,542768.5602,4805746.446
45037,16-057273,3/17/2016 5:56:00 PM,2016,3,17,17,56,0,Thursday,544600.2053,4808130.793,-80.449008,43.42475,At intersection,2,P.D. only,Within intersection,unknown,unknown,Angle,Unknown,Daylight,01 - Daylight,Municipal (excl. Twp. Rd.),Stop sign,Functioning,0,0,0,FALSE,FALSE,FALSE,Clear,,FALSE,WILSON AVE; WOODHAVEN RD,3/4/2020 10:13:59 AM,544600.2053,4808130.793
45038,16-057674,3/18/2016 1:31:00 AM,2016,3,18,1,31,0,Friday,539618.3145,4811374.44,-80.510317,43.454236,At intersection,2,P.D. only,Within intersection,unknown,unknown,Angle,Unknown,Dark,07 - Dark,Municipal (excl. Twp. Rd.),Traffic signal,Functioning,0,0,0,FALSE,FALSE,FALSE,Clear,,FALSE,PARK ST ; GLASGOW ST,3/4/2020 10:04:31 AM,539618.3145,4811374.441
45039,16-057832,3/18/2016 8:30:00 AM,2016,3,18,8,30,0,Friday,539744.2704,4805758.619,-80.509169,43.403664,At intersection,1,Non-fatal injury,Within intersection,unknown,unknown,Turning movement,Unknown,Daylight,01 - Daylight,Municipal (excl. Twp. Rd.),Stop sign,Functioning,0,0,0,FALSE,TRUE,FALSE,Clear,,FALSE,MAX BECKER DR; ACTIVA AVE ; At,3/4/2020 10:13:59 AM,539744.2704,4805758.619
45040,16-057921,3/16/2016 5:45:00 PM,2016,3,16,17,45,0,Wednesday,546095.1716,4811503.698,-80.430255,43.455029,Non intersection,2,P.D. only,Thru lane,unknown,unknown,SMV unattended vehicle,Unknown,Daylight,01 - Daylight,Municipal (excl. Twp. Rd.),No control,unknown,0,0,0,FALSE,FALSE,FALSE,Rain,,FALSE,EBYDALE DR; 44 EBYDALE DR,3/4/2020 10:13:58 AM,546095.1716,4811503.698
45041,16-057984,3/18/2016 12:46:00 PM,2016,3,18,12,46,0,Friday,541232.2062,4810949.537,-80.490402,43.450323,Non intersection,2,P.D. only,Thru lane,unknown,unknown,Sideswipe,Unknown,Daylight,01 - Daylight,Regional municipality,No control,unknown,0,0,0,FALSE,TRUE,FALSE,Clear,,FALSE,KING ST W; ONTARIO ST N; 2 M,3/4/2020 10:13:57 AM,541232.2062,4810949.537
45042,16-058104,3/18/2016 3:16:00 PM,2016,3,18,15,16,0,Friday,541252.211,4810986.088,-80.490152,43.450651,Non intersection,2,P.D. only,Thru lane,unknown,unknown,SMV unattended vehicle,Unknown,Daylight,01 - Daylight,Municipal (excl. Twp. Rd.),No control,unknown,0,0,0,FALSE,FALSE,FALSE,Clear,,FALSE,HALLS LANE W; ONTARIO ST N; Near; 100 M,3/4/2020 10:13:57 AM,541252.211,4810986.088
45043,16-058155,3/18/2016 2:45:00 PM,2016,3,18,14,45,0,Friday,545275.1144,4806435.156,-80.440811,43.409442,Non intersection,2,P.D. only,Thru lane,unknown,unknown,Sideswipe,Unknown,Daylight,01 - Daylight,Municipal (excl. Twp. Rd.),No control,unknown,0,0,0,FALSE,FALSE,FALSE,Clear,,FALSE,WABANAKI DR; WILSON AVE,3/4/2020 10:13:56 AM,545275.1144,4806435.156
45044,16-058643,3/19/2016 4:13:00 AM,2016,3,19,4,13,0,Saturday,545538.9896,4803072.328,-80.437832,43.379147,At intersection,0,Fatal injury,Not on roadway - right side,unknown,unknown,SMV other,Unknown,"Dark, artificial","08 - Dark, artificial",Municipal (excl. Twp. Rd.),Stop sign,Functioning,0,0,0,FALSE,FALSE,FALSE,Clear,,FALSE,ROBERT FERRIE DR ; REYNOLDS CRT ; At,3/4/2020 10:13:55 AM,545538.9896,4803072.328
45045,16-058767,3/19/2016 10:35:00 AM,2016,3,19,10,35,0,Saturday,541597.9922,4810783.193,-80.485894,43.448805,Non intersection,1,Non-fatal injury,Thru lane,unknown,unknown,SMV other,Unknown,Daylight,01 - Daylight,Municipal (excl. Twp. Rd.),No control,unknown,0,0,0,TRUE,FALSE,FALSE,Clear,,FALSE,SCOTT ST; HALLS LANE E; 16 M,3/4/2020 10:13:55 AM,541597.9922,4810783.193
45046,16-059084,3/19/2016 7:19:00 PM,2016,3,19,19,19,0,Saturday,541127.7748,4809684.688,-80.491788,43.43894,Non intersection,2,P.D. only,Thru lane,unknown,unknown,Sideswipe,Unknown,Daylight,01 - Daylight,Municipal (excl. Twp. Rd.),No control,unknown,0,0,0,FALSE,FALSE,FALSE,Clear,,FALSE,SPADINA RD E; RUSSEL ST ; At; 5 M,3/4/2020 10:13:54 AM,541127.7748,4809684.688
45047,16-059958,3/20/2016 10:38:00 PM,2016,3,20,22,38,0,Sunday,544284.7802,4810603.506,-80.452704,43.447033,Non intersection,1,Non-fatal injury,Not on roadway - right side,unknown,unknown,SMV other,Unknown,"Dark, artificial","08 - Dark, artificial",Municipal (excl. Twp. Rd.),No control,unknown,0,0,0,FALSE,FALSE,FALSE,Clear,,FALSE,DREGER AVE; GRABER PL ; Near; 100 M,3/4/2020 10:13:53 AM,544284.7802,4810603.506
45048,16-060199,3/21/2016 9:43:00 AM,2016,3,21,9,43,0,Monday,545149.7525,4807200.974,-80.442296,43.416345,At/near private drive,1,Non-fatal injury,Off highway,unknown,unknown,Turning movement,Unknown,Daylight,01 - Daylight,Regional municipality,No control,unknown,0,0,0,FALSE,FALSE,FALSE,Clear,,FALSE,WILSON AVE ; WILSON AVE,3/4/2020 10:13:53 AM,545149.7525,4807200.974
45049,16-060479,3/21/2016 2:15:00 PM,2016,3,21,14,15,0,Monday,538942.1507,4811404.818,-80.518672,43.454545,Non intersection,2,P.D. only,Thru lane,unknown,unknown,Other,Unknown,Daylight,01 - Daylight,Municipal (excl. Twp. Rd.),No control,unknown,0,0,0,FALSE,FALSE,FALSE,Clear,,FALSE,BELMONT AVE W; BELMONT AVE W; At,3/4/2020 10:13:52 AM,538942.1507,4811404.818
45050,16-060486,3/20/2016 8:00:00 AM,2016,3,20,8,0,0,Sunday,542173.9777,4810856.63,-80.47877,43.449434,Non intersection,2,P.D. only,Thru lane,unknown,unknown,SMV unattended vehicle,Unknown,Daylight,01 - Daylight,Municipal (excl. Twp. Rd.),No control,unknown,0,0,0,FALSE,FALSE,FALSE,Clear,,FALSE,ROSE ST; 26 ROSE ST,3/4/2020 10:13:51 AM,542173.9777,4810856.63
45051,16-060550,3/19/2016 10:45:00 AM,2016,3,19,10,45,0,Saturday,541446.4095,4803867.277,-80.488292,43.386542,At/near private drive,2,P.D. only,Right shoulder,unknown,unknown,SMV unattended vehicle,Unknown,Daylight,01 - Daylight,Municipal (excl. Twp. Rd.),No control,unknown,0,0,0,FALSE,FALSE,FALSE,Clear,,FALSE,SOPHIA CRES; 213 SOPHIA CRES ; At,3/4/2020 10:13:51 AM,541446.4095,4803867.277
45052,16-060976,3/22/2016 8:30:00 AM,2016,3,22,8,30,0,Tuesday,541409.4254,4810366.995,-80.488256,43.445068,Non intersection,2,P.D. only,Thru lane,unknown,unknown,SMV unattended vehicle,Unknown,Daylight,01 - Daylight,Municipal (excl. Twp. Rd.),No control,unknown,0,0,0,FALSE,FALSE,FALSE,Clear,,FALSE,PARK ST; VICTORIA ST S; 15 M,3/4/2020 10:13:50 AM,541409.4254,4810366.995
45053,16-061035,3/22/2016 10:55:00 AM,2016,3,22,10,55,0,Tuesday,539112.7856,4811655.693,-80.516545,43.456795,At intersection,2,P.D. only,Within intersection,unknown,unknown,Angle,Unknown,Daylight,01 - Daylight,Municipal (excl. Twp. Rd.),Traffic signal,Functioning,0,0,0,FALSE,FALSE,FALSE,Clear,,FALSE,UNION BLVD ; PARK ST; At,3/4/2020 10:13:49 AM,539112.7856,4811655.693
45054,16-061040,3/22/2016 11:00:00 AM,2016,3,22,11,0,0,Tuesday,538996.6792,4811293.517,-80.518006,43.45354,Non intersection,2,P.D. only,Right shoulder,unknown,unknown,SMV other,Unknown,Daylight,01 - Daylight,Municipal (excl. Twp. Rd.),No control,unknown,0,0,0,FALSE,FALSE,FALSE,Clear,,FALSE,BELMONT AVE W; BELMONT AVE W; At; 4 M,3/4/2020 10:13:49 AM,538996.6792,4811293.517
45055,16-061241,3/22/2016 2:14:00 PM,2016,3,22,14,14,0,Tuesday,541068,4811108,0,0,At intersection,1,Non-fatal injury,Within intersection,unknown,unknown,Angle,Unknown,Daylight,01 - Daylight,Municipal (excl. Twp. Rd.),Stop sign,Functioning,0,0,0,FALSE,FALSE,FALSE,Clear,,FALSE,ROBERT FERRIE DR ; WETLAND WAY ; At,3/4/2020 10:13:48 AM,541068,4811108
45056,16-061306,3/18/2016 4:15:00 PM,2016,3,18,16,15,0,Friday,541744.9433,4811604.958,-80.484015,43.456196,At/near private drive,2,P.D. only,Thru lane,unknown,unknown,Turning movement,Unknown,Daylight,01 - Daylight,Municipal (excl. Twp. Rd.),No control,unknown,0,0,0,FALSE,FALSE,FALSE,Clear,,FALSE,QUEEN ST N; QUEEN ST N; Near,3/4/2020 10:13:47 AM,541744.9433,4811604.958
45057,16-062142,3/23/2016 5:12:00 PM,2016,3,23,17,12,0,Wednesday,549022.9371,4805978.989,-80.394565,43.405099,At/near private drive,2,P.D. only,Thru lane,unknown,unknown,Other,Unknown,Daylight,01 - Daylight,Municipal (excl. Twp. Rd.),No control,unknown,0,0,0,FALSE,FALSE,FALSE,Snow,,FALSE,EDGEHILL DR; EDGEHILL DR; 16 M,3/4/2020 10:13:46 AM,549022.9371,4805978.989
45058,16-063095,3/24/2016 7:30:00 PM,2016,3,24,19,30,0,Thursday,549183.7936,4806307.016,-80.392549,43.408042,At/near private drive,2,P.D. only,Thru lane,unknown,unknown,Turning movement,Unknown,Dark,07 - Dark,Municipal (excl. Twp. Rd.),No control,unknown,0,0,0,FALSE,FALSE,FALSE,Rain,,FALSE,GATEWAY PARK DR; GATEWAY PARK DR ; At,3/4/2020 10:13:46 AM,549183.7936,4806307.016
45059,16-063463,3/25/2016 2:00:00 AM,2016,3,25,2,0,0,Friday,544623.6896,4811858.967,-80.448413,43.458317,At/near private drive,2,P.D. only,Not on roadway - right side,unknown,unknown,SMV other,Unknown,"Dark, artificial","08 - Dark, artificial",Municipal (excl. Twp. Rd.),No control,unknown,0,0,0,FALSE,FALSE,FALSE,"Fog, mist, smoke, dust",,FALSE,BIRKSHIRE CRT; BIRKSHIRE CRT ; At; 5 M,3/4/2020 10:13:45 AM,544623.6896,4811858.967
45060,16-063937,3/24/2016 6:45:00 AM,2016,3,24,6,45,0,Thursday,543921.7756,4805132.352,-80.45763,43.397792,Intersection related,2,P.D. only,Right turn channel,unknown,unknown,Rear end,Unknown,"Dark, artificial","08 - Dark, artificial",Municipal (excl. Twp. Rd.),Yield sign,Functioning,0,0,0,FALSE,FALSE,FALSE,Freezing Rain,,FALSE,OLD HURON RD RAMP FROM OLD HUR RD; HURON RD; Near,3/4/2020 10:13:44 AM,543921.7756,4805132.352
45061,16-064384,3/26/2016 12:37:00 PM,2016,3,26,12,37,0,Saturday,542361.7564,4811156.785,-80.476426,43.452126,At intersection,2,P.D. only,Within intersection,unknown,unknown,Angle,Unknown,Daylight,01 - Daylight,Municipal (excl. Twp. Rd.),Stop sign,Functioning,0,0,0,FALSE,FALSE,FALSE,Clear,,FALSE,BRUBACHER ST; SIMEON ST; At,3/4/2020 10:13:44 AM,542361.7564,4811156.785
45062,16-064390,3/26/2016 12:45:00 PM,2016,3,26,12,45,0,Saturday,538711.9107,4808595.764,-80.521717,43.429264,At intersection,1,Non-fatal injury,Within intersection,unknown,unknown,Turning movement,Unknown,Daylight,01 - Daylight,Regional municipality,No control,unknown,0,0,0,FALSE,FALSE,FALSE,Clear,,FALSE,QUEENS BLVD; OVERLEA DR ; At,3/4/2020 10:13:43 AM,538711.9107,4808595.764
45063,16-064769,3/26/2016 11:04:00 PM,2016,3,26,23,4,0,Saturday,541005.6612,4812409.947,-80.493092,43.463485,At/near private drive,1,Non-fatal injury,Not on roadway - right side,unknown,unknown,SMV other,Unknown,"Dark, artificial","08 - Dark, artificial",Municipal (excl. Twp. Rd.),No control,unknown,0,0,0,FALSE,FALSE,FALSE,Clear,,FALSE,GUELPH ST ; GUELPH ST; 1 M,3/4/2020 10:13:42 AM,541005.6612,4812409.947
45064,16-064944,3/27/2016 6:01:00 AM,2016,3,27,6,1,0,Sunday,539492.8066,4811819.504,-80.511836,43.45825,Non intersection,2,P.D. only,Not on roadway - left side,unknown,unknown,SMV other,Unknown,"Dark, artificial","08 - Dark, artificial",Municipal (excl. Twp. Rd.),No control,unknown,0,0,0,FALSE,FALSE,FALSE,Clear,,FALSE,MARY ST; PINE ST; 47 M,3/4/2020 10:13:42 AM,539492.8066,4811819.504
45065,16-065134,3/27/2016 1:57:00 PM,2016,3,27,13,57,0,Sunday,542158.8387,4803574.599,-80.479519,43.383867,Other,1,Non-fatal injury,Off highway,unknown,unknown,Approaching,Unknown,Daylight,01 - Daylight,Private property,No control,unknown,0,0,0,FALSE,FALSE,FALSE,Clear,,FALSE,PRIVATE FIELD; 780 HURON RD; Near,3/4/2020 10:13:41 AM,542158.8387,4803574.599
45066,16-065326,3/27/2016 8:10:00 PM,2016,3,27,20,10,0,Sunday,544884.1207,4804850.809,-80.44577,43.3952,At intersection,2,P.D. only,Within intersection,unknown,unknown,Turning movement,Unknown,"Dark, artificial","08 - Dark, artificial",Municipal (excl. Twp. Rd.),Traffic signal,Functioning,0,0,0,FALSE,FALSE,FALSE,Clear,,FALSE,PIONEER DR; DOON VILLAGE RD,3/4/2020 10:13:40 AM,544884.1207,4804850.809
45067,16-065376,3/27/2016 9:29:00 PM,2016,3,27,21,29,0,Sunday,541068,4811108,0,0,At intersection,2,P.D. only,Within intersection,unknown,unknown,Turning movement,Unknown,Dark,07 - Dark,Regional municipality,Stop sign,Functioning,0,1,0,FALSE,FALSE,FALSE,Clear,,FALSE,BEAVERDALE RD; KOSSUTH RD; At,3/4/2020 10:13:40 AM,541068,4811108
45068,16-067098,3/30/2016 10:04:00 AM,2016,3,30,10,4,0,Wednesday,544604.6769,4811712.35,-80.44866,43.456998,Non intersection,1,Non-fatal injury,Not on roadway - left side,unknown,unknown,SMV other,Unknown,Daylight,01 - Daylight,Regional municipality,No control,unknown,0,0,0,FALSE,FALSE,FALSE,Clear,,FALSE,RIVER RD E; LORRAINE AVE; Near; 40 M,3/4/2020 10:13:39 AM,544604.6769,4811712.35
45069,16-067355,3/30/2016 3:38:00 PM,2016,3,30,15,38,0,Wednesday,542446.494,4807282.275,-80.47568,43.417235,Intersection related,2,P.D. only,Thru lane,unknown,unknown,Rear end,Unknown,Daylight,01 - Daylight,Regional municipality,Traffic signal,Functioning,0,0,0,FALSE,FALSE,FALSE,Clear,,FALSE,BLOCK LINE RD; COURTLAND AVE E; Near; 100 M,3/4/2020 10:13:38 AM,542446.494,4807282.275
45070,16-067782,3/31/2016 8:05:00 AM,2016,3,31,8,5,0,Thursday,539980.2795,4805764.566,-80.506254,43.403705,At/near private drive,2,P.D. only,Thru lane,unknown,unknown,Other,Unknown,Daylight,01 - Daylight,Municipal (excl. Twp. Rd.),No control,unknown,0,0,0,FALSE,FALSE,FALSE,Rain,,FALSE,MAX BECKER DR; 178 MAXBECKER DR; Near; 3 M,3/4/2020 10:13:38 AM,539980.2795,4805764.566
45071,16-068058,3/29/2016 2:00:00 PM,2016,3,29,14,0,0,Tuesday,540759.5518,4811450.77,-80.496206,43.454862,At railway crossing,2,Non-reportable,Thru lane,unknown,unknown,Other,Unknown,Daylight,01 - Daylight,Regional municipality,Traffic gate,Functioning,0,0,0,FALSE,FALSE,FALSE,Clear,,FALSE,DUKE ST W; VICTORIA ST N; Near,3/4/2020 10:13:37 AM,540759.5518,4811450.77
45072,16-068776,4/1/2016 1:31:00 PM,2016,4,1,13,31,0,Friday,539644.4648,4811344.052,-80.509996,43.453961,Non intersection,2,P.D. only,Thru lane,unknown,unknown,Other,Unknown,Daylight,01 - Daylight,Municipal (excl. Twp. Rd.),Traffic signal,Functioning,0,0,0,FALSE,FALSE,FALSE,Clear,,FALSE,STRANGE ST ; PARK ST ; Near; 5 M,3/4/2020 10:13:36 AM,539644.4648,4811344.052
45073,16-069162,4/1/2016 10:00:00 PM,2016,4,1,22,0,0,Friday,545525.2091,4808993.592,-80.437509,43.432463,Intersection related,2,P.D. only,Thru lane,unknown,unknown,Other,Unknown,Daylight,01 - Daylight,Municipal (excl. Twp. Rd.),No control,unknown,0,0,0,FALSE,FALSE,FALSE,Clear,,FALSE,KINZIE AVE; HUBER ST; Near; 6 M,3/4/2020 10:13:36 AM,545525.2091,4808993.592
45074,16-069285,4/2/2016 1:19:00 AM,2016,4,2,1,19,0,Saturday,545127.0409,4811549.568,-80.442217,43.455501,Intersection related,2,P.D. only,Not on roadway - right side,unknown,unknown,SMV other,Unknown,"Dark, artificial","08 - Dark, artificial",Municipal (excl. Twp. Rd.),No control,unknown,0,0,0,FALSE,FALSE,FALSE,Clear,,FALSE,TECUMSEH CRES; MONTCALM DR ; Near; 5 M,3/4/2020 10:13:35 AM,545127.0409,4811549.568
45075,16-069605,4/2/2016 12:00:00 PM,2016,4,2,12,0,0,Saturday,539971.4877,4810991.032,-80.50598,43.450765,Intersection related,2,P.D. only,Thru lane,unknown,unknown,Rear end,Unknown,Daylight,01 - Daylight,Municipal (excl. Twp. Rd.),Stop sign,Functioning,0,0,0,FALSE,FALSE,FALSE,Clear,,FALSE,STEWART ST; PARK ST; Near,3/4/2020 10:13:34 AM,539971.4876,4810991.032
45076,16-069611,4/2/2016 1:44:00 PM,2016,4,2,13,44,0,Saturday,541669.8401,4804019.027,-80.485522,43.387896,Intersection related,1,Non-fatal injury,Thru lane,unknown,unknown,Rear end,Unknown,Daylight,01 - Daylight,Regional municipality,Stop sign,Functioning,0,0,0,FALSE,FALSE,FALSE,Clear,,FALSE,SEABROOK DR; WOODBINE AVE,3/4/2020 10:13:34 AM,541669.8401,4804019.027
45077,16-069712,4/2/2016 3:44:00 PM,2016,4,2,15,44,0,Saturday,539620.1433,4809617.466,-80.510422,43.438416,At/near private drive,1,Non-fatal injury,Thru lane,unknown,unknown,Turning movement,Unknown,Daylight,01 - Daylight,Municipal (excl. Twp. Rd.),No control,unknown,0,0,0,FALSE,FALSE,FALSE,Snow,,FALSE,LAWRENCE AVE; HIGHLAND RD W; 10 M,3/4/2020 10:13:33 AM,539620.1433,4809617.466
45078,16-069895,4/2/2016 8:02:00 PM,2016,4,2,20,2,0,Saturday,545273.2649,4806433.255,-80.440834,43.409425,At intersection,1,Non-fatal injury,Within intersection,unknown,unknown,Angle,Stop sign,Dark,07 - Dark,Municipal (excl. Twp. Rd.),Stop sign,Functioning,0,1,0,FALSE,FALSE,FALSE,Snow,,FALSE,WABANAKI DR; WILSON AVE,3/4/2020 10:13:32 AM,545273.2649,4806433.255
45079,16-070229,4/3/2016 9:45:00 AM,2016,4,3,9,45,0,Sunday,541450.7524,4812107.473,-80.487613,43.460737,At intersection,2,P.D. only,Within intersection,unknown,unknown,Angle,Unknown,Daylight,01 - Daylight,Municipal (excl. Twp. Rd.),Stop sign,Functioning,0,0,0,FALSE,FALSE,FALSE,Clear,,FALSE,ST LEGER ST; LOUISA ST,3/4/2020 10:13:32 AM,541450.7524,4812107.473
45080,16-070548,4/3/2016 7:54:00 PM,2016,4,3,19,54,0,Sunday,545433.5071,4808344.483,-80.438696,43.426624,Intersection related,1,Non-fatal injury,Thru lane,unknown,unknown,Rear end,Unknown,"Dark, artificial","08 - Dark, artificial",Municipal (excl. Twp. Rd.),Stop sign,Functioning,0,0,0,FALSE,FALSE,FALSE,Snow,,FALSE,CEDARWOODS CRES; KINGSWAY DR,3/4/2020 10:13:31 AM,545433.5071,4808344.483
45081,16-070883,4/4/2016 9:27:00 AM,2016,4,4,9,27,0,Monday,544611.628,4812935.194,-80.448474,43.468008,At intersection,2,P.D. only,Within intersection,unknown,unknown,Angle,Unknown,Daylight,01 - Daylight,Municipal (excl. Twp. Rd.),Stop sign,Functioning,0,0,0,FALSE,FALSE,FALSE,Snow,,FALSE,ROTHSAY AVE; NATCHEZ RD,3/4/2020 10:13:30 AM,544611.628,4812935.194
45082,16-071097,4/4/2016 2:40:00 PM,2016,4,4,14,40,0,Monday,543364.7106,4804712.274,-80.464542,43.394042,Non intersection,2,P.D. only,Thru lane,unknown,unknown,Sideswipe,Unknown,Daylight,01 - Daylight,Regional municipality,No control,unknown,0,0,0,FALSE,FALSE,FALSE,Clear,,FALSE,HURON RD; TEMPLEWOOD DR ; 20 M,3/4/2020 10:13:30 AM,543364.7106,4804712.274
45083,16-071139,4/4/2016 12:00:00 PM,2016,4,4,12,0,0,Monday,547524.7919,4808488.612,-80.412848,43.427792,Non intersection,2,P.D. only,Thru lane,unknown,unknown,SMV unattended vehicle,Unknown,Daylight,01 - Daylight,Municipal (excl. Twp. Rd.),No control,unknown,0,0,0,FALSE,FALSE,FALSE,Clear,,FALSE,CHANDOS DR; CHANDOS DR ; Near,3/4/2020 10:13:29 AM,547524.7919,4808488.612
45084,16-071342,4/4/2016 9:12:00 PM,2016,4,4,21,12,0,Monday,545050.2365,4810838.81,-80.443225,43.449106,At intersection,1,Non-fatal injury,Within intersection,unknown,unknown,SMV other,Unknown,Dark,07 - Dark,Regional municipality,Traffic signal,Functioning,0,0,0,TRUE,FALSE,FALSE,Clear,,FALSE,RIVER RD E; HOLBORN DR,3/4/2020 10:13:28 AM,545050.2365,4810838.81
45085,16-071529,4/5/2016 8:00:00 AM,2016,4,5,8,0,0,Tuesday,540336.6205,4805512.579,-80.501872,43.401417,Non intersection,2,P.D. only,Thru lane,unknown,unknown,Other,Unknown,Daylight,01 - Daylight,Municipal (excl. Twp. Rd.),No control,unknown,0,0,0,FALSE,FALSE,FALSE,Clear,,FALSE,COMMONWEALTH CRES; COMMONWEALTH ST ; 25 M,3/4/2020 10:13:28 AM,540336.6205,4805512.579
45086,16-071643,4/4/2016 12:00:00 PM,2016,4,4,12,0,0,Monday,541456.3876,4806661.287,-80.487957,43.411699,Non intersection,2,P.D. only,Thru lane,unknown,unknown,SMV other,Unknown,Daylight,01 - Daylight,Municipal (excl. Twp. Rd.),No control,unknown,0,0,0,FALSE,FALSE,FALSE,Snow,,FALSE,UXBRIDGE CRES; 70 UXBRIDGE CRES; Near,3/4/2020 10:13:27 AM,541456.3876,4806661.287
45087,16-071734,4/5/2016 12:54:00 PM,2016,4,5,12,54,0,Tuesday,542514.2869,4813424.187,-80.474364,43.472533,At/near private drive,2,P.D. only,Thru lane,unknown,unknown,Rear end,Unknown,Daylight,01 - Daylight,Municipal (excl. Twp. Rd.),No control,unknown,0,0,0,FALSE,FALSE,FALSE,Clear,,FALSE,RIVERBEND DR; RIVERBEND DR ; Near; 1 M,3/4/2020 10:13:26 AM,542514.2869,4813424.187
45088,16-071829,4/5/2016 1:20:00 PM,2016,4,5,13,20,0,Tuesday,544388.8029,4808346.968,-80.451602,43.426709,At/near private drive,2,P.D. only,Right shoulder,unknown,unknown,SMV unattended vehicle,Unknown,Daylight,01 - Daylight,Municipal (excl. Twp. Rd.),No control,unknown,0,0,0,FALSE,FALSE,FALSE,Clear,,FALSE,EIGHTH AVE; EIGHTH AVE ; Near,3/4/2020 10:13:26 AM,544388.8029,4808346.968