OBJECTID,ACCIDENTNUM,ACCIDENTDATE,ACCIDENT_YEAR,ACCIDENT_MONTH,ACCIDENT_DAY,ACCIDENT_HOUR,ACCIDENT_MINUTE,ACCIDENT_SECOND,ACCIDENT_WEEKDAY,XCOORD,YCOORD,LONGITUDE,LATITUDE,ACCIDENTLOCATION,COLLISIONTYPE,CLASSIFICATIONOFACCIDENT,IMPACTLOCATION,INITIALDIRECTIONOFTRAVELONE,INITIALDIRECTIONOFTRAVELTWO,INITIALIMPACTTYPE,INTTRAFFICCONTROL,LIGHT,LIGHTFORREPORT,ROADJURISDICTION,TRAFFICCONTROL,TRAFFICCONTROLCONDITION,THRULANENO,NORTHBOUNDDISOBEYCOUNT,SOUTHBOUNDDISOBEYCOUNT,PEDESTRIANINVOLVED,CYCLISTINVOLVED,MOTORCYCLISTINVOLVED,ENVIRONMENTCONDITION1,ENVIRONMENTCONDITION2,SELFREPORTED,XMLIMPORTNOTES,LASTEDITEDDATE,x,y
45212,16-101381,5/13/2016 4:35:00 PM,2016,5,13,16,35,0,Friday,541224.4089,4811867.08,-80.490429,43.458585,Intersection related,1,Non-fatal injury,Thru lane,unknown,unknown,Rear end,Unknown,Daylight,01 - Daylight,Municipal (excl. Twp. Rd.),Traffic signal,Functioning,0,0,0,FALSE,FALSE,FALSE,Clear,,FALSE,WELLINGTON ST N; MARGARET AVE; 15 M,3/4/2020 10:12:00 AM,541224.4089,4811867.08
45213,16-101458,5/13/2016 6:00:00 PM,2016,5,13,18,0,0,Friday,541126.8037,4809684.682,-80.4918,43.43894,At intersection,1,Non-fatal injury,Within intersection,unknown,unknown,SMV other,Unknown,Daylight,01 - Daylight,Municipal (excl. Twp. Rd.),Stop sign,Functioning,0,0,0,TRUE,FALSE,FALSE,Clear,,FALSE,SPADINA RD E; RUSSEL ST,3/4/2020 10:12:00 AM,541126.8037,4809684.682
45214,16-101483,5/13/2016 10:30:00 AM,2016,5,13,10,30,0,Friday,538921.5979,4808769.67,-80.519114,43.430819,At/near private drive,2,P.D. only,Thru lane,unknown,unknown,SMV unattended vehicle,Unknown,Daylight,01 - Daylight,Municipal (excl. Twp. Rd.),No control,unknown,0,0,0,FALSE,FALSE,FALSE,Clear,,FALSE,BONNYLYN DR; BONNYLYN DR ; At,3/4/2020 10:11:59 AM,538921.5979,4808769.67
45215,16-101490,5/13/2016 7:23:00 PM,2016,5,13,19,23,0,Friday,545084.9066,4811728.207,-80.442723,43.457112,Intersection related,2,P.D. only,Not on roadway - right side,unknown,unknown,SMV other,Unknown,Daylight,01 - Daylight,Municipal (excl. Twp. Rd.),Stop sign,Functioning,0,0,0,FALSE,FALSE,FALSE,Clear,,FALSE,MONTCALM DR; HUDSON CRES; Near; 21 M,3/4/2020 10:11:58 AM,545084.9066,4811728.207
45216,16-101751,5/14/2016 1:46:00 AM,2016,5,14,1,46,0,Saturday,539069.47,4808770.414,-80.517287,43.430818,Non intersection,2,P.D. only,Not on roadway - right side,unknown,unknown,SMV other,Unknown,"Dark, artificial","08 - Dark, artificial",Municipal (excl. Twp. Rd.),No control,unknown,0,0,0,FALSE,FALSE,FALSE,Clear,,FALSE,QUEENS BLVD ; KELLY DR ; 5 M,3/4/2020 10:11:58 AM,539069.47,4808770.414
45217,16-101861,5/12/2016 4:45:00 PM,2016,5,12,16,45,0,Thursday,541752.9826,4808450.642,-80.484157,43.427794,Non intersection,2,Non-reportable,Thru lane,unknown,unknown,Rear end,Unknown,Daylight,01 - Daylight,Regional municipality,No control,unknown,0,0,0,FALSE,FALSE,FALSE,Clear,,FALSE,HOMER WATSON BLVD; W HWY 7 8 TO HOMER WATSON BLVD; At,3/4/2020 10:11:57 AM,541752.9826,4808450.642
45218,16-101992,5/14/2016 11:30:00 AM,2016,5,14,11,30,0,Saturday,542694.9286,4809856.911,-80.47241,43.440403,Non intersection,2,P.D. only,Thru lane,unknown,unknown,SMV unattended vehicle,Unknown,Daylight,01 - Daylight,Municipal (excl. Twp. Rd.),No control,unknown,0,0,0,FALSE,FALSE,FALSE,Clear,,FALSE,MAURICE ST; MAURICE ST ; Near; 12 M,3/4/2020 10:11:56 AM,542694.9286,4809856.911
45219,16-102686,5/15/2016 10:47:00 AM,2016,5,15,10,47,0,Sunday,541131.8512,4810502.235,-80.491676,43.446301,Other,2,P.D. only,Off highway,unknown,unknown,SMV unattended vehicle,Unknown,Daylight,01 - Daylight,Private property,No control,unknown,0,0,0,FALSE,FALSE,FALSE,Other,,FALSE,PRIVATE DRIVE; At,3/4/2020 10:11:55 AM,541131.8512,4810502.235
45220,16-102703,5/14/2016 6:58:00 PM,2016,5,14,18,58,0,Saturday,542085.1557,4806597.764,-80.480196,43.411092,At/near private drive,2,P.D. only,Thru lane,unknown,unknown,SMV unattended vehicle,Unknown,Daylight,01 - Daylight,Municipal (excl. Twp. Rd.),No control,unknown,0,0,0,FALSE,FALSE,FALSE,Clear,,FALSE,SETTLERS DR; SETTLERS DR ; At,3/4/2020 10:11:55 AM,542085.1557,4806597.764
45221,16-102838,5/15/2016 2:55:00 PM,2016,5,15,14,55,0,Sunday,549443.8054,4806006.825,-80.389365,43.405322,At/near private drive,2,P.D. only,Thru lane,unknown,unknown,Turning movement,Unknown,Daylight,01 - Daylight,Municipal (excl. Twp. Rd.),Traffic signal,Functioning,0,0,0,FALSE,FALSE,FALSE,Clear,,FALSE,TU LANE ST ; KING ST E; Near; 3 M,3/4/2020 10:11:54 AM,549443.8054,4806006.825
45222,16-102922,5/15/2016 4:45:00 PM,2016,5,15,16,45,0,Sunday,541370.4247,4812962.821,-80.488541,43.468443,At intersection,2,P.D. only,Within intersection,unknown,unknown,SMV other,Unknown,Daylight,01 - Daylight,Municipal (excl. Twp. Rd.),No control,unknown,0,0,0,FALSE,FALSE,FALSE,Clear,,FALSE,EDWIN ST ; ELIZABETH ST,3/4/2020 10:11:53 AM,541370.4247,4812962.821
45223,16-103214,5/16/2016 1:00:00 AM,2016,5,16,1,0,0,Monday,542125.2017,4810569.23,-80.479395,43.446849,Non intersection,2,P.D. only,Thru lane,unknown,unknown,SMV unattended vehicle,Unknown,"Dark, artificial","08 - Dark, artificial",Municipal (excl. Twp. Rd.),No control,unknown,0,0,0,FALSE,FALSE,FALSE,Clear,,FALSE,DUKE ST E; BETZNER AVE N; Near; 75 M,3/4/2020 10:11:53 AM,542125.2017,4810569.23
45224,16-103307,5/16/2016 8:15:00 AM,2016,5,16,8,15,0,Monday,545485.0521,4808407.136,-80.438054,43.427185,At/near private drive,2,P.D. only,Thru lane,unknown,unknown,Turning movement,Unknown,Daylight,01 - Daylight,Municipal (excl. Twp. Rd.),No control,unknown,0,0,0,FALSE,FALSE,FALSE,Clear,,FALSE,KINGSWAY DR; KINGSWAY DR; At,3/4/2020 10:11:52 AM,545485.0521,4808407.136
45225,16-103536,5/11/2016 11:30:00 AM,2016,5,11,11,30,0,Wednesday,543233.0888,4810274.378,-80.465727,43.444131,At/near private drive,2,P.D. only,Right shoulder,unknown,unknown,Other,Unknown,Daylight,01 - Daylight,Municipal (excl. Twp. Rd.),No control,unknown,0,0,0,FALSE,FALSE,FALSE,Clear,,FALSE,MCKENZIE AVE; MCKENZIE AVE ; At,3/4/2020 10:11:51 AM,543233.0888,4810274.378
45226,16-104513,5/17/2016 6:40:00 PM,2016,5,17,18,40,0,Tuesday,540735.6386,4810333.571,-80.496585,43.444804,Non intersection,2,P.D. only,Thru lane,unknown,unknown,SMV unattended vehicle,Unknown,Daylight,01 - Daylight,Municipal (excl. Twp. Rd.),Stop sign,Functioning,0,0,0,FALSE,FALSE,FALSE,Clear,,FALSE,DAVID ST; SCHNEIDER AVE ; 15 M,3/4/2020 10:11:51 AM,540735.6386,4810333.571
45227,16-104875,5/18/2016 8:36:00 AM,2016,5,18,8,36,0,Wednesday,542447.4774,4807280.393,-80.475668,43.417218,Intersection related,2,P.D. only,Thru lane,unknown,unknown,Rear end,Unknown,Daylight,01 - Daylight,Municipal (excl. Twp. Rd.),School guard,Functioning,0,0,0,FALSE,FALSE,FALSE,Clear,,FALSE,BLOCK LINE RD; COUNTRY HILL DR,3/4/2020 10:11:50 AM,542447.4774,4807280.393
45228,16-104973,5/17/2016 6:00:00 PM,2016,5,17,18,0,0,Tuesday,542505.7419,4804197.378,-80.475188,43.389455,At/near private drive,2,P.D. only,Thru lane,unknown,unknown,Other,Unknown,Daylight,01 - Daylight,Municipal (excl. Twp. Rd.),No control,unknown,0,0,0,FALSE,FALSE,FALSE,Clear,,FALSE,PARKVALE DR; PARKVALE DR ; At,3/4/2020 10:11:49 AM,542505.7419,4804197.378
45229,16-105008,5/17/2016 4:00:00 PM,2016,5,17,16,0,0,Tuesday,537304.1706,4807616.5,-80.539176,43.420518,At/near private drive,2,P.D. only,Thru lane,unknown,unknown,SMV unattended vehicle,Unknown,Daylight,01 - Daylight,Municipal (excl. Twp. Rd.),No control,unknown,0,0,0,FALSE,FALSE,FALSE,Clear,,FALSE,CHERRYTREE CRT; CHERRYTREE CRT ; Near,3/4/2020 10:11:49 AM,537304.1706,4807616.5
45230,16-105656,5/19/2016 2:39:00 AM,2016,5,19,2,39,0,Thursday,540780.9413,4806492.803,-80.496312,43.410219,Non intersection,2,P.D. only,Thru lane,unknown,unknown,SMV unattended vehicle,Unknown,Dark,07 - Dark,Municipal (excl. Twp. Rd.),No control,unknown,0,0,0,FALSE,FALSE,FALSE,Clear,,FALSE,ERINBROOK DR; DUNEDIN CRT; At; 10 M,3/4/2020 10:11:48 AM,540780.9413,4806492.803
45231,16-106057,5/19/2016 12:55:00 PM,2016,5,19,12,55,0,Thursday,543216.9425,4804529.298,-80.466381,43.392403,At intersection,2,P.D. only,Within intersection,unknown,unknown,Turning movement,Unknown,Daylight,01 - Daylight,Municipal (excl. Twp. Rd.),Yield sign,Functioning,0,0,0,FALSE,FALSE,FALSE,Clear,,FALSE,HURON RD ; STRASBURG RD,3/4/2020 10:11:47 AM,543216.9425,4804529.298
45232,16-106060,5/19/2016 2:48:00 PM,2016,5,19,14,48,0,Thursday,538946.0784,4811397.177,-80.518624,43.454476,At/near private drive,2,P.D. only,Thru lane,unknown,unknown,Turning movement,Unknown,Daylight,01 - Daylight,Municipal (excl. Twp. Rd.),No control,unknown,0,0,0,FALSE,FALSE,FALSE,Clear,,FALSE,BELMONT AVE W; BELMONT AVE W; At; 0 M,3/4/2020 10:11:47 AM,538946.0784,4811397.177
45233,16-106213,5/19/2016 3:25:00 PM,2016,5,19,15,25,0,Thursday,544304.052,4809222.022,-80.452578,43.434593,At intersection,2,P.D. only,Within intersection,unknown,unknown,Turning movement,Unknown,Daylight,01 - Daylight,Municipal (excl. Twp. Rd.),Stop sign,Functioning,0,0,0,FALSE,FALSE,FALSE,Clear,,FALSE,KINGSWAY DR; FOURTH AVE,3/4/2020 10:11:46 AM,544304.052,4809222.022
45234,16-106224,5/19/2016 6:38:00 PM,2016,5,19,18,38,0,Thursday,542911.8738,4809936.476,-80.469723,43.441107,Intersection related,1,Non-fatal injury,Thru lane,unknown,unknown,Rear end,Unknown,Daylight,01 - Daylight,Regional municipality,Stop sign,Functioning,0,0,0,FALSE,FALSE,FALSE,Clear,,FALSE,SYDNEY ST N; KING ST E,3/4/2020 10:11:45 AM,542911.8738,4809936.476
45235,16-106252,5/19/2016 7:15:00 PM,2016,5,19,19,15,0,Thursday,543306.9636,4807691.338,-80.465019,43.420869,At/near private drive,2,P.D. only,Right shoulder,unknown,unknown,Turning movement,Unknown,Daylight,01 - Daylight,Municipal (excl. Twp. Rd.),Stop sign,Functioning,0,0,0,FALSE,FALSE,FALSE,Clear,,FALSE,LENNOX LEWIS WAY; BLOCK LINE RD; At; 25 M,3/4/2020 10:11:44 AM,543306.9636,4807691.338
45236,16-106617,5/20/2016 9:00:00 AM,2016,5,20,9,0,0,Friday,539619.2912,4811373.447,-80.510305,43.454227,Non intersection,2,P.D. only,Thru lane,unknown,unknown,Rear end,Unknown,Daylight,01 - Daylight,Municipal (excl. Twp. Rd.),Traffic signal,Functioning,0,0,0,FALSE,FALSE,FALSE,Clear,,FALSE,GLASGOW ST; PARK ST; Near; 15 M,3/4/2020 10:11:44 AM,539619.2912,4811373.447
45237,16-106953,5/20/2016 4:45:00 PM,2016,5,20,16,45,0,Friday,541797.4778,4808180.15,-80.483628,43.425356,Intersection related,1,Non-fatal injury,Thru lane,unknown,unknown,Turning movement,Unknown,Daylight,01 - Daylight,Regional municipality,Traffic signal,Functioning,0,0,0,FALSE,FALSE,FALSE,Clear,,FALSE,ALPINE RD; OTTAWA ST S; 25 M,3/4/2020 10:11:43 AM,541797.4778,4808180.15
45238,16-107173,5/20/2016 9:39:00 PM,2016,5,20,21,39,0,Friday,540335.3709,4805884.402,-80.50186,43.404765,At intersection,1,Non-fatal injury,Within intersection,unknown,unknown,Turning movement,Unknown,"Dusk, artificial","06 - Dusk, artificial",Municipal (excl. Twp. Rd.),Stop sign,Functioning,0,0,0,FALSE,FALSE,FALSE,Clear,,FALSE,MAX BECKER DR; HELENA FEASBY ST; 5 M,3/4/2020 10:11:42 AM,540335.3709,4805884.402
45239,16-107859,5/21/2016 7:02:00 PM,2016,5,21,19,2,0,Saturday,541676.802,4807902.306,-80.48514,43.422861,Other,1,Non-fatal injury,Off highway,unknown,unknown,SMV other,Unknown,Daylight,01 - Daylight,Private property,No control,unknown,0,0,0,TRUE,FALSE,FALSE,Clear,,FALSE,PRIVATE DRIVE; ROBERTS CRES ; At,3/4/2020 10:11:42 AM,541676.802,4807902.306
45240,16-108280,5/22/2016 9:40:00 AM,2016,5,22,9,40,0,Sunday,545336.6793,4810742.551,-80.439693,43.448222,At/near private drive,2,P.D. only,Right shoulder,unknown,unknown,Other,Unknown,Daylight,01 - Daylight,Municipal (excl. Twp. Rd.),No control,unknown,0,0,0,FALSE,FALSE,FALSE,Clear,,FALSE,GAY CRES; 16 GAY CRES,3/4/2020 10:11:41 AM,545336.6793,4810742.551
45241,16-110027,5/20/2016 9:00:00 PM,2016,5,20,21,0,0,Friday,540036.6241,4808673.687,-80.505345,43.429896,Non intersection,2,P.D. only,Right shoulder,unknown,unknown,SMV unattended vehicle,Unknown,Dusk,05 - Dusk,Municipal (excl. Twp. Rd.),No control,unknown,0,0,0,FALSE,FALSE,FALSE,Clear,,FALSE,SHADYWOOD CRES; SHADYWOOD CRES ; Near,3/4/2020 10:11:40 AM,540036.6241,4808673.687
45242,16-110197,5/24/2016 6:14:00 PM,2016,5,24,18,14,0,Tuesday,539588.891,4806502.032,-80.511034,43.410366,At intersection,2,P.D. only,Within intersection,unknown,unknown,Turning movement,Unknown,Daylight,01 - Daylight,Municipal (excl. Twp. Rd.),Stop sign,Functioning,0,0,0,FALSE,FALSE,FALSE,Clear,,FALSE,WILDERNESS DR; MOUNTAIN MINT CRES,3/4/2020 10:11:40 AM,539588.891,4806502.032
45243,16-110990,5/25/2016 5:38:00 PM,2016,5,25,17,38,0,Wednesday,538996.5998,4811069.506,-80.518023,43.451523,Non intersection,1,Non-fatal injury,Thru lane,unknown,unknown,Rear end,Unknown,Daylight,01 - Daylight,Municipal (excl. Twp. Rd.),Traffic signal,Functioning,0,0,0,FALSE,FALSE,FALSE,Clear,,FALSE,GLASGOW ST; GLASGOW ST ; Near; 5 M,3/4/2020 10:11:39 AM,538996.5998,4811069.506
45244,16-111416,5/26/2016 8:44:00 AM,2016,5,26,8,44,0,Thursday,540793.6973,4811372.801,-80.49579,43.454158,Intersection related,1,Non-fatal injury,Thru lane,unknown,unknown,Rear end,Unknown,Daylight,01 - Daylight,Regional municipality,Traffic signal,Functioning,0,0,0,FALSE,TRUE,FALSE,Clear,,FALSE,DUKE ST W; VICTORIA ST N; Near; 4 M,3/4/2020 10:11:38 AM,540793.6973,4811372.801
45245,16-111826,5/26/2016 5:29:00 PM,2016,5,26,17,29,0,Thursday,541649.8718,4809314.116,-80.485365,43.435575,At intersection,2,P.D. only,Within intersection,unknown,unknown,Turning movement,Unknown,Daylight,01 - Daylight,Municipal (excl. Twp. Rd.),Stop sign,Functioning,0,0,0,FALSE,FALSE,FALSE,Clear,,FALSE,MILL ST; HEIMAN ST,3/7/2019 1:21:56 PM,541649.8718,4809314.116
45246,16-112240,5/27/2016 7:42:00 AM,2016,5,27,7,42,0,Friday,544657.8032,4811826.541,-80.447994,43.458023,At intersection,2,P.D. only,Within intersection,unknown,unknown,Turning movement,Unknown,Daylight,01 - Daylight,Regional municipality,No control,unknown,0,0,0,FALSE,FALSE,FALSE,Clear,,FALSE,BAIRD AVE; LORRAINE AVE,3/4/2020 10:11:38 AM,544657.8032,4811826.541
45247,16-112305,5/26/2016 3:07:00 PM,2016,5,26,15,7,0,Thursday,541533.5176,4808862.434,-80.486837,43.431514,At/near private drive,2,P.D. only,Right shoulder,unknown,unknown,SMV unattended vehicle,Unknown,Daylight,01 - Daylight,Municipal (excl. Twp. Rd.),No control,unknown,0,0,0,FALSE,FALSE,FALSE,Clear,,FALSE,SOUTHDALE AVE; SOUTHDALE AVE ; At; 5 M,3/4/2020 10:11:36 AM,541533.5176,4808862.434
45248,16-112637,5/27/2016 12:30:00 PM,2016,5,27,12,30,0,Friday,544637.7833,4804760.883,-80.448819,43.394405,At/near private drive,2,P.D. only,Thru lane,unknown,unknown,SMV unattended vehicle,Unknown,Daylight,01 - Daylight,Municipal (excl. Twp. Rd.),No control,unknown,0,0,0,FALSE,FALSE,FALSE,Clear,,FALSE,PERIN PL; PERIN PL ; At,3/4/2020 10:11:36 AM,544637.7833,4804760.883
45249,16-112664,5/27/2016 6:20:00 AM,2016,5,27,6,20,0,Friday,544891.3084,4811411.164,-80.445142,43.454269,Other,2,P.D. only,Off highway,unknown,unknown,SMV unattended vehicle,Unknown,Dawn,03 - Dawn,Private property,No control,unknown,0,0,0,FALSE,FALSE,FALSE,Clear,,FALSE,BRECKENRIDGE DR; BRECKENRIDGE DR ; At,3/4/2020 10:11:35 AM,544891.3084,4811411.164
45250,16-112666,5/27/2016 4:45:00 PM,2016,5,27,16,45,0,Friday,539514.0457,4805981.832,-80.511996,43.405686,At/near private drive,2,P.D. only,Thru lane,unknown,unknown,Other,Unknown,Daylight,01 - Daylight,Municipal (excl. Twp. Rd.),No control,unknown,0,0,0,FALSE,FALSE,FALSE,Clear,,FALSE,MAX BECKER DR; MAX BECKER DR ; At; 0 M,3/4/2020 10:11:34 AM,539514.0457,4805981.832
45251,16-112696,5/27/2016 5:27:00 PM,2016,5,27,17,27,0,Friday,540612.7461,4809912.685,-80.498135,43.441021,Intersection related,2,P.D. only,Thru lane,unknown,unknown,Rear end,Unknown,Daylight,01 - Daylight,Regional municipality,Traffic signal,Functioning,0,0,0,FALSE,FALSE,FALSE,Clear,,FALSE,HIGHLAND RD E; QUEEN ST S; 100 M,3/4/2020 10:11:34 AM,540612.7461,4809912.685
45252,16-112728,5/27/2016 5:45:00 PM,2016,5,27,17,45,0,Friday,539887.9125,4809704.006,-80.507107,43.439181,At/near private drive,2,P.D. only,Thru lane,unknown,unknown,Other,Unknown,Daylight,01 - Daylight,Municipal (excl. Twp. Rd.),No control,unknown,0,0,0,FALSE,FALSE,FALSE,Clear,,FALSE,BELMONT AVE W; BELMONT AVE W; At,3/4/2020 10:11:33 AM,539887.9125,4809704.006
45253,16-112759,5/27/2016 6:32:00 PM,2016,5,27,18,32,0,Friday,538400.4554,4809731.688,-80.525485,43.439508,At/near private drive,2,P.D. only,Right shoulder,unknown,unknown,SMV unattended vehicle,Unknown,Daylight,01 - Daylight,Municipal (excl. Twp. Rd.),No control,unknown,0,0,0,FALSE,FALSE,FALSE,Clear,,FALSE,HAZELGLEN DR; HAZELGLEN DR ; At; 2 M,3/4/2020 10:11:32 AM,538400.4554,4809731.688
45254,16-113251,5/27/2016 5:20:00 PM,2016,5,27,17,20,0,Friday,542313.9669,4810288.427,-80.477084,43.44431,Intersection related,2,P.D. only,Left turn lane,unknown,unknown,Sideswipe,Unknown,Daylight,01 - Daylight,Regional municipality,Traffic signal,Functioning,0,0,0,FALSE,FALSE,FALSE,Clear,,FALSE,KING ST E; STIRLING AVE N,3/4/2020 10:11:31 AM,542313.9669,4810288.427
45255,16-113362,5/26/2016 10:15:00 AM,2016,5,26,10,15,0,Thursday,547672.0345,4805920.781,-80.411253,43.404662,At/near private drive,2,Non-reportable,Right shoulder,unknown,unknown,SMV unattended vehicle,Unknown,Daylight,01 - Daylight,Municipal (excl. Twp. Rd.),No control,unknown,0,0,0,FALSE,FALSE,FALSE,Clear,,FALSE,DEER RIDGE DR; DEER RIDGE DR ; Near,3/4/2020 10:11:31 AM,547672.0345,4805920.781
45256,16-113711,5/28/2016 8:56:00 PM,2016,5,28,20,56,0,Saturday,546244.2748,4810160.64,-80.428526,43.442927,At intersection,1,Non-fatal injury,Not on roadway - right side,unknown,unknown,SMV other,Unknown,Dark,07 - Dark,Regional municipality,Stop sign,Functioning,0,0,0,FALSE,FALSE,FALSE,Clear,,FALSE,OLD CHICOPEE TRAIL; DAIMLER DR; 2 M,3/4/2020 10:11:30 AM,546244.2748,4810160.64
45257,16-114176,5/29/2016 11:48:00 AM,2016,5,29,11,48,0,Sunday,539816.2283,4809149.263,-80.508033,43.43419,At intersection,1,Non-fatal injury,Within intersection,unknown,unknown,Rear end,Unknown,Daylight,01 - Daylight,Regional municipality,Stop sign,Functioning,0,0,0,FALSE,FALSE,FALSE,Clear,,FALSE,QUEENS BLVD ; BLUERIDGE AVE,3/4/2020 10:11:29 AM,539816.2283,4809149.263
45258,16-114749,5/30/2016 8:08:00 AM,2016,5,30,8,8,0,Monday,541492.8173,4809569.518,-80.487286,43.437883,Non intersection,1,Non-fatal injury,Thru lane,unknown,unknown,Rear end,Unknown,Daylight,01 - Daylight,Municipal (excl. Twp. Rd.),No control,unknown,0,0,0,FALSE,FALSE,FALSE,Clear,,FALSE,STIRLING AVE S; MILL ST ; 40 M,3/7/2019 1:21:54 PM,541492.8173,4809569.518
45259,16-114778,5/30/2016 8:49:00 AM,2016,5,30,8,49,0,Monday,541179.3338,4809394.682,-80.491173,43.436326,At intersection,1,Non-fatal injury,Within intersection,unknown,unknown,Turning movement,Unknown,Daylight,01 - Daylight,Municipal (excl. Twp. Rd.),Traffic signal,Functioning,0,0,0,FALSE,FALSE,FALSE,Clear,,FALSE,STIRLING AVE S; HIGHLAND RD E,3/4/2020 10:11:29 AM,541179.3338,4809394.682
45260,16-114919,5/30/2016 11:36:00 AM,2016,5,30,11,36,0,Monday,541779.7468,4809278.435,-80.483763,43.435246,At/near private drive,2,P.D. only,Thru lane,unknown,unknown,Turning movement,Unknown,Daylight,01 - Daylight,Municipal (excl. Twp. Rd.),No control,unknown,0,0,0,FALSE,FALSE,FALSE,Clear,,FALSE,MILL ST; MILL ST ; Near; 5 M,3/4/2020 10:11:28 AM,541779.7468,4809278.435
45261,16-115225,5/30/2016 5:49:00 PM,2016,5,30,17,49,0,Monday,540923.317,4810569.824,-80.494248,43.446921,Intersection related,1,Non-fatal injury,Thru lane,unknown,unknown,Turning movement,Unknown,Daylight,01 - Daylight,Municipal (excl. Twp. Rd.),Stop sign,Functioning,0,0,0,FALSE,TRUE,FALSE,Clear,,FALSE,JUBILEE DR; DAVID ST; At,3/4/2020 10:11:27 AM,540923.317,4810569.824
45262,16-115299,5/30/2016 7:24:00 PM,2016,5,30,19,24,0,Monday,540389.0044,4812515.507,-80.500707,43.464469,At intersection,1,Non-fatal injury,Within intersection,unknown,unknown,Angle,Unknown,Daylight,01 - Daylight,Municipal (excl. Twp. Rd.),Stop sign,Functioning,0,0,0,FALSE,FALSE,FALSE,Clear,,FALSE,HARTWOOD AVE; ELLIS AVE,3/4/2020 10:11:27 AM,540389.0044,4812515.507
45263,16-115750,5/31/2016 10:24:00 AM,2016,5,31,10,24,0,Tuesday,542313.0077,4810286.533,-80.477096,43.444293,At intersection,1,Non-fatal injury,Within intersection,unknown,unknown,Angle,Unknown,Daylight,01 - Daylight,Regional municipality,Traffic signal,Functioning,0,0,1,FALSE,TRUE,FALSE,Clear,,FALSE,KING ST E; STIRLING AVE N,3/4/2020 10:11:26 AM,542313.0077,4810286.533
45264,16-115917,5/31/2016 1:30:00 PM,2016,5,31,13,30,0,Tuesday,538709.295,4811123.603,-80.52157,43.452025,At intersection,2,P.D. only,Within intersection,unknown,unknown,Angle,Unknown,Daylight,01 - Daylight,Municipal (excl. Twp. Rd.),Stop sign,Functioning,0,0,0,FALSE,FALSE,FALSE,Clear,,FALSE,CLAREMONT AVE; DUNBAR RD,3/4/2020 10:11:25 AM,538709.295,4811123.603
45265,16-115936,5/31/2016 1:57:00 PM,2016,5,31,13,57,0,Tuesday,545275.1144,4806435.156,-80.440811,43.409442,At intersection,2,P.D. only,Within intersection,unknown,unknown,Turning movement,Stop sign,Daylight,01 - Daylight,Municipal (excl. Twp. Rd.),Stop sign,Functioning,0,0,0,FALSE,FALSE,FALSE,Clear,,FALSE,WABANAKI DR ; WILSON AVE ; 5 M,3/4/2020 10:11:25 AM,545275.1144,4806435.156
45266,16-116167,5/31/2016 6:37:00 PM,2016,5,31,18,37,0,Tuesday,538375.7579,4808439.802,-80.525881,43.427877,At/near private drive,2,P.D. only,Thru lane,unknown,unknown,Other,Unknown,Daylight,01 - Daylight,Municipal (excl. Twp. Rd.),No control,unknown,0,0,0,FALSE,FALSE,FALSE,Clear,,FALSE,BELMONT AVE E; QUEENS BLVD ; Near; 1 M,3/4/2020 10:11:24 AM,538375.7579,4808439.802
45267,16-116170,5/31/2016 7:20:00 AM,2016,5,31,7,20,0,Tuesday,541609.4055,4812970.624,-80.485586,43.4685,Intersection related,2,P.D. only,Right shoulder,unknown,unknown,SMV unattended vehicle,Unknown,Daylight,01 - Daylight,Municipal (excl. Twp. Rd.),Stop sign,Functioning,0,0,0,FALSE,FALSE,FALSE,Clear,,FALSE,ELIZABETH ST; BOND ST; At,3/4/2020 10:11:23 AM,541609.4055,4812970.624
45268,16-116820,6/1/2016 2:35:00 PM,2016,6,1,14,35,0,Wednesday,542248.0555,4806960.618,-80.478156,43.41435,At/near private drive,2,P.D. only,Thru lane,unknown,unknown,Rear end,Unknown,Daylight,01 - Daylight,Municipal (excl. Twp. Rd.),Traffic signal,Functioning,0,0,0,FALSE,FALSE,FALSE,Clear,,FALSE,STRASBURG RD; STRASBURG RD ; At; 12 M,3/4/2020 10:11:23 AM,542248.0555,4806960.618
45269,16-116977,6/1/2016 5:10:00 PM,2016,6,1,17,10,0,Wednesday,539111.8957,4811655.688,-80.516556,43.456795,Intersection related,2,P.D. only,Thru lane,unknown,unknown,Sideswipe,Unknown,Daylight,01 - Daylight,Municipal (excl. Twp. Rd.),No control,unknown,0,0,0,FALSE,FALSE,FALSE,Clear,,FALSE,PARK ST; UNION BLVD; At,3/4/2020 10:11:22 AM,539111.8957,4811655.688
45270,16-117363,6/2/2016 8:43:00 AM,2016,6,2,8,43,0,Thursday,537193.8843,4807269.162,-80.540562,43.417396,At intersection,2,P.D. only,Within intersection,unknown,unknown,Turning movement,Unknown,Daylight,01 - Daylight,Municipal (excl. Twp. Rd.),Stop sign,Functioning,0,0,0,FALSE,FALSE,FALSE,Clear,,FALSE,ROLLING MEADOWS DR; DRIFTWOOD DR,3/4/2020 10:11:21 AM,537193.8843,4807269.162
45271,16-117597,6/2/2016 12:45:00 PM,2016,6,2,12,45,0,Thursday,541787.0864,4810797.246,-80.483556,43.448921,At intersection,1,Non-fatal injury,Within intersection,unknown,unknown,Turning movement,Unknown,Daylight,01 - Daylight,Municipal (excl. Twp. Rd.),Stop sign,Functioning,0,0,0,FALSE,FALSE,FALSE,Clear,,FALSE,DUKE ST E; EBY ST N,3/4/2020 10:11:21 AM,541787.0864,4810797.246
45272,16-117817,6/2/2016 5:31:00 PM,2016,6,2,17,31,0,Thursday,541948.7295,4810918.529,-80.481549,43.450004,Non intersection,1,Non-fatal injury,Thru lane,unknown,unknown,SMV other,Unknown,Daylight,01 - Daylight,Municipal (excl. Twp. Rd.),No control,unknown,0,0,0,TRUE,FALSE,FALSE,Clear,,FALSE,LANCASTER ST W; IRVIN ST ; 34 M,3/4/2020 10:11:20 AM,541948.7295,4810918.529