OBJECTID,ACCIDENTNUM,ACCIDENTDATE,ACCIDENT_YEAR,ACCIDENT_MONTH,ACCIDENT_DAY,ACCIDENT_HOUR,ACCIDENT_MINUTE,ACCIDENT_SECOND,ACCIDENT_WEEKDAY,XCOORD,YCOORD,LONGITUDE,LATITUDE,ACCIDENTLOCATION,COLLISIONTYPE,CLASSIFICATIONOFACCIDENT,IMPACTLOCATION,INITIALDIRECTIONOFTRAVELONE,INITIALDIRECTIONOFTRAVELTWO,INITIALIMPACTTYPE,INTTRAFFICCONTROL,LIGHT,LIGHTFORREPORT,ROADJURISDICTION,TRAFFICCONTROL,TRAFFICCONTROLCONDITION,THRULANENO,NORTHBOUNDDISOBEYCOUNT,SOUTHBOUNDDISOBEYCOUNT,PEDESTRIANINVOLVED,CYCLISTINVOLVED,MOTORCYCLISTINVOLVED,ENVIRONMENTCONDITION1,ENVIRONMENTCONDITION2,SELFREPORTED,XMLIMPORTNOTES,LASTEDITEDDATE,x,y
45273,16-117950,6/2/2016 9:07:00 PM,2016,6,2,21,7,0,Thursday,544697.4249,4811414.985,-80.447538,43.454315,At intersection,1,Non-fatal injury,Within intersection,unknown,unknown,Turning movement,Unknown,"Dark, artificial","08 - Dark, artificial",Regional municipality,Traffic signal,Functioning,0,0,0,FALSE,FALSE,FALSE,Clear,,FALSE,HICKSON DR; RIVER RD E,3/4/2020 10:11:19 AM,544697.4249,4811414.985
45274,16-118596,6/3/2016 3:58:00 PM,2016,6,3,15,58,0,Friday,542583.0867,4810126.084,-80.473771,43.442833,At/near private drive,2,Non-reportable,Not on roadway - right side,unknown,unknown,Turning movement,Unknown,Daylight,01 - Daylight,Regional municipality,No control,unknown,0,0,0,FALSE,TRUE,FALSE,Clear,,FALSE,BORDEN AVE S; KING ST E; At; 7 M,3/4/2020 10:11:19 AM,542583.0867,4810126.084
45275,16-118702,6/3/2016 7:00:00 PM,2016,6,3,19,0,0,Friday,544744.7253,4813429.639,-80.446788,43.472452,At/near private drive,2,P.D. only,Thru lane,unknown,unknown,Turning movement,Unknown,Daylight,01 - Daylight,Regional municipality,Police control,Functioning,0,0,0,FALSE,FALSE,FALSE,Clear,,FALSE,BINGEMANS CENTRE DR; BINGEMANS CENTRE DR ; Near,3/4/2020 10:11:18 AM,544744.7253,4813429.639
45276,16-119372,6/3/2016 9:30:00 PM,2016,6,3,21,30,0,Friday,540026.7077,4805950.867,-80.505667,43.40538,Non intersection,2,P.D. only,Thru lane,unknown,unknown,SMV unattended vehicle,Unknown,Daylight,01 - Daylight,Municipal (excl. Twp. Rd.),No control,unknown,0,0,0,FALSE,FALSE,FALSE,Clear,,FALSE,SWARTZ ST; SWARTZ ST ; At,3/4/2020 10:11:17 AM,540026.7077,4805950.867
45277,16-119396,6/4/2016 12:44:00 PM,2016,6,4,12,44,0,Saturday,544057.0885,4804178.109,-80.456036,43.389192,At intersection,1,Non-fatal injury,Within intersection,unknown,unknown,Turning movement,Unknown,Daylight,01 - Daylight,Municipal (excl. Twp. Rd.),Stop sign,Functioning,0,0,0,FALSE,FALSE,FALSE,Clear,,FALSE,BIEHN DR; ROBERTSON CRES,3/4/2020 10:11:17 AM,544057.0885,4804178.109
45278,16-120010,6/5/2016 2:20:00 AM,2016,6,5,2,20,0,Sunday,541597.5253,4806893.102,-80.486196,43.413778,Non intersection,2,P.D. only,Two-way left turn lane,unknown,unknown,SMV other,Unknown,"Dark, artificial","08 - Dark, artificial",Municipal (excl. Twp. Rd.),No control,unknown,0,0,0,FALSE,FALSE,FALSE,Rain,,FALSE,BLOCK LINE RD ; MCLENNAN PARK GATE ; 30 M,3/7/2019 1:21:53 PM,541597.5253,4806893.102
45279,16-120272,6/5/2016 1:46:00 PM,2016,6,5,13,46,0,Sunday,544117.8123,4811894.064,-80.454663,43.458663,At intersection,2,P.D. only,Within intersection,unknown,unknown,Angle,Unknown,Daylight,01 - Daylight,Regional municipality,Stop sign,Functioning,0,0,0,FALSE,FALSE,FALSE,Clear,,FALSE,MANCHESTER RD; RIVER RD E,3/4/2020 10:11:16 AM,544117.8123,4811894.064
45280,16-120378,6/5/2016 3:57:00 PM,2016,6,5,15,57,0,Sunday,545854.8346,4807128.984,-80.433593,43.415654,Intersection related,1,Non-fatal injury,Thru lane,unknown,unknown,Rear end,Unknown,Daylight,01 - Daylight,Municipal (excl. Twp. Rd.),Stop sign,Functioning,0,0,0,FALSE,FALSE,FALSE,Rain,,FALSE,WABANAKI DR ; HIDDEN VALLEY RD,3/4/2020 10:11:15 AM,545854.8346,4807128.984
45281,16-120426,6/5/2016 5:06:00 PM,2016,6,5,17,6,0,Sunday,543075.368,4811401.868,-80.467587,43.454292,Non intersection,1,Non-fatal injury,Thru lane,unknown,unknown,Rear end,Unknown,Daylight,01 - Daylight,Municipal (excl. Twp. Rd.),No control,unknown,0,0,0,FALSE,TRUE,FALSE,Clear,,FALSE,KRUG ST; KRUG ST ; At; 1 M,3/4/2020 10:11:15 AM,543075.368,4811401.868
45282,16-120869,6/4/2016 6:15:00 PM,2016,6,4,18,15,0,Saturday,545986.4528,4809234.505,-80.43179,43.434604,At/near private drive,2,P.D. only,Thru lane,unknown,unknown,SMV unattended vehicle,Unknown,Daylight,01 - Daylight,Municipal (excl. Twp. Rd.),No control,unknown,0,0,0,FALSE,FALSE,FALSE,Clear,,FALSE,THALER AVE; 142 THALER AVE; At,3/4/2020 10:11:14 AM,545986.4528,4809234.505
45283,16-120894,6/4/2016 6:00:00 PM,2016,6,4,18,0,0,Saturday,544186.394,4812736.588,-80.453747,43.466245,At/near private drive,2,Non-reportable,Thru lane,unknown,unknown,SMV unattended vehicle,Unknown,Daylight,01 - Daylight,Municipal (excl. Twp. Rd.),No control,unknown,0,0,0,FALSE,FALSE,FALSE,Clear,,FALSE,FORFAR AVE; FORFAR AVE; At,3/4/2020 10:11:13 AM,544186.394,4812736.588
45284,16-121409,6/6/2016 6:00:00 PM,2016,6,6,18,0,0,Monday,544696.4376,4811746.832,-80.447523,43.457303,Non intersection,2,P.D. only,Thru lane,unknown,unknown,Approaching,Unknown,Daylight,01 - Daylight,Municipal (excl. Twp. Rd.),No control,unknown,0,0,0,FALSE,FALSE,FALSE,Rain,,FALSE,BAIRD AVE; BETTLEY CRES; Near,3/4/2020 10:11:13 AM,544696.4376,4811746.832
45285,16-122007,6/7/2016 12:45:00 PM,2016,6,7,12,45,0,Tuesday,539618.3145,4811374.44,-80.510317,43.454236,At intersection,2,P.D. only,Within intersection,unknown,unknown,Turning movement,Unknown,Daylight,01 - Daylight,Municipal (excl. Twp. Rd.),Traffic signal,Functioning,0,0,0,FALSE,FALSE,FALSE,Clear,,FALSE,GLASGOW ST; PARK ST,3/4/2020 10:11:12 AM,539618.3145,4811374.441
45286,16-122109,6/7/2016 3:49:00 PM,2016,6,7,15,49,0,Tuesday,547844.9922,4811445.035,-80.408633,43.454391,At/near private drive,1,Non-fatal injury,Thru lane,unknown,unknown,SMV other,Unknown,Daylight,01 - Daylight,Municipal (excl. Twp. Rd.),No control,unknown,0,0,0,TRUE,FALSE,FALSE,Clear,,FALSE,OLD ZELLER DR; VALEBROOK ST ; 83 M,3/4/2020 10:11:11 AM,547844.9922,4811445.035
45287,16-122924,6/8/2016 3:15:00 PM,2016,6,8,15,15,0,Wednesday,543249.1797,4805565.813,-80.465901,43.401734,At/near private drive,2,Non-reportable,Thru lane,unknown,unknown,Turning movement,Unknown,Daylight,01 - Daylight,Municipal (excl. Twp. Rd.),No control,unknown,0,0,0,FALSE,FALSE,FALSE,Clear,,FALSE,TRILLIUM DR; TRILLIUM DR; At,3/4/2020 10:11:11 AM,543249.1797,4805565.813
45288,16-123726,6/9/2016 4:21:00 PM,2016,6,9,16,21,0,Thursday,547625.5319,4803948.66,-80.411999,43.386908,At/near private drive,2,P.D. only,Thru lane,unknown,unknown,Turning movement,Unknown,Daylight,01 - Daylight,Regional municipality,No control,unknown,0,0,0,FALSE,FALSE,FALSE,Clear,,FALSE,CONESTOGA COLLEGE BLVD ; HOMER WATSON BLVD ; At; 5 M,3/4/2020 10:11:10 AM,547625.5319,4803948.66
45289,16-123841,6/8/2016 8:30:00 AM,2016,6,8,8,30,0,Wednesday,542651.1428,4807348.425,-80.473147,43.417819,At intersection,2,P.D. only,Within intersection,unknown,unknown,Turning movement,Unknown,Daylight,01 - Daylight,Municipal (excl. Twp. Rd.),Traffic signal,Functioning,0,0,0,FALSE,FALSE,FALSE,Rain,,FALSE,BLOCK LINE RD ; KINGSWOOD DR,3/4/2020 10:11:09 AM,542651.1428,4807348.425
45290,16-124159,6/10/2016 8:20:00 AM,2016,6,10,8,20,0,Friday,544756.1045,4808022.096,-80.447091,43.423762,Intersection related,2,P.D. only,Thru lane,unknown,unknown,Rear end,Unknown,Daylight,01 - Daylight,Regional municipality,Traffic signal,Functioning,0,0,0,FALSE,FALSE,FALSE,Clear,,FALSE,TRAYNOR AVE ; WILSON AVE ; 5 M,3/4/2020 10:11:09 AM,544756.1045,4808022.096
45291,16-124271,6/9/2016 6:40:00 PM,2016,6,9,18,40,0,Thursday,543137.6082,4806538.882,-80.467202,43.410502,At intersection,2,P.D. only,Within intersection,unknown,unknown,Turning movement,Unknown,Daylight,01 - Daylight,Municipal (excl. Twp. Rd.),Stop sign,Functioning,0,0,0,FALSE,FALSE,FALSE,Clear,,FALSE,COUNTRY HILL DR; CENTURY HILL DR,3/4/2020 10:11:08 AM,543137.6082,4806538.882
45292,16-124427,6/10/2016 9:00:00 AM,2016,6,10,9,0,0,Friday,541662.0465,4812070.904,-80.485004,43.460396,Non intersection,2,P.D. only,Right shoulder,unknown,unknown,SMV unattended vehicle,Unknown,Daylight,01 - Daylight,Municipal (excl. Twp. Rd.),No control,unknown,0,0,0,FALSE,FALSE,FALSE,Clear,,FALSE,WELLINGTON ST N; MAJOR ST; Near; 50 M,3/4/2020 10:11:07 AM,541662.0465,4812070.904
45293,16-124493,6/10/2016 3:15:00 PM,2016,6,10,15,15,0,Friday,543901.8302,4806704.959,-80.45775,43.411953,Non intersection,1,Non-fatal injury,Thru lane,unknown,unknown,Sideswipe,Unknown,Daylight,01 - Daylight,Municipal (excl. Twp. Rd.),Stop sign,Functioning,0,0,0,FALSE,TRUE,FALSE,Clear,,FALSE,FALLOWFIELD DR; BLEAMS RD; 100 M,3/4/2020 10:11:07 AM,543901.8302,4806704.959
45294,16-124494,6/10/2016 11:15:00 AM,2016,6,10,11,15,0,Friday,544571.1705,4810478.227,-80.449175,43.445888,Intersection related,2,P.D. only,Thru lane,unknown,unknown,Rear end,Unknown,Daylight,01 - Daylight,Regional municipality,Stop sign,Functioning,0,0,0,FALSE,FALSE,FALSE,Clear,,FALSE,FRANKLIN ST N; PENROSE AVE,3/4/2020 10:11:06 AM,544571.1705,4810478.227
45295,16-124685,6/10/2016 7:00:00 PM,2016,6,10,19,0,0,Friday,540246.5249,4805498.171,-80.502986,43.401292,Non intersection,2,P.D. only,Right shoulder,unknown,unknown,SMV unattended vehicle,Unknown,Daylight,01 - Daylight,Municipal (excl. Twp. Rd.),No control,unknown,0,0,0,FALSE,FALSE,FALSE,Clear,,FALSE,COMMONWEALTH CRES; COMMONWEALTH CRES ; Near; 8 M,3/4/2020 10:11:05 AM,540246.5249,4805498.171
45296,16-124709,6/10/2016 7:28:00 PM,2016,6,10,19,28,0,Friday,542447.4711,4807281.392,-80.475668,43.417227,Intersection related,2,P.D. only,Thru lane,unknown,unknown,Rear end,Unknown,Daylight,01 - Daylight,Regional municipality,Stop sign,Functioning,0,0,0,FALSE,FALSE,FALSE,Clear,,FALSE,BLOCK LINE RD; COUNTRY HILL DR,3/4/2020 10:11:05 AM,542447.4711,4807281.392
45297,16-125378,6/11/2016 2:08:00 PM,2016,6,11,14,8,0,Saturday,541891.6328,4806717.395,-80.482577,43.41218,Intersection related,1,Non-fatal injury,Not on roadway - right side,unknown,unknown,Rear end,Unknown,Daylight,01 - Daylight,Regional municipality,Stop sign,Functioning,0,0,0,FALSE,FALSE,FALSE,Clear,,FALSE,RITTENHOUSE RD ; BROOKFIELD CRES ; At; 13 M,3/4/2020 10:11:04 AM,541891.6328,4806717.395
45298,16-125434,6/11/2016 3:00:00 PM,2016,6,11,15,0,0,Saturday,545110.5444,4807725.256,-80.442737,43.421068,At/near private drive,2,P.D. only,Thru lane,unknown,unknown,Turning movement,Unknown,Daylight,01 - Daylight,Regional municipality,No control,unknown,0,0,0,FALSE,FALSE,FALSE,Clear,,FALSE,WILSON AVE; FAIRWAY RD S; Near,3/4/2020 10:11:03 AM,545110.5444,4807725.256
45299,16-125798,6/11/2016 11:23:00 PM,2016,6,11,23,23,0,Saturday,541662.0545,4810407.201,-80.485131,43.445416,At intersection,1,Non-fatal injury,Within intersection,unknown,unknown,Angle,Unknown,"Dark, artificial","08 - Dark, artificial",Municipal (excl. Twp. Rd.),Stop sign,Functioning,0,0,0,FALSE,FALSE,FALSE,Clear,,FALSE,CHURCH ST; CEDAR ST S,3/4/2020 10:11:03 AM,541662.0545,4810407.201
45300,16-126221,6/12/2016 1:11:00 PM,2016,6,12,13,11,0,Sunday,539070.447,4808769.42,-80.517275,43.430809,Non intersection,2,Non-reportable,Thru lane,unknown,unknown,SMV other,Unknown,Daylight,01 - Daylight,Municipal (excl. Twp. Rd.),No control,unknown,0,0,0,FALSE,FALSE,TRUE,Clear,,FALSE,QUEENS BLVD; KELLY DR; 1 M,3/4/2020 10:11:02 AM,539070.447,4808769.42
45301,16-126269,6/1/2016 2:00:00 PM,2016,6,1,14,0,0,Wednesday,544748.2735,4809665.982,-80.447053,43.438564,At/near private drive,2,P.D. only,Thru lane,unknown,unknown,SMV unattended vehicle,Unknown,Daylight,01 - Daylight,Municipal (excl. Twp. Rd.),No control,unknown,0,0,0,FALSE,FALSE,FALSE,Clear,,FALSE,BROADVIEW AVE; BROADVIEW AVE ; At,3/4/2020 10:11:01 AM,544748.2735,4809665.982
45302,16-126340,6/11/2016 1:00:00 AM,2016,6,11,1,0,0,Saturday,542992.0756,4804318.513,-80.469174,43.390518,Non intersection,2,P.D. only,Thru lane,unknown,unknown,SMV other,Unknown,Dark,07 - Dark,Municipal (excl. Twp. Rd.),No control,unknown,0,0,0,FALSE,FALSE,FALSE,Clear,,FALSE,HURON RD; PARKVALE DR; Near,3/4/2020 10:11:01 AM,542992.0756,4804318.514
45303,16-126729,6/13/2016 6:10:00 AM,2016,6,13,6,10,0,Monday,536498.9488,4808511.349,-80.549063,43.428615,Non intersection,2,P.D. only,Thru lane,unknown,unknown,SMV unattended vehicle,Unknown,Dawn,03 - Dawn,Municipal (excl. Twp. Rd.),No control,unknown,0,0,0,FALSE,FALSE,FALSE,Clear,,FALSE,WESTMEADOW DR; WESTMEADOW DR ; Near; 1 M,3/4/2020 10:11:00 AM,536498.9488,4808511.349
45304,16-126769,6/13/2016 8:10:00 AM,2016,6,13,8,10,0,Monday,539651.4634,4809066.788,-80.510075,43.433456,At/near private drive,2,P.D. only,Thru lane,unknown,unknown,Turning movement,Unknown,Daylight,01 - Daylight,Municipal (excl. Twp. Rd.),Stop sign,Functioning,0,0,0,FALSE,FALSE,FALSE,Clear,,FALSE,QUEENS BLVD ; WESTMOUNT RD W; Near,3/4/2020 10:10:59 AM,539651.4634,4809066.788
45305,16-126850,6/10/2016 10:00:00 PM,2016,6,10,22,0,0,Friday,546152.6186,4808997.19,-80.429757,43.432457,Non intersection,2,P.D. only,Thru lane,unknown,unknown,SMV unattended vehicle,Unknown,Dark,07 - Dark,Municipal (excl. Twp. Rd.),No control,unknown,0,0,0,FALSE,FALSE,FALSE,Clear,,FALSE,THALER AVE ; FAIRWAY RD N; Near,3/4/2020 10:10:59 AM,546152.6186,4808997.19
45306,16-126959,6/13/2016 12:53:00 PM,2016,6,13,12,53,0,Monday,540517.1942,4811538.047,-80.499195,43.455661,Intersection related,2,P.D. only,Thru lane,unknown,unknown,Rear end,Unknown,Daylight,01 - Daylight,Municipal (excl. Twp. Rd.),Stop sign,Functioning,0,0,0,FALSE,FALSE,FALSE,Clear,,FALSE,WELLINGTON ST N; WATERLOO ST; Near; 7 M,3/4/2020 10:10:58 AM,540517.1942,4811538.047
45307,16-127078,5/14/2016 7:00:00 AM,2016,5,14,7,0,0,Saturday,541710.2216,4810678.711,-80.484515,43.447858,At intersection,1,Non-fatal injury,Within intersection,unknown,unknown,Rear end,Unknown,Daylight,01 - Daylight,Regional municipality,Stop sign,Functioning,0,0,0,FALSE,FALSE,FALSE,Clear,,FALSE,EBY ST N; KING ST E,3/4/2020 10:10:57 AM,541710.2216,4810678.711
45308,16-127113,6/13/2016 4:03:00 PM,2016,6,13,16,3,0,Monday,542405.6431,4806619.872,-80.476236,43.411273,Intersection related,2,P.D. only,Thru lane,unknown,unknown,Rear end,Unknown,Daylight,01 - Daylight,Municipal (excl. Twp. Rd.),Stop sign,Functioning,0,0,0,FALSE,FALSE,FALSE,Clear,,FALSE,STRASBURG RD; OLD COUNTRY DR; 15 M,3/4/2020 10:10:56 AM,542405.6431,4806619.872
45309,16-127162,6/13/2016 5:28:00 PM,2016,6,13,17,28,0,Monday,545234.4869,4808099.143,-80.441175,43.424427,At intersection,2,P.D. only,Within intersection,unknown,unknown,Angle,Unknown,Daylight,01 - Daylight,Regional municipality,Stop sign,Functioning,0,0,0,FALSE,TRUE,FALSE,Clear,,FALSE,GREENFIELD AVE; KINGSWAY DR,3/4/2020 10:10:55 AM,545234.4869,4808099.143
45310,16-127566,6/13/2016 4:45:00 AM,2016,6,13,4,45,0,Monday,541486.6798,4806488.218,-80.487596,43.410139,At/near private drive,2,P.D. only,Thru lane,unknown,unknown,SMV unattended vehicle,Unknown,Daylight,01 - Daylight,Municipal (excl. Twp. Rd.),No control,unknown,0,0,0,FALSE,FALSE,FALSE,Clear,,FALSE,ERINBROOK DR ; ERINBROOK CRT; Near; 1 M,3/4/2020 10:10:55 AM,541486.6798,4806488.219
45311,16-127579,6/13/2016 3:30:00 PM,2016,6,13,15,30,0,Monday,541266.8309,4810554.037,-80.490004,43.44676,At intersection,2,P.D. only,Within intersection,unknown,unknown,Turning movement,Unknown,Daylight,01 - Daylight,Municipal (excl. Twp. Rd.),Stop sign,Functioning,0,0,0,FALSE,FALSE,FALSE,Clear,,FALSE,ST GEORGE ST; BENTON ST,3/4/2020 10:10:54 AM,541266.8309,4810554.037
45312,16-127637,6/14/2016 10:00:00 AM,2016,6,14,10,0,0,Tuesday,541424.5878,4811533.901,-80.48798,43.455574,At intersection,2,P.D. only,Within intersection,unknown,unknown,Turning movement,Unknown,Daylight,01 - Daylight,Municipal (excl. Twp. Rd.),Stop sign,Functioning,0,0,0,FALSE,FALSE,FALSE,Clear,,FALSE,MARGARET AVE; MAYNARD AVE,3/4/2020 10:10:53 AM,541424.5878,4811533.901
45313,16-127912,6/14/2016 1:55:00 PM,2016,6,14,13,55,0,Tuesday,539005.6684,4811599.653,-80.517873,43.456296,At/near private drive,2,Non-reportable,Thru lane,unknown,unknown,SMV unattended vehicle,Unknown,Daylight,01 - Daylight,Municipal (excl. Twp. Rd.),No control,unknown,0,0,0,FALSE,FALSE,FALSE,Clear,,FALSE,YORK ST; YORK ST; Near,3/4/2020 10:10:53 AM,539005.6684,4811599.653
45314,16-127950,6/14/2016 11:15:00 AM,2016,6,14,11,15,0,Tuesday,546423.1842,4809328.124,-80.426386,43.43542,Intersection related,2,P.D. only,Thru lane,unknown,unknown,SMV unattended vehicle,Unknown,Daylight,01 - Daylight,Municipal (excl. Twp. Rd.),Stop sign,Functioning,0,0,0,FALSE,FALSE,FALSE,Clear,,FALSE,SCENIC DR; NORTH HILL PL ; Near,3/4/2020 10:10:52 AM,546423.1842,4809328.124
45315,16-128693,6/13/2016 2:40:00 PM,2016,6,13,14,40,0,Monday,539397.774,4805925.4,-80.513436,43.405184,At/near private drive,1,Non-fatal injury,Thru lane,unknown,unknown,Turning movement,Unknown,Daylight,01 - Daylight,Municipal (excl. Twp. Rd.),No control,unknown,0,0,0,FALSE,FALSE,FALSE,Clear,,FALSE,MOUNTAIN LAUREL CRES; 61 MOUNTAIN LAUREL CR,3/4/2020 10:10:51 AM,539397.774,4805925.4
45316,16-129382,6/16/2016 10:17:00 AM,2016,6,16,10,17,0,Thursday,544885.0991,4804849.816,-80.445758,43.395191,At intersection,2,P.D. only,Within intersection,unknown,unknown,Turning movement,Unknown,Daylight,01 - Daylight,Municipal (excl. Twp. Rd.),Traffic signal,Functioning,0,0,0,FALSE,FALSE,FALSE,Clear,,FALSE,DOON VILLAGE RD; PIONEER DR,3/4/2020 10:10:51 AM,544885.0991,4804849.816
45317,16-129589,6/16/2016 2:12:00 PM,2016,6,16,14,12,0,Thursday,540916.7347,4811094.327,-80.49429,43.451644,Other,2,P.D. only,Not on roadway - right side,unknown,unknown,SMV other,Unknown,Daylight,01 - Daylight,Regional municipality,No control,unknown,0,0,0,FALSE,FALSE,FALSE,Clear,,FALSE,KING ST W; WATER ST S; Near; 44 M,3/4/2020 10:10:50 AM,540916.7347,4811094.327
45318,16-129614,6/16/2016 6:00:00 AM,2016,6,16,6,0,0,Thursday,541652.0509,4803922.184,-80.485749,43.387025,Non intersection,2,P.D. only,Thru lane,unknown,unknown,SMV unattended vehicle,Unknown,Daylight,01 - Daylight,Municipal (excl. Twp. Rd.),No control,unknown,0,0,0,FALSE,FALSE,FALSE,Clear,,FALSE,SOPHIA CRES; SOPHIA CRES ; Near,3/4/2020 10:10:49 AM,541652.0509,4803922.184
45319,16-129654,6/16/2016 3:55:00 PM,2016,6,16,15,55,0,Thursday,543239.8029,4807370.718,-80.465874,43.417986,Non intersection,1,Non-fatal injury,Thru lane,unknown,unknown,Approaching,Unknown,Daylight,01 - Daylight,Municipal (excl. Twp. Rd.),No control,unknown,0,0,0,FALSE,FALSE,FALSE,Clear,,FALSE,FALLOWFIELD DR; BRITTON PL ; 25 M,3/4/2020 10:10:49 AM,543239.8029,4807370.718
45320,16-130439,6/17/2016 12:40:00 PM,2016,6,17,12,40,0,Friday,546526.0771,4812349.182,-80.424857,43.462615,At/near private drive,2,P.D. only,Thru lane,unknown,unknown,Other,Unknown,Daylight,01 - Daylight,Municipal (excl. Twp. Rd.),No control,unknown,0,0,0,FALSE,FALSE,FALSE,Clear,,FALSE,MISTY ST; MISTY ST ; Near,3/4/2020 10:10:48 AM,546526.0771,4812349.182
45321,16-130563,6/17/2016 3:45:00 PM,2016,6,17,15,45,0,Friday,542119.8816,4808868.625,-80.479592,43.431537,At/near private drive,2,Non-reportable,Thru lane,unknown,unknown,Turning movement,Unknown,Daylight,01 - Daylight,Regional municipality,No control,unknown,0,0,0,FALSE,FALSE,FALSE,Clear,,FALSE,HOFFMAN ST; OTTAWA ST S; Near,3/4/2020 10:10:47 AM,542119.8816,4808868.625
45322,16-130647,6/17/2016 4:50:00 PM,2016,6,17,16,50,0,Friday,541068,4811108,0,0,Non intersection,1,Non-fatal injury,Thru lane,unknown,unknown,Other,Unknown,Daylight,01 - Daylight,Municipal (excl. Twp. Rd.),No control,unknown,0,0,0,FALSE,FALSE,FALSE,Clear,,FALSE,VALLEYSCAPE DR; GEORGE AYRES DR; Near,3/4/2020 10:10:47 AM,541068,4811108
45323,16-131092,6/18/2016 8:30:00 AM,2016,6,18,8,30,0,Saturday,543947.8369,4804885.855,-80.457328,43.395571,At/near private drive,2,P.D. only,Thru lane,unknown,unknown,SMV unattended vehicle,Unknown,Daylight,01 - Daylight,Municipal (excl. Twp. Rd.),No control,unknown,0,0,0,FALSE,FALSE,FALSE,Clear,,FALSE,MAXWELL DR; MAXWELL DR ; Near; 1 M,3/4/2020 10:10:46 AM,543947.8369,4804885.855
45324,16-131285,6/18/2016 1:15:00 PM,2016,6,18,13,15,0,Saturday,536262.0922,4809689.308,-80.551911,43.439233,At/near private drive,2,P.D. only,Thru lane,unknown,unknown,Other,Unknown,Daylight,01 - Daylight,Municipal (excl. Twp. Rd.),No control,unknown,0,0,0,FALSE,FALSE,FALSE,Clear,,FALSE,COUNTRYSTONE PL; COUNTRYSTONE PL ; At; 5 M,3/4/2020 10:10:45 AM,536262.0922,4809689.309
45325,16-131426,6/18/2016 1:15:00 PM,2016,6,18,13,15,0,Saturday,539058.7668,4806885.878,-80.517554,43.41385,At/near private drive,1,Non-fatal injury,Thru lane,unknown,unknown,Turning movement,Unknown,Daylight,01 - Daylight,Municipal (excl. Twp. Rd.),Stop sign,Functioning,0,0,0,FALSE,FALSE,FALSE,Clear,,FALSE,INTERNATIONAL PL; WAKE ROBIN DR; Near,3/4/2020 10:10:45 AM,539058.7668,4806885.878
45326,16-131632,6/18/2016 10:04:00 PM,2016,6,18,22,4,0,Saturday,539565.2217,4806230.351,-80.511346,43.407921,Non intersection,2,P.D. only,Right shoulder,unknown,unknown,SMV unattended vehicle,Unknown,"Dark, artificial","08 - Dark, artificial",Municipal (excl. Twp. Rd.),No control,unknown,0,0,0,FALSE,FALSE,FALSE,Clear,,FALSE,ACTIVA AVE ; COPPER LEAF ST ; 20 M,3/4/2020 10:10:44 AM,539565.2217,4806230.351
45327,16-132098,6/17/2016 7:00:00 PM,2016,6,17,19,0,0,Friday,546132.1693,4809513.712,-80.429966,43.437109,Non intersection,2,P.D. only,Thru lane,unknown,unknown,SMV unattended vehicle,Unknown,Daylight,01 - Daylight,Municipal (excl. Twp. Rd.),No control,unknown,0,0,0,FALSE,FALSE,FALSE,Clear,,FALSE,VERONICA DR; VERONICA DR ; At,3/4/2020 10:10:43 AM,546132.1693,4809513.712
45328,16-132192,6/19/2016 2:20:00 PM,2016,6,19,14,20,0,Sunday,537139.8018,4808475.643,-80.541148,43.428262,At/near private drive,2,P.D. only,Thru lane,unknown,unknown,Other,Unknown,Daylight,01 - Daylight,Municipal (excl. Twp. Rd.),No control,unknown,0,0,0,FALSE,FALSE,FALSE,Clear,,FALSE,HIDDEN CREEK DR ; HIDDEN CREEK DR ; Near,3/4/2020 10:10:43 AM,537139.8018,4808475.643
45329,16-133019,6/20/2016 3:00:00 PM,2016,6,20,15,0,0,Monday,549709.4433,4805904.469,-80.386094,43.404383,At/near private drive,2,P.D. only,Right turn lane,unknown,unknown,Turning movement,Unknown,Daylight,01 - Daylight,Municipal (excl. Twp. Rd.),No control,unknown,0,0,0,FALSE,FALSE,FALSE,Clear,,FALSE,GATEWAY PARK DR ; KING ST E; At; 5 M,3/4/2020 10:10:42 AM,549709.4433,4805904.469
45330,16-133084,6/20/2016 4:08:00 PM,2016,6,20,16,8,0,Monday,543139.213,4806845.199,-80.467158,43.41326,At/near private drive,2,P.D. only,Thru lane,unknown,unknown,Other,Unknown,Daylight,01 - Daylight,Municipal (excl. Twp. Rd.),No control,unknown,0,0,0,FALSE,FALSE,FALSE,Clear,,FALSE,COUNTRY HILL DR; COUNTRY HILL DR ; Near; 4 M,3/4/2020 10:10:41 AM,543139.2129,4806845.199
45331,16-133600,6/20/2016 1:45:00 PM,2016,6,20,13,45,0,Monday,540480.5158,4811017.282,-80.499687,43.450974,Non intersection,2,P.D. only,Thru lane,unknown,unknown,Sideswipe,Unknown,Daylight,01 - Daylight,Municipal (excl. Twp. Rd.),No control,unknown,0,0,0,FALSE,FALSE,FALSE,Clear,,FALSE,JOSEPH ST ; VICTORIA ST S; At,3/4/2020 10:10:41 AM,540480.5158,4811017.282
45332,16-133967,6/21/2016 4:45:00 PM,2016,6,21,16,45,0,Tuesday,541113.2219,4811009.339,-80.491868,43.450868,Non intersection,1,Non-fatal injury,Thru lane,unknown,unknown,SMV other,Unknown,Daylight,01 - Daylight,Regional municipality,Stop sign,Functioning,0,0,0,TRUE,FALSE,FALSE,Clear,,FALSE,KING ST W;  KING ST W; 6 M,3/4/2020 10:10:39 AM,541113.2219,4811009.339
45333,16-134086,6/21/2016 11:20:00 AM,2016,6,21,11,20,0,Tuesday,539210.8826,4811175.924,-80.515367,43.45247,At intersection,2,P.D. only,Within intersection,unknown,unknown,Rear end,Unknown,Daylight,01 - Daylight,Municipal (excl. Twp. Rd.),Stop sign,Functioning,0,0,0,FALSE,FALSE,FALSE,Clear,,FALSE,GLASGOW ST; EDEN AVE,3/4/2020 10:10:39 AM,539210.8826,4811175.924