OBJECTID,ACCIDENTNUM,ACCIDENTDATE,ACCIDENT_YEAR,ACCIDENT_MONTH,ACCIDENT_DAY,ACCIDENT_HOUR,ACCIDENT_MINUTE,ACCIDENT_SECOND,ACCIDENT_WEEKDAY,XCOORD,YCOORD,LONGITUDE,LATITUDE,ACCIDENTLOCATION,COLLISIONTYPE,CLASSIFICATIONOFACCIDENT,IMPACTLOCATION,INITIALDIRECTIONOFTRAVELONE,INITIALDIRECTIONOFTRAVELTWO,INITIALIMPACTTYPE,INTTRAFFICCONTROL,LIGHT,LIGHTFORREPORT,ROADJURISDICTION,TRAFFICCONTROL,TRAFFICCONTROLCONDITION,THRULANENO,NORTHBOUNDDISOBEYCOUNT,SOUTHBOUNDDISOBEYCOUNT,PEDESTRIANINVOLVED,CYCLISTINVOLVED,MOTORCYCLISTINVOLVED,ENVIRONMENTCONDITION1,ENVIRONMENTCONDITION2,SELFREPORTED,XMLIMPORTNOTES,LASTEDITEDDATE,x,y
45334,16-134169,6/21/2016 9:04:00 PM,2016,6,21,21,4,0,Tuesday,544561.2233,4811737.94,-80.449195,43.457231,Intersection related,2,P.D. only,Thru lane,unknown,unknown,Rear end,Unknown,Daylight,01 - Daylight,Municipal (excl. Twp. Rd.),Traffic signal,Functioning,0,0,0,FALSE,FALSE,FALSE,Clear,,FALSE,RIVER RD E; LORRAINE AVE,3/4/2020 10:10:38 AM,544561.2233,4811737.94
45335,16-134796,6/22/2016 3:10:00 PM,2016,6,22,15,10,0,Wednesday,542583.0923,4810125.195,-80.473771,43.442825,Intersection related,2,P.D. only,Thru lane,unknown,unknown,Turning movement,Unknown,Daylight,01 - Daylight,Regional municipality,Traffic signal,Functioning,0,0,0,FALSE,FALSE,FALSE,Clear,,FALSE,KING ST E; BORDEN AVE N; At,3/4/2020 10:10:37 AM,542583.0923,4810125.195
45336,16-134947,6/22/2016 6:30:00 PM,2016,6,22,18,30,0,Wednesday,545589.5447,4805459.708,-80.437009,43.40064,Non intersection,2,P.D. only,Thru lane,unknown,unknown,Rear end,Unknown,Daylight,01 - Daylight,Regional municipality,Yield sign,Functioning,0,0,0,FALSE,FALSE,FALSE,Clear,,FALSE,HURON RD; HURON RD ; At; 3 M,3/4/2020 10:10:37 AM,545589.5447,4805459.708
45337,16-135735,6/23/2016 6:30:00 AM,2016,6,23,6,30,0,Thursday,543654.3038,4808296.64,-80.46068,43.426299,Non intersection,2,P.D. only,Thru lane,unknown,unknown,SMV unattended vehicle,Unknown,Daylight,01 - Daylight,Municipal (excl. Twp. Rd.),No control,unknown,0,0,0,FALSE,FALSE,FALSE,Clear,,FALSE,MASSEY AVE; VANIER DR ; 25 M,3/4/2020 10:10:36 AM,543654.3038,4808296.64
45338,16-136302,6/24/2016 9:15:00 AM,2016,6,24,9,15,0,Friday,546196.32,4804372.431,-80.429608,43.390813,At/near private drive,2,P.D. only,Thru lane,unknown,unknown,SMV unattended vehicle,Unknown,Daylight,01 - Daylight,Regional municipality,No control,unknown,0,0,0,FALSE,FALSE,FALSE,Clear,,FALSE,OLD CARRIAGE DR; OLD CARRIAGE DR ; Near,3/4/2020 10:10:35 AM,546196.32,4804372.431
45339,16-136477,6/24/2016 3:09:00 PM,2016,6,24,15,9,0,Friday,542446.494,4807282.275,-80.47568,43.417235,At intersection,1,Non-fatal injury,Within intersection,unknown,unknown,Turning movement,Unknown,Daylight,01 - Daylight,Municipal (excl. Twp. Rd.),Stop sign,Functioning,0,0,0,FALSE,FALSE,FALSE,Clear,,FALSE,BLOCK LINE RD ; COUNTRY HILL DR,3/4/2020 10:10:35 AM,542446.494,4807282.275
45340,16-136536,6/24/2016 4:16:00 PM,2016,6,24,16,16,0,Friday,545158.1651,4807238.347,-80.442189,43.416681,At intersection,2,P.D. only,Within intersection,unknown,unknown,Turning movement,Stop sign,Daylight,01 - Daylight,Municipal (excl. Twp. Rd.),Stop sign,Functioning,0,0,0,FALSE,FALSE,FALSE,Clear,,FALSE,WILSON AVE; WEBSTER RD,3/4/2020 10:10:34 AM,545158.1651,4807238.347
45341,16-136540,6/24/2016 4:20:00 PM,2016,6,24,16,20,0,Friday,543262.9839,4808679.392,-80.465484,43.429768,At/near private drive,2,P.D. only,Thru lane,unknown,unknown,Angle,Unknown,Daylight,01 - Daylight,Municipal (excl. Twp. Rd.),No control,unknown,0,0,0,FALSE,FALSE,FALSE,Clear,,FALSE,VANIER DR; VANIER DR ; At; 8 M,3/4/2020 10:10:33 AM,543262.9839,4808679.392
45342,16-136546,6/24/2016 4:30:00 PM,2016,6,24,16,30,0,Friday,544511.0801,4811759.71,-80.449813,43.45743,Non intersection,2,P.D. only,Thru lane,unknown,unknown,Rear end,Unknown,Daylight,01 - Daylight,Regional municipality,No control,unknown,0,0,0,FALSE,FALSE,FALSE,Clear,,FALSE,RIVER RD E; LORRAINE AVE; Near; 135 M,3/4/2020 10:10:33 AM,544511.0801,4811759.71
45343,16-137376,6/25/2016 3:51:00 PM,2016,6,25,15,51,0,Saturday,539111.8957,4811655.688,-80.516556,43.456795,At intersection,2,P.D. only,Within intersection,unknown,unknown,Angle,Unknown,Daylight,01 - Daylight,Municipal (excl. Twp. Rd.),Traffic signal,Functioning,0,0,1,FALSE,FALSE,FALSE,Clear,,FALSE,UNION BLVD; PARK ST,3/4/2020 10:10:32 AM,539111.8957,4811655.688
45344,16-137381,6/25/2016 4:00:00 PM,2016,6,25,16,0,0,Saturday,537733.0313,4807433.303,-80.533891,43.418847,Intersection related,2,P.D. only,Thru lane,unknown,unknown,Turning movement,Unknown,Daylight,01 - Daylight,Municipal (excl. Twp. Rd.),Stop sign,Functioning,0,0,0,FALSE,FALSE,FALSE,Clear,,FALSE,WESTHEIGHTS DR; LORILEE CRES; Near; 2 M,3/4/2020 10:10:31 AM,537733.0313,4807433.303
45345,16-138123,6/26/2016 1:10:00 PM,2016,6,26,13,10,0,Sunday,540806.5451,4810878.422,-80.495668,43.449706,Intersection related,2,P.D. only,Thru lane,unknown,unknown,Other,Unknown,Daylight,01 - Daylight,Regional municipality,Traffic signal,Functioning,0,0,0,FALSE,FALSE,FALSE,Clear,,FALSE,WATER ST S; JOSEPH ST,3/4/2020 10:10:31 AM,540806.5451,4810878.422
45346,16-138231,6/26/2016 2:40:00 PM,2016,6,26,14,40,0,Sunday,540654.1358,4810939.917,-80.497547,43.450268,At intersection,2,P.D. only,Within intersection,unknown,unknown,Rear end,Unknown,Daylight,01 - Daylight,Municipal (excl. Twp. Rd.),Stop sign,Functioning,0,0,0,FALSE,FALSE,FALSE,Clear,,FALSE,JOSEPH ST; FRANCIS ST S,3/4/2020 10:10:30 AM,540654.1358,4810939.917
45347,16-138304,6/26/2016 6:15:00 PM,2016,6,26,18,15,0,Sunday,544544.7034,4812131.88,-80.449367,43.460779,Non intersection,1,Non-fatal injury,Not on roadway - right side,unknown,unknown,SMV other,Unknown,Daylight,01 - Daylight,Municipal (excl. Twp. Rd.),No control,unknown,0,0,0,FALSE,FALSE,FALSE,Clear,,FALSE,CARSON DR; CONFEDERATION DR ; Near; 52 M,3/4/2020 10:10:29 AM,544544.7034,4812131.88
45348,16-138770,6/27/2016 12:18:00 PM,2016,6,27,12,18,0,Monday,545621.2929,4804248.243,-80.436718,43.38973,Non intersection,1,Non-fatal injury,Right shoulder,unknown,unknown,SMV other,Unknown,Daylight,01 - Daylight,Municipal (excl. Twp. Rd.),No control,unknown,0,0,0,FALSE,FALSE,FALSE,Clear,,FALSE,DOON VILLAGE RD ; DOON VILLAGE RD; Near; 42 M,3/4/2020 10:10:29 AM,545621.2929,4804248.243
45349,16-138942,6/24/2016 11:45:00 PM,2016,6,24,23,45,0,Friday,544757.0758,4808022.103,-80.447079,43.423762,Intersection related,2,P.D. only,Thru lane,unknown,unknown,Rear end,Unknown,"Dark, artificial","08 - Dark, artificial",Municipal (excl. Twp. Rd.),Traffic signal,Functioning,0,0,0,FALSE,FALSE,FALSE,Clear,,FALSE,TRAYNOR AVE; WILSON AVE; Near,3/4/2020 10:10:28 AM,544757.0758,4808022.103
45350,16-139575,6/28/2016 12:45:00 PM,2016,6,28,12,45,0,Tuesday,540929.8856,4811193.807,-80.49412,43.452539,Non intersection,2,P.D. only,Thru lane,unknown,unknown,Sideswipe,Unknown,Daylight,01 - Daylight,Municipal (excl. Twp. Rd.),No control,unknown,0,0,0,FALSE,FALSE,FALSE,Clear,,FALSE,WATER ST N; DUKE ST W; Near; 25 M,3/4/2020 10:10:27 AM,540929.8856,4811193.807
45351,16-140303,6/29/2016 10:57:00 AM,2016,6,29,10,57,0,Wednesday,542314.9442,4810287.434,-80.477072,43.444301,At/near private drive,2,P.D. only,Not on roadway - right side,unknown,unknown,SMV other,Unknown,Daylight,01 - Daylight,Municipal (excl. Twp. Rd.),No control,unknown,0,0,0,FALSE,FALSE,FALSE,Clear,,FALSE,STIRLING AVE S; KING ST E; Near; 10 M,3/4/2020 10:10:27 AM,542314.9442,4810287.434
45352,16-140384,6/27/2016 6:30:00 PM,2016,6,27,18,30,0,Monday,543819.1143,4811546.268,-80.458383,43.455549,At/near private drive,2,P.D. only,Thru lane,unknown,unknown,SMV unattended vehicle,Unknown,Daylight,01 - Daylight,Municipal (excl. Twp. Rd.),No control,unknown,0,0,0,FALSE,FALSE,FALSE,Clear,,FALSE,CHELSEA RD; CHELSEA RD; Near,3/4/2020 10:10:26 AM,543819.1143,4811546.268
45353,16-140686,6/28/2016 12:00:00 PM,2016,6,28,12,0,0,Tuesday,540312.0861,4808114.914,-80.501983,43.42485,At/near private drive,2,P.D. only,Thru lane,unknown,unknown,SMV unattended vehicle,Unknown,Daylight,01 - Daylight,Municipal (excl. Twp. Rd.),No control,unknown,0,0,0,FALSE,FALSE,FALSE,Clear,,FALSE,GILMOUR CRES; GILMOUR CRES ; At,3/4/2020 10:10:25 AM,540312.0861,4808114.914
45354,16-140703,6/29/2016 7:19:00 PM,2016,6,29,19,19,0,Wednesday,545828.3983,4802898.697,-80.434274,43.377566,At/near private drive,1,Non-fatal injury,Thru lane,unknown,unknown,SMV other,Unknown,Daylight,01 - Daylight,Municipal (excl. Twp. Rd.),No control,unknown,0,0,0,TRUE,FALSE,FALSE,Clear,,FALSE,STEEPLERIDGE ST; DOON SOUTH DR ; Near; 33 M,3/4/2020 10:10:25 AM,545828.3983,4802898.697
45355,16-141117,6/30/2016 7:50:00 AM,2016,6,30,7,50,0,Thursday,539315.8587,4810615.011,-80.51411,43.447414,Intersection related,2,P.D. only,Thru lane,unknown,unknown,Other,Unknown,Daylight,01 - Daylight,Municipal (excl. Twp. Rd.),Traffic signal,Functioning,0,0,0,FALSE,FALSE,FALSE,Clear,,FALSE,GAGE AVE; BELMONT AVE W; At,3/4/2020 10:10:24 AM,539315.8587,4810615.011
45356,16-141196,6/30/2016 8:00:00 AM,2016,6,30,8,0,0,Thursday,547671.336,4804528.393,-80.411383,43.392125,At/near private drive,2,P.D. only,Thru lane,unknown,unknown,SMV unattended vehicle,Unknown,Daylight,01 - Daylight,Municipal (excl. Twp. Rd.),No control,unknown,0,0,0,FALSE,FALSE,FALSE,Clear,,FALSE,AMHERST DR; AMHERST DR ; Near,3/4/2020 10:10:23 AM,547671.336,4804528.393
45357,16-141269,6/30/2016 1:30:00 PM,2016,6,30,13,30,0,Thursday,549387.8714,4806025.04,-80.390054,43.40549,At/near private drive,2,P.D. only,Thru lane,unknown,unknown,Turning movement,Unknown,Daylight,01 - Daylight,Regional municipality,No control,unknown,0,0,0,FALSE,FALSE,FALSE,Clear,,FALSE,TU LANE ST ; KING ST E ; Near,3/4/2020 10:10:22 AM,549387.8714,4806025.04
45358,16-141447,6/30/2016 5:40:00 PM,2016,6,30,17,40,0,Thursday,545021.2847,4810903.98,-80.443577,43.449695,At/near private drive,2,P.D. only,Thru lane,unknown,unknown,Turning movement,Unknown,Daylight,01 - Daylight,Regional municipality,Stop sign,Functioning,0,0,0,FALSE,FALSE,FALSE,Clear,,FALSE,RIVER RD E; OTTAWA ST N; At; 4 M,3/4/2020 10:10:22 AM,545021.2847,4810903.98
45359,16-142932,7/2/2016 11:28:00 AM,2016,7,2,11,28,0,Saturday,540870.7278,4810266.528,-80.494921,43.444193,Non intersection,2,P.D. only,Thru lane,unknown,unknown,Rear end,Unknown,Daylight,01 - Daylight,Municipal (excl. Twp. Rd.),No control,unknown,0,0,0,FALSE,FALSE,FALSE,Clear,,FALSE,QUEEN ST S; MILL ST; Near; 1 K,3/4/2020 10:10:21 AM,540870.7278,4810266.528
45360,16-143143,7/2/2016 7:01:00 PM,2016,7,2,19,1,0,Saturday,539060.1107,4809757.467,-80.517332,43.439706,At/near private drive,2,P.D. only,Thru lane,unknown,unknown,Turning movement,Unknown,Daylight,01 - Daylight,Municipal (excl. Twp. Rd.),No control,unknown,0,0,0,FALSE,FALSE,FALSE,Clear,,FALSE,PAULANDER DR; PAULANDER DR ; At; 2 M,3/4/2020 10:10:20 AM,539060.1107,4809757.467
45361,16-143701,7/2/2016 11:00:00 PM,2016,7,2,23,0,0,Saturday,545630.4831,4807956.429,-80.436295,43.423118,At/near private drive,2,P.D. only,Off highway,unknown,unknown,Turning movement,Unknown,Daylight,01 - Daylight,Private property,Stop sign,Functioning,0,0,0,FALSE,FALSE,FALSE,Clear,,FALSE,WILSON AVE ; FAIRWAY RD S; At; 1 M,3/4/2020 10:10:20 AM,545630.4831,4807956.429
45362,16-144320,6/29/2016 5:30:00 PM,2016,6,29,17,30,0,Wednesday,540576.3793,4807240.007,-80.498783,43.416958,Non intersection,2,P.D. only,Thru lane,unknown,unknown,SMV unattended vehicle,Unknown,Daylight,01 - Daylight,Municipal (excl. Twp. Rd.),No control,unknown,0,0,0,FALSE,FALSE,FALSE,Clear,,FALSE,DARCY PL; DARCY PL; Near,3/4/2020 10:10:19 AM,540576.3793,4807240.007
45363,16-144364,7/4/2016 8:00:00 AM,2016,7,4,8,0,0,Monday,541180.2969,4809393.251,-80.491161,43.436313,Non intersection,2,P.D. only,Other,unknown,unknown,SMV unattended vehicle,Unknown,Daylight,01 - Daylight,Regional municipality,No control,unknown,0,0,0,FALSE,FALSE,FALSE,Clear,,FALSE,HIGHLAND RD E; STIRLING AVE S; Near,3/4/2020 10:10:18 AM,541180.2969,4809393.251
45364,16-144395,7/4/2016 11:45:00 AM,2016,7,4,11,45,0,Monday,542932.5961,4807443.056,-80.469663,43.418655,At/near private drive,2,P.D. only,Thru lane,unknown,unknown,Turning movement,Unknown,Daylight,01 - Daylight,Regional municipality,No control,unknown,0,0,0,FALSE,FALSE,FALSE,Clear,,FALSE,BLOCK LINE RD ; BLOCK LINE RD ; At; 2 M,3/4/2020 10:10:18 AM,542932.5961,4807443.057
45365,16-144570,7/3/2016 3:30:00 PM,2016,7,3,15,30,0,Sunday,541555.7184,4811458.298,-80.486365,43.454886,Non intersection,2,P.D. only,Off highway,unknown,unknown,SMV unattended vehicle,Unknown,Daylight,01 - Daylight,Municipal (excl. Twp. Rd.),No control,unknown,0,0,0,FALSE,FALSE,FALSE,Clear,,FALSE,MARGARET AVE; MARGARET AVE ; Near; 1 M,3/4/2020 10:10:17 AM,541555.7184,4811458.298
45366,16-144601,7/3/2016 12:30:00 PM,2016,7,3,12,30,0,Sunday,540887.6608,4810525.072,-80.494692,43.44652,Non intersection,2,P.D. only,Thru lane,unknown,unknown,SMV unattended vehicle,Unknown,Daylight,01 - Daylight,Municipal (excl. Twp. Rd.),No control,unknown,0,0,0,FALSE,FALSE,FALSE,Clear,,FALSE,DAVID ST; HILDA PL; Near,3/4/2020 10:10:16 AM,540887.6608,4810525.072
45367,16-145083,7/5/2016 9:38:00 AM,2016,7,5,9,38,0,Tuesday,541466.2487,4810561.591,-80.487539,43.446817,At/near private drive,2,P.D. only,Thru lane,unknown,unknown,SMV unattended vehicle,Unknown,Daylight,01 - Daylight,Municipal (excl. Twp. Rd.),No control,unknown,0,0,0,FALSE,FALSE,FALSE,Clear,,FALSE,CHURCH STREET; CHURCH ST ; Near; 1 M,3/4/2020 10:10:16 AM,541466.2487,4810561.591
45368,16-145475,7/5/2016 7:00:00 PM,2016,7,5,19,0,0,Tuesday,544266.9062,4808074.4,-80.45313,43.424262,Non intersection,2,P.D. only,Right shoulder,unknown,unknown,SMV unattended vehicle,Unknown,Daylight,01 - Daylight,Municipal (excl. Twp. Rd.),No control,unknown,0,0,0,FALSE,FALSE,FALSE,Clear,,FALSE,MAYWOOD RD; MAYWOOD RD ; At; 3 M,3/4/2020 10:10:15 AM,544266.9062,4808074.4
45369,16-145483,7/5/2016 7:26:00 PM,2016,7,5,19,26,0,Tuesday,541191.64,4808942.31,-80.491055,43.432252,At intersection,2,P.D. only,Within intersection,unknown,unknown,Turning movement,Unknown,Daylight,01 - Daylight,Municipal (excl. Twp. Rd.),No control,unknown,0,0,0,FALSE,FALSE,FALSE,Clear,,FALSE,HEIMAN ST; LORNE AVE,3/4/2020 10:10:14 AM,541191.64,4808942.31
45370,16-146012,7/6/2016 1:20:00 PM,2016,7,6,13,20,0,Wednesday,545363.6835,4811022.388,-80.439336,43.45074,At intersection,2,P.D. only,Within intersection,unknown,unknown,SMV other,Unknown,Daylight,01 - Daylight,Municipal (excl. Twp. Rd.),Stop sign,Functioning,0,0,0,FALSE,FALSE,FALSE,Clear,,FALSE,HOLBORN DR; OLD CHICOPEE DR,3/4/2020 10:10:13 AM,545363.6835,4811022.388
45371,16-146596,7/7/2016 8:02:00 AM,2016,7,7,8,2,0,Thursday,542395.0756,4808250.182,-80.47624,43.425953,Non intersection,2,P.D. only,Right shoulder,unknown,unknown,SMV unattended vehicle,Unknown,Daylight,01 - Daylight,Municipal (excl. Twp. Rd.),No control,unknown,0,0,0,FALSE,FALSE,FALSE,Clear,,FALSE,ARDELT AVE; ARDELT AVE ; At; 2 M,3/4/2020 10:10:13 AM,542395.0756,4808250.182
45372,16-147129,7/7/2016 6:20:00 PM,2016,7,7,18,20,0,Thursday,542840.5935,4810354.281,-80.470571,43.444873,At/near private drive,2,P.D. only,Not on roadway - right side,unknown,unknown,SMV other,Unknown,Daylight,01 - Daylight,Regional municipality,No control,unknown,0,0,0,FALSE,FALSE,FALSE,Clear,,FALSE,ONWARD AVE ; ONWARD AVE ; At; 1 M,3/4/2020 10:10:12 AM,542840.5935,4810354.281
45373,16-147473,7/8/2016 6:05:00 AM,2016,7,8,6,5,0,Friday,543095.366,4805507.855,-80.467805,43.401221,At/near private drive,2,P.D. only,Right turn lane,unknown,unknown,Turning movement,Unknown,Daylight,01 - Daylight,Municipal (excl. Twp. Rd.),No control,unknown,0,0,0,FALSE,FALSE,FALSE,Rain,,FALSE,TRILLIUM DR; TRILLIUM DR ; Near; 0 M,3/4/2020 10:10:11 AM,543095.3659,4805507.855
45374,16-147571,7/7/2016 5:00:00 PM,2016,7,7,17,0,0,Thursday,537923.941,4808942.239,-80.531428,43.432424,Non intersection,2,P.D. only,Thru lane,unknown,unknown,SMV unattended vehicle,Unknown,Dark,07 - Dark,Municipal (excl. Twp. Rd.),No control,unknown,0,0,0,FALSE,FALSE,FALSE,Clear,,FALSE,OPRINGTON CRT; OPRINGTON CT; At; 1 M,3/4/2020 10:10:11 AM,537923.941,4808942.239
45375,16-147585,7/8/2016 10:07:00 AM,2016,7,8,10,7,0,Friday,542089.4836,4810431.1,-80.479847,43.445607,At intersection,2,P.D. only,Within intersection,unknown,unknown,Angle,Unknown,Daylight,01 - Daylight,Regional municipality,Stop sign,Functioning,0,0,0,FALSE,FALSE,FALSE,Clear,,FALSE,KING ST E; BETZNER AVE N,3/4/2020 10:10:10 AM,542089.4836,4810431.1
45376,16-147715,7/8/2016 12:59:00 PM,2016,7,8,12,59,0,Friday,542156.4445,4810710.252,-80.478998,43.448117,Non intersection,2,P.D. only,Thru lane,unknown,unknown,SMV unattended vehicle,Unknown,Daylight,01 - Daylight,Regional municipality,No control,unknown,0,0,0,FALSE,FALSE,FALSE,Clear,,FALSE,CAMERON ST N; WEBER ST E; 10 M,3/4/2020 10:10:09 AM,542156.4445,4810710.252
45377,16-147750,7/8/2016 12:30:00 PM,2016,7,8,12,30,0,Friday,542583.0867,4810126.084,-80.473771,43.442833,Intersection related,2,P.D. only,Thru lane,unknown,unknown,Rear end,Unknown,Daylight,01 - Daylight,Regional municipality,Traffic signal,Functioning,0,0,0,FALSE,FALSE,FALSE,Clear,,FALSE,KING ST E; BORDEN AVE N; Near,3/4/2020 10:10:09 AM,542583.0867,4810126.084
45378,16-147824,7/8/2016 3:29:00 PM,2016,7,8,15,29,0,Friday,541139.1456,4810792.039,-80.491564,43.44891,At/near private drive,2,P.D. only,Not on roadway - right side,unknown,unknown,SMV other,Unknown,Daylight,01 - Daylight,Municipal (excl. Twp. Rd.),No control,unknown,0,0,0,FALSE,FALSE,FALSE,Clear,,FALSE,ONTARIO ST S; ONTARIO ST S; At; 1 M,3/4/2020 10:10:08 AM,541139.1456,4810792.039
45379,16-147959,7/8/2016 6:00:00 PM,2016,7,8,18,0,0,Friday,540218.6765,4805818.18,-80.503306,43.404175,At intersection,2,P.D. only,Within intersection,unknown,unknown,Angle,Unknown,Daylight,01 - Daylight,Regional municipality,Stop sign,Functioning,0,0,0,FALSE,FALSE,FALSE,Clear,,FALSE,COMMONWEALTH ST; MAX BECKER DR,3/4/2020 10:10:07 AM,540218.6765,4805818.18
45380,16-147980,7/8/2016 4:45:00 PM,2016,7,8,16,45,0,Friday,539452.1573,4811397.233,-80.512369,43.45445,At/near private drive,2,P.D. only,Thru lane,unknown,unknown,Turning movement,Unknown,Daylight,01 - Daylight,Municipal (excl. Twp. Rd.),No control,unknown,0,0,0,FALSE,FALSE,FALSE,Clear,,FALSE,GILDNER ST; GILDNER ST ; Near,3/4/2020 10:10:07 AM,539452.1573,4811397.233
45381,16-148481,7/9/2016 9:00:00 AM,2016,7,9,9,0,0,Saturday,538263.4735,4806758.045,-80.527386,43.41274,Other,2,P.D. only,Off highway,unknown,unknown,SMV other,Unknown,Daylight,01 - Daylight,Private property,No control,unknown,0,0,0,FALSE,FALSE,FALSE,Clear,,FALSE,INDIGO ST; INDIGO ST,3/4/2020 10:10:06 AM,538263.4735,4806758.046
45382,16-148508,7/8/2016 4:45:00 PM,2016,7,8,16,45,0,Friday,540140.725,4806085.927,-80.504249,43.40659,At/near private drive,2,P.D. only,Thru lane,unknown,unknown,Other,Unknown,Daylight,01 - Daylight,Municipal (excl. Twp. Rd.),No control,unknown,0,0,0,FALSE,FALSE,FALSE,Clear,,FALSE,COTTON GRASS ST; COMMONWEALTH ST; Near,3/4/2020 10:10:05 AM,540140.725,4806085.927
45383,16-148546,7/9/2016 12:30:00 PM,2016,7,9,12,30,0,Saturday,542445.0603,4811611.996,-80.475361,43.45622,At/near private drive,2,P.D. only,Thru lane,unknown,unknown,SMV unattended vehicle,Unknown,Daylight,01 - Daylight,Municipal (excl. Twp. Rd.),No control,unknown,0,0,0,FALSE,FALSE,FALSE,Clear,,FALSE,EAST AVE; EAST AVE ; Near,3/4/2020 10:10:05 AM,542445.0603,4811611.996
45384,16-148917,7/9/2016 10:20:00 PM,2016,7,9,22,20,0,Saturday,536610.0936,4808583.807,-80.547685,43.429262,Non intersection,2,P.D. only,Thru lane,unknown,unknown,SMV unattended vehicle,Unknown,"Dark, artificial","08 - Dark, artificial",Municipal (excl. Twp. Rd.),No control,unknown,0,0,0,FALSE,FALSE,FALSE,Clear,,FALSE,WESTMEADOW DR; WESTMEADOW DR ; Near; 2 M,3/4/2020 10:10:04 AM,536610.0936,4808583.808
45385,16-149007,7/10/2016 12:04:00 AM,2016,7,10,0,4,0,Sunday,541903.7562,4810551.635,-80.482133,43.446703,At intersection,1,Non-fatal injury,Within intersection,unknown,unknown,Angle,Unknown,"Dark, artificial","08 - Dark, artificial",Regional municipality,Stop sign,Functioning,0,0,0,FALSE,FALSE,FALSE,Clear,,FALSE,MADISON AVE N; KING ST E,3/4/2020 10:10:03 AM,541903.7562,4810551.635
45386,16-149735,7/10/2016 10:00:00 PM,2016,7,10,22,0,0,Sunday,541759.1306,4809973.704,-80.483965,43.441507,Non intersection,2,P.D. only,Thru lane,unknown,unknown,Sideswipe,Unknown,"Dark, artificial","08 - Dark, artificial",Regional municipality,No control,unknown,0,0,0,FALSE,FALSE,FALSE,Clear,,FALSE,STIRLING AVE S; COURTLAND AVE E; Near,3/4/2020 10:10:02 AM,541759.1306,4809973.704
45387,16-149805,7/4/2016 12:15:00 AM,2016,7,4,0,15,0,Monday,540115.6982,4810837.514,-80.504209,43.449375,Overpass or bridge,2,P.D. only,Thru lane,unknown,unknown,SMV other,Unknown,Dark,07 - Dark,Municipal (excl. Twp. Rd.),Other,Functioning,0,1,0,FALSE,FALSE,FALSE,Clear,,FALSE,PARK ST; CHERRY ST; Near; 100 M,3/4/2020 10:10:02 AM,540115.6982,4810837.514
45388,16-149923,7/10/2016 7:30:00 PM,2016,7,10,19,30,0,Sunday,545624.2516,4810600.221,-80.436151,43.446923,At/near private drive,2,P.D. only,Thru lane,unknown,unknown,SMV unattended vehicle,Unknown,Dusk,05 - Dusk,Municipal (excl. Twp. Rd.),No control,unknown,0,0,0,FALSE,FALSE,FALSE,Clear,,FALSE,KENORA DR; KENORA DR ; At; 1 M,3/4/2020 10:10:01 AM,545624.2516,4810600.221
45389,16-149965,7/11/2016 10:00:00 AM,2016,7,11,10,0,0,Monday,539372.8072,4806429.801,-80.513708,43.409727,At/near private drive,1,Non-fatal injury,Other,unknown,unknown,SMV other,Unknown,Daylight,01 - Daylight,Municipal (excl. Twp. Rd.),No control,unknown,0,0,0,TRUE,FALSE,FALSE,Clear,,FALSE,PINE MARTIN CRES; PINE MARTIN CRES ; At; 1 M,3/4/2020 10:10:00 AM,539372.8072,4806429.801
45390,16-150188,7/8/2016 8:45:00 PM,2016,7,8,20,45,0,Friday,547904.7387,4811314.849,-80.407906,43.453215,Non intersection,2,P.D. only,Thru lane,unknown,unknown,SMV unattended vehicle,Unknown,Dark,07 - Dark,Municipal (excl. Twp. Rd.),No control,unknown,0,0,0,FALSE,FALSE,FALSE,Rain,,FALSE,OLD ZELLER DR; OLD ZELLER DR ; Near,3/4/2020 10:09:59 AM,547904.7387,4811314.849
45391,16-150436,7/11/2016 8:14:00 PM,2016,7,11,20,14,0,Monday,539517.3805,4805555.735,-80.511986,43.401849,At/near private drive,2,P.D. only,Thru lane,unknown,unknown,Other,Unknown,Daylight,01 - Daylight,Municipal (excl. Twp. Rd.),No control,unknown,0,0,0,FALSE,FALSE,FALSE,Clear,,FALSE,PERIWINKLE ST; PERIWINKLE ST ; Near; 5 M,3/4/2020 10:09:58 AM,539517.3805,4805555.735
45392,16-150763,7/12/2016 9:00:00 AM,2016,7,12,9,0,0,Tuesday,542843.6758,4803952.475,-80.471035,43.387231,At/near private drive,2,P.D. only,Thru lane,unknown,unknown,Other,Unknown,Daylight,01 - Daylight,Municipal (excl. Twp. Rd.),No control,unknown,0,0,0,FALSE,FALSE,FALSE,Clear,,FALSE,TUDOR ST; TUDOR ST; At; 1 M,3/4/2020 10:04:31 AM,542843.6758,4803952.475
45393,16-150866,7/12/2016 12:18:00 PM,2016,7,12,12,18,0,Tuesday,539296.029,4811574.216,-80.514286,43.456052,At intersection,2,P.D. only,Within intersection,unknown,unknown,Angle,Unknown,Daylight,01 - Daylight,Municipal (excl. Twp. Rd.),Stop sign,Functioning,0,0,0,FALSE,FALSE,FALSE,Clear,,FALSE,PARK ST; MT HOPE ST,3/4/2020 10:09:58 AM,539296.029,4811574.216
45394,16-151084,7/12/2016 5:50:00 PM,2016,7,12,17,50,0,Tuesday,537403.2866,4808443.447,-80.537895,43.427959,Non intersection,2,P.D. only,Thru lane,unknown,unknown,Turning movement,Unknown,Daylight,01 - Daylight,Municipal (excl. Twp. Rd.),No control,unknown,0,0,0,FALSE,FALSE,FALSE,Clear,,FALSE,BANKSIDE DR ; WESTFOREST TRAIL ; Near; 600 M,3/4/2020 10:09:57 AM,537403.2866,4808443.447