OBJECTID,ACCIDENTNUM,ACCIDENTDATE,ACCIDENT_YEAR,ACCIDENT_MONTH,ACCIDENT_DAY,ACCIDENT_HOUR,ACCIDENT_MINUTE,ACCIDENT_SECOND,ACCIDENT_WEEKDAY,XCOORD,YCOORD,LONGITUDE,LATITUDE,ACCIDENTLOCATION,COLLISIONTYPE,CLASSIFICATIONOFACCIDENT,IMPACTLOCATION,INITIALDIRECTIONOFTRAVELONE,INITIALDIRECTIONOFTRAVELTWO,INITIALIMPACTTYPE,INTTRAFFICCONTROL,LIGHT,LIGHTFORREPORT,ROADJURISDICTION,TRAFFICCONTROL,TRAFFICCONTROLCONDITION,THRULANENO,NORTHBOUNDDISOBEYCOUNT,SOUTHBOUNDDISOBEYCOUNT,PEDESTRIANINVOLVED,CYCLISTINVOLVED,MOTORCYCLISTINVOLVED,ENVIRONMENTCONDITION1,ENVIRONMENTCONDITION2,SELFREPORTED,XMLIMPORTNOTES,LASTEDITEDDATE,x,y
45395,16-151128,7/11/2016 11:30:00 PM,2016,7,11,23,30,0,Monday,537855.3981,4809041.253,-80.532268,43.433319,Non intersection,2,P.D. only,Thru lane,unknown,unknown,SMV unattended vehicle,Unknown,"Dark, artificial","08 - Dark, artificial",Municipal (excl. Twp. Rd.),No control,unknown,0,0,0,FALSE,FALSE,FALSE,Clear,,FALSE,OPRINGTON DR; OPRINGTON DR ; Near,3/4/2020 10:09:56 AM,537855.3981,4809041.253
45396,16-151621,7/13/2016 11:48:00 AM,2016,7,13,11,48,0,Wednesday,540506.5472,4812367.057,-80.499265,43.463126,Intersection related,2,P.D. only,Thru lane,unknown,unknown,SMV unattended vehicle,Unknown,Daylight,01 - Daylight,Municipal (excl. Twp. Rd.),No control,unknown,0,0,0,FALSE,FALSE,FALSE,Clear,,FALSE,RAITAR AVE; ELLIS AVE; Near; 24 M,3/4/2020 10:09:56 AM,540506.5472,4812367.057
45397,16-151798,7/13/2016 4:11:00 PM,2016,7,13,16,11,0,Wednesday,540807.5214,4810877.539,-80.495656,43.449698,Intersection related,2,P.D. only,Thru lane,unknown,unknown,SMV other,Unknown,Daylight,01 - Daylight,Municipal (excl. Twp. Rd.),Traffic signal,Functioning,0,0,0,FALSE,FALSE,FALSE,Clear,,FALSE,JOSEPH ST; WATER ST S; At,3/4/2020 10:09:55 AM,540807.5214,4810877.539
45398,16-152014,7/13/2016 4:30:00 PM,2016,7,13,16,30,0,Wednesday,544799.8429,4809261.392,-80.446449,43.434918,Non intersection,2,P.D. only,Thru lane,unknown,unknown,SMV unattended vehicle,Unknown,Daylight,01 - Daylight,Municipal (excl. Twp. Rd.),No control,unknown,0,0,0,FALSE,FALSE,FALSE,Clear,,FALSE,PINECREST DR; PINECREST DR ; Near; 3 M,3/4/2020 10:09:54 AM,544799.8429,4809261.392
45399,16-152469,7/13/2016 10:00:00 PM,2016,7,13,22,0,0,Wednesday,547124.5085,4808316.434,-80.417808,43.426267,At/near private drive,2,P.D. only,Thru lane,unknown,unknown,SMV unattended vehicle,Unknown,Dark,07 - Dark,Municipal (excl. Twp. Rd.),No control,unknown,0,0,0,FALSE,FALSE,FALSE,Clear,,FALSE,MANOR DR; MANOR DR ; At,3/4/2020 10:09:54 AM,547124.5085,4808316.434
45400,16-152694,7/14/2016 6:30:00 PM,2016,7,14,18,30,0,Thursday,540789.0019,4809069.906,-80.49602,43.433423,At/near private drive,2,P.D. only,Thru lane,unknown,unknown,Turning movement,Unknown,Daylight,01 - Daylight,Municipal (excl. Twp. Rd.),No control,unknown,0,0,0,FALSE,FALSE,FALSE,Clear,,FALSE,STIRLING AVE S; STIRLING AVE S; At; 5 M,3/4/2020 10:09:53 AM,540789.0019,4809069.906
45401,16-153178,7/13/2016 4:00:00 PM,2016,7,13,16,0,0,Wednesday,538544.5769,4807793.061,-80.523841,43.422045,At/near private drive,2,P.D. only,Thru lane,unknown,unknown,SMV unattended vehicle,Unknown,Daylight,01 - Daylight,Regional municipality,No control,unknown,0,0,0,FALSE,FALSE,FALSE,Clear,,FALSE,RAMBLEWOOD WAY; RAMBLEWOOD WAY ; Near,3/4/2020 10:09:52 AM,538544.5769,4807793.061
45402,16-153467,7/15/2016 5:47:00 PM,2016,7,15,17,47,0,Friday,539118.2475,4810240.363,-80.516579,43.444051,At/near private drive,1,Non-fatal injury,Off highway,unknown,unknown,Turning movement,Unknown,Daylight,01 - Daylight,Private property,Stop sign,Functioning,0,0,0,FALSE,FALSE,FALSE,Clear,,FALSE,LAWRENCE AVE; HIGHLAND RD W; Near; 50 M,3/4/2020 10:09:52 AM,539118.2475,4810240.363
45403,16-153519,7/15/2016 7:10:00 PM,2016,7,15,19,10,0,Friday,545392.6142,4812373.103,-80.438866,43.4629,At/near private drive,2,Non-reportable,Thru lane,unknown,unknown,SMV unattended vehicle,Unknown,Daylight,01 - Daylight,Municipal (excl. Twp. Rd.),No control,unknown,0,0,0,FALSE,FALSE,FALSE,Clear,,FALSE,WIMBLETON CRES; WIMBLETON CRES ; At; 1 M,3/4/2020 10:09:51 AM,545392.6142,4812373.103
45404,16-153563,7/15/2016 8:28:00 PM,2016,7,15,20,28,0,Friday,542468.7371,4806347.553,-80.475478,43.408817,At/near private drive,2,P.D. only,Right shoulder,unknown,unknown,SMV unattended vehicle,Unknown,Daylight,01 - Daylight,Municipal (excl. Twp. Rd.),No control,unknown,0,0,0,FALSE,FALSE,FALSE,Clear,,FALSE,STRASBURG RD; STRASBURG RD; At; 3 M,3/4/2020 10:09:50 AM,542468.7371,4806347.554
45405,16-153572,7/15/2016 8:37:00 PM,2016,7,15,20,37,0,Friday,546453.1569,4803558.89,-80.426506,43.383472,Non intersection,2,P.D. only,Right shoulder,unknown,unknown,SMV other,Unknown,Dusk,05 - Dusk,Municipal (excl. Twp. Rd.),No control,unknown,0,0,0,FALSE,FALSE,FALSE,Clear,,FALSE,DOON SOUTH DR; DOON SOUTH DR ; Near; 3 M,3/4/2020 10:09:49 AM,546453.1569,4803558.89
45406,16-153998,7/16/2016 9:45:00 AM,2016,7,16,9,45,0,Saturday,538608.2525,4808562.629,-80.523,43.428971,At/near private drive,2,P.D. only,Thru lane,unknown,unknown,Other,Unknown,Daylight,01 - Daylight,Regional municipality,No control,unknown,0,0,0,FALSE,FALSE,FALSE,Clear,,FALSE,QUEENS BLVD; QUEENS BLVD ; Near,3/4/2020 10:09:48 AM,538608.2525,4808562.629
45407,16-154177,7/16/2016 4:00:00 PM,2016,7,16,16,0,0,Saturday,542651.1308,4807350.313,-80.473147,43.417836,Intersection related,2,P.D. only,Thru lane,unknown,unknown,Rear end,Unknown,Daylight,01 - Daylight,Municipal (excl. Twp. Rd.),Traffic signal,Functioning,0,0,0,FALSE,FALSE,FALSE,Clear,,FALSE,BLOCK LINE RD; KINGSWOOD DR; 5 M,3/4/2020 10:09:48 AM,542651.1308,4807350.313
45408,16-154232,7/16/2016 5:22:00 PM,2016,7,16,17,22,0,Saturday,541084.654,4810890.773,-80.49223,43.449802,At/near private drive,2,P.D. only,Not on roadway - left side,unknown,unknown,Sideswipe,Unknown,Daylight,01 - Daylight,Municipal (excl. Twp. Rd.),No control,unknown,0,0,0,FALSE,FALSE,FALSE,Clear,,FALSE,ONTARIO ST S; CHARLES ST W; Near; 5 M,3/4/2020 10:09:46 AM,541084.654,4810890.773
45409,16-154392,7/16/2016 9:08:00 PM,2016,7,16,21,8,0,Saturday,540923.3174,4810568.878,-80.494248,43.446912,Non intersection,2,P.D. only,Thru lane,unknown,unknown,SMV unattended vehicle,Unknown,Daylight,01 - Daylight,Municipal (excl. Twp. Rd.),No control,unknown,0,0,0,FALSE,FALSE,FALSE,Clear,,FALSE,DAVID ST ; JUBILEE DR ; Near; 20 M,3/4/2020 10:09:46 AM,540923.3174,4810568.878
45410,16-154864,7/15/2016 10:00:00 PM,2016,7,15,22,0,0,Friday,543328.8572,4810115.978,-80.464556,43.442699,At/near private drive,2,P.D. only,Left shoulder,unknown,unknown,SMV unattended vehicle,Unknown,Dark,07 - Dark,Municipal (excl. Twp. Rd.),No control,unknown,0,0,0,FALSE,FALSE,FALSE,Clear,,FALSE,SHELDON AVE N; SHELDON AVE N; At; 1 M,3/4/2020 10:09:45 AM,543328.8572,4810115.978
45411,16-154892,7/17/2016 1:06:00 PM,2016,7,17,13,6,0,Sunday,545598.816,4804028.729,-80.437014,43.387755,Intersection related,1,Non-fatal injury,Thru lane,unknown,unknown,Approaching,Unknown,Daylight,01 - Daylight,Municipal (excl. Twp. Rd.),Stop sign,Functioning,0,0,0,FALSE,FALSE,FALSE,Clear,,FALSE,APPLE RIDGE DR ; TILT DR ; Near,3/4/2020 10:09:44 AM,545598.816,4804028.73
45412,16-155011,7/17/2016 4:21:00 PM,2016,7,17,16,21,0,Sunday,539774.5036,4810230.098,-80.50847,43.443924,Non intersection,2,P.D. only,Thru lane,unknown,unknown,SMV unattended vehicle,Unknown,Daylight,01 - Daylight,Regional municipality,No control,unknown,0,0,0,FALSE,FALSE,FALSE,Clear,,FALSE,PATRICIA AVE; VICTORIA ST S; Near; 30 M,3/4/2020 10:09:44 AM,539774.5036,4810230.098
45413,16-155047,7/17/2016 5:30:00 PM,2016,7,17,17,30,0,Sunday,542545.8101,4807457.234,-80.47444,43.418805,Non intersection,2,P.D. only,Thru lane,unknown,unknown,Rear end,Unknown,Daylight,01 - Daylight,Municipal (excl. Twp. Rd.),No control,unknown,0,0,0,FALSE,FALSE,FALSE,Clear,,FALSE,KINGSWOOD DR; SELKIRK DR ; 5 M,3/4/2020 10:09:43 AM,542545.8101,4807457.234
45414,16-155380,7/18/2016 7:56:00 AM,2016,7,18,7,56,0,Monday,542313.0021,4810287.422,-80.477096,43.444301,At intersection,1,Non-fatal injury,Within intersection,unknown,unknown,Turning movement,Unknown,Daylight,01 - Daylight,Regional municipality,Traffic signal,Functioning,0,0,0,TRUE,TRUE,FALSE,Clear,,FALSE,KING ST E; STIRLING AVE N,3/4/2020 10:09:42 AM,542313.0021,4810287.422
45415,16-155495,7/18/2016 10:59:00 AM,2016,7,18,10,59,0,Monday,539131.1456,4811001.65,-80.516365,43.450905,At/near private drive,1,Non-fatal injury,Thru lane,unknown,unknown,Rear end,Unknown,Daylight,01 - Daylight,Regional municipality,No control,unknown,0,0,0,FALSE,FALSE,FALSE,Clear,,FALSE,BELMONT AVE W; GLASGOW ST ; Near; 200 M,3/4/2020 10:09:42 AM,539131.1456,4811001.65
45416,16-155532,7/17/2016 9:30:00 PM,2016,7,17,21,30,0,Sunday,543371.3526,4804724.755,-80.464459,43.394154,Non intersection,2,P.D. only,Thru lane,unknown,unknown,Rear end,Unknown,"Dark, artificial","08 - Dark, artificial",Regional municipality,No control,unknown,0,0,0,FALSE,FALSE,FALSE,Clear,,FALSE,HURON RD; TEMPLEWOOD DR; Near,3/4/2020 10:09:41 AM,543371.3526,4804724.755
45417,16-155772,7/18/2016 5:17:00 PM,2016,7,18,17,17,0,Monday,542088.5,4810433.95,-80.479859,43.445633,At intersection,1,Non-fatal injury,Within intersection,unknown,unknown,Turning movement,Unknown,Daylight,01 - Daylight,Regional municipality,Stop sign,Functioning,0,0,0,FALSE,FALSE,FALSE,Clear,,FALSE,KING ST E; BETZNER AVE N,3/4/2020 10:09:40 AM,542088.5,4810433.95
45418,16-156285,7/19/2016 12:19:00 PM,2016,7,19,12,19,0,Tuesday,544394.2461,4804465.743,-80.45185,43.391762,Non intersection,2,P.D. only,Thru lane,unknown,unknown,SMV unattended vehicle,Unknown,Daylight,01 - Daylight,Municipal (excl. Twp. Rd.),No control,unknown,0,0,0,FALSE,FALSE,FALSE,Clear,,FALSE,BLACK WALNUT DR; BLACK WALNUT DR; Near; 2 M,3/4/2020 10:09:39 AM,544394.2461,4804465.743
45419,16-156363,7/19/2016 1:45:00 PM,2016,7,19,13,45,0,Tuesday,539616.3728,4811374.429,-80.510341,43.454236,Intersection related,1,Non-fatal injury,Thru lane,unknown,unknown,Rear end,Unknown,Daylight,01 - Daylight,Municipal (excl. Twp. Rd.),Traffic signal,Functioning,0,0,0,FALSE,FALSE,FALSE,Clear,,FALSE,PARK ST; GLASGOW ST ; Near; 50 M,3/4/2020 10:09:39 AM,539616.3728,4811374.429
45420,16-156380,7/18/2016 12:15:00 PM,2016,7,18,12,15,0,Monday,536880.8128,4807789.537,-80.544394,43.422097,At/near private drive,2,P.D. only,Thru lane,unknown,unknown,SMV unattended vehicle,Unknown,Daylight,01 - Daylight,Municipal (excl. Twp. Rd.),No control,unknown,0,0,0,FALSE,FALSE,FALSE,Clear,,FALSE,PRIVATE DRIVE; WESTVIEW CRES; At; 2 M,3/4/2020 10:09:38 AM,536880.8128,4807789.537
45421,16-156603,7/19/2016 7:58:00 PM,2016,7,19,19,58,0,Tuesday,546282.7384,4808580.4,-80.428185,43.428696,Non intersection,1,Non-fatal injury,Thru lane,unknown,unknown,SMV other,Unknown,Dusk,05 - Dusk,Municipal (excl. Twp. Rd.),No control,unknown,0,0,0,TRUE,FALSE,FALSE,Clear,,FALSE,MORGAN AVE; SOUTHILL DR; 34 M,3/4/2020 10:09:37 AM,546282.7384,4808580.4
45422,16-156619,7/19/2016 8:21:00 PM,2016,7,19,20,21,0,Tuesday,540984.9553,4810826.257,-80.493467,43.449227,At intersection,2,P.D. only,Within intersection,unknown,unknown,Turning movement,Unknown,Dusk,05 - Dusk,Municipal (excl. Twp. Rd.),Stop sign,Functioning,0,0,0,FALSE,FALSE,FALSE,Clear,,FALSE,GAUKEL ST; JOSEPH ST,3/4/2020 10:09:37 AM,540984.9553,4810826.257
45423,16-156653,7/19/2016 9:00:00 PM,2016,7,19,21,0,0,Tuesday,538889.1355,4808656.296,-80.519523,43.4298,At intersection,1,Non-fatal injury,Within intersection,unknown,unknown,Angle,Unknown,Daylight,01 - Daylight,Regional municipality,Stop sign,Functioning,0,0,0,FALSE,TRUE,FALSE,Clear,,FALSE,QUEENS BLVD; EAGEN DR,3/4/2020 10:09:36 AM,538889.1355,4808656.296
45424,16-157004,7/20/2016 2:30:00 AM,2016,7,20,2,30,0,Wednesday,539062.819,4809018.796,-80.517351,43.433055,Intersection related,2,P.D. only,Thru lane,unknown,unknown,SMV unattended vehicle,Unknown,Dark,07 - Dark,Regional municipality,No control,unknown,0,0,0,FALSE,FALSE,FALSE,Clear,,FALSE,RALGREEN CRES; OVERLEA DR; Near; 20 M,3/4/2020 10:09:35 AM,539062.819,4809018.796
45425,16-157123,7/20/2016 1:27:00 PM,2016,7,20,13,27,0,Wednesday,542641.6239,4813330.811,-80.472797,43.471685,At/near private drive,1,Non-fatal injury,Thru lane,unknown,unknown,Rear end,Unknown,Daylight,01 - Daylight,Municipal (excl. Twp. Rd.),No control,unknown,0,0,0,FALSE,FALSE,FALSE,Clear,,FALSE,RIVERBEND DR; GUELPH ST ; 270 M,3/4/2020 10:09:35 AM,542641.6239,4813330.811
45426,16-157470,7/20/2016 9:24:00 PM,2016,7,20,21,24,0,Wednesday,545275.1204,4806434.267,-80.440811,43.409434,Intersection related,2,P.D. only,Right turn channel,unknown,unknown,Rear end,Stop sign,Dark,07 - Dark,Municipal (excl. Twp. Rd.),Yield sign,Functioning,0,0,0,FALSE,FALSE,FALSE,Clear,,FALSE,WILSON AVE; WABANAKI DR; 2 M,3/4/2020 10:09:34 AM,545275.1204,4806434.267
45427,16-157942,7/21/2016 10:30:00 AM,2016,7,21,10,30,0,Thursday,545760.6685,4809528.283,-80.434555,43.437263,Non intersection,2,P.D. only,Thru lane,unknown,unknown,SMV unattended vehicle,Unknown,Daylight,01 - Daylight,Municipal (excl. Twp. Rd.),Stop sign,Functioning,0,0,0,FALSE,FALSE,FALSE,Clear,,FALSE,SCENIC WOOD CRES; THALER AVE; Near,3/4/2020 10:09:33 AM,545760.6685,4809528.283
45428,16-158899,7/22/2016 3:14:00 PM,2016,7,22,15,14,0,Friday,542551.2059,4810145.101,-80.474163,43.443006,At/near private drive,1,Non-fatal injury,Not on roadway - right side,unknown,unknown,Turning movement,Unknown,Daylight,01 - Daylight,Regional municipality,Stop sign,Functioning,0,0,0,FALSE,TRUE,FALSE,Clear,,FALSE,KING ST E; KING ST E; At; 9 M,3/4/2020 10:09:32 AM,542551.2059,4810145.101
45429,16-158918,7/22/2016 3:39:00 PM,2016,7,22,15,39,0,Friday,541039.8626,4811177.372,-80.492762,43.452385,At intersection,1,Non-fatal injury,Within intersection,unknown,unknown,SMV other,Unknown,Daylight,01 - Daylight,Municipal (excl. Twp. Rd.),Stop sign,Functioning,0,0,0,FALSE,TRUE,FALSE,Clear,,FALSE,COLLEGE ST; DUKE ST W,3/4/2020 10:09:31 AM,541039.8626,4811177.372
45430,16-158950,7/22/2016 4:15:00 AM,2016,7,22,4,15,0,Friday,540636.2885,4807374.418,-80.498033,43.418165,Non intersection,2,P.D. only,Thru lane,unknown,unknown,SMV unattended vehicle,Unknown,"Dark, artificial","08 - Dark, artificial",Municipal (excl. Twp. Rd.),No control,unknown,0,0,0,FALSE,FALSE,FALSE,Clear,,FALSE,CARTIER DR; CARTIER DR,3/4/2020 10:09:31 AM,540636.2885,4807374.418
45431,16-159025,7/22/2016 6:00:00 PM,2016,7,22,18,0,0,Friday,538544.434,4810154.985,-80.523676,43.443312,Non intersection,1,Non-fatal injury,Thru lane,unknown,unknown,SMV other,Unknown,Daylight,01 - Daylight,Regional municipality,No control,unknown,0,0,0,TRUE,FALSE,TRUE,Clear,,FALSE,CHOPIN DR; WESTMOUNT RD W; Near; 40 M,3/4/2020 10:09:30 AM,538544.434,4810154.985
45432,16-159027,7/22/2016 6:04:00 PM,2016,7,22,18,4,0,Friday,539570.8132,4811425.59,-80.5109,43.454699,Non intersection,2,P.D. only,Thru lane,unknown,unknown,Rear end,Unknown,Daylight,01 - Daylight,Municipal (excl. Twp. Rd.),No control,unknown,0,0,0,FALSE,FALSE,FALSE,Clear,,FALSE,PARK ST; GREEN ST; Near; 15 M,3/4/2020 10:09:29 AM,539570.8132,4811425.59
45433,16-159082,7/22/2016 7:00:00 PM,2016,7,22,19,0,0,Friday,542506.5991,4804055.9,-80.475188,43.388181,At/near private drive,2,P.D. only,Thru lane,unknown,unknown,SMV unattended vehicle,Unknown,Daylight,01 - Daylight,Municipal (excl. Twp. Rd.),No control,unknown,0,0,0,FALSE,FALSE,FALSE,Clear,,FALSE,FEATHERSTONE CRES; FEATHERSTONE CRES ; At; 6 M,3/4/2020 10:09:29 AM,542506.5991,4804055.9
45434,16-159465,7/22/2016 5:25:00 PM,2016,7,22,17,25,0,Friday,543247.86,4804519.945,-80.466,43.392317,At intersection,2,P.D. only,Within intersection,unknown,unknown,Angle,Unknown,Daylight,01 - Daylight,Regional municipality,Yield sign,Functioning,0,0,0,FALSE,FALSE,FALSE,Clear,,FALSE,HURON RD; STRASBURG RD,3/4/2020 10:09:28 AM,543247.86,4804519.945
45435,16-159570,7/23/2016 10:50:00 AM,2016,7,23,10,50,0,Saturday,545037.8436,4813551.873,-80.443154,43.473535,Non intersection,2,P.D. only,Thru lane,unknown,unknown,Turning movement,Unknown,Daylight,01 - Daylight,Municipal (excl. Twp. Rd.),No control,unknown,0,0,0,FALSE,FALSE,FALSE,Clear,,FALSE,BINGEMANS CENTRE DR ; SHIRLEY AVE ; Near; 50 M,3/4/2020 10:09:27 AM,545037.8436,4813551.874
45436,16-159797,7/23/2016 5:00:00 PM,2016,7,23,17,0,0,Saturday,537199.9822,4808321.601,-80.540415,43.426872,Non intersection,2,P.D. only,Thru lane,unknown,unknown,SMV unattended vehicle,Unknown,Daylight,01 - Daylight,Municipal (excl. Twp. Rd.),No control,unknown,0,0,0,FALSE,FALSE,FALSE,Clear,,FALSE,BANKSIDE DR; BANKSIDE DR ; At; 1 M,3/4/2020 10:09:27 AM,537199.9822,4808321.601
45437,16-160476,7/24/2016 2:12:00 PM,2016,7,24,14,12,0,Sunday,540602.571,4809735.776,-80.498274,43.439429,At/near private drive,2,P.D. only,Thru lane,unknown,unknown,SMV unattended vehicle,Unknown,Daylight,01 - Daylight,Municipal (excl. Twp. Rd.),No control,unknown,0,0,0,FALSE,FALSE,FALSE,Clear,,FALSE,WINSLOW DR; WINSLOW DR ; Near; 7 M,3/4/2020 10:09:26 AM,540602.571,4809735.776
45438,16-161058,7/25/2016 10:14:00 AM,2016,7,25,10,14,0,Monday,542008.4302,4810987.816,-80.480806,43.450625,Non intersection,2,P.D. only,Thru lane,unknown,unknown,SMV unattended vehicle,Unknown,Daylight,01 - Daylight,Municipal (excl. Twp. Rd.),No control,unknown,0,0,0,FALSE,FALSE,FALSE,Clear,,FALSE,BRUBACHER ST; BRUBACHER ST ; Near; 10 M,3/4/2020 10:09:25 AM,542008.4302,4810987.816
45439,16-161781,7/26/2016 6:30:00 AM,2016,7,26,6,30,0,Tuesday,546634.0194,4802739.949,-80.424343,43.376087,Intersection related,2,P.D. only,Other,unknown,unknown,SMV other,Unknown,Daylight,01 - Daylight,Regional municipality,Other,Functioning,0,0,0,FALSE,FALSE,FALSE,Clear,,FALSE,ROBERT FERRIE DR; THOMAS SLEE DR; At,3/4/2020 10:09:25 AM,546634.0194,4802739.949
45440,16-161799,7/26/2016 7:10:00 AM,2016,7,26,7,10,0,Tuesday,542966.963,4806355.543,-80.469324,43.408861,At intersection,2,P.D. only,Within intersection,unknown,unknown,SMV unattended vehicle,Unknown,Daylight,01 - Daylight,Municipal (excl. Twp. Rd.),No control,unknown,0,0,0,FALSE,FALSE,FALSE,Clear,,FALSE,SOUTHWOOD DR; SANDSPRINGS CRES; 4 M,3/4/2020 10:09:24 AM,542966.9629,4806355.543
45441,16-161882,7/26/2016 11:36:00 AM,2016,7,26,11,36,0,Tuesday,538898.5161,4811469.682,-80.519207,43.455131,Intersection related,2,P.D. only,Thru lane,unknown,unknown,Turning movement,Unknown,Daylight,01 - Daylight,Municipal (excl. Twp. Rd.),Traffic signal,Functioning,0,0,0,FALSE,FALSE,FALSE,Clear,,FALSE,UNION BLVD ; BELMONT AVE W; Near; 10 M,3/4/2020 10:09:23 AM,538898.5161,4811469.682
45442,16-161990,7/25/2016 11:59:00 PM,2016,7,25,23,59,0,Monday,542515.8486,4809649.649,-80.474639,43.438547,Non intersection,2,P.D. only,Thru lane,unknown,unknown,SMV unattended vehicle,Unknown,Dark,07 - Dark,Municipal (excl. Twp. Rd.),No control,unknown,0,0,0,FALSE,FALSE,FALSE,Clear,,FALSE,NYBERG ST; NYBERG ST,3/4/2020 10:09:23 AM,542515.8486,4809649.65
45443,16-162181,7/26/2016 7:30:00 AM,2016,7,26,7,30,0,Tuesday,542582.1157,4810126.077,-80.473783,43.442833,Intersection related,2,P.D. only,Left turn lane,unknown,unknown,Sideswipe,Unknown,Daylight,01 - Daylight,Regional municipality,Traffic signal,Functioning,0,0,0,FALSE,FALSE,FALSE,Clear,,FALSE,KING ST E; BORDEN AVE N; At,3/4/2020 10:09:22 AM,542582.1157,4810126.077
45444,16-162617,7/27/2016 7:43:00 AM,2016,7,27,7,43,0,Wednesday,541640.0999,4810375.396,-80.485405,43.445131,At/near private drive,2,P.D. only,Thru lane,unknown,unknown,Turning movement,Unknown,Daylight,01 - Daylight,Municipal (excl. Twp. Rd.),No control,unknown,0,0,0,FALSE,FALSE,FALSE,Clear,,FALSE,CEDAR ST S; CEDAR ST S; Near; 3 M,3/4/2020 10:09:21 AM,541640.0999,4810375.396
45445,16-163012,7/27/2016 3:00:00 PM,2016,7,27,15,0,0,Wednesday,544563.0012,4809601.744,-80.449348,43.437997,At intersection,2,P.D. only,Within intersection,unknown,unknown,SMV other,Unknown,Daylight,01 - Daylight,Municipal (excl. Twp. Rd.),Yield sign,Functioning,0,0,0,FALSE,FALSE,FALSE,Clear,,FALSE,BROADVIEW CRT ; BROADVIEW AVE ; 100 M,3/7/2019 1:21:52 PM,544563.0012,4809601.744
45446,16-163136,7/27/2016 6:48:00 PM,2016,7,27,18,48,0,Wednesday,539295.0732,4811573.252,-80.514298,43.456043,At intersection,2,P.D. only,Within intersection,unknown,unknown,Angle,Unknown,Daylight,01 - Daylight,Municipal (excl. Twp. Rd.),Stop sign,Functioning,0,0,0,FALSE,FALSE,FALSE,Clear,,FALSE,MT HOPE ST ; PARK ST,3/4/2020 10:09:21 AM,539295.0731,4811573.252
45447,16-163661,7/27/2016 10:00:00 PM,2016,7,27,22,0,0,Wednesday,546600.3476,4808555.242,-80.424263,43.42845,Non intersection,2,P.D. only,Thru lane,unknown,unknown,SMV unattended vehicle,Unknown,"Dark, artificial","08 - Dark, artificial",Municipal (excl. Twp. Rd.),No control,unknown,0,0,0,FALSE,FALSE,FALSE,Clear,,FALSE,GREENDALE CRES; GREENDALE CRES,3/4/2020 10:09:20 AM,546600.3476,4808555.242
45448,16-163849,7/28/2016 3:45:00 PM,2016,7,28,15,45,0,Thursday,537521.6848,4808505.521,-80.536428,43.428512,At/near private drive,1,Non-fatal injury,Thru lane,unknown,unknown,Turning movement,Unknown,Daylight,01 - Daylight,Municipal (excl. Twp. Rd.),No control,unknown,0,0,0,FALSE,FALSE,FALSE,Clear,,FALSE,BANKSIDE DR; BANKSIDE DR ; Near; 3 M,3/4/2020 10:09:19 AM,537521.6848,4808505.521
45449,16-163889,7/28/2016 4:43:00 PM,2016,7,28,16,43,0,Thursday,547576.1442,4803819.037,-80.41262,43.385744,Intersection related,2,P.D. only,Right turn lane,unknown,unknown,Turning movement,Unknown,Daylight,01 - Daylight,Regional municipality,No control,unknown,0,0,0,FALSE,FALSE,FALSE,Clear,,FALSE,CONESTOGA COLLEGE BLVD ; PINNACLE DR,3/4/2020 10:09:19 AM,547576.1442,4803819.037
45450,16-163891,7/27/2016 2:00:00 AM,2016,7,27,2,0,0,Wednesday,536347.7277,4809694.313,-80.550852,43.439274,Non intersection,2,P.D. only,Thru lane,unknown,unknown,SMV unattended vehicle,Unknown,Dark,07 - Dark,Municipal (excl. Twp. Rd.),No control,unknown,0,0,0,FALSE,FALSE,FALSE,Clear,,FALSE,NORTHMANOR CRES; NORTHMANOR CRES ; Near,3/4/2020 10:09:18 AM,536347.7277,4809694.313
45451,16-164344,7/28/2016 8:20:00 PM,2016,7,28,20,20,0,Thursday,541199.5473,4809540.858,-80.490912,43.437641,At intersection,2,P.D. only,Within intersection,unknown,unknown,Angle,Unknown,"Dark, artificial","08 - Dark, artificial",Municipal (excl. Twp. Rd.),Stop sign,Functioning,0,0,0,FALSE,FALSE,FALSE,Rain,,FALSE,RUSSEL ST; WOODLAND AVE,3/4/2020 10:09:17 AM,541199.5473,4809540.858
45452,16-164811,7/29/2016 8:30:00 AM,2016,7,29,8,30,0,Friday,544102.8186,4805113.319,-80.455396,43.39761,At/near private drive,2,P.D. only,Thru lane,unknown,unknown,Turning movement,Unknown,Daylight,01 - Daylight,Municipal (excl. Twp. Rd.),No control,unknown,0,0,0,FALSE,FALSE,FALSE,Clear,,FALSE,OLD HURON PL; OLD HURON PL ; Near,3/4/2020 10:09:17 AM,544102.8186,4805113.319
45453,16-165124,7/30/2016 3:22:00 AM,2016,7,30,3,22,0,Saturday,545274.2465,4809242.792,-80.440589,43.434722,Non intersection,2,P.D. only,Thru lane,unknown,unknown,SMV unattended vehicle,Unknown,Dark,07 - Dark,Regional municipality,No control,unknown,0,0,0,FALSE,FALSE,FALSE,Clear,,FALSE,FERGUS AVE; FERGUS AVE ; At; 1 M,3/4/2020 10:09:16 AM,545274.2465,4809242.792
45454,16-165434,7/30/2016 2:54:00 PM,2016,7,30,14,54,0,Saturday,545432.5485,4808342.588,-80.438708,43.426607,At intersection,2,P.D. only,Within intersection,unknown,unknown,SMV other,Unknown,Daylight,01 - Daylight,Municipal (excl. Twp. Rd.),Stop sign,Functioning,0,0,0,FALSE,FALSE,FALSE,Clear,,FALSE,KINGSWAY DR; CEDARWOODS CRES,3/4/2020 10:09:15 AM,545432.5485,4808342.588
45455,16-165561,7/30/2016 6:10:00 PM,2016,7,30,18,10,0,Saturday,545028.02,4812003.162,-80.443403,43.459591,At intersection,1,Non-fatal injury,Within intersection,unknown,unknown,Turning movement,Unknown,Daylight,01 - Daylight,Regional municipality,Stop sign,Functioning,0,0,0,FALSE,TRUE,FALSE,Clear,,FALSE,LORRAINE AVE ; MONTCALM DR,3/4/2020 10:09:15 AM,545028.02,4812003.162