OBJECTID,ACCIDENTNUM,ACCIDENTDATE,ACCIDENT_YEAR,ACCIDENT_MONTH,ACCIDENT_DAY,ACCIDENT_HOUR,ACCIDENT_MINUTE,ACCIDENT_SECOND,ACCIDENT_WEEKDAY,XCOORD,YCOORD,LONGITUDE,LATITUDE,ACCIDENTLOCATION,COLLISIONTYPE,CLASSIFICATIONOFACCIDENT,IMPACTLOCATION,INITIALDIRECTIONOFTRAVELONE,INITIALDIRECTIONOFTRAVELTWO,INITIALIMPACTTYPE,INTTRAFFICCONTROL,LIGHT,LIGHTFORREPORT,ROADJURISDICTION,TRAFFICCONTROL,TRAFFICCONTROLCONDITION,THRULANENO,NORTHBOUNDDISOBEYCOUNT,SOUTHBOUNDDISOBEYCOUNT,PEDESTRIANINVOLVED,CYCLISTINVOLVED,MOTORCYCLISTINVOLVED,ENVIRONMENTCONDITION1,ENVIRONMENTCONDITION2,SELFREPORTED,XMLIMPORTNOTES,LASTEDITEDDATE,x,y
45456,16-166385,7/31/2016 7:22:00 PM,2016,7,31,19,22,0,Sunday,543586.1291,4804399.397,-80.461833,43.391212,Other,2,P.D. only,Off highway,unknown,unknown,SMV other,Unknown,Daylight,01 - Daylight,Private property,No control,unknown,0,0,0,FALSE,FALSE,FALSE,Clear,,FALSE,PRIVATE DRIVE; MARL MEADOW DR ; At,3/4/2020 10:09:14 AM,543586.1291,4804399.397
45457,16-166706,7/31/2016 10:40:00 AM,2016,7,31,10,40,0,Sunday,546203.6464,4810896.476,-80.428966,43.449555,Non intersection,2,P.D. only,Thru lane,unknown,unknown,SMV unattended vehicle,Unknown,Daylight,01 - Daylight,Municipal (excl. Twp. Rd.),No control,unknown,0,0,0,FALSE,FALSE,FALSE,Clear,,FALSE,FOXWOOD PL; OLDFIELD DR; Near; 15 M,3/4/2020 10:09:13 AM,546203.6464,4810896.476
45458,16-166849,8/1/2016 12:34:00 PM,2016,8,1,12,34,0,Monday,540069.2129,4810885.105,-80.50478,43.449806,At intersection,2,P.D. only,Off highway,unknown,unknown,SMV other,Unknown,Daylight,01 - Daylight,Municipal (excl. Twp. Rd.),Stop sign,Functioning,0,0,0,FALSE,FALSE,TRUE,Clear,,FALSE,PARK ST; CHERRY ST,3/4/2020 10:09:13 AM,540069.2129,4810885.105
45459,16-167465,8/1/2016 12:00:00 AM,2016,8,1,0,0,0,Monday,541068,4811108,0,0,Non intersection,2,P.D. only,Right shoulder,unknown,unknown,SMV unattended vehicle,Unknown,Dark,07 - Dark,Regional municipality,No control,unknown,0,0,0,FALSE,FALSE,FALSE,Clear,,FALSE,AHRENS ST W; BLUCHER ST; Near; 100 M,3/4/2020 10:09:12 AM,541068,4811108
45460,16-167493,8/2/2016 7:00:00 AM,2016,8,2,7,0,0,Tuesday,547643.1436,4811320.349,-80.411139,43.453281,Other,2,P.D. only,Off highway,unknown,unknown,SMV unattended vehicle,Unknown,Other,99 - Other,Private property,No control,unknown,0,0,0,FALSE,FALSE,FALSE,Other,,FALSE,PRIVATE DRIVE; ZELLER DR; At,3/4/2020 10:09:11 AM,547643.1436,4811320.349
45461,16-168983,8/4/2016 7:51:00 AM,2016,8,4,7,51,0,Thursday,545917.1696,4805379.742,-80.43297,43.3999,At/near private drive,1,Non-fatal injury,Thru lane,unknown,unknown,Turning movement,Unknown,Daylight,01 - Daylight,Municipal (excl. Twp. Rd.),No control,unknown,0,0,0,FALSE,TRUE,FALSE,Clear,,FALSE,GREEN VALLEY DR; GREEN VALLEY DR ; At; 5 M,3/4/2020 10:09:10 AM,545917.1696,4805379.743
45462,16-169356,8/4/2016 4:00:00 PM,2016,8,4,16,0,0,Thursday,540148.2909,4810120.031,-80.503859,43.442913,Intersection related,2,P.D. only,Thru lane,unknown,unknown,Rear end,Unknown,Daylight,01 - Daylight,Regional municipality,Traffic signal,Functioning,0,0,0,FALSE,FALSE,FALSE,Clear,,FALSE,WEST AVE; HOMEWOOD AVE; Near,3/4/2020 10:09:10 AM,540148.2909,4810120.031
45463,16-169982,8/4/2016 4:00:00 PM,2016,8,4,16,0,0,Thursday,539992.1475,4810318.124,-80.505774,43.444705,Non intersection,2,P.D. only,Thru lane,unknown,unknown,Angle,Unknown,Daylight,01 - Daylight,Regional municipality,No control,unknown,0,0,0,FALSE,TRUE,FALSE,Clear,,FALSE,WEST AVE; VICTORIA ST S; 40 M,3/4/2020 10:09:09 AM,539992.1475,4810318.124
45464,16-170155,8/5/2016 2:53:00 PM,2016,8,5,14,53,0,Friday,536864.9233,4808445.593,-80.544546,43.428005,At intersection,1,Non-fatal injury,Within intersection,unknown,unknown,Sideswipe,Unknown,Daylight,01 - Daylight,Municipal (excl. Twp. Rd.),Stop sign,Functioning,0,0,0,FALSE,FALSE,FALSE,Clear,,FALSE,WESTFOREST TRAIL; WESTMEADOW DR,3/4/2020 10:09:08 AM,536864.9233,4808445.593
45465,16-170875,8/6/2016 11:11:00 AM,2016,8,6,11,11,0,Saturday,544920.5668,4804865.828,-80.445319,43.395333,At/near private drive,1,Non-fatal injury,Thru lane,unknown,unknown,Turning movement,Unknown,Daylight,01 - Daylight,Municipal (excl. Twp. Rd.),No control,unknown,0,0,0,FALSE,FALSE,FALSE,Clear,,FALSE,PIONEER DR; DOON VILLAGE RD; Near; 75 M,3/4/2020 10:09:07 AM,544920.5668,4804865.828
45466,16-171058,8/6/2016 10:00:00 AM,2016,8,6,10,0,0,Saturday,546866.5093,4811300.442,-80.420739,43.453151,Non intersection,2,P.D. only,Right shoulder,unknown,unknown,SMV unattended vehicle,Unknown,Daylight,01 - Daylight,Municipal (excl. Twp. Rd.),No control,unknown,0,0,0,FALSE,FALSE,FALSE,Clear,,FALSE,JANET CRT; ZELLER DR ; At,3/4/2020 10:09:06 AM,546866.5093,4811300.442
45467,16-171575,8/7/2016 8:17:00 AM,2016,8,7,8,17,0,Sunday,537831.3515,4808855.203,-80.532578,43.431645,Non intersection,2,P.D. only,Right shoulder,unknown,unknown,SMV other,Unknown,Daylight,01 - Daylight,Municipal (excl. Twp. Rd.),No control,unknown,0,0,0,FALSE,FALSE,FALSE,Clear,,FALSE,BANKSIDE DR; 142 BANKSIDE DR; 1 M,3/4/2020 10:09:06 AM,537831.3515,4808855.203
45468,16-171750,8/7/2016 1:50:00 PM,2016,8,7,13,50,0,Sunday,544235.0113,4808802.866,-80.453465,43.430823,At intersection,1,Non-fatal injury,Within intersection,unknown,unknown,Angle,Unknown,Daylight,01 - Daylight,Municipal (excl. Twp. Rd.),Stop sign,Functioning,0,0,0,FALSE,TRUE,FALSE,Clear,,FALSE,CONNAUGHT ST; FIFTH AVE,3/4/2020 10:09:05 AM,544235.0113,4808802.866
45469,16-171820,8/7/2016 4:04:00 PM,2016,8,7,16,4,0,Sunday,539180.5441,4810270.489,-80.515807,43.444319,Non intersection,2,P.D. only,Thru lane,unknown,unknown,SMV unattended vehicle,Unknown,Daylight,01 - Daylight,Municipal (excl. Twp. Rd.),No control,unknown,0,0,0,FALSE,FALSE,FALSE,Clear,,FALSE,KARN ST ; KARN ST ; Near; 1 M,3/4/2020 10:09:04 AM,539180.5441,4810270.489
45470,16-171880,8/7/2016 6:10:00 PM,2016,8,7,18,10,0,Sunday,540791.838,4806194.217,-80.4962,43.40753,Non intersection,2,P.D. only,Not on roadway - left side,unknown,unknown,SMV other,Unknown,Daylight,01 - Daylight,Municipal (excl. Twp. Rd.),No control,unknown,0,0,0,FALSE,FALSE,FALSE,Clear,,FALSE,ERINBROOK DR ; ERINBROOK DR; At; 2 M,3/4/2020 10:09:04 AM,540791.838,4806194.217
45471,16-172491,8/8/2016 2:34:00 PM,2016,8,8,14,34,0,Monday,537219.1399,4807577.937,-80.540229,43.420175,At intersection,1,Non-fatal injury,Within intersection,unknown,unknown,Turning movement,Unknown,Daylight,01 - Daylight,Municipal (excl. Twp. Rd.),Stop sign,Functioning,0,0,0,FALSE,FALSE,FALSE,Clear,,FALSE,WESTHEIGHTS DR; BROKEN OAK CRES,3/4/2020 10:09:03 AM,537219.1399,4807577.937
45472,16-172511,8/8/2016 2:57:00 PM,2016,8,8,14,57,0,Monday,541172.4607,4812720.725,-80.491007,43.466274,At intersection,2,P.D. only,Within intersection,unknown,unknown,Angle,Unknown,Daylight,01 - Daylight,Municipal (excl. Twp. Rd.),Stop sign,Functioning,0,0,0,FALSE,FALSE,FALSE,Clear,,FALSE,FAIRFIELD AVE; ST LEGER ST,3/4/2020 10:09:02 AM,541172.4607,4812720.725
45473,16-172629,8/8/2016 5:30:00 PM,2016,8,8,17,30,0,Monday,543246.8825,4804520.827,-80.466012,43.392325,At intersection,2,P.D. only,Within intersection,unknown,unknown,Angle,Unknown,Daylight,01 - Daylight,Regional municipality,Yield sign,Functioning,0,0,0,FALSE,FALSE,FALSE,Clear,,FALSE,HURON RD; STRASBURG RD,3/4/2020 10:09:02 AM,543246.8825,4804520.827
45474,16-173233,8/9/2016 12:10:00 PM,2016,8,9,12,10,0,Tuesday,544044.9154,4807706.777,-80.455902,43.420965,Non intersection,2,P.D. only,Thru lane,unknown,unknown,SMV unattended vehicle,Unknown,Daylight,01 - Daylight,Regional municipality,No control,unknown,0,0,0,FALSE,FALSE,FALSE,Clear,,FALSE,VANIER DR; VANIER DR ; Near; 1 M,3/4/2020 10:09:01 AM,544044.9154,4807706.777
45475,16-173244,8/9/2016 12:23:00 PM,2016,8,9,12,23,0,Tuesday,541387.6049,4810984.929,-80.488479,43.450633,Non intersection,2,P.D. only,Right shoulder,unknown,unknown,SMV other,Unknown,Daylight,01 - Daylight,Municipal (excl. Twp. Rd.),No control,unknown,0,0,0,FALSE,FALSE,FALSE,Clear,,FALSE,QUEEN ST N; DUKE ST W; 30 M,3/7/2019 1:21:50 PM,541387.6049,4810984.929
45476,16-173454,8/9/2016 5:26:00 PM,2016,8,9,17,26,0,Tuesday,541181.4829,4809391.28,-80.491146,43.436295,Intersection related,1,Non-fatal injury,Left turn lane,unknown,unknown,Rear end,Unknown,Daylight,01 - Daylight,Regional municipality,Traffic signal,Functioning,0,1,0,FALSE,FALSE,FALSE,Clear,,FALSE,STIRLING AVE S; HIGHLAND RD E; At,3/4/2020 10:09:00 AM,541181.4829,4809391.28
45477,16-173628,8/9/2016 10:22:00 PM,2016,8,9,22,22,0,Tuesday,541645.8136,4810384.496,-80.485333,43.445212,At/near private drive,2,P.D. only,Thru lane,unknown,unknown,Turning movement,Unknown,Dark,07 - Dark,Municipal (excl. Twp. Rd.),No control,unknown,0,0,0,FALSE,FALSE,FALSE,Clear,,FALSE,CEDAR ST S; CEDAR ST S; At; 3 M,3/4/2020 10:08:59 AM,541645.8136,4810384.496
45478,16-173815,8/10/2016 7:35:00 AM,2016,8,10,7,35,0,Wednesday,543542.04,4805002.859,-80.462329,43.396648,At/near private drive,1,Non-fatal injury,Thru lane,unknown,unknown,Rear end,Unknown,Daylight,01 - Daylight,Municipal (excl. Twp. Rd.),No control,unknown,0,0,0,FALSE,FALSE,FALSE,Clear,,FALSE,BATTLER RD; BATTLER RD ; 15 M,3/4/2020 10:08:59 AM,543542.04,4805002.859
45479,16-174077,8/10/2016 8:20:00 AM,2016,8,10,8,20,0,Wednesday,543751.2484,4805553.388,-80.459702,43.401593,Intersection related,2,P.D. only,Thru lane,unknown,unknown,Rear end,Unknown,Daylight,01 - Daylight,Municipal (excl. Twp. Rd.),Stop sign,Functioning,0,0,0,FALSE,FALSE,FALSE,Clear,,FALSE,BEASLEY DR; TRILLIUM DR,3/4/2020 10:08:58 AM,543751.2484,4805553.388
45480,16-175060,7/18/2016 7:00:00 PM,2016,7,18,19,0,0,Monday,548013.7556,4806394.246,-80.406991,43.408903,Non intersection,2,P.D. only,Thru lane,unknown,unknown,SMV unattended vehicle,Unknown,Daylight,01 - Daylight,Municipal (excl. Twp. Rd.),No control,unknown,0,0,0,FALSE,FALSE,FALSE,Clear,,FALSE,LANTERN ST; WINIFRED ST; 12 M,3/4/2020 10:08:57 AM,548013.7556,4806394.246
45481,16-175124,8/11/2016 5:31:00 PM,2016,8,11,17,31,0,Thursday,540749.1883,4809246.064,-80.496499,43.435011,Non intersection,2,P.D. only,Thru lane,unknown,unknown,SMV unattended vehicle,Unknown,Daylight,01 - Daylight,Regional municipality,No control,unknown,0,0,0,FALSE,FALSE,FALSE,Clear,,FALSE,PLEASANT AVE; PLEASANT AVE ; At; 4 M,3/4/2020 10:08:57 AM,540749.1883,4809246.064
45482,16-175530,8/12/2016 6:15:00 AM,2016,8,12,6,15,0,Friday,540889.0227,4811282.502,-80.494618,43.45334,Non intersection,2,P.D. only,Not on roadway - right side,unknown,unknown,SMV other,Unknown,Dark,07 - Dark,Municipal (excl. Twp. Rd.),No control,unknown,0,0,0,FALSE,FALSE,FALSE,Clear,,FALSE,FRANCIS ST N; WATER ST N; 110 M,3/4/2020 10:08:56 AM,540889.0227,4811282.502
45483,16-175819,8/12/2016 2:18:00 PM,2016,8,12,14,18,0,Friday,547773.3841,4810987.436,-80.409558,43.450275,At intersection,2,P.D. only,Within intersection,unknown,unknown,Angle,Unknown,Daylight,01 - Daylight,Municipal (excl. Twp. Rd.),Stop sign,Functioning,0,0,0,FALSE,FALSE,FALSE,Clear,,FALSE,ZELLER DR; PEBBLECREEK DR,3/4/2020 10:08:55 AM,547773.3841,4810987.436
45484,16-175988,8/12/2016 1:00:00 PM,2016,8,12,13,0,0,Friday,544958.9627,4808204.587,-80.44457,43.425393,Non intersection,2,P.D. only,Right shoulder,unknown,unknown,SMV unattended vehicle,Unknown,Daylight,01 - Daylight,Municipal (excl. Twp. Rd.),No control,unknown,0,0,0,FALSE,FALSE,FALSE,Clear,,FALSE,GREENFIELD AVE; 565 GREENFIELD AVE,3/4/2020 10:08:55 AM,544958.9627,4808204.587
45485,16-176120,8/12/2016 8:44:00 PM,2016,8,12,20,44,0,Friday,544282.8567,4808356.288,-80.45291,43.426799,Intersection related,1,Non-fatal injury,Not on roadway - right side,unknown,unknown,SMV other,Unknown,Dark,07 - Dark,Regional municipality,Stop sign,Functioning,0,0,0,FALSE,FALSE,FALSE,Clear,,FALSE,FRANKLIN ST S; WILSON AVE,3/4/2020 10:08:54 AM,544282.8567,4808356.288
45486,16-177297,8/12/2016 8:30:00 PM,2016,8,12,20,30,0,Friday,538667.7866,4809218.894,-80.522218,43.434877,At/near private drive,2,unknown,Thru lane,unknown,unknown,SMV unattended vehicle,Unknown,Daylight,01 - Daylight,Municipal (excl. Twp. Rd.),No control,unknown,0,0,0,FALSE,FALSE,FALSE,Clear,,FALSE,WYCLIFFE PL; WYCLIFFE PL; At; 1 M,3/4/2020 10:08:53 AM,538667.7866,4809218.894
45487,16-177342,8/14/2016 11:41:00 AM,2016,8,14,11,41,0,Sunday,541076.9267,4809550.832,-80.492426,43.437738,Non intersection,2,P.D. only,Thru lane,unknown,unknown,SMV unattended vehicle,Unknown,Daylight,01 - Daylight,Regional municipality,No control,unknown,0,0,0,FALSE,FALSE,FALSE,Clear,,FALSE,HIGHLAND RD E; DELAWARE AVE ; Near; 20 M,3/4/2020 10:08:53 AM,541076.9267,4809550.832
45488,16-177572,8/14/2016 5:00:00 PM,2016,8,14,17,0,0,Sunday,544970.5745,4811010,-80.444195,43.450652,At/near private drive,1,Non-fatal injury,Thru lane,unknown,unknown,Turning movement,Unknown,Daylight,01 - Daylight,Regional municipality,No control,unknown,0,0,0,FALSE,FALSE,FALSE,Clear,,FALSE,RIVER RD E; OTTAWA ST N; At,3/4/2020 10:08:52 AM,544970.5745,4811010
45489,16-177902,8/14/2016 4:00:00 PM,2016,8,14,16,0,0,Sunday,543921.9945,4805130.618,-80.457627,43.397776,At intersection,2,unknown,Right turn channel,unknown,unknown,Rear end,Unknown,Daylight,01 - Daylight,Municipal (excl. Twp. Rd.),Yield sign,Functioning,0,0,0,FALSE,FALSE,FALSE,Clear,,FALSE,HURON RD; OLD HURON RD,3/4/2020 10:08:51 AM,543921.9945,4805130.618
45490,16-178210,8/13/2016 7:00:00 PM,2016,8,13,19,0,0,Saturday,541914.3385,4810072.915,-80.482039,43.442392,Non intersection,2,P.D. only,Thru lane,unknown,unknown,Sideswipe,Unknown,Daylight,01 - Daylight,Municipal (excl. Twp. Rd.),No control,unknown,0,0,0,FALSE,FALSE,FALSE,Rain,,FALSE,STIRLING AVE S; STIRLING AVE S; Near,3/4/2020 10:08:51 AM,541914.3385,4810072.915
45491,16-178985,8/13/2016 11:00:00 AM,2016,8,13,11,0,0,Saturday,541787.0747,4810799.134,-80.483556,43.448938,At intersection,2,P.D. only,Within intersection,unknown,unknown,Other,Unknown,Daylight,01 - Daylight,Municipal (excl. Twp. Rd.),Stop sign,Functioning,0,0,0,FALSE,FALSE,FALSE,Clear,,FALSE,DUKE ST E; EBY ST N,3/4/2020 10:08:50 AM,541787.0747,4810799.134
45492,16-179012,8/16/2016 5:13:00 PM,2016,8,16,17,13,0,Tuesday,541737.3565,4811592.901,-80.48411,43.456088,At/near private drive,2,P.D. only,Off highway,unknown,unknown,SMV other,Unknown,Daylight,01 - Daylight,Regional municipality,No control,unknown,0,0,0,FALSE,FALSE,FALSE,Clear,,FALSE,QUEEN ST N; QUEEN ST N; 5 M,3/4/2020 10:08:49 AM,541737.3565,4811592.901
45493,16-179059,8/16/2016 2:00:00 PM,2016,8,16,14,0,0,Tuesday,541317.1732,4810904.448,-80.489355,43.449912,Non intersection,2,P.D. only,Thru lane,unknown,unknown,Sideswipe,Unknown,Daylight,01 - Daylight,Regional municipality,No control,unknown,0,0,0,FALSE,FALSE,FALSE,Clear,,FALSE,KING ST W; 10 KING ST W; 1 M,3/4/2020 10:08:49 AM,541317.1732,4810904.448
45494,16-179322,8/17/2016 3:30:00 AM,2016,8,17,3,30,0,Wednesday,545273.9936,4811427.848,-80.440411,43.454396,Intersection related,2,P.D. only,Right shoulder,unknown,unknown,SMV other,Unknown,"Dark, artificial","08 - Dark, artificial",Municipal (excl. Twp. Rd.),No control,unknown,0,0,0,FALSE,FALSE,FALSE,Clear,,FALSE,INDIAN RD ; MONTCALM DR,3/4/2020 10:08:48 AM,545273.9936,4811427.848
45495,16-179389,8/17/2016 1:51:00 AM,2016,8,17,1,51,0,Wednesday,545876.6456,4803393.135,-80.433637,43.382015,Non intersection,2,P.D. only,Left shoulder,unknown,unknown,SMV other,Unknown,"Dark, artificial","08 - Dark, artificial",Municipal (excl. Twp. Rd.),No control,unknown,0,0,0,FALSE,FALSE,FALSE,Clear,,FALSE,PINE VALLEY DR ; PINE VALLEY DR ; At; 1 M,3/4/2020 10:08:47 AM,545876.6456,4803393.135
45496,16-179888,8/17/2016 5:40:00 PM,2016,8,17,17,40,0,Wednesday,542254.0195,4807866.673,-80.478012,43.422508,Non intersection,1,Non-fatal injury,Thru lane,unknown,unknown,Angle,Unknown,Daylight,01 - Daylight,Municipal (excl. Twp. Rd.),No control,unknown,0,0,0,FALSE,FALSE,FALSE,Rain,,FALSE,ALPINE RD; KINGSWOOD DR; 40 M,3/4/2020 10:08:47 AM,542254.0195,4807866.673
45497,16-179982,8/17/2016 8:27:00 PM,2016,8,17,20,27,0,Wednesday,540172.5231,4809413.882,-80.503612,43.436553,At intersection,1,Non-fatal injury,Within intersection,unknown,unknown,Angle,Unknown,Dusk,05 - Dusk,Regional municipality,Traffic signal,Functioning,0,1,0,FALSE,FALSE,FALSE,Rain,,FALSE,BELMONT AVE E; QUEENS BLVD; 3 M,3/4/2020 10:08:46 AM,540172.5231,4809413.883
45498,16-180133,8/18/2016 1:36:00 AM,2016,8,18,1,36,0,Thursday,541944.9076,4808933.985,-80.481749,43.432135,Non intersection,1,Non-fatal injury,Thru lane,unknown,unknown,Sideswipe,Unknown,"Dark, artificial","08 - Dark, artificial",Municipal (excl. Twp. Rd.),No control,unknown,0,0,0,FALSE,FALSE,FALSE,Clear,,FALSE,HOFFMAN ST; OLYMPIC DR; Near; 51 M,3/4/2020 10:08:45 AM,541944.9076,4808933.985
45499,16-180243,8/17/2016 4:35:00 PM,2016,8,17,16,35,0,Wednesday,544377.5367,4806625.774,-80.451881,43.411212,At/near private drive,2,P.D. only,Thru lane,unknown,unknown,Sideswipe,Unknown,Daylight,01 - Daylight,Municipal (excl. Twp. Rd.),No control,unknown,0,0,0,FALSE,FALSE,FALSE,Clear,,FALSE,OTONABEE DR; OTONABEE DR; At,3/4/2020 10:08:44 AM,544377.5367,4806625.774
45500,16-180322,8/13/2016 5:00:00 PM,2016,8,13,17,0,0,Saturday,544457.2646,4810556.158,-80.450576,43.446596,At/near private drive,2,P.D. only,Thru lane,unknown,unknown,SMV unattended vehicle,Unknown,Daylight,01 - Daylight,Municipal (excl. Twp. Rd.),No control,unknown,0,0,0,FALSE,FALSE,FALSE,Clear,,FALSE,DREGER AVE; DREGER AVE ; Near,3/4/2020 10:08:44 AM,544457.2646,4810556.158
45501,16-180629,8/18/2016 4:39:00 PM,2016,8,18,16,39,0,Thursday,542524.2279,4807123.017,-80.474732,43.415797,At intersection,1,Non-fatal injury,Within intersection,unknown,unknown,Angle,Unknown,Daylight,01 - Daylight,Municipal (excl. Twp. Rd.),Stop sign,Functioning,0,0,0,FALSE,TRUE,FALSE,Clear,,FALSE,COUNTRY HILL DR; CHERRY HILL DR,3/4/2020 10:08:43 AM,542524.2279,4807123.017
45502,16-180996,8/18/2016 7:33:00 PM,2016,8,18,19,33,0,Thursday,543440.9812,4811727.243,-80.463042,43.457201,At/near private drive,2,P.D. only,Thru lane,unknown,unknown,SMV unattended vehicle,Unknown,Daylight,01 - Daylight,Municipal (excl. Twp. Rd.),No control,unknown,0,0,0,FALSE,FALSE,FALSE,Clear,,FALSE,ETON DR; ETON DR ; Near; 1 M,3/4/2020 10:08:42 AM,543440.9812,4811727.243
45503,16-181084,8/18/2016 4:30:00 PM,2016,8,18,16,30,0,Thursday,544274.4923,4807720.163,-80.453065,43.421072,At/near private drive,2,P.D. only,Thru lane,unknown,unknown,Turning movement,Unknown,Daylight,01 - Daylight,Municipal (excl. Twp. Rd.),No control,unknown,0,0,0,FALSE,FALSE,FALSE,Clear,,FALSE,TRAYNOR AVE; TRAYNOR AVE ; Near,3/4/2020 10:08:42 AM,544274.4923,4807720.163
45504,16-181133,8/19/2016 10:32:00 AM,2016,8,19,10,32,0,Friday,541201.8843,4810898.196,-80.490781,43.449862,At intersection,2,P.D. only,Within intersection,unknown,unknown,Turning movement,Unknown,Daylight,01 - Daylight,Municipal (excl. Twp. Rd.),Stop sign,Functioning,0,0,0,FALSE,FALSE,FALSE,Clear,,FALSE,HALLS LANE W; ONTARIO ST N,3/4/2020 10:08:41 AM,541201.8843,4810898.196
45505,16-181456,8/19/2016 3:50:00 PM,2016,8,19,15,50,0,Friday,540794.6704,4811370.89,-80.495778,43.454141,Intersection related,2,P.D. only,Thru lane,unknown,unknown,Rear end,Unknown,Daylight,01 - Daylight,Regional municipality,Traffic signal,Functioning,0,0,0,FALSE,FALSE,FALSE,Clear,,FALSE,COURTLAND AVE E; QUEEN ST S; Near; 75 M,3/4/2020 10:08:40 AM,540794.6704,4811370.89
45506,16-181825,8/20/2016 3:10:00 AM,2016,8,20,3,10,0,Saturday,541796.512,4808179.256,-80.48364,43.425348,At/near private drive,2,P.D. only,Thru lane,unknown,unknown,Turning movement,Unknown,"Daylight, artificial","02 - Daylight, artificial",Regional municipality,Stop sign,Functioning,0,0,0,FALSE,FALSE,FALSE,Clear,,FALSE,ALPINE RD ; OTTAWA ST S; At; 1 M,3/4/2020 10:08:40 AM,541796.512,4808179.256
45507,16-182016,8/19/2016 7:45:00 AM,2016,8,19,7,45,0,Friday,547934.6652,4810834.823,-80.407578,43.448891,At/near private drive,2,P.D. only,Thru lane,unknown,unknown,Other,Unknown,Daylight,01 - Daylight,Municipal (excl. Twp. Rd.),No control,unknown,0,0,0,FALSE,FALSE,FALSE,Clear,,FALSE,AMELIA CRT; AMELIA CRT; At,3/4/2020 10:08:39 AM,547934.6652,4810834.823
45508,16-182074,8/19/2016 1:15:00 PM,2016,8,19,13,15,0,Friday,540172.488,4809413.494,-80.503612,43.43655,Intersection related,2,P.D. only,Thru lane,unknown,unknown,Rear end,Unknown,Daylight,01 - Daylight,Regional municipality,Traffic signal,Functioning,0,0,0,FALSE,FALSE,FALSE,Clear,,FALSE,BELMONT AVE E; QUEENS BLVD,3/4/2020 10:08:38 AM,540172.488,4809413.494
45509,16-182099,8/20/2016 12:30:00 PM,2016,8,20,12,30,0,Saturday,538979.8548,4806022.842,-80.51859,43.406083,Non intersection,2,P.D. only,Thru lane,unknown,unknown,SMV unattended vehicle,Unknown,Daylight,01 - Daylight,Municipal (excl. Twp. Rd.),No control,unknown,0,0,0,FALSE,FALSE,FALSE,Clear,,FALSE,DAVID BERGEY DR; DAVID BERGEY DR ; Near; 1 M,3/4/2020 10:08:38 AM,538979.8548,4806022.842
45510,16-182247,8/20/2016 10:30:00 AM,2016,8,20,10,30,0,Saturday,538065.0462,4809825.632,-80.529623,43.440371,Non intersection,2,P.D. only,Thru lane,unknown,unknown,Turning movement,Unknown,Daylight,01 - Daylight,Municipal (excl. Twp. Rd.),No control,unknown,0,0,0,FALSE,FALSE,FALSE,Clear,,FALSE,INGLESIDE DR; INGLESIDE DR ; Near,3/4/2020 10:08:37 AM,538065.0462,4809825.632
45511,16-182538,8/21/2016 12:40:00 AM,2016,8,21,0,40,0,Sunday,540745.4613,4808829.287,-80.496576,43.431259,Intersection related,1,Non-fatal injury,Not on roadway - left side,unknown,unknown,SMV other,Unknown,Dark,07 - Dark,Municipal (excl. Twp. Rd.),No control,unknown,0,0,0,FALSE,FALSE,FALSE,Rain,,FALSE,STIRLING AVE S; HOMER WATSON BLVD; 20 M,3/4/2020 10:08:36 AM,540745.4613,4808829.287
45512,16-182867,8/21/2016 1:39:00 PM,2016,8,21,13,39,0,Sunday,539609.3446,4806331.932,-80.510794,43.408833,Non intersection,2,P.D. only,Thru lane,unknown,unknown,SMV unattended vehicle,Unknown,Daylight,01 - Daylight,Municipal (excl. Twp. Rd.),No control,unknown,0,0,0,FALSE,FALSE,FALSE,Clear,,FALSE,ACTIVA AVE; ACTIVA AVE ; Near; 4 M,3/4/2020 10:08:36 AM,539609.3446,4806331.932
45513,16-182902,8/21/2016 2:47:00 PM,2016,8,21,14,47,0,Sunday,544609.8618,4809092.652,-80.44881,43.43341,At intersection,1,Non-fatal injury,Within intersection,unknown,unknown,Angle,Unknown,Daylight,01 - Daylight,Regional municipality,Traffic signal,Functioning,0,0,0,FALSE,FALSE,FALSE,Clear,,FALSE,FRANKLIN ST S; KINGSWAY DR,3/4/2020 10:08:35 AM,544609.8618,4809092.652
45514,16-182945,8/21/2016 3:15:00 PM,2016,8,21,15,15,0,Sunday,540517.2262,4812070.395,-80.499155,43.460454,At/near private drive,1,Non-fatal injury,Right shoulder,unknown,unknown,Other,Unknown,Daylight,01 - Daylight,Regional municipality,No control,unknown,0,0,0,FALSE,FALSE,FALSE,Clear,,FALSE,BLUCHER ST; WEBER ST W; Near; 100 M,3/4/2020 10:04:29 AM,540517.2262,4812070.395
45515,16-182980,8/21/2016 5:05:00 PM,2016,8,21,17,5,0,Sunday,538692.4159,4810175.937,-80.521846,43.443493,Non intersection,1,Non-fatal injury,Thru lane,unknown,unknown,Angle,Unknown,Daylight,01 - Daylight,Municipal (excl. Twp. Rd.),No control,unknown,0,0,0,TRUE,FALSE,FALSE,Clear,,FALSE,BRYBECK CRES ; WESTMOUNT RD W; Near; 60 M,3/4/2020 10:08:34 AM,538692.4159,4810175.937
45516,16-183366,8/22/2016 9:00:00 AM,2016,8,22,9,0,0,Monday,547126.984,4808105.545,-80.417796,43.424368,Non intersection,2,P.D. only,Not on roadway - right side,unknown,unknown,SMV other,Unknown,"Daylight, artificial","02 - Daylight, artificial",Municipal (excl. Twp. Rd.),No control,unknown,0,0,0,FALSE,FALSE,FALSE,Clear,,FALSE,WOODVIEW CRES; WOODVIEW CRES ; Near; 2 M,3/4/2020 10:08:34 AM,547126.984,4808105.545