OBJECTID,ACCIDENTNUM,ACCIDENTDATE,ACCIDENT_YEAR,ACCIDENT_MONTH,ACCIDENT_DAY,ACCIDENT_HOUR,ACCIDENT_MINUTE,ACCIDENT_SECOND,ACCIDENT_WEEKDAY,XCOORD,YCOORD,LONGITUDE,LATITUDE,ACCIDENTLOCATION,COLLISIONTYPE,CLASSIFICATIONOFACCIDENT,IMPACTLOCATION,INITIALDIRECTIONOFTRAVELONE,INITIALDIRECTIONOFTRAVELTWO,INITIALIMPACTTYPE,INTTRAFFICCONTROL,LIGHT,LIGHTFORREPORT,ROADJURISDICTION,TRAFFICCONTROL,TRAFFICCONTROLCONDITION,THRULANENO,NORTHBOUNDDISOBEYCOUNT,SOUTHBOUNDDISOBEYCOUNT,PEDESTRIANINVOLVED,CYCLISTINVOLVED,MOTORCYCLISTINVOLVED,ENVIRONMENTCONDITION1,ENVIRONMENTCONDITION2,SELFREPORTED,XMLIMPORTNOTES,LASTEDITEDDATE,x,y
45517,16-183405,8/21/2016 7:00:00 PM,2016,8,21,19,0,0,Sunday,538914.3634,4805669.571,-80.519424,43.402906,At/near private drive,2,P.D. only,Thru lane,unknown,unknown,SMV unattended vehicle,Unknown,Dusk,05 - Dusk,Municipal (excl. Twp. Rd.),No control,unknown,0,0,0,FALSE,FALSE,FALSE,Clear,,FALSE,ACTIVA AVE; ACTIVA AVE; At; 10 M,3/4/2020 10:08:33 AM,538914.3634,4805669.571
45518,16-183463,8/21/2016 8:00:00 PM,2016,8,21,20,0,0,Sunday,539985.4002,4807610.15,-80.506056,43.420323,Non intersection,2,P.D. only,Right shoulder,unknown,unknown,SMV unattended vehicle,Unknown,Dark,07 - Dark,Municipal (excl. Twp. Rd.),No control,unknown,0,0,0,FALSE,FALSE,FALSE,Clear,,FALSE,HOWE DR; WINDALE CRES; Near; 20 M,3/4/2020 10:08:32 AM,539985.4002,4807610.15
45519,16-183473,8/21/2016 1:00:00 PM,2016,8,21,13,0,0,Sunday,536321.5815,4806816.284,-80.551367,43.413361,At/near private drive,2,P.D. only,Thru lane,unknown,unknown,SMV unattended vehicle,Unknown,Daylight,01 - Daylight,Municipal (excl. Twp. Rd.),No control,unknown,0,0,0,FALSE,FALSE,FALSE,Clear,,FALSE,GOLDEN MEADOW CRES; GOLDEN MEADOW CRES ; Near,3/4/2020 10:08:32 AM,536321.5815,4806816.284
45520,16-183564,8/21/2016 5:30:00 PM,2016,8,21,17,30,0,Sunday,541197.6752,4806360.839,-80.491175,43.409008,At/near private drive,2,P.D. only,Thru lane,unknown,unknown,SMV unattended vehicle,Unknown,Daylight,01 - Daylight,Municipal (excl. Twp. Rd.),No control,unknown,0,0,0,FALSE,FALSE,FALSE,Clear,,FALSE,ROSEBANK CRES; ROSEBANK CRES ; Near,3/4/2020 10:08:31 AM,541197.6751,4806360.839
45521,16-183667,8/22/2016 2:50:00 PM,2016,8,22,14,50,0,Monday,539757.6477,4808916.37,-80.508774,43.432096,At/near private drive,2,P.D. only,Thru lane,unknown,unknown,Angle,Unknown,Daylight,01 - Daylight,Municipal (excl. Twp. Rd.),No control,unknown,0,0,0,FALSE,FALSE,FALSE,Clear,,FALSE,GATEWOOD RD; GATEWOOD RD ; At,3/4/2020 10:08:30 AM,539757.6477,4808916.37
45522,16-183887,8/22/2016 9:00:00 PM,2016,8,22,21,0,0,Monday,542209.7511,4806526.668,-80.478663,43.410445,Non intersection,2,P.D. only,Right shoulder,unknown,unknown,SMV unattended vehicle,Unknown,"Daylight, artificial","02 - Daylight, artificial",Municipal (excl. Twp. Rd.),No control,unknown,0,0,0,FALSE,FALSE,FALSE,Clear,,FALSE,SETTLERS DR; SETTLERS DR ; Near; 7 M,3/4/2020 10:08:30 AM,542209.7511,4806526.668
45523,16-184253,8/23/2016 11:44:00 AM,2016,8,23,11,44,0,Tuesday,547302.9437,4808629.066,-80.415577,43.429071,Non intersection,2,P.D. only,Thru lane,unknown,unknown,SMV unattended vehicle,Unknown,Daylight,01 - Daylight,Municipal (excl. Twp. Rd.),No control,unknown,0,0,0,FALSE,FALSE,FALSE,Clear,,FALSE,MORRISON RD; GRAND RIVER BLVD ; 50 M,3/4/2020 10:08:29 AM,547302.9437,4808629.067
45524,16-184561,8/23/2016 6:36:00 PM,2016,8,23,18,36,0,Tuesday,542959.8233,4809039.638,-80.469201,43.433029,At intersection,2,P.D. only,Within intersection,unknown,unknown,Approaching,Unknown,Daylight,01 - Daylight,Municipal (excl. Twp. Rd.),No control,unknown,0,0,0,FALSE,FALSE,FALSE,Clear,,FALSE,CARWOOD AVE; CAYLEY CRT,3/4/2020 10:08:28 AM,542959.8233,4809039.638
45525,16-185139,6/6/2016 2:30:00 PM,2016,6,6,14,30,0,Monday,544157.3976,4809802.913,-80.454343,43.439832,Other,2,P.D. only,Off highway,unknown,unknown,SMV other,Unknown,Daylight,01 - Daylight,Private property,No control,unknown,0,0,0,FALSE,FALSE,FALSE,Clear,,FALSE,PRIVATE DRIVE; ROSS AVE ; At,3/4/2020 10:08:28 AM,544157.3976,4809802.913
45526,16-185196,8/24/2016 8:05:00 AM,2016,8,24,8,5,0,Wednesday,542606.4461,4815936.668,-80.473028,43.49515,Non intersection,2,P.D. only,Thru lane,unknown,unknown,SMV unattended vehicle,Unknown,"Dark, artificial","08 - Dark, artificial",Municipal (excl. Twp. Rd.),No control,unknown,0,0,0,FALSE,FALSE,FALSE,Clear,,FALSE,KESTREL ST; KESTREL ST; Near,3/4/2020 10:08:27 AM,542606.4461,4815936.668
45527,16-185342,8/24/2016 4:15:00 PM,2016,8,24,16,15,0,Wednesday,541359.9573,4808642.311,-80.488998,43.429542,Non intersection,1,Non-fatal injury,Thru lane,unknown,unknown,Rear end,Unknown,Daylight,01 - Daylight,Regional municipality,No control,unknown,0,0,0,FALSE,FALSE,FALSE,Clear,,FALSE,HOMER WATSON BLVD; HOFFMAN ST; Near,3/4/2020 10:08:26 AM,541359.9573,4808642.311
45528,16-185369,8/24/2016 6:40:00 PM,2016,8,24,18,40,0,Wednesday,540932.3458,4810351.082,-80.494153,43.444951,Non intersection,2,P.D. only,Thru lane,unknown,unknown,Rear end,Unknown,Daylight,01 - Daylight,Municipal (excl. Twp. Rd.),No control,unknown,0,0,0,FALSE,FALSE,FALSE,Clear,,FALSE,QUEEN ST S; MITCHELL ST ; Near; 10 M,3/4/2020 10:08:26 AM,540932.3458,4810351.082
45529,16-185374,8/24/2016 5:30:00 PM,2016,8,24,17,30,0,Wednesday,542291.7233,4806904.251,-80.477621,43.41384,Intersection related,1,Non-fatal injury,Thru lane,unknown,unknown,Rear end,Unknown,Daylight,01 - Daylight,Municipal (excl. Twp. Rd.),Traffic signal,Functioning,0,0,0,FALSE,FALSE,FALSE,Clear,,FALSE,STRASBURG RD; STRASBURG RD; At,3/4/2020 10:08:25 AM,542291.7233,4806904.251
45530,16-185550,8/24/2016 3:00:00 PM,2016,8,24,15,0,0,Wednesday,541389.8694,4808627.158,-80.48863,43.429404,Non intersection,2,Non-reportable,Thru lane,unknown,unknown,Rear end,Unknown,Daylight,01 - Daylight,Regional municipality,No control,unknown,0,0,0,FALSE,FALSE,FALSE,Clear,,FALSE,HOMER WATSON BLVD; HOFFMAN ST; 30 M,3/4/2020 10:08:24 AM,541389.8694,4808627.158
45531,16-185826,8/24/2016 8:15:00 PM,2016,8,24,20,15,0,Wednesday,539778.1661,4809293.654,-80.508493,43.435492,Non intersection,2,P.D. only,Right shoulder,unknown,unknown,SMV unattended vehicle,Unknown,Dark,07 - Dark,Municipal (excl. Twp. Rd.),No control,unknown,0,0,0,FALSE,FALSE,FALSE,Clear,,FALSE,HEARTH CRES; HEARTH CRES; Near,3/4/2020 10:08:24 AM,539778.1661,4809293.654
45532,16-186144,8/25/2016 4:52:00 PM,2016,8,25,16,52,0,Thursday,543072.3017,4805496.599,-80.468091,43.401121,At intersection,1,Non-fatal injury,Within intersection,unknown,unknown,Angle,Unknown,Daylight,01 - Daylight,Municipal (excl. Twp. Rd.),Stop sign,Functioning,0,0,0,FALSE,FALSE,FALSE,Clear,,FALSE,TRILLIUM DR; STRASBURG RD,3/4/2020 10:08:23 AM,543072.3017,4805496.599
45533,16-186344,8/25/2016 9:25:00 PM,2016,8,25,21,25,0,Thursday,544816.9317,4809775.446,-80.446196,43.439546,Intersection related,2,P.D. only,Thru lane,unknown,unknown,Rear end,Unknown,"Daylight, artificial","02 - Daylight, artificial",Municipal (excl. Twp. Rd.),No control,unknown,0,0,0,FALSE,FALSE,FALSE,Clear,,FALSE,FRANKLIN ST N; TRAFALGAR AVE,3/4/2020 10:08:22 AM,544816.9317,4809775.446
45534,16-186546,8/26/2016 6:19:00 AM,2016,8,26,6,19,0,Friday,540149.8534,4811583.821,-80.503732,43.456093,Non intersection,1,Non-fatal injury,Not on roadway - left side,unknown,unknown,SMV other,Unknown,"Dawn, artificial","04 - Dawn, artificial",Municipal (excl. Twp. Rd.),No control,unknown,0,0,0,FALSE,FALSE,FALSE,Clear,,FALSE,SHANLEY ST ; MOORE AVE ; Near; 70 M,3/4/2020 10:08:21 AM,540149.8534,4811583.821
45535,16-186578,8/26/2016 7:44:00 AM,2016,8,26,7,44,0,Friday,537334.0891,4807490.284,-80.538815,43.41938,At intersection,2,P.D. only,Within intersection,unknown,unknown,Turning movement,Unknown,Daylight,01 - Daylight,Municipal (excl. Twp. Rd.),Stop sign,Functioning,0,0,0,FALSE,FALSE,FALSE,Clear,,FALSE,WESTHEIGHTS DR; DRIFTWOOD DR; 10.2 M,3/7/2019 1:21:49 PM,537334.0891,4807490.284
45536,16-186986,8/26/2016 4:57:00 PM,2016,8,26,16,57,0,Friday,538882.7075,4807915.73,-80.519655,43.423132,At/near private drive,2,P.D. only,Thru lane,unknown,unknown,Rear end,Unknown,Daylight,01 - Daylight,Municipal (excl. Twp. Rd.),No control,unknown,0,0,0,FALSE,FALSE,FALSE,Clear,,FALSE,MCGARRY DR; MCGARRY DR ; At; 2 M,3/4/2020 10:08:20 AM,538882.7075,4807915.73
45537,16-187005,8/26/2016 5:05:00 PM,2016,8,26,17,5,0,Friday,545147.2762,4807123.447,-80.442333,43.415647,At intersection,2,P.D. only,Within intersection,unknown,unknown,Approaching,Unknown,Daylight,01 - Daylight,Municipal (excl. Twp. Rd.),Stop sign,Functioning,0,0,0,FALSE,FALSE,FALSE,Clear,,FALSE,WILSON AVE; GOODRICH DR,3/4/2020 10:08:20 AM,545147.2762,4807123.447
45538,16-187478,8/27/2016 7:45:00 AM,2016,8,27,7,45,0,Saturday,542944.4015,4811339.696,-80.469211,43.45374,At intersection,2,P.D. only,Within intersection,unknown,unknown,SMV other,Unknown,Daylight,01 - Daylight,Regional municipality,Stop sign,Functioning,0,0,0,FALSE,FALSE,FALSE,Clear,,FALSE,KRUG ST; DUMFRIES AVE,3/4/2020 10:08:19 AM,542944.4015,4811339.696
45539,16-187716,8/27/2016 11:30:00 AM,2016,8,27,11,30,0,Saturday,545016.6012,4804263.442,-80.444183,43.389903,At/near private drive,2,P.D. only,Off highway,unknown,unknown,SMV other,Unknown,Daylight,01 - Daylight,Municipal (excl. Twp. Rd.),No control,unknown,0,0,0,FALSE,FALSE,FALSE,Clear,,FALSE,ANVIL ST ; ANVIL ST ; At; 1 M,3/4/2020 10:08:19 AM,545016.6012,4804263.442
45540,16-189088,8/28/2016 7:00:00 PM,2016,8,28,19,0,0,Sunday,544031.5649,4809096.608,-80.455955,43.43348,At/near private drive,2,P.D. only,Right shoulder,unknown,unknown,SMV unattended vehicle,Unknown,Daylight,01 - Daylight,Municipal (excl. Twp. Rd.),No control,unknown,0,0,0,FALSE,FALSE,FALSE,Clear,,FALSE,SECOND AVE; SECOND AVE; Near,3/4/2020 10:08:18 AM,544031.5649,4809096.608
45541,16-189307,8/29/2016 3:15:00 PM,2016,8,29,15,15,0,Monday,545272.6721,4812121.3,-80.44037,43.46064,At/near private drive,2,P.D. only,Thru lane,unknown,unknown,Rear end,Unknown,Daylight,01 - Daylight,Municipal (excl. Twp. Rd.),No control,unknown,0,0,0,FALSE,FALSE,FALSE,Clear,,FALSE,LORRAINE AVE; LORRAINE AVE ; At; 10 M,3/4/2020 10:08:17 AM,545272.6721,4812121.3
45542,16-189344,8/29/2016 3:45:00 PM,2016,8,29,15,45,0,Monday,544311.0118,4809866.859,-80.45244,43.440399,At/near private drive,2,P.D. only,Thru lane,unknown,unknown,Other,Unknown,Daylight,01 - Daylight,Municipal (excl. Twp. Rd.),No control,unknown,0,0,0,FALSE,FALSE,FALSE,Clear,,FALSE,KENNETH AVE; KENNETH AVE ; Near,3/4/2020 10:08:17 AM,544311.0118,4809866.859
45543,16-189394,8/29/2016 7:07:00 PM,2016,8,29,19,7,0,Monday,540173.4875,4809413.447,-80.5036,43.43655,At intersection,2,P.D. only,Within intersection,unknown,unknown,Turning movement,Unknown,Daylight,01 - Daylight,Municipal (excl. Twp. Rd.),Traffic signal,Functioning,0,0,0,FALSE,FALSE,FALSE,Clear,,FALSE,BELMONT AVE E; QUEENS BLVD,3/4/2020 10:08:16 AM,540173.4875,4809413.447
45544,16-189448,8/29/2016 4:35:00 PM,2016,8,29,16,35,0,Monday,541690.7491,4811511.175,-80.484692,43.455355,At intersection,1,Non-fatal injury,Within intersection,unknown,unknown,SMV other,Unknown,Daylight,01 - Daylight,Regional municipality,Stop sign,Functioning,0,0,0,TRUE,FALSE,FALSE,Clear,,FALSE,QUEEN ST N; ELLEN ST E,3/4/2020 10:08:15 AM,541690.7491,4811511.175
45545,16-189859,8/29/2016 10:00:00 PM,2016,8,29,22,0,0,Monday,542071.6784,4804227.326,-80.480545,43.389749,Non intersection,2,P.D. only,Thru lane,unknown,unknown,SMV unattended vehicle,Unknown,"Dark, artificial","08 - Dark, artificial",Municipal (excl. Twp. Rd.),No control,unknown,0,0,0,FALSE,FALSE,FALSE,Clear,,FALSE,PARKVALE DR; PARKVALE DR ; Near,3/4/2020 10:04:29 AM,542071.6784,4804227.326
45546,16-189946,8/30/2016 11:59:00 AM,2016,8,30,11,59,0,Tuesday,541795.9941,4810621.819,-80.483459,43.447341,Non intersection,1,Non-fatal injury,Thru lane,unknown,unknown,Rear end,Unknown,Daylight,01 - Daylight,Regional municipality,No control,unknown,0,0,0,FALSE,FALSE,FALSE,Clear,,FALSE,CEDAR ST N; KING ST E; Near; 8 M,3/4/2020 10:08:14 AM,541795.9941,4810621.819
45547,16-190517,8/31/2016 1:34:00 AM,2016,8,31,1,34,0,Wednesday,538667.446,4810170.044,-80.522155,43.443441,At/near private drive,1,Non-fatal injury,Thru lane,unknown,unknown,SMV unattended vehicle,Unknown,"Dark, artificial","08 - Dark, artificial",Municipal (excl. Twp. Rd.),No control,unknown,0,0,0,FALSE,FALSE,FALSE,Clear,,FALSE,BRYBECK CRES; BRYBECK CRES ; Near; 37 M,3/4/2020 10:08:14 AM,538667.446,4810170.044
45548,16-190655,8/31/2016 8:33:00 AM,2016,8,31,8,33,0,Wednesday,540641.2058,4811702.112,-80.49765,43.457132,At intersection,1,Non-fatal injury,Within intersection,unknown,unknown,Angle,Unknown,Daylight,01 - Daylight,Municipal (excl. Twp. Rd.),Stop sign,Functioning,0,0,0,FALSE,FALSE,FALSE,Clear,,FALSE,DUKE ST W; LOUISA ST,3/4/2020 10:08:13 AM,540641.2058,4811702.112
45549,16-190964,8/28/2016 2:30:00 PM,2016,8,28,14,30,0,Sunday,537301.0255,4807033.144,-80.539255,43.415266,At/near private drive,2,P.D. only,Thru lane,unknown,unknown,Other,Unknown,Daylight,01 - Daylight,Regional municipality,No control,unknown,0,0,0,FALSE,FALSE,FALSE,Clear,,FALSE,OLD FOREST CRES; OLD FOREST CRES ; At; 10 M,3/4/2020 10:08:12 AM,537301.0255,4807033.144
45550,16-191064,8/31/2016 4:30:00 PM,2016,8,31,16,30,0,Wednesday,545096.7392,4807775.011,-80.442903,43.421517,At/near private drive,2,P.D. only,Thru lane,unknown,unknown,Turning movement,Unknown,Daylight,01 - Daylight,Regional municipality,No control,unknown,0,0,0,FALSE,FALSE,FALSE,Clear,,FALSE,WILSON; FAIRWAY RD S; At,3/4/2020 10:08:12 AM,545096.7392,4807775.011
45551,16-191164,8/29/2016 6:20:00 PM,2016,8,29,18,20,0,Monday,541063.4412,4809334.047,-80.492609,43.435786,Non intersection,2,P.D. only,Thru lane,unknown,unknown,Rear end,Unknown,Daylight,01 - Daylight,Municipal (excl. Twp. Rd.),No control,unknown,0,0,0,FALSE,FALSE,FALSE,Clear,,FALSE,STIRLING AVE S; STIRLING AVE S; Near,3/4/2020 10:08:11 AM,541063.4412,4809334.047
45552,16-191211,8/31/2016 8:15:00 PM,2016,8,31,20,15,0,Wednesday,540575.5517,4807729.853,-80.498757,43.421369,At/near private drive,2,P.D. only,Thru lane,unknown,unknown,Turning movement,Unknown,"Dark, artificial","08 - Dark, artificial",Municipal (excl. Twp. Rd.),No control,unknown,0,0,0,FALSE,FALSE,FALSE,Clear,,FALSE,MOWAT BLVD; MOWAT BLVD ; At,3/4/2020 10:08:10 AM,540575.5517,4807729.853
45553,16-191489,9/1/2016 4:03:00 AM,2016,9,1,4,3,0,Thursday,545144.8224,4806785.677,-80.442391,43.412606,Non intersection,1,Non-fatal injury,Off highway,unknown,unknown,SMV other,Unknown,Dark,07 - Dark,Municipal (excl. Twp. Rd.),No control,unknown,0,0,0,FALSE,FALSE,FALSE,Clear,,FALSE,WILSON AVE; WABANAKI DR ; Near; 366 M,3/4/2020 10:08:10 AM,545144.8224,4806785.677
45554,16-191511,9/1/2016 6:33:00 AM,2016,9,1,6,33,0,Thursday,539830.1864,4811139.68,-80.507715,43.452111,Intersection related,2,P.D. only,Thru lane,unknown,unknown,Rear end,Unknown,Daylight,01 - Daylight,Municipal (excl. Twp. Rd.),Traffic signal,Functioning,0,0,0,FALSE,FALSE,FALSE,Clear,,FALSE,PARK ST; DOMINION ST; Near; 10 M,3/4/2020 10:08:09 AM,539830.1864,4811139.68
45555,16-191832,9/1/2016 2:40:00 PM,2016,9,1,14,40,0,Thursday,541615.8167,4808514.267,-80.485847,43.428375,Non intersection,1,Non-fatal injury,Thru lane,unknown,unknown,Rear end,Unknown,Daylight,01 - Daylight,Regional municipality,No control,unknown,0,0,0,FALSE,FALSE,FALSE,Clear,,FALSE,HOMER WATSON BLVD; 7 8 W OFF TO HOMER WATSON BLVD; 10 M,3/7/2019 1:21:48 PM,541615.8167,4808514.267
45556,16-191954,9/1/2016 5:42:00 PM,2016,9,1,17,42,0,Thursday,544983.1011,4804869.64,-80.444546,43.395364,Non intersection,1,Non-fatal injury,Thru lane,unknown,unknown,Turning movement,Unknown,Daylight,01 - Daylight,Municipal (excl. Twp. Rd.),No control,unknown,0,0,0,FALSE,TRUE,FALSE,Clear,,FALSE,PIONEER DR; DOON VILLAGE RD; 100 M,3/4/2020 10:08:08 AM,544983.1011,4804869.64
45557,16-192202,9/1/2016 11:54:00 PM,2016,9,1,23,54,0,Thursday,540216.7165,4805819.088,-80.50333,43.404183,Intersection related,2,P.D. only,Not on roadway - left side,unknown,unknown,SMV other,Unknown,"Dark, artificial","08 - Dark, artificial",Municipal (excl. Twp. Rd.),Stop sign,Functioning,0,0,0,FALSE,FALSE,FALSE,Clear,,FALSE,MAX BECKER DR; COMMONWEALTH ST; Near; 10 M,3/4/2020 10:08:08 AM,540216.7165,4805819.088
45558,16-192661,9/2/2016 3:15:00 PM,2016,9,2,15,15,0,Friday,543078.7305,4805888.295,-80.46798,43.404647,At/near private drive,2,P.D. only,Not on roadway - right side,unknown,unknown,SMV other,Unknown,Daylight,01 - Daylight,Municipal (excl. Twp. Rd.),No control,unknown,0,0,0,FALSE,FALSE,FALSE,Clear,,FALSE,SHOEMAKER ST; SHOEMAKER ST ; At; 1 M,3/4/2020 10:08:07 AM,543078.7305,4805888.295
45559,16-192798,9/2/2016 7:09:00 PM,2016,9,2,19,9,0,Friday,539340.6151,4806550.797,-80.514097,43.410818,Non intersection,1,Non-fatal injury,Thru lane,unknown,unknown,SMV unattended vehicle,Unknown,Daylight,01 - Daylight,Regional municipality,No control,unknown,0,0,0,FALSE,FALSE,FALSE,Clear,,FALSE,WILDERNESS DR; PINE MARTIN CRES ; Near; 40 M,3/4/2020 10:08:06 AM,539340.6151,4806550.797
45560,16-193426,9/3/2016 2:21:00 PM,2016,9,3,14,21,0,Saturday,545250.6627,4803028.088,-80.441395,43.378766,At/near private drive,2,P.D. only,Not on roadway - left side,unknown,unknown,SMV other,Unknown,Daylight,01 - Daylight,Municipal (excl. Twp. Rd.),No control,unknown,0,0,0,FALSE,FALSE,FALSE,Clear,,FALSE,FOREST CREEK DR; FOREST CREEK DR ; At; 5 M,3/4/2020 10:08:06 AM,545250.6627,4803028.088
45561,16-194163,9/4/2016 1:20:00 PM,2016,9,4,13,20,0,Sunday,549177.0524,4806308.848,-80.392632,43.408059,At/near private drive,2,P.D. only,Thru lane,unknown,unknown,Turning movement,Unknown,Daylight,01 - Daylight,Municipal (excl. Twp. Rd.),No control,unknown,0,0,0,FALSE,FALSE,FALSE,Clear,,FALSE,GATEWAY PARK DR; GATEWAY PARK DR,3/4/2020 10:08:05 AM,549177.0524,4806308.848
45562,16-194208,9/4/2016 3:05:00 PM,2016,9,4,15,5,0,Sunday,541395.2316,4808693.845,-80.488558,43.430004,At/near private drive,2,P.D. only,Thru lane,unknown,unknown,Rear end,Unknown,Daylight,01 - Daylight,Municipal (excl. Twp. Rd.),No control,unknown,0,0,0,FALSE,FALSE,FALSE,Clear,,FALSE,HOFFMAN ST; HOFFMAN ST ; Near; 3 M,3/4/2020 10:08:04 AM,541395.2316,4808693.845
45563,16-194873,9/5/2016 12:42:00 PM,2016,9,5,12,42,0,Monday,539610.7893,4806337.954,-80.510775,43.408887,At/near private drive,2,P.D. only,Thru lane,unknown,unknown,Turning movement,Unknown,Daylight,01 - Daylight,Municipal (excl. Twp. Rd.),No control,unknown,0,0,0,FALSE,FALSE,FALSE,Clear,,FALSE,ACTIVA AVE; ACTIVA AVE; Near; 4 M,3/4/2020 10:08:04 AM,539610.7893,4806337.954
45564,16-194902,9/4/2016 4:15:00 PM,2016,9,4,16,15,0,Sunday,541485.647,4807892.367,-80.487502,43.422782,Non intersection,2,P.D. only,Thru lane,unknown,unknown,Rear end,Unknown,Daylight,01 - Daylight,Regional municipality,Ped. crossover,Functioning,0,0,0,FALSE,FALSE,FALSE,Clear,,FALSE,STRASBURG RD; OTTAWA ST S; Near,3/4/2020 10:08:03 AM,541485.647,4807892.368
45565,16-194908,9/5/2016 12:40:00 PM,2016,9,5,12,40,0,Monday,539522.4117,4806798.281,-80.511834,43.413037,At/near private drive,2,P.D. only,Thru lane,unknown,unknown,Other,Unknown,Daylight,01 - Daylight,Municipal (excl. Twp. Rd.),No control,unknown,0,0,0,FALSE,FALSE,FALSE,Clear,,FALSE,GREY FOX DR; GREY FOX DR; At; 10 M,3/4/2020 10:08:02 AM,539522.4117,4806798.281
45566,16-194914,9/4/2016 12:30:00 PM,2016,9,4,12,30,0,Sunday,545561.144,4811134.51,-80.436886,43.451738,Non intersection,2,P.D. only,Thru lane,unknown,unknown,SMV unattended vehicle,Unknown,Daylight,01 - Daylight,Municipal (excl. Twp. Rd.),No control,unknown,0,0,0,FALSE,FALSE,FALSE,Clear,,FALSE,HOLBORN DR; HOLBORN DR ; At,3/4/2020 10:08:02 AM,545561.144,4811134.51
45567,16-195589,9/6/2016 9:41:00 AM,2016,9,6,9,41,0,Tuesday,538865.1715,4811499.669,-80.519617,43.455403,Non intersection,2,P.D. only,Other,unknown,unknown,SMV other,Unknown,Daylight,01 - Daylight,Municipal (excl. Twp. Rd.),Other,Functioning,0,0,0,FALSE,FALSE,FALSE,Clear,,FALSE,BELMONT AVE W; UNION BLVD; Near; 46 M,3/4/2020 10:08:01 AM,538865.1715,4811499.669
45568,16-196097,9/6/2016 3:45:00 PM,2016,9,6,15,45,0,Tuesday,545370.0901,4806284.813,-80.43965,43.408083,Intersection related,2,Non-reportable,Thru lane,unknown,unknown,Rear end,Unknown,Daylight,01 - Daylight,Municipal (excl. Twp. Rd.),Stop sign,Functioning,0,0,0,FALSE,FALSE,FALSE,Rain,,FALSE,GRAND CREST PL; WILSON AVE; At,3/4/2020 10:08:00 AM,545370.0901,4806284.813
45569,16-196558,9/7/2016 9:27:00 AM,2016,9,7,9,27,0,Wednesday,538692.747,4811366.28,-80.521757,43.454211,At intersection,2,P.D. only,Within intersection,unknown,unknown,Angle,Unknown,Daylight,01 - Daylight,Municipal (excl. Twp. Rd.),Stop sign,Functioning,0,0,0,FALSE,FALSE,FALSE,Clear,,FALSE,AVONDALE AVE; UNION BLVD,3/4/2020 10:08:00 AM,538692.747,4811366.28
45570,16-196594,9/6/2016 4:00:00 PM,2016,9,6,16,0,0,Tuesday,543230.3766,4811370.578,-80.465674,43.454001,At/near private drive,2,P.D. only,Thru lane,unknown,unknown,SMV unattended vehicle,Unknown,Daylight,01 - Daylight,Municipal (excl. Twp. Rd.),No control,unknown,0,0,0,FALSE,FALSE,FALSE,Clear,,FALSE,SHERWOOD AVE; SHERWOOD AVE ; At,3/4/2020 10:07:59 AM,543230.3766,4811370.578
45571,16-196651,9/7/2016 8:02:00 AM,2016,9,7,8,2,0,Wednesday,542456.6458,4812496.308,-80.475149,43.464182,Non intersection,1,Non-fatal injury,Thru lane,unknown,unknown,Turning movement,Unknown,Daylight,01 - Daylight,Regional municipality,No control,unknown,0,0,0,FALSE,FALSE,FALSE,Clear,,FALSE,WELLINGTON ST N; WELLINGTON ST N; Near; 8 M,3/4/2020 10:07:58 AM,542456.6458,4812496.308
45572,16-196732,9/7/2016 12:48:00 PM,2016,9,7,12,48,0,Wednesday,539499.4588,4811897.767,-80.511748,43.458954,At/near private drive,2,Non-reportable,Right shoulder,unknown,unknown,SMV unattended vehicle,Unknown,Daylight,01 - Daylight,Municipal (excl. Twp. Rd.),No control,unknown,0,0,0,FALSE,FALSE,FALSE,Clear,,FALSE,HERBERT ST; 20 HERBERT ST; 2 M,3/4/2020 10:07:58 AM,539499.4588,4811897.767
45573,16-196859,8/27/2016 7:30:00 PM,2016,8,27,19,30,0,Saturday,537665.4936,4807361.061,-80.53473,43.4182,At/near private drive,2,P.D. only,Right shoulder,unknown,unknown,SMV unattended vehicle,Unknown,Daylight,01 - Daylight,Municipal (excl. Twp. Rd.),No control,unknown,0,0,0,FALSE,FALSE,FALSE,Clear,,FALSE,DRIFTWOOD PL; DRIFTWOOD PL ; Near,3/4/2020 10:07:57 AM,537665.4936,4807361.061
45574,16-196873,9/7/2016 2:00:00 PM,2016,9,7,14,0,0,Wednesday,540880.6503,4810847.481,-80.494754,43.449423,Intersection related,2,P.D. only,Thru lane,unknown,unknown,Turning movement,Unknown,Daylight,01 - Daylight,Regional municipality,Stop sign,Functioning,0,0,0,FALSE,FALSE,FALSE,Clear,,FALSE,JOSEPH ST; RICHMOND AVE; Near,3/4/2020 10:07:56 AM,540880.6503,4810847.481
45575,16-196878,9/7/2016 3:51:00 PM,2016,9,7,15,51,0,Wednesday,543504.7048,4811502.529,-80.462273,43.455174,Non intersection,1,Non-fatal injury,Thru lane,unknown,unknown,Sideswipe,Unknown,Daylight,01 - Daylight,Municipal (excl. Twp. Rd.),No control,unknown,0,0,0,FALSE,TRUE,FALSE,Clear,,FALSE,SHERWOOD AVE ; CAMBRIDGE AVE ; Near; 5 M,3/7/2019 1:21:47 PM,543504.7048,4811502.529
45576,16-197032,9/3/2016 9:00:00 PM,2016,9,3,21,0,0,Saturday,547215.9129,4809992.708,-80.416534,43.441354,Non intersection,2,P.D. only,Right shoulder,unknown,unknown,SMV unattended vehicle,Unknown,"Dark, artificial","08 - Dark, artificial",Municipal (excl. Twp. Rd.),No control,unknown,0,0,0,FALSE,FALSE,FALSE,Clear,,FALSE,FAIRWAY CRT; FAIRWAY CRT ; Near,3/4/2020 10:07:55 AM,547215.9129,4809992.708
45577,16-197120,9/7/2016 9:00:00 PM,2016,9,7,21,0,0,Wednesday,545034.6515,4807868.246,-80.443663,43.42236,At intersection,2,P.D. only,Within intersection,unknown,unknown,Turning movement,Unknown,"Dark, artificial","08 - Dark, artificial",Regional municipality,Traffic signal,Functioning,0,0,0,FALSE,FALSE,FALSE,Rain,,FALSE,KINGSWAY DR; WILSON AVE,3/4/2020 10:07:55 AM,545034.6515,4807868.246