OBJECTID,ACCIDENTNUM,ACCIDENTDATE,ACCIDENT_YEAR,ACCIDENT_MONTH,ACCIDENT_DAY,ACCIDENT_HOUR,ACCIDENT_MINUTE,ACCIDENT_SECOND,ACCIDENT_WEEKDAY,XCOORD,YCOORD,LONGITUDE,LATITUDE,ACCIDENTLOCATION,COLLISIONTYPE,CLASSIFICATIONOFACCIDENT,IMPACTLOCATION,INITIALDIRECTIONOFTRAVELONE,INITIALDIRECTIONOFTRAVELTWO,INITIALIMPACTTYPE,INTTRAFFICCONTROL,LIGHT,LIGHTFORREPORT,ROADJURISDICTION,TRAFFICCONTROL,TRAFFICCONTROLCONDITION,THRULANENO,NORTHBOUNDDISOBEYCOUNT,SOUTHBOUNDDISOBEYCOUNT,PEDESTRIANINVOLVED,CYCLISTINVOLVED,MOTORCYCLISTINVOLVED,ENVIRONMENTCONDITION1,ENVIRONMENTCONDITION2,SELFREPORTED,XMLIMPORTNOTES,LASTEDITEDDATE,x,y
45578,16-197771,9/8/2016 3:39:00 PM,2016,9,8,15,39,0,Thursday,547855.7221,4811029.284,-80.408537,43.450647,At intersection,2,P.D. only,Within intersection,unknown,unknown,Turning movement,Unknown,Daylight,01 - Daylight,Municipal (excl. Twp. Rd.),Stop sign,Functioning,0,0,0,FALSE,FALSE,FALSE,Clear,,FALSE,FEENSTRA ST; PEBBLECREEK DR; 1 M,3/4/2020 10:07:54 AM,547855.7221,4811029.284
45579,16-197906,9/8/2016 4:00:00 PM,2016,9,8,16,0,0,Thursday,541083.0501,4810771.098,-80.492259,43.448725,Non intersection,2,P.D. only,Right shoulder,unknown,unknown,Sideswipe,Unknown,Daylight,01 - Daylight,Municipal (excl. Twp. Rd.),No control,unknown,0,0,0,FALSE,FALSE,FALSE,Clear,,FALSE,JOSEPH ST; DAVID ST; Near,3/4/2020 10:07:53 AM,541083.0501,4810771.098
45580,16-198585,9/9/2016 12:48:00 PM,2016,9,9,12,48,0,Friday,541903.0728,4804425.661,-80.482611,43.391544,At/near private drive,2,P.D. only,Thru lane,unknown,unknown,SMV unattended vehicle,Unknown,Daylight,01 - Daylight,Municipal (excl. Twp. Rd.),No control,unknown,0,0,0,FALSE,FALSE,FALSE,Clear,,FALSE,POMPEII ST; POMPEII ST ; Near,3/4/2020 10:07:53 AM,541903.0728,4804425.661
45581,16-198623,9/9/2016 1:28:00 PM,2016,9,9,13,28,0,Friday,542185.3137,4810206.323,-80.47868,43.443578,Non intersection,1,Non-fatal injury,Thru lane,unknown,unknown,Rear end,Unknown,Daylight,01 - Daylight,Regional municipality,No control,unknown,0,0,0,FALSE,FALSE,FALSE,Clear,,FALSE,STIRLING AVE S; CHARLES ST E; 34 M,3/4/2020 10:07:52 AM,542185.3137,4810206.323
45582,16-198687,9/9/2016 2:57:00 PM,2016,9,9,14,57,0,Friday,539686.0103,4811407.307,-80.509478,43.454528,Non intersection,1,Non-fatal injury,Thru lane,unknown,unknown,Rear end,Unknown,Daylight,01 - Daylight,Municipal (excl. Twp. Rd.),Stop sign,Functioning,0,0,0,FALSE,FALSE,FALSE,Clear,,FALSE,GLASGOW ST ; GRUHN ST ; Near; 10 M,3/4/2020 10:07:51 AM,539686.0103,4811407.307
45583,16-198730,9/9/2016 3:50:00 PM,2016,9,9,15,50,0,Friday,540749.3584,4810635.889,-80.496393,43.447525,At intersection,2,P.D. only,Within intersection,unknown,unknown,Rear end,Unknown,Daylight,01 - Daylight,Municipal (excl. Twp. Rd.),Stop sign,Functioning,0,0,0,FALSE,FALSE,FALSE,Clear,,FALSE,JUBILEE DR; WATER ST S,3/4/2020 10:07:51 AM,540749.3584,4810635.89
45584,16-198763,9/9/2016 4:35:00 PM,2016,9,9,16,35,0,Friday,542402.0224,4812468.624,-80.475826,43.463936,At/near private drive,2,P.D. only,Thru lane,unknown,unknown,Turning movement,Unknown,Daylight,01 - Daylight,Regional municipality,Other,Functioning,0,0,0,FALSE,FALSE,FALSE,Clear,,FALSE,WELLINGTON ST N; WELLINGTN ST N; At; 5 M,3/4/2020 10:07:50 AM,542402.0224,4812468.624
45585,16-199435,9/10/2016 9:48:00 AM,2016,9,10,9,48,0,Saturday,544959.8186,4811036.757,-80.444326,43.450894,At/near private drive,2,P.D. only,Left turn lane,unknown,unknown,Turning movement,Unknown,Daylight,01 - Daylight,Regional municipality,Stop sign,Functioning,0,0,0,FALSE,FALSE,FALSE,Rain,,FALSE,RIVER RD E; OTTAWA ST N; Near; 7 M,3/4/2020 10:07:49 AM,544959.8186,4811036.757
45586,16-199454,9/10/2016 10:07:00 AM,2016,9,10,10,7,0,Saturday,541257.7907,4812530.388,-80.489966,43.464556,Intersection related,1,Non-fatal injury,Thru lane,unknown,unknown,Rear end,Unknown,Daylight,01 - Daylight,Municipal (excl. Twp. Rd.),Stop sign,Functioning,0,0,0,FALSE,FALSE,FALSE,Other,,FALSE,GUELPH ST; ST LEGER ST; At,3/4/2020 10:07:49 AM,541257.7907,4812530.388
45587,16-199538,9/10/2016 11:50:00 AM,2016,9,10,11,50,0,Saturday,543229.7957,4804480.478,-80.466226,43.391963,At intersection,2,P.D. only,Within intersection,unknown,unknown,Turning movement,Unknown,Daylight,01 - Daylight,Regional municipality,Yield sign,Functioning,0,0,0,FALSE,FALSE,FALSE,Clear,,FALSE,HURON RD; STRASBURG RD,3/4/2020 10:07:48 AM,543229.7957,4804480.478
45588,16-199570,9/10/2016 12:28:00 PM,2016,9,10,12,28,0,Saturday,543374.4253,4812532.858,-80.463801,43.464458,At/near private drive,2,P.D. only,Thru lane,unknown,unknown,Turning movement,Unknown,Daylight,01 - Daylight,Regional municipality,No control,unknown,0,0,0,FALSE,FALSE,FALSE,Clear,,FALSE,RIVER RD W; VICTORIA ST N; Near; 2 M,3/4/2020 10:07:47 AM,543374.4253,4812532.858
45589,16-199855,9/10/2016 7:00:00 PM,2016,9,10,19,0,0,Saturday,547937.1594,4811358.612,-80.407501,43.453607,At/near private drive,2,P.D. only,Right shoulder,unknown,unknown,SMV unattended vehicle,Unknown,Daylight,01 - Daylight,Regional municipality,No control,unknown,0,0,0,FALSE,FALSE,FALSE,Clear,,FALSE,OLD ZELLER DR; OLD ZELLER DR ; At; 5 M,3/4/2020 10:07:47 AM,547937.1594,4811358.612
45590,16-200325,9/10/2016 11:00:00 PM,2016,9,10,23,0,0,Saturday,539079.6976,4805943.871,-80.517363,43.405367,Non intersection,2,P.D. only,Thru lane,unknown,unknown,SMV unattended vehicle,Unknown,Dark,07 - Dark,Municipal (excl. Twp. Rd.),No control,unknown,0,0,0,FALSE,FALSE,FALSE,Clear,,FALSE,ACTIVA AVE; ACTIVA AVE ; At; 1 M,3/7/2019 1:21:46 PM,539079.6976,4805943.871
45591,16-200509,9/11/2016 1:05:00 PM,2016,9,11,13,5,0,Sunday,538249.8207,4809880.48,-80.527336,43.440855,Intersection related,2,P.D. only,Thru lane,unknown,unknown,Rear end,Unknown,Daylight,01 - Daylight,Municipal (excl. Twp. Rd.),Stop sign,Functioning,0,0,0,FALSE,FALSE,FALSE,Clear,,FALSE,DALEGROVE DR; HAZELGLEN DR,3/4/2020 10:07:46 AM,538249.8207,4809880.48
45592,16-201033,9/12/2016 8:16:00 AM,2016,9,12,8,16,0,Monday,541944.9312,4815919.35,-80.481211,43.495031,Non intersection,2,P.D. only,Thru lane,unknown,unknown,SMV unattended vehicle,Unknown,Daylight,01 - Daylight,Municipal (excl. Twp. Rd.),No control,unknown,0,0,0,FALSE,FALSE,FALSE,Clear,,FALSE,HAWKSWOOD DR; OWL RIDGE ST; Near; 5 M,3/4/2020 10:07:45 AM,541944.9312,4815919.35
45593,16-201045,9/12/2016 8:30:00 AM,2016,9,12,8,30,0,Monday,536889.5282,4808542.874,-80.544235,43.42888,At intersection,1,Non-fatal injury,Within intersection,unknown,unknown,SMV other,Unknown,Daylight,01 - Daylight,Municipal (excl. Twp. Rd.),Stop sign,Functioning,0,0,0,TRUE,FALSE,FALSE,Clear,,FALSE,HIDDEN CREEK DR; WESTFOREST TRAIL,3/7/2019 1:21:45 PM,536889.5282,4808542.874
45594,16-201230,9/12/2016 12:03:00 PM,2016,9,12,12,3,0,Monday,541662.0191,4810407.594,-80.485131,43.44542,Intersection related,1,Non-fatal injury,Within intersection,unknown,unknown,Angle,Unknown,Daylight,01 - Daylight,Regional municipality,Stop sign,Functioning,0,0,0,FALSE,TRUE,FALSE,Clear,,FALSE,CEDAR ST S; CHURCH ST; At; 5 M,3/4/2020 10:07:45 AM,541662.0191,4810407.594
45595,16-201703,9/13/2016 12:19:00 AM,2016,9,13,0,19,0,Tuesday,543289.4715,4808647.406,-80.465159,43.429478,At intersection,2,P.D. only,Within intersection,unknown,unknown,SMV other,Unknown,Dark,07 - Dark,Municipal (excl. Twp. Rd.),Stop sign,Functioning,0,0,0,FALSE,FALSE,FALSE,Clear,,FALSE,VANIER DR ; BONIFACE AVE,3/4/2020 10:07:44 AM,543289.4715,4808647.406
45596,16-202141,9/13/2016 1:00:00 PM,2016,9,13,13,0,0,Tuesday,538997.4237,4807769.895,-80.518249,43.421813,At/near private drive,2,Non-reportable,Right shoulder,unknown,unknown,SMV unattended vehicle,Unknown,Daylight,01 - Daylight,Municipal (excl. Twp. Rd.),No control,unknown,0,0,0,FALSE,FALSE,FALSE,Clear,,FALSE,FOREST GLEN CRES; FOREST GLEN CRES ; At; 6 M,3/4/2020 10:07:43 AM,538997.4237,4807769.895
45597,16-202282,9/13/2016 8:30:00 AM,2016,9,13,8,30,0,Tuesday,538721.028,4806018.476,-80.521787,43.406057,Non intersection,2,P.D. only,Thru lane,unknown,unknown,SMV unattended vehicle,Unknown,Daylight,01 - Daylight,Municipal (excl. Twp. Rd.),No control,unknown,0,0,0,FALSE,FALSE,FALSE,Clear,,FALSE,PEACH BLOSSOM CRT; PEACH BLOSSOM CRT ; Near,3/4/2020 10:07:43 AM,538721.028,4806018.476
45598,16-202328,9/13/2016 7:33:00 PM,2016,9,13,19,33,0,Tuesday,540408.4256,4809295.745,-80.500705,43.435477,Intersection related,2,P.D. only,Not on roadway - right side,unknown,unknown,SMV other,Unknown,"Dusk, artificial","06 - Dusk, artificial",Municipal (excl. Twp. Rd.),Stop sign,Functioning,0,0,0,FALSE,FALSE,FALSE,Clear,,FALSE,SOUTH DR ; GLEN RD ; At,3/4/2020 10:07:42 AM,540408.4256,4809295.745
45599,16-202358,9/9/2016 4:55:00 PM,2016,9,9,16,55,0,Friday,542360.3085,4810257.517,-80.476514,43.444029,Non intersection,2,P.D. only,Thru lane,unknown,unknown,Turning movement,Unknown,Daylight,01 - Daylight,Regional municipality,No control,unknown,0,0,0,FALSE,FALSE,FALSE,Clear,,FALSE,KING ST E; STIRLING AVE N,3/4/2020 10:07:41 AM,542360.3085,4810257.517
45600,16-202987,9/14/2016 4:00:00 PM,2016,9,14,16,0,0,Wednesday,543756.3034,4809221.772,-80.459346,43.434623,Intersection related,2,P.D. only,Thru lane,unknown,unknown,Turning movement,Unknown,Daylight,01 - Daylight,Municipal (excl. Twp. Rd.),Stop sign,Functioning,0,0,0,FALSE,FALSE,FALSE,Clear,,FALSE,ECKERT ST; DIXON ST; Near; 14 M,3/4/2020 10:07:41 AM,543756.3034,4809221.773
45601,16-203096,9/14/2016 5:00:00 PM,2016,9,14,17,0,0,Wednesday,542525.201,4811475.326,-80.474381,43.454985,At/near private drive,2,P.D. only,Thru lane,unknown,unknown,SMV unattended vehicle,Unknown,Daylight,01 - Daylight,Municipal (excl. Twp. Rd.),No control,unknown,0,0,0,FALSE,FALSE,FALSE,Clear,,FALSE,EAST AVE; EAST AVE ; At,3/4/2020 10:07:40 AM,542525.201,4811475.326
45602,16-204204,9/15/2016 2:01:00 AM,2016,9,15,2,1,0,Thursday,547427.8336,4811392.318,-80.413793,43.453943,Non intersection,1,Non-fatal injury,Thru lane,unknown,unknown,SMV unattended vehicle,Unknown,"Dark, artificial","08 - Dark, artificial",Municipal (excl. Twp. Rd.),No control,unknown,0,0,0,FALSE,FALSE,FALSE,Clear,,FALSE,ZELLER DR; ZELLER DR ; Near; 5 M,3/4/2020 10:07:39 AM,547427.8336,4811392.318
45603,16-204624,9/16/2016 11:30:00 AM,2016,9,16,11,30,0,Friday,544731.632,4811506.726,-80.447108,43.455139,Intersection related,2,P.D. only,Thru lane,unknown,unknown,Rear end,Unknown,Daylight,01 - Daylight,Municipal (excl. Twp. Rd.),No control,unknown,0,0,0,FALSE,FALSE,FALSE,Clear,,FALSE,RIVER RD E; GIBSON DR; At,3/4/2020 10:07:38 AM,544731.632,4811506.726
45604,16-204659,9/16/2016 3:27:00 PM,2016,9,16,15,27,0,Friday,545107.6579,4807724.717,-80.442773,43.421063,At/near private drive,2,P.D. only,Right turn lane,unknown,unknown,Turning movement,Unknown,Daylight,01 - Daylight,Regional municipality,Traffic signal,Functioning,0,0,0,FALSE,FALSE,FALSE,Clear,,FALSE,WILSON AVE ; FAIRWAY RD S; At; 3 M,3/4/2020 10:07:38 AM,545107.6579,4807724.717
45605,16-204683,9/16/2016 3:59:00 PM,2016,9,16,15,59,0,Friday,545080.8873,4804783.018,-80.443346,43.394578,Non intersection,2,P.D. only,Thru lane,unknown,unknown,Turning movement,Unknown,Daylight,01 - Daylight,Regional municipality,No control,unknown,0,0,0,FALSE,FALSE,FALSE,Clear,,FALSE,PIONEER DR; PIONEER DR; At; 0 M,3/4/2020 10:07:37 AM,545080.8873,4804783.018
45606,16-205263,9/17/2016 9:30:00 AM,2016,9,17,9,30,0,Saturday,541496.7714,4808744.679,-80.4873,43.430456,At intersection,2,P.D. only,Within intersection,unknown,unknown,Turning movement,Unknown,Daylight,01 - Daylight,Municipal (excl. Twp. Rd.),Stop sign,Functioning,0,0,0,FALSE,FALSE,FALSE,Clear,,FALSE,HIGHLAND RD E; HOFFMAN ST,3/4/2020 10:07:36 AM,541496.7714,4808744.679
45607,16-205425,9/17/2016 1:30:00 PM,2016,9,17,13,30,0,Saturday,544559.2912,4811737.958,-80.449219,43.457231,At intersection,2,P.D. only,Within intersection,unknown,unknown,Turning movement,Unknown,Daylight,01 - Daylight,Municipal (excl. Twp. Rd.),Traffic signal,Functioning,0,0,0,FALSE,FALSE,FALSE,Rain,,FALSE,RIVER RD E; LORRAINE AVE,3/4/2020 10:07:36 AM,544559.2912,4811737.958
45608,16-205486,9/17/2016 3:45:00 PM,2016,9,17,15,45,0,Saturday,541752.2334,4813914.108,-80.483748,43.476987,Non intersection,1,Non-fatal injury,Thru lane,unknown,unknown,Rear end,Unknown,Daylight,01 - Daylight,Municipal (excl. Twp. Rd.),No control,unknown,0,0,0,FALSE,FALSE,FALSE,Rain,,FALSE,BRIDGEPORT RD ; RIVERBEND DR ; 150 M,3/4/2020 10:07:35 AM,541752.2334,4813914.108
45609,16-205496,9/17/2016 3:57:00 PM,2016,9,17,15,57,0,Saturday,542842.1794,4809871.884,-80.470589,43.440529,At intersection,2,P.D. only,Within intersection,unknown,unknown,Angle,Unknown,Daylight,01 - Daylight,Regional municipality,Stop sign,Functioning,0,0,0,FALSE,FALSE,FALSE,Rain,,FALSE,CHARLES ST E; SYDNEY ST S,3/4/2020 10:07:34 AM,542842.1794,4809871.884
45610,16-205498,9/16/2016 10:30:00 AM,2016,9,16,10,30,0,Friday,543895.412,4811906.526,-80.457411,43.458788,Intersection related,2,P.D. only,Right turn lane,unknown,unknown,Rear end,Unknown,Daylight,01 - Daylight,Regional municipality,Traffic signal,Functioning,0,0,0,FALSE,FALSE,FALSE,Clear,,FALSE,KRUG ST; RIVER RD E; At,3/4/2020 10:07:34 AM,543895.412,4811906.526
45611,16-205511,9/17/2016 3:30:00 PM,2016,9,17,15,30,0,Saturday,541229.349,4810748.504,-80.490453,43.448513,Intersection related,2,P.D. only,Thru lane,unknown,unknown,Rear end,Unknown,Daylight,01 - Daylight,Regional municipality,Stop sign,Functioning,0,0,0,FALSE,FALSE,FALSE,Rain,,FALSE,QUEEN ST S; CHURCH ST; Near,3/4/2020 10:07:33 AM,541229.349,4810748.504
45612,16-206033,9/17/2016 4:15:00 PM,2016,9,17,16,15,0,Saturday,545494.8105,4804751.469,-80.438238,43.394269,At/near private drive,2,P.D. only,Right shoulder,unknown,unknown,SMV unattended vehicle,Unknown,Daylight,01 - Daylight,Municipal (excl. Twp. Rd.),No control,unknown,0,0,0,FALSE,FALSE,FALSE,Rain,,FALSE,UPPER CANADA DR; UPPER CANADA DR ; Near,3/4/2020 10:07:32 AM,545494.8105,4804751.469
45613,16-206237,9/17/2016 1:00:00 AM,2016,9,17,1,0,0,Saturday,546320.4294,4804888.022,-80.428032,43.395448,Non intersection,2,P.D. only,Right shoulder,unknown,unknown,SMV unattended vehicle,Unknown,"Dark, artificial","08 - Dark, artificial",Municipal (excl. Twp. Rd.),No control,unknown,0,0,0,FALSE,FALSE,FALSE,Clear,,FALSE,GREEN VALLEY DR; GREEN VALLEY DR,3/4/2020 10:07:32 AM,546320.4294,4804888.022
45614,16-206282,9/18/2016 2:10:00 PM,2016,9,18,14,10,0,Sunday,541734.3956,4809933.321,-80.484273,43.441145,Non intersection,2,P.D. only,Thru lane,unknown,unknown,Sideswipe,Unknown,Daylight,01 - Daylight,Regional municipality,No control,unknown,0,0,0,FALSE,FALSE,FALSE,Clear,,FALSE,STIRLING AVE S; COURTLAND AVE E; Near; 5 M,3/4/2020 10:07:31 AM,541734.3955,4809933.321
45615,16-206701,9/19/2016 6:47:00 AM,2016,9,19,6,47,0,Monday,541819.3139,4805293.484,-80.483579,43.399363,Non intersection,2,P.D. only,Not on roadway - left side,unknown,unknown,SMV other,Unknown,Dawn,03 - Dawn,Municipal (excl. Twp. Rd.),No control,unknown,0,0,0,FALSE,FALSE,FALSE,Clear,,FALSE,TRILLIUM DR; TRILLIUM DR ; At; 11 M,3/4/2020 10:07:30 AM,541819.3139,4805293.484
45616,16-206819,9/19/2016 8:58:00 AM,2016,9,19,8,58,0,Monday,546176.2591,4814127.416,-80.42903,43.478648,At/near private drive,2,P.D. only,Thru lane,unknown,unknown,Other,Unknown,Daylight,01 - Daylight,Municipal (excl. Twp. Rd.),No control,unknown,0,0,0,FALSE,FALSE,FALSE,Clear,,FALSE,SHIRLEY DR; SHIRLEY DR; At,3/4/2020 10:07:30 AM,546176.2591,4814127.416
45617,16-207014,9/19/2016 1:50:00 PM,2016,9,19,13,50,0,Monday,540266.3575,4811529.073,-80.502296,43.455594,Non intersection,2,Non-reportable,Thru lane,unknown,unknown,SMV unattended vehicle,Unknown,Daylight,01 - Daylight,Municipal (excl. Twp. Rd.),No control,unknown,0,0,0,FALSE,FALSE,FALSE,Clear,,FALSE,LOUISA ST; MOORE AVE; 50 M,3/4/2020 10:07:29 AM,540266.3575,4811529.073
45618,16-207177,9/19/2016 4:15:00 PM,2016,9,19,16,15,0,Monday,541226.1172,4811865.965,-80.490408,43.458575,Intersection related,2,P.D. only,Thru lane,unknown,unknown,Rear end,Unknown,Daylight,01 - Daylight,Municipal (excl. Twp. Rd.),Traffic signal,Functioning,0,0,0,FALSE,FALSE,FALSE,Clear,,FALSE,WELLINGTON ST N; MARGARET AVE; At,3/4/2020 10:07:28 AM,541226.1172,4811865.966
45619,16-207647,9/20/2016 10:06:00 AM,2016,9,20,10,6,0,Tuesday,545434.4954,4808343.049,-80.438684,43.426611,At intersection,1,Non-fatal injury,Within intersection,unknown,unknown,SMV other,Unknown,Daylight,01 - Daylight,Municipal (excl. Twp. Rd.),Stop sign,Functioning,0,0,0,TRUE,FALSE,FALSE,Clear,,FALSE,KINGSWAY DR; CEDARWOODS CRES; 5 M,3/4/2020 10:07:28 AM,545434.4954,4808343.049
45620,16-207949,9/20/2016 4:39:00 PM,2016,9,20,16,39,0,Tuesday,543344.4439,4807354.355,-80.464583,43.417833,At/near private drive,1,Non-fatal injury,Thru lane,unknown,unknown,Other,Unknown,Daylight,01 - Daylight,Municipal (excl. Twp. Rd.),No control,unknown,0,0,0,FALSE,FALSE,FALSE,Clear,,FALSE,FALLOWFIELD DR; FALLOWFIELD DR ; At; 4 M,3/4/2020 10:07:27 AM,543344.4439,4807354.355
45621,16-207976,9/20/2016 5:10:00 PM,2016,9,20,17,10,0,Tuesday,542495.9364,4812516.156,-80.474662,43.464358,Non intersection,1,Non-fatal injury,Thru lane,unknown,unknown,Turning movement,Unknown,Daylight,01 - Daylight,Municipal (excl. Twp. Rd.),No control,unknown,0,0,0,FALSE,FALSE,FALSE,Clear,,FALSE,WELLINGTON ST N; WELLINGTON ST N; 15 M,3/4/2020 10:07:26 AM,542495.9364,4812516.156
45622,16-208117,9/20/2016 8:40:00 PM,2016,9,20,20,40,0,Tuesday,540528.5732,4809292.053,-80.499221,43.435437,Non intersection,2,Non-reportable,Thru lane,unknown,unknown,SMV unattended vehicle,Unknown,"Dark, artificial","08 - Dark, artificial",Municipal (excl. Twp. Rd.),No control,unknown,0,0,0,FALSE,FALSE,FALSE,Clear,,FALSE,PERTH RD; PERTH RD; 1 M,3/4/2020 10:07:25 AM,540528.5732,4809292.053
45623,16-208560,9/21/2016 8:45:00 AM,2016,9,21,8,45,0,Wednesday,539986.9407,4810973.889,-80.50579,43.45061,Non intersection,2,P.D. only,Thru lane,unknown,unknown,SMV other,Unknown,Daylight,01 - Daylight,Municipal (excl. Twp. Rd.),No control,unknown,0,0,0,FALSE,FALSE,FALSE,Clear,,FALSE,PARK ST; PARK ST; Near,3/4/2020 10:07:25 AM,539986.9407,4810973.889
45624,16-208795,9/21/2016 3:30:00 PM,2016,9,21,15,30,0,Wednesday,541347.1901,4809264.872,-80.489109,43.435148,At/near private drive,2,P.D. only,Thru lane,unknown,unknown,SMV unattended vehicle,Unknown,Daylight,01 - Daylight,Municipal (excl. Twp. Rd.),No control,unknown,0,0,0,FALSE,FALSE,FALSE,Clear,,FALSE,CHARLES BEST PL; CHARLES BEST PL,3/4/2020 10:07:24 AM,541347.1901,4809264.872
45625,16-208827,9/21/2016 4:50:00 PM,2016,9,21,16,50,0,Wednesday,540794.3213,4809158.909,-80.495948,43.434224,At/near private drive,2,P.D. only,Thru lane,unknown,unknown,Turning movement,Unknown,Daylight,01 - Daylight,Municipal (excl. Twp. Rd.),No control,unknown,0,0,0,FALSE,FALSE,FALSE,Clear,,FALSE,STIRLING AVE S; STIRLING AVE ; At,3/4/2020 10:07:23 AM,540794.3213,4809158.909
45626,16-208958,9/21/2016 9:08:00 PM,2016,9,21,21,8,0,Wednesday,541523.0837,4808689.249,-80.486979,43.429955,Non intersection,1,Non-fatal injury,Thru lane,unknown,unknown,SMV unattended vehicle,Unknown,Dark,07 - Dark,Regional municipality,Stop sign,Functioning,0,0,0,FALSE,FALSE,FALSE,Clear,,FALSE,HOFFMAN ST; HIGHLAND RD E; 60 M,3/4/2020 10:07:23 AM,541523.0837,4808689.249
45627,16-209205,9/22/2016 7:58:00 AM,2016,9,22,7,58,0,Thursday,540641.2089,4811701.595,-80.49765,43.457127,At intersection,1,Non-fatal injury,Within intersection,unknown,unknown,Angle,Unknown,Daylight,01 - Daylight,Municipal (excl. Twp. Rd.),Stop sign,Functioning,0,0,0,FALSE,FALSE,FALSE,Clear,,FALSE,LOUISA ST; DUKE ST W,3/4/2020 10:07:22 AM,540641.2089,4811701.595
45628,16-209519,9/22/2016 2:42:00 PM,2016,9,22,14,42,0,Thursday,538677.7524,4807860.767,-80.522191,43.422648,Non intersection,2,P.D. only,Not on roadway - right side,unknown,unknown,SMV other,Unknown,Daylight,01 - Daylight,Municipal (excl. Twp. Rd.),No control,unknown,0,0,0,FALSE,FALSE,FALSE,Clear,,FALSE,ELM RIDGE DR; ELM RIDGE DR; Near; 5 M,3/4/2020 10:07:21 AM,538677.7524,4807860.767
45629,16-210060,9/22/2016 7:30:00 PM,2016,9,22,19,30,0,Thursday,540440.7948,4809740.418,-80.500273,43.439479,Non intersection,2,P.D. only,Thru lane,unknown,unknown,SMV unattended vehicle,Unknown,Dark,07 - Dark,Municipal (excl. Twp. Rd.),No control,unknown,0,0,0,FALSE,FALSE,FALSE,Clear,,FALSE,GARDEN AVE; SPADINA RD W,3/4/2020 10:07:21 AM,540440.7948,4809740.418
45630,16-210242,9/23/2016 12:05:00 PM,2016,9,23,12,5,0,Friday,545233.5335,4808099.592,-80.441187,43.424431,Intersection related,2,Non-reportable,Thru lane,unknown,unknown,Rear end,Unknown,Daylight,01 - Daylight,Municipal (excl. Twp. Rd.),Stop sign,Functioning,0,0,0,FALSE,FALSE,FALSE,Clear,,FALSE,GREENFIELD AVE; KINGSWAY DR,3/4/2020 10:07:20 AM,545233.5335,4808099.592
45631,16-210364,9/21/2016 4:10:00 PM,2016,9,21,16,10,0,Wednesday,543231.0002,4809049.997,-80.46585,43.433107,At/near private drive,2,P.D. only,Thru lane,unknown,unknown,SMV unattended vehicle,Unknown,Daylight,01 - Daylight,Regional municipality,No control,unknown,0,0,0,FALSE,FALSE,FALSE,Clear,,FALSE,CARWOOD AVE; CARWOOD AVE ; At,3/4/2020 10:07:19 AM,543231.0002,4809049.997
45632,16-210467,9/23/2016 4:43:00 PM,2016,9,23,16,43,0,Friday,541556.3214,4811282.459,-80.486371,43.453303,At intersection,2,P.D. only,Within intersection,unknown,unknown,Angle,Unknown,Daylight,01 - Daylight,Municipal (excl. Twp. Rd.),Stop sign,Functioning,0,0,0,FALSE,FALSE,FALSE,Clear,,FALSE,QUEEN ST N; AHRENS ST E,3/7/2019 1:21:44 PM,541556.3214,4811282.459
45633,16-211080,9/24/2016 10:15:00 AM,2016,9,24,10,15,0,Saturday,542582.0972,4810126.571,-80.473783,43.442837,Intersection related,1,Non-fatal injury,Left turn lane,unknown,unknown,SMV other,Unknown,Daylight,01 - Daylight,Regional municipality,Traffic signal,Functioning,0,0,0,TRUE,FALSE,FALSE,Clear,,FALSE,BORDEN AVE S; KING ST E; 1 M,3/4/2020 10:07:19 AM,542582.0972,4810126.571
45634,16-211353,9/24/2016 2:49:00 PM,2016,9,24,14,49,0,Saturday,549406.1963,4806019.42,-80.389828,43.405438,At/near private drive,2,P.D. only,Thru lane,unknown,unknown,Turning movement,Unknown,Daylight,01 - Daylight,Municipal (excl. Twp. Rd.),No control,unknown,0,0,0,FALSE,FALSE,FALSE,Clear,,FALSE,TU LANE ST; KING ST E; Near; 10 M,3/4/2020 10:07:18 AM,549406.1963,4806019.42
45635,16-211370,9/24/2016 3:16:00 PM,2016,9,24,15,16,0,Saturday,542269.3667,4806934.32,-80.477895,43.414112,At/near private drive,1,Non-fatal injury,Thru lane,unknown,unknown,Angle,Unknown,Daylight,01 - Daylight,Regional municipality,Stop sign,Functioning,0,0,0,FALSE,FALSE,TRUE,Clear,,FALSE,BLOCK LINE RD ; 700 STRASBURG RD ; 200 M,3/4/2020 10:07:17 AM,542269.3667,4806934.32
45636,16-211682,9/24/2016 9:54:00 PM,2016,9,24,21,54,0,Saturday,542313.9572,4810287.891,-80.477084,43.444305,Intersection related,2,P.D. only,Right turn lane,unknown,unknown,Rear end,Unknown,"Dark, artificial","08 - Dark, artificial",Regional municipality,Traffic signal,Functioning,0,1,0,FALSE,FALSE,FALSE,Clear,,FALSE,STIRLING AVE S; KING ST E,3/4/2020 10:07:17 AM,542313.9572,4810287.891
45637,16-211798,9/24/2016 11:51:00 PM,2016,9,24,23,51,0,Saturday,546030.5721,4804903.726,-80.43161,43.395607,At/near private drive,2,P.D. only,Thru lane,unknown,unknown,Turning movement,Unknown,"Dark, artificial","08 - Dark, artificial",Municipal (excl. Twp. Rd.),No control,unknown,0,0,0,FALSE,FALSE,FALSE,Clear,,FALSE,PIONEER DR ; PIONEER DR; Near; 50 M,3/4/2020 10:07:16 AM,546030.5721,4804903.726
45638,16-212138,9/25/2016 7:00:00 AM,2016,9,25,7,0,0,Sunday,542361.0339,4810520.375,-80.476484,43.446396,At/near private drive,2,Non-reportable,Right shoulder,unknown,unknown,SMV unattended vehicle,Unknown,"Dark, artificial","08 - Dark, artificial",Municipal (excl. Twp. Rd.),No control,unknown,0,0,0,FALSE,FALSE,FALSE,Clear,,FALSE,FAIRVIEW AVE; FAIRVIEW AVE ; 1 M,3/4/2020 10:07:15 AM,542361.0339,4810520.375