OBJECTID,ACCIDENTNUM,ACCIDENTDATE,ACCIDENT_YEAR,ACCIDENT_MONTH,ACCIDENT_DAY,ACCIDENT_HOUR,ACCIDENT_MINUTE,ACCIDENT_SECOND,ACCIDENT_WEEKDAY,XCOORD,YCOORD,LONGITUDE,LATITUDE,ACCIDENTLOCATION,COLLISIONTYPE,CLASSIFICATIONOFACCIDENT,IMPACTLOCATION,INITIALDIRECTIONOFTRAVELONE,INITIALDIRECTIONOFTRAVELTWO,INITIALIMPACTTYPE,INTTRAFFICCONTROL,LIGHT,LIGHTFORREPORT,ROADJURISDICTION,TRAFFICCONTROL,TRAFFICCONTROLCONDITION,THRULANENO,NORTHBOUNDDISOBEYCOUNT,SOUTHBOUNDDISOBEYCOUNT,PEDESTRIANINVOLVED,CYCLISTINVOLVED,MOTORCYCLISTINVOLVED,ENVIRONMENTCONDITION1,ENVIRONMENTCONDITION2,SELFREPORTED,XMLIMPORTNOTES,LASTEDITEDDATE,x,y
45639,16-212185,9/25/2016 12:30:00 PM,2016,9,25,12,30,0,Sunday,540729.4269,4806358.792,-80.496958,43.409015,Non intersection,2,P.D. only,Thru lane,unknown,unknown,SMV unattended vehicle,Unknown,Daylight,01 - Daylight,Municipal (excl. Twp. Rd.),No control,unknown,0,0,0,FALSE,FALSE,FALSE,Clear,,FALSE,ERINBROOK DR; TILLSLEY DR; 25 M,3/4/2020 10:07:14 AM,540729.4269,4806358.792
45640,16-212682,9/25/2016 4:50:00 PM,2016,9,25,16,50,0,Sunday,539959.6033,4806814.339,-80.506433,43.413158,At/near private drive,2,P.D. only,Right shoulder,unknown,unknown,SMV unattended vehicle,Unknown,Daylight,01 - Daylight,Municipal (excl. Twp. Rd.),No control,unknown,0,0,0,FALSE,FALSE,FALSE,Clear,,FALSE,DINISON CRES; DINISON CRES,3/4/2020 10:07:14 AM,539959.6033,4806814.339
45641,16-212730,9/26/2016 9:50:00 AM,2016,9,26,9,50,0,Monday,539263.4177,4810014.446,-80.514801,43.442009,At/near private drive,2,Non-reportable,Thru lane,unknown,unknown,Other,Unknown,Daylight,01 - Daylight,Municipal (excl. Twp. Rd.),No control,unknown,0,0,0,FALSE,FALSE,FALSE,Clear,,FALSE,LAWRENCE AVE ; VICTORIA ST S; Near; 10 M,3/4/2020 10:07:13 AM,539263.4177,4810014.447
45642,16-212732,9/26/2016 9:51:00 AM,2016,9,26,9,51,0,Monday,539110.9017,4811655.19,-80.516568,43.456791,Intersection related,1,Non-fatal injury,Left turn lane,unknown,unknown,Sideswipe,Unknown,Daylight,01 - Daylight,Municipal (excl. Twp. Rd.),Traffic signal,Functioning,0,0,0,FALSE,FALSE,FALSE,Clear,,FALSE,UNION BLVD; PARK ST; 25 M,3/4/2020 10:07:12 AM,539110.9017,4811655.19
45643,16-212835,9/26/2016 11:55:00 AM,2016,9,26,11,55,0,Monday,547783.7234,4804385.553,-80.410008,43.390832,Non intersection,2,P.D. only,Thru lane,unknown,unknown,Rear end,Unknown,Daylight,01 - Daylight,Regional municipality,Ped. crossover,Functioning,0,0,0,FALSE,FALSE,FALSE,Rain,,FALSE,DOON VALLEY DR; CONESTOGA COLLEGE BLVD ; Near; 1 M,3/4/2020 10:07:12 AM,547783.7234,4804385.553
45644,16-212873,9/26/2016 12:47:00 PM,2016,9,26,12,47,0,Monday,542582.0912,4810127.529,-80.473783,43.442846,At intersection,1,Non-fatal injury,Within intersection,unknown,unknown,Turning movement,Unknown,Daylight,01 - Daylight,Regional municipality,Traffic signal,Functioning,0,0,0,FALSE,FALSE,FALSE,Rain,,FALSE,KING ST E; BORDEN AVE N,3/4/2020 10:07:11 AM,542582.0912,4810127.529
45645,16-212893,9/26/2016 12:50:00 PM,2016,9,26,12,50,0,Monday,541661.0588,4809817.427,-80.485188,43.440106,At/near private drive,2,P.D. only,Thru lane,unknown,unknown,Rear end,Unknown,Daylight,01 - Daylight,Municipal (excl. Twp. Rd.),No control,unknown,0,0,0,FALSE,FALSE,FALSE,Rain,,FALSE,STIRLING AVE S; STIRLING AVE S; Near,3/4/2020 10:07:10 AM,541661.0588,4809817.427
45646,16-212946,9/26/2016 2:30:00 PM,2016,9,26,14,30,0,Monday,545626.2903,4804043.826,-80.436673,43.387889,Non intersection,2,P.D. only,Not on roadway - left side,unknown,unknown,SMV other,Unknown,Daylight,01 - Daylight,Municipal (excl. Twp. Rd.),No control,unknown,0,0,0,FALSE,FALSE,FALSE,Rain,,FALSE,TILT DR ; DOON MILLS DR ; Near; 30 M,3/4/2020 10:07:09 AM,545626.2903,4804043.826
45647,16-213121,9/26/2016 6:00:00 PM,2016,9,26,18,0,0,Monday,545680.1741,4813883.186,-80.435185,43.476479,Non intersection,1,Non-fatal injury,Thru lane,unknown,unknown,Rear end,Unknown,Daylight,01 - Daylight,Municipal (excl. Twp. Rd.),No control,unknown,0,0,0,FALSE,FALSE,FALSE,Clear,,FALSE,SHIRLEY AVE; CEDARVIEW PL ; 144 M,3/4/2020 10:07:09 AM,545680.1741,4813883.186
45648,16-213629,9/26/2016 8:00:00 PM,2016,9,26,20,0,0,Monday,538248.5967,4809338.888,-80.527389,43.435979,Non intersection,2,P.D. only,Left shoulder,unknown,unknown,SMV unattended vehicle,Unknown,"Dark, artificial","08 - Dark, artificial",Municipal (excl. Twp. Rd.),No control,unknown,0,0,0,FALSE,FALSE,FALSE,Clear,,FALSE,CATALINA CRT; CATALINA CRT,3/4/2020 10:07:08 AM,538248.5967,4809338.888
45649,16-214194,9/28/2016 8:44:00 AM,2016,9,28,8,44,0,Wednesday,541956.1313,4810869.239,-80.481461,43.44956,At intersection,2,P.D. only,Within intersection,unknown,unknown,Turning movement,Unknown,Daylight,01 - Daylight,Municipal (excl. Twp. Rd.),No control,unknown,0,0,0,FALSE,FALSE,FALSE,Clear,,FALSE,KRUG ST; LANCASTER ST E,3/7/2019 1:21:43 PM,541956.1313,4810869.239
45650,16-214311,9/28/2016 11:21:00 AM,2016,9,28,11,21,0,Wednesday,540529.8885,4811652.573,-80.49903,43.456692,At/near private drive,2,P.D. only,Right shoulder,unknown,unknown,SMV unattended vehicle,Unknown,Daylight,01 - Daylight,Municipal (excl. Twp. Rd.),No control,unknown,0,0,0,FALSE,FALSE,FALSE,Clear,,FALSE,LOUISA ST; LOUISA ST ; Near; 1 M,3/4/2020 10:07:07 AM,540529.8885,4811652.573
45651,16-214539,9/28/2016 4:11:00 PM,2016,9,28,16,11,0,Wednesday,542457.2328,4807255.01,-80.475549,43.416989,At/near private drive,1,Non-fatal injury,Thru lane,unknown,unknown,Turning movement,Unknown,Daylight,01 - Daylight,Municipal (excl. Twp. Rd.),No control,unknown,0,0,0,FALSE,FALSE,FALSE,Clear,,FALSE,COUNTRY HILL DR ; COUNTRY HILL DR ; Near; 8 M,3/4/2020 10:07:07 AM,542457.2328,4807255.01
45652,16-214970,9/29/2016 8:42:00 AM,2016,9,29,8,42,0,Thursday,539405.016,4810383.186,-80.513025,43.445322,Intersection related,1,Non-fatal injury,Thru lane,unknown,unknown,Rear end,Unknown,Daylight,01 - Daylight,Municipal (excl. Twp. Rd.),No control,unknown,0,0,0,FALSE,FALSE,FALSE,Rain,,FALSE,BELMONT AVE W; KARN ST ; At; 8 M,3/4/2020 10:07:06 AM,539405.016,4810383.186
45653,16-214998,9/29/2016 9:16:00 AM,2016,9,29,9,16,0,Thursday,539050.8056,4811097.426,-80.517351,43.451772,Non intersection,1,Non-fatal injury,Thru lane,unknown,unknown,Rear end,Unknown,Daylight,01 - Daylight,Municipal (excl. Twp. Rd.),Traffic signal,Functioning,0,0,0,FALSE,FALSE,FALSE,Rain,,FALSE,GLASGOW ST; BELMONT AVE W; Near; 30 M,3/4/2020 10:07:05 AM,539050.8056,4811097.426
45654,16-215040,9/28/2016 7:00:00 PM,2016,9,28,19,0,0,Wednesday,535891.8245,4809255.958,-80.556515,43.435349,At/near private drive,2,P.D. only,Thru lane,unknown,unknown,SMV unattended vehicle,Unknown,Daylight,01 - Daylight,Municipal (excl. Twp. Rd.),No control,unknown,0,0,0,FALSE,FALSE,FALSE,Clear,,FALSE,COUNTRYSTONE DR; COUNTRYSTONE DR; At,3/4/2020 10:07:05 AM,535891.8245,4809255.958
45655,16-215289,9/29/2016 3:25:00 PM,2016,9,29,15,25,0,Thursday,544609.448,4809091.248,-80.448815,43.433397,At intersection,2,Non-reportable,Within intersection,unknown,unknown,Angle,Unknown,Daylight,01 - Daylight,Municipal (excl. Twp. Rd.),Traffic signal,Functioning,0,0,0,FALSE,FALSE,FALSE,Rain,,FALSE,KINGSWAY DR; FRANKLIN ST S,3/4/2020 10:07:04 AM,544609.448,4809091.248
45656,16-215367,9/29/2016 6:36:00 PM,2016,9,29,18,36,0,Thursday,545696.8719,4808780.761,-80.435406,43.430536,At/near private drive,2,P.D. only,Thru lane,unknown,unknown,Other,Unknown,Dusk,05 - Dusk,Regional municipality,No control,unknown,0,0,0,FALSE,FALSE,FALSE,Rain,,FALSE,HUBER ST ; JANSEN AVE ; Near; 1 M,3/4/2020 10:07:03 AM,545696.8719,4808780.761
45657,16-215849,9/30/2016 9:30:00 AM,2016,9,30,9,30,0,Friday,541989.2005,4807423.893,-80.481318,43.418536,Non intersection,2,P.D. only,Thru lane,unknown,unknown,Rear end,Unknown,Daylight,01 - Daylight,Municipal (excl. Twp. Rd.),Ped. crossover,Functioning,0,0,0,FALSE,FALSE,FALSE,Clear,,FALSE,STRASBURG RD; SELKIRK DR; 100 M,3/4/2020 10:07:03 AM,541989.2005,4807423.893
45658,16-216156,9/29/2016 6:00:00 PM,2016,9,29,18,0,0,Thursday,542100.9119,4804305.958,-80.480178,43.390455,At/near private drive,2,P.D. only,Thru lane,unknown,unknown,SMV unattended vehicle,Unknown,Daylight,01 - Daylight,Regional municipality,No control,unknown,0,0,0,FALSE,FALSE,FALSE,Rain,,FALSE,BIANCA CRT; BIANCA CRT ; At,3/4/2020 10:07:02 AM,542100.9119,4804305.959
45659,16-216991,10/1/2016 11:30:00 AM,2016,10,1,11,30,0,Saturday,541989.103,4810446.513,-80.481086,43.445752,At/near private drive,2,P.D. only,Other,unknown,unknown,SMV unattended vehicle,Unknown,Daylight,01 - Daylight,Municipal (excl. Twp. Rd.),No control,unknown,0,0,0,FALSE,FALSE,FALSE,Rain,,FALSE,CAMERON ST S; CAMERON ST S; Near,3/4/2020 10:07:01 AM,541989.103,4810446.513
45660,16-217220,10/1/2016 7:48:00 PM,2016,10,1,19,48,0,Saturday,541757.0776,4811625.743,-80.483863,43.456382,At intersection,1,Non-fatal injury,Within intersection,unknown,unknown,SMV other,Unknown,Dark,07 - Dark,Municipal (excl. Twp. Rd.),Stop sign,Functioning,0,0,0,TRUE,FALSE,FALSE,Clear,,FALSE,QUEEN ST N; ST.LEGER ST,3/7/2019 1:21:42 PM,541757.0776,4811625.743
45661,16-217599,10/1/2016 11:50:00 PM,2016,10,1,23,50,0,Saturday,541343.3591,4809061.644,-80.489171,43.433318,At intersection,2,P.D. only,Within intersection,unknown,unknown,Turning movement,Unknown,"Dark, artificial","08 - Dark, artificial",Regional municipality,No control,unknown,0,0,0,FALSE,FALSE,FALSE,Rain,,FALSE,HIGHLAND RD E; HEIMAN ST,3/7/2019 1:21:41 PM,541343.3591,4809061.644
45662,16-217777,10/2/2016 2:00:00 PM,2016,10,2,14,0,0,Sunday,539882.1433,4805703.679,-80.50747,43.403162,Non intersection,1,Non-fatal injury,Off highway,unknown,unknown,SMV unattended vehicle,Unknown,Daylight,01 - Daylight,Municipal (excl. Twp. Rd.),No control,unknown,0,0,0,FALSE,FALSE,FALSE,Clear,,FALSE,COPPER LEAF CRES; COPPER LEAF CRES; At; 3 M,3/4/2020 10:07:01 AM,539882.1433,4805703.679
45663,16-217919,10/2/2016 5:49:00 PM,2016,10,2,17,49,0,Sunday,543911.7779,4811589.345,-80.457234,43.455931,Other,2,P.D. only,Off highway,unknown,unknown,SMV other,Unknown,Daylight,01 - Daylight,Municipal (excl. Twp. Rd.),No control,unknown,0,0,0,FALSE,FALSE,FALSE,Rain,,FALSE,CHELSEA RD; At,3/4/2020 10:07:00 AM,543911.7779,4811589.345
45664,16-218369,10/1/2016 6:00:00 AM,2016,10,1,6,0,0,Saturday,542314.6116,4806866.184,-80.477341,43.413496,At/near private drive,2,P.D. only,Thru lane,unknown,unknown,SMV unattended vehicle,Unknown,Dark,07 - Dark,Regional municipality,No control,unknown,0,0,0,FALSE,FALSE,FALSE,Clear,,FALSE,STRASBURG RD; STRASBURG RD ; Near,3/4/2020 10:06:59 AM,542314.6116,4806866.184
45665,16-218373,10/3/2016 10:47:00 AM,2016,10,3,10,47,0,Monday,539451.5424,4807982.991,-80.512623,43.423708,Non intersection,1,Non-fatal injury,Not on roadway - right side,unknown,unknown,SMV other,Unknown,Daylight,01 - Daylight,Municipal (excl. Twp. Rd.),No control,unknown,0,0,0,FALSE,FALSE,FALSE,Clear,,FALSE,GREENBROOK DR; GREENBROOK DR ; 12 M,3/4/2020 10:06:59 AM,539451.5424,4807982.991
45666,16-218379,10/3/2016 10:54:00 AM,2016,10,3,10,54,0,Monday,542405.6372,4806620.351,-80.476236,43.411277,At intersection,2,P.D. only,Within intersection,unknown,unknown,Turning movement,Unknown,Daylight,01 - Daylight,Municipal (excl. Twp. Rd.),Stop sign,Functioning,0,0,0,FALSE,FALSE,FALSE,Clear,,FALSE,STRASBURG RD; OLD COUNTRY DR,3/4/2020 10:06:58 AM,542405.6372,4806620.351
45667,16-218415,10/2/2016 8:00:00 PM,2016,10,2,20,0,0,Sunday,542788.6806,4803737.06,-80.471731,43.385294,Non intersection,2,Non-reportable,Thru lane,unknown,unknown,SMV unattended vehicle,Unknown,"Dark, artificial","08 - Dark, artificial",Municipal (excl. Twp. Rd.),No control,unknown,0,0,0,FALSE,FALSE,FALSE,Clear,,FALSE,BANFFSHIRE CRT; BANFFSHIRE CRT; At; 2 M,3/4/2020 10:06:57 AM,542788.6806,4803737.06
45668,16-218609,10/3/2016 3:21:00 PM,2016,10,3,15,21,0,Monday,540973.0397,4809287.402,-80.49373,43.435371,Intersection related,1,Non-fatal injury,Thru lane,unknown,unknown,Rear end,Unknown,Daylight,01 - Daylight,Municipal (excl. Twp. Rd.),Stop sign,Functioning,0,0,0,FALSE,FALSE,FALSE,Clear,,FALSE,STIRLING AVE S; LORNE AVE; Near; 18.3 M,3/4/2020 10:06:57 AM,540973.0397,4809287.402
45669,16-218671,10/3/2016 3:35:00 PM,2016,10,3,15,35,0,Monday,545539.9372,4803601.884,-80.437776,43.383915,Intersection related,2,P.D. only,Thru lane,unknown,unknown,Rear end,Unknown,Daylight,01 - Daylight,Municipal (excl. Twp. Rd.),Stop sign,Functioning,0,0,0,FALSE,FALSE,FALSE,Clear,,FALSE,APPLE RIDGE DR; WOODFIELD ST; At,3/4/2020 10:06:56 AM,545539.9372,4803601.884
45670,16-218825,10/3/2016 2:00:00 AM,2016,10,3,2,0,0,Monday,545476.6758,4812485.115,-80.437818,43.463903,At/near private drive,2,P.D. only,Thru lane,unknown,unknown,SMV unattended vehicle,Unknown,"Dusk, artificial","06 - Dusk, artificial",Municipal (excl. Twp. Rd.),No control,unknown,0,0,0,FALSE,FALSE,FALSE,Rain,,FALSE,WORDSWORTH PL; WORDSWORTH PL; Near,3/4/2020 10:06:55 AM,545476.6758,4812485.115
45671,16-219563,10/4/2016 5:45:00 PM,2016,10,4,17,45,0,Tuesday,541253.5514,4809430.419,-80.490253,43.436644,Non intersection,2,P.D. only,Thru lane,unknown,unknown,Rear end,Unknown,Daylight,01 - Daylight,Municipal (excl. Twp. Rd.),No control,unknown,0,0,0,FALSE,FALSE,FALSE,Clear,,FALSE,STIRLING AVE S; RUSSEL ST; 19 M,3/4/2020 10:06:55 AM,541253.5514,4809430.419
45672,16-219592,10/4/2016 2:15:00 PM,2016,10,4,14,15,0,Tuesday,541761.8796,4803536.769,-80.484422,43.383549,At intersection,2,P.D. only,Within intersection,unknown,unknown,Turning movement,Unknown,Daylight,01 - Daylight,Municipal (excl. Twp. Rd.),Stop sign,Functioning,0,0,0,FALSE,FALSE,FALSE,Clear,,FALSE,VERONA ST; SIENNA CRES,3/4/2020 10:06:54 AM,541761.8796,4803536.769
45673,16-219640,10/4/2016 7:10:00 PM,2016,10,4,19,10,0,Tuesday,542239.3131,4806970.564,-80.478263,43.41444,At/near private drive,2,P.D. only,Thru lane,unknown,unknown,Turning movement,Unknown,Daylight,01 - Daylight,Municipal (excl. Twp. Rd.),Stop sign,Functioning,0,0,0,FALSE,FALSE,FALSE,Clear,,FALSE,STRASBURG RD; STRASBURG RD ; At; 3 M,3/4/2020 10:06:53 AM,542239.3131,4806970.564
45674,16-220049,10/5/2016 9:21:00 AM,2016,10,5,9,21,0,Wednesday,541876.1095,4811809.422,-80.482378,43.45803,At intersection,1,Non-fatal injury,Within intersection,unknown,unknown,Turning movement,Unknown,Daylight,01 - Daylight,Regional municipality,Stop sign,Functioning,0,0,0,FALSE,FALSE,TRUE,Clear,,FALSE,LANCASTER ST E; QUEEN ST N,3/7/2019 1:21:39 PM,541876.1095,4811809.422
45675,16-220094,10/5/2016 8:30:00 AM,2016,10,5,8,30,0,Wednesday,540310.4616,4811549.897,-80.501749,43.455779,Intersection related,2,P.D. only,Not on roadway - right side,unknown,unknown,SMV other,Unknown,Daylight,01 - Daylight,Regional municipality,Stop sign,Functioning,0,0,0,FALSE,FALSE,FALSE,Clear,,FALSE,LOUISA ST; MOORE AVE; At,3/4/2020 10:06:52 AM,540310.4616,4811549.897
45676,16-220299,10/5/2016 2:51:00 PM,2016,10,5,14,51,0,Wednesday,542904.6015,4805687.319,-80.470147,43.402848,Non intersection,1,Non-fatal injury,Not on roadway - right side,unknown,unknown,SMV other,Unknown,Daylight,01 - Daylight,Regional municipality,No control,unknown,0,0,0,FALSE,FALSE,TRUE,Clear,,FALSE,STRASBURG RD; STRASBURG RD; At; 1 M,3/4/2020 10:06:51 AM,542904.6015,4805687.319
45677,16-220347,10/5/2016 8:00:00 AM,2016,10,5,8,0,0,Wednesday,539478.0869,4805896.672,-80.512446,43.404921,Non intersection,2,P.D. only,Thru lane,unknown,unknown,SMV unattended vehicle,Unknown,"Dark, artificial","08 - Dark, artificial",Municipal (excl. Twp. Rd.),No control,unknown,0,0,0,FALSE,FALSE,FALSE,Clear,,FALSE,MOUNTAIN LAUREL CRES; MOUNTAIN LAUREL CRES ; Near,3/4/2020 10:06:51 AM,539478.0869,4805896.672
45678,16-220574,10/5/2016 8:32:00 PM,2016,10,5,20,32,0,Wednesday,542784.2818,4804145.006,-80.471753,43.388968,Intersection related,2,P.D. only,Thru lane,unknown,unknown,Rear end,Unknown,"Dark, artificial","08 - Dark, artificial",Regional municipality,Stop sign,Functioning,0,0,0,FALSE,FALSE,FALSE,Clear,,FALSE,PARKVALE DR ; HURON RD,3/4/2020 10:06:50 AM,542784.2818,4804145.006
45679,16-220996,10/6/2016 10:34:00 AM,2016,10,6,10,34,0,Thursday,542652.1132,4807352.656,-80.473135,43.417857,At intersection,1,Non-fatal injury,Within intersection,unknown,unknown,SMV other,Unknown,Daylight,01 - Daylight,Regional municipality,Traffic signal,Functioning,0,0,0,TRUE,FALSE,FALSE,Clear,,FALSE,BLOCK LINE RD; KINGSWOOD DR; 4 M,3/4/2020 10:06:49 AM,542652.1132,4807352.656
45680,16-221233,10/6/2016 11:00:00 AM,2016,10,6,11,0,0,Thursday,540129.7288,4811572.645,-80.503982,43.455993,At intersection,2,P.D. only,Within intersection,unknown,unknown,Turning movement,Unknown,Daylight,01 - Daylight,Municipal (excl. Twp. Rd.),Stop sign,Functioning,0,0,0,FALSE,FALSE,FALSE,Clear,,FALSE,SHANLEY ST; BRAUN ST,3/4/2020 10:06:49 AM,540129.7288,4811572.645
45681,16-221395,10/6/2016 7:18:00 PM,2016,10,6,19,18,0,Thursday,544116.8234,4811895.443,-80.454675,43.458675,At intersection,1,Non-fatal injury,Within intersection,unknown,unknown,Turning movement,Unknown,"Dark, artificial","08 - Dark, artificial",Regional municipality,No control,unknown,0,0,0,FALSE,TRUE,FALSE,Clear,,FALSE,RIVER RD E; MANCHESTER RD,3/4/2020 10:06:48 AM,544116.8234,4811895.443
45682,16-221399,10/6/2016 7:00:00 PM,2016,10,6,19,0,0,Thursday,539048.8882,4811096.457,-80.517375,43.451763,At/near private drive,2,P.D. only,Thru lane,unknown,unknown,Other,Unknown,"Dark, artificial","08 - Dark, artificial",Regional municipality,No control,unknown,0,0,0,FALSE,FALSE,FALSE,Clear,,FALSE,GLASGOW ST; GLASGOW ST; At,3/4/2020 10:06:47 AM,539048.8882,4811096.457
45683,16-221819,10/7/2016 8:40:00 AM,2016,10,7,8,40,0,Friday,546062.9774,4809493.93,-80.430823,43.436935,At intersection,1,Non-fatal injury,Within intersection,unknown,unknown,Angle,Unknown,Daylight,01 - Daylight,Municipal (excl. Twp. Rd.),Traffic signal,Functioning,0,0,0,FALSE,TRUE,FALSE,Clear,,FALSE,KINZIE AVE; RIVER RD E,3/4/2020 10:06:46 AM,546062.9774,4809493.93
45684,16-222113,10/7/2016 10:30:00 AM,2016,10,7,10,30,0,Friday,544347.1165,4805121.752,-80.452379,43.397672,At/near private drive,2,P.D. only,Off highway,unknown,unknown,SMV unattended vehicle,Unknown,Daylight,01 - Daylight,Private property,No control,unknown,0,0,0,FALSE,FALSE,FALSE,Clear,,FALSE,CLUTHE CRES; CLUTHE CRES ; At; 1 M,3/4/2020 10:06:46 AM,544347.1165,4805121.752
45685,16-222232,10/7/2016 4:40:00 PM,2016,10,7,16,40,0,Friday,539801.0451,4810739.46,-80.508105,43.448509,At intersection,1,Non-fatal injury,Within intersection,unknown,unknown,Turning movement,Unknown,Daylight,01 - Daylight,Municipal (excl. Twp. Rd.),No control,unknown,0,0,0,FALSE,FALSE,FALSE,Clear,,FALSE,STRANGE ST ; WAVERLY RD,3/4/2020 10:06:45 AM,539801.0451,4810739.46
45686,16-222349,10/7/2016 3:35:00 PM,2016,10,7,15,35,0,Friday,541980.5203,4808280.793,-80.481359,43.426252,Non intersection,2,P.D. only,Thru lane,unknown,unknown,Sideswipe,Unknown,Daylight,01 - Daylight,Regional municipality,No control,unknown,0,0,0,FALSE,FALSE,FALSE,Clear,,FALSE,HOMER WATSON BLVD; OTTAWA ST S; Near; 100 M,3/7/2019 1:21:38 PM,541980.5203,4808280.793
45687,16-222867,10/8/2016 10:31:00 AM,2016,10,8,10,31,0,Saturday,536285.0623,4809350.612,-80.55165,43.436182,Non intersection,2,P.D. only,Right shoulder,unknown,unknown,SMV unattended vehicle,Unknown,Daylight,01 - Daylight,Municipal (excl. Twp. Rd.),No control,unknown,0,0,0,FALSE,FALSE,FALSE,Clear,,FALSE,RESURRECTION DR; RESURRECTION DR; Near; 2 M,3/4/2020 10:06:44 AM,536285.0623,4809350.612
45688,16-223010,10/8/2016 2:21:00 PM,2016,10,8,14,21,0,Saturday,545387.9622,4808974.025,-80.439206,43.432295,At/near private drive,2,P.D. only,Thru lane,unknown,unknown,Rear end,Unknown,Daylight,01 - Daylight,Regional municipality,No control,unknown,0,0,0,FALSE,FALSE,FALSE,Clear,,FALSE,KINZIE AVE ; WEBER ST E; 2 M,3/4/2020 10:06:44 AM,545387.9622,4808974.025
45689,16-223744,10/9/2016 3:25:00 PM,2016,10,9,15,25,0,Sunday,544503.2471,4804433.351,-80.450507,43.391464,Intersection related,2,P.D. only,Thru lane,unknown,unknown,Rear end,Unknown,Daylight,01 - Daylight,Municipal (excl. Twp. Rd.),Stop sign,Functioning,0,0,0,FALSE,FALSE,FALSE,Clear,,FALSE,PIONEER DR; BLACK WALNUT DR,3/4/2020 10:06:43 AM,544503.2471,4804433.351
45690,16-223803,10/9/2016 1:00:00 AM,2016,10,9,1,0,0,Sunday,545667.7149,4812137.224,-80.435485,43.460759,Non intersection,2,P.D. only,Thru lane,unknown,unknown,SMV unattended vehicle,Unknown,Dark,07 - Dark,Municipal (excl. Twp. Rd.),No control,unknown,0,0,0,FALSE,FALSE,FALSE,Clear,,FALSE,WESTCHESTER DR; WESTCHESTER DR ; Near,3/4/2020 10:06:42 AM,545667.7149,4812137.224
45691,16-223829,10/9/2016 6:09:00 PM,2016,10,9,18,9,0,Sunday,544622.4898,4808636.684,-80.448691,43.429304,Intersection related,2,P.D. only,Not on roadway - right side,unknown,unknown,SMV other,Unknown,Daylight,01 - Daylight,Municipal (excl. Twp. Rd.),Stop sign,Functioning,0,0,0,FALSE,FALSE,FALSE,Clear,,FALSE,CONNAUGHT ST; NINTH AVE; At,3/4/2020 10:06:42 AM,544622.4898,4808636.684
45692,16-223872,10/9/2016 4:30:00 PM,2016,10,9,16,30,0,Sunday,537195.5702,4809381.232,-80.540397,43.436413,At/near private drive,2,P.D. only,Thru lane,unknown,unknown,SMV unattended vehicle,Unknown,Daylight,01 - Daylight,Municipal (excl. Twp. Rd.),No control,unknown,0,0,0,FALSE,FALSE,FALSE,Clear,,FALSE,LYNNVALLEY CRES; LYNNVALLEY CRES ; Near; 5 M,3/4/2020 10:06:41 AM,537195.5702,4809381.232
45693,16-223875,10/9/2016 7:49:00 PM,2016,10,9,19,49,0,Sunday,542969.1429,4804299.903,-80.469459,43.390352,Non intersection,2,P.D. only,Thru lane,unknown,unknown,SMV other,Unknown,Dark,07 - Dark,Regional municipality,No control,unknown,0,0,0,FALSE,FALSE,FALSE,Clear,,FALSE,HURON RD; STRASBURG RD; Near; 300 M,3/4/2020 10:06:40 AM,542969.1429,4804299.904
45694,16-224166,10/10/2016 6:51:00 PM,2016,10,10,18,51,0,Monday,541974.6693,4815927.195,-80.480843,43.4951,Non intersection,2,P.D. only,Thru lane,unknown,unknown,SMV unattended vehicle,Unknown,Daylight,01 - Daylight,Municipal (excl. Twp. Rd.),No control,unknown,0,0,0,FALSE,FALSE,FALSE,Clear,,FALSE,HAWKSWOOD DR; HAWKSWOOD DR ; Near; 30 M,3/4/2020 10:06:40 AM,541974.6693,4815927.195
45695,16-224192,10/9/2016 12:45:00 PM,2016,10,9,12,45,0,Sunday,539129.8405,4809325.184,-80.516501,43.43581,At/near private drive,2,P.D. only,Thru lane,unknown,unknown,Turning movement,Unknown,Daylight,01 - Daylight,Municipal (excl. Twp. Rd.),No control,unknown,0,0,0,FALSE,FALSE,FALSE,Clear,,FALSE,HIGHLAND CRES; HIGHLAND CRES ; At,3/7/2019 1:21:36 PM,539129.8405,4809325.184
45696,16-224723,10/11/2016 9:01:00 AM,2016,10,11,9,1,0,Tuesday,542435.5603,4812486.079,-80.47541,43.464091,At/near private drive,2,P.D. only,Thru lane,unknown,unknown,Turning movement,Unknown,Daylight,01 - Daylight,Regional municipality,No control,unknown,0,0,0,FALSE,FALSE,FALSE,Clear,,FALSE,WELLINGTON ST N; WELLINGTON ST N; Near; 5 M,3/4/2020 10:06:39 AM,542435.5603,4812486.079
45697,16-224772,10/11/2016 8:55:00 AM,2016,10,11,8,55,0,Tuesday,547783.7369,4804383.635,-80.410008,43.390814,Intersection related,2,P.D. only,Thru lane,unknown,unknown,Rear end,Unknown,Daylight,01 - Daylight,Regional municipality,No control,unknown,0,0,0,FALSE,FALSE,FALSE,Clear,,FALSE,CONESTOGA COLLEGE BLVD; DOON VALLEY DR; Near,3/4/2020 10:06:38 AM,547783.7369,4804383.635
45698,16-224951,10/11/2016 1:15:00 PM,2016,10,11,13,15,0,Tuesday,541254.5249,4809428.508,-80.490241,43.436626,Non intersection,2,P.D. only,Thru lane,unknown,unknown,Rear end,Unknown,Daylight,01 - Daylight,Municipal (excl. Twp. Rd.),No control,unknown,0,0,0,FALSE,FALSE,FALSE,Clear,,FALSE,STIRLING AVE S; RUSSEL ST; Near,3/4/2020 10:06:38 AM,541254.5249,4809428.508