OBJECTID,ACCIDENTNUM,ACCIDENTDATE,ACCIDENT_YEAR,ACCIDENT_MONTH,ACCIDENT_DAY,ACCIDENT_HOUR,ACCIDENT_MINUTE,ACCIDENT_SECOND,ACCIDENT_WEEKDAY,XCOORD,YCOORD,LONGITUDE,LATITUDE,ACCIDENTLOCATION,COLLISIONTYPE,CLASSIFICATIONOFACCIDENT,IMPACTLOCATION,INITIALDIRECTIONOFTRAVELONE,INITIALDIRECTIONOFTRAVELTWO,INITIALIMPACTTYPE,INTTRAFFICCONTROL,LIGHT,LIGHTFORREPORT,ROADJURISDICTION,TRAFFICCONTROL,TRAFFICCONTROLCONDITION,THRULANENO,NORTHBOUNDDISOBEYCOUNT,SOUTHBOUNDDISOBEYCOUNT,PEDESTRIANINVOLVED,CYCLISTINVOLVED,MOTORCYCLISTINVOLVED,ENVIRONMENTCONDITION1,ENVIRONMENTCONDITION2,SELFREPORTED,XMLIMPORTNOTES,LASTEDITEDDATE,x,y
45699,16-224972,10/11/2016 2:18:00 PM,2016,10,11,14,18,0,Tuesday,542581.1416,4810125.606,-80.473795,43.442829,Intersection related,2,P.D. only,Left turn lane,unknown,unknown,Turning movement,Unknown,Daylight,01 - Daylight,Regional municipality,Traffic signal,Functioning,0,0,0,FALSE,FALSE,FALSE,Clear,,FALSE,KING ST E; BORDEN AVE N; At; 50 M,3/4/2020 10:06:37 AM,542581.1416,4810125.607
45700,16-225100,10/11/2016 3:20:00 PM,2016,10,11,15,20,0,Tuesday,544535.006,4804302.549,-80.450125,43.390284,At/near private drive,2,P.D. only,Thru lane,unknown,unknown,Other,Unknown,Daylight,01 - Daylight,Municipal (excl. Twp. Rd.),No control,unknown,0,0,0,FALSE,FALSE,FALSE,Clear,,FALSE,BECHTEL DR; BECHTEL DR; At,3/4/2020 10:06:36 AM,544535.006,4804302.549
45701,16-225143,10/11/2016 10:45:00 AM,2016,10,11,10,45,0,Tuesday,539590.4239,4811842.133,-80.510628,43.458449,Non intersection,2,P.D. only,Thru lane,unknown,unknown,Sideswipe,Unknown,Daylight,01 - Daylight,Municipal (excl. Twp. Rd.),No control,unknown,0,0,0,FALSE,FALSE,FALSE,Clear,,FALSE,PINE ST; PINE ST ; Near,3/4/2020 10:06:36 AM,539590.4239,4811842.133
45702,16-225604,10/11/2016 4:45:00 PM,2016,10,11,16,45,0,Tuesday,540745.3213,4811482.673,-80.49638,43.45515,At/near private drive,2,P.D. only,Thru lane,unknown,unknown,Other,Unknown,Daylight,01 - Daylight,Regional municipality,No control,unknown,0,0,0,FALSE,FALSE,FALSE,Clear,,FALSE,DUKE ST W; DUKE ST W; Near,3/7/2019 1:21:35 PM,540745.3213,4811482.673
45703,16-225632,10/12/2016 10:46:00 AM,2016,10,12,10,46,0,Wednesday,541466.7173,4809537.251,-80.487611,43.437594,Intersection related,2,P.D. only,Not on roadway - right side,unknown,unknown,SMV other,Unknown,Daylight,01 - Daylight,Municipal (excl. Twp. Rd.),Traffic signal,Functioning,0,0,0,FALSE,FALSE,FALSE,Clear,,FALSE,STIRLING AVE S; MILL ST; 30 M,3/4/2020 10:06:35 AM,541466.7173,4809537.251
45704,16-225778,10/12/2016 9:00:00 AM,2016,10,12,9,0,0,Wednesday,544328.2604,4809024.149,-80.452295,43.43281,Non intersection,2,P.D. only,Thru lane,unknown,unknown,SMV unattended vehicle,Unknown,Daylight,01 - Daylight,Municipal (excl. Twp. Rd.),No control,unknown,0,0,0,FALSE,FALSE,FALSE,Clear,,FALSE,FIFTH AVE; FIFTH AVE ; Near,3/4/2020 10:06:34 AM,544328.2604,4809024.149
45705,16-225803,10/12/2016 9:05:00 AM,2016,10,12,9,5,0,Wednesday,542217.9169,4810219.072,-80.478276,43.443691,Non intersection,2,P.D. only,Thru lane,unknown,unknown,Rear end,Unknown,Daylight,01 - Daylight,Regional municipality,Traffic signal,Functioning,0,0,0,FALSE,FALSE,FALSE,Clear,,FALSE,STIRLING AVE S; CHARLES ST E; Near,3/4/2020 10:06:34 AM,542217.9169,4810219.072
45706,16-225810,9/26/2016 8:30:00 PM,2016,9,26,20,30,0,Monday,542107.4492,4807132.724,-80.479879,43.415908,Intersection related,1,Non-fatal injury,Thru lane,unknown,unknown,Rear end,Unknown,"Dusk, artificial","06 - Dusk, artificial",Municipal (excl. Twp. Rd.),Traffic signal,Functioning,0,0,0,FALSE,FALSE,FALSE,Clear,,FALSE,STRASBURG RD; BLOCK LINE RD,3/4/2020 10:06:33 AM,542107.4492,4807132.724
45707,16-225855,10/12/2016 3:52:00 PM,2016,10,12,15,52,0,Wednesday,543528.6532,4810060.927,-80.462092,43.442192,Non intersection,2,P.D. only,Thru lane,unknown,unknown,SMV unattended vehicle,Unknown,Daylight,01 - Daylight,Municipal (excl. Twp. Rd.),No control,unknown,0,0,0,FALSE,FALSE,FALSE,Clear,,FALSE,CLIVE RD; CLIVE RD ; At; 2 M,3/4/2020 10:06:32 AM,543528.6532,4810060.927
45708,16-225984,10/12/2016 7:05:00 PM,2016,10,12,19,5,0,Wednesday,542067.821,4810922.494,-80.480077,43.450033,At/near private drive,2,P.D. only,Thru lane,unknown,unknown,Turning movement,Unknown,"Daylight, artificial","02 - Daylight, artificial",Municipal (excl. Twp. Rd.),No control,unknown,0,0,0,FALSE,FALSE,FALSE,Clear,,FALSE,KRUG ST; LANCASTER ST E; Near; 90 M,3/4/2020 10:06:32 AM,542067.821,4810922.494
45709,16-226466,10/13/2016 11:15:00 AM,2016,10,13,11,15,0,Thursday,542187.2221,4810206.422,-80.478657,43.443579,Non intersection,1,Non-fatal injury,Thru lane,unknown,unknown,SMV other,Unknown,Daylight,01 - Daylight,Regional municipality,No control,unknown,0,0,0,TRUE,FALSE,FALSE,Clear,,FALSE,STIRLING AVE S; CHARLES ST E; 30 M,3/7/2019 1:21:34 PM,542187.2221,4810206.422
45710,16-226585,10/13/2016 2:10:00 PM,2016,10,13,14,10,0,Thursday,538960.6788,4805651.482,-80.518854,43.40274,Intersection related,2,P.D. only,Within intersection,unknown,unknown,Turning movement,Unknown,Daylight,01 - Daylight,Regional municipality,Traffic signal,Functioning,0,0,0,FALSE,FALSE,FALSE,Clear,,FALSE,ACTIVA AVE; SNOWDROP CRES,3/4/2020 10:06:31 AM,538960.6788,4805651.482
45711,16-226890,10/13/2016 10:10:00 PM,2016,10,13,22,10,0,Thursday,539058.1692,4809764.634,-80.517355,43.439771,Non intersection,2,P.D. only,Thru lane,unknown,unknown,SMV unattended vehicle,Unknown,"Dark, artificial","08 - Dark, artificial",Municipal (excl. Twp. Rd.),No control,unknown,0,0,0,FALSE,FALSE,FALSE,Clear,,FALSE,PAULANDER DR; PAULANDER DR ; Near; 5 M,3/4/2020 10:06:30 AM,539058.1692,4809764.634
45712,16-227478,10/14/2016 3:14:00 PM,2016,10,14,15,14,0,Friday,544644.0984,4811820.238,-80.448164,43.457967,Intersection related,1,Non-fatal injury,Thru lane,unknown,unknown,Rear end,Unknown,Daylight,01 - Daylight,Municipal (excl. Twp. Rd.),No control,unknown,0,0,0,FALSE,FALSE,FALSE,Clear,,FALSE,BIRKSHIRE CRT ; LORRAINE AVE; At; 10 M,3/4/2020 10:06:30 AM,544644.0984,4811820.238
45713,16-227512,10/14/2016 4:03:00 PM,2016,10,14,16,3,0,Friday,544826.9735,4811310.885,-80.445945,43.45337,Non intersection,2,P.D. only,Thru lane,unknown,unknown,Rear end,Unknown,Daylight,01 - Daylight,Regional municipality,No control,unknown,0,0,0,FALSE,FALSE,FALSE,Clear,,FALSE,RIVER RD E; HICKSON DR ; 150 M,3/4/2020 10:06:29 AM,544826.9735,4811310.885
45714,16-227566,10/14/2016 4:00:00 PM,2016,10,14,16,0,0,Friday,539617.367,4811374.857,-80.510329,43.45424,Intersection related,2,P.D. only,Thru lane,unknown,unknown,Rear end,Unknown,Daylight,01 - Daylight,Municipal (excl. Twp. Rd.),Traffic signal,Functioning,0,0,0,FALSE,FALSE,FALSE,Clear,,FALSE,GLASGOW ST; PARK ST,3/4/2020 10:06:28 AM,539617.367,4811374.857
45715,16-227580,10/14/2016 5:23:00 PM,2016,10,14,17,23,0,Friday,540667.7053,4810971.977,-80.497377,43.450556,At/near private drive,2,P.D. only,Thru lane,unknown,unknown,Other,Unknown,Daylight,01 - Daylight,Municipal (excl. Twp. Rd.),No control,unknown,0,0,0,FALSE,FALSE,FALSE,Clear,,FALSE,FRANCIS ST S; FRANCIS ST S; Near; 8 M,3/4/2020 10:06:27 AM,540667.7053,4810971.977
45716,16-228038,10/12/2016 7:00:00 PM,2016,10,12,19,0,0,Wednesday,537382.4396,4807353.77,-80.538227,43.418148,At/near private drive,2,P.D. only,Thru lane,unknown,unknown,SMV unattended vehicle,Unknown,Daylight,01 - Daylight,Municipal (excl. Twp. Rd.),No control,unknown,0,0,0,FALSE,FALSE,FALSE,Clear,,FALSE,HOMESTEAD PL; HOMESTEAD PL ; At,3/4/2020 10:06:27 AM,537382.4396,4807353.77
45717,16-228197,10/10/2016 5:30:00 PM,2016,10,10,17,30,0,Monday,541068,4811108,0,0,Other,2,P.D. only,Off highway,unknown,unknown,SMV other,Unknown,Daylight,01 - Daylight,Municipal (excl. Twp. Rd.),No control,unknown,0,0,0,FALSE,FALSE,TRUE,Clear,,FALSE,PARK; GREEN VALLEY DR,3/4/2020 10:06:26 AM,541068,4811108
45718,16-228241,10/15/2016 1:49:00 PM,2016,10,15,13,49,0,Saturday,547292.0879,4811519.422,-80.41546,43.455096,Non intersection,2,P.D. only,Thru lane,unknown,unknown,SMV unattended vehicle,Unknown,Daylight,01 - Daylight,Municipal (excl. Twp. Rd.),No control,unknown,0,0,0,FALSE,FALSE,FALSE,Clear,,FALSE,DEER CREEK ST ; BROOKMEAD ST ; 25 M,3/4/2020 10:06:25 AM,547292.0879,4811519.422
45719,16-228994,10/15/2016 7:02:00 PM,2016,10,15,19,2,0,Saturday,542011.0299,4810483.297,-80.480813,43.446082,At intersection,2,P.D. only,Within intersection,unknown,unknown,Angle,Unknown,Dusk,05 - Dusk,Regional municipality,Stop sign,Functioning,0,0,0,FALSE,FALSE,FALSE,Clear,,FALSE,KING ST E; CAMERON ST N,3/7/2019 1:21:33 PM,542011.0299,4810483.297
45720,16-229036,10/16/2016 1:05:00 PM,2016,10,16,13,5,0,Sunday,540271.6674,4806894.911,-80.502572,43.413867,Non intersection,2,P.D. only,Thru lane,unknown,unknown,SMV unattended vehicle,Unknown,Daylight,01 - Daylight,Municipal (excl. Twp. Rd.),No control,unknown,0,0,0,FALSE,FALSE,FALSE,Clear,,FALSE,WILLIAMSBURG RD; MARCON CT; 3 M,3/4/2020 10:06:25 AM,540271.6674,4806894.911
45721,16-229295,10/16/2016 8:00:00 PM,2016,10,16,20,0,0,Sunday,538126.9434,4809872.954,-80.528855,43.440794,At intersection,2,P.D. only,Within intersection,unknown,unknown,Turning movement,Unknown,"Dark, artificial","08 - Dark, artificial",Municipal (excl. Twp. Rd.),Stop sign,Functioning,0,0,0,FALSE,TRUE,FALSE,Clear,,FALSE,DALEGROVE DR; INGLESIDE DR,3/4/2020 10:06:24 AM,538126.9434,4809872.954
45722,16-229810,10/15/2016 7:30:00 PM,2016,10,15,19,30,0,Saturday,538823.2426,4810734.236,-80.520189,43.448513,Non intersection,2,P.D. only,Thru lane,unknown,unknown,SMV unattended vehicle,Unknown,"Dark, artificial","08 - Dark, artificial",Municipal (excl. Twp. Rd.),No control,unknown,0,0,0,FALSE,FALSE,FALSE,Clear,,FALSE,KATHERINE CRES; KATHERINE CRES; Near,3/4/2020 10:06:23 AM,538823.2426,4810734.236
45723,16-229912,10/17/2016 3:16:00 PM,2016,10,17,15,16,0,Monday,541346.7473,4809686.321,-80.489082,43.438943,Non intersection,1,Non-fatal injury,Thru lane,unknown,unknown,SMV other,Unknown,Daylight,01 - Daylight,Municipal (excl. Twp. Rd.),No control,unknown,0,0,0,TRUE,FALSE,FALSE,Clear,,FALSE,MILL ST; MADISON AVE S; 10 M,3/7/2019 1:21:32 PM,541346.7473,4809686.321
45724,16-230073,10/15/2016 10:30:00 PM,2016,10,15,22,30,0,Saturday,547880.7172,4810713.186,-80.408256,43.447799,Non intersection,2,P.D. only,Thru lane,unknown,unknown,SMV unattended vehicle,Unknown,Daylight,01 - Daylight,Municipal (excl. Twp. Rd.),No control,unknown,0,0,0,FALSE,FALSE,FALSE,Clear,,FALSE,COLTON CIR ; COLTON CIR ; Near,3/4/2020 10:06:23 AM,547880.7172,4810713.187
45725,16-230098,10/17/2016 7:30:00 AM,2016,10,17,7,30,0,Monday,545512.662,4811465.198,-80.437458,43.454718,Non intersection,2,P.D. only,Thru lane,unknown,unknown,SMV unattended vehicle,Unknown,"Dark, artificial","08 - Dark, artificial",Municipal (excl. Twp. Rd.),No control,unknown,0,0,0,FALSE,FALSE,FALSE,Rain,,FALSE,MCGEE AVE; MCGEE AVE; Near,3/4/2020 10:06:22 AM,545512.662,4811465.198
45726,16-230113,10/17/2016 4:30:00 PM,2016,10,17,16,30,0,Monday,536402.4754,4806758.345,-80.550372,43.412835,At/near private drive,2,P.D. only,Thru lane,unknown,unknown,Rear end,Unknown,Daylight,01 - Daylight,Municipal (excl. Twp. Rd.),No control,unknown,0,0,0,FALSE,FALSE,FALSE,Clear,,FALSE,GOLDEN MEADOW CRES ; GOLDEN MEADOW CRES ; Near; 10 M,3/4/2020 10:06:21 AM,536402.4754,4806758.345
45727,16-230421,10/18/2016 8:40:00 AM,2016,10,18,8,40,0,Tuesday,541763.6802,4804152.158,-80.484353,43.38909,At/near private drive,2,P.D. only,Thru lane,unknown,unknown,SMV unattended vehicle,Unknown,Daylight,01 - Daylight,Municipal (excl. Twp. Rd.),No control,unknown,0,0,0,FALSE,FALSE,FALSE,Clear,,FALSE,PARKVALE DR; PARKVALE DR ; Near; 5 M,3/4/2020 10:06:21 AM,541763.6802,4804152.158
45728,16-230745,10/18/2016 3:10:00 PM,2016,10,18,15,10,0,Tuesday,540769.2724,4809834.647,-80.496207,43.44031,At intersection,1,Non-fatal injury,Within intersection,unknown,unknown,Turning movement,Unknown,Daylight,01 - Daylight,Municipal (excl. Twp. Rd.),Stop sign,Functioning,0,0,0,FALSE,FALSE,FALSE,Clear,,FALSE,HIGHLAND RD E; RUBY ST,3/7/2019 1:21:30 PM,540769.2724,4809834.647
45729,16-230804,10/18/2016 4:40:00 PM,2016,10,18,16,40,0,Tuesday,540796.109,4809181.404,-80.495924,43.434427,Non intersection,2,P.D. only,Thru lane,unknown,unknown,Rear end,Unknown,Daylight,01 - Daylight,Municipal (excl. Twp. Rd.),Stop sign,Functioning,0,0,0,FALSE,FALSE,FALSE,Clear,,FALSE,STIRLING AVE S; PLEASANT AVE ; Near; 550 M,3/4/2020 10:06:20 AM,540796.109,4809181.404
45730,16-231341,10/19/2016 10:45:00 AM,2016,10,19,10,45,0,Wednesday,540537.1796,4811416.176,-80.498957,43.454563,At/near private drive,2,P.D. only,Thru lane,unknown,unknown,SMV unattended vehicle,Unknown,Daylight,01 - Daylight,Municipal (excl. Twp. Rd.),No control,unknown,0,0,0,FALSE,FALSE,FALSE,Clear,,FALSE,BREITHAUPT ST; BREITHAUPT ST ; 20 M,3/4/2020 10:06:19 AM,540537.1796,4811416.176
45731,16-231515,10/19/2016 3:07:00 PM,2016,10,19,15,7,0,Wednesday,542399.4048,4811080.609,-80.475967,43.451438,At intersection,1,Non-fatal injury,Within intersection,unknown,unknown,Angle,Unknown,Daylight,01 - Daylight,Municipal (excl. Twp. Rd.),Stop sign,Functioning,0,1,0,FALSE,FALSE,FALSE,Clear,,FALSE,KRUG ST; SIMEON ST,3/7/2019 1:21:29 PM,542399.4048,4811080.609
45732,16-231611,10/19/2016 5:22:00 PM,2016,10,19,17,22,0,Wednesday,545518.002,4811115.496,-80.437421,43.451569,At intersection,1,Non-fatal injury,Within intersection,unknown,unknown,Turning movement,Unknown,Daylight,01 - Daylight,Municipal (excl. Twp. Rd.),Stop sign,Functioning,0,0,0,FALSE,FALSE,FALSE,Clear,,FALSE,HOLBORN DR; CARNABY CRES ; 2 M,3/4/2020 10:06:19 AM,545518.002,4811115.496
45733,16-231711,10/19/2016 4:00:00 PM,2016,10,19,16,0,0,Wednesday,539545.8277,4811741.276,-80.511186,43.457543,Non intersection,2,P.D. only,Thru lane,unknown,unknown,Turning movement,Unknown,Daylight,01 - Daylight,Municipal (excl. Twp. Rd.),No control,unknown,0,0,0,FALSE,FALSE,FALSE,Clear,,FALSE,PINE ST; DODDS LANE; Near,3/4/2020 10:06:18 AM,539545.8277,4811741.276
45734,16-232232,10/20/2016 2:40:00 PM,2016,10,20,14,40,0,Thursday,544116.8234,4811895.443,-80.454675,43.458675,At intersection,1,Non-fatal injury,Within intersection,unknown,unknown,Angle,Unknown,Daylight,01 - Daylight,Municipal (excl. Twp. Rd.),Stop sign,Functioning,0,0,0,FALSE,FALSE,FALSE,Rain,,FALSE,RIVER RD E; MANCHESTER RD,3/4/2020 10:06:17 AM,544116.8234,4811895.443
45735,16-232350,10/20/2016 5:18:00 PM,2016,10,20,17,18,0,Thursday,541180.3073,4809392.771,-80.491161,43.436309,At intersection,1,Non-fatal injury,Within intersection,unknown,unknown,SMV other,Unknown,Daylight,01 - Daylight,Regional municipality,Traffic signal,Functioning,0,0,0,TRUE,FALSE,FALSE,Rain,,FALSE,HIGHLAND RD E; STIRLING AVE S,3/4/2020 10:06:17 AM,541180.3073,4809392.771
45736,16-232366,10/20/2016 4:45:00 PM,2016,10,20,16,45,0,Thursday,541219.6731,4809312.199,-80.490681,43.435581,At/near private drive,2,P.D. only,Thru lane,unknown,unknown,Turning movement,Unknown,Daylight,01 - Daylight,Regional municipality,No control,unknown,0,0,0,FALSE,FALSE,FALSE,Rain,,FALSE,HIGHLAND RD E; HIGHLAND RD E,3/7/2019 1:21:28 PM,541219.6731,4809312.199
45737,16-232387,10/20/2016 6:21:00 PM,2016,10,20,18,21,0,Thursday,542323.6151,4811046.898,-80.476906,43.451139,At/near private drive,2,P.D. only,Thru lane,unknown,unknown,SMV unattended vehicle,Unknown,Daylight,01 - Daylight,Municipal (excl. Twp. Rd.),No control,unknown,0,0,0,FALSE,FALSE,FALSE,Clear,,FALSE,SAMUEL ST ; SAMUEL ST; Near; 3 M,3/7/2019 1:21:27 PM,542323.6151,4811046.898
45738,16-232430,10/20/2016 7:23:00 PM,2016,10,20,19,23,0,Thursday,546993.2629,4808376.027,-80.419424,43.426812,Intersection related,2,P.D. only,Thru lane,unknown,unknown,Rear end,Unknown,Dark,07 - Dark,Municipal (excl. Twp. Rd.),Stop sign,Functioning,0,0,0,FALSE,FALSE,FALSE,Rain,,FALSE,GRAND RIVER BLVD; RIVER RD E,3/7/2019 1:21:25 PM,546993.2629,4808376.027
45739,16-232690,10/21/2016 7:45:00 AM,2016,10,21,7,45,0,Friday,540279.5906,4811619.214,-80.502126,43.456405,Non intersection,2,P.D. only,Thru lane,unknown,unknown,SMV unattended vehicle,Unknown,"Dark, artificial","08 - Dark, artificial",Municipal (excl. Twp. Rd.),No control,unknown,0,0,0,FALSE,FALSE,FALSE,Rain,,FALSE,MOORE AVE; SHANLEY ST ; 20 M,3/4/2020 10:06:16 AM,540279.5906,4811619.214
45740,16-232783,10/21/2016 7:20:00 AM,2016,10,21,7,20,0,Friday,545349.6856,4812160.319,-80.439414,43.460987,At intersection,1,Non-fatal injury,Within intersection,unknown,unknown,SMV other,Unknown,"Daylight, artificial","02 - Daylight, artificial",Regional municipality,Stop sign,Functioning,0,0,0,TRUE,FALSE,FALSE,Rain,,FALSE,HERITAGE DR; LORRAINE AVE,3/4/2020 10:06:15 AM,545349.6856,4812160.319
45741,16-233648,10/22/2016 12:20:00 PM,2016,10,22,12,20,0,Saturday,541956.1373,4810868.281,-80.481461,43.449551,At intersection,2,P.D. only,Within intersection,unknown,unknown,Turning movement,Unknown,Daylight,01 - Daylight,Regional municipality,Stop sign,Functioning,0,0,0,FALSE,FALSE,FALSE,Clear,,FALSE,KRUG ST; CEDAR ST N,3/4/2020 10:06:15 AM,541956.1373,4810868.281
45742,16-233746,10/22/2016 3:06:00 PM,2016,10,22,15,6,0,Saturday,543708.5533,4812433.742,-80.459678,43.463546,Intersection related,1,Non-fatal injury,Thru lane,unknown,unknown,Rear end,Unknown,Daylight,01 - Daylight,Regional municipality,No control,unknown,0,0,0,FALSE,FALSE,FALSE,Clear,,FALSE,FREDERICK ST; TURNER AVE ; At,3/7/2019 1:21:24 PM,543708.5533,4812433.742
45743,16-233807,10/22/2016 4:27:00 PM,2016,10,22,16,27,0,Saturday,544958.8635,4811035.793,-80.444338,43.450885,At/near private drive,2,P.D. only,Thru lane,unknown,unknown,Turning movement,Unknown,Daylight,01 - Daylight,Municipal (excl. Twp. Rd.),Stop sign,Functioning,0,0,0,FALSE,FALSE,FALSE,Clear,,FALSE,RIVER RD E; OTTAWA ST N; Near; 89 M,3/7/2019 1:21:23 PM,544958.8635,4811035.793
45744,16-234058,10/22/2016 11:00:00 PM,2016,10,22,23,0,0,Saturday,540219.8769,4809731.22,-80.503003,43.439408,Non intersection,2,P.D. only,Thru lane,unknown,unknown,SMV unattended vehicle,Unknown,Dark,07 - Dark,Municipal (excl. Twp. Rd.),No control,unknown,0,0,0,FALSE,FALSE,FALSE,Clear,,FALSE,PATRICIA AVE; PATRICIA AVE ; Near,3/4/2020 10:06:14 AM,540219.8769,4809731.22
45745,16-234343,10/21/2016 8:00:00 PM,2016,10,21,20,0,0,Friday,541068,4811108,0,0,Non intersection,2,P.D. only,Thru lane,unknown,unknown,SMV unattended vehicle,Unknown,Dark,07 - Dark,Municipal (excl. Twp. Rd.),No control,unknown,0,0,0,FALSE,FALSE,FALSE,Clear,,FALSE,SPRING CREEK ST; SPRING CREEK ST ; Near,3/4/2020 10:06:13 AM,541068,4811108
45746,16-234483,10/23/2016 2:00:00 PM,2016,10,23,14,0,0,Sunday,538626.1504,4806622.419,-80.522916,43.4115,At/near private drive,2,P.D. only,Thru lane,unknown,unknown,Other,Unknown,Daylight,01 - Daylight,Municipal (excl. Twp. Rd.),No control,unknown,0,0,0,FALSE,FALSE,FALSE,Clear,,FALSE,WINDFLOWER DR; WINDFLOWER DR,3/4/2020 10:06:13 AM,538626.1504,4806622.419
45747,16-235284,10/24/2016 4:30:00 PM,2016,10,24,16,30,0,Monday,543986.9784,4803428.081,-80.456962,43.382443,At/near private drive,2,P.D. only,Thru lane,unknown,unknown,SMV unattended vehicle,Unknown,Daylight,01 - Daylight,Municipal (excl. Twp. Rd.),No control,unknown,0,0,0,FALSE,FALSE,FALSE,Clear,,FALSE,HEARTHBRIDGE ST; HEARTHBRIDGE ST; At,3/4/2020 10:06:12 AM,543986.9784,4803428.081
45748,16-235735,10/23/2016 6:30:00 PM,2016,10,23,18,30,0,Sunday,547570.0823,4810720.847,-80.412094,43.447888,Non intersection,2,P.D. only,Thru lane,unknown,unknown,SMV unattended vehicle,Unknown,"Dark, artificial","08 - Dark, artificial",Municipal (excl. Twp. Rd.),No control,unknown,0,0,0,FALSE,FALSE,FALSE,Clear,,FALSE,COUNTRY CLAIR ST; COUNTRY CLAIR ST; Near,3/4/2020 10:06:11 AM,547570.0823,4810720.847
45749,16-235830,10/25/2016 6:30:00 AM,2016,10,25,6,30,0,Tuesday,540779.0256,4812291.63,-80.495902,43.462432,At intersection,2,P.D. only,Within intersection,unknown,unknown,Turning movement,Unknown,"Dawn, artificial","04 - Dawn, artificial",Municipal (excl. Twp. Rd.),Stop sign,Functioning,0,0,0,FALSE,FALSE,FALSE,Clear,,FALSE,GUELPH ST; BRUNSWICK AVE,3/4/2020 10:06:11 AM,540779.0256,4812291.63
45750,16-235915,10/25/2016 3:28:00 PM,2016,10,25,15,28,0,Tuesday,545850.517,4809418.241,-80.433454,43.436267,Intersection related,2,P.D. only,Thru lane,unknown,unknown,SMV other,Unknown,Daylight,01 - Daylight,Municipal (excl. Twp. Rd.),Stop sign,Functioning,0,0,0,FALSE,FALSE,FALSE,Clear,,FALSE,BURGETZ AVE; THALER AVE,3/4/2020 10:06:10 AM,545850.517,4809418.241
45751,16-236303,10/26/2016 7:48:00 AM,2016,10,26,7,48,0,Wednesday,539568.2253,4805926.029,-80.511331,43.405181,At/near private drive,2,P.D. only,Thru lane,unknown,unknown,Turning movement,Unknown,Daylight,01 - Daylight,Municipal (excl. Twp. Rd.),No control,unknown,0,0,0,FALSE,FALSE,FALSE,Clear,,FALSE,MAX BECKER DR; MAX BECKER DR ; 3 M,3/4/2020 10:06:09 AM,539568.2253,4805926.029
45752,16-236341,10/26/2016 8:25:00 AM,2016,10,26,8,25,0,Wednesday,543854.9871,4809807.961,-80.458079,43.439895,Other,1,Non-fatal injury,Not on roadway - left side,unknown,unknown,SMV other,Unknown,Daylight,01 - Daylight,Municipal (excl. Twp. Rd.),No control,unknown,0,0,0,FALSE,FALSE,FALSE,Clear,,FALSE,MONTGOMERY RD,3/4/2020 10:06:08 AM,543854.9871,4809807.961
45753,16-236432,10/26/2016 10:02:00 AM,2016,10,26,10,2,0,Wednesday,538930.8071,4807955.252,-80.519058,43.423485,Non intersection,2,P.D. only,Thru lane,unknown,unknown,Rear end,Unknown,Daylight,01 - Daylight,Regional municipality,No control,unknown,0,0,0,FALSE,FALSE,FALSE,Clear,,FALSE,MCGARRY DR; FISCHER HALLMAN RD; Near; 15 M,3/4/2020 10:06:08 AM,538930.8071,4807955.252
45754,16-236513,10/26/2016 12:10:00 PM,2016,10,26,12,10,0,Wednesday,541556.3214,4811282.459,-80.486371,43.453303,At intersection,2,P.D. only,Within intersection,unknown,unknown,Angle,Unknown,Daylight,01 - Daylight,Municipal (excl. Twp. Rd.),Stop sign,Functioning,0,0,0,FALSE,FALSE,FALSE,Clear,,FALSE,QUEEN ST N; AHRENS ST E,3/7/2019 1:21:22 PM,541556.3214,4811282.459
45755,16-236677,10/25/2016 8:30:00 PM,2016,10,25,20,30,0,Tuesday,546685.8521,4802328.384,-80.423738,43.372378,Non intersection,2,P.D. only,Right shoulder,unknown,unknown,SMV other,Unknown,Dark,07 - Dark,Regional municipality,No control,unknown,0,0,0,FALSE,FALSE,FALSE,Clear,,FALSE,REICHERT RD; NEW DUNDEE RD ; 56 M,3/4/2020 10:06:07 AM,546685.8521,4802328.384
45756,16-236698,10/26/2016 7:30:00 AM,2016,10,26,7,30,0,Wednesday,546563.5189,4810878.373,-80.42452,43.44937,Non intersection,2,P.D. only,Thru lane,unknown,unknown,SMV unattended vehicle,Unknown,Daylight,01 - Daylight,Municipal (excl. Twp. Rd.),No control,unknown,0,0,0,FALSE,FALSE,FALSE,Clear,,FALSE,MICHENER CRES; MICHENER CRES ; At,3/4/2020 10:06:06 AM,546563.5189,4810878.373
45757,16-237093,10/27/2016 8:34:00 AM,2016,10,27,8,34,0,Thursday,540918.0908,4813201.901,-80.494115,43.470621,At/near private drive,2,P.D. only,Right shoulder,unknown,unknown,SMV unattended vehicle,Unknown,Dark,07 - Dark,Municipal (excl. Twp. Rd.),No control,unknown,0,0,0,FALSE,FALSE,FALSE,Rain,,FALSE,MAPLEWOOD PL; MAPLEWOOD PL ; Near; 10 M,3/4/2020 10:06:06 AM,540918.0908,4813201.901
45758,16-237094,10/27/2016 8:14:00 AM,2016,10,27,8,14,0,Thursday,541492.4994,4806415.317,-80.48753,43.409482,At intersection,1,Non-fatal injury,Within intersection,unknown,unknown,Turning movement,Unknown,Daylight,01 - Daylight,Municipal (excl. Twp. Rd.),Stop sign,Functioning,0,0,0,FALSE,FALSE,FALSE,Rain,,FALSE,RITTENHOUSE RD ; ERINBROOK DR ; 2 M,3/4/2020 10:06:05 AM,541492.4994,4806415.317
45759,16-237270,10/25/2016 7:00:00 PM,2016,10,25,19,0,0,Tuesday,536631.6118,4808196.261,-80.547445,43.425771,Non intersection,2,P.D. only,Thru lane,unknown,unknown,SMV unattended vehicle,Unknown,"Dark, artificial","08 - Dark, artificial",Municipal (excl. Twp. Rd.),No control,unknown,0,0,0,FALSE,FALSE,FALSE,Clear,,FALSE,WESTMEADOW DR; WESTMEADOW DR ; Near,3/4/2020 10:06:04 AM,536631.6118,4808196.261