OBJECTID,ACCIDENTNUM,ACCIDENTDATE,ACCIDENT_YEAR,ACCIDENT_MONTH,ACCIDENT_DAY,ACCIDENT_HOUR,ACCIDENT_MINUTE,ACCIDENT_SECOND,ACCIDENT_WEEKDAY,XCOORD,YCOORD,LONGITUDE,LATITUDE,ACCIDENTLOCATION,COLLISIONTYPE,CLASSIFICATIONOFACCIDENT,IMPACTLOCATION,INITIALDIRECTIONOFTRAVELONE,INITIALDIRECTIONOFTRAVELTWO,INITIALIMPACTTYPE,INTTRAFFICCONTROL,LIGHT,LIGHTFORREPORT,ROADJURISDICTION,TRAFFICCONTROL,TRAFFICCONTROLCONDITION,THRULANENO,NORTHBOUNDDISOBEYCOUNT,SOUTHBOUNDDISOBEYCOUNT,PEDESTRIANINVOLVED,CYCLISTINVOLVED,MOTORCYCLISTINVOLVED,ENVIRONMENTCONDITION1,ENVIRONMENTCONDITION2,SELFREPORTED,XMLIMPORTNOTES,LASTEDITEDDATE,x,y
45760,16-237274,10/26/2016 8:30:00 AM,2016,10,26,8,30,0,Wednesday,542562.6402,4815861.169,-80.473576,43.494473,At/near private drive,2,P.D. only,Thru lane,unknown,unknown,SMV unattended vehicle,Unknown,Daylight,01 - Daylight,Regional municipality,No control,unknown,0,0,0,FALSE,FALSE,FALSE,Clear,,FALSE,KESTREL ST; KESTREL ST; At,3/4/2020 10:06:04 AM,542562.6402,4815861.169
45761,16-237290,10/27/2016 12:51:00 PM,2016,10,27,12,51,0,Thursday,544035.6564,4802430.501,-80.456441,43.373458,Intersection related,1,Non-fatal injury,Not on roadway - right side,unknown,unknown,SMV other,Unknown,Daylight,01 - Daylight,Municipal (excl. Twp. Rd.),No control,unknown,0,0,0,FALSE,FALSE,FALSE,Rain,,FALSE,REIDEL DR ; STAUFFER DR; Near; 20.5 M,3/4/2020 10:06:03 AM,544035.6564,4802430.501
45762,16-237451,10/27/2016 1:45:00 PM,2016,10,27,13,45,0,Thursday,542406.1447,4811681.159,-80.475837,43.456845,Non intersection,2,P.D. only,Thru lane,unknown,unknown,Sideswipe,Unknown,Daylight,01 - Daylight,Regional municipality,No control,unknown,0,0,0,FALSE,FALSE,FALSE,Clear,,FALSE,EAST AVE; FREDERICK ST; Near,3/4/2020 10:06:02 AM,542406.1447,4811681.159
45763,16-237457,10/27/2016 8:30:00 AM,2016,10,27,8,30,0,Thursday,542581.1416,4810125.606,-80.473795,43.442829,Non intersection,2,P.D. only,Thru lane,unknown,unknown,Rear end,Unknown,Daylight,01 - Daylight,Regional municipality,No control,unknown,0,0,0,FALSE,FALSE,FALSE,Rain,,FALSE,KING ST E; BORDEN AVE N; Near,3/4/2020 10:06:02 AM,542581.1416,4810125.607
45764,16-237869,10/28/2016 7:14:00 AM,2016,10,28,7,14,0,Friday,542183.4997,4812361.876,-80.478536,43.462987,Non intersection,2,P.D. only,Right shoulder,unknown,unknown,SMV unattended vehicle,Unknown,Dark,07 - Dark,Regional municipality,No control,unknown,0,0,0,FALSE,FALSE,FALSE,Clear,,FALSE,WELLINGTON ST N; WELLINGTON ST N; Near; 1 M,3/4/2020 10:06:01 AM,542183.4997,4812361.876
45765,16-238030,10/28/2016 10:47:00 AM,2016,10,28,10,47,0,Friday,545171.6858,4804734.195,-80.442229,43.394133,Non intersection,1,Non-fatal injury,Thru lane,unknown,unknown,Turning movement,Unknown,Daylight,01 - Daylight,Regional municipality,No control,unknown,0,0,0,FALSE,FALSE,FALSE,Clear,,FALSE,PIONEER DR; PIONEER DR; At; 0 M,3/4/2020 10:06:00 AM,545171.6858,4804734.195
45766,16-238167,10/28/2016 2:27:00 PM,2016,10,28,14,27,0,Friday,543731.669,4808096.513,-80.45974,43.424493,At intersection,0,Fatal injury,Within intersection,unknown,unknown,SMV other,Unknown,Daylight,01 - Daylight,Municipal (excl. Twp. Rd.),Stop sign,Functioning,0,0,0,TRUE,FALSE,FALSE,Clear,,FALSE,VANIER DR ; SHELLEY DR,3/4/2020 10:06:00 AM,543731.669,4808096.513
45767,16-238319,10/28/2016 6:07:00 PM,2016,10,28,18,7,0,Friday,549348.5333,4806281.775,-80.390517,43.407804,Non intersection,1,Non-fatal injury,Thru lane,unknown,unknown,SMV other,Unknown,"Dark, artificial","08 - Dark, artificial",Municipal (excl. Twp. Rd.),No control,unknown,0,0,0,TRUE,FALSE,FALSE,Clear,,FALSE,GATEWAY PARK DR ; GATEWAY PARK DR ; Near; 8 M,3/4/2020 10:05:59 AM,549348.5333,4806281.775
45768,16-238321,10/28/2016 5:00:00 PM,2016,10,28,17,0,0,Friday,544957.8955,4811036.744,-80.44435,43.450894,At/near private drive,2,Non-reportable,Left turn lane,unknown,unknown,Turning movement,Unknown,Daylight,01 - Daylight,Regional municipality,Traffic signal,Functioning,0,0,0,FALSE,FALSE,FALSE,Clear,,FALSE,RIVER RD E; OTTAWA ST N; At,3/7/2019 1:21:21 PM,544957.8955,4811036.744
45769,16-238330,10/28/2016 9:10:00 AM,2016,10,28,9,10,0,Friday,537692.8224,4807041.364,-80.534415,43.41532,Intersection related,2,P.D. only,Thru lane,unknown,unknown,Rear end,Unknown,Daylight,01 - Daylight,Municipal (excl. Twp. Rd.),Stop sign,Functioning,0,0,0,FALSE,FALSE,FALSE,Clear,,FALSE,PARKLAND CRES; DRIFTWOOD DR; At,3/4/2020 10:05:58 AM,537692.8224,4807041.364
45770,16-238449,10/28/2016 9:14:00 AM,2016,10,28,9,14,0,Friday,544752.8898,4809031.71,-80.447048,43.432853,Non intersection,1,Non-fatal injury,Thru lane,unknown,unknown,Rear end,Unknown,Dusk,05 - Dusk,Municipal (excl. Twp. Rd.),No control,unknown,0,0,0,FALSE,FALSE,FALSE,Clear,,FALSE,KINGSWAY DR; NINTH AVE ; Near; 0 M,3/4/2020 10:05:57 AM,544752.8898,4809031.71
45771,16-239072,10/29/2016 2:00:00 PM,2016,10,29,14,0,0,Saturday,545792.9216,4808624.466,-80.434232,43.429123,At intersection,2,P.D. only,Within intersection,unknown,unknown,Turning movement,Unknown,Daylight,01 - Daylight,Regional municipality,Stop sign,Functioning,0,0,0,FALSE,FALSE,FALSE,Clear,,FALSE,KING ST E; MORGAN AVE,3/4/2020 10:05:57 AM,545792.9216,4808624.466
45772,16-239719,10/29/2016 3:40:00 PM,2016,10,29,15,40,0,Saturday,544530.7955,4808032.014,-80.449874,43.423865,At/near private drive,2,P.D. only,Thru lane,unknown,unknown,SMV unattended vehicle,Unknown,Daylight,01 - Daylight,Municipal (excl. Twp. Rd.),No control,unknown,0,0,0,FALSE,FALSE,FALSE,Clear,,FALSE,WOODHAVEN RD; WOODHAVEN RD ; Near,3/4/2020 10:05:56 AM,544530.7955,4808032.015
45773,16-240358,10/31/2016 7:34:00 AM,2016,10,31,7,34,0,Monday,543099.8517,4811870.047,-80.467247,43.458506,Non intersection,2,P.D. only,Thru lane,unknown,unknown,SMV unattended vehicle,Unknown,Dawn,03 - Dawn,Municipal (excl. Twp. Rd.),No control,unknown,0,0,0,FALSE,FALSE,FALSE,Clear,,FALSE,FIFE AVE; BRUCE ST; Near; 40 M,3/4/2020 10:05:55 AM,543099.8517,4811870.047
45774,16-240413,10/31/2016 8:30:00 AM,2016,10,31,8,30,0,Monday,540130.6845,4811573.608,-80.50397,43.456002,Non intersection,2,P.D. only,Thru lane,unknown,unknown,SMV unattended vehicle,Unknown,Daylight,01 - Daylight,Municipal (excl. Twp. Rd.),No control,unknown,0,0,0,FALSE,FALSE,FALSE,Clear,,FALSE,SHANLEY ST; BRAUN ST; Near,3/4/2020 10:05:55 AM,540130.6845,4811573.608
45775,16-240806,10/31/2016 6:06:00 PM,2016,10,31,18,6,0,Monday,541030.9932,4810484.963,-80.492924,43.446151,Non intersection,1,Non-fatal injury,Left turn lane,unknown,unknown,Angle,Unknown,Daylight,01 - Daylight,Regional municipality,Traffic signal,Functioning,0,0,0,FALSE,TRUE,FALSE,Clear,,FALSE,COURTLAND AVE E; QUEEN ST S; 38 M,3/7/2019 1:21:20 PM,541030.9931,4810484.963
45776,16-240893,10/31/2016 8:40:00 PM,2016,10,31,20,40,0,Monday,536067.4406,4806982.898,-80.554495,43.414873,Non intersection,2,P.D. only,Not on roadway - left side,unknown,unknown,SMV other,Unknown,Dark,07 - Dark,Municipal (excl. Twp. Rd.),No control,unknown,0,0,0,FALSE,FALSE,FALSE,Clear,,FALSE,TRUSSLER RD; COSTAIN CRT; 20 M,3/7/2019 1:21:19 PM,536067.4406,4806982.898
45777,16-241420,11/1/2016 2:10:00 PM,2016,11,1,14,10,0,Tuesday,536943.5133,4808259.231,-80.543588,43.426323,Non intersection,2,P.D. only,Right shoulder,unknown,unknown,SMV unattended vehicle,Unknown,Daylight,01 - Daylight,Municipal (excl. Twp. Rd.),No control,unknown,0,0,0,FALSE,FALSE,FALSE,Clear,,FALSE,BANKSIDE DR; WESTFOREST TRAIL ; Near; 90 M,3/4/2020 10:05:54 AM,536943.5133,4808259.231
45778,16-241833,11/2/2016 1:00:00 AM,2016,11,2,1,0,0,Wednesday,544126.1716,4808551.405,-80.45483,43.428565,Non intersection,2,P.D. only,Off highway,unknown,unknown,SMV unattended vehicle,Unknown,"Dark, artificial","08 - Dark, artificial",Municipal (excl. Twp. Rd.),No control,unknown,0,0,0,FALSE,FALSE,FALSE,Clear,,FALSE,FIFTH AVE ; FIFTH AVE ; 5 M,3/4/2020 10:05:53 AM,544126.1716,4808551.405
45779,16-242014,11/2/2016 9:25:00 AM,2016,11,2,9,25,0,Wednesday,539296.9793,4811576.137,-80.514274,43.456069,At intersection,1,Non-fatal injury,Within intersection,unknown,unknown,Turning movement,Unknown,Daylight,01 - Daylight,Municipal (excl. Twp. Rd.),Stop sign,Functioning,0,0,0,FALSE,FALSE,FALSE,Clear,,FALSE,PARK ST; MT HOPE ST,3/4/2020 10:05:53 AM,539296.9793,4811576.137
45780,16-242066,11/1/2016 9:00:00 PM,2016,11,1,21,0,0,Tuesday,539513.7612,4806796.754,-80.511941,43.413024,At/near private drive,2,P.D. only,Thru lane,unknown,unknown,SMV unattended vehicle,Unknown,"Dark, artificial","08 - Dark, artificial",Municipal (excl. Twp. Rd.),No control,unknown,0,0,0,FALSE,FALSE,FALSE,Clear,,FALSE,GREY FOX DR; GREY FOX DR ; At,3/4/2020 10:05:52 AM,539513.7612,4806796.754
45781,16-242240,10/28/2016 11:05:00 PM,2016,10,28,23,5,0,Friday,545152.884,4804924.262,-80.442445,43.395845,At/near private drive,2,P.D. only,Thru lane,unknown,unknown,SMV unattended vehicle,Unknown,"Dark, artificial","08 - Dark, artificial",Municipal (excl. Twp. Rd.),No control,unknown,0,0,0,FALSE,FALSE,FALSE,Clear,,FALSE,LOWER CANADA CRES; LOWER CANADA CRES; At,3/4/2020 10:05:51 AM,545152.884,4804924.262
45782,16-242415,11/2/2016 3:45:00 PM,2016,11,2,15,45,0,Wednesday,544729.6584,4811860.338,-80.447103,43.458323,Intersection related,1,Non-fatal injury,Thru lane,unknown,unknown,Rear end,Unknown,Daylight,01 - Daylight,Municipal (excl. Twp. Rd.),Stop sign,Functioning,0,0,0,FALSE,FALSE,FALSE,Rain,,FALSE,CARSON DR; LORRAINE AVE; Near,3/4/2020 10:05:50 AM,544729.6584,4811860.338
45783,16-243002,11/2/2016 4:04:00 PM,2016,11,2,16,4,0,Wednesday,540640.8332,4812200.141,-80.497617,43.461616,At/near private drive,2,P.D. only,Thru lane,unknown,unknown,SMV unattended vehicle,Unknown,Daylight,01 - Daylight,Municipal (excl. Twp. Rd.),No control,unknown,0,0,0,FALSE,FALSE,FALSE,Clear,,FALSE,ELLIS AVE ; ELLIS AVE ; Near; 5 M,3/4/2020 10:05:50 AM,540640.8332,4812200.141
45784,16-243179,11/3/2016 3:30:00 PM,2016,11,3,15,30,0,Thursday,540178.979,4811335.254,-80.50339,43.453853,Non intersection,2,P.D. only,Thru lane,unknown,unknown,SMV unattended vehicle,Unknown,Daylight,01 - Daylight,Municipal (excl. Twp. Rd.),No control,unknown,0,0,0,FALSE,FALSE,FALSE,Clear,,FALSE,WALTER ST; WELLINGTON ST N; Near; 50 M,3/4/2020 10:05:49 AM,540178.979,4811335.254
45785,16-243228,11/3/2016 6:17:00 PM,2016,11,3,18,17,0,Thursday,542033.0188,4816302.094,-80.480092,43.498473,Non intersection,2,P.D. only,Thru lane,unknown,unknown,Turning movement,Unknown,Daylight,01 - Daylight,Municipal (excl. Twp. Rd.),No control,unknown,0,0,0,FALSE,FALSE,FALSE,Clear,,FALSE,FALCONRIDGE DR ; FIELD SPARROW CRES ; Near; 30 M,3/4/2020 10:05:48 AM,542033.0188,4816302.094
45786,16-243699,11/4/2016 8:30:00 AM,2016,11,4,8,30,0,Friday,536839.6959,4807844.007,-80.544898,43.422589,Non intersection,2,P.D. only,Thru lane,unknown,unknown,SMV unattended vehicle,Unknown,Daylight,01 - Daylight,Municipal (excl. Twp. Rd.),No control,unknown,0,0,0,FALSE,FALSE,FALSE,Clear,,FALSE,ROLLING MEADOWS DR; CONNELLY DR; Near,3/4/2020 10:05:48 AM,536839.6959,4807844.007
45787,16-243885,11/3/2016 10:30:00 PM,2016,11,3,22,30,0,Thursday,544072.8708,4807675.327,-80.455559,43.42068,Non intersection,2,P.D. only,Thru lane,unknown,unknown,SMV unattended vehicle,Unknown,"Dark, artificial","08 - Dark, artificial",Municipal (excl. Twp. Rd.),No control,unknown,0,0,0,FALSE,FALSE,FALSE,Clear,,FALSE,VANIER DR; VANIER DR; At,3/4/2020 10:05:47 AM,544072.8708,4807675.327
45788,16-244051,11/4/2016 4:40:00 PM,2016,11,4,16,40,0,Friday,540525.9633,4809290.717,-80.499254,43.435425,At/near private drive,2,P.D. only,Thru lane,unknown,unknown,SMV unattended vehicle,Unknown,Daylight,01 - Daylight,Municipal (excl. Twp. Rd.),No control,unknown,0,0,0,FALSE,FALSE,FALSE,Clear,,FALSE,PERTH RD; PERTH RD ; At; 9 M,3/4/2020 10:05:46 AM,540525.9633,4809290.717
45789,16-244089,11/4/2016 5:48:00 PM,2016,11,4,17,48,0,Friday,538711.9658,4806646.184,-80.521854,43.41171,Non intersection,2,P.D. only,Right shoulder,unknown,unknown,SMV unattended vehicle,Unknown,Daylight,01 - Daylight,Municipal (excl. Twp. Rd.),No control,unknown,0,0,0,FALSE,FALSE,FALSE,Clear,,FALSE,WAKE ROBIN DR; WAKE ROBIN CRES ; Near; 18 M,3/4/2020 10:05:46 AM,538711.9658,4806646.184
45790,16-244136,11/4/2016 7:10:00 PM,2016,11,4,19,10,0,Friday,540898.161,4813159.634,-80.494365,43.470241,At/near private drive,2,P.D. only,Left shoulder,unknown,unknown,SMV unattended vehicle,Unknown,Dark,07 - Dark,Municipal (excl. Twp. Rd.),No control,unknown,0,0,0,FALSE,FALSE,FALSE,Clear,,FALSE,MAPLEWOOD PL ; MAPLEWOOD PL ; At; 5 M,3/7/2019 1:21:18 PM,540898.161,4813159.634
45791,16-244152,11/4/2016 7:27:00 PM,2016,11,4,19,27,0,Friday,543773.9351,4809347.079,-80.459118,43.43575,Intersection related,1,Non-fatal injury,Thru lane,unknown,unknown,Rear end,Unknown,Dark,07 - Dark,Municipal (excl. Twp. Rd.),No control,unknown,0,0,0,FALSE,FALSE,FALSE,Clear,,FALSE,DIXON ST; ROCKWAY DR,3/7/2019 1:21:17 PM,543773.9351,4809347.079
45792,16-244167,11/4/2016 8:10:00 PM,2016,11,4,20,10,0,Friday,542052.4028,4810139.416,-80.480328,43.442983,Non intersection,1,Non-fatal injury,Thru lane,unknown,unknown,Turning movement,Unknown,Dark,07 - Dark,Regional municipality,No control,unknown,0,0,0,FALSE,TRUE,FALSE,Clear,,FALSE,STIRLING AVE S; STIRLING AVE S; Near; 1 M,3/4/2020 10:05:45 AM,542052.4028,4810139.416
45793,16-244570,11/5/2016 9:50:00 AM,2016,11,5,9,50,0,Saturday,539285.6249,4810352.756,-80.514503,43.445054,At/near private drive,1,Non-fatal injury,Thru lane,unknown,unknown,Angle,Unknown,Daylight,01 - Daylight,Municipal (excl. Twp. Rd.),No control,unknown,0,0,0,FALSE,TRUE,FALSE,Clear,,FALSE,BRYBECK CRES; BRYBECK CRES ; At; 1 M,3/4/2020 10:05:44 AM,539285.6249,4810352.756
45794,16-244760,11/5/2016 12:45:00 PM,2016,11,5,12,45,0,Saturday,537916.3031,4808412.77,-80.531559,43.427657,At/near private drive,2,P.D. only,Thru lane,unknown,unknown,Other,Unknown,Daylight,01 - Daylight,Regional municipality,No control,unknown,0,0,0,FALSE,FALSE,FALSE,Clear,,FALSE,BLACKWELL DR; BLACKWELL DR ; Near,3/4/2020 10:05:44 AM,537916.3031,4808412.77
45795,16-244819,11/5/2016 2:57:00 PM,2016,11,5,14,57,0,Saturday,541003.7959,4811765.905,-80.493164,43.457686,At intersection,2,P.D. only,Within intersection,unknown,unknown,Angle,Unknown,Daylight,01 - Daylight,Municipal (excl. Twp. Rd.),Stop sign,Functioning,0,0,0,FALSE,FALSE,FALSE,Clear,,FALSE,AHRENS ST W; WELLINGTON ST N,3/7/2019 1:21:16 PM,541003.7959,4811765.905
45796,16-244833,11/5/2016 1:00:00 AM,2016,11,5,1,0,0,Saturday,547244.2238,4805998.734,-80.416529,43.405391,Non intersection,2,P.D. only,Thru lane,unknown,unknown,SMV unattended vehicle,Unknown,"Dark, artificial","08 - Dark, artificial",Municipal (excl. Twp. Rd.),No control,unknown,0,0,0,FALSE,FALSE,FALSE,Clear,,FALSE,DEER RIDGE DR; DEER RIDGE DR,3/4/2020 10:05:43 AM,547244.2238,4805998.734
45797,16-244897,11/5/2016 5:32:00 PM,2016,11,5,17,32,0,Saturday,541490.4246,4810727.244,-80.487228,43.448307,Non intersection,2,P.D. only,Thru lane,unknown,unknown,SMV other,Unknown,Daylight,01 - Daylight,Municipal (excl. Twp. Rd.),No control,unknown,0,0,0,FALSE,FALSE,FALSE,Clear,,FALSE,HALLS LANE E; BENTON ST ; Near; 80 M,3/4/2020 10:05:42 AM,541490.4246,4810727.244
45798,16-245073,11/5/2016 10:40:00 PM,2016,11,5,22,40,0,Saturday,539207.0797,4807925.396,-80.515648,43.423202,At/near private drive,2,P.D. only,Thru lane,unknown,unknown,SMV unattended vehicle,Unknown,Dark,07 - Dark,Municipal (excl. Twp. Rd.),No control,unknown,0,0,0,FALSE,FALSE,FALSE,Clear,,FALSE,CLOVERDALE CRES; CLOVERDALE CRES ; Near; 3 M,3/4/2020 10:05:42 AM,539207.0797,4807925.396
45799,16-245100,11/5/2016 11:23:00 PM,2016,11,5,23,23,0,Saturday,541474.0124,4812643.953,-80.487285,43.465566,Non intersection,2,P.D. only,Not on roadway - right side,unknown,unknown,SMV other,Unknown,"Dark, artificial","08 - Dark, artificial",Municipal (excl. Twp. Rd.),No control,unknown,0,0,0,FALSE,FALSE,FALSE,Clear,,FALSE,GUELPH ST; ARNOLD ST ; Near; 25 M,3/4/2020 10:05:41 AM,541474.0124,4812643.953
45800,16-245284,11/6/2016 5:20:00 AM,2016,11,6,5,20,0,Sunday,543021.4921,4808228.97,-80.468503,43.425726,At railway crossing,2,P.D. only,Thru lane,unknown,unknown,SMV other,Unknown,"Dark, artificial","08 - Dark, artificial",Municipal (excl. Twp. Rd.),No control,unknown,0,0,0,FALSE,FALSE,FALSE,Clear,,FALSE,HAYWARD AVE; COURTLAND AVE E; 500 M,3/7/2019 1:21:15 PM,543021.4921,4808228.97
45801,16-245428,11/6/2016 10:40:00 AM,2016,11,6,10,40,0,Sunday,547830.2817,4810675.076,-80.408882,43.447459,At intersection,2,P.D. only,Within intersection,unknown,unknown,Turning movement,Unknown,Daylight,01 - Daylight,Municipal (excl. Twp. Rd.),Stop sign,Functioning,0,0,0,FALSE,FALSE,FALSE,Clear,,FALSE,COLTON CIR; COLTON CIR,3/4/2020 10:05:40 AM,547830.2817,4810675.076
45802,16-245543,11/6/2016 3:05:00 PM,2016,11,6,15,5,0,Sunday,538558.5244,4808536.168,-80.523616,43.428735,Non intersection,1,Non-fatal injury,Not on roadway - right side,unknown,unknown,SMV other,Unknown,Daylight,01 - Daylight,Regional municipality,No control,unknown,0,0,0,FALSE,FALSE,FALSE,Clear,,FALSE,QUEENS BLVD; FISCHER HALLMAN RD; Near; 20 M,3/4/2020 10:05:39 AM,538558.5244,4808536.168
45803,16-245595,11/6/2016 4:50:00 PM,2016,11,6,16,50,0,Sunday,541068,4811108,0,0,Non intersection,2,P.D. only,Thru lane,unknown,unknown,SMV unattended vehicle,Unknown,Daylight,01 - Daylight,Municipal (excl. Twp. Rd.),No control,unknown,0,0,0,FALSE,FALSE,FALSE,Clear,,FALSE,SANDYBAY AVE; SANDYBAY AVE ; Near; 15 M,3/4/2020 10:05:39 AM,541068,4811108
45804,16-245989,11/6/2016 1:30:00 PM,2016,11,6,13,30,0,Sunday,546062.984,4809492.972,-80.430823,43.436927,At intersection,1,Non-fatal injury,Within intersection,unknown,unknown,Rear end,Unknown,Daylight,01 - Daylight,Regional municipality,Traffic signal,Functioning,0,0,0,FALSE,FALSE,FALSE,Clear,,FALSE,RIVER RD E; KINZIE AVE,3/4/2020 10:05:38 AM,546062.984,4809492.972
45805,16-246087,11/7/2016 11:40:00 AM,2016,11,7,11,40,0,Monday,538873.095,4806724.102,-80.519859,43.412403,Non intersection,2,P.D. only,Thru lane,unknown,unknown,SMV unattended vehicle,Unknown,Other,99 - Other,Municipal (excl. Twp. Rd.),No control,unknown,0,0,0,FALSE,FALSE,FALSE,Clear,,FALSE,WAKE ROBIN CRES; WAKE ROBIN DR ; Near; 30 M,3/4/2020 10:05:37 AM,538873.095,4806724.102
45806,16-246120,11/7/2016 8:10:00 AM,2016,11,7,8,10,0,Monday,538233.9816,4808329.212,-80.52764,43.426888,Non intersection,2,P.D. only,Thru lane,unknown,unknown,Rear end,Unknown,Daylight,01 - Daylight,Municipal (excl. Twp. Rd.),No control,unknown,0,0,0,FALSE,FALSE,FALSE,Clear,,FALSE,ELM RIDGE DR; QUEENS BLVD; Near,3/4/2020 10:05:37 AM,538233.9816,4808329.212
45807,16-246150,11/7/2016 8:45:00 AM,2016,11,7,8,45,0,Monday,540258.353,4811633.458,-80.502387,43.456534,Non intersection,2,P.D. only,Thru lane,unknown,unknown,SMV unattended vehicle,Unknown,Daylight,01 - Daylight,Municipal (excl. Twp. Rd.),No control,unknown,0,0,0,FALSE,FALSE,FALSE,Clear,,FALSE,SHANLEY ST; SHANLEY ST ; Near,3/4/2020 10:05:36 AM,540258.353,4811633.458
45808,16-246698,11/7/2016 8:45:00 AM,2016,11,7,8,45,0,Monday,540568.8188,4812710.736,-80.49847,43.466217,At intersection,1,Non-fatal injury,Within intersection,unknown,unknown,Turning movement,Stop sign,Daylight,01 - Daylight,Municipal (excl. Twp. Rd.),Stop sign,Functioning,0,0,0,FALSE,TRUE,FALSE,Clear,,FALSE,MARGARET AVE S; UNION ST E,3/4/2020 10:04:28 AM,540568.8188,4812710.736
45809,16-246727,11/8/2016 8:00:00 AM,2016,11,8,8,0,0,Tuesday,542581.1477,4810124.648,-80.473795,43.44282,Intersection related,2,Non-reportable,Left turn lane,unknown,unknown,Sideswipe,Unknown,Daylight,01 - Daylight,Regional municipality,Traffic signal,Functioning,0,0,0,FALSE,FALSE,FALSE,Clear,,FALSE,KING ST E; BORDEN AVE N,3/7/2019 1:21:14 PM,542581.1477,4810124.648
45810,16-247183,11/8/2016 5:45:00 PM,2016,11,8,17,45,0,Tuesday,543229.7867,4804481.878,-80.466226,43.391975,At intersection,2,P.D. only,Within intersection,unknown,unknown,Turning movement,Unknown,"Dark, artificial","08 - Dark, artificial",Regional municipality,Yield sign,Functioning,0,0,0,FALSE,FALSE,FALSE,Rain,,FALSE,STRASBURG RD; HURON RD,3/4/2020 10:05:35 AM,543229.7867,4804481.878
45811,16-247188,11/8/2016 6:06:00 PM,2016,11,8,18,6,0,Tuesday,549487.7426,4806209.88,-80.388804,43.407147,At/near private drive,2,P.D. only,Thru lane,unknown,unknown,Turning movement,Unknown,"Dark, artificial","08 - Dark, artificial",Municipal (excl. Twp. Rd.),Stop sign,Functioning,0,0,0,FALSE,FALSE,FALSE,Rain,,FALSE,GATEWAY PARK DR; KING ST E; At; 5 M,3/4/2020 10:05:35 AM,549487.7426,4806209.88
45812,16-247195,11/8/2016 6:13:00 PM,2016,11,8,18,13,0,Tuesday,543073.9013,4812799.869,-80.467495,43.46688,At intersection,2,P.D. only,Within intersection,unknown,unknown,Turning movement,Unknown,"Dark, artificial","08 - Dark, artificial",Municipal (excl. Twp. Rd.),Traffic signal,Functioning,0,0,0,FALSE,FALSE,FALSE,Rain,,FALSE,WELLINGTON ST N; RIVERBEND DR; 0.11 K,3/4/2020 10:05:34 AM,543073.9013,4812799.869
45813,16-247259,11/8/2016 7:49:00 PM,2016,11,8,19,49,0,Tuesday,544609.4289,4809094.123,-80.448815,43.433423,At intersection,2,P.D. only,Within intersection,unknown,unknown,Turning movement,Unknown,Dark,07 - Dark,Municipal (excl. Twp. Rd.),Traffic signal,Functioning,0,0,0,FALSE,FALSE,FALSE,"Fog, mist, smoke, dust",,FALSE,FRANKLIN ST S; KINGSWAY DR,3/4/2020 10:05:33 AM,544609.4289,4809094.123
45814,16-247935,11/9/2016 5:36:00 PM,2016,11,9,17,36,0,Wednesday,545078.3459,4813536.339,-80.442655,43.473393,At intersection,2,P.D. only,Within intersection,unknown,unknown,Turning movement,Unknown,"Dark, artificial","08 - Dark, artificial",Municipal (excl. Twp. Rd.),Stop sign,Functioning,0,0,0,FALSE,FALSE,FALSE,Clear,,FALSE,BINGEMANS CENTRE DR ; SHIRLEY DR,3/4/2020 10:05:33 AM,545078.3459,4813536.339
45815,16-248322,11/10/2016 8:56:00 AM,2016,11,10,8,56,0,Thursday,542352.8421,4810262.161,-80.476606,43.444071,At/near private drive,1,Non-fatal injury,Thru lane,unknown,unknown,Turning movement,Unknown,Daylight,01 - Daylight,Regional municipality,No control,unknown,0,0,0,FALSE,FALSE,FALSE,Clear,,FALSE,KING ST E; KING ST E; 2 M,3/7/2019 1:21:13 PM,542352.8421,4810262.162
45816,16-248574,11/10/2016 2:23:00 PM,2016,11,10,14,23,0,Thursday,539977.7267,4805644.59,-80.506294,43.402625,Non intersection,2,P.D. only,Thru lane,unknown,unknown,SMV unattended vehicle,Unknown,Daylight,01 - Daylight,Municipal (excl. Twp. Rd.),No control,unknown,0,0,0,FALSE,FALSE,FALSE,Clear,,FALSE,COMMONWEALTH CRES; COMMONWEALTH CRES ; At; 1 M,3/4/2020 10:05:32 AM,539977.7267,4805644.59
45817,16-248596,11/10/2016 2:53:00 PM,2016,11,10,14,53,0,Thursday,543797.9035,4812590.47,-80.458561,43.464952,At intersection,1,Non-fatal injury,Within intersection,unknown,unknown,Rear end,Unknown,Daylight,01 - Daylight,Regional municipality,Stop sign,Functioning,0,0,0,FALSE,FALSE,FALSE,Clear,,FALSE,FREDERICK ST; AVON RD,3/7/2019 1:21:12 PM,543797.9035,4812590.47
45818,16-248629,11/10/2016 3:43:00 PM,2016,11,10,15,43,0,Thursday,541661.0457,4810409.505,-80.485143,43.445437,At intersection,2,P.D. only,Within intersection,unknown,unknown,Angle,Unknown,Daylight,01 - Daylight,Regional municipality,Stop sign,Functioning,0,0,0,FALSE,FALSE,FALSE,Clear,,FALSE,CEDAR ST S; CHURCH ST,3/4/2020 10:05:31 AM,541661.0457,4810409.505
45819,16-248734,11/8/2016 3:45:00 PM,2016,11,8,15,45,0,Tuesday,545345.2646,4806453.359,-80.439943,43.409602,Non intersection,2,P.D. only,Thru lane,unknown,unknown,Rear end,Unknown,Daylight,01 - Daylight,Regional municipality,No control,unknown,0,0,0,FALSE,FALSE,FALSE,Rain,,FALSE,WABANAKI DR; WILSON AVE; Near,3/4/2020 10:05:30 AM,545345.2646,4806453.359
45820,16-249007,11/11/2016 3:39:00 AM,2016,11,11,3,39,0,Friday,542440.599,4804142.767,-80.475997,43.388967,Non intersection,1,Non-fatal injury,Thru lane,unknown,unknown,Approaching,Unknown,"Dark, artificial","08 - Dark, artificial",Municipal (excl. Twp. Rd.),No control,unknown,0,0,0,FALSE,FALSE,FALSE,Clear,,FALSE,PARKVALE DR; FEATHERSTONE ST; Near; 2 M,3/4/2020 10:05:30 AM,542440.599,4804142.767