OBJECTID,ACCIDENTNUM,ACCIDENTDATE,ACCIDENT_YEAR,ACCIDENT_MONTH,ACCIDENT_DAY,ACCIDENT_HOUR,ACCIDENT_MINUTE,ACCIDENT_SECOND,ACCIDENT_WEEKDAY,XCOORD,YCOORD,LONGITUDE,LATITUDE,ACCIDENTLOCATION,COLLISIONTYPE,CLASSIFICATIONOFACCIDENT,IMPACTLOCATION,INITIALDIRECTIONOFTRAVELONE,INITIALDIRECTIONOFTRAVELTWO,INITIALIMPACTTYPE,INTTRAFFICCONTROL,LIGHT,LIGHTFORREPORT,ROADJURISDICTION,TRAFFICCONTROL,TRAFFICCONTROLCONDITION,THRULANENO,NORTHBOUNDDISOBEYCOUNT,SOUTHBOUNDDISOBEYCOUNT,PEDESTRIANINVOLVED,CYCLISTINVOLVED,MOTORCYCLISTINVOLVED,ENVIRONMENTCONDITION1,ENVIRONMENTCONDITION2,SELFREPORTED,XMLIMPORTNOTES,LASTEDITEDDATE,x,y
45821,16-249129,11/10/2016 5:20:00 PM,2016,11,10,17,20,0,Thursday,541819.6628,4808166.393,-80.483355,43.425231,At/near private drive,2,P.D. only,Thru lane,unknown,unknown,Turning movement,Unknown,Daylight,01 - Daylight,Regional municipality,No control,unknown,0,0,0,FALSE,FALSE,FALSE,Clear,,FALSE,ALPINE RD ; OTTAWA ST S ; Near,3/4/2020 10:05:29 AM,541819.6628,4808166.393
45822,16-249138,11/11/2016 9:41:00 AM,2016,11,11,9,41,0,Friday,541057.5634,4811035.096,-80.492554,43.451103,Intersection related,2,Non-reportable,Thru lane,unknown,unknown,SMV other,Unknown,Daylight,01 - Daylight,Regional municipality,Other,Functioning,0,0,0,FALSE,FALSE,FALSE,Clear,,FALSE,KING ST W; GAUKEL ST ; Near,3/7/2019 1:21:11 PM,541057.5634,4811035.096
45823,16-249555,11/11/2016 9:00:00 PM,2016,11,11,21,0,0,Friday,541808.8411,4804164.906,-80.483795,43.389202,At/near private drive,2,P.D. only,Thru lane,unknown,unknown,Turning movement,Unknown,Dark,07 - Dark,Municipal (excl. Twp. Rd.),No control,unknown,0,0,0,FALSE,FALSE,FALSE,Clear,,FALSE,PARKVALE DR ; PARKVALE DR ; At; 20 M,3/4/2020 10:05:28 AM,541808.8411,4804164.906
45824,16-249705,11/12/2016 1:22:00 AM,2016,11,12,1,22,0,Saturday,540350.0159,4811463.305,-80.501267,43.454997,At intersection,1,Non-fatal injury,Within intersection,unknown,unknown,SMV other,Unknown,"Dark, artificial","08 - Dark, artificial",Municipal (excl. Twp. Rd.),Traffic signal,Functioning,0,0,0,TRUE,FALSE,FALSE,Clear,,FALSE,MOORE AVE ; WELLINGTON ST N,3/4/2020 10:05:28 AM,540350.0159,4811463.305
45825,16-249899,11/12/2016 10:07:00 AM,2016,11,12,10,7,0,Saturday,539623.1489,4806363.397,-80.510621,43.409116,At/near private drive,1,Non-fatal injury,Thru lane,unknown,unknown,SMV other,Unknown,Daylight,01 - Daylight,Municipal (excl. Twp. Rd.),No control,unknown,0,0,0,TRUE,FALSE,FALSE,Clear,,FALSE,ACTIVA AVE; ACTIVA AVE ; At; 1 M,3/7/2019 1:21:08 PM,539623.1489,4806363.397
45826,16-250012,11/12/2016 11:00:00 AM,2016,11,12,11,0,0,Saturday,536419.6457,4809156.026,-80.55,43.434424,Non intersection,2,P.D. only,Thru lane,unknown,unknown,SMV unattended vehicle,Unknown,Daylight,01 - Daylight,Municipal (excl. Twp. Rd.),No control,unknown,0,0,0,FALSE,FALSE,FALSE,Clear,,FALSE,WINDWARD PL; WINDWARD PL; Near,3/4/2020 10:05:27 AM,536419.6457,4809156.027
45827,16-250031,11/12/2016 1:54:00 PM,2016,11,12,13,54,0,Saturday,539078.6175,4811110.043,-80.517006,43.451884,At intersection,1,Non-fatal injury,Within intersection,unknown,unknown,Angle,Unknown,Daylight,01 - Daylight,Municipal (excl. Twp. Rd.),Traffic signal,Functioning,0,0,1,FALSE,FALSE,FALSE,Clear,,FALSE,GLASGOW ST; BELMONT AVE W; 1.5 M,3/4/2020 10:05:26 AM,539078.6175,4811110.043
45828,16-250137,11/12/2016 4:52:00 PM,2016,11,12,16,52,0,Saturday,541358.9837,4808644.222,-80.48901,43.429559,Intersection related,2,P.D. only,Thru lane,unknown,unknown,Rear end,Unknown,"Dark, artificial","08 - Dark, artificial",Regional municipality,Traffic signal,Functioning,0,0,0,FALSE,FALSE,FALSE,Clear,,FALSE,HOMER WATSON BLVD; HOFFMAN ST; Near; 100 M,3/4/2020 10:05:26 AM,541358.9837,4808644.222
45829,16-250483,11/12/2016 6:00:00 PM,2016,11,12,18,0,0,Saturday,543568.2011,4804975.657,-80.462008,43.396402,At intersection,2,P.D. only,Within intersection,unknown,unknown,Turning movement,Unknown,Dark,07 - Dark,Regional municipality,Traffic signal,Functioning,0,0,0,FALSE,FALSE,FALSE,Clear,,FALSE,HURON RD; BATTLER RD,3/4/2020 10:05:25 AM,543568.2011,4804975.657
45830,16-250857,11/13/2016 6:11:00 PM,2016,11,13,18,11,0,Sunday,541125.8356,4809687.074,-80.491812,43.438962,Non intersection,2,P.D. only,Thru lane,unknown,unknown,SMV unattended vehicle,Unknown,"Dark, artificial","08 - Dark, artificial",Regional municipality,Stop sign,Functioning,0,0,0,FALSE,FALSE,FALSE,Clear,,FALSE,SPADINA RD E; RUSSEL ST ; 10 M,3/4/2020 10:05:24 AM,541125.8356,4809687.074
45831,16-251130,11/14/2016 7:40:00 AM,2016,11,14,7,40,0,Monday,541543.0307,4808435.627,-80.486752,43.42767,Intersection related,1,Non-fatal injury,Thru lane,unknown,unknown,Rear end,Unknown,Daylight,01 - Daylight,Regional municipality,Traffic signal,Functioning,0,0,0,FALSE,FALSE,FALSE,Clear,,FALSE,HOMER WATSON BLVD; HWY 8  ; 100 M,3/4/2020 10:05:24 AM,541543.0307,4808435.627
45832,16-251181,11/14/2016 7:45:00 AM,2016,11,14,7,45,0,Monday,538627.9238,4805657.626,-80.522962,43.402813,At/near private drive,2,Non-reportable,Thru lane,unknown,unknown,Other,Unknown,Daylight,01 - Daylight,Municipal (excl. Twp. Rd.),No control,unknown,0,0,0,FALSE,FALSE,FALSE,Clear,,FALSE,GRAVEL RIDGE TRAIL; GRAVEL RIDGE TRAIL ; At,3/4/2020 10:05:23 AM,538627.9238,4805657.626
45833,16-251570,11/14/2016 5:39:00 PM,2016,11,14,17,39,0,Monday,542818.9951,4814598.123,-80.470505,43.483086,Non intersection,1,Non-fatal injury,Thru lane,unknown,unknown,SMV unattended vehicle,Unknown,Dawn,03 - Dawn,Regional municipality,No control,unknown,0,0,0,FALSE,FALSE,FALSE,Clear,,FALSE,BLOOMINGDALE RD N; STANLEY AVE ; 40 M,3/7/2019 1:21:07 PM,542818.9951,4814598.123
45834,16-251655,11/14/2016 5:50:00 PM,2016,11,14,17,50,0,Monday,540680.0144,4811003.67,-80.497222,43.450841,Non intersection,2,P.D. only,Thru lane,unknown,unknown,Turning movement,Unknown,"Dark, artificial","08 - Dark, artificial",Municipal (excl. Twp. Rd.),No control,unknown,0,0,0,FALSE,FALSE,FALSE,Clear,,FALSE,FRANCIS ST S; FRANCIS ST S; Near,3/4/2020 10:05:22 AM,540680.0144,4811003.67
45835,16-251884,11/15/2016 8:05:00 AM,2016,11,15,8,5,0,Tuesday,540640.2359,4811703.505,-80.497662,43.457144,At intersection,2,P.D. only,Left turn lane,unknown,unknown,Angle,Unknown,Daylight,01 - Daylight,Municipal (excl. Twp. Rd.),Stop sign,Functioning,0,0,0,FALSE,FALSE,FALSE,Clear,,FALSE,DUKE ST W; LOUISA ST,3/4/2020 10:05:22 AM,540640.2359,4811703.505
45836,16-252065,11/15/2016 11:42:00 AM,2016,11,15,11,42,0,Tuesday,539336.2741,4806637.204,-80.514144,43.411596,At/near private drive,2,Non-reportable,Off highway,unknown,unknown,SMV unattended vehicle,Unknown,Daylight,01 - Daylight,Private property,No control,unknown,0,0,0,FALSE,FALSE,FALSE,Clear,,FALSE,WATERWILLOW CRT; WATERWILLOW CRT ; At; 5 M,3/4/2020 10:05:21 AM,539336.2741,4806637.204
45837,16-252227,11/15/2016 12:01:00 PM,2016,11,15,12,1,0,Tuesday,541068,4811108,0,0,Non intersection,2,P.D. only,Not on roadway - left side,unknown,unknown,SMV other,Unknown,Daylight,01 - Daylight,Municipal (excl. Twp. Rd.),No control,unknown,0,0,0,FALSE,FALSE,FALSE,Clear,,FALSE,SIENNA ST ; RACHEL CRES ; Near; 40 M,3/7/2019 1:21:06 PM,541068,4811108
45838,16-252491,11/14/2016 4:10:00 PM,2016,11,14,16,10,0,Monday,538889.1385,4808655.778,-80.519523,43.429795,At intersection,2,P.D. only,Within intersection,unknown,unknown,Turning movement,Unknown,Daylight,01 - Daylight,Regional municipality,Stop sign,Functioning,0,0,0,FALSE,FALSE,FALSE,Clear,,FALSE,QUEENS BLVD; EAGEN DR,3/4/2020 10:05:20 AM,538889.1385,4808655.778
45839,16-253273,11/16/2016 10:00:00 PM,2016,11,16,22,0,0,Wednesday,544194.5725,4812386.832,-80.453674,43.463095,At/near private drive,2,P.D. only,Thru lane,unknown,unknown,SMV unattended vehicle,Unknown,Dark,07 - Dark,Regional municipality,No control,unknown,0,0,0,FALSE,FALSE,FALSE,Clear,,FALSE,PRIVATE DRIVE; MANCHESTER RD ; At; 2 M,3/7/2019 1:21:05 PM,544194.5725,4812386.832
45840,16-253500,11/17/2016 8:00:00 AM,2016,11,17,8,0,0,Thursday,546232.5297,4808771.721,-80.428789,43.430422,Non intersection,2,P.D. only,Right shoulder,unknown,unknown,SMV unattended vehicle,Unknown,"Dark, artificial","08 - Dark, artificial",Municipal (excl. Twp. Rd.),No control,unknown,0,0,0,FALSE,FALSE,FALSE,Clear,,FALSE,WINDOM RD; WINDOM RD ; Near; 1 M,3/7/2019 1:21:04 PM,546232.5297,4808771.721
45841,16-253520,11/17/2016 8:15:00 AM,2016,11,17,8,15,0,Thursday,538909.5353,4805672.42,-80.519484,43.402932,Non intersection,2,P.D. only,Right shoulder,unknown,unknown,SMV unattended vehicle,Unknown,Daylight,01 - Daylight,Municipal (excl. Twp. Rd.),No control,unknown,0,0,0,FALSE,FALSE,FALSE,Clear,,FALSE,ACTIVA AVE; ACTIVA AVE ; Near,3/4/2020 10:05:19 AM,538909.5353,4805672.42
45842,16-253757,11/17/2016 2:36:00 PM,2016,11,17,14,36,0,Thursday,546772.3447,4804111.228,-80.422518,43.388425,Non intersection,2,P.D. only,Thru lane,unknown,unknown,Other,Unknown,Daylight,01 - Daylight,Municipal (excl. Twp. Rd.),No control,unknown,0,0,0,FALSE,FALSE,FALSE,Clear,,FALSE,DOON SOUTH DR; DOON VILLAGE RD; 5 M,3/4/2020 10:05:18 AM,546772.3447,4804111.228
45843,16-253806,11/17/2016 1:30:00 PM,2016,11,17,13,30,0,Thursday,539568.283,4811424.828,-80.510932,43.454692,At intersection,2,P.D. only,Within intersection,unknown,unknown,Turning movement,Unknown,Daylight,01 - Daylight,Municipal (excl. Twp. Rd.),No control,unknown,0,0,0,FALSE,FALSE,FALSE,Clear,,FALSE,PARK ST; GREEN ST,3/4/2020 10:05:18 AM,539568.283,4811424.828
45844,16-253814,11/17/2016 3:39:00 PM,2016,11,17,15,39,0,Thursday,538823.8639,4808632.398,-80.520331,43.429588,Non intersection,2,P.D. only,Thru lane,unknown,unknown,SMV other,Unknown,Daylight,01 - Daylight,Municipal (excl. Twp. Rd.),No control,unknown,0,0,0,FALSE,FALSE,TRUE,Clear,,FALSE,QUEENS BLVD; EAGEN DR ; 68 M,3/4/2020 10:05:17 AM,538823.8639,4808632.398
45845,16-255201,11/18/2016 4:30:00 PM,2016,11,18,16,30,0,Friday,544617.4954,4804655.97,-80.449078,43.393462,Non intersection,1,Non-fatal injury,Thru lane,unknown,unknown,Rear end,Unknown,Daylight,01 - Daylight,Municipal (excl. Twp. Rd.),No control,unknown,0,0,0,FALSE,FALSE,FALSE,Clear,,FALSE,PIONEER DR; PIONEER DR; At,3/4/2020 10:05:16 AM,544617.4954,4804655.97
45846,16-255218,11/19/2016 11:30:00 AM,2016,11,19,11,30,0,Saturday,541788.0532,4810798.633,-80.483544,43.448933,Non intersection,2,P.D. only,Thru lane,unknown,unknown,SMV unattended vehicle,Unknown,Daylight,01 - Daylight,Municipal (excl. Twp. Rd.),No control,unknown,0,0,0,FALSE,FALSE,FALSE,Snow,,FALSE,EBY ST N; DUKE ST E; Near,3/4/2020 10:05:16 AM,541788.0532,4810798.633
45847,16-255414,11/19/2016 5:56:00 PM,2016,11,19,17,56,0,Saturday,541125.8414,4809686.116,-80.491812,43.438953,Non intersection,2,P.D. only,Thru lane,unknown,unknown,SMV unattended vehicle,Unknown,Dark,07 - Dark,Regional municipality,No control,unknown,0,0,0,FALSE,FALSE,FALSE,Rain,,FALSE,SPADINA RD E; RUSSEL ST; 2 M,3/7/2019 1:21:03 PM,541125.8414,4809686.116
45848,16-255422,11/19/2016 6:12:00 PM,2016,11,19,18,12,0,Saturday,539583.0595,4809547.735,-80.510885,43.43779,At/near private drive,2,P.D. only,Thru lane,unknown,unknown,Turning movement,Unknown,"Dark, artificial","08 - Dark, artificial",Regional municipality,No control,unknown,0,0,0,FALSE,FALSE,FALSE,Clear,,FALSE,LAWRENCE AVE; HIGHLAND RD W; At; 2 M,3/4/2020 10:05:15 AM,539583.0595,4809547.735
45849,16-255468,11/19/2016 7:47:00 PM,2016,11,19,19,47,0,Saturday,540682.8189,4811614.265,-80.497142,43.456338,At intersection,2,P.D. only,Within intersection,unknown,unknown,SMV other,Unknown,"Dark, artificial","08 - Dark, artificial",Municipal (excl. Twp. Rd.),Stop sign,Functioning,0,0,0,FALSE,FALSE,FALSE,Rain,,FALSE,WELLINGTON ST N; DUKE ST W,3/4/2020 10:05:14 AM,540682.8189,4811614.265
45850,16-255886,11/20/2016 9:30:00 AM,2016,11,20,9,30,0,Sunday,546771.8031,4809892.508,-80.42203,43.44048,At/near private drive,2,P.D. only,Not on roadway - left side,unknown,unknown,SMV other,Unknown,Daylight,01 - Daylight,Municipal (excl. Twp. Rd.),No control,unknown,0,0,0,FALSE,FALSE,FALSE,Clear,,FALSE,BRIARMEADOW DR; BRIARMEADOW DR ; Near; 4 M,3/7/2019 1:21:02 PM,546771.8031,4809892.508
45851,16-255942,11/20/2016 11:30:00 AM,2016,11,20,11,30,0,Sunday,543389.4159,4804756.972,-80.464233,43.394443,Non intersection,1,Non-fatal injury,Thru lane,unknown,unknown,Rear end,Unknown,Daylight,01 - Daylight,Regional municipality,No control,unknown,0,0,0,FALSE,FALSE,FALSE,Clear,,FALSE,HURON RD; TEMPLEWOOD DR; Near; 24 M,3/4/2020 10:05:13 AM,543389.4159,4804756.972
45852,16-256509,11/21/2016 9:16:00 AM,2016,11,21,9,16,0,Monday,539162.4478,4805962.247,-80.51634,43.405528,Non intersection,2,P.D. only,Right shoulder,unknown,unknown,SMV unattended vehicle,Unknown,Daylight,01 - Daylight,Municipal (excl. Twp. Rd.),No control,unknown,0,0,0,FALSE,FALSE,FALSE,Clear,,FALSE,BERRY MOSS ST ; ACTIVA AVE ; Near; 33 M,3/4/2020 10:05:12 AM,539162.4478,4805962.247
45853,16-256571,11/21/2016 10:30:00 AM,2016,11,21,10,30,0,Monday,543363.9543,4807652.851,-80.464318,43.420519,At intersection,2,P.D. only,Within intersection,unknown,unknown,Turning movement,Unknown,Daylight,01 - Daylight,Regional municipality,Stop sign,Functioning,0,0,0,FALSE,FALSE,FALSE,Clear,,FALSE,BLOCK LINE RD; LENNOX LEWIS WAY,3/4/2020 10:05:11 AM,543363.9543,4807652.851
45854,16-256625,11/21/2016 1:00:00 AM,2016,11,21,1,0,0,Monday,542064.3078,4809879.512,-80.480201,43.440642,At/near private drive,2,P.D. only,Thru lane,unknown,unknown,SMV unattended vehicle,Unknown,"Dark, artificial","08 - Dark, artificial",Municipal (excl. Twp. Rd.),No control,unknown,0,0,0,FALSE,FALSE,FALSE,Clear,,FALSE,HURST AVE; HURST AVE; At,3/4/2020 10:05:11 AM,542064.3078,4809879.512
45855,16-256668,11/21/2016 12:09:00 PM,2016,11,21,12,9,0,Monday,545847.86,4813959.472,-80.433105,43.477156,At/near private drive,2,P.D. only,Thru lane,unknown,unknown,Turning movement,Unknown,Daylight,01 - Daylight,Municipal (excl. Twp. Rd.),No control,unknown,0,0,0,FALSE,FALSE,FALSE,Clear,,FALSE,SHIRLEY DR; SHIRLEY DR ; At; 0 M,3/4/2020 10:05:10 AM,545847.86,4813959.472
45856,16-256790,11/21/2016 2:31:00 PM,2016,11,21,14,31,0,Monday,545221.0865,4802988.04,-80.441763,43.378407,At/near private drive,1,Non-fatal injury,Thru lane,unknown,unknown,Other,Unknown,Daylight,01 - Daylight,Municipal (excl. Twp. Rd.),No control,unknown,0,0,0,FALSE,FALSE,FALSE,Clear,,FALSE,ROBERT FERRIE DR ; ROBERT FERRIE DR ; At; 1 M,3/4/2020 10:05:09 AM,545221.0865,4802988.04
45857,16-257465,11/22/2016 11:37:00 AM,2016,11,22,11,37,0,Tuesday,541817.2308,4810608.775,-80.483198,43.447222,At/near private drive,2,P.D. only,Thru lane,unknown,unknown,Turning movement,Unknown,Daylight,01 - Daylight,Regional municipality,No control,unknown,0,0,0,FALSE,FALSE,FALSE,Clear,,FALSE,KING ST E; KING ST E; Near; 20 M,3/7/2019 1:21:01 PM,541817.2308,4810608.775
45858,16-257687,11/22/2016 5:12:00 PM,2016,11,22,17,12,0,Tuesday,539316.8006,4810614.452,-80.514098,43.447409,Intersection related,2,P.D. only,Thru lane,unknown,unknown,Sideswipe,Unknown,Dark,07 - Dark,Regional municipality,Traffic signal,Functioning,0,0,0,FALSE,FALSE,FALSE,Clear,,FALSE,BELMONT AVE W; GAGE AVE; Near; 10 M,3/4/2020 10:05:09 AM,539316.8006,4810614.452
45859,16-257898,11/23/2016 12:57:00 AM,2016,11,23,0,57,0,Wednesday,545083.8289,4811675.154,-80.442741,43.456634,Other,1,Non-fatal injury,Not on roadway - right side,unknown,unknown,SMV other,Unknown,Dark,07 - Dark,Municipal (excl. Twp. Rd.),Stop sign,Functioning,0,0,0,FALSE,FALSE,FALSE,Clear,,FALSE,MONTCALM DR; MONTCALM DR ; At,3/7/2019 1:21:00 PM,545083.8289,4811675.154
45860,16-258320,11/23/2016 8:00:00 AM,2016,11,23,8,0,0,Wednesday,539368.9877,4811741.818,-80.513372,43.457557,Non intersection,2,P.D. only,Right shoulder,unknown,unknown,SMV unattended vehicle,Unknown,Daylight,01 - Daylight,Regional municipality,No control,unknown,0,0,0,FALSE,FALSE,FALSE,Clear,,FALSE,MT HOPE ST ; KING ST W; Near; 20 M,3/4/2020 10:05:08 AM,539368.9877,4811741.818
45861,16-258580,11/24/2016 12:01:00 AM,2016,11,24,0,1,0,Thursday,545848.5918,4802800.282,-80.434033,43.376679,At/near private drive,2,P.D. only,Thru lane,unknown,unknown,SMV unattended vehicle,Unknown,Dark,07 - Dark,Municipal (excl. Twp. Rd.),No control,unknown,0,0,0,FALSE,FALSE,FALSE,Snow,,FALSE,CRANBROOK ST; CRANBROOK ST ; At; 1 M,3/4/2020 10:05:07 AM,545848.5918,4802800.282
45862,16-258714,11/24/2016 7:35:00 AM,2016,11,24,7,35,0,Thursday,541854.891,4806096.666,-80.483078,43.406593,Non intersection,2,P.D. only,Thru lane,unknown,unknown,SMV unattended vehicle,Unknown,Daylight,01 - Daylight,Municipal (excl. Twp. Rd.),No control,unknown,0,0,0,FALSE,FALSE,FALSE,Clear,,FALSE,NICHOLE CRES; THE COUNTRY WAY; Near; 15 M,3/4/2020 10:05:07 AM,541854.891,4806096.666
45863,16-258720,11/23/2016 10:20:00 PM,2016,11,23,22,20,0,Wednesday,544883.1474,4804848.317,-80.445782,43.395178,Intersection related,2,P.D. only,Thru lane,unknown,unknown,Turning movement,Unknown,"Dark, artificial","08 - Dark, artificial",Municipal (excl. Twp. Rd.),Traffic signal,Functioning,0,0,0,FALSE,FALSE,FALSE,Rain,,FALSE,DOON VILLAGE RD; PIONEER DR; At,3/4/2020 10:05:06 AM,544883.1474,4804848.317
45864,16-258752,11/23/2016 9:00:00 PM,2016,11,23,21,0,0,Wednesday,544713.6852,4809277.873,-80.447512,43.435072,At/near private drive,2,P.D. only,Thru lane,unknown,unknown,Other,Unknown,"Dark, artificial","08 - Dark, artificial",Regional municipality,No control,unknown,0,0,0,FALSE,FALSE,FALSE,Rain,,FALSE,FRANKLIN ST N; FRANKLIN ST N; Near,3/4/2020 10:05:05 AM,544713.6852,4809277.873
45865,16-258965,11/24/2016 12:35:00 PM,2016,11,24,12,35,0,Thursday,543732.6434,4808094.602,-80.459728,43.424475,Intersection related,2,P.D. only,Thru lane,unknown,unknown,Rear end,Unknown,Daylight,01 - Daylight,Municipal (excl. Twp. Rd.),Stop sign,Functioning,0,0,0,FALSE,FALSE,FALSE,Clear,,FALSE,SHELLEY DR; VANIER DR,3/4/2020 10:05:05 AM,543732.6434,4808094.602
45866,16-259036,11/19/2016 2:00:00 PM,2016,11,19,14,0,0,Saturday,542136.8256,4803706.175,-80.479781,43.385053,At/near private drive,2,P.D. only,Right shoulder,unknown,unknown,Other,Unknown,Daylight,01 - Daylight,Municipal (excl. Twp. Rd.),No control,unknown,0,0,0,FALSE,FALSE,FALSE,Clear,,FALSE,MADELEINE ST; MADELEINE ST ; Near; 1 M,3/4/2020 10:05:04 AM,542136.8256,4803706.175
45867,16-259199,11/24/2016 5:00:00 PM,2016,11,24,17,0,0,Thursday,540682.8131,4811615.223,-80.497142,43.456347,At intersection,2,P.D. only,Within intersection,unknown,unknown,Turning movement,Unknown,Dark,07 - Dark,Regional municipality,Stop sign,Functioning,0,0,0,FALSE,FALSE,FALSE,Rain,,FALSE,WELLINGTON ST N; DUKE ST W,3/4/2020 10:05:03 AM,540682.8131,4811615.223
45868,16-259651,11/24/2016 8:00:00 PM,2016,11,24,20,0,0,Thursday,539155.1202,4811749.352,-80.516015,43.457636,Other,2,P.D. only,Thru lane,unknown,unknown,Rear end,Unknown,"Dark, artificial","08 - Dark, artificial",Regional municipality,Other,Functioning,0,0,0,FALSE,FALSE,FALSE,"Fog, mist, smoke, dust",,FALSE,UNION ST E; KING ST W; Near,3/4/2020 10:04:27 AM,539155.1202,4811749.352
45869,16-259842,11/24/2016 5:30:00 PM,2016,11,24,17,30,0,Thursday,541965.5762,4808045.212,-80.481562,43.424132,Non intersection,2,P.D. only,Thru lane,unknown,unknown,Sideswipe,Unknown,"Dark, artificial","08 - Dark, artificial",Municipal (excl. Twp. Rd.),No control,unknown,0,0,0,FALSE,FALSE,FALSE,Rain,,FALSE,ALPINE RD; ALPINE RD,3/4/2020 10:05:03 AM,541965.5762,4808045.212
45870,16-259906,11/25/2016 5:18:00 PM,2016,11,25,17,18,0,Friday,541359.9632,4808641.352,-80.488998,43.429533,Intersection related,2,P.D. only,Thru lane,unknown,unknown,Rear end,Unknown,Daylight,01 - Daylight,Regional municipality,Traffic signal,Functioning,0,0,0,FALSE,FALSE,FALSE,Rain,,FALSE,HOMER WATSON BLVD; HOFFMAN ST; Near,3/4/2020 10:05:02 AM,541359.9632,4808641.352
45871,16-260075,11/25/2016 9:16:00 PM,2016,11,25,21,16,0,Friday,545274.7398,4806432.631,-80.440816,43.409419,Intersection related,2,P.D. only,Not on roadway - right side,unknown,unknown,SMV other,Stop sign,Dark,07 - Dark,Municipal (excl. Twp. Rd.),Stop sign,Functioning,0,0,0,FALSE,FALSE,FALSE,Rain,,FALSE,WILSON AVE; WABANAKI DR,3/7/2019 1:20:59 PM,545274.7398,4806432.631
45872,16-260487,11/26/2016 11:46:00 AM,2016,11,26,11,46,0,Saturday,538682.9164,4810030.193,-80.521974,43.442181,At/near private drive,2,P.D. only,Thru lane,unknown,unknown,SMV unattended vehicle,Unknown,Other,99 - Other,Municipal (excl. Twp. Rd.),No control,unknown,0,0,0,FALSE,FALSE,FALSE,Clear,,FALSE,KARN ST; KARN ST ; 1 M,3/7/2019 1:20:57 PM,538682.9164,4810030.193
45873,16-261211,11/27/2016 10:00:00 AM,2016,11,27,10,0,0,Sunday,543525.5705,4804241.215,-80.462593,43.389791,At/near private drive,2,P.D. only,Thru lane,unknown,unknown,SMV unattended vehicle,Unknown,Daylight,01 - Daylight,Municipal (excl. Twp. Rd.),No control,unknown,0,0,0,FALSE,FALSE,FALSE,Clear,,FALSE,TEMPLEWOOD DR; TEMPLEWOOD DR,3/4/2020 10:05:01 AM,543525.5705,4804241.215
45874,16-261364,11/27/2016 6:14:00 PM,2016,11,27,18,14,0,Sunday,541183.3173,4810692.251,-80.491026,43.448009,Intersection related,2,P.D. only,Thru lane,unknown,unknown,Sideswipe,Unknown,Dark,07 - Dark,Municipal (excl. Twp. Rd.),Traffic signal,Functioning,0,0,0,FALSE,FALSE,FALSE,Clear,,FALSE,QUEEN ST S; JOSEPH ST,3/4/2020 10:05:01 AM,541183.3173,4810692.251
45875,16-261996,11/28/2016 7:05:00 AM,2016,11,28,7,5,0,Monday,538895.2564,4807803.298,-80.519508,43.422119,At/near private drive,2,P.D. only,Thru lane,unknown,unknown,Other,Unknown,Daylight,01 - Daylight,Municipal (excl. Twp. Rd.),No control,unknown,0,0,0,FALSE,FALSE,FALSE,Clear,,FALSE,FOREST GLEN CRES; FOREST GLEN CRES ; Near; 10 M,3/4/2020 10:05:00 AM,538895.2564,4807803.298
45876,16-262538,11/29/2016 6:30:00 AM,2016,11,29,6,30,0,Tuesday,541030.552,4810707.019,-80.492912,43.44815,Non intersection,2,P.D. only,Right shoulder,unknown,unknown,SMV unattended vehicle,Unknown,"Daylight, artificial","02 - Daylight, artificial",Municipal (excl. Twp. Rd.),No control,unknown,0,0,0,FALSE,FALSE,FALSE,Clear,,FALSE,DAVID ST; DAVID ST,3/4/2020 10:04:59 AM,541030.552,4810707.019
45877,16-262807,11/27/2016 6:30:00 PM,2016,11,27,18,30,0,Sunday,540695.0354,4812154.227,-80.496951,43.461199,Non intersection,2,P.D. only,Thru lane,unknown,unknown,SMV unattended vehicle,Unknown,"Dark, artificial","08 - Dark, artificial",Municipal (excl. Twp. Rd.),No control,unknown,0,0,0,FALSE,FALSE,FALSE,Rain,,FALSE,BLUCHER ST; BLUCHER ST,3/4/2020 10:04:58 AM,540695.0354,4812154.227
45878,16-262904,11/29/2016 6:10:00 PM,2016,11,29,18,10,0,Tuesday,543531.3385,4804487.679,-80.462502,43.39201,At/near private drive,1,Non-fatal injury,Thru lane,unknown,unknown,Turning movement,Unknown,"Dark, artificial","08 - Dark, artificial",Municipal (excl. Twp. Rd.),No control,unknown,0,0,0,FALSE,FALSE,FALSE,Clear,,FALSE,TEMPLEWOOD DR; TEMPLEWOOD DR ; 2 M,3/4/2020 10:04:58 AM,543531.3385,4804487.679
45879,16-263238,11/30/2016 7:50:00 AM,2016,11,30,7,50,0,Wednesday,539080.5405,4811110.054,-80.516983,43.451884,Intersection related,2,Non-reportable,Thru lane,unknown,unknown,Sideswipe,Unknown,Daylight,01 - Daylight,Municipal (excl. Twp. Rd.),Traffic signal,Functioning,0,0,0,FALSE,FALSE,FALSE,Rain,,FALSE,BELMONT AVE W; GLASGOW ST; Near,3/4/2020 10:04:57 AM,539080.5405,4811110.054
45880,16-263286,11/30/2016 9:26:00 AM,2016,11,30,9,26,0,Wednesday,544559.2947,4811737.44,-80.449219,43.457227,At intersection,2,P.D. only,Within intersection,unknown,unknown,Angle,Unknown,Daylight,01 - Daylight,Municipal (excl. Twp. Rd.),Traffic signal,Functioning,0,0,0,FALSE,FALSE,FALSE,Clear,,FALSE,LORRAINE AVE; RIVER RD E,3/7/2019 1:20:56 PM,544559.2947,4811737.44