OBJECTID,ACCIDENTNUM,ACCIDENTDATE,ACCIDENT_YEAR,ACCIDENT_MONTH,ACCIDENT_DAY,ACCIDENT_HOUR,ACCIDENT_MINUTE,ACCIDENT_SECOND,ACCIDENT_WEEKDAY,XCOORD,YCOORD,LONGITUDE,LATITUDE,ACCIDENTLOCATION,COLLISIONTYPE,CLASSIFICATIONOFACCIDENT,IMPACTLOCATION,INITIALDIRECTIONOFTRAVELONE,INITIALDIRECTIONOFTRAVELTWO,INITIALIMPACTTYPE,INTTRAFFICCONTROL,LIGHT,LIGHTFORREPORT,ROADJURISDICTION,TRAFFICCONTROL,TRAFFICCONTROLCONDITION,THRULANENO,NORTHBOUNDDISOBEYCOUNT,SOUTHBOUNDDISOBEYCOUNT,PEDESTRIANINVOLVED,CYCLISTINVOLVED,MOTORCYCLISTINVOLVED,ENVIRONMENTCONDITION1,ENVIRONMENTCONDITION2,SELFREPORTED,XMLIMPORTNOTES,LASTEDITEDDATE,x,y
45881,16-263475,11/30/2016 2:00:00 PM,2016,11,30,14,0,0,Wednesday,542842.1855,4809870.926,-80.470589,43.440521,At intersection,2,P.D. only,Within intersection,unknown,unknown,Angle,Unknown,Daylight,01 - Daylight,Regional municipality,Stop sign,Functioning,0,0,0,FALSE,FALSE,FALSE,Rain,,FALSE,SYDNEY ST S; CHARLES ST E,3/7/2019 1:20:54 PM,542842.1855,4809870.926
45882,16-263552,11/30/2016 3:57:00 PM,2016,11,30,15,57,0,Wednesday,544610.8794,4810392.629,-80.448691,43.445115,At intersection,2,P.D. only,Within intersection,unknown,unknown,Turning movement,Unknown,Dusk,05 - Dusk,Regional municipality,Stop sign,Functioning,0,0,0,FALSE,FALSE,FALSE,Clear,,FALSE,FRANKLIN ST N; BRADLEY DR,3/7/2019 1:20:53 PM,544610.8794,4810392.629
45883,16-263932,12/1/2016 5:50:00 AM,2016,12,1,5,50,0,Thursday,544601.111,4810415.562,-80.44881,43.445322,Non intersection,2,P.D. only,Not on roadway - left side,unknown,unknown,SMV other,Unknown,"Dawn, artificial","04 - Dawn, artificial",Municipal (excl. Twp. Rd.),No control,unknown,0,0,0,FALSE,FALSE,FALSE,Clear,,FALSE,FRANKLIN ST N; PENROSE AVE ; Near; 70 M,3/7/2019 1:20:51 PM,544601.111,4810415.562
45884,16-264097,12/1/2016 10:23:00 AM,2016,12,1,10,23,0,Thursday,545048.3003,4810837.34,-80.443249,43.449093,Intersection related,1,Non-fatal injury,Thru lane,unknown,unknown,Rear end,Unknown,Daylight,01 - Daylight,Municipal (excl. Twp. Rd.),Traffic signal,Functioning,0,0,0,FALSE,FALSE,FALSE,Rain,,FALSE,HOLBORN DR; RIVER RD E; Near; 60 M,3/7/2019 1:20:49 PM,545048.3003,4810837.34
45885,16-264449,12/1/2016 5:30:00 PM,2016,12,1,17,30,0,Thursday,541322.6821,4811654.186,-80.48923,43.456663,At/near private drive,2,Non-reportable,Thru lane,unknown,unknown,Turning movement,Unknown,"Dusk, artificial","06 - Dusk, artificial",Municipal (excl. Twp. Rd.),No control,unknown,0,0,0,FALSE,FALSE,FALSE,Clear,,FALSE,MARGARET AV; MARGARET AVE ; At,3/4/2020 10:04:56 AM,541322.6821,4811654.186
45886,16-264867,12/2/2016 8:40:00 AM,2016,12,2,8,40,0,Friday,542405.6372,4806620.351,-80.476236,43.411277,At intersection,1,Non-fatal injury,Within intersection,unknown,unknown,Rear end,Unknown,Daylight,01 - Daylight,Municipal (excl. Twp. Rd.),Stop sign,Functioning,0,1,0,FALSE,FALSE,FALSE,Clear,,FALSE,STRASBURG RD; OLD COUNTRY DR,3/4/2020 10:04:56 AM,542405.6372,4806620.351
45887,16-264961,11/28/2016 3:30:00 PM,2016,11,28,15,30,0,Monday,539044.2345,4811195.625,-80.517425,43.452656,At intersection,2,P.D. only,Within intersection,unknown,unknown,Turning movement,Unknown,Daylight,01 - Daylight,Municipal (excl. Twp. Rd.),Stop sign,Functioning,0,0,0,FALSE,FALSE,FALSE,Clear,,FALSE,BELMONT AVE W; ROCK AVE,3/4/2020 10:04:55 AM,539044.2345,4811195.625
45888,16-265004,12/1/2016 3:00:00 PM,2016,12,1,15,0,0,Thursday,541068,4811108,0,0,Non intersection,2,P.D. only,Thru lane,unknown,unknown,SMV unattended vehicle,Unknown,Daylight,01 - Daylight,Municipal (excl. Twp. Rd.),No control,unknown,0,0,0,FALSE,FALSE,FALSE,Clear,,FALSE,GREENWATER PL; GREENWATER PL,3/4/2020 10:04:54 AM,541068,4811108
45889,16-265118,11/29/2016 9:30:00 AM,2016,11,29,9,30,0,Tuesday,541552.7215,4810006.92,-80.486513,43.441818,At/near private drive,2,P.D. only,Thru lane,unknown,unknown,SMV unattended vehicle,Unknown,Daylight,01 - Daylight,Municipal (excl. Twp. Rd.),No control,unknown,0,0,0,FALSE,FALSE,FALSE,Clear,,FALSE,MADISON AVE S; MADISON AVE S; Near,3/4/2020 10:04:54 AM,541552.7215,4810006.92
45890,16-265168,12/2/2016 2:10:00 PM,2016,12,2,14,10,0,Friday,540171.6031,4810793.035,-80.503521,43.448972,At/near private drive,2,P.D. only,Thru lane,unknown,unknown,Other,Unknown,Daylight,01 - Daylight,Municipal (excl. Twp. Rd.),No control,unknown,0,0,0,FALSE,FALSE,FALSE,Clear,,FALSE,PARK ST; PARK ST ; Near,3/4/2020 10:04:53 AM,540171.6031,4810793.035
45891,16-265330,12/2/2016 7:15:00 PM,2016,12,2,19,15,0,Friday,541499.8073,4811996.571,-80.487015,43.459736,Non intersection,2,P.D. only,Thru lane,unknown,unknown,Rear end,Unknown,"Dark, artificial","08 - Dark, artificial",Municipal (excl. Twp. Rd.),No control,Functioning,0,0,0,FALSE,FALSE,FALSE,Rain,,FALSE,WELLINGTON ST N; ST LEGER ST; Near; 15 M,3/7/2019 1:20:48 PM,541499.8073,4811996.571
45892,16-266392,12/4/2016 6:12:00 AM,2016,12,4,6,12,0,Sunday,540833.6418,4809798.485,-80.495414,43.439981,Non intersection,1,Non-fatal injury,Not on roadway - right side,unknown,unknown,SMV other,Unknown,"Dark, artificial","08 - Dark, artificial",Municipal (excl. Twp. Rd.),No control,unknown,0,0,0,FALSE,FALSE,FALSE,Clear,,FALSE,HIGHLAND RD E; RUBY ST; 73 M,3/7/2019 1:20:47 PM,540833.6418,4809798.485
45893,16-266453,12/4/2016 8:50:00 AM,2016,12,4,8,50,0,Sunday,544067.6442,4805165.229,-80.455826,43.398079,Non intersection,2,P.D. only,Off highway,unknown,unknown,SMV other,Unknown,Daylight,01 - Daylight,Regional municipality,No control,unknown,0,0,0,FALSE,FALSE,FALSE,Clear,,FALSE,HURON RD; HOMER WATSON BLVD; 98 M,3/7/2019 1:20:46 PM,544067.6442,4805165.229
45894,16-266889,12/5/2016 12:00:00 AM,2016,12,5,0,0,0,Monday,544519.6722,4807140.57,-80.450084,43.415839,Non intersection,2,P.D. only,Thru lane,unknown,unknown,SMV other,Unknown,Dark,07 - Dark,Regional municipality,No control,unknown,0,0,0,FALSE,FALSE,FALSE,Snow,,FALSE,WEBSTER RD; MANITOU DR ; Near; 100 M,3/4/2020 10:04:52 AM,544519.6722,4807140.57
45895,16-267184,12/3/2016 3:30:00 AM,2016,12,3,3,30,0,Saturday,544042.9222,4809124.918,-80.455812,43.433734,At/near private drive,2,P.D. only,Thru lane,unknown,unknown,SMV unattended vehicle,Unknown,Dark,07 - Dark,Regional municipality,No control,unknown,0,0,0,FALSE,FALSE,FALSE,Rain,,FALSE,SECORD AVE; SECORD AVE,3/4/2020 10:04:52 AM,544042.9222,4809124.918
45896,16-267346,12/5/2016 5:01:00 PM,2016,12,5,17,1,0,Monday,541692.6839,4811509.27,-80.484668,43.455337,At intersection,1,Non-fatal injury,Within intersection,unknown,unknown,Angle,Unknown,Dark,07 - Dark,Municipal (excl. Twp. Rd.),Stop sign,Functioning,0,0,0,FALSE,FALSE,FALSE,Clear,,FALSE,QUEEN ST N; ELLEN ST E,3/7/2019 1:20:45 PM,541692.6839,4811509.27
45897,16-267358,12/1/2016 7:00:00 PM,2016,12,1,19,0,0,Thursday,540605.7661,4810689.423,-80.498163,43.448015,At/near private drive,2,P.D. only,Thru lane,unknown,unknown,SMV unattended vehicle,Unknown,"Dark, artificial","08 - Dark, artificial",Municipal (excl. Twp. Rd.),No control,unknown,0,0,0,FALSE,FALSE,FALSE,Clear,,FALSE,HEINS AVE; HEINS AVE,3/4/2020 10:04:51 AM,540605.7661,4810689.423
45898,16-267774,11/29/2016 10:30:00 AM,2016,11,29,10,30,0,Tuesday,542670.2574,4816461.145,-80.472198,43.499869,Non intersection,2,P.D. only,Thru lane,unknown,unknown,SMV unattended vehicle,Unknown,Daylight,01 - Daylight,Municipal (excl. Twp. Rd.),No control,unknown,0,0,0,FALSE,FALSE,FALSE,Clear,,FALSE,EAGLECREST ST; EAGLECREST CRT ; Near,3/7/2019 1:20:43 PM,542670.2574,4816461.145
45899,16-267898,12/6/2016 11:48:00 AM,2016,12,6,11,48,0,Tuesday,541863.6426,4812694.011,-80.482464,43.465995,Non intersection,2,Non-reportable,Thru lane,unknown,unknown,Sideswipe,Unknown,Daylight,01 - Daylight,Municipal (excl. Twp. Rd.),No control,unknown,0,0,0,FALSE,FALSE,FALSE,Clear,,FALSE,GUELPH ST; GUELPH ST; Near,3/4/2020 10:04:50 AM,541863.6426,4812694.011
45900,16-268192,12/6/2016 6:47:00 PM,2016,12,6,18,47,0,Tuesday,545622.537,4810703.511,-80.436164,43.447853,At intersection,1,Non-fatal injury,Within intersection,unknown,unknown,SMV other,Unknown,Dark,07 - Dark,Regional municipality,Stop sign,Functioning,0,0,0,TRUE,FALSE,FALSE,Rain,,FALSE,OLD CHICOPEE DR; EDENBRIDGE DR,3/4/2020 10:04:50 AM,545622.537,4810703.511
45901,16-268212,12/6/2016 10:40:00 AM,2016,12,6,10,40,0,Tuesday,541601.6371,4809725.543,-80.48593,43.439282,Non intersection,2,P.D. only,Thru lane,unknown,unknown,Rear end,Unknown,Daylight,01 - Daylight,Municipal (excl. Twp. Rd.),No control,unknown,0,0,0,FALSE,FALSE,FALSE,Clear,,FALSE,STIRLING AVE S; STIRLING AVE S,3/7/2019 1:20:42 PM,541601.6371,4809725.543
45902,16-268315,12/6/2016 11:38:00 PM,2016,12,6,23,38,0,Tuesday,538884.1303,4811463.333,-80.519385,43.455075,Non intersection,2,P.D. only,Right shoulder,unknown,unknown,SMV other,Unknown,"Dark, artificial","08 - Dark, artificial",Regional municipality,No control,unknown,0,0,0,FALSE,FALSE,FALSE,Rain,,FALSE,UNION BLVD; BELMONT AVE W; Near; 18 M,3/7/2019 1:20:41 PM,538884.1303,4811463.333
45903,16-268633,12/7/2016 1:20:00 PM,2016,12,7,13,20,0,Wednesday,541581.4273,4810751.871,-80.486101,43.448524,At intersection,1,Non-fatal injury,Within intersection,unknown,unknown,Turning movement,Unknown,Daylight,01 - Daylight,Regional municipality,Stop sign,Functioning,0,0,0,FALSE,FALSE,FALSE,Clear,,FALSE,SCOTT ST; KING ST E,3/7/2019 1:20:40 PM,541581.4273,4810751.871
45904,16-268750,12/7/2016 3:10:00 PM,2016,12,7,15,10,0,Wednesday,542166.822,4806039.319,-80.47923,43.406059,At/near private drive,2,P.D. only,Thru lane,unknown,unknown,Other,Unknown,Daylight,01 - Daylight,Municipal (excl. Twp. Rd.),No control,unknown,0,0,0,FALSE,FALSE,FALSE,Clear,,FALSE,COLONY DR; COLONY DR ; At,3/4/2020 10:04:49 AM,542166.822,4806039.319
45905,16-268833,12/6/2016 5:50:00 PM,2016,12,6,17,50,0,Tuesday,543565.4806,4812258.462,-80.461461,43.461976,Non intersection,2,P.D. only,Thru lane,unknown,unknown,Sideswipe,Unknown,"Dark, artificial","08 - Dark, artificial",Regional municipality,No control,unknown,0,0,0,FALSE,FALSE,FALSE,Rain,,FALSE,FREDERICK ST; RIVER RD E; Near,3/7/2019 1:20:39 PM,543565.4806,4812258.462
45906,16-269300,12/8/2016 11:15:00 AM,2016,12,8,11,15,0,Thursday,546754.4832,4808393.768,-80.422373,43.426986,Non intersection,2,P.D. only,Thru lane,unknown,unknown,Rear end,Unknown,Daylight,01 - Daylight,Municipal (excl. Twp. Rd.),No control,unknown,0,0,0,FALSE,FALSE,FALSE,Snow,,FALSE,MORGAN AVE; MORGAN AVE ; At; 20 M,3/4/2020 10:04:48 AM,546754.4832,4808393.768
45907,16-269421,12/8/2016 11:50:00 AM,2016,12,8,11,50,0,Thursday,537037.8426,4807886.504,-80.542448,43.422962,Intersection related,2,P.D. only,Thru lane,unknown,unknown,Turning movement,Unknown,Daylight,01 - Daylight,Municipal (excl. Twp. Rd.),Stop sign,Functioning,0,0,0,FALSE,FALSE,FALSE,Clear,,FALSE,ROLLING MEADOWS DR ; WESTHEIGHTS DR,3/4/2020 10:04:48 AM,537037.8426,4807886.504
45908,16-269435,12/8/2016 1:30:00 PM,2016,12,8,13,30,0,Thursday,539522.3082,4809739.05,-80.511622,43.439516,At/near private drive,2,P.D. only,Thru lane,unknown,unknown,Rear end,Unknown,Daylight,01 - Daylight,Municipal (excl. Twp. Rd.),No control,unknown,0,0,0,FALSE,FALSE,FALSE,Snow,,FALSE,LAWRENCE AVE; LAWRENCE AVE ; Near; 10 M,3/7/2019 1:20:38 PM,539522.3082,4809739.05
45909,16-269444,12/8/2016 11:30:00 AM,2016,12,8,11,30,0,Thursday,544755.1671,4808023.501,-80.447102,43.423775,Intersection related,2,P.D. only,Thru lane,unknown,unknown,Rear end,Unknown,Daylight,01 - Daylight,Municipal (excl. Twp. Rd.),Traffic signal,Functioning,0,0,0,FALSE,FALSE,FALSE,Snow,,FALSE,TRAYNOR AVE; WILSON AVE; At,3/4/2020 10:04:47 AM,544755.1671,4808023.501
45910,16-269466,12/8/2016 12:25:00 PM,2016,12,8,12,25,0,Thursday,544025.2971,4808010.301,-80.45612,43.423699,At intersection,2,P.D. only,Within intersection,unknown,unknown,Angle,Unknown,Daylight,01 - Daylight,Municipal (excl. Twp. Rd.),Stop sign,Functioning,0,0,0,FALSE,FALSE,FALSE,Clear,,FALSE,SIEBERT AVE; WOODHAVEN RD,3/4/2020 10:04:46 AM,544025.2971,4808010.301
45911,16-269583,12/8/2016 5:21:00 PM,2016,12,8,17,21,0,Thursday,547902.8249,4811319.084,-80.407929,43.453253,At/near private drive,2,P.D. only,Thru lane,unknown,unknown,Other,Unknown,"Dark, artificial","08 - Dark, artificial",Municipal (excl. Twp. Rd.),No control,unknown,0,0,0,FALSE,FALSE,FALSE,Snow,,FALSE,OLD ZELLER DR; OLD ZELLER DR ; At; 3 M,3/7/2019 1:20:37 PM,547902.8249,4811319.084
45912,16-269586,12/8/2016 5:21:00 PM,2016,12,8,17,21,0,Thursday,542724.4947,4810040.266,-80.47203,43.442052,Non intersection,2,P.D. only,Thru lane,unknown,unknown,Rear end,Unknown,Dark,07 - Dark,Regional municipality,No control,unknown,0,0,0,FALSE,FALSE,FALSE,Snow,,FALSE,KING ST E; OTTAWA ST N; Near; 30 M,3/7/2019 1:20:36 PM,542724.4947,4810040.266
45913,16-269603,12/8/2016 5:56:00 PM,2016,12,8,17,56,0,Thursday,542216.9077,4810993.138,-80.478229,43.450661,Intersection related,2,P.D. only,Not on roadway - right side,unknown,unknown,SMV other,Unknown,Dark,07 - Dark,Municipal (excl. Twp. Rd.),No control,unknown,0,0,0,FALSE,FALSE,FALSE,Snow,,FALSE,TROY ST; KRUG ST,3/7/2019 1:20:35 PM,542216.9077,4810993.138
45914,16-269666,12/8/2016 6:30:00 PM,2016,12,8,18,30,0,Thursday,546163.7488,4812312.159,-80.429339,43.462304,At intersection,2,P.D. only,Within intersection,unknown,unknown,Turning movement,Unknown,"Dark, artificial","08 - Dark, artificial",Municipal (excl. Twp. Rd.),Stop sign,Functioning,0,0,0,FALSE,FALSE,FALSE,Clear,,FALSE,KEEWATIN AVE; DENLOW ST,3/4/2020 10:04:45 AM,546163.7488,4812312.159
45915,16-269721,12/8/2016 9:00:00 PM,2016,12,8,21,0,0,Thursday,536491.3669,4809853.265,-80.549067,43.440698,Non intersection,2,P.D. only,Thru lane,unknown,unknown,SMV other,Unknown,"Dusk, artificial","06 - Dusk, artificial",Regional municipality,No control,unknown,0,0,0,FALSE,FALSE,FALSE,Snow,,FALSE,WESTVALE GATE; UNIVERSITY AVE W; 20 M,3/7/2019 1:20:34 PM,536491.3669,4809853.265
45916,16-269944,12/9/2016 8:22:00 AM,2016,12,9,8,22,0,Friday,542570.4933,4805979.302,-80.47425,43.405496,Intersection related,2,P.D. only,Thru lane,unknown,unknown,Rear end,Unknown,Daylight,01 - Daylight,Municipal (excl. Twp. Rd.),No control,unknown,0,0,0,FALSE,FALSE,FALSE,Clear,,FALSE,STRASBURG RD; SHOEMAKER ST; 10 M,3/4/2020 10:04:45 AM,542570.4933,4805979.302
45917,16-269950,12/9/2016 8:30:00 AM,2016,12,9,8,30,0,Friday,539486.2438,4811487.928,-80.511941,43.455265,Non intersection,2,P.D. only,Thru lane,unknown,unknown,Rear end,Unknown,Daylight,01 - Daylight,Municipal (excl. Twp. Rd.),No control,unknown,0,0,0,FALSE,FALSE,FALSE,Clear,,FALSE,PARK ST; GILDNER ST; Near; 50 M,3/7/2019 1:20:33 PM,539486.2438,4811487.928
45918,16-270114,12/8/2016 8:00:00 PM,2016,12,8,20,0,0,Thursday,542306.3437,4811041.041,-80.47712,43.451087,Intersection related,2,P.D. only,Off highway,unknown,unknown,SMV other,Unknown,Dark,07 - Dark,Regional municipality,Stop sign,Functioning,0,0,0,FALSE,FALSE,FALSE,Snow,,FALSE,KRUG ST; SAMUEL ST,3/4/2020 10:04:44 AM,542306.3437,4811041.041
45919,16-270236,12/9/2016 2:20:00 PM,2016,12,9,14,20,0,Friday,540359.1068,4806989.74,-80.501485,43.414716,At/near private drive,2,P.D. only,Not on roadway - right side,unknown,unknown,SMV other,Unknown,Daylight,01 - Daylight,Municipal (excl. Twp. Rd.),No control,unknown,0,0,0,FALSE,FALSE,FALSE,Snow,,FALSE,LITTLEFIELD CRES; LITTLEFIELD CRES ; At; 2 M,3/4/2020 10:04:43 AM,540359.1068,4806989.74
45920,16-270281,12/9/2016 3:54:00 PM,2016,12,9,15,54,0,Friday,538550.4633,4805359.209,-80.52394,43.40013,At/near private drive,1,Non-fatal injury,Thru lane,unknown,unknown,Rear end,Unknown,Daylight,01 - Daylight,Municipal (excl. Twp. Rd.),No control,unknown,0,0,0,FALSE,FALSE,FALSE,Snow,,FALSE,GRAVEL RIDGE TRAIL; GRAVEL RIDGE TRAIL ; 0 M,3/7/2019 1:20:31 PM,538550.4633,4805359.209
45921,16-270349,12/9/2016 5:41:00 PM,2016,12,9,17,41,0,Friday,541455.7775,4813276.423,-80.487462,43.471262,At/near private drive,2,P.D. only,Thru lane,unknown,unknown,SMV unattended vehicle,Unknown,"Dark, artificial","08 - Dark, artificial",Municipal (excl. Twp. Rd.),No control,unknown,0,0,0,FALSE,FALSE,FALSE,Snow,,FALSE,UNION ST; UNION ST; 1 M,3/4/2020 10:04:43 AM,541455.7775,4813276.423
45922,16-270380,12/9/2016 6:29:00 PM,2016,12,9,18,29,0,Friday,541194.3287,4808244.391,-80.491074,43.425968,Non intersection,2,P.D. only,Thru lane,unknown,unknown,Angle,Unknown,Dark,07 - Dark,Municipal (excl. Twp. Rd.),No control,unknown,0,0,0,FALSE,FALSE,FALSE,Snow,,FALSE,CHANDLER DR ; STRASBURG RD ; 20 M,3/7/2019 1:20:30 PM,541194.3287,4808244.391
45923,16-270658,12/10/2016 6:00:00 AM,2016,12,10,6,0,0,Saturday,543403.7167,4804778.163,-80.464055,43.394633,Other,2,P.D. only,Off highway,unknown,unknown,SMV other,Unknown,Dark,07 - Dark,Private property,No control,unknown,0,0,0,FALSE,FALSE,FALSE,Snow,,FALSE,OLD HURON RD ; OLD HURON RD; At; 0 M,3/7/2019 1:20:28 PM,543403.7167,4804778.163
45924,16-270773,12/9/2016 9:30:00 PM,2016,12,9,21,30,0,Friday,538893.973,4810244.616,-80.51935,43.444101,At/near private drive,2,P.D. only,Off highway,unknown,unknown,SMV other,Unknown,Dark,07 - Dark,Private property,No control,unknown,0,0,0,FALSE,FALSE,FALSE,Snow,,FALSE,BRYBECK CRES; BRYBECK CRES; At; 7 M,3/4/2020 10:04:42 AM,538893.973,4810244.616
45925,16-270837,12/10/2016 12:02:00 PM,2016,12,10,12,2,0,Saturday,539239.642,4811190.953,-80.51501,43.452604,Non intersection,2,P.D. only,Not on roadway - right side,unknown,unknown,SMV other,Unknown,Daylight,01 - Daylight,Municipal (excl. Twp. Rd.),No control,unknown,0,0,0,FALSE,FALSE,FALSE,Snow,,FALSE,GLASGOW ST ; GLASGOW ST ; At; 1 M,3/7/2019 1:20:28 PM,539239.642,4811190.953
45926,16-271102,12/10/2016 8:30:00 PM,2016,12,10,20,30,0,Saturday,540681.8575,4811614.259,-80.497154,43.456338,Intersection related,2,P.D. only,Thru lane,unknown,unknown,Rear end,Unknown,"Dark, artificial","08 - Dark, artificial",Regional municipality,Stop sign,Functioning,0,0,0,FALSE,FALSE,FALSE,Snow,,FALSE,WELLINGTON ST N; DUKE ST W; At,3/4/2020 10:04:41 AM,540681.8575,4811614.259
45927,16-271386,12/11/2016 7:11:00 AM,2016,12,11,7,11,0,Sunday,542471.625,4812921.949,-80.474931,43.468013,Other,2,P.D. only,Not on roadway - right side,unknown,unknown,SMV other,Unknown,"Dawn, artificial","04 - Dawn, artificial",Regional municipality,Stop sign,Functioning,0,0,0,FALSE,FALSE,FALSE,Snow,,FALSE,SEREDA RD; GUELPH ST; 5 M,3/4/2020 10:04:41 AM,542471.625,4812921.949
45928,16-271532,12/11/2016 9:00:00 AM,2016,12,11,9,0,0,Sunday,541558.6794,4803723.348,-80.486917,43.38524,Non intersection,2,P.D. only,Thru lane,unknown,unknown,Sideswipe,Unknown,Daylight,01 - Daylight,Municipal (excl. Twp. Rd.),No control,unknown,0,0,0,FALSE,FALSE,FALSE,Snow,,FALSE,SIENNA CRES; WOODBINE AVE; Near,3/4/2020 10:04:40 AM,541558.6794,4803723.348
45929,16-271609,12/11/2016 3:57:00 PM,2016,12,11,15,57,0,Sunday,542865.2462,4814065.987,-80.469974,43.478292,At/near private drive,2,P.D. only,Thru lane,unknown,unknown,SMV other,Unknown,Daylight,01 - Daylight,Municipal (excl. Twp. Rd.),No control,unknown,0,0,0,FALSE,FALSE,FALSE,Snow,,FALSE,INGE CRT; INGE CRT ; 1 M,3/7/2019 1:20:26 PM,542865.2462,4814065.987
45930,16-271680,12/11/2016 5:02:00 PM,2016,12,11,17,2,0,Sunday,543215.0641,4808985.161,-80.466052,43.432524,Non intersection,2,P.D. only,Left shoulder,unknown,unknown,SMV other,Unknown,Dark,07 - Dark,Municipal (excl. Twp. Rd.),No control,unknown,0,0,0,FALSE,FALSE,FALSE,Snow,,FALSE,CARWOOD AVE; DIXON ST ; Near; 100 M,3/7/2019 1:20:25 PM,543215.0641,4808985.161
45931,16-272449,12/12/2016 6:38:00 PM,2016,12,12,18,38,0,Monday,540544.8252,4811765.773,-80.498837,43.45771,Non intersection,2,P.D. only,Not on roadway - right side,unknown,unknown,SMV other,Unknown,"Daylight, artificial","02 - Daylight, artificial",Municipal (excl. Twp. Rd.),No control,unknown,0,0,0,FALSE,FALSE,FALSE,Clear,,FALSE,SHANLEY ST; SHANLEY ST ; Near; 6 M,3/4/2020 10:04:39 AM,540544.8252,4811765.773
45932,16-272998,12/13/2016 1:30:00 PM,2016,12,13,13,30,0,Tuesday,538629.2978,4809779.585,-80.522654,43.439927,At/near private drive,2,P.D. only,Thru lane,unknown,unknown,SMV unattended vehicle,Unknown,Daylight,01 - Daylight,Municipal (excl. Twp. Rd.),No control,unknown,0,0,0,FALSE,FALSE,FALSE,Clear,,FALSE,MOOREGATE CRES; MOOREGATE CRES ; Near; 60 M,3/7/2019 1:20:24 PM,538629.2978,4809779.585
45933,16-273053,12/13/2016 2:53:00 PM,2016,12,13,14,53,0,Tuesday,541797.6528,4810620.914,-80.483439,43.447333,Intersection related,2,P.D. only,Right turn lane,unknown,unknown,Sideswipe,Unknown,Daylight,01 - Daylight,Regional municipality,Traffic signal,Functioning,0,0,0,FALSE,FALSE,FALSE,Clear,,FALSE,KING ST E; CEDAR ST N; Near; 5 M,3/7/2019 1:20:23 PM,541797.6528,4810620.915
45934,16-273149,12/13/2016 5:25:00 PM,2016,12,13,17,25,0,Tuesday,540334.4095,4805885.785,-80.501872,43.404778,At intersection,1,Non-fatal injury,Within intersection,unknown,unknown,Approaching,Unknown,"Dark, artificial","08 - Dark, artificial",Municipal (excl. Twp. Rd.),Stop sign,Functioning,0,0,0,FALSE,FALSE,FALSE,Clear,,FALSE,MAX BECKER DR; HELENA FEASBY ST,3/7/2019 1:20:21 PM,540334.4095,4805885.785
45935,16-273495,12/13/2016 6:00:00 PM,2016,12,13,18,0,0,Tuesday,536593.7999,4808573.64,-80.547887,43.429171,At/near private drive,2,P.D. only,Thru lane,unknown,unknown,SMV unattended vehicle,Unknown,"Dusk, artificial","06 - Dusk, artificial",Municipal (excl. Twp. Rd.),No control,unknown,0,0,0,FALSE,FALSE,FALSE,Clear,,FALSE,WESTMEADOW DR; WESTMEADOW DR,3/4/2020 10:04:38 AM,536593.7999,4808573.64
45936,16-273525,12/14/2016 8:18:00 AM,2016,12,14,8,18,0,Wednesday,537539.9116,4808514.658,-80.536202,43.428593,Non intersection,2,P.D. only,Thru lane,unknown,unknown,Rear end,Unknown,Daylight,01 - Daylight,Municipal (excl. Twp. Rd.),No control,unknown,0,0,0,FALSE,FALSE,FALSE,Clear,,FALSE,BANKSIDE DR; BANKSIDE DR ; At; 1 M,3/7/2019 1:20:20 PM,537539.9116,4808514.658
45937,16-273863,12/14/2016 3:57:00 PM,2016,12,14,15,57,0,Wednesday,544687.851,4809225.874,-80.447836,43.434605,Intersection related,2,P.D. only,Thru lane,unknown,unknown,Rear end,Traffic signal,Dusk,05 - Dusk,Regional municipality,Traffic signal,Functioning,0,0,0,FALSE,FALSE,FALSE,Clear,,FALSE,FRANKLIN ST N; WEBER ST E; Near; 8 M,3/7/2019 1:20:19 PM,544687.851,4809225.874
45938,16-274004,12/14/2016 7:41:00 PM,2016,12,14,19,41,0,Wednesday,545168.9151,4804441.308,-80.442287,43.391496,Non intersection,2,P.D. only,Thru lane,unknown,unknown,SMV unattended vehicle,Unknown,Dark,07 - Dark,Municipal (excl. Twp. Rd.),No control,unknown,0,0,0,FALSE,FALSE,FALSE,Snow,,FALSE,HARVEST CRT; HARVEST CRT ; Near; 8 M,3/7/2019 1:20:19 PM,545168.9151,4804441.308
45939,16-274026,12/14/2016 8:12:00 PM,2016,12,14,20,12,0,Wednesday,545543.4987,4811126.206,-80.437105,43.451664,At/near private drive,2,P.D. only,Thru lane,unknown,unknown,Other,Unknown,"Dark, artificial","08 - Dark, artificial",Municipal (excl. Twp. Rd.),No control,unknown,0,0,0,FALSE,FALSE,FALSE,Snow,,FALSE,HOLBORN DR ; LAMBERT PL ; 6 M,3/7/2019 1:20:17 PM,545543.4987,4811126.206
45940,16-274035,12/14/2016 8:36:00 PM,2016,12,14,20,36,0,Wednesday,541466.7055,4809539.168,-80.487611,43.437611,Non intersection,2,P.D. only,Thru lane,unknown,unknown,Rear end,Unknown,Dark,07 - Dark,Municipal (excl. Twp. Rd.),Traffic signal,Functioning,0,0,0,FALSE,FALSE,FALSE,Snow,,FALSE,MILL ST; STIRLING AVE S; 5 M,3/7/2019 1:20:16 PM,541466.7055,4809539.168
45941,16-274084,12/14/2016 10:09:00 PM,2016,12,14,22,9,0,Wednesday,546725.4618,4811016.796,-80.422507,43.450606,Non intersection,2,P.D. only,Thru lane,unknown,unknown,SMV unattended vehicle,Unknown,"Dark, artificial","08 - Dark, artificial",Municipal (excl. Twp. Rd.),No control,unknown,0,0,0,FALSE,FALSE,FALSE,Snow,,FALSE,ZELLER DR; SUSAN CRES; At; 14 M,3/7/2019 1:20:15 PM,546725.4618,4811016.796