OBJECTID,ACCIDENTNUM,ACCIDENTDATE,ACCIDENT_YEAR,ACCIDENT_MONTH,ACCIDENT_DAY,ACCIDENT_HOUR,ACCIDENT_MINUTE,ACCIDENT_SECOND,ACCIDENT_WEEKDAY,XCOORD,YCOORD,LONGITUDE,LATITUDE,ACCIDENTLOCATION,COLLISIONTYPE,CLASSIFICATIONOFACCIDENT,IMPACTLOCATION,INITIALDIRECTIONOFTRAVELONE,INITIALDIRECTIONOFTRAVELTWO,INITIALIMPACTTYPE,INTTRAFFICCONTROL,LIGHT,LIGHTFORREPORT,ROADJURISDICTION,TRAFFICCONTROL,TRAFFICCONTROLCONDITION,THRULANENO,NORTHBOUNDDISOBEYCOUNT,SOUTHBOUNDDISOBEYCOUNT,PEDESTRIANINVOLVED,CYCLISTINVOLVED,MOTORCYCLISTINVOLVED,ENVIRONMENTCONDITION1,ENVIRONMENTCONDITION2,SELFREPORTED,XMLIMPORTNOTES,LASTEDITEDDATE,x,y
45942,16-274098,12/14/2016 10:31:00 PM,2016,12,14,22,31,0,Wednesday,547661.3309,4810735.865,-80.410965,43.448017,At/near private drive,2,P.D. only,Not on roadway - right side,unknown,unknown,SMV other,Unknown,"Dark, artificial","08 - Dark, artificial",Municipal (excl. Twp. Rd.),No control,unknown,0,0,0,FALSE,FALSE,FALSE,Snow,,FALSE,COUNTRY CLAIR ST; COUNTRY CLAIR ST ; 4 M,3/7/2019 1:20:13 PM,547661.3309,4810735.865
45943,16-274277,12/14/2016 4:15:00 PM,2016,12,14,16,15,0,Wednesday,542982.1396,4806164.095,-80.469152,43.407136,At/near private drive,2,P.D. only,Thru lane,unknown,unknown,Turning movement,Unknown,Daylight,01 - Daylight,Municipal (excl. Twp. Rd.),No control,unknown,0,0,0,FALSE,FALSE,FALSE,Clear,,FALSE,SHOEMAKER ST; SHOEMAKER ST,3/4/2020 10:04:38 AM,542982.1396,4806164.095
45944,16-274290,12/15/2016 8:55:00 AM,2016,12,15,8,55,0,Thursday,539950.1498,4811016.271,-80.506242,43.450993,Overpass or bridge,2,P.D. only,Thru lane,unknown,unknown,SMV other,Unknown,Daylight,01 - Daylight,Municipal (excl. Twp. Rd.),No control,unknown,0,0,0,FALSE,FALSE,FALSE,Snow,,FALSE,PARK ST; CN RAIL; At; 0 M,3/7/2019 1:20:12 PM,539950.1498,4811016.271
45945,16-274338,12/15/2016 9:35:00 AM,2016,12,15,9,35,0,Thursday,539909.2452,4808493.676,-80.506932,43.428282,Intersection related,2,P.D. only,Thru lane,unknown,unknown,SMV other,Unknown,Daylight,01 - Daylight,Regional municipality,Traffic signal,Functioning,0,0,0,FALSE,FALSE,FALSE,Drifting Snow,,FALSE,GREENBROOK DR ; WESTMOUNT RD E; 10 M,3/7/2019 1:20:11 PM,539909.2452,4808493.676
45946,16-274351,12/15/2016 9:48:00 AM,2016,12,15,9,48,0,Thursday,546792.1466,4804935.407,-80.422203,43.395845,Non intersection,2,P.D. only,Thru lane,unknown,unknown,Sideswipe,Unknown,Daylight,01 - Daylight,Municipal (excl. Twp. Rd.),No control,unknown,0,0,0,FALSE,FALSE,FALSE,Snow,,FALSE,MILL PARK DR; MILL PARK DR ; Near; 10 M,3/7/2019 1:20:10 PM,546792.1466,4804935.407
45947,16-274498,12/15/2016 11:35:00 AM,2016,12,15,11,35,0,Thursday,538952.5014,4811050.496,-80.518569,43.451354,At intersection,2,P.D. only,Within intersection,unknown,unknown,Angle,Unknown,Daylight,01 - Daylight,Municipal (excl. Twp. Rd.),Stop sign,Functioning,0,0,0,FALSE,FALSE,FALSE,Strong wind,,FALSE,GLASGOW ST ; EARL ST,3/4/2020 10:04:37 AM,538952.5014,4811050.496
45948,16-274612,12/14/2016 3:10:00 PM,2016,12,14,15,10,0,Wednesday,544154.3544,4801936.221,-80.455016,43.369,Non intersection,2,P.D. only,Thru lane,unknown,unknown,Rear end,Unknown,Daylight,01 - Daylight,Municipal (excl. Twp. Rd.),No control,unknown,0,0,0,FALSE,FALSE,FALSE,Snow,,FALSE,REIDEL DR; REIDEL DR; Near,3/4/2020 10:04:36 AM,544154.3544,4801936.221
45949,16-274791,12/15/2016 6:47:00 PM,2016,12,15,18,47,0,Thursday,538915.9522,4810254.786,-80.519078,43.444191,At/near private drive,1,Non-fatal injury,Thru lane,unknown,unknown,Sideswipe,Unknown,"Dark, artificial","08 - Dark, artificial",Municipal (excl. Twp. Rd.),No control,unknown,0,0,0,FALSE,FALSE,FALSE,Snow,,FALSE,BRYBECK CRES ; BRYBECK CRES ; Near; 2 M,3/7/2019 1:20:09 PM,538915.9522,4810254.787
45950,16-274795,12/15/2016 5:45:00 PM,2016,12,15,17,45,0,Thursday,540964.2431,4811859.323,-80.493645,43.458529,Intersection related,2,P.D. only,Within intersection,unknown,unknown,Angle,Unknown,Daylight,01 - Daylight,Municipal (excl. Twp. Rd.),Stop sign,Functioning,0,0,0,FALSE,FALSE,FALSE,Snow,,FALSE,AHRENS ST W; LOUISA ST,3/4/2020 10:04:36 AM,540964.2431,4811859.323
45951,16-275092,12/16/2016 9:33:00 AM,2016,12,16,9,33,0,Friday,542473.2846,4812921.48,-80.47491,43.468009,At intersection,2,P.D. only,Within intersection,unknown,unknown,Angle,Unknown,Daylight,01 - Daylight,Municipal (excl. Twp. Rd.),Stop sign,Missing/Damaged,0,0,0,FALSE,FALSE,FALSE,Clear,,FALSE,GUELPH ST; SPRING VALLEY RD,3/7/2019 1:20:07 PM,542473.2846,4812921.48
45952,16-275766,12/16/2016 5:00:00 PM,2016,12,16,17,0,0,Friday,544110.2117,4803343.397,-80.455447,43.381673,At/near private drive,2,P.D. only,Thru lane,unknown,unknown,SMV unattended vehicle,Unknown,Dark,07 - Dark,Municipal (excl. Twp. Rd.),No control,unknown,0,0,0,FALSE,FALSE,FALSE,Other,,FALSE,HEARTHWOOD CRES; HEARTHWOOD CRES ; Near,3/7/2019 1:20:06 PM,544110.2117,4803343.397
45953,16-275777,12/17/2016 9:20:00 AM,2016,12,17,9,20,0,Saturday,545062.4683,4807900.782,-80.443316,43.422651,Non intersection,2,P.D. only,Thru lane,unknown,unknown,Sideswipe,Unknown,Daylight,01 - Daylight,Municipal (excl. Twp. Rd.),No control,unknown,0,0,0,FALSE,FALSE,FALSE,Snow,,FALSE,KINGSWAY DR; WILSON AVE ; 40 M,3/7/2019 1:20:05 PM,545062.4683,4807900.782
45954,16-275917,12/17/2016 12:14:00 PM,2016,12,17,12,14,0,Saturday,545973.9191,4803905.21,-80.432393,43.38662,At/near private drive,2,P.D. only,Not on roadway - right side,unknown,unknown,SMV other,Unknown,Daylight,01 - Daylight,Municipal (excl. Twp. Rd.),No control,unknown,0,0,0,FALSE,FALSE,FALSE,Snow,,FALSE,DOON MILLS DR; DOON MILLS DR ; 2 M,3/7/2019 1:20:04 PM,545973.9191,4803905.21
45955,16-275941,12/15/2016 5:45:00 PM,2016,12,15,17,45,0,Thursday,540252.2601,4810732.647,-80.502529,43.448423,Non intersection,2,Non-reportable,Thru lane,unknown,unknown,Rear end,Unknown,Daylight,01 - Daylight,Municipal (excl. Twp. Rd.),No control,unknown,0,0,0,FALSE,FALSE,FALSE,Snow,,FALSE,PARK ST; VICTORIA ST S; Near,3/7/2019 1:20:03 PM,540252.2601,4810732.647
45956,16-276042,12/17/2016 2:49:00 PM,2016,12,17,14,49,0,Saturday,539551.8002,4811758.932,-80.511111,43.457701,At/near private drive,2,P.D. only,Thru lane,unknown,unknown,Angle,Unknown,Daylight,01 - Daylight,Municipal (excl. Twp. Rd.),No control,unknown,0,0,0,FALSE,FALSE,FALSE,Clear,,FALSE,PINE ST; PINE ST ; At; 4 M,3/7/2019 1:20:02 PM,539551.8002,4811758.932
45957,16-276148,12/17/2016 5:03:00 PM,2016,12,17,17,3,0,Saturday,545414.8953,4813760.658,-80.438475,43.475392,Non intersection,2,P.D. only,Not on roadway - left side,unknown,unknown,SMV other,Unknown,"Dark, artificial","08 - Dark, artificial",Municipal (excl. Twp. Rd.),No control,unknown,0,0,0,FALSE,FALSE,FALSE,Freezing Rain,,FALSE,SHIRLEY DR; SHIRLEY DR ; Near; 30 M,3/7/2019 1:20:01 PM,545414.8953,4813760.658
45958,16-276188,12/17/2016 6:05:00 PM,2016,12,17,18,5,0,Saturday,545433.5464,4808341.125,-80.438696,43.426594,At intersection,1,Non-fatal injury,Within intersection,unknown,unknown,SMV other,Unknown,Dark,07 - Dark,Municipal (excl. Twp. Rd.),Stop sign,Functioning,0,0,0,TRUE,FALSE,FALSE,Clear,,FALSE,CEDARWOODS CRES; KINGSWAY DR,3/7/2019 1:20:00 PM,545433.5464,4808341.125
45959,16-276202,12/17/2016 6:44:00 PM,2016,12,17,18,44,0,Saturday,542388.1769,4812462.271,-80.475998,43.463879,Non intersection,1,Non-fatal injury,Thru lane,unknown,unknown,Sideswipe,Unknown,Dark,07 - Dark,Municipal (excl. Twp. Rd.),No control,unknown,0,0,0,FALSE,FALSE,FALSE,Freezing Rain,,FALSE,WELLINGTON ST N; WELLINGTON ST N; At; 20 M,3/7/2019 1:19:59 PM,542388.1769,4812462.271
45960,16-276280,12/17/2016 9:29:00 PM,2016,12,17,21,29,0,Saturday,543959.9142,4813146.107,-80.456514,43.469946,Non intersection,2,P.D. only,Right shoulder,unknown,unknown,SMV other,Unknown,"Daylight, artificial","02 - Daylight, artificial",Municipal (excl. Twp. Rd.),No control,unknown,0,0,0,FALSE,FALSE,FALSE,Snow,,FALSE,SHIRLEY AVE; SHIRLEY AVE ; Near; 40 M,3/7/2019 1:19:58 PM,543959.9142,4813146.107
45961,16-276410,12/18/2016 12:54:00 AM,2016,12,18,0,54,0,Sunday,539700.8002,4808251.306,-80.509525,43.426111,At/near private drive,2,P.D. only,Not on roadway - right side,unknown,unknown,SMV unattended vehicle,Unknown,"Dark, artificial","08 - Dark, artificial",Municipal (excl. Twp. Rd.),No control,unknown,0,0,0,FALSE,FALSE,FALSE,Snow,,FALSE,VILLAGE RD; VILLAGE RD ; At; 1 M,3/7/2019 1:19:57 PM,539700.8002,4808251.306
45962,16-276555,12/18/2016 10:09:00 AM,2016,12,18,10,9,0,Sunday,545293.7781,4803388.787,-80.440833,43.382011,Non intersection,1,Non-fatal injury,Thru lane,unknown,unknown,Approaching,Unknown,Daylight,01 - Daylight,Municipal (excl. Twp. Rd.),No control,unknown,0,0,0,FALSE,FALSE,FALSE,Snow,,FALSE,FOREST CREEK DR ; CREEK RIDGE ST ; 45 M,3/7/2019 1:19:56 PM,545293.7781,4803388.787
45963,16-276640,12/18/2016 12:44:00 PM,2016,12,18,12,44,0,Sunday,545146.9266,4804206.246,-80.442578,43.389381,At/near private drive,2,P.D. only,Thru lane,unknown,unknown,Other,Unknown,Daylight,01 - Daylight,Municipal (excl. Twp. Rd.),No control,unknown,0,0,0,FALSE,FALSE,FALSE,Clear,,FALSE,ANVIL ST; ANVIL ST ; At; 10 M,3/7/2019 1:19:54 PM,545146.9266,4804206.246
45964,16-276663,12/17/2016 12:40:00 PM,2016,12,17,12,40,0,Saturday,536005.8496,4809171.754,-80.555111,43.434585,At/near private drive,2,P.D. only,Thru lane,unknown,unknown,SMV unattended vehicle,Unknown,Daylight,01 - Daylight,Municipal (excl. Twp. Rd.),No control,unknown,0,0,0,FALSE,FALSE,FALSE,Rain,,FALSE,SASSAFRAS ST; SASSAFRAS ST,3/7/2019 1:19:53 PM,536005.8496,4809171.754
45965,16-276708,12/17/2016 5:13:00 PM,2016,12,17,17,13,0,Saturday,539234.8001,4808859.366,-80.515238,43.43161,Non intersection,2,P.D. only,Right shoulder,unknown,unknown,SMV unattended vehicle,Unknown,"Dark, artificial","08 - Dark, artificial",Municipal (excl. Twp. Rd.),No control,unknown,0,0,0,FALSE,FALSE,FALSE,Clear,,FALSE,QUEENS BLVD; QUEENS BLVD ; Near,3/7/2019 1:19:52 PM,539234.8001,4808859.366
45966,16-276723,12/18/2016 11:30:00 AM,2016,12,18,11,30,0,Sunday,542107.4671,4807129.848,-80.479879,43.415882,At intersection,2,P.D. only,Thru lane,unknown,unknown,Rear end,Unknown,Daylight,01 - Daylight,Regional municipality,Traffic signal,Functioning,0,0,0,FALSE,FALSE,FALSE,Clear,,FALSE,STRASBURG RD ; BLOCK LINE RD,3/7/2019 1:19:50 PM,542107.4671,4807129.848
45967,16-277185,12/19/2016 9:00:00 AM,2016,12,19,9,0,0,Monday,539572.8214,4806249.002,-80.511251,43.408089,Non intersection,2,P.D. only,Thru lane,unknown,unknown,Sideswipe,Unknown,Daylight,01 - Daylight,Municipal (excl. Twp. Rd.),No control,unknown,0,0,0,FALSE,FALSE,FALSE,Clear,,FALSE,ACTIVA AVE; COPPER LEAF ST; Near,3/7/2019 1:19:49 PM,539572.8214,4806249.002
45968,16-277266,12/19/2016 10:30:00 AM,2016,12,19,10,30,0,Monday,545923.4996,4804797.501,-80.432941,43.394657,Other,2,P.D. only,Right turn lane,unknown,unknown,Turning movement,Unknown,Daylight,01 - Daylight,Private property,Yield sign,Functioning,0,0,0,FALSE,FALSE,FALSE,Clear,,FALSE,PIONEER DR; PIONEER DR ; At,3/7/2019 1:19:48 PM,545923.4996,4804797.502
45969,16-277302,12/19/2016 12:39:00 PM,2016,12,19,12,39,0,Monday,547727.3214,4806119.607,-80.410553,43.406449,Intersection related,2,P.D. only,Thru lane,unknown,unknown,Turning movement,Unknown,Daylight,01 - Daylight,Municipal (excl. Twp. Rd.),Stop sign,Functioning,0,0,0,FALSE,FALSE,FALSE,Clear,,FALSE,DEER RIDGE DR; FALL HARVEST DR ; At,3/7/2019 1:19:47 PM,547727.3214,4806119.607
45970,16-277429,12/19/2016 3:47:00 PM,2016,12,19,15,47,0,Monday,545950.6485,4809734.341,-80.43219,43.439107,At/near private drive,2,P.D. only,Thru lane,unknown,unknown,Turning movement,Unknown,Daylight,01 - Daylight,Municipal (excl. Twp. Rd.),No control,unknown,0,0,0,FALSE,FALSE,FALSE,Clear,,FALSE,VERONICA DR; VERONICA DR ; Near; 1 M,3/7/2019 1:19:46 PM,545950.6485,4809734.341
45971,16-277516,12/18/2016 11:00:00 AM,2016,12,18,11,0,0,Sunday,542138.3406,4810684.722,-80.479224,43.447888,Non intersection,2,P.D. only,Other,unknown,unknown,SMV unattended vehicle,Unknown,Daylight,01 - Daylight,Municipal (excl. Twp. Rd.),No control,unknown,0,0,0,FALSE,FALSE,FALSE,Clear,,FALSE,CAMERON ST N; CAMERON ST N,3/7/2019 1:19:45 PM,542138.3406,4810684.722
45972,16-277575,12/19/2016 7:20:00 PM,2016,12,19,19,20,0,Monday,540796.0973,4809183.321,-80.495924,43.434444,Intersection related,1,Non-fatal injury,Thru lane,unknown,unknown,SMV other,Stop sign,"Dark, artificial","08 - Dark, artificial",Municipal (excl. Twp. Rd.),Stop sign,Functioning,0,0,0,TRUE,FALSE,FALSE,Clear,,FALSE,PLEASANT AVE; STIRLING AVE S,3/7/2019 1:19:44 PM,540796.0973,4809183.321
45973,16-277673,12/19/2016 11:10:00 PM,2016,12,19,23,10,0,Monday,541794.5658,4814999.299,-80.483141,43.486756,At/near private drive,2,P.D. only,Other,unknown,unknown,SMV other,Unknown,Dark,07 - Dark,Municipal (excl. Twp. Rd.),No control,unknown,0,0,0,FALSE,FALSE,FALSE,Clear,,FALSE,WOOLWICH ST; WOOLWICH ST ; At; 0 M,3/7/2019 1:19:42 PM,541794.5658,4814999.299
45974,16-277674,12/19/2016 11:16:00 PM,2016,12,19,23,16,0,Monday,544755.1607,4808024.459,-80.447102,43.423783,Intersection related,2,Non-reportable,Right shoulder,unknown,unknown,SMV other,Unknown,"Dark, artificial","08 - Dark, artificial",Municipal (excl. Twp. Rd.),Traffic signal,Functioning,0,0,0,FALSE,FALSE,FALSE,Snow,,FALSE,WILSON AVE; TRAYNOR AVE; 60 M,3/7/2019 1:19:42 PM,544755.1607,4808024.46
45975,16-277833,12/19/2016 5:45:00 PM,2016,12,19,17,45,0,Monday,542239.1256,4810335.935,-80.478005,43.444742,Intersection related,1,Non-fatal injury,Right turn lane,unknown,unknown,Rear end,Traffic signal,Dark,07 - Dark,Regional municipality,Traffic signal,Functioning,0,0,0,FALSE,FALSE,FALSE,Clear,,FALSE,FAIRVIEW AVE; KING ST E,3/7/2019 1:19:40 PM,542239.1256,4810335.935
45976,16-277922,12/19/2016 3:10:00 PM,2016,12,19,15,10,0,Monday,543248.548,4804519.26,-80.465992,43.392311,At intersection,2,P.D. only,Within intersection,unknown,unknown,Turning movement,Unknown,Daylight,01 - Daylight,Regional municipality,Yield sign,Functioning,0,0,0,FALSE,FALSE,FALSE,Clear,,FALSE,STRASBURG RD; HURON RD,3/7/2019 1:19:39 PM,543248.548,4804519.26
45977,16-278026,12/20/2016 11:30:00 AM,2016,12,20,11,30,0,Tuesday,540743.3752,4811486.493,-80.496403,43.455185,Non intersection,2,P.D. only,Thru lane,unknown,unknown,Other,Unknown,Daylight,01 - Daylight,Municipal (excl. Twp. Rd.),No control,unknown,0,0,0,FALSE,FALSE,FALSE,Clear,,FALSE,DUKE ST W; DUKE ST W,3/7/2019 1:19:38 PM,540743.3752,4811486.493
45978,16-278671,12/21/2016 9:35:00 AM,2016,12,21,9,35,0,Wednesday,541183.548,4810690.704,-80.491023,43.447995,Intersection related,2,P.D. only,Thru lane,unknown,unknown,SMV other,Unknown,Daylight,01 - Daylight,Municipal (excl. Twp. Rd.),Traffic signal,Functioning,0,0,0,FALSE,FALSE,FALSE,Clear,,FALSE,JOSEPH ST; QUEEN ST S,3/7/2019 1:19:37 PM,541183.548,4810690.704
45979,16-278682,12/21/2016 9:48:00 AM,2016,12,21,9,48,0,Wednesday,540205.0344,4809445.703,-80.503207,43.436838,Non intersection,2,P.D. only,Thru lane,unknown,unknown,Sideswipe,Unknown,Daylight,01 - Daylight,Municipal (excl. Twp. Rd.),No control,unknown,0,0,0,FALSE,FALSE,FALSE,Clear,,FALSE,QUEENS BLVD ; BELMONT AVE E; Near; 45 M,3/7/2019 1:19:36 PM,540205.0344,4809445.703
45980,16-278738,12/21/2016 9:45:00 AM,2016,12,21,9,45,0,Wednesday,541343.3532,4809062.602,-80.489171,43.433327,At intersection,2,P.D. only,Within intersection,unknown,unknown,Turning movement,Unknown,Daylight,01 - Daylight,Municipal (excl. Twp. Rd.),Stop sign,Functioning,0,0,0,FALSE,FALSE,FALSE,Clear,,FALSE,HIGHLAND RD E; HEIMAN ST,3/7/2019 1:19:35 PM,541343.3532,4809062.603
45981,16-278931,12/21/2016 12:25:00 PM,2016,12,21,12,25,0,Wednesday,547165.965,4808352.089,-80.417293,43.426585,At/near private drive,2,P.D. only,Thru lane,unknown,unknown,SMV unattended vehicle,Unknown,Daylight,01 - Daylight,Municipal (excl. Twp. Rd.),No control,unknown,0,0,0,FALSE,FALSE,FALSE,Clear,,FALSE,LEWIS CRES; LEWIS CRES,3/7/2019 1:19:34 PM,547165.965,4808352.089
45982,16-279132,12/21/2016 10:08:00 PM,2016,12,21,22,8,0,Wednesday,542237.4932,4806972.471,-80.478286,43.414457,At/near private drive,2,P.D. only,Thru lane,unknown,unknown,Rear end,Unknown,"Daylight, artificial","02 - Daylight, artificial",Municipal (excl. Twp. Rd.),Traffic signal,Functioning,0,0,0,FALSE,FALSE,FALSE,Clear,,FALSE,STRASBURG RD; STRASBURG RD ; At; 6 M,3/7/2019 1:19:33 PM,542237.4932,4806972.471
45983,16-279339,12/19/2016 5:00:00 PM,2016,12,19,17,0,0,Monday,544843.4941,4809685.978,-80.445875,43.438738,Non intersection,2,P.D. only,Thru lane,unknown,unknown,Rear end,Unknown,"Dusk, artificial","06 - Dusk, artificial",Municipal (excl. Twp. Rd.),No control,unknown,0,0,0,FALSE,FALSE,FALSE,Clear,,FALSE,FRANKLIN ST N; FRANKLIN ST N,3/7/2019 1:19:32 PM,544843.4941,4809685.978
45984,16-279611,12/22/2016 3:00:00 PM,2016,12,22,15,0,0,Thursday,545135.6911,4804515.896,-80.442691,43.392169,Non intersection,2,P.D. only,Thru lane,unknown,unknown,SMV unattended vehicle,Unknown,Daylight,01 - Daylight,Municipal (excl. Twp. Rd.),No control,unknown,0,0,0,FALSE,FALSE,FALSE,Clear,,FALSE,HARVEST CRT; HARVEST CRT ; Near; 1 M,3/7/2019 1:19:31 PM,545135.6911,4804515.896
45985,16-279646,12/22/2016 2:45:00 PM,2016,12,22,14,45,0,Thursday,539296.0346,4811573.258,-80.514286,43.456043,Non intersection,2,P.D. only,Thru lane,unknown,unknown,Rear end,Unknown,Daylight,01 - Daylight,Municipal (excl. Twp. Rd.),No control,unknown,0,0,0,FALSE,FALSE,FALSE,Clear,,FALSE,PARK ST; MT HOPE ST; Near,3/7/2019 1:19:30 PM,539296.0346,4811573.258
45986,16-279754,12/22/2016 9:30:00 AM,2016,12,22,9,30,0,Thursday,538405.449,4805239.446,-80.525739,43.399059,At/near private drive,2,P.D. only,Right shoulder,unknown,unknown,SMV unattended vehicle,Unknown,Daylight,01 - Daylight,Municipal (excl. Twp. Rd.),No control,unknown,0,0,0,FALSE,FALSE,FALSE,Clear,,FALSE,ELIZA AVE; ELIZA AVE,3/7/2019 1:19:29 PM,538405.449,4805239.446
45987,16-279881,12/22/2016 11:50:00 PM,2016,12,22,23,50,0,Thursday,544069.8964,4804132.567,-80.455882,43.388781,Non intersection,2,P.D. only,Left shoulder,unknown,unknown,SMV other,Unknown,Dark,07 - Dark,Municipal (excl. Twp. Rd.),No control,unknown,0,0,0,FALSE,FALSE,FALSE,Clear,,FALSE,BIEHN DR; BIEHN DR ; At; 1 M,3/7/2019 1:19:28 PM,544069.8964,4804132.567
45988,16-280003,12/23/2016 8:01:00 AM,2016,12,23,8,1,0,Friday,543752.2371,4805552.861,-80.45969,43.401588,Intersection related,2,P.D. only,Not on roadway - right side,unknown,unknown,SMV other,Unknown,Daylight,01 - Daylight,Municipal (excl. Twp. Rd.),Stop sign,Functioning,0,0,0,FALSE,FALSE,FALSE,Clear,,FALSE,TRILLIUM DR ; BEASLEY DR,3/7/2019 1:19:27 PM,543752.2371,4805552.861
45989,16-280036,12/22/2016 8:15:00 AM,2016,12,22,8,15,0,Thursday,544681.8863,4808320.494,-80.447983,43.426453,At intersection,2,P.D. only,Within intersection,unknown,unknown,Turning movement,Unknown,Daylight,01 - Daylight,Municipal (excl. Twp. Rd.),Stop sign,Functioning,0,0,0,FALSE,FALSE,FALSE,Clear,,FALSE,GREENFIELD AVE; WOODHAVEN RD,3/7/2019 1:19:26 PM,544681.8863,4808320.494
45990,16-280065,12/23/2016 9:45:00 AM,2016,12,23,9,45,0,Friday,537229.7877,4807562.565,-80.540099,43.420036,Other,2,P.D. only,Off highway,unknown,unknown,SMV other,Unknown,Daylight,01 - Daylight,Private property,No control,unknown,0,0,0,FALSE,FALSE,FALSE,Snow,,FALSE,WESTHEIGHTS DR ; BROKEN OAK CRES,3/7/2019 1:19:25 PM,537229.7877,4807562.565
45991,16-280216,12/23/2016 6:30:00 AM,2016,12,23,6,30,0,Friday,545944.6744,4809298.889,-80.432301,43.435186,At/near private drive,2,Non-reportable,Thru lane,unknown,unknown,SMV unattended vehicle,Unknown,Dark,07 - Dark,Regional municipality,No control,unknown,0,0,0,FALSE,FALSE,FALSE,Clear,,FALSE,THALER AVE; THALER AVE,3/7/2019 1:19:24 PM,545944.6744,4809298.889
45992,16-280345,12/23/2016 3:39:00 PM,2016,12,23,15,39,0,Friday,539593.6007,4810040.972,-80.510719,43.442231,At/near private drive,2,P.D. only,Thru lane,unknown,unknown,Angle,Unknown,Daylight,01 - Daylight,Regional municipality,No control,unknown,0,0,0,FALSE,FALSE,FALSE,Clear,,FALSE,BELMONT AVE E; HIGHLAND RD W; Near,3/7/2019 1:19:23 PM,539593.6007,4810040.972
45993,16-280675,12/24/2016 2:30:00 AM,2016,12,24,2,30,0,Saturday,540381.3671,4809536.496,-80.501022,43.437646,Non intersection,2,P.D. only,Thru lane,unknown,unknown,SMV other,Unknown,Dark,07 - Dark,Municipal (excl. Twp. Rd.),No control,unknown,0,0,0,FALSE,FALSE,FALSE,Freezing Rain,,FALSE,QUEENS BLVD; QUEENS BLVD ; Near; 8 M,3/7/2019 1:19:22 PM,540381.3671,4809536.497
45994,16-280872,12/24/2016 12:17:00 PM,2016,12,24,12,17,0,Saturday,539983.4825,4810977.301,-80.505833,43.450641,At/near private drive,1,Non-fatal injury,Thru lane,unknown,unknown,Turning movement,Unknown,Daylight,01 - Daylight,Municipal (excl. Twp. Rd.),No control,unknown,0,0,0,FALSE,FALSE,FALSE,Clear,,FALSE,PARK ST; PARK ST ; 3 M,3/7/2019 1:19:21 PM,539983.4825,4810977.301
45995,16-280980,12/24/2016 3:40:00 PM,2016,12,24,15,40,0,Saturday,542582.1033,4810125.613,-80.473783,43.442829,At intersection,2,P.D. only,Within intersection,unknown,unknown,Turning movement,Unknown,Daylight,01 - Daylight,Regional municipality,Traffic signal,Functioning,0,0,0,FALSE,FALSE,FALSE,Rain,,FALSE,KING ST E; BORDEN AVE N,3/7/2019 1:19:20 PM,542582.1033,4810125.613
45996,16-281367,12/24/2016 8:00:00 PM,2016,12,24,20,0,0,Saturday,540123.3602,4811462.434,-80.504068,43.455001,At/near private drive,2,P.D. only,Thru lane,unknown,unknown,SMV unattended vehicle,Unknown,"Dark, artificial","08 - Dark, artificial",Municipal (excl. Twp. Rd.),No control,unknown,0,0,0,FALSE,FALSE,FALSE,Clear,,FALSE,LOUISA ST; LOUISA ST ; Near; 3 M,3/7/2019 1:19:19 PM,540123.3602,4811462.434
45997,16-281570,12/25/2016 8:11:00 PM,2016,12,25,20,11,0,Sunday,544903.3802,4808965.618,-80.445194,43.432249,Non intersection,1,Non-fatal injury,Thru lane,unknown,unknown,SMV other,Unknown,"Dark, artificial","08 - Dark, artificial",Municipal (excl. Twp. Rd.),No control,unknown,0,0,0,TRUE,FALSE,FALSE,Clear,,FALSE,KINGSWAY DR; NINTH AVE ; 127 M,3/7/2019 1:19:17 PM,544903.3802,4808965.618
45998,16-281578,12/25/2016 8:00:00 PM,2016,12,25,20,0,0,Sunday,538904.4597,4810135.921,-80.519228,43.443122,At/near private drive,2,P.D. only,Thru lane,unknown,unknown,SMV unattended vehicle,Unknown,"Dark, artificial","08 - Dark, artificial",Municipal (excl. Twp. Rd.),No control,unknown,0,0,0,FALSE,FALSE,FALSE,Clear,,FALSE,KARN ST; KARN ST ; 5 M,3/7/2019 1:19:16 PM,538904.4597,4810135.922
45999,16-281759,12/26/2016 7:07:00 AM,2016,12,26,7,7,0,Monday,540807.5403,4809199.683,-80.495781,43.434591,Intersection related,2,P.D. only,Right shoulder,unknown,unknown,SMV other,Unknown,Daylight,01 - Daylight,Municipal (excl. Twp. Rd.),No control,unknown,0,0,0,FALSE,FALSE,FALSE,Freezing Rain,,FALSE,STIRLING AVE S; PLEASANT AVE; Near; 10 M,3/7/2019 1:19:15 PM,540807.5403,4809199.683
46000,16-281794,12/26/2016 8:10:00 AM,2016,12,26,8,10,0,Monday,542106.4751,4807134.635,-80.479891,43.415925,Intersection related,2,P.D. only,Not on roadway - left side,unknown,unknown,SMV other,Unknown,Daylight,01 - Daylight,Regional municipality,Traffic signal,Functioning,0,0,0,FALSE,FALSE,FALSE,Freezing Rain,,FALSE,STRASBURG RD; BLOCK LINE RD,3/7/2019 1:19:14 PM,542106.4751,4807134.635
46001,16-281799,12/26/2016 8:26:00 AM,2016,12,26,8,26,0,Monday,538969.6115,4805583.092,-80.518748,43.402124,Non intersection,2,P.D. only,Right shoulder,unknown,unknown,SMV unattended vehicle,Unknown,Daylight,01 - Daylight,Municipal (excl. Twp. Rd.),No control,unknown,0,0,0,FALSE,FALSE,FALSE,Freezing Rain,,FALSE,SNOWDROP CRES; ACTIVA AVE ; 65 M,3/7/2019 1:19:13 PM,538969.6115,4805583.092
46002,16-281808,12/25/2016 3:00:00 PM,2016,12,25,15,0,0,Sunday,543703.4114,4811268.511,-80.459835,43.453055,At/near private drive,2,P.D. only,Thru lane,unknown,unknown,SMV unattended vehicle,Unknown,Daylight,01 - Daylight,Municipal (excl. Twp. Rd.),No control,unknown,0,0,0,FALSE,FALSE,FALSE,Clear,,FALSE,DONALD ST; DONALD ST; At,3/7/2019 1:19:11 PM,543703.4114,4811268.511