OBJECTID,ACCIDENTNUM,ACCIDENTDATE,ACCIDENT_YEAR,ACCIDENT_MONTH,ACCIDENT_DAY,ACCIDENT_HOUR,ACCIDENT_MINUTE,ACCIDENT_SECOND,ACCIDENT_WEEKDAY,XCOORD,YCOORD,LONGITUDE,LATITUDE,ACCIDENTLOCATION,COLLISIONTYPE,CLASSIFICATIONOFACCIDENT,IMPACTLOCATION,INITIALDIRECTIONOFTRAVELONE,INITIALDIRECTIONOFTRAVELTWO,INITIALIMPACTTYPE,INTTRAFFICCONTROL,LIGHT,LIGHTFORREPORT,ROADJURISDICTION,TRAFFICCONTROL,TRAFFICCONTROLCONDITION,THRULANENO,NORTHBOUNDDISOBEYCOUNT,SOUTHBOUNDDISOBEYCOUNT,PEDESTRIANINVOLVED,CYCLISTINVOLVED,MOTORCYCLISTINVOLVED,ENVIRONMENTCONDITION1,ENVIRONMENTCONDITION2,SELFREPORTED,XMLIMPORTNOTES,LASTEDITEDDATE,x,y
46064,17-004300,1/6/2017 10:22:00 PM,2017,1,6,22,22,0,Friday,545050.2171,4810838.311,-80.443225,43.449102,Intersection related,1,Non-fatal injury,Thru lane,unknown,unknown,Rear end,Unknown,"Dark, artificial","08 - Dark, artificial",Municipal (excl. Twp. Rd.),Traffic signal,Functioning,0,0,0,FALSE,FALSE,FALSE,Clear,,FALSE,RIVER RD E; HOLBORN DR,3/7/2019 1:17:57 PM,545050.2171,4810838.311
46065,17-004390,1/7/2017 12:40:00 AM,2017,1,7,0,40,0,Saturday,544800.255,4809824.652,-80.446398,43.43999,Non intersection,2,P.D. only,Not on roadway - left side,unknown,unknown,SMV other,Unknown,"Dark, artificial","08 - Dark, artificial",Municipal (excl. Twp. Rd.),Other,Functioning,0,0,0,FALSE,FALSE,FALSE,Clear,,FALSE,247 FRANKLIN ST N; TRAFALGAR AVE ; 50 M,3/7/2019 1:17:56 PM,544800.255,4809824.652
46066,17-004724,1/7/2017 2:13:00 PM,2017,1,7,14,13,0,Saturday,542842.1672,4809873.801,-80.470589,43.440547,At intersection,1,Non-fatal injury,Within intersection,unknown,unknown,Angle,Unknown,Daylight,01 - Daylight,Municipal (excl. Twp. Rd.),Stop sign,Functioning,0,0,0,FALSE,FALSE,FALSE,Clear,,FALSE,CHARLES ST E; SYDNEY ST S,3/7/2019 1:17:55 PM,542842.1672,4809873.801
46067,17-004770,1/7/2017 3:28:00 PM,2017,1,7,15,28,0,Saturday,538900.4144,4811473.966,-80.519183,43.45517,At intersection,2,P.D. only,Within intersection,unknown,unknown,Turning movement,Unknown,Daylight,01 - Daylight,Regional municipality,Traffic signal,Functioning,0,0,0,FALSE,FALSE,FALSE,Clear,,FALSE,UNION BLVD ; BELMONT AVE W,3/7/2019 1:17:54 PM,538900.4144,4811473.966
46068,17-005188,1/8/2017 3:49:00 AM,2017,1,8,3,49,0,Sunday,537334.3969,4808649.48,-80.538732,43.429818,At/near private drive,2,P.D. only,Not on roadway - left side,unknown,unknown,SMV other,Unknown,"Daylight, artificial","02 - Daylight, artificial",Municipal (excl. Twp. Rd.),No control,unknown,0,0,0,FALSE,FALSE,FALSE,Snow,,FALSE,HIDDEN CREEK DR; HIDDEN CREEK DR ; At; 0 M,3/7/2019 1:17:53 PM,537334.3969,4808649.48
46069,17-005329,1/8/2017 10:30:00 AM,2017,1,8,10,30,0,Sunday,539003.2179,4811280.452,-80.517926,43.453422,At intersection,2,P.D. only,Within intersection,unknown,unknown,Turning movement,Unknown,Daylight,01 - Daylight,Municipal (excl. Twp. Rd.),Stop sign,Functioning,0,0,0,FALSE,FALSE,FALSE,Clear,,FALSE,BELMONT AVE W; CLAREMONT AVE,3/7/2019 1:17:52 PM,539003.2179,4811280.452
46070,17-005423,1/8/2017 1:45:00 PM,2017,1,8,13,45,0,Sunday,540151.601,4809559.095,-80.503859,43.437862,At intersection,2,Non-reportable,Within intersection,unknown,unknown,Angle,Unknown,Daylight,01 - Daylight,Municipal (excl. Twp. Rd.),Stop sign,Functioning,0,0,0,FALSE,FALSE,FALSE,Clear,,FALSE,SPADINA RD W; NORTH DR,3/7/2019 1:17:51 PM,540151.601,4809559.095
46071,17-005430,1/8/2017 1:10:00 PM,2017,1,8,13,10,0,Sunday,537277.1386,4807524.48,-80.539516,43.419691,Non intersection,2,P.D. only,Thru lane,unknown,unknown,Sideswipe,Unknown,Daylight,01 - Daylight,Municipal (excl. Twp. Rd.),No control,unknown,0,0,0,FALSE,FALSE,FALSE,Clear,,FALSE,WESTHEIGHTS DR ; WESTHEIGHTS DR ; At; 6 M,3/7/2019 1:17:50 PM,537277.1386,4807524.481
46072,17-005500,1/8/2017 4:12:00 PM,2017,1,8,16,12,0,Sunday,545274.563,4808149.714,-80.440676,43.42488,Non intersection,2,P.D. only,Thru lane,unknown,unknown,Rear end,Unknown,Daylight,01 - Daylight,Municipal (excl. Twp. Rd.),Ped. crossover,Functioning,0,0,0,FALSE,FALSE,FALSE,Clear,,FALSE,KINGSWAY DR ; KINGSWAY DR ; Near; 5 M,3/7/2019 1:17:49 PM,545274.563,4808149.714
46073,17-005514,1/8/2017 4:23:00 PM,2017,1,8,16,23,0,Sunday,545034.6387,4807870.163,-80.443663,43.422377,At/near private drive,2,P.D. only,Thru lane,unknown,unknown,Turning movement,Unknown,Dusk,05 - Dusk,Municipal (excl. Twp. Rd.),No control,unknown,0,0,0,FALSE,FALSE,FALSE,Clear,,FALSE,WILSON AVE; KINGSWAY DR ; At; 1 M,3/7/2019 1:17:47 PM,545034.6387,4807870.163
46074,17-005519,1/8/2017 3:30:00 PM,2017,1,8,15,30,0,Sunday,540353.9489,4806573.746,-80.50158,43.410971,Intersection related,2,P.D. only,Thru lane,unknown,unknown,Approaching,Unknown,Daylight,01 - Daylight,Regional municipality,No control,unknown,0,0,0,FALSE,FALSE,FALSE,Clear,,FALSE,HIGHBROOK ST; BLOCK LINE RD; At,3/7/2019 1:17:45 PM,540353.9489,4806573.746
46075,17-005560,1/8/2017 5:58:00 PM,2017,1,8,17,58,0,Sunday,539404.06,4810382.223,-80.513037,43.445313,At/near private drive,2,P.D. only,Thru lane,unknown,unknown,Turning movement,Unknown,"Dark, artificial","08 - Dark, artificial",Municipal (excl. Twp. Rd.),Stop sign,Functioning,0,0,0,FALSE,FALSE,FALSE,Clear,,FALSE,KARN ST ; BELMONT AVE W; 10 M,3/7/2019 1:17:44 PM,539404.06,4810382.223
46076,17-005626,1/8/2017 8:20:00 PM,2017,1,8,20,20,0,Sunday,541016.8517,4809674.874,-80.493159,43.438858,At intersection,1,Non-fatal injury,Within intersection,unknown,unknown,Turning movement,Unknown,"Dark, artificial","08 - Dark, artificial",Municipal (excl. Twp. Rd.),Traffic signal,Functioning,0,0,0,FALSE,FALSE,FALSE,Clear,,FALSE,HIGHLAND RD E; SPADINA RD E,3/7/2019 1:17:43 PM,541016.8517,4809674.874
46077,17-005775,1/9/2017 1:47:00 AM,2017,1,9,1,47,0,Monday,545678.9917,4809117.676,-80.435599,43.433571,At intersection,2,P.D. only,Within intersection,unknown,unknown,Other,Unknown,"Dark, artificial","08 - Dark, artificial",Municipal (excl. Twp. Rd.),Stop sign,Functioning,0,0,0,FALSE,FALSE,FALSE,Clear,,FALSE,HAROLD AVE; KINZIE AVE,3/7/2019 1:17:41 PM,545678.9917,4809117.676
46078,17-005827,1/9/2017 8:17:00 AM,2017,1,9,8,17,0,Monday,542071.1289,4807094.148,-80.480331,43.415562,Other,2,P.D. only,Off highway,unknown,unknown,SMV other,Unknown,Daylight,01 - Daylight,Municipal (excl. Twp. Rd.),No control,unknown,0,0,0,FALSE,FALSE,FALSE,Snow,,FALSE,BLOCK LINE RD ; FALLOWFIELD DR ; At; 16 M,3/7/2019 1:17:40 PM,542071.1289,4807094.148
46079,17-005879,12/28/2016 8:00:00 PM,2016,12,28,20,0,0,Wednesday,541068,4811108,0,0,Intersection related,2,P.D. only,Thru lane,unknown,unknown,Rear end,Unknown,Dark,07 - Dark,Regional municipality,Yield sign,Functioning,0,0,0,FALSE,FALSE,FALSE,Snow,,FALSE,HOMER WATSON BLVD; FOUNTAIN ST S,3/7/2019 1:17:39 PM,541068,4811108
46080,17-005893,1/9/2017 6:30:00 AM,2017,1,9,6,30,0,Monday,544486.0336,4810658.196,-80.450212,43.447513,At/near private drive,2,P.D. only,Thru lane,unknown,unknown,Rear end,Unknown,"Dark, artificial","08 - Dark, artificial",Municipal (excl. Twp. Rd.),No control,unknown,0,0,0,FALSE,FALSE,FALSE,Snow,,FALSE,FRANKLIN ST N; FRANKLIN ST N; At,3/7/2019 1:17:38 PM,544486.0336,4810658.196
46081,17-005913,1/9/2017 10:28:00 AM,2017,1,9,10,28,0,Monday,539872.9412,4810630.015,-80.507224,43.44752,Intersection related,2,P.D. only,Thru lane,unknown,unknown,Turning movement,Unknown,Daylight,01 - Daylight,Municipal (excl. Twp. Rd.),Stop sign,Functioning,0,0,0,FALSE,FALSE,FALSE,Clear,,FALSE,STRANGE ST; CHERRY ST,3/7/2019 1:17:37 PM,539872.9412,4810630.015
46082,17-005941,1/9/2017 11:05:00 AM,2017,1,9,11,5,0,Monday,542764.3472,4811565.311,-80.471418,43.455781,Non intersection,2,P.D. only,Thru lane,unknown,unknown,Approaching,Unknown,Daylight,01 - Daylight,Municipal (excl. Twp. Rd.),No control,unknown,0,0,0,FALSE,FALSE,FALSE,Clear,,FALSE,DUMFRIES AVE ; CHAPEL ST ; Near; 1 M,3/7/2019 1:17:36 PM,542764.3472,4811565.311
46083,17-006006,1/7/2017 11:30:00 PM,2017,1,7,23,30,0,Saturday,536670.9416,4808216.604,-80.546958,43.425953,At/near private drive,2,P.D. only,Thru lane,unknown,unknown,SMV unattended vehicle,Unknown,Dark,07 - Dark,Municipal (excl. Twp. Rd.),No control,unknown,0,0,0,FALSE,FALSE,FALSE,Snow,,FALSE,WESTMEADOW DR; WESTMEADOW DR ; Near,3/7/2019 1:17:35 PM,536670.9416,4808216.604
46084,17-006096,1/9/2017 8:45:00 AM,2017,1,9,8,45,0,Monday,540510.8754,4806034.09,-80.499681,43.406103,Non intersection,2,P.D. only,Thru lane,unknown,unknown,Rear end,Unknown,Daylight,01 - Daylight,Municipal (excl. Twp. Rd.),Traffic signal,Functioning,0,0,0,FALSE,FALSE,FALSE,Snow,,FALSE,MAX BECKER DR; FISCHER HALLMAN RD; Near,3/7/2019 1:17:34 PM,540510.8754,4806034.09
46085,17-006112,1/9/2017 1:30:00 PM,2017,1,9,13,30,0,Monday,539667.9858,4811321.326,-80.509707,43.453755,At/near private drive,2,P.D. only,Thru lane,unknown,unknown,Turning movement,Unknown,Daylight,01 - Daylight,Municipal (excl. Twp. Rd.),No control,unknown,0,0,0,FALSE,FALSE,FALSE,Clear,,FALSE,PARK ST; PARK ST,3/7/2019 1:17:33 PM,539667.9858,4811321.326
46086,17-006156,1/9/2017 4:31:00 PM,2017,1,9,16,31,0,Monday,541768.894,4811294.395,-80.483743,43.453398,At/near private drive,2,P.D. only,Thru lane,unknown,unknown,SMV other,Unknown,Daylight,01 - Daylight,Municipal (excl. Twp. Rd.),No control,unknown,0,0,0,FALSE,FALSE,FALSE,Snow,,FALSE,OTTO ST; FREDERICK ST; 60 M,3/7/2019 1:17:32 PM,541768.894,4811294.395
46087,17-006165,1/8/2017 7:30:00 PM,2017,1,8,19,30,0,Sunday,546821.9113,4809878.481,-80.421412,43.440351,At/near private drive,2,P.D. only,Thru lane,unknown,unknown,SMV unattended vehicle,Unknown,Dark,07 - Dark,Municipal (excl. Twp. Rd.),No control,unknown,0,0,0,FALSE,FALSE,FALSE,Clear,,FALSE,BRIARFIELD ST; BRIARFIELD ST,3/7/2019 1:17:31 PM,546821.9113,4809878.481
46088,17-006206,1/8/2017 3:40:00 PM,2017,1,8,15,40,0,Sunday,541068,4811108,0,0,At/near private drive,2,P.D. only,Thru lane,unknown,unknown,Other,Unknown,Daylight,01 - Daylight,Municipal (excl. Twp. Rd.),No control,unknown,0,0,0,FALSE,FALSE,FALSE,Snow,,FALSE,NETHERWOOD CRES; NETHERWOOD CRES ; Near,3/7/2019 1:17:30 PM,541068,4811108
46089,17-006218,1/9/2017 4:00:00 PM,2017,1,9,16,0,0,Monday,546443.2327,4811230.606,-80.425976,43.452549,Non intersection,2,P.D. only,Thru lane,unknown,unknown,SMV unattended vehicle,Unknown,Daylight,01 - Daylight,Municipal (excl. Twp. Rd.),No control,unknown,0,0,0,FALSE,FALSE,FALSE,Clear,,FALSE,GRAY ST; GRAY ST ; 2 M,3/7/2019 1:17:29 PM,546443.2327,4811230.606
46090,17-006476,1/10/2017 6:20:00 AM,2017,1,10,6,20,0,Tuesday,543073.8952,4812800.827,-80.467495,43.466888,Intersection related,2,P.D. only,Thru lane,unknown,unknown,Rear end,Unknown,"Dark, artificial","08 - Dark, artificial",Municipal (excl. Twp. Rd.),Stop sign,Functioning,0,0,0,FALSE,FALSE,FALSE,Snow,,FALSE,RIVERBEND DR; WELLINGTON ST N; At,3/7/2019 1:17:28 PM,543073.8952,4812800.827
46091,17-006595,1/10/2017 8:00:00 AM,2017,1,10,8,0,0,Tuesday,539617.8648,4810015.033,-80.510421,43.441996,Non intersection,2,P.D. only,Not on roadway - right side,unknown,unknown,SMV other,Unknown,Daylight,01 - Daylight,Municipal (excl. Twp. Rd.),No control,unknown,0,0,0,FALSE,FALSE,FALSE,Snow,,FALSE,BELMONT AVE W; EDGEWOOD DR ; 21 M,3/7/2019 1:17:27 PM,539617.8648,4810015.033
46092,17-006624,1/10/2017 10:50:00 AM,2017,1,10,10,50,0,Tuesday,541284.0524,4811046.827,-80.489754,43.451196,Non intersection,2,P.D. only,Thru lane,unknown,unknown,Rear end,Unknown,Daylight,01 - Daylight,Municipal (excl. Twp. Rd.),No control,unknown,0,0,0,FALSE,FALSE,FALSE,Snow,,FALSE,ONTARIO ST N; DUKE ST W; 40 M,3/7/2019 1:17:26 PM,541284.0524,4811046.827
46093,17-006625,1/9/2017 10:15:00 AM,2017,1,9,10,15,0,Monday,541796.9497,4810622.783,-80.483447,43.44735,Non intersection,2,Non-reportable,Thru lane,unknown,unknown,Rear end,Unknown,Daylight,01 - Daylight,Regional municipality,No control,unknown,0,0,0,FALSE,FALSE,FALSE,Snow,,FALSE,CEDAR ST N; KING ST E,3/7/2019 1:17:24 PM,541796.9497,4810622.783
46094,17-006695,1/10/2017 12:32:00 PM,2017,1,10,12,32,0,Tuesday,545132.8911,4804744.982,-80.442707,43.394232,At/near private drive,2,P.D. only,Not on roadway - right side,unknown,unknown,Angle,Unknown,Daylight,01 - Daylight,Municipal (excl. Twp. Rd.),No control,unknown,0,0,0,FALSE,FALSE,FALSE,Snow,,FALSE,PIONEER DR; PIONEER DR; At; 0 M,3/7/2019 1:17:22 PM,545132.8911,4804744.982
46095,17-006776,1/10/2017 2:00:00 PM,2017,1,10,14,0,0,Tuesday,545134.9334,4808170.826,-80.442399,43.425078,At/near private drive,1,Non-fatal injury,Thru lane,unknown,unknown,Turning movement,Unknown,Daylight,01 - Daylight,Municipal (excl. Twp. Rd.),No control,unknown,0,0,0,FALSE,FALSE,FALSE,Snow,,FALSE,GREENFIELD AVE; GREENFIELD AVE; At,3/7/2019 1:17:21 PM,545134.9333,4808170.826
46096,17-006821,1/10/2017 10:00:00 AM,2017,1,10,10,0,0,Tuesday,542841.2116,4809872.836,-80.470601,43.440538,At intersection,2,P.D. only,Within intersection,unknown,unknown,Angle,Unknown,Daylight,01 - Daylight,Municipal (excl. Twp. Rd.),Stop sign,Functioning,0,0,0,FALSE,FALSE,FALSE,Snow,,FALSE,CHARLES ST E; SYDNEY ST S,3/7/2019 1:17:20 PM,542841.2116,4809872.836
46097,17-006832,1/10/2017 1:30:00 PM,2017,1,10,13,30,0,Tuesday,541632.4243,4811415.149,-80.48542,43.454493,At intersection,2,P.D. only,Within intersection,unknown,unknown,Angle,Unknown,Daylight,01 - Daylight,Regional municipality,Traffic signal,Functioning,0,0,0,FALSE,FALSE,FALSE,Snow,,FALSE,QUEEN ST N; MARGARET AVE,3/7/2019 1:17:19 PM,541632.4243,4811415.149
46098,17-006922,1/10/2017 8:45:00 AM,2017,1,10,8,45,0,Tuesday,541742.8658,4810532.208,-80.484123,43.446537,Non intersection,2,P.D. only,Thru lane,unknown,unknown,Rear end,Unknown,Daylight,01 - Daylight,Municipal (excl. Twp. Rd.),No control,unknown,0,0,0,FALSE,FALSE,FALSE,Snow,,FALSE,CEDAR ST S; CHARLES ST E; Near,3/7/2019 1:17:18 PM,541742.8658,4810532.208
46099,17-006931,1/10/2017 5:37:00 PM,2017,1,10,17,37,0,Tuesday,540145.3741,4810120.459,-80.503895,43.442917,Non intersection,2,P.D. only,Thru lane,unknown,unknown,Rear end,Unknown,Dark,07 - Dark,Regional municipality,No control,unknown,0,0,0,FALSE,FALSE,FALSE,Snow,,FALSE,WEST AVE; HOMEWOOD AVE; Near; 8 M,3/7/2019 1:17:17 PM,540145.3741,4810120.459
46100,17-006959,1/10/2017 6:45:00 PM,2017,1,10,18,45,0,Tuesday,546128.2795,4804999.141,-80.430395,43.39646,Intersection related,1,Non-fatal injury,Thru lane,unknown,unknown,Turning movement,Unknown,"Dusk, artificial","06 - Dusk, artificial",Regional municipality,Stop sign,Functioning,0,0,0,FALSE,FALSE,FALSE,Rain,,FALSE,GREEN VALLEY DR; PIONEER DR,3/7/2019 1:17:16 PM,546128.2795,4804999.141
46101,17-007622,1/9/2017 6:00:00 PM,2017,1,9,18,0,0,Monday,538229.5192,4809653.501,-80.527603,43.438813,At/near private drive,2,P.D. only,Thru lane,unknown,unknown,SMV unattended vehicle,Unknown,Dusk,05 - Dusk,Municipal (excl. Twp. Rd.),No control,unknown,0,0,0,FALSE,FALSE,FALSE,Clear,,FALSE,LYNNHAVEN CRT; LYNNHAVEN CRT ; At,3/7/2019 1:17:15 PM,538229.5192,4809653.501
46102,17-008058,1/12/2017 7:45:00 AM,2017,1,12,7,45,0,Thursday,541357.2308,4808643.035,-80.489032,43.429548,At intersection,2,P.D. only,Within intersection,unknown,unknown,Turning movement,Unknown,Daylight,01 - Daylight,Regional municipality,Traffic signal,Functioning,0,1,0,FALSE,FALSE,FALSE,Clear,,FALSE,HOMER WATSON BLVD; HOFFMAN ST,3/7/2019 1:17:14 PM,541357.2308,4808643.035
46103,17-008415,1/12/2017 1:00:00 PM,2017,1,12,13,0,0,Thursday,541476.147,4811236.212,-80.487365,43.452891,At/near private drive,2,P.D. only,Right shoulder,unknown,unknown,SMV unattended vehicle,Unknown,Daylight,01 - Daylight,Municipal (excl. Twp. Rd.),No control,unknown,0,0,0,FALSE,FALSE,FALSE,Clear,,FALSE,ROY ST ; ROY ST; Near,3/7/2019 1:17:13 PM,541476.147,4811236.213
46104,17-008622,1/12/2017 8:26:00 PM,2017,1,12,20,26,0,Thursday,539053.1456,4808726.99,-80.517492,43.430428,At/near private drive,2,P.D. only,Thru lane,unknown,unknown,SMV unattended vehicle,Unknown,Dark,07 - Dark,Municipal (excl. Twp. Rd.),No control,unknown,0,0,0,FALSE,FALSE,FALSE,Clear,,FALSE,SILVERSPRING CRES; SILVERSPRING CRES ; Near; 8 M,3/7/2019 1:17:12 PM,539053.1456,4808726.991
46105,17-009859,1/13/2017 11:45:00 AM,2017,1,13,11,45,0,Friday,541880.2943,4804182.778,-80.482911,43.389359,At/near private drive,2,P.D. only,Thru lane,unknown,unknown,SMV unattended vehicle,Unknown,"Dark, artificial","08 - Dark, artificial",Municipal (excl. Twp. Rd.),No control,unknown,0,0,0,FALSE,FALSE,FALSE,Clear,,FALSE,PARKVALE DR; PARKVALE DR; Near,3/7/2019 1:17:11 PM,541880.2943,4804182.779
46106,17-009939,1/13/2017 4:20:00 PM,2017,1,13,16,20,0,Friday,547675.0947,4804094.391,-80.411374,43.388217,Non intersection,2,P.D. only,Thru lane,unknown,unknown,Sideswipe,Unknown,Daylight,01 - Daylight,Regional municipality,No control,unknown,0,0,0,FALSE,FALSE,FALSE,Clear,,FALSE,CONESTOGA COLLEGE BLVD; HOMER WATSON BLVD; Near; 150 M,3/7/2019 1:17:10 PM,547675.0947,4804094.391
46107,17-009986,1/14/2017 12:30:00 PM,2017,1,14,12,30,0,Saturday,541149.3532,4811150.063,-80.491411,43.452133,Intersection related,2,P.D. only,Thru lane,unknown,unknown,Rear end,Unknown,Daylight,01 - Daylight,Municipal (excl. Twp. Rd.),Traffic signal,Functioning,0,0,0,FALSE,FALSE,FALSE,Clear,,FALSE,YOUNG ST; DUKE ST W,3/7/2019 1:17:09 PM,541149.3532,4811150.063
46108,17-009994,1/14/2017 3:00:00 PM,2017,1,14,15,0,0,Saturday,539003.7193,4811281.367,-80.51792,43.45343,Non intersection,2,P.D. only,Thru lane,unknown,unknown,Rear end,Unknown,Daylight,01 - Daylight,Municipal (excl. Twp. Rd.),Traffic signal,Functioning,0,0,0,FALSE,FALSE,FALSE,Clear,,FALSE,BELMONT AVE W; CLAREMONT AVE; Near; 10 M,3/7/2019 1:17:08 PM,539003.7193,4811281.367
46109,17-011438,1/14/2017 10:00:00 PM,2017,1,14,22,0,0,Saturday,544577.0101,4808531.905,-80.449262,43.428363,At/near private drive,2,P.D. only,Thru lane,unknown,unknown,SMV unattended vehicle,Unknown,"Dark, artificial","08 - Dark, artificial",Municipal (excl. Twp. Rd.),No control,unknown,0,0,0,FALSE,FALSE,FALSE,Clear,,FALSE,NINTH AVE; NINTH AVE; At,3/7/2019 1:17:07 PM,544577.0101,4808531.905
46110,17-011504,1/16/2017 7:55:00 AM,2017,1,16,7,55,0,Monday,545852.8756,4807128.422,-80.433617,43.415649,Non intersection,2,P.D. only,Thru lane,unknown,unknown,Rear end,Unknown,Daylight,01 - Daylight,Municipal (excl. Twp. Rd.),Stop sign,Functioning,0,0,0,FALSE,FALSE,FALSE,Clear,,FALSE,WABANAKI DR; HIDDEN VALLEY RD; Near,3/7/2019 1:17:06 PM,545852.8756,4807128.422
46111,17-011550,1/16/2017 5:30:00 PM,2017,1,16,17,30,0,Monday,539338.4611,4807831.259,-80.514031,43.422348,At/near private drive,2,P.D. only,Thru lane,unknown,unknown,SMV unattended vehicle,Unknown,Dark,07 - Dark,Municipal (excl. Twp. Rd.),No control,unknown,0,0,0,FALSE,FALSE,FALSE,Clear,,FALSE,UPLANDS DR; UPLANDS DR,3/7/2019 1:17:05 PM,539338.4611,4807831.259
46112,17-011718,1/17/2017 2:00:00 AM,2017,1,17,2,0,0,Tuesday,543795.129,4805040.14,-80.459201,43.396969,Non intersection,2,P.D. only,Thru lane,unknown,unknown,SMV other,Unknown,"Dark, artificial","08 - Dark, artificial",Municipal (excl. Twp. Rd.),No control,unknown,0,0,0,FALSE,FALSE,FALSE,Freezing Rain,,FALSE,OLD HURON RD; MAXWELL DR ; Near; 85 M,3/7/2019 1:17:04 PM,543795.129,4805040.14
46113,17-011980,1/17/2017 12:08:00 PM,2017,1,17,12,8,0,Tuesday,541357.2543,4808639.201,-80.489032,43.429514,At intersection,2,P.D. only,Within intersection,unknown,unknown,SMV other,Unknown,Daylight,01 - Daylight,Regional municipality,Traffic signal,Functioning,0,0,0,FALSE,FALSE,FALSE,Rain,,FALSE,HOMER WATSON BLVD; HOFFMAN ST,3/7/2019 1:17:03 PM,541357.2543,4808639.201
46114,17-012209,1/17/2017 5:38:00 PM,2017,1,17,17,38,0,Tuesday,540587.479,4812804.724,-80.498232,43.467062,Non intersection,2,P.D. only,Thru lane,unknown,unknown,Approaching,Unknown,"Dusk, artificial","06 - Dusk, artificial",Municipal (excl. Twp. Rd.),No control,unknown,0,0,0,FALSE,FALSE,FALSE,Rain,,FALSE,UNION ST; MARGARET AVE; Near; 100 M,3/7/2019 1:17:02 PM,540587.479,4812804.724
46115,17-012588,1/18/2017 9:59:00 AM,2017,1,18,9,59,0,Wednesday,539751.2129,4810710.42,-80.508723,43.44825,At/near private drive,2,P.D. only,Thru lane,unknown,unknown,Turning movement,Unknown,Daylight,01 - Daylight,Municipal (excl. Twp. Rd.),No control,unknown,0,0,0,FALSE,FALSE,FALSE,Clear,,FALSE,WAVERLY RD ; STRANGE ST ; Near; 15 M,3/7/2019 1:17:01 PM,539751.2129,4810710.42
46116,17-012605,1/18/2017 7:45:00 AM,2017,1,18,7,45,0,Wednesday,538822.762,4811434.236,-80.520146,43.454816,At intersection,1,Non-fatal injury,Within intersection,unknown,unknown,Turning movement,Unknown,Dark,07 - Dark,Municipal (excl. Twp. Rd.),Stop sign,Functioning,0,0,0,FALSE,FALSE,FALSE,Clear,,FALSE,UNION BLVD; SEVERN AVE,3/7/2019 1:17:00 PM,538822.762,4811434.236
46117,17-012646,1/18/2017 10:56:00 AM,2017,1,18,10,56,0,Wednesday,540172.5288,4809412.924,-80.503612,43.436545,At intersection,1,Non-fatal injury,Within intersection,unknown,unknown,Angle,Unknown,Daylight,01 - Daylight,Municipal (excl. Twp. Rd.),Traffic signal,Functioning,0,1,0,TRUE,FALSE,FALSE,Clear,,FALSE,BELMONT AVE E; QUEENS BLVD,3/7/2019 1:16:58 PM,540172.5288,4809412.924
46118,17-012828,1/15/2017 2:00:00 PM,2017,1,15,14,0,0,Sunday,536983.1842,4807308.911,-80.543162,43.417764,Non intersection,2,P.D. only,Thru lane,unknown,unknown,SMV unattended vehicle,Unknown,Daylight,01 - Daylight,Municipal (excl. Twp. Rd.),No control,unknown,0,0,0,FALSE,FALSE,FALSE,Clear,,FALSE,ROLLING MEADOWS DR; MEADOW WOODS CRES; Near,3/7/2019 1:16:57 PM,536983.1842,4807308.911
46119,17-012903,12/21/2016 7:00:00 PM,2016,12,21,19,0,0,Wednesday,537224.7586,4808803.506,-80.540076,43.43121,At/near private drive,2,Non-reportable,Right shoulder,unknown,unknown,SMV unattended vehicle,Unknown,"Dark, artificial","08 - Dark, artificial",Municipal (excl. Twp. Rd.),No control,unknown,0,0,0,FALSE,FALSE,FALSE,Clear,,FALSE,HIDDEN CREEK DR; HIDDEN CREEK DR ; Near,3/7/2019 1:16:54 PM,537224.7586,4808803.506
46120,17-013401,1/19/2017 10:00:00 AM,2017,1,19,10,0,0,Thursday,541662.8433,4810410.016,-80.485121,43.445441,At intersection,2,P.D. only,Within intersection,unknown,unknown,Angle,Unknown,Daylight,01 - Daylight,Municipal (excl. Twp. Rd.),Stop sign,Functioning,0,0,0,FALSE,FALSE,FALSE,Clear,,FALSE,CEDAR ST S; CHURCH ST,3/7/2019 1:16:52 PM,541662.8433,4810410.016
46121,17-013477,1/19/2017 12:40:00 PM,2017,1,19,12,40,0,Thursday,545907.8135,4809344.642,-80.432752,43.4356,Intersection related,2,P.D. only,Thru lane,unknown,unknown,Sideswipe,Unknown,Daylight,01 - Daylight,Municipal (excl. Twp. Rd.),No control,unknown,0,0,0,FALSE,FALSE,FALSE,Clear,,FALSE,KINZIE AVE; THALER AVE,3/7/2019 1:16:51 PM,545907.8135,4809344.643
46122,17-013528,1/19/2017 2:21:00 PM,2017,1,19,14,21,0,Thursday,540749.7558,4811166.305,-80.496348,43.452301,At/near private drive,2,P.D. only,Not on roadway - right side,unknown,unknown,SMV other,Unknown,Daylight,01 - Daylight,Regional municipality,No control,unknown,0,0,0,FALSE,FALSE,FALSE,Clear,,FALSE,KING ST W; FRANCIS ST S; Near; 15 M,3/7/2019 1:16:50 PM,540749.7558,4811166.305
46123,17-013593,1/19/2017 3:32:00 PM,2017,1,19,15,32,0,Thursday,545854.7998,4807128.435,-80.433593,43.415649,At intersection,2,P.D. only,Within intersection,unknown,unknown,Angle,Unknown,Daylight,01 - Daylight,Municipal (excl. Twp. Rd.),Stop sign,Functioning,0,0,0,FALSE,FALSE,FALSE,Clear,,FALSE,WABANAKI DR ; GOODRICH DR,3/7/2019 1:16:48 PM,545854.7998,4807128.435
46124,17-013881,1/19/2017 11:54:00 PM,2017,1,19,23,54,0,Thursday,542225.7552,4806732.345,-80.478449,43.412296,At/near private drive,1,Non-fatal injury,Off highway,unknown,unknown,SMV other,Unknown,"Dark, artificial","08 - Dark, artificial",Municipal (excl. Twp. Rd.),No control,unknown,0,0,0,FALSE,FALSE,FALSE,"Fog, mist, smoke, dust",,FALSE,THE COUNTRY WAY; THE COUNTRY WAY ; At; 9 M,3/7/2019 1:16:46 PM,542225.7552,4806732.345