OBJECTID,ACCIDENTNUM,ACCIDENTDATE,ACCIDENT_YEAR,ACCIDENT_MONTH,ACCIDENT_DAY,ACCIDENT_HOUR,ACCIDENT_MINUTE,ACCIDENT_SECOND,ACCIDENT_WEEKDAY,XCOORD,YCOORD,LONGITUDE,LATITUDE,ACCIDENTLOCATION,COLLISIONTYPE,CLASSIFICATIONOFACCIDENT,IMPACTLOCATION,INITIALDIRECTIONOFTRAVELONE,INITIALDIRECTIONOFTRAVELTWO,INITIALIMPACTTYPE,INTTRAFFICCONTROL,LIGHT,LIGHTFORREPORT,ROADJURISDICTION,TRAFFICCONTROL,TRAFFICCONTROLCONDITION,THRULANENO,NORTHBOUNDDISOBEYCOUNT,SOUTHBOUNDDISOBEYCOUNT,PEDESTRIANINVOLVED,CYCLISTINVOLVED,MOTORCYCLISTINVOLVED,ENVIRONMENTCONDITION1,ENVIRONMENTCONDITION2,SELFREPORTED,XMLIMPORTNOTES,LASTEDITEDDATE,x,y
46125,17-013882,1/19/2017 11:56:00 PM,2017,1,19,23,56,0,Thursday,547463.2681,4802947.803,-80.414089,43.377907,Non intersection,2,P.D. only,Not on roadway - left side,unknown,unknown,SMV other,Unknown,"Daylight, artificial","02 - Daylight, artificial",Private property,Stop sign,Functioning,0,0,0,FALSE,FALSE,FALSE,Clear,,FALSE,PINNACLE DR ; THOMAS SLEE DR ; Near; 30 M,3/7/2019 1:16:45 PM,547463.2681,4802947.803
46126,17-014098,1/20/2017 9:08:00 AM,2017,1,20,9,8,0,Friday,538518.946,4805739.693,-80.524302,43.403558,Non intersection,1,Non-fatal injury,Thru lane,unknown,unknown,SMV unattended vehicle,Unknown,Daylight,01 - Daylight,Municipal (excl. Twp. Rd.),No control,unknown,0,0,0,FALSE,FALSE,FALSE,"Fog, mist, smoke, dust",,FALSE,GRAVEL RIDGE TRAIL; MELINDA ST ; Near; 200 M,3/7/2019 1:16:44 PM,538518.946,4805739.693
46127,17-014435,1/20/2017 4:00:00 PM,2017,1,20,16,0,0,Friday,545316.5859,4804468.839,-80.440462,43.391735,Intersection related,2,P.D. only,Right turn lane,unknown,unknown,Sideswipe,Unknown,Daylight,01 - Daylight,Municipal (excl. Twp. Rd.),Stop sign,Functioning,0,0,0,FALSE,FALSE,FALSE,Other,,FALSE,DOON VILLAGE RD; BECHTEL DR; At,3/7/2019 1:16:43 PM,545316.5859,4804468.839
46128,17-014463,1/19/2017 2:20:00 PM,2017,1,19,14,20,0,Thursday,543800.7937,4812589.531,-80.458526,43.464944,At intersection,2,P.D. only,Within intersection,unknown,unknown,Turning movement,Unknown,Daylight,01 - Daylight,Regional municipality,No control,unknown,0,0,0,FALSE,FALSE,FALSE,Clear,,FALSE,FREDERICK ST; AVON RD,3/7/2019 1:16:42 PM,543800.7937,4812589.531
46129,17-014848,1/20/2017 8:00:00 AM,2017,1,20,8,0,0,Friday,541068,4811108,0,0,Other,2,Non-reportable,Off highway,unknown,unknown,SMV other,Unknown,Daylight,01 - Daylight,Private property,No control,unknown,0,0,0,FALSE,FALSE,FALSE,Rain,,FALSE,WINDFLOWER DR ; WINDFLOWER PL; At,3/7/2019 1:16:41 PM,541068,4811108
46130,17-015209,1/21/2017 6:00:00 PM,2017,1,21,18,0,0,Saturday,545034.6579,4807867.287,-80.443663,43.422351,At intersection,1,Non-fatal injury,Within intersection,unknown,unknown,SMV other,Unknown,Dark,07 - Dark,Municipal (excl. Twp. Rd.),Traffic signal,Functioning,0,0,1,TRUE,FALSE,FALSE,"Fog, mist, smoke, dust",,FALSE,WILSON AVE ; KINGSWAY DR,3/7/2019 1:16:39 PM,545034.6579,4807867.287
46131,17-015541,1/22/2017 4:37:00 AM,2017,1,22,4,37,0,Sunday,546128.273,4805000.1,-80.430395,43.396469,Intersection related,2,P.D. only,Off highway,unknown,unknown,SMV other,Unknown,Dark,07 - Dark,Regional municipality,Stop sign,Functioning,0,0,0,FALSE,FALSE,FALSE,"Fog, mist, smoke, dust",,FALSE,PIONEER DR; GREEN VALLEY DR; At,3/7/2019 1:16:38 PM,546128.273,4805000.1
46132,17-015632,1/21/2017 1:50:00 PM,2017,1,21,13,50,0,Saturday,542632.6037,4806560.337,-80.473437,43.410724,Non intersection,2,P.D. only,Thru lane,unknown,unknown,SMV unattended vehicle,Unknown,Daylight,01 - Daylight,Municipal (excl. Twp. Rd.),No control,unknown,0,0,0,FALSE,FALSE,FALSE,"Fog, mist, smoke, dust",,FALSE,DEVONGLEN CRT; DEVONGLEN CRT,3/7/2019 1:16:37 PM,542632.6037,4806560.337
46133,17-016066,1/22/2017 10:48:00 PM,2017,1,22,22,48,0,Sunday,546002.1285,4804474.187,-80.431997,43.391741,At/near private drive,2,P.D. only,Thru lane,unknown,unknown,Other,Unknown,"Daylight, artificial","02 - Daylight, artificial",Municipal (excl. Twp. Rd.),No control,unknown,0,0,0,FALSE,FALSE,FALSE,Clear,,FALSE,OLD CARRIAGE DR; OLD CARRIAGE DR ; At; 0 M,3/7/2019 1:16:36 PM,546002.1285,4804474.187
46134,17-016445,12/23/2016 5:30:00 PM,2016,12,23,17,30,0,Friday,539210.9833,4810214.754,-80.515435,43.443816,At/near private drive,2,Non-reportable,Thru lane,unknown,unknown,SMV unattended vehicle,Unknown,Dark,07 - Dark,Municipal (excl. Twp. Rd.),No control,unknown,0,0,0,FALSE,FALSE,FALSE,Clear,,FALSE,ADELAIDE ST; ADELAIDE ST,3/7/2019 1:16:35 PM,539210.9833,4810214.754
46135,17-016493,1/21/2017 5:00:00 PM,2017,1,21,17,0,0,Saturday,541327.672,4811642.985,-80.48917,43.456562,Non intersection,2,P.D. only,Thru lane,unknown,unknown,SMV unattended vehicle,Unknown,Dusk,05 - Dusk,Regional municipality,No control,unknown,0,0,0,FALSE,FALSE,FALSE,Clear,,FALSE,MARGARET AVE; VICTORIA ST N; Near,3/7/2019 1:16:33 PM,541327.672,4811642.985
46136,17-016628,1/22/2017 4:30:00 PM,2017,1,22,16,30,0,Sunday,539655.2449,4806849.392,-80.510189,43.41349,At/near private drive,2,Non-reportable,Thru lane,unknown,unknown,SMV unattended vehicle,Unknown,Daylight,01 - Daylight,Municipal (excl. Twp. Rd.),No control,unknown,0,0,0,FALSE,FALSE,FALSE,Clear,,FALSE,WOODPOPPY CRT; WOODPOPPY CRT ; Near,3/7/2019 1:16:32 PM,539655.2449,4806849.392
46137,17-016711,1/23/2017 5:45:00 PM,2017,1,23,17,45,0,Monday,537567.0161,4808763.316,-80.53585,43.430831,At/near private drive,2,P.D. only,Thru lane,unknown,unknown,SMV unattended vehicle,Unknown,Dusk,05 - Dusk,Municipal (excl. Twp. Rd.),No control,unknown,0,0,0,FALSE,FALSE,FALSE,Clear,,FALSE,OLIVER CRT; OLIVER CRT,3/7/2019 1:16:31 PM,537567.0161,4808763.316
46138,17-017121,1/24/2017 10:06:00 AM,2017,1,24,10,6,0,Tuesday,545159.1384,4807237.881,-80.442177,43.416677,At intersection,2,P.D. only,Within intersection,unknown,unknown,Turning movement,Stop sign,Daylight,01 - Daylight,Regional municipality,Stop sign,Functioning,0,0,0,FALSE,FALSE,FALSE,Clear,,FALSE,WILSON AVE; WEBSTER RD,3/7/2019 1:16:30 PM,545159.1384,4807237.881
46139,17-017294,1/21/2017 2:00:00 PM,2017,1,21,14,0,0,Saturday,544806.5658,4805155.675,-80.446703,43.39795,Intersection related,2,P.D. only,Thru lane,unknown,unknown,Other,Unknown,Daylight,01 - Daylight,Municipal (excl. Twp. Rd.),Stop sign,Functioning,0,0,0,FALSE,FALSE,FALSE,"Fog, mist, smoke, dust",,FALSE,MILLWOOD CRES; DOON VILLAGE RD,3/7/2019 1:16:29 PM,544806.5658,4805155.675
46140,17-018028,1/25/2017 1:20:00 PM,2017,1,25,13,20,0,Wednesday,540106.0157,4810846.486,-80.504328,43.449456,Overpass or bridge,2,P.D. only,Thru lane,unknown,unknown,SMV other,Unknown,Daylight,01 - Daylight,Municipal (excl. Twp. Rd.),No control,unknown,0,0,0,FALSE,FALSE,FALSE,Clear,,FALSE,PARK ST; CHERRY ST ; At; 55 M,3/7/2019 1:16:28 PM,540106.0157,4810846.486
46141,17-018281,1/25/2017 7:50:00 PM,2017,1,25,19,50,0,Wednesday,544653.0615,4811661.415,-80.448066,43.456536,Non intersection,2,P.D. only,Other,unknown,unknown,SMV other,Unknown,"Dark, artificial","08 - Dark, artificial",Regional municipality,No control,unknown,0,0,0,FALSE,FALSE,FALSE,Rain,,FALSE,RIVER RD E; LORRAINE AVE; Near; 120 M,3/7/2019 1:16:27 PM,544653.0615,4811661.415
46142,17-018298,1/23/2017 12:30:00 PM,2017,1,23,12,30,0,Monday,547377.5407,4804409.594,-80.415021,43.391074,Other,2,Non-reportable,Off highway,unknown,unknown,SMV unattended vehicle,Unknown,Daylight,01 - Daylight,Private property,No control,unknown,0,0,0,FALSE,FALSE,FALSE,Clear,,FALSE,PRIVATE DRIVEWAY; PINNACLE DR,3/7/2019 1:16:26 PM,547377.5407,4804409.594
46143,17-018533,1/26/2017 7:29:00 AM,2017,1,26,7,29,0,Thursday,541226.2987,4811868.467,-80.490406,43.458597,At intersection,1,Non-fatal injury,Within intersection,unknown,unknown,SMV other,Unknown,Dawn,03 - Dawn,Municipal (excl. Twp. Rd.),Traffic signal,Functioning,0,0,0,TRUE,FALSE,FALSE,Rain,,FALSE,MARGARET AVE ; WELLINGTON ST N,3/7/2019 1:16:25 PM,541226.2987,4811868.467
46144,17-018649,1/25/2017 11:00:00 AM,2017,1,25,11,0,0,Wednesday,541529.0414,4811234.622,-80.486712,43.452874,At/near private drive,2,Non-reportable,Thru lane,unknown,unknown,Other,Unknown,Daylight,01 - Daylight,Municipal (excl. Twp. Rd.),No control,unknown,0,0,0,FALSE,FALSE,FALSE,Clear,,FALSE,AHRENS ST E; QUEEN ST N,3/7/2019 1:16:24 PM,541529.0414,4811234.622
46145,17-018843,1/26/2017 1:47:00 PM,2017,1,26,13,47,0,Thursday,541649.7657,4810880.575,-80.485247,43.449679,At intersection,2,P.D. only,Within intersection,unknown,unknown,Angle,Unknown,Daylight,01 - Daylight,Municipal (excl. Twp. Rd.),Traffic signal,Functioning,0,0,0,FALSE,FALSE,FALSE,Rain,,FALSE,DUKE ST E; SCOTT ST,3/7/2019 1:16:22 PM,541649.7657,4810880.575
46146,17-018943,1/24/2017 2:45:00 PM,2017,1,24,14,45,0,Tuesday,541093.1559,4811495.349,-80.492079,43.455245,At/near private drive,2,P.D. only,Thru lane,unknown,unknown,Other,Unknown,Daylight,01 - Daylight,Regional municipality,Stop sign,Functioning,0,0,0,FALSE,FALSE,FALSE,Rain,,FALSE,WATER ST N; WATER ST N; Near,3/7/2019 1:16:21 PM,541093.1559,4811495.35
46147,17-019012,1/26/2017 6:56:00 PM,2017,1,26,18,56,0,Thursday,543713.0971,4805683.911,-80.460163,43.40277,Non intersection,1,Non-fatal injury,Thru lane,unknown,unknown,Sideswipe,Unknown,Dark,07 - Dark,Municipal (excl. Twp. Rd.),No control,unknown,0,0,0,FALSE,FALSE,FALSE,Rain,,FALSE,TRILLIUM DR ; STECKLE PL ; 10 M,3/7/2019 1:16:20 PM,543713.0971,4805683.911
46148,17-019344,1/27/2017 8:20:00 AM,2017,1,27,8,20,0,Friday,539574.7459,4806249.013,-80.511227,43.408089,At intersection,1,Non-fatal injury,Within intersection,unknown,unknown,Turning movement,Unknown,Daylight,01 - Daylight,Municipal (excl. Twp. Rd.),Stop sign,Functioning,0,0,0,FALSE,FALSE,FALSE,Freezing Rain,,FALSE,ACTIVA AVE; COPPER LEAF ST,3/7/2019 1:16:18 PM,539574.7459,4806249.013
46149,17-019551,1/27/2017 12:30:00 PM,2017,1,27,12,30,0,Friday,546223.2949,4803620.524,-80.429338,43.384041,Non intersection,2,P.D. only,Not on roadway - right side,unknown,unknown,SMV other,Unknown,Daylight,01 - Daylight,Municipal (excl. Twp. Rd.),No control,unknown,0,0,0,FALSE,FALSE,FALSE,Snow,,FALSE,DOON MILLS DR; DOON MILLS DR ; At; 2 M,3/7/2019 1:16:17 PM,546223.2949,4803620.524
46150,17-019573,1/27/2017 1:05:00 PM,2017,1,27,13,5,0,Friday,539859.4435,4809172.424,-80.507498,43.434396,Non intersection,2,P.D. only,Not on roadway - right side,unknown,unknown,SMV other,Unknown,Daylight,01 - Daylight,Municipal (excl. Twp. Rd.),No control,unknown,0,0,0,FALSE,FALSE,FALSE,Snow,,FALSE,QUEENS BLVD; QUEENS BLVD ; At; 1 M,3/7/2019 1:16:16 PM,539859.4435,4809172.424
46151,17-019595,1/27/2017 1:44:00 PM,2017,1,27,13,44,0,Friday,544608.4057,4809092.287,-80.448828,43.433407,At intersection,2,P.D. only,Within intersection,unknown,unknown,Angle,Unknown,Daylight,01 - Daylight,Municipal (excl. Twp. Rd.),Traffic signal,Functioning,0,1,0,FALSE,FALSE,FALSE,Snow,,FALSE,KINGSWAY DR; FRANKLIN ST S,3/7/2019 1:16:15 PM,544608.4057,4809092.288
46152,17-019605,1/27/2017 9:00:00 AM,2017,1,27,9,0,0,Friday,540901.2076,4811120.514,-80.49448,43.451881,Non intersection,2,P.D. only,Right shoulder,unknown,unknown,SMV unattended vehicle,Unknown,Daylight,01 - Daylight,Regional municipality,No control,unknown,0,0,0,FALSE,FALSE,FALSE,Snow,,FALSE,WATER ST N; WATER ST N,3/7/2019 1:16:14 PM,540901.2076,4811120.514
46153,17-019622,1/27/2017 12:54:00 PM,2017,1,27,12,54,0,Friday,541454.4177,4811102.941,-80.487644,43.451692,Non intersection,2,P.D. only,Thru lane,unknown,unknown,Sideswipe,Unknown,Daylight,01 - Daylight,Municipal (excl. Twp. Rd.),No control,unknown,0,0,0,FALSE,FALSE,FALSE,Snow,,FALSE,QUEEN ST N; QUEEN ST N; Near,3/7/2019 1:16:13 PM,541454.4177,4811102.941
46154,17-019668,1/27/2017 6:50:00 AM,2017,1,27,6,50,0,Friday,543569.3281,4804976.04,-80.461995,43.396405,Intersection related,2,P.D. only,Right turn channel,unknown,unknown,Rear end,Unknown,"Dark, artificial","08 - Dark, artificial",Regional municipality,Yield sign,Functioning,0,0,0,FALSE,FALSE,FALSE,Snow,,FALSE,HURON RD; OLD HURON RD OFF TO HURON RD,3/7/2019 1:16:12 PM,543569.3281,4804976.04
46155,17-019976,1/27/2017 11:54:00 PM,2017,1,27,23,54,0,Friday,540065.2626,4810220.06,-80.504878,43.443818,Non intersection,2,P.D. only,Thru lane,unknown,unknown,Turning movement,Unknown,Dark,07 - Dark,Municipal (excl. Twp. Rd.),Traffic signal,Functioning,0,0,0,FALSE,FALSE,FALSE,Snow,,FALSE,WEST AVE; VICTORIA ST S; Near; 200 M,3/7/2019 1:16:10 PM,540065.2626,4810220.06
46156,17-020014,1/28/2017 12:57:00 AM,2017,1,28,0,57,0,Saturday,535817.3346,4808941.286,-80.557456,43.432519,At/near private drive,2,P.D. only,Right shoulder,unknown,unknown,SMV other,Unknown,Dark,07 - Dark,Municipal (excl. Twp. Rd.),Stop sign,Functioning,0,0,0,FALSE,FALSE,FALSE,Clear,,FALSE,GLASGOW ST ;  THE BOARDWALK ; Near; 8 M,3/7/2019 1:16:09 PM,535817.3346,4808941.286
46157,17-020248,1/28/2017 10:05:00 AM,2017,1,28,10,5,0,Saturday,541343.4991,4810659.034,-80.489049,43.447701,At intersection,2,P.D. only,Within intersection,unknown,unknown,Angle,Unknown,Daylight,01 - Daylight,Municipal (excl. Twp. Rd.),Stop sign,Functioning,0,0,0,FALSE,FALSE,FALSE,Snow,,FALSE,BENTON ST; CHURCH ST,3/7/2019 1:16:08 PM,541343.4991,4810659.034
46158,17-020252,1/27/2017 8:00:00 PM,2017,1,27,20,0,0,Friday,547461.023,4810625.372,-80.41345,43.447035,Non intersection,2,P.D. only,Thru lane,unknown,unknown,SMV unattended vehicle,Unknown,Dark,07 - Dark,Municipal (excl. Twp. Rd.),No control,unknown,0,0,0,FALSE,FALSE,FALSE,Other,,FALSE,COUNTRY CLAIR ST; COUNTRY CLAIR ST ; Near,3/7/2019 1:16:07 PM,547461.023,4810625.372
46159,17-020400,1/28/2017 1:40:00 PM,2017,1,28,13,40,0,Saturday,537215.7681,4810170.313,-80.540094,43.443517,Non intersection,2,P.D. only,Not on roadway - left side,unknown,unknown,SMV other,Unknown,Daylight,01 - Daylight,Municipal (excl. Twp. Rd.),No control,unknown,0,0,0,FALSE,FALSE,FALSE,Other,,FALSE,WESTWOOD DR; GLASGOW ST; At; 30 M,3/7/2019 1:16:06 PM,537215.7681,4810170.313
46160,17-020433,1/28/2017 1:38:00 PM,2017,1,28,13,38,0,Saturday,545467.6406,4810897.129,-80.438062,43.449606,Non intersection,2,Non-reportable,Not on roadway - right side,unknown,unknown,SMV other,Unknown,Daylight,01 - Daylight,Municipal (excl. Twp. Rd.),No control,unknown,0,0,0,FALSE,FALSE,FALSE,Clear,,FALSE,OLD CHICOPEE DR; CONWAY DR; Near,3/7/2019 1:16:05 PM,545467.6406,4810897.129
46161,17-020608,1/23/2017 7:28:00 PM,2017,1,23,19,28,0,Monday,545760.479,4803958.446,-80.435024,43.387112,Non intersection,2,P.D. only,Right shoulder,unknown,unknown,SMV unattended vehicle,Unknown,Dark,07 - Dark,Municipal (excl. Twp. Rd.),No control,unknown,0,0,0,FALSE,FALSE,FALSE,Snow,,FALSE,APPLE RIDGE DR; DOON MILLS DR; Near; 20 M,3/7/2019 1:16:04 PM,545760.479,4803958.446
46162,17-020688,1/28/2017 10:00:00 PM,2017,1,28,22,0,0,Saturday,539594.8669,4806501.052,-80.51096,43.410357,Non intersection,2,P.D. only,Thru lane,unknown,unknown,SMV unattended vehicle,Unknown,Dark,07 - Dark,Municipal (excl. Twp. Rd.),No control,unknown,0,0,0,FALSE,FALSE,FALSE,Snow,,FALSE,WILDERNESS DR ; ACTIVA AVE ; Near; 200 M,3/7/2019 1:16:03 PM,539594.8669,4806501.053
46163,17-020843,1/29/2017 1:55:00 AM,2017,1,29,1,55,0,Sunday,545445.72,4811769.205,-80.43826,43.457459,Intersection related,1,Non-fatal injury,Thru lane,unknown,unknown,Rear end,Unknown,Dark,07 - Dark,Regional municipality,Stop sign,Functioning,0,0,0,FALSE,FALSE,FALSE,Snow,,FALSE,INDIAN RD; QUEENSTON DR ; At; 10 M,3/7/2019 1:16:02 PM,545445.72,4811769.205
46164,17-021025,1/28/2017 7:00:00 PM,2017,1,28,19,0,0,Saturday,542989.281,4807933.185,-80.468924,43.423065,At/near private drive,2,Non-reportable,Thru lane,unknown,unknown,Turning movement,Unknown,"Dark, artificial","08 - Dark, artificial",Municipal (excl. Twp. Rd.),Stop sign,Functioning,0,0,0,FALSE,FALSE,FALSE,Snow,,FALSE,LENNOX LEWIS WAY; LENNOX LEWIS WAY ; Near,3/7/2019 1:16:01 PM,542989.281,4807933.185
46165,17-021067,1/29/2017 12:09:00 PM,2017,1,29,12,9,0,Sunday,539863.2449,4809735.029,-80.50741,43.439462,At/near private drive,2,P.D. only,Thru lane,unknown,unknown,Turning movement,Unknown,Daylight,01 - Daylight,Regional municipality,No control,unknown,0,0,0,FALSE,FALSE,FALSE,Clear,,FALSE,BELMONT AVE W; HIGHLAND RD W; 10 M,3/7/2019 1:15:58 PM,539863.2449,4809735.029
46166,17-021208,1/29/2017 3:30:00 PM,2017,1,29,15,30,0,Sunday,540487.0262,4809734.899,-80.499702,43.439427,At intersection,2,P.D. only,Within intersection,unknown,unknown,Turning movement,Unknown,Daylight,01 - Daylight,Municipal (excl. Twp. Rd.),Stop sign,Functioning,0,0,0,FALSE,FALSE,FALSE,Clear,,FALSE,QUEENS BLVD; SPADINA RD E,3/7/2019 1:15:57 PM,540487.0262,4809734.899
46167,17-021559,1/30/2017 6:25:00 AM,2017,1,30,6,25,0,Monday,543089.6811,4805505.377,-80.467875,43.401199,At/near private drive,2,P.D. only,Right turn lane,unknown,unknown,Turning movement,Unknown,Dark,07 - Dark,Municipal (excl. Twp. Rd.),No control,unknown,0,0,0,FALSE,FALSE,FALSE,Clear,,FALSE,TRILLIUM DR; TRILLIUM DR ; Near,3/7/2019 1:15:56 PM,543089.6811,4805505.378
46168,17-021694,1/29/2017 7:45:00 PM,2017,1,29,19,45,0,Sunday,545750.3717,4803887.398,-80.435155,43.386473,Non intersection,2,P.D. only,Thru lane,unknown,unknown,SMV unattended vehicle,Unknown,Dark,07 - Dark,Municipal (excl. Twp. Rd.),No control,unknown,0,0,0,FALSE,FALSE,FALSE,Clear,,FALSE,APPLE RIDGE DR; APPLE RIDGE DR; Near,3/7/2019 1:15:55 PM,545750.3717,4803887.398
46169,17-021738,1/30/2017 11:46:00 AM,2017,1,30,11,46,0,Monday,539317.6316,4810611.526,-80.514088,43.447383,At intersection,1,Non-fatal injury,Within intersection,unknown,unknown,Sideswipe,Unknown,Daylight,01 - Daylight,Municipal (excl. Twp. Rd.),Traffic signal,Functioning,0,0,0,FALSE,FALSE,FALSE,Clear,,FALSE,BELMONT AVE W; GAGE AVE,3/7/2019 1:15:54 PM,539317.6316,4810611.526
46170,17-021958,1/27/2017 7:00:00 PM,2017,1,27,19,0,0,Friday,542635.7193,4806745.024,-80.473385,43.412387,Intersection related,2,Non-reportable,Thru lane,unknown,unknown,Turning movement,Unknown,"Dark, artificial","08 - Dark, artificial",Municipal (excl. Twp. Rd.),Stop sign,Functioning,0,0,0,FALSE,FALSE,FALSE,Snow,,FALSE,CEDARHILL CRES; OLD COUNTRY DR,3/7/2019 1:15:53 PM,542635.7193,4806745.024
46171,17-022419,1/31/2017 10:00:00 AM,2017,1,31,10,0,0,Tuesday,539733.5788,4808386.334,-80.50911,43.427325,At/near private drive,2,P.D. only,Thru lane,unknown,unknown,Other,Unknown,Daylight,01 - Daylight,Municipal (excl. Twp. Rd.),No control,unknown,0,0,0,FALSE,FALSE,FALSE,Clear,,FALSE,GREENBROOK DR; GREENBROOK DR ; At; 4 M,3/7/2019 1:15:51 PM,539733.5788,4808386.334
46172,17-023061,2/1/2017 8:39:00 AM,2017,2,1,8,39,0,Wednesday,544078.6554,4807673.448,-80.455488,43.420663,Non intersection,2,P.D. only,Not on roadway - left side,unknown,unknown,SMV other,Unknown,Daylight,01 - Daylight,Municipal (excl. Twp. Rd.),No control,unknown,0,0,0,FALSE,FALSE,FALSE,Snow,,FALSE,VANIER DR; VANIER DR ; 4 M,3/7/2019 1:15:50 PM,544078.6554,4807673.448
46173,17-023220,2/1/2017 9:30:00 AM,2017,2,1,9,30,0,Wednesday,537217.1953,4807578.316,-80.540253,43.420179,Non intersection,2,P.D. only,Right shoulder,unknown,unknown,SMV other,Unknown,Daylight,01 - Daylight,Municipal (excl. Twp. Rd.),Stop sign,Functioning,0,0,0,FALSE,FALSE,FALSE,Clear,,FALSE,WESTHEIGHTS DR ; BROKEN OAK CRES ; 2 M,3/7/2019 1:15:49 PM,537217.1953,4807578.316
46174,17-023290,2/1/2017 2:32:00 PM,2017,2,1,14,32,0,Wednesday,541762.8363,4803537.734,-80.484411,43.383557,At intersection,2,P.D. only,Within intersection,unknown,unknown,SMV other,Unknown,Daylight,01 - Daylight,Municipal (excl. Twp. Rd.),Stop sign,Functioning,0,0,0,FALSE,FALSE,FALSE,Clear,,FALSE,VERONA ST; SIENNA CRES,3/7/2019 1:15:48 PM,541762.8363,4803537.734
46175,17-023803,2/1/2017 5:30:00 PM,2017,2,1,17,30,0,Wednesday,545546.2772,4809452.765,-80.43721,43.436596,At/near private drive,2,P.D. only,Thru lane,unknown,unknown,Other,Unknown,Daylight,01 - Daylight,Municipal (excl. Twp. Rd.),No control,unknown,0,0,0,FALSE,FALSE,FALSE,Clear,,FALSE,FERGUS AVE; FERGUS AVE; At,3/7/2019 1:15:47 PM,545546.2772,4809452.765
46176,17-023836,2/1/2017 8:30:00 PM,2017,2,1,20,30,0,Wednesday,541160.632,4808248.978,-80.49149,43.426011,Non intersection,2,P.D. only,Thru lane,unknown,unknown,Sideswipe,Unknown,Dark,07 - Dark,Municipal (excl. Twp. Rd.),No control,unknown,0,0,0,FALSE,FALSE,FALSE,Snow,,FALSE,CHANDLER DR; CHANDLER DR; Near,3/7/2019 1:15:46 PM,541160.632,4808248.978
46177,17-023877,2/1/2017 7:30:00 PM,2017,2,1,19,30,0,Wednesday,545036.5882,4807866.342,-80.443639,43.422343,At/near private drive,2,P.D. only,Thru lane,unknown,unknown,Rear end,Unknown,"Dark, artificial","08 - Dark, artificial",Municipal (excl. Twp. Rd.),No control,unknown,0,0,0,FALSE,FALSE,FALSE,Snow,,FALSE,WILSON AVE; FAIRWAY RD S; Near,3/7/2019 1:15:45 PM,545036.5882,4807866.342
46178,17-023963,1/31/2017 12:30:00 PM,2017,1,31,12,30,0,Tuesday,540922.9793,4811177.176,-80.494207,43.45239,Non intersection,2,P.D. only,Right shoulder,unknown,unknown,SMV unattended vehicle,Unknown,Daylight,01 - Daylight,Municipal (excl. Twp. Rd.),No control,unknown,0,0,0,FALSE,FALSE,FALSE,Clear,,FALSE,WATER ST N; WATER ST N; Near,3/7/2019 1:15:44 PM,540922.9793,4811177.177
46179,17-023972,2/2/2017 1:17:00 PM,2017,2,2,13,17,0,Thursday,543188.5196,4808924.608,-80.466385,43.43198,Non intersection,2,P.D. only,Thru lane,unknown,unknown,Approaching,Unknown,Daylight,01 - Daylight,Municipal (excl. Twp. Rd.),No control,unknown,0,0,0,FALSE,FALSE,FALSE,Clear,,FALSE,DIXON ST; CARWOOD AVE; 25 M,3/7/2019 1:15:43 PM,543188.5196,4808924.608
46180,17-024110,2/2/2017 7:55:00 AM,2017,2,2,7,55,0,Thursday,544702.3089,4809252.878,-80.447655,43.434847,At/near private drive,2,P.D. only,Thru lane,unknown,unknown,Other,Unknown,Daylight,01 - Daylight,Municipal (excl. Twp. Rd.),No control,unknown,0,0,0,FALSE,FALSE,FALSE,Clear,,FALSE,FRANKLIN ST N; FRANKLIN ST N; Near,3/7/2019 1:15:42 PM,544702.3089,4809252.878
46181,17-024544,2/2/2017 6:45:00 PM,2017,2,2,18,45,0,Thursday,538381.1137,4809968.991,-80.525707,43.441646,At/near private drive,2,P.D. only,Thru lane,unknown,unknown,SMV unattended vehicle,Unknown,"Dark, artificial","08 - Dark, artificial",Municipal (excl. Twp. Rd.),No control,unknown,0,0,0,FALSE,FALSE,FALSE,Snow,,FALSE,CHOPIN DR; CHOPIN DR; Near,3/7/2019 1:15:41 PM,538381.1137,4809968.991
46182,17-024754,2/3/2017 1:17:00 PM,2017,2,3,13,17,0,Friday,541500.8492,4811992.119,-80.487003,43.459696,At intersection,2,P.D. only,Within intersection,unknown,unknown,Angle,Unknown,Daylight,01 - Daylight,Municipal (excl. Twp. Rd.),Stop sign,Functioning,0,1,0,FALSE,FALSE,FALSE,Clear,,FALSE,WELLINGTON ST N; ST LEGER ST,3/7/2019 1:15:38 PM,541500.8492,4811992.119
46183,17-025404,2/2/2017 12:43:00 PM,2017,2,2,12,43,0,Thursday,544186.3143,4809878.87,-80.45398,43.440514,At/near private drive,2,P.D. only,Thru lane,unknown,unknown,Other,Unknown,Daylight,01 - Daylight,Municipal (excl. Twp. Rd.),No control,unknown,0,0,0,FALSE,FALSE,FALSE,Clear,,FALSE,ROSS AVE; ROSS AVE ; At,3/7/2019 1:15:37 PM,544186.3143,4809878.87
46184,17-025480,2/3/2017 4:00:00 PM,2017,2,3,16,0,0,Friday,541433.1681,4809518.835,-80.488027,43.43743,At/near private drive,2,P.D. only,Thru lane,unknown,unknown,Other,Unknown,Daylight,01 - Daylight,Municipal (excl. Twp. Rd.),No control,unknown,0,0,0,FALSE,FALSE,FALSE,Clear,,FALSE,STIRLING AVE S; STIRLING AVE S; At,3/7/2019 1:15:36 PM,541433.1681,4809518.836
46185,17-026111,2/5/2017 9:37:00 AM,2017,2,5,9,37,0,Sunday,540382.4198,4809536.85,-80.501009,43.437649,At/near private drive,2,P.D. only,Thru lane,unknown,unknown,Turning movement,Unknown,Daylight,01 - Daylight,Municipal (excl. Twp. Rd.),No control,unknown,0,0,0,FALSE,FALSE,FALSE,Snow,,FALSE,QUEENS BLVD; QUEENS BLVD ; Near; 1 M,3/7/2019 1:15:34 PM,540382.4198,4809536.85