OBJECTID,ACCIDENTNUM,ACCIDENTDATE,ACCIDENT_YEAR,ACCIDENT_MONTH,ACCIDENT_DAY,ACCIDENT_HOUR,ACCIDENT_MINUTE,ACCIDENT_SECOND,ACCIDENT_WEEKDAY,XCOORD,YCOORD,LONGITUDE,LATITUDE,ACCIDENTLOCATION,COLLISIONTYPE,CLASSIFICATIONOFACCIDENT,IMPACTLOCATION,INITIALDIRECTIONOFTRAVELONE,INITIALDIRECTIONOFTRAVELTWO,INITIALIMPACTTYPE,INTTRAFFICCONTROL,LIGHT,LIGHTFORREPORT,ROADJURISDICTION,TRAFFICCONTROL,TRAFFICCONTROLCONDITION,THRULANENO,NORTHBOUNDDISOBEYCOUNT,SOUTHBOUNDDISOBEYCOUNT,PEDESTRIANINVOLVED,CYCLISTINVOLVED,MOTORCYCLISTINVOLVED,ENVIRONMENTCONDITION1,ENVIRONMENTCONDITION2,SELFREPORTED,XMLIMPORTNOTES,LASTEDITEDDATE,x,y
46186,17-026238,2/5/2017 11:45:00 AM,2017,2,5,11,45,0,Sunday,544510.116,4811759.151,-80.449825,43.457425,Non intersection,2,P.D. only,Left turn lane,unknown,unknown,Sideswipe,Unknown,Daylight,01 - Daylight,Regional municipality,Traffic signal,Functioning,0,0,0,FALSE,FALSE,FALSE,Clear,,FALSE,RIVER RD E; LORRAINE AVE; Near; 50 M,3/7/2019 1:15:33 PM,544510.116,4811759.151
46187,17-026787,2/3/2017 10:30:00 PM,2017,2,3,22,30,0,Friday,541962.2745,4815628.552,-80.481019,43.492412,At/near private drive,2,P.D. only,Thru lane,unknown,unknown,SMV other,Unknown,"Dark, artificial","08 - Dark, artificial",Private property,No control,unknown,0,0,0,FALSE,FALSE,FALSE,Clear,,FALSE,WOOLWICH ST; WOOLWICH ST,3/7/2019 1:15:32 PM,541962.2745,4815628.552
46188,17-026981,2/6/2017 1:00:00 PM,2017,2,6,13,0,0,Monday,540891.553,4812353.216,-80.494507,43.46298,At/near private drive,2,P.D. only,Thru lane,unknown,unknown,SMV unattended vehicle,Unknown,Daylight,01 - Daylight,Municipal (excl. Twp. Rd.),No control,unknown,0,0,0,FALSE,FALSE,FALSE,Clear,,FALSE,GUELPH ST; At,3/7/2019 1:15:31 PM,540891.553,4812353.216
46189,17-027203,2/6/2017 7:20:00 PM,2017,2,6,19,20,0,Monday,545284.0922,4811130.602,-80.440311,43.451719,At/near private drive,1,Non-fatal injury,Thru lane,unknown,unknown,SMV unattended vehicle,Unknown,Dark,07 - Dark,Municipal (excl. Twp. Rd.),No control,unknown,0,0,0,FALSE,FALSE,FALSE,Clear,,FALSE,HOLBORN DR; 25 OLD CHICOPEE DR ; Near; 25 M,3/7/2019 1:15:29 PM,545284.0922,4811130.602
46190,17-027730,2/7/2017 11:30:00 AM,2017,2,7,11,30,0,Tuesday,541466.498,4810887.016,-80.487511,43.449747,Non intersection,2,P.D. only,Thru lane,unknown,unknown,SMV unattended vehicle,Unknown,Daylight,01 - Daylight,Municipal (excl. Twp. Rd.),No control,unknown,0,0,0,FALSE,FALSE,FALSE,Rain,,FALSE,GOUDIES LANE; GOUDIES LANE,3/7/2019 1:15:28 PM,541466.498,4810887.016
46191,17-027932,2/7/2017 5:37:00 PM,2017,2,7,17,37,0,Tuesday,541135.1059,4811121.231,-80.491589,43.451874,At/near private drive,1,Non-fatal injury,Thru lane,unknown,unknown,Angle,Unknown,Dark,07 - Dark,Municipal (excl. Twp. Rd.),No control,unknown,0,0,0,FALSE,TRUE,FALSE,Rain,,FALSE,YOUNG ST ; DUKE ST W; Near; 50 M,3/7/2019 1:15:26 PM,541135.1059,4811121.231
46192,17-028391,2/8/2017 7:30:00 AM,2017,2,8,7,30,0,Wednesday,547269.14,4803091.86,-80.416473,43.379216,Non intersection,2,P.D. only,Right shoulder,unknown,unknown,SMV unattended vehicle,Unknown,Daylight,01 - Daylight,Municipal (excl. Twp. Rd.),No control,unknown,0,0,0,FALSE,FALSE,FALSE,Clear,,FALSE,SADDLEWOOD DR; SADDLEWOOD DR; Near,3/7/2019 1:15:25 PM,547269.14,4803091.86
46193,17-028583,2/8/2017 11:30:00 AM,2017,2,8,11,30,0,Wednesday,545087.0086,4807807.244,-80.443021,43.421808,At/near private drive,2,Non-reportable,Thru lane,unknown,unknown,Other,Unknown,Daylight,01 - Daylight,Municipal (excl. Twp. Rd.),Traffic controller,unknown,0,0,0,FALSE,FALSE,FALSE,Clear,,FALSE,WILSON AVE; WILSON AVE,3/7/2019 1:15:24 PM,545087.0086,4807807.244
46194,17-028605,2/8/2017 2:25:00 PM,2017,2,8,14,25,0,Wednesday,541082.08,4810772.491,-80.492271,43.448737,Non intersection,2,P.D. only,Not on roadway - right side,unknown,unknown,Rear end,Unknown,Daylight,01 - Daylight,Municipal (excl. Twp. Rd.),No control,unknown,0,0,0,FALSE,FALSE,FALSE,Clear,,FALSE,JOSEPH ST; DAVID ST; Near,3/7/2019 1:15:23 PM,541082.08,4810772.491
46195,17-028610,1/28/2017 9:30:00 AM,2017,1,28,9,30,0,Saturday,544297.1554,4804832.801,-80.453019,43.395073,Other,2,P.D. only,Off highway,unknown,unknown,SMV other,Unknown,Daylight,01 - Daylight,Private property,No control,unknown,0,0,0,FALSE,FALSE,FALSE,Clear,,FALSE,PRIVATE DRIVEWAY; CARLYLE DR ; At,3/7/2019 1:15:22 PM,544297.1554,4804832.801
46196,17-028716,2/5/2017 5:30:00 PM,2017,2,5,17,30,0,Sunday,540138.9257,4805889.77,-80.504286,43.404824,At/near private drive,2,P.D. only,Right shoulder,unknown,unknown,SMV unattended vehicle,Unknown,"Dark, artificial","08 - Dark, artificial",Municipal (excl. Twp. Rd.),No control,unknown,0,0,0,FALSE,FALSE,FALSE,Snow,,FALSE,DUBRICK CRES; DUBRICK CRES,3/7/2019 1:15:20 PM,540138.9257,4805889.77
46197,17-029249,2/9/2017 12:20:00 PM,2017,2,9,12,20,0,Thursday,542140.7459,4810181.594,-80.479233,43.443358,At/near private drive,2,P.D. only,Thru lane,unknown,unknown,Rear end,Unknown,Daylight,01 - Daylight,Regional municipality,No control,unknown,0,0,0,FALSE,FALSE,FALSE,Clear,,FALSE,STIRLING AVE S; STIRLING AVE S; 7 M,3/7/2019 1:15:19 PM,542140.7459,4810181.594
46198,17-029509,2/9/2017 3:45:00 PM,2017,2,9,15,45,0,Thursday,544716.889,4810080.676,-80.447407,43.4423,At/near private drive,2,P.D. only,Thru lane,unknown,unknown,Angle,Unknown,Daylight,01 - Daylight,Municipal (excl. Twp. Rd.),No control,unknown,0,0,0,FALSE,FALSE,FALSE,Clear,,FALSE,FRANKLIN ST N; FRANKLIN ST N; Near,3/7/2019 1:15:18 PM,544716.889,4810080.676
46199,17-030011,2/10/2017 11:00:00 AM,2017,2,10,11,0,0,Friday,538253.8677,4808375.26,-80.527391,43.427302,Non intersection,2,P.D. only,Thru lane,unknown,unknown,Sideswipe,Unknown,Daylight,01 - Daylight,Municipal (excl. Twp. Rd.),No control,unknown,0,0,0,FALSE,FALSE,FALSE,Clear,,FALSE,QUEENS BLVD; WESTHEIGHTS DR; Near; 200 M,3/7/2019 1:15:17 PM,538253.8677,4808375.26
46200,17-030126,2/10/2017 2:33:00 PM,2017,2,10,14,33,0,Friday,541798.0077,4812134.785,-80.483319,43.460964,Non intersection,2,P.D. only,Thru lane,unknown,unknown,SMV unattended vehicle,Unknown,Daylight,01 - Daylight,Municipal (excl. Twp. Rd.),Traffic signal,Functioning,0,0,0,FALSE,FALSE,FALSE,Snow,,FALSE,WELLINGTON ST N; LANCASTER ST W; 5 M,3/7/2019 1:15:16 PM,541798.0077,4812134.785
46201,17-030169,2/10/2017 3:29:00 PM,2017,2,10,15,29,0,Friday,540051.8878,4805780.46,-80.505369,43.403844,Non intersection,1,Non-fatal injury,Thru lane,unknown,unknown,SMV other,Unknown,Daylight,01 - Daylight,Municipal (excl. Twp. Rd.),No control,unknown,0,0,0,TRUE,FALSE,FALSE,Snow,,FALSE,MAX BECKER DR; ISABELLA ST ; 29 M,3/7/2019 1:15:15 PM,540051.8878,4805780.46
46202,17-030461,2/10/2017 11:37:00 PM,2017,2,10,23,37,0,Friday,544057.8204,4811655.54,-80.455424,43.456519,Non intersection,2,P.D. only,Thru lane,unknown,unknown,SMV unattended vehicle,Unknown,Dark,07 - Dark,Municipal (excl. Twp. Rd.),No control,unknown,0,0,0,FALSE,FALSE,FALSE,Clear,,FALSE,MANCHESTER RD; RIVER RD E; Near; 250 M,3/7/2019 1:15:14 PM,544057.8204,4811655.54
46203,17-031351,2/12/2017 1:02:00 AM,2017,2,12,1,2,0,Sunday,545706.6419,4808714.365,-80.435291,43.429938,At/near private drive,2,P.D. only,Thru lane,unknown,unknown,Sideswipe,Unknown,Dark,07 - Dark,Municipal (excl. Twp. Rd.),No control,unknown,0,0,0,FALSE,FALSE,FALSE,Clear,,FALSE,CENTREVILLE ST; 28 CENTREVILLE ST; 1 M,3/7/2019 1:15:12 PM,545706.6419,4808714.365
46204,17-031352,2/12/2017 1:07:00 AM,2017,2,12,1,7,0,Sunday,543792.9572,4809205.717,-80.458894,43.434476,Non intersection,2,P.D. only,Not on roadway - right side,unknown,unknown,Sideswipe,Unknown,"Dark, artificial","08 - Dark, artificial",Municipal (excl. Twp. Rd.),Stop sign,Functioning,0,0,0,FALSE,FALSE,FALSE,Snow,,FALSE,ECKERT ST; DIXON ST ; 40 M,3/7/2019 1:15:11 PM,543792.9572,4809205.717
46205,17-031457,2/12/2017 9:08:00 AM,2017,2,12,9,8,0,Sunday,542965.3252,4806592.169,-80.469326,43.410992,Non intersection,2,P.D. only,Right shoulder,unknown,unknown,SMV unattended vehicle,Unknown,Daylight,01 - Daylight,Regional municipality,No control,unknown,0,0,0,FALSE,FALSE,FALSE,Snow,,FALSE,CENTURY HILL DR; CENTURY HILL DR ; At; 14 M,3/7/2019 1:15:10 PM,542965.3252,4806592.169
46206,17-031526,2/12/2017 11:41:00 AM,2017,2,12,11,41,0,Sunday,543568.1826,4804978.534,-80.462008,43.396428,At intersection,2,P.D. only,Within intersection,unknown,unknown,Angle,Unknown,Daylight,01 - Daylight,Municipal (excl. Twp. Rd.),Traffic signal,Functioning,0,0,1,FALSE,FALSE,FALSE,Snow,,FALSE,BATTLER RD; HURON RD,3/7/2019 1:15:09 PM,543568.1826,4804978.534
46207,17-031527,2/12/2017 11:43:00 AM,2017,2,12,11,43,0,Sunday,540917.4278,4812366.785,-80.494186,43.463101,At intersection,2,P.D. only,Within intersection,unknown,unknown,Angle,Unknown,Daylight,01 - Daylight,Municipal (excl. Twp. Rd.),Traffic signal,Functioning,0,0,0,FALSE,FALSE,FALSE,Snow,,FALSE,MARGARET AVE; GUELPH ST,3/7/2019 1:15:07 PM,540917.4278,4812366.785
46208,17-031551,2/11/2017 4:30:00 AM,2017,2,11,4,30,0,Saturday,540746.4173,4808830.251,-80.496564,43.431267,Intersection related,2,P.D. only,Not on roadway - left side,unknown,unknown,SMV other,Unknown,Dark,07 - Dark,Regional municipality,Traffic signal,Functioning,0,0,0,FALSE,FALSE,FALSE,Snow,,FALSE,HOMER WATSON BLVD ; STIRLING AVE S,3/7/2019 1:15:06 PM,540746.4173,4808830.251
46209,17-031558,2/12/2017 12:40:00 PM,2017,2,12,12,40,0,Sunday,546062.9905,4809492.013,-80.430823,43.436918,Intersection related,1,Non-fatal injury,Thru lane,unknown,unknown,Rear end,Unknown,Daylight,01 - Daylight,Regional municipality,Traffic signal,Functioning,0,0,0,FALSE,FALSE,FALSE,Snow,,FALSE,KINZIE AVE; RIVER RD E,3/7/2019 1:15:04 PM,546062.9905,4809492.014
46210,17-031568,2/12/2017 12:56:00 PM,2017,2,12,12,56,0,Sunday,538376.1329,4807993.028,-80.525908,43.423854,Non intersection,2,P.D. only,Thru lane,unknown,unknown,Other,Unknown,Daylight,01 - Daylight,Municipal (excl. Twp. Rd.),No control,unknown,0,0,0,FALSE,FALSE,FALSE,Clear,,FALSE,SILVER ASPEN CRES; ELM RIDGE DR ; Near; 100 M,3/7/2019 1:15:02 PM,538376.1329,4807993.028
46211,17-031706,2/12/2017 4:36:00 PM,2017,2,12,16,36,0,Sunday,542918.8755,4803828.382,-80.470116,43.386109,Non intersection,2,P.D. only,Right shoulder,unknown,unknown,SMV unattended vehicle,Unknown,Daylight,01 - Daylight,Township,No control,unknown,0,0,0,FALSE,FALSE,FALSE,Snow,,FALSE,150  NEWCASTLE DR; ROCKCLIFFE DR ; Near; 5 M,3/7/2019 1:15:01 PM,542918.8755,4803828.382
46212,17-031880,2/12/2017 9:25:00 PM,2017,2,12,21,25,0,Sunday,544611.3716,4809091.26,-80.448792,43.433397,Non intersection,2,P.D. only,Thru lane,unknown,unknown,Sideswipe,Unknown,Dark,07 - Dark,Municipal (excl. Twp. Rd.),Traffic signal,Functioning,0,0,0,FALSE,FALSE,FALSE,Snow,,FALSE,KINGSWAY DR; FRANKLIN ST S; Near; 75 M,3/7/2019 1:15:00 PM,544611.3716,4809091.26
46213,17-031906,2/12/2017 10:02:00 PM,2017,2,12,22,2,0,Sunday,543230.8635,4804483.214,-80.466213,43.391987,At intersection,2,P.D. only,Within intersection,unknown,unknown,SMV other,Unknown,Dark,07 - Dark,Regional municipality,Yield sign,Functioning,0,0,0,FALSE,FALSE,FALSE,Freezing Rain,,FALSE,HURON RD; STRASBURG RD; 1 M,3/7/2019 1:14:59 PM,543230.8635,4804483.215
46214,17-031950,2/12/2017 11:46:00 PM,2017,2,12,23,46,0,Sunday,542045.4281,4807994.263,-80.480579,43.423668,Non intersection,2,P.D. only,Thru lane,unknown,unknown,Approaching,Unknown,Dark,07 - Dark,Municipal (excl. Twp. Rd.),No control,unknown,0,0,0,FALSE,FALSE,FALSE,Strong wind,,FALSE,ALPINE RD; KINGSWOOD DR; Near; 253 M,3/7/2019 1:14:57 PM,542045.4281,4807994.264
46215,17-032073,2/12/2017 10:00:00 PM,2017,2,12,22,0,0,Sunday,541496.7773,4808743.721,-80.4873,43.430447,Intersection related,2,P.D. only,Thru lane,unknown,unknown,Rear end,Unknown,"Dark, artificial","08 - Dark, artificial",Municipal (excl. Twp. Rd.),Stop sign,Functioning,0,0,0,FALSE,FALSE,FALSE,Freezing Rain,,FALSE,HIGHLAND RD E; HOFFMAN ST,3/7/2019 1:14:54 PM,541496.7773,4808743.721
46216,17-032175,2/13/2017 7:50:00 AM,2017,2,13,7,50,0,Monday,541853.7542,4803513.466,-80.48329,43.383334,Intersection related,2,P.D. only,Thru lane,unknown,unknown,SMV other,Unknown,Daylight,01 - Daylight,Regional municipality,Yield sign,Functioning,0,0,0,FALSE,FALSE,FALSE,Clear,,FALSE,HURON RD; WOODBINE AVE,3/7/2019 1:14:52 PM,541853.7542,4803513.466
46217,17-032242,2/11/2017 3:00:00 PM,2017,2,11,15,0,0,Saturday,542040.448,4807810.521,-80.480655,43.422014,At/near private drive,2,P.D. only,Thru lane,unknown,unknown,Sideswipe,Unknown,Daylight,01 - Daylight,Municipal (excl. Twp. Rd.),No control,unknown,0,0,0,FALSE,FALSE,FALSE,Clear,,FALSE,APPALACHIAN CRES; APPALACHIAN CRES; Near,3/7/2019 1:14:51 PM,542040.448,4807810.522
46218,17-032403,2/13/2017 3:01:00 PM,2017,2,13,15,1,0,Monday,545348.7436,4812157.438,-80.439426,43.460961,Intersection related,2,P.D. only,Thru lane,unknown,unknown,Rear end,Unknown,Daylight,01 - Daylight,Municipal (excl. Twp. Rd.),Stop sign,Functioning,0,0,0,FALSE,FALSE,FALSE,Clear,,FALSE,LORRAINE AVE; HERITAGE DR,3/7/2019 1:14:50 PM,545348.7436,4812157.438
46219,17-032429,2/13/2017 3:30:00 PM,2017,2,13,15,30,0,Monday,541068,4811108,0,0,Non intersection,2,P.D. only,Thru lane,unknown,unknown,SMV unattended vehicle,Unknown,Daylight,01 - Daylight,Municipal (excl. Twp. Rd.),No control,unknown,0,0,0,FALSE,FALSE,FALSE,Clear,,FALSE,WILLOWRUN DR; GRAND FLATS TRAIL ; 50 M,3/7/2019 1:14:47 PM,541068,4811108
46220,17-032448,2/13/2017 7:45:00 AM,2017,2,13,7,45,0,Monday,544090.1709,4804624.836,-80.455592,43.393212,Intersection related,2,P.D. only,Thru lane,unknown,unknown,Rear end,Unknown,Dawn,03 - Dawn,Municipal (excl. Twp. Rd.),Stop sign,Functioning,0,0,0,FALSE,FALSE,FALSE,Clear,,FALSE,BLACK WALNUT DR; BIEHN DR,3/7/2019 1:14:46 PM,544090.1709,4804624.836
46221,17-032883,2/14/2017 7:50:00 AM,2017,2,14,7,50,0,Tuesday,539187.333,4810387.64,-80.515715,43.445373,Non intersection,2,P.D. only,Off highway,unknown,unknown,SMV other,Unknown,Daylight,01 - Daylight,Municipal (excl. Twp. Rd.),No control,unknown,0,0,0,FALSE,FALSE,FALSE,Clear,,FALSE,BRYBECK CRES; BRYBECK CRES ; At; 3 M,3/7/2019 1:14:45 PM,539187.333,4810387.64
46222,17-032901,2/13/2017 5:50:00 PM,2017,2,13,17,50,0,Monday,537150.1318,4806819.246,-80.541133,43.413347,At/near private drive,2,P.D. only,Thru lane,unknown,unknown,Other,Unknown,"Dusk, artificial","06 - Dusk, artificial",Municipal (excl. Twp. Rd.),No control,unknown,0,0,0,FALSE,FALSE,FALSE,Clear,,FALSE,CEDAR CREST ST; CEDAR CREST ST,3/7/2019 1:14:42 PM,537150.1318,4806819.246
46223,17-033090,2/14/2017 11:00:00 AM,2017,2,14,11,0,0,Tuesday,539204.6942,4810850.418,-80.515467,43.449539,At/near private drive,2,P.D. only,Thru lane,unknown,unknown,Approaching,Unknown,Daylight,01 - Daylight,Municipal (excl. Twp. Rd.),No control,unknown,0,0,0,FALSE,FALSE,FALSE,Clear,,FALSE,BELMONT AVE W; BELMONT AVE W,3/7/2019 1:14:41 PM,539204.6942,4810850.418
46224,17-033104,2/14/2017 1:07:00 PM,2017,2,14,13,7,0,Tuesday,548328.1005,4804578.37,-80.40327,43.392533,At/near private drive,1,Non-fatal injury,Thru lane,unknown,unknown,Turning movement,Unknown,Daylight,01 - Daylight,Regional municipality,No control,unknown,0,0,0,FALSE,FALSE,FALSE,Clear,,FALSE,CONESTOGA COLLEGE BLVD; DOON VALLEY DR; Near; 5 M,3/7/2019 1:14:40 PM,548328.1005,4804578.37
46225,17-033443,2/14/2017 10:45:00 PM,2017,2,14,22,45,0,Tuesday,539250.7833,4810390.884,-80.51493,43.445399,Non intersection,2,P.D. only,Thru lane,unknown,unknown,Turning movement,Unknown,Dark,07 - Dark,Municipal (excl. Twp. Rd.),No control,unknown,0,0,0,FALSE,FALSE,FALSE,Clear,,FALSE,BRYBECK CRES; KARN ST ; Near; 75 M,3/7/2019 1:14:39 PM,539250.7833,4810390.884
46226,17-033458,2/14/2017 11:19:00 PM,2017,2,14,23,19,0,Tuesday,541874.1795,4813339.052,-80.482284,43.471803,Intersection related,2,P.D. only,Not on roadway - right side,unknown,unknown,SMV other,Unknown,"Daylight, artificial","02 - Daylight, artificial",Municipal (excl. Twp. Rd.),Stop sign,Functioning,0,0,0,FALSE,FALSE,FALSE,Snow,,FALSE,UNION ST; MAPLE AVE ; 5 M,3/7/2019 1:14:38 PM,541874.1795,4813339.052
46227,17-033656,2/15/2017 8:29:00 AM,2017,2,15,8,29,0,Wednesday,538165.3928,4807507.343,-80.528545,43.419492,Non intersection,2,P.D. only,Thru lane,unknown,unknown,SMV other,Unknown,Daylight,01 - Daylight,Municipal (excl. Twp. Rd.),No control,unknown,0,0,0,FALSE,FALSE,FALSE,Clear,,FALSE,MCGARRY DR; MCGARRY DR; At; 5 M,3/7/2019 1:14:37 PM,538165.3928,4807507.343
46228,17-033854,2/12/2017 1:00:00 PM,2017,2,12,13,0,0,Sunday,542449.9087,4815826.716,-80.474973,43.494169,Intersection related,2,P.D. only,Thru lane,unknown,unknown,SMV other,Unknown,Daylight,01 - Daylight,Municipal (excl. Twp. Rd.),Stop sign,Functioning,0,0,0,FALSE,FALSE,FALSE,Clear,,FALSE,KESTREL ST; FALCONRIDGE DR; Near; 10 M,3/7/2019 1:14:36 PM,542449.9087,4815826.716
46229,17-034041,2/14/2017 3:45:00 PM,2017,2,14,15,45,0,Tuesday,539655.8176,4810324.179,-80.50993,43.444777,Non intersection,2,P.D. only,Thru lane,unknown,unknown,SMV unattended vehicle,Unknown,Daylight,01 - Daylight,Municipal (excl. Twp. Rd.),No control,unknown,0,0,0,FALSE,FALSE,FALSE,Clear,,FALSE,TALBOT ST; TALBOT ST; Near,3/7/2019 1:14:35 PM,539655.8176,4810324.179
46230,17-034093,2/14/2017 5:00:00 PM,2017,2,14,17,0,0,Tuesday,543043.2399,4809760.02,-80.468114,43.439511,At intersection,2,P.D. only,Within intersection,unknown,unknown,Angle,Unknown,Daylight,01 - Daylight,Regional municipality,Stop sign,Functioning,0,0,0,FALSE,FALSE,FALSE,Clear,,FALSE,CHARLES ST E; PRESTON ST,3/7/2019 1:14:34 PM,543043.2399,4809760.02
46231,17-034163,2/15/2017 6:47:00 PM,2017,2,15,18,47,0,Wednesday,541371.882,4810467.712,-80.488712,43.445977,At/near private drive,2,P.D. only,Thru lane,unknown,unknown,SMV unattended vehicle,Unknown,"Dark, artificial","08 - Dark, artificial",Municipal (excl. Twp. Rd.),No control,unknown,0,0,0,FALSE,FALSE,FALSE,Clear,,FALSE,ST GEORGE ST ; ST GEORGE ST ; At,3/7/2019 1:14:33 PM,541371.882,4810467.712
46232,17-034195,2/15/2017 7:44:00 PM,2017,2,15,19,44,0,Wednesday,541833.9208,4810034.022,-80.483036,43.442046,Non intersection,1,Non-fatal injury,Right turn lane,unknown,unknown,SMV other,Unknown,"Dark, artificial","08 - Dark, artificial",Regional municipality,No control,unknown,0,0,0,TRUE,FALSE,FALSE,Clear,,FALSE,STIRLING AVE S; STIRLING AVE S; Near; 1 M,3/7/2019 1:14:32 PM,541833.9208,4810034.022
46233,17-034434,2/15/2017 7:45:00 AM,2017,2,15,7,45,0,Wednesday,543479.9582,4812347.65,-80.462511,43.462784,Intersection related,1,Non-fatal injury,Thru lane,unknown,unknown,Rear end,Unknown,Daylight,01 - Daylight,Municipal (excl. Twp. Rd.),Stop sign,Functioning,0,0,0,FALSE,FALSE,FALSE,Clear,,FALSE,EPHRAIM ST; RIVER RD E,3/7/2019 1:14:31 PM,543479.9582,4812347.65
46234,17-034849,2/16/2017 4:09:00 PM,2017,2,16,16,9,0,Thursday,547745.4206,4804289.37,-80.410489,43.389968,Non intersection,2,P.D. only,Thru lane,unknown,unknown,Turning movement,Unknown,"Daylight, artificial","02 - Daylight, artificial",Municipal (excl. Twp. Rd.),No control,unknown,0,0,0,FALSE,FALSE,FALSE,Clear,,FALSE,CONESTOGA COLLEGE BLVD; DOON VALLEY DR; Near; 100 M,3/7/2019 1:14:30 PM,547745.4206,4804289.37
46235,17-034979,2/16/2017 7:43:00 PM,2017,2,16,19,43,0,Thursday,545275.147,4806434.671,-80.440811,43.409438,At intersection,2,P.D. only,Within intersection,unknown,unknown,Angle,Stop sign,"Dark, artificial","08 - Dark, artificial",Municipal (excl. Twp. Rd.),Stop sign,Functioning,0,0,0,FALSE,FALSE,FALSE,Clear,,FALSE,WABANAKI DR ; WILSON AVE,3/7/2019 1:14:29 PM,545275.147,4806434.671
46236,17-035070,2/16/2017 10:31:00 PM,2017,2,16,22,31,0,Thursday,540807.6951,4810880.239,-80.495654,43.449722,Intersection related,1,Non-fatal injury,Not on roadway - right side,unknown,unknown,SMV other,Unknown,Dark,07 - Dark,Municipal (excl. Twp. Rd.),Traffic signal,Functioning,0,0,0,FALSE,FALSE,FALSE,Clear,,FALSE,JOSEPH ST ; WATER ST S; Near; 16 M,3/7/2019 1:14:28 PM,540807.6951,4810880.239
46237,17-035522,2/17/2017 10:45:00 AM,2017,2,17,10,45,0,Friday,545988.1135,4809427.102,-80.431753,43.436338,Non intersection,2,P.D. only,Thru lane,unknown,unknown,Sideswipe,Unknown,Daylight,01 - Daylight,Municipal (excl. Twp. Rd.),No control,unknown,0,0,0,FALSE,FALSE,FALSE,Clear,,FALSE,KINZIE AVE; GRULKE ST; Near,3/7/2019 1:14:27 PM,545988.1135,4809427.103
46238,17-035930,2/17/2017 10:26:00 PM,2017,2,17,22,26,0,Friday,545582.6298,4809481.763,-80.436759,43.436855,Non intersection,2,P.D. only,Thru lane,unknown,unknown,SMV unattended vehicle,Unknown,Dark,07 - Dark,Municipal (excl. Twp. Rd.),No control,unknown,0,0,0,FALSE,FALSE,FALSE,Clear,,FALSE,FERGUS AVE; RUTHERFORD DR; Near; 25 M,3/7/2019 1:14:26 PM,545582.6298,4809481.763
46239,17-036037,2/18/2017 1:30:00 AM,2017,2,18,1,30,0,Saturday,541496.7304,4808743.35,-80.487301,43.430444,Intersection related,2,P.D. only,Thru lane,unknown,unknown,Turning movement,Unknown,"Dark, artificial","08 - Dark, artificial",Municipal (excl. Twp. Rd.),Stop sign,Functioning,0,0,0,FALSE,FALSE,FALSE,Clear,,FALSE,HOFFMAN ST; HIGHLAND RD E; 5 M,3/7/2019 1:14:25 PM,541496.7304,4808743.35
46240,17-036342,2/18/2017 10:30:00 AM,2017,2,18,10,30,0,Saturday,541014.9224,4809675.821,-80.493183,43.438866,Intersection related,2,P.D. only,Thru lane,unknown,unknown,Rear end,Unknown,Daylight,01 - Daylight,Municipal (excl. Twp. Rd.),Traffic signal,Functioning,0,0,0,FALSE,FALSE,FALSE,Clear,,FALSE,HIGHLAND RD E; SPADINA RD E; At,3/7/2019 1:14:24 PM,541014.9224,4809675.821
46241,17-036524,2/18/2017 4:42:00 PM,2017,2,18,16,42,0,Saturday,547288.0497,4808889.916,-80.415738,43.43142,Other,2,P.D. only,Off highway,unknown,unknown,Other,Unknown,Daylight,01 - Daylight,Private property,No control,unknown,0,0,0,FALSE,FALSE,FALSE,Clear,,FALSE,MORRISON RD; MORRISON RD ; At,3/7/2019 1:14:23 PM,547288.0497,4808889.916
46242,17-036541,2/18/2017 5:15:00 PM,2017,2,18,17,15,0,Saturday,536283.7144,4808644.807,-80.551713,43.429827,Non intersection,2,P.D. only,Right shoulder,unknown,unknown,SMV unattended vehicle,Unknown,Daylight,01 - Daylight,Municipal (excl. Twp. Rd.),No control,unknown,0,0,0,FALSE,FALSE,FALSE,Clear,,FALSE,HUCK CRES; HUCK CRES ; Near; 0 M,3/7/2019 1:14:22 PM,536283.7144,4808644.807
46243,17-037217,2/17/2017 9:00:00 AM,2017,2,17,9,0,0,Friday,543241.5639,4811821.449,-80.4655,43.45806,Non intersection,2,P.D. only,Thru lane,unknown,unknown,SMV unattended vehicle,Unknown,Daylight,01 - Daylight,Municipal (excl. Twp. Rd.),No control,unknown,0,0,0,FALSE,FALSE,FALSE,Clear,,FALSE,CAMBRIDGE AVE; CAMBRIDGE AVE,3/7/2019 1:14:21 PM,543241.5639,4811821.449
46244,17-037229,2/17/2017 6:00:00 PM,2017,2,17,18,0,0,Friday,539821.7327,4807595.714,-80.508079,43.420201,At/near private drive,2,P.D. only,Right shoulder,unknown,unknown,SMV unattended vehicle,Unknown,Dusk,05 - Dusk,Municipal (excl. Twp. Rd.),No control,unknown,0,0,0,FALSE,FALSE,FALSE,Clear,,FALSE,WINDALE CRES; WINDALE CRES ; Near; 6 M,3/7/2019 1:14:19 PM,539821.7327,4807595.714
46245,17-037719,2/20/2017 9:50:00 AM,2017,2,20,9,50,0,Monday,537406.5398,4809599.148,-80.537776,43.438365,At/near private drive,2,P.D. only,Thru lane,unknown,unknown,Other,Unknown,Daylight,01 - Daylight,Municipal (excl. Twp. Rd.),No control,unknown,0,0,0,FALSE,FALSE,FALSE,Clear,,FALSE,STOKE DR; STOKE DR ; At; 10 M,3/7/2019 1:14:18 PM,537406.5398,4809599.148
46246,17-037816,2/18/2017 8:00:00 PM,2017,2,18,20,0,0,Saturday,545573.7192,4808932.988,-80.436915,43.431914,Non intersection,2,P.D. only,Thru lane,unknown,unknown,SMV unattended vehicle,Unknown,Dark,07 - Dark,Municipal (excl. Twp. Rd.),No control,unknown,0,0,0,FALSE,FALSE,FALSE,Clear,,FALSE,HUBER ST; HUBER ST ; Near,3/7/2019 1:14:17 PM,545573.7192,4808932.988
46247,17-037847,2/20/2017 11:50:00 AM,2017,2,20,11,50,0,Monday,540918.3891,4812366.791,-80.494174,43.463101,Intersection related,2,P.D. only,Thru lane,unknown,unknown,Rear end,Unknown,Daylight,01 - Daylight,Municipal (excl. Twp. Rd.),Traffic signal,Functioning,0,0,0,FALSE,FALSE,FALSE,Clear,,FALSE,MARGARET AVE; GUELPH ST; At,3/7/2019 1:14:16 PM,540918.3891,4812366.791