OBJECTID,ACCIDENTNUM,ACCIDENTDATE,ACCIDENT_YEAR,ACCIDENT_MONTH,ACCIDENT_DAY,ACCIDENT_HOUR,ACCIDENT_MINUTE,ACCIDENT_SECOND,ACCIDENT_WEEKDAY,XCOORD,YCOORD,LONGITUDE,LATITUDE,ACCIDENTLOCATION,COLLISIONTYPE,CLASSIFICATIONOFACCIDENT,IMPACTLOCATION,INITIALDIRECTIONOFTRAVELONE,INITIALDIRECTIONOFTRAVELTWO,INITIALIMPACTTYPE,INTTRAFFICCONTROL,LIGHT,LIGHTFORREPORT,ROADJURISDICTION,TRAFFICCONTROL,TRAFFICCONTROLCONDITION,THRULANENO,NORTHBOUNDDISOBEYCOUNT,SOUTHBOUNDDISOBEYCOUNT,PEDESTRIANINVOLVED,CYCLISTINVOLVED,MOTORCYCLISTINVOLVED,ENVIRONMENTCONDITION1,ENVIRONMENTCONDITION2,SELFREPORTED,XMLIMPORTNOTES,LASTEDITEDDATE,x,y
46248,17-037879,2/20/2017 1:33:00 PM,2017,2,20,13,33,0,Monday,540042.4216,4806044.916,-80.505466,43.406226,Non intersection,2,P.D. only,Thru lane,unknown,unknown,SMV unattended vehicle,Unknown,Daylight,01 - Daylight,Municipal (excl. Twp. Rd.),No control,unknown,0,0,0,FALSE,FALSE,FALSE,Clear,,FALSE,COTTON GRASS ST ; COTTON GRASS ST ; Near; 1 M,3/7/2019 1:14:14 PM,540042.4216,4806044.916
46249,17-038748,2/18/2017 7:00:00 PM,2017,2,18,19,0,0,Saturday,536401.4669,4808436.7,-80.550272,43.427948,At/near private drive,2,P.D. only,Thru lane,unknown,unknown,SMV unattended vehicle,Unknown,Dusk,05 - Dusk,Municipal (excl. Twp. Rd.),No control,unknown,0,0,0,FALSE,FALSE,FALSE,Clear,,FALSE,WESTMEADOW DR; WESTMEADOW DR,3/7/2019 1:14:13 PM,536401.4668,4808436.7
46250,17-039596,2/19/2017 11:30:00 PM,2017,2,19,23,30,0,Sunday,541672.7812,4810787.225,-80.484969,43.448837,Other,2,P.D. only,Off highway,unknown,unknown,SMV unattended vehicle,Unknown,Dark,07 - Dark,Private property,No control,unknown,0,0,0,FALSE,FALSE,FALSE,Clear,,FALSE,DRIVEWAY; KING ST E; At,3/7/2019 1:14:12 PM,541672.7812,4810787.225
46251,17-039774,2/22/2017 8:15:00 AM,2017,2,22,8,15,0,Wednesday,544699.4923,4811914.747,-80.447471,43.458815,At/near private drive,2,P.D. only,Right shoulder,unknown,unknown,SMV unattended vehicle,Unknown,Daylight,01 - Daylight,Municipal (excl. Twp. Rd.),No control,unknown,0,0,0,FALSE,FALSE,FALSE,Clear,,FALSE,CARSON DR; CARSON DR ; Near,3/7/2019 1:14:11 PM,544699.4923,4811914.747
46252,17-039867,2/22/2017 10:00:00 PM,2017,2,22,22,0,0,Wednesday,540984.9526,4810826.698,-80.493467,43.449231,At intersection,1,Non-fatal injury,Within intersection,unknown,unknown,SMV other,Unknown,Dark,07 - Dark,Municipal (excl. Twp. Rd.),Stop sign,Functioning,0,0,0,TRUE,FALSE,FALSE,Clear,,FALSE,JOSEPH ST ; GAUKEL ST,3/7/2019 1:14:10 PM,540984.9526,4810826.698
46253,17-040056,2/23/2017 8:15:00 AM,2017,2,23,8,15,0,Thursday,545315.617,4804469.791,-80.440474,43.391743,At intersection,2,P.D. only,Within intersection,unknown,unknown,Angle,Unknown,Daylight,01 - Daylight,Municipal (excl. Twp. Rd.),Stop sign,Functioning,0,0,0,FALSE,FALSE,FALSE,Clear,,FALSE,DOON VILLAGE RD; BECHTEL DR,3/7/2019 1:14:08 PM,545315.617,4804469.791
46254,17-040091,2/22/2017 6:35:00 PM,2017,2,22,18,35,0,Wednesday,539494.7129,4810246.572,-80.511926,43.444087,At/near private drive,2,P.D. only,Thru lane,unknown,unknown,SMV unattended vehicle,Unknown,"Dark, artificial","08 - Dark, artificial",Municipal (excl. Twp. Rd.),No control,unknown,0,0,0,FALSE,FALSE,FALSE,Clear,,FALSE,TALBOT ST; TALBOT ST; Near,3/7/2019 1:14:07 PM,539494.7129,4810246.572
46255,17-040106,2/23/2017 8:45:00 AM,2017,2,23,8,45,0,Thursday,546066.2041,4810463.654,-80.430701,43.445666,At/near private drive,2,Non-reportable,Not on roadway - right side,unknown,unknown,Other,Unknown,Daylight,01 - Daylight,Municipal (excl. Twp. Rd.),No control,unknown,0,0,0,FALSE,FALSE,FALSE,Clear,,FALSE,HUNTINGDALE DR; HUNTINGDALE DR; At,3/7/2019 1:14:06 PM,546066.2041,4810463.654
46256,17-040190,2/22/2017 2:00:00 PM,2017,2,22,14,0,0,Wednesday,541818.1968,4810608.062,-80.483186,43.447216,At/near private drive,2,P.D. only,Thru lane,unknown,unknown,Rear end,Unknown,Daylight,01 - Daylight,Regional municipality,No control,unknown,0,0,0,FALSE,FALSE,FALSE,Clear,,FALSE,KING ST E; KING ST E; At,3/7/2019 1:14:05 PM,541818.1968,4810608.062
46257,17-040376,2/23/2017 12:30:00 PM,2017,2,23,12,30,0,Thursday,541972.2827,4810659.863,-80.481278,43.447674,At/near private drive,2,Non-reportable,Thru lane,unknown,unknown,Other,Unknown,Daylight,01 - Daylight,Municipal (excl. Twp. Rd.),No control,unknown,0,0,0,FALSE,FALSE,FALSE,Clear,,FALSE,MADISON AVE N; KING ST E; At,3/7/2019 1:14:04 PM,541972.2827,4810659.863
46258,17-040413,2/23/2017 3:15:00 PM,2017,2,23,15,15,0,Thursday,543067.5548,4807477.165,-80.467993,43.418954,Intersection related,2,P.D. only,Thru lane,unknown,unknown,Rear end,Unknown,Daylight,01 - Daylight,Municipal (excl. Twp. Rd.),Yield sign,Functioning,0,0,0,FALSE,FALSE,FALSE,Clear,,FALSE,BLOCK LINE RD; HANOVER ST ; At,3/7/2019 1:14:02 PM,543067.5548,4807477.166
46259,17-040497,2/23/2017 4:00:00 PM,2017,2,23,16,0,0,Thursday,539502.0696,4806103.426,-80.512135,43.406781,At intersection,1,Non-fatal injury,Within intersection,unknown,unknown,SMV other,Unknown,Daylight,01 - Daylight,Municipal (excl. Twp. Rd.),Stop sign,Functioning,0,0,0,TRUE,FALSE,FALSE,Clear,,FALSE,ACTIVA AVE ; BRIDLEWREATH ST,3/7/2019 1:14:01 PM,539502.0696,4806103.426
46260,17-040758,2/24/2017 3:46:00 AM,2017,2,24,3,46,0,Friday,540451.6436,4806280.396,-80.500395,43.408324,Non intersection,1,Non-fatal injury,Off highway,unknown,unknown,SMV other,Unknown,"Dark, artificial","08 - Dark, artificial",Municipal (excl. Twp. Rd.),No control,unknown,0,0,0,FALSE,FALSE,FALSE,Clear,,FALSE,HIGHBROOK CRES ; HIGHBROOK CRES ; 1 M,3/7/2019 1:14:00 PM,540451.6436,4806280.396
46261,17-040921,2/24/2017 4:30:00 AM,2017,2,24,4,30,0,Friday,539617.3101,4811374.41,-80.510329,43.454236,At intersection,1,Non-fatal injury,Within intersection,unknown,unknown,SMV other,Unknown,Dark,07 - Dark,Municipal (excl. Twp. Rd.),Traffic signal,Functioning,0,0,0,TRUE,FALSE,FALSE,Clear,,FALSE,PARK ST; GLASGOW ST,3/7/2019 1:13:59 PM,539617.3101,4811374.41
46262,17-040984,2/24/2017 11:15:00 AM,2017,2,24,11,15,0,Friday,537450.5049,4808201.373,-80.537328,43.425777,Non intersection,2,P.D. only,Thru lane,unknown,unknown,Rear end,Unknown,Daylight,01 - Daylight,Municipal (excl. Twp. Rd.),No control,unknown,0,0,0,FALSE,FALSE,FALSE,"Fog, mist, smoke, dust",,FALSE,BLACKWELL DR; BLACKWELL DR ; At; 2 M,3/7/2019 1:13:58 PM,537450.5049,4808201.374
46263,17-041054,2/24/2017 11:15:00 AM,2017,2,24,11,15,0,Friday,541869.6296,4811041.568,-80.482517,43.451116,Non intersection,2,P.D. only,Right shoulder,unknown,unknown,SMV unattended vehicle,Unknown,Daylight,01 - Daylight,Municipal (excl. Twp. Rd.),No control,unknown,0,0,0,FALSE,FALSE,FALSE,Clear,,FALSE,IRVIN ST; IRVIN ST ; Near,3/7/2019 1:13:55 PM,541869.6296,4811041.568
46264,17-041286,2/23/2017 11:00:00 PM,2017,2,23,23,0,0,Thursday,540410.22,4811765.922,-80.5005,43.457719,Non intersection,2,P.D. only,Right shoulder,unknown,unknown,SMV unattended vehicle,Unknown,"Dark, artificial","08 - Dark, artificial",Municipal (excl. Twp. Rd.),No control,unknown,0,0,0,FALSE,FALSE,FALSE,Clear,,FALSE,WATERLOO ST; WATERLOO ST ; Near,3/7/2019 1:13:54 PM,540410.22,4811765.922
46265,17-041347,2/24/2017 7:10:00 PM,2017,2,24,19,10,0,Friday,542218.8188,4810995.067,-80.478205,43.450678,At intersection,2,P.D. only,Within intersection,unknown,unknown,Angle,Unknown,Dark,07 - Dark,Regional municipality,Stop sign,Functioning,0,1,0,FALSE,FALSE,FALSE,Rain,,FALSE,TUERR DR; RITTENHOUSE RD,3/7/2019 1:13:52 PM,542218.8188,4810995.067
46266,17-041933,2/25/2017 3:00:00 PM,2017,2,25,15,0,0,Saturday,543554.0175,4808319.012,-80.461917,43.426506,Non intersection,2,P.D. only,Thru lane,unknown,unknown,SMV unattended vehicle,Unknown,Daylight,01 - Daylight,Regional municipality,No control,unknown,0,0,0,FALSE,FALSE,FALSE,Clear,,FALSE,VANIER DR; VANIER DR ; At; 2 M,3/7/2019 1:13:51 PM,543554.0175,4808319.012
46267,17-041937,2/25/2017 3:04:00 PM,2017,2,25,15,4,0,Saturday,537503.7282,4808317.653,-80.536663,43.426821,Other,2,P.D. only,Off highway,unknown,unknown,SMV other,Unknown,Daylight,01 - Daylight,Private property,No control,unknown,0,0,0,FALSE,FALSE,FALSE,Clear,,FALSE,PRIVATE DRIVE; MONTANA CRES,3/7/2019 1:13:50 PM,537503.7282,4808317.653
46268,17-042058,2/25/2017 6:57:00 PM,2017,2,25,18,57,0,Saturday,540217.6876,4805817.617,-80.503318,43.40417,At intersection,1,Non-fatal injury,Within intersection,unknown,unknown,SMV other,Unknown,Dark,07 - Dark,Municipal (excl. Twp. Rd.),Stop sign,Functioning,0,0,0,TRUE,FALSE,FALSE,Clear,,FALSE,COMMONWEALTH ST; MAX BECKER DR,3/7/2019 1:13:49 PM,540217.6876,4805817.617
46269,17-042102,2/25/2017 8:33:00 PM,2017,2,25,20,33,0,Saturday,542108.4292,4807129.854,-80.479868,43.415882,At intersection,2,P.D. only,Within intersection,unknown,unknown,Turning movement,Unknown,Dark,07 - Dark,Regional municipality,Traffic signal,Functioning,0,0,0,FALSE,FALSE,FALSE,Snow,,FALSE,STRASBURG RD ; BLOCK LINE RD,3/7/2019 1:13:48 PM,542108.4292,4807129.854
46270,17-042245,2/26/2017 12:05:00 AM,2017,2,26,0,5,0,Sunday,543230.8758,4804481.296,-80.466213,43.39197,At intersection,2,P.D. only,Within intersection,unknown,unknown,SMV other,Unknown,Dark,07 - Dark,Regional municipality,Yield sign,Functioning,0,0,0,FALSE,FALSE,FALSE,Clear,,FALSE,HURON RD; STRASBURG RD,3/7/2019 1:13:46 PM,543230.8758,4804481.296
46271,17-042738,2/26/2017 3:30:00 AM,2017,2,26,3,30,0,Sunday,541854.734,4803510.594,-80.483278,43.383308,At intersection,2,P.D. only,Within intersection,unknown,unknown,SMV other,Unknown,Dark,07 - Dark,Regional municipality,Yield sign,Functioning,0,0,0,FALSE,FALSE,FALSE,Snow,,FALSE,HURON RD ; WOODBINE AVE,3/7/2019 1:13:46 PM,541854.734,4803510.594
46272,17-042915,2/26/2017 6:00:00 PM,2017,2,26,18,0,0,Sunday,536039.8244,4807468.562,-80.554804,43.419248,At/near private drive,2,P.D. only,Right shoulder,unknown,unknown,SMV unattended vehicle,Unknown,Daylight,01 - Daylight,Municipal (excl. Twp. Rd.),No control,unknown,0,0,0,FALSE,FALSE,FALSE,Clear,,FALSE,PENELOPE DR; PENELOPE DR ; At; 6 M,3/7/2019 1:13:45 PM,536039.8244,4807468.562
46273,17-043622,2/27/2017 3:45:00 PM,2017,2,27,15,45,0,Monday,544171.7605,4807684.943,-80.454337,43.420761,Non intersection,2,P.D. only,Thru lane,unknown,unknown,SMV unattended vehicle,Unknown,Daylight,01 - Daylight,Regional municipality,No control,unknown,0,0,0,FALSE,FALSE,FALSE,Clear,,FALSE,TRAYNOR AVE; TRAYNOR AVE ; Near,3/7/2019 1:13:43 PM,544171.7605,4807684.943
46274,17-043832,2/28/2017 6:35:00 AM,2017,2,28,6,35,0,Tuesday,542516.9164,4806126.646,-80.4749,43.406826,Non intersection,2,P.D. only,Thru lane,unknown,unknown,Sideswipe,Unknown,Dawn,03 - Dawn,Regional municipality,No control,unknown,0,0,0,FALSE,FALSE,FALSE,Clear,,FALSE,STRASBURG RD; BLEAMS RD,3/7/2019 1:13:42 PM,542516.9164,4806126.646
46275,17-043851,2/28/2017 8:06:00 AM,2017,2,28,8,6,0,Tuesday,536230.0409,4809387.694,-80.552327,43.436519,Non intersection,2,P.D. only,Thru lane,unknown,unknown,Rear end,Unknown,Daylight,01 - Daylight,Municipal (excl. Twp. Rd.),No control,unknown,0,0,0,FALSE,FALSE,FALSE,Clear,,FALSE,RESURRECTION DR; BEECHMANOR CRES ; Near; 100 M,3/7/2019 1:13:41 PM,536230.0409,4809387.694
46276,17-044308,2/20/2017 1:00:00 PM,2017,2,20,13,0,0,Monday,537716.8511,4809944.363,-80.533917,43.441458,At/near private drive,2,P.D. only,Thru lane,unknown,unknown,SMV unattended vehicle,Unknown,Daylight,01 - Daylight,Municipal (excl. Twp. Rd.),No control,unknown,0,0,0,FALSE,FALSE,FALSE,Clear,,FALSE,SHADELAND CRES; SHADELAND CRES; Near,3/7/2019 1:13:40 PM,537716.8511,4809944.363
46277,17-044312,2/28/2017 5:11:00 PM,2017,2,28,17,11,0,Tuesday,544344.8571,4808758.281,-80.452111,43.430415,Intersection related,1,Non-fatal injury,Thru lane,unknown,unknown,Rear end,Unknown,Daylight,01 - Daylight,Municipal (excl. Twp. Rd.),No control,unknown,0,0,0,FALSE,TRUE,FALSE,Clear,,FALSE,SIXTH AVE ; CONNAUGHT ST ; Near,3/7/2019 1:13:39 PM,544344.8571,4808758.281
46278,17-044727,2/28/2017 4:00:00 PM,2017,2,28,16,0,0,Tuesday,541582.6289,4811443.474,-80.486034,43.454751,Non intersection,2,P.D. only,Right shoulder,unknown,unknown,SMV unattended vehicle,Unknown,Daylight,01 - Daylight,Municipal (excl. Twp. Rd.),No control,unknown,0,0,0,FALSE,FALSE,FALSE,Clear,,FALSE,MARGARET AVE; MARGARET AVE ; Near,3/7/2019 1:13:38 PM,541582.6289,4811443.474
46279,17-044969,3/1/2017 1:33:00 PM,2017,3,1,13,33,0,Wednesday,538983.8265,4811319.023,-80.518163,43.45377,Non intersection,2,P.D. only,Thru lane,unknown,unknown,Turning movement,Unknown,Daylight,01 - Daylight,Municipal (excl. Twp. Rd.),No control,unknown,0,0,0,FALSE,FALSE,FALSE,Rain,,FALSE,BELMONT AVE W; ARGYLE ST ; Near; 50 M,3/7/2019 1:13:37 PM,538983.8265,4811319.023
46280,17-045127,3/1/2017 4:55:00 PM,2017,3,1,16,55,0,Wednesday,537413.1607,4810298.855,-80.537646,43.444665,Other,2,P.D. only,Right shoulder,unknown,unknown,SMV other,Unknown,Daylight,01 - Daylight,Municipal (excl. Twp. Rd.),No control,unknown,0,0,0,FALSE,FALSE,FALSE,Clear,,FALSE,GLASGOW ST ; 728 GLASGOW ST; 9 M,3/7/2019 1:13:36 PM,537413.1607,4810298.855
46281,17-045700,3/2/2017 10:45:00 AM,2017,3,2,10,45,0,Thursday,543704.6187,4812051.489,-80.459758,43.460105,Non intersection,2,P.D. only,Thru lane,unknown,unknown,Sideswipe,Unknown,Daylight,01 - Daylight,Regional municipality,No control,unknown,0,0,0,FALSE,FALSE,FALSE,Clear,,FALSE,RIVER RD E; RIVER RD E,3/7/2019 1:13:35 PM,543704.6187,4812051.489
46282,17-045826,3/1/2017 2:20:00 PM,2017,3,1,14,20,0,Wednesday,539617.2932,4811377.284,-80.510329,43.454262,Intersection related,2,Non-reportable,Thru lane,unknown,unknown,Rear end,Unknown,Daylight,01 - Daylight,Municipal (excl. Twp. Rd.),Traffic signal,Functioning,0,0,0,FALSE,FALSE,FALSE,Rain,,FALSE,PARK ST; GLASGOW ST,3/7/2019 1:13:34 PM,539617.2932,4811377.284
46283,17-046282,2/18/2017 8:00:00 PM,2017,2,18,20,0,0,Saturday,545365.595,4811021.919,-80.439312,43.450736,Non intersection,2,P.D. only,Thru lane,unknown,unknown,SMV unattended vehicle,Unknown,"Dark, artificial","08 - Dark, artificial",Municipal (excl. Twp. Rd.),No control,unknown,0,0,0,FALSE,FALSE,FALSE,Clear,,FALSE,HOLBORN DR; OLD CHICOPEE DR; Near,3/7/2019 1:13:33 PM,545365.595,4811021.919
46284,17-046315,3/3/2017 9:13:00 AM,2017,3,3,9,13,0,Friday,539052.3434,4809774.184,-80.517427,43.439857,Non intersection,1,Non-fatal injury,Thru lane,unknown,unknown,SMV unattended vehicle,Unknown,Daylight,01 - Daylight,Municipal (excl. Twp. Rd.),No control,unknown,0,0,0,FALSE,FALSE,FALSE,Snow,,FALSE,PAULANDER DR; VICTORIA ST S; 80 M,3/7/2019 1:13:32 PM,539052.3434,4809774.184
46285,17-046373,3/3/2017 11:45:00 AM,2017,3,3,11,45,0,Friday,542074.7992,4806108.643,-80.480362,43.406689,At/near private drive,2,P.D. only,Thru lane,unknown,unknown,Other,Unknown,Daylight,01 - Daylight,Municipal (excl. Twp. Rd.),Stop sign,Functioning,0,0,0,FALSE,FALSE,FALSE,Clear,,FALSE,SPRING HILL PL; THE COUNTRY WAY ; At; 5 M,3/7/2019 1:13:31 PM,542074.7992,4806108.643
46286,17-046495,3/3/2017 11:55:00 AM,2017,3,3,11,55,0,Friday,541174.4439,4812378.838,-80.491008,43.463196,At/near private drive,2,P.D. only,Thru lane,unknown,unknown,Turning movement,Unknown,Daylight,01 - Daylight,Municipal (excl. Twp. Rd.),No control,unknown,0,0,0,FALSE,FALSE,FALSE,Snow,,FALSE,BLUCHER ST; BLUCHER ST,3/7/2019 1:13:30 PM,541174.4439,4812378.839
46287,17-046499,3/3/2017 12:51:00 PM,2017,3,3,12,51,0,Friday,539604.7023,4806711.957,-80.510824,43.412255,Non intersection,2,P.D. only,Thru lane,unknown,unknown,SMV unattended vehicle,Unknown,Daylight,01 - Daylight,Municipal (excl. Twp. Rd.),No control,unknown,0,0,0,FALSE,FALSE,FALSE,Clear,,FALSE,QUEEN CHARLOTTE CRES; QUEEN CHARLOTTE CRES ; At; 2 M,3/7/2019 1:13:29 PM,539604.7023,4806711.957
46288,17-046653,3/3/2017 2:00:00 PM,2017,3,3,14,0,0,Friday,547678.5851,4810743.653,-80.410751,43.448086,Intersection related,2,Non-reportable,Thru lane,unknown,unknown,Turning movement,Unknown,Daylight,01 - Daylight,Municipal (excl. Twp. Rd.),Stop sign,Functioning,0,0,0,FALSE,FALSE,FALSE,Clear,,FALSE,COUNTRY CLAIR ST; PEBBLECREEK DR; At,3/7/2019 1:13:28 PM,547678.5851,4810743.653
46289,17-046657,3/3/2017 4:03:00 PM,2017,3,3,16,3,0,Friday,541068,4811108,0,0,At intersection,2,P.D. only,Within intersection,unknown,unknown,Sideswipe,Unknown,Daylight,01 - Daylight,Municipal (excl. Twp. Rd.),Stop sign,Functioning,0,0,0,FALSE,FALSE,FALSE,Clear,,FALSE,SALTSMAN DR; BARNES RD,3/7/2019 1:13:27 PM,541068,4811108
46290,17-046687,3/3/2017 3:42:00 PM,2017,3,3,15,42,0,Friday,544561.928,4807298.077,-80.449549,43.417254,Non intersection,2,P.D. only,Not on roadway - right side,unknown,unknown,Sideswipe,Unknown,Daylight,01 - Daylight,Municipal (excl. Twp. Rd.),No control,unknown,0,0,0,FALSE,FALSE,FALSE,Clear,,FALSE,WEBSTER RD; MANITOU DR; Near,3/7/2019 1:13:25 PM,544561.928,4807298.077
46291,17-046692,3/3/2017 3:30:00 PM,2017,3,3,15,30,0,Friday,541892.8807,4807548.294,-80.482498,43.419661,At/near private drive,2,P.D. only,Thru lane,unknown,unknown,Other,Unknown,Daylight,01 - Daylight,Municipal (excl. Twp. Rd.),No control,unknown,0,0,0,FALSE,FALSE,FALSE,Clear,,FALSE,LUCERNE DR; LUCERNE DR,3/7/2019 1:13:24 PM,541892.8807,4807548.294
46292,17-046771,3/3/2017 5:00:00 PM,2017,3,3,17,0,0,Friday,543489.8016,4809521.396,-80.462615,43.437336,At intersection,2,P.D. only,Within intersection,unknown,unknown,Angle,Unknown,Daylight,01 - Daylight,Municipal (excl. Twp. Rd.),Stop sign,Functioning,0,0,0,FALSE,FALSE,FALSE,Clear,,FALSE,DOON RD; ROCKWAY DR,3/7/2019 1:13:23 PM,543489.8016,4809521.396
46293,17-046833,3/3/2017 6:00:00 PM,2017,3,3,18,0,0,Friday,544884.0971,4804850.241,-80.44577,43.395195,Intersection related,2,Non-reportable,Thru lane,unknown,unknown,Rear end,Unknown,Daylight,01 - Daylight,Municipal (excl. Twp. Rd.),Traffic signal,Functioning,0,0,0,FALSE,FALSE,FALSE,Clear,,FALSE,DOON VILLAGE RD; PIONEER DR,3/7/2019 1:13:22 PM,544884.0971,4804850.241
46294,17-047207,3/3/2017 10:30:00 AM,2017,3,3,10,30,0,Friday,539328.8636,4807827.369,-80.51415,43.422313,At/near private drive,2,P.D. only,Right shoulder,unknown,unknown,SMV unattended vehicle,Unknown,Daylight,01 - Daylight,Municipal (excl. Twp. Rd.),No control,unknown,0,0,0,FALSE,FALSE,FALSE,Clear,,FALSE,UPLANDS DR; UPLANDS DR ; 1 M,3/7/2019 1:13:21 PM,539328.8636,4807827.369
46295,17-047595,3/4/2017 5:50:00 PM,2017,3,4,17,50,0,Saturday,544910.1738,4810046.569,-80.445021,43.441981,Non intersection,2,P.D. only,Thru lane,unknown,unknown,SMV unattended vehicle,Unknown,Daylight,01 - Daylight,Municipal (excl. Twp. Rd.),No control,unknown,0,0,0,FALSE,FALSE,FALSE,Clear,,FALSE,KENNETH AVE; RENNIE DR; 20 M,3/7/2019 1:13:20 PM,544910.1738,4810046.569
46296,17-048172,3/4/2017 8:30:00 PM,2017,3,4,20,30,0,Saturday,547283.976,4803035.365,-80.416295,43.378706,Non intersection,2,P.D. only,Right shoulder,unknown,unknown,SMV unattended vehicle,Unknown,"Dark, artificial","08 - Dark, artificial",Municipal (excl. Twp. Rd.),No control,unknown,0,0,0,FALSE,FALSE,FALSE,Clear,,FALSE,SADDLEWOOD DR; SADDLEWOOD DR ; Near,3/7/2019 1:13:19 PM,547283.976,4803035.365
46297,17-048702,3/6/2017 8:35:00 AM,2017,3,6,8,35,0,Monday,540486.8089,4809734.414,-80.499704,43.439423,At intersection,2,P.D. only,Within intersection,unknown,unknown,Angle,Unknown,Daylight,01 - Daylight,Municipal (excl. Twp. Rd.),Stop sign,Functioning,0,0,0,FALSE,FALSE,FALSE,Clear,,FALSE,SPADINA RD E; QUEENS BLVD,3/7/2019 1:13:17 PM,540486.8089,4809734.414
46298,17-048765,3/5/2017 12:30:00 PM,2017,3,5,12,30,0,Sunday,543374.9065,4807670.177,-80.464181,43.420675,Non intersection,2,P.D. only,Thru lane,unknown,unknown,Sideswipe,Unknown,Daylight,01 - Daylight,Municipal (excl. Twp. Rd.),Stop sign,Functioning,0,0,0,FALSE,FALSE,FALSE,Clear,,FALSE,BLOCK LINE RD; LENNOX LEWIS WAY ; Near; 20 M,3/7/2019 1:13:16 PM,543374.9065,4807670.177
46299,17-049033,3/6/2017 3:15:00 PM,2017,3,6,15,15,0,Monday,544230.5515,4808181.606,-80.45357,43.425229,Non intersection,2,P.D. only,Thru lane,unknown,unknown,Sideswipe,Unknown,Daylight,01 - Daylight,Municipal (excl. Twp. Rd.),No control,unknown,0,0,0,FALSE,FALSE,FALSE,Clear,,FALSE,BYRON AVE; MAYWOOD RD; Near,3/7/2019 1:13:15 PM,544230.5515,4808181.606
46300,17-049711,3/6/2017 9:15:00 PM,2017,3,6,21,15,0,Monday,543173.0015,4808944.636,-80.466575,43.432161,Intersection related,2,P.D. only,Thru lane,unknown,unknown,Rear end,Unknown,Dark,07 - Dark,Municipal (excl. Twp. Rd.),Stop sign,Functioning,0,0,0,FALSE,FALSE,FALSE,Rain,,FALSE,CARWOOD AVE; DIXON ST,3/7/2019 1:13:14 PM,543173.0015,4808944.636
46301,17-049943,3/7/2017 7:19:00 PM,2017,3,7,19,19,0,Tuesday,540647.8393,4807972.077,-80.497846,43.423546,At intersection,1,Non-fatal injury,Within intersection,unknown,unknown,SMV other,Unknown,Dark,07 - Dark,Municipal (excl. Twp. Rd.),No control,unknown,0,0,0,TRUE,FALSE,FALSE,Clear,,FALSE,CHANDLER DR; LEACREST CRT,3/7/2019 1:13:13 PM,540647.8393,4807972.077
46302,17-050255,3/8/2017 8:37:00 AM,2017,3,8,8,37,0,Wednesday,540525.532,4811868.161,-80.499067,43.458633,At intersection,2,P.D. only,Within intersection,unknown,unknown,Other,Unknown,Daylight,01 - Daylight,Municipal (excl. Twp. Rd.),Stop sign,Functioning,0,0,0,FALSE,FALSE,FALSE,Clear,,FALSE,DUKE ST W; STAHL AVE,3/7/2019 1:13:12 PM,540525.532,4811868.161
46303,17-050432,3/8/2017 9:20:00 AM,2017,3,8,9,20,0,Wednesday,541956.2556,4803586.026,-80.482019,43.383981,At/near private drive,2,P.D. only,Thru lane,unknown,unknown,Other,Unknown,Daylight,01 - Daylight,Municipal (excl. Twp. Rd.),No control,unknown,0,0,0,FALSE,FALSE,FALSE,Clear,,FALSE,ROCHEFORT ST; ROCHEFORT ST ; At,3/7/2019 1:13:11 PM,541956.2556,4803586.026
46304,17-050770,3/8/2017 7:43:00 PM,2017,3,8,19,43,0,Wednesday,544117.418,4811894.678,-80.454668,43.458669,At intersection,1,Non-fatal injury,Within intersection,unknown,unknown,SMV other,Unknown,"Dark, artificial","08 - Dark, artificial",Municipal (excl. Twp. Rd.),Stop sign,Functioning,0,0,0,TRUE,FALSE,FALSE,Clear,,FALSE,RIVER RD E; MANCHESTER RD,3/7/2019 1:13:10 PM,544117.418,4811894.678
46305,17-051001,3/8/2017 7:20:00 PM,2017,3,8,19,20,0,Wednesday,539569.2445,4811424.833,-80.51092,43.454692,Intersection related,2,P.D. only,Thru lane,unknown,unknown,Rear end,Unknown,Daylight,01 - Daylight,Municipal (excl. Twp. Rd.),Stop sign,Functioning,0,0,0,FALSE,FALSE,FALSE,Clear,,FALSE,GREEN ST; PARK ST,3/7/2019 1:13:09 PM,539569.2445,4811424.833
46306,17-051104,3/9/2017 9:22:00 AM,2017,3,9,9,22,0,Thursday,540252.5912,4808336.127,-80.502702,43.426845,Non intersection,2,P.D. only,Not on roadway - right side,unknown,unknown,SMV other,Unknown,Daylight,01 - Daylight,Municipal (excl. Twp. Rd.),No control,unknown,0,0,0,FALSE,FALSE,FALSE,Clear,,FALSE,VILLAGE RD; WESTMOUNT RD E; 300 M,3/7/2019 1:13:07 PM,540252.5912,4808336.127
46307,17-051165,3/9/2017 10:28:00 AM,2017,3,9,10,28,0,Thursday,541585.3737,4811329.623,-80.486008,43.453726,Non intersection,2,P.D. only,Thru lane,unknown,unknown,Rear end,Unknown,Daylight,01 - Daylight,Regional municipality,No control,unknown,0,0,0,FALSE,FALSE,FALSE,Clear,,FALSE,QUEEN ST N; QUEEN ST N; Near; 10 M,3/7/2019 1:13:06 PM,541585.3737,4811329.623
46308,17-051322,3/9/2017 1:43:00 PM,2017,3,9,13,43,0,Thursday,541068,4811108,0,0,Non intersection,2,P.D. only,Not on roadway - right side,unknown,unknown,SMV other,Unknown,Daylight,01 - Daylight,Municipal (excl. Twp. Rd.),No control,unknown,0,0,0,FALSE,FALSE,FALSE,Clear,,FALSE,SPRING CREEK ST; SPRING CREEK ST ; At; 4 M,3/7/2019 1:13:05 PM,541068,4811108
46309,17-052074,3/10/2017 11:52:00 AM,2017,3,10,11,52,0,Friday,542612.5315,4806684.243,-80.473676,43.411841,Intersection related,1,Non-fatal injury,Off highway,unknown,unknown,SMV other,Unknown,Daylight,01 - Daylight,Municipal (excl. Twp. Rd.),No control,unknown,0,0,0,FALSE,FALSE,FALSE,Clear,,FALSE,OLD COUNTRY DR; CENTURY HILL DR,3/7/2019 1:13:04 PM,542612.5315,4806684.243