OBJECTID,ACCIDENTNUM,ACCIDENTDATE,ACCIDENT_YEAR,ACCIDENT_MONTH,ACCIDENT_DAY,ACCIDENT_HOUR,ACCIDENT_MINUTE,ACCIDENT_SECOND,ACCIDENT_WEEKDAY,XCOORD,YCOORD,LONGITUDE,LATITUDE,ACCIDENTLOCATION,COLLISIONTYPE,CLASSIFICATIONOFACCIDENT,IMPACTLOCATION,INITIALDIRECTIONOFTRAVELONE,INITIALDIRECTIONOFTRAVELTWO,INITIALIMPACTTYPE,INTTRAFFICCONTROL,LIGHT,LIGHTFORREPORT,ROADJURISDICTION,TRAFFICCONTROL,TRAFFICCONTROLCONDITION,THRULANENO,NORTHBOUNDDISOBEYCOUNT,SOUTHBOUNDDISOBEYCOUNT,PEDESTRIANINVOLVED,CYCLISTINVOLVED,MOTORCYCLISTINVOLVED,ENVIRONMENTCONDITION1,ENVIRONMENTCONDITION2,SELFREPORTED,XMLIMPORTNOTES,LASTEDITEDDATE,x,y
46310,17-052262,3/10/2017 4:09:00 PM,2017,3,10,16,9,0,Friday,543045.1694,4809759.074,-80.46809,43.439502,Intersection related,2,P.D. only,Thru lane,unknown,unknown,Angle,Unknown,Daylight,01 - Daylight,Municipal (excl. Twp. Rd.),Stop sign,Functioning,0,0,0,FALSE,FALSE,FALSE,Snow,,FALSE,CHARLES ST E; PRESTON ST ; Near,3/7/2019 1:13:03 PM,543045.1694,4809759.074
46311,17-052279,3/10/2017 3:50:00 PM,2017,3,10,15,50,0,Friday,543598.587,4812978.541,-80.460994,43.468458,Non intersection,2,P.D. only,Thru lane,unknown,unknown,Rear end,Unknown,Daylight,01 - Daylight,Municipal (excl. Twp. Rd.),No control,unknown,0,0,0,FALSE,FALSE,FALSE,Clear,,FALSE,SHIRLEY AVE; SHIRLEY AVE ; Near,3/7/2019 1:13:02 PM,543598.587,4812978.541
46312,17-052493,3/10/2017 9:34:00 PM,2017,3,10,21,34,0,Friday,543561.9446,4812259.411,-80.461505,43.461985,Non intersection,2,P.D. only,Thru lane,unknown,unknown,Approaching,Unknown,"Dark, artificial","08 - Dark, artificial",Regional municipality,No control,unknown,0,0,0,FALSE,FALSE,FALSE,Drifting Snow,,FALSE,RIVER RD E; FREDERICK ST; 23 M,3/7/2019 1:13:01 PM,543561.9446,4812259.411
46313,17-052544,3/10/2017 10:32:00 PM,2017,3,10,22,32,0,Friday,539079.5734,4811111.007,-80.516995,43.451892,At intersection,2,P.D. only,Within intersection,unknown,unknown,Angle,Unknown,"Dark, artificial","08 - Dark, artificial",Regional municipality,Traffic signal,Functioning,0,0,1,FALSE,FALSE,FALSE,Drifting Snow,,FALSE,GLASGOW ST; BELMONT AVE W,3/7/2019 1:13:00 PM,539079.5734,4811111.007
46314,17-052693,3/10/2017 8:00:00 PM,2017,3,10,20,0,0,Friday,544325.8167,4802522.827,-80.452852,43.374272,Non intersection,2,P.D. only,Not on roadway - left side,unknown,unknown,SMV other,Unknown,Dark,07 - Dark,Municipal (excl. Twp. Rd.),No control,unknown,0,0,0,FALSE,FALSE,FALSE,Snow,,FALSE,REIDEL DR ; STAUFFER DR ; 300 M,3/7/2019 1:12:59 PM,544325.8167,4802522.827
46315,17-052720,3/11/2017 7:34:00 AM,2017,3,11,7,34,0,Saturday,541466.9415,4810853.625,-80.487508,43.449446,Non intersection,2,P.D. only,Not on roadway - right side,unknown,unknown,SMV other,Unknown,Daylight,01 - Daylight,Municipal (excl. Twp. Rd.),No control,unknown,0,0,0,FALSE,FALSE,FALSE,Snow,,FALSE,KING ST E; QUEEN ST N; 30 M,3/7/2019 1:12:57 PM,541466.9415,4810853.625
46316,17-052767,3/10/2017 5:20:00 PM,2017,3,10,17,20,0,Friday,543534.7976,4812294.682,-80.461837,43.462304,Non intersection,2,P.D. only,Thru lane,unknown,unknown,Sideswipe,Unknown,Daylight,01 - Daylight,Regional municipality,No control,unknown,0,0,0,FALSE,FALSE,FALSE,Snow,,FALSE,FREDERICK ST ; RIVER RD E; Near,3/7/2019 1:12:55 PM,543534.7976,4812294.682
46317,17-053040,3/11/2017 3:00:00 PM,2017,3,11,15,0,0,Saturday,539999.3021,4810409.645,-80.505679,43.445529,Intersection related,2,P.D. only,Thru lane,unknown,unknown,Rear end,Unknown,Daylight,01 - Daylight,Municipal (excl. Twp. Rd.),Traffic signal,Functioning,0,0,0,FALSE,FALSE,FALSE,Clear,,FALSE,WEST AVE; STRANGE ST,3/7/2019 1:12:53 PM,539999.3021,4810409.645
46318,17-053647,3/11/2017 12:10:00 PM,2017,3,11,12,10,0,Saturday,541482.1608,4808774.302,-80.487478,43.430723,At/near private drive,2,P.D. only,Thru lane,unknown,unknown,Other,Unknown,Daylight,01 - Daylight,Regional municipality,No control,unknown,0,0,0,FALSE,FALSE,FALSE,Clear,,FALSE,HIGHLAND RD E; HIGHLAND RD E; Near,3/7/2019 1:12:51 PM,541482.1608,4808774.303
46319,17-053666,3/12/2017 2:20:00 PM,2017,3,12,14,20,0,Sunday,543106.05,4811416.902,-80.467207,43.454426,At/near private drive,2,P.D. only,Thru lane,unknown,unknown,SMV unattended vehicle,Unknown,Daylight,01 - Daylight,Municipal (excl. Twp. Rd.),No control,unknown,0,0,0,FALSE,FALSE,FALSE,Clear,,FALSE,KRUG ST; KRUG ST ; At,3/7/2019 1:12:50 PM,543106.05,4811416.902
46320,17-053932,3/12/2017 10:56:00 PM,2017,3,12,22,56,0,Sunday,541150.3088,4811151.027,-80.491399,43.452142,Intersection related,2,P.D. only,Not on roadway - right side,unknown,unknown,SMV other,Unknown,"Dark, artificial","08 - Dark, artificial",Municipal (excl. Twp. Rd.),Traffic signal,Functioning,0,0,0,FALSE,FALSE,FALSE,Clear,,FALSE,DUKE ST W; YOUNG ST; Near; 9.6 M,3/7/2019 1:12:49 PM,541150.3088,4811151.027
46321,17-054145,3/13/2017 9:14:00 AM,2017,3,13,9,14,0,Monday,541631.9658,4811414.225,-80.485426,43.454485,At intersection,2,P.D. only,Within intersection,unknown,unknown,Angle,Unknown,Daylight,01 - Daylight,Regional municipality,Traffic signal,Functioning,0,0,0,FALSE,FALSE,FALSE,Clear,,FALSE,QUEEN ST N; OTTO ST,3/7/2019 1:12:47 PM,541631.9658,4811414.225
46322,17-054226,3/13/2017 11:21:00 AM,2017,3,13,11,21,0,Monday,541074.5454,4808737.303,-80.492517,43.430413,Non intersection,2,P.D. only,Thru lane,unknown,unknown,SMV other,Unknown,Daylight,01 - Daylight,Regional municipality,No control,unknown,0,0,0,FALSE,FALSE,FALSE,Snow,,FALSE,HOMER WATSON BLVD; HOFFMAN ST; Near; 300 M,3/7/2019 1:12:46 PM,541074.5454,4808737.303
46323,17-054302,3/13/2017 1:04:00 PM,2017,3,13,13,4,0,Monday,543997.7038,4809274.137,-80.456359,43.43508,Non intersection,2,P.D. only,Not on roadway - right side,unknown,unknown,SMV other,Unknown,Daylight,01 - Daylight,Municipal (excl. Twp. Rd.),No control,unknown,0,0,0,FALSE,FALSE,FALSE,Snow,,FALSE,FIRST AVE; FIRST AVE ; 10 M,3/7/2019 1:12:44 PM,543997.7038,4809274.138
46324,17-054363,3/13/2017 11:00:00 AM,2017,3,13,11,0,0,Monday,540734.6004,4811506.56,-80.49651,43.455366,At intersection,2,P.D. only,Within intersection,unknown,unknown,Other,Unknown,Daylight,01 - Daylight,Municipal (excl. Twp. Rd.),Stop sign,Functioning,0,0,0,FALSE,FALSE,FALSE,Snow,,FALSE,DUKE ST W; BREITHAUPT ST,3/7/2019 1:12:43 PM,540734.6004,4811506.56
46325,17-054384,3/12/2017 1:00:00 PM,2017,3,12,13,0,0,Sunday,545960.4956,4803094.677,-80.432627,43.379323,At/near private drive,2,P.D. only,Thru lane,unknown,unknown,SMV unattended vehicle,Unknown,Daylight,01 - Daylight,Municipal (excl. Twp. Rd.),No control,unknown,0,0,0,FALSE,FALSE,FALSE,Clear,,FALSE,DOON SOUTH DR; DOON SOUTH DR,3/7/2019 1:12:41 PM,545960.4956,4803094.677
46326,17-054428,3/10/2017 5:30:00 PM,2017,3,10,17,30,0,Friday,541834.2027,4810441.485,-80.483001,43.445715,Non intersection,2,P.D. only,Thru lane,unknown,unknown,SMV other,Unknown,Daylight,01 - Daylight,Municipal (excl. Twp. Rd.),No control,unknown,0,0,0,FALSE,FALSE,FALSE,Snow,,FALSE,MADISON AVE S; MADISON AVE S,3/7/2019 1:12:40 PM,541834.2027,4810441.486
46327,17-054431,3/13/2017 3:44:00 PM,2017,3,13,15,44,0,Monday,539407.8564,4810311.166,-80.512995,43.444673,Non intersection,2,P.D. only,Thru lane,unknown,unknown,Rear end,Unknown,Daylight,01 - Daylight,Regional municipality,No control,unknown,0,0,0,FALSE,FALSE,FALSE,Snow,,FALSE,BELMONT AVE W; ADELAIDE ST; Near; 20 M,3/7/2019 1:12:39 PM,539407.8564,4810311.166
46328,17-054463,3/13/2017 4:35:00 PM,2017,3,13,16,35,0,Monday,542476.8058,4812862.591,-80.474871,43.467479,Non intersection,2,P.D. only,Not on roadway - right side,unknown,unknown,SMV other,Unknown,Daylight,01 - Daylight,Municipal (excl. Twp. Rd.),Stop sign,Functioning,0,0,0,FALSE,FALSE,FALSE,Snow,,FALSE,SPRING VALLEY RD ; GUELPH ST ; 60 M,3/7/2019 1:12:38 PM,542476.8058,4812862.591
46329,17-054464,3/13/2017 4:36:00 PM,2017,3,13,16,36,0,Monday,547758.2136,4811475.505,-80.409703,43.454671,Non intersection,2,P.D. only,Right shoulder,unknown,unknown,SMV other,Unknown,Daylight,01 - Daylight,Regional municipality,No control,unknown,0,0,0,FALSE,FALSE,FALSE,Snow,,FALSE,OLD ZELLER DR ; VALEBROOK ST ; 27 M,3/7/2019 1:12:37 PM,547758.2136,4811475.505
46330,17-054469,3/13/2017 4:40:00 PM,2017,3,13,16,40,0,Monday,541900.493,4813861.607,-80.481919,43.476506,Non intersection,2,P.D. only,Not on roadway - right side,unknown,unknown,SMV other,Unknown,Daylight,01 - Daylight,Municipal (excl. Twp. Rd.),No control,unknown,0,0,0,FALSE,FALSE,FALSE,Snow,,FALSE,RIVERBEND DR ; LANCASTER ST W; 300 M,3/7/2019 1:12:36 PM,541900.493,4813861.607
46331,17-054529,3/13/2017 6:18:00 PM,2017,3,13,18,18,0,Monday,540578.7389,4809700.614,-80.498571,43.439113,At intersection,2,P.D. only,Thru lane,unknown,unknown,SMV other,Unknown,Dusk,05 - Dusk,Regional municipality,No control,unknown,0,0,0,FALSE,FALSE,FALSE,Snow,,FALSE,SPADINA RD E; WINSLOW DR,3/7/2019 1:12:35 PM,540578.7389,4809700.614
46332,17-054532,3/13/2017 6:23:00 PM,2017,3,13,18,23,0,Monday,544611.3565,4813366.567,-80.448442,43.471892,Non intersection,2,P.D. only,Thru lane,unknown,unknown,Sideswipe,Unknown,Daylight,01 - Daylight,Municipal (excl. Twp. Rd.),No control,unknown,0,0,0,FALSE,FALSE,FALSE,Snow,,FALSE,BINGEMANS CENTRE DR; SHIRLEY DR ; 500 M,3/7/2019 1:12:34 PM,544611.3565,4813366.567
46333,17-054544,3/12/2017 3:00:00 PM,2017,3,12,15,0,0,Sunday,543488.9292,4808433.297,-80.462712,43.427539,Non intersection,2,P.D. only,Thru lane,unknown,unknown,SMV unattended vehicle,Unknown,Daylight,01 - Daylight,Municipal (excl. Twp. Rd.),No control,unknown,0,0,0,FALSE,FALSE,FALSE,Clear,,FALSE,ERIE AVE; VANIER DR; Near,3/7/2019 1:12:33 PM,543488.9292,4808433.297
46334,17-054547,3/13/2017 7:02:00 PM,2017,3,13,19,2,0,Monday,541896.6246,4813865.414,-80.481966,43.476541,Non intersection,2,P.D. only,Not on roadway - right side,unknown,unknown,SMV other,Unknown,Daylight,01 - Daylight,Municipal (excl. Twp. Rd.),No control,unknown,0,0,0,FALSE,FALSE,FALSE,Clear,,FALSE,RIVERBEND DR; LANCASTER ST W; 300 M,3/7/2019 1:12:32 PM,541896.6246,4813865.414
46335,17-054864,3/13/2017 10:30:00 PM,2017,3,13,22,30,0,Monday,540660.612,4809405.697,-80.497581,43.436453,Non intersection,2,P.D. only,Thru lane,unknown,unknown,SMV unattended vehicle,Unknown,Dark,07 - Dark,Municipal (excl. Twp. Rd.),No control,unknown,0,0,0,FALSE,FALSE,FALSE,Snow,,FALSE,PLEASANT AVE; PLEASANT AVE,3/7/2019 1:12:31 PM,540660.612,4809405.697
46336,17-054878,3/14/2017 9:05:00 AM,2017,3,14,9,5,0,Tuesday,541589.4866,4809246.196,-80.486116,43.434966,At/near private drive,2,P.D. only,Thru lane,unknown,unknown,Other,Unknown,Daylight,01 - Daylight,Municipal (excl. Twp. Rd.),No control,unknown,0,0,0,FALSE,FALSE,FALSE,Snow,,FALSE,TAMROTH CLOSE ; TAMROTH CLOSE,3/7/2019 1:12:30 PM,541589.4866,4809246.196
46337,17-054968,3/14/2017 12:39:00 PM,2017,3,14,12,39,0,Tuesday,540579.4815,4810631.307,-80.498493,43.447493,Intersection related,2,P.D. only,Not on roadway - right side,unknown,unknown,SMV other,Unknown,Daylight,01 - Daylight,Municipal (excl. Twp. Rd.),Stop sign,Functioning,0,0,0,FALSE,FALSE,FALSE,Clear,,FALSE,JUBILEE DR; HEINS AVE,3/7/2019 1:12:29 PM,540579.4815,4810631.307
46338,17-055053,3/14/2017 2:53:00 PM,2017,3,14,14,53,0,Tuesday,539395.8716,4808377.435,-80.513283,43.427262,Non intersection,2,P.D. only,Not on roadway - right side,unknown,unknown,SMV other,Unknown,Daylight,01 - Daylight,Municipal (excl. Twp. Rd.),No control,unknown,0,0,0,FALSE,FALSE,FALSE,Snow,,FALSE,CYPRUS DR; RUSSET PL ; 5 M,3/7/2019 1:12:28 PM,539395.8716,4808377.435
46339,17-055092,3/14/2017 2:30:00 PM,2017,3,14,14,30,0,Tuesday,542078.7812,4809219.757,-80.480073,43.434701,Non intersection,2,P.D. only,Thru lane,unknown,unknown,Turning movement,Unknown,Daylight,01 - Daylight,Municipal (excl. Twp. Rd.),No control,unknown,0,0,0,FALSE,FALSE,FALSE,Clear,,FALSE,MILL ST; MILL ST ; Near,3/7/2019 1:12:26 PM,542078.7812,4809219.758
46340,17-055095,3/14/2017 3:37:00 PM,2017,3,14,15,37,0,Tuesday,545144.3153,4806971.049,-80.442382,43.414275,Non intersection,2,P.D. only,Thru lane,unknown,unknown,Angle,Unknown,Daylight,01 - Daylight,Municipal (excl. Twp. Rd.),No control,unknown,0,0,0,FALSE,FALSE,FALSE,Clear,,FALSE,WILSON AVE ; WILSON AVE ; At; 5 M,3/7/2019 1:12:25 PM,545144.3153,4806971.049
46341,17-055166,3/14/2017 5:25:00 PM,2017,3,14,17,25,0,Tuesday,540171.8601,4803090.626,-80.504084,43.379618,Non intersection,1,Non-fatal injury,Not on roadway - right side,unknown,unknown,SMV other,Unknown,Daylight,01 - Daylight,Municipal (excl. Twp. Rd.),No control,unknown,0,0,0,FALSE,FALSE,FALSE,Drifting Snow,,FALSE,HURON RD; TRUSSLER RD ; 950 M,3/7/2019 1:12:24 PM,540171.8601,4803090.626
46342,17-055615,3/15/2017 7:50:00 AM,2017,3,15,7,50,0,Wednesday,540806.7451,4810878.317,-80.495666,43.449705,Non intersection,2,P.D. only,Thru lane,unknown,unknown,Other,Unknown,Daylight,01 - Daylight,Municipal (excl. Twp. Rd.),Traffic signal,Functioning,0,0,0,FALSE,FALSE,FALSE,Clear,,FALSE,JOSEPH ST; WATER ST S; Near,3/7/2019 1:12:21 PM,540806.7451,4810878.317
46343,17-055788,3/15/2017 2:49:00 PM,2017,3,15,14,49,0,Wednesday,545858.131,4806921.369,-80.43357,43.413784,At/near private drive,2,P.D. only,Not on roadway - left side,unknown,unknown,SMV other,Unknown,Daylight,01 - Daylight,Regional municipality,No control,unknown,0,0,0,FALSE,FALSE,FALSE,Clear,,FALSE,WABANAKI DR; MANITOU DR; At; 0 M,3/7/2019 1:12:20 PM,545858.131,4806921.369
46344,17-055885,3/15/2017 5:00:00 PM,2017,3,15,17,0,0,Wednesday,543068.523,4807435.505,-80.467985,43.418579,Intersection related,2,Non-reportable,Thru lane,unknown,unknown,Rear end,Unknown,Daylight,01 - Daylight,Regional municipality,Yield sign,Functioning,0,0,0,FALSE,FALSE,FALSE,Clear,,FALSE,FALLOWFIELD DR; BLOCK LINE RD,3/7/2019 1:12:19 PM,543068.523,4807435.505
46345,17-055979,3/15/2017 8:07:00 PM,2017,3,15,20,7,0,Wednesday,539317.6092,4810615.359,-80.514088,43.447417,At intersection,2,P.D. only,Within intersection,unknown,unknown,Angle,Unknown,"Daylight, artificial","02 - Daylight, artificial",Regional municipality,Traffic signal,Functioning,0,0,0,FALSE,FALSE,FALSE,Clear,,FALSE,BELMONT AVE W; GAGE AVE,3/7/2019 1:12:18 PM,539317.6092,4810615.359
46346,17-056338,3/16/2017 11:15:00 AM,2017,3,16,11,15,0,Thursday,541422.2939,4810842.811,-80.488061,43.449352,Non intersection,2,P.D. only,Thru lane,unknown,unknown,SMV unattended vehicle,Unknown,Daylight,01 - Daylight,Regional municipality,No control,unknown,0,0,0,FALSE,FALSE,FALSE,Clear,,FALSE,KING ST E; KING ST E; Near,3/7/2019 1:12:17 PM,541422.2939,4810842.811
46347,17-056346,3/15/2017 1:55:00 PM,2017,3,15,13,55,0,Wednesday,542390.2104,4806689.635,-80.476421,43.411902,At/near private drive,2,P.D. only,Thru lane,unknown,unknown,Other,Unknown,Daylight,01 - Daylight,Regional municipality,No control,unknown,0,0,0,FALSE,FALSE,FALSE,Clear,,FALSE,STRASBURG RD; STRASBURG RD,3/7/2019 1:12:16 PM,542390.2104,4806689.635
46348,17-056781,3/16/2017 11:00:00 PM,2017,3,16,23,0,0,Thursday,546034.659,4803840.869,-80.431649,43.386037,At intersection,2,P.D. only,Within intersection,unknown,unknown,SMV other,Unknown,Dark,07 - Dark,Municipal (excl. Twp. Rd.),Stop sign,Functioning,0,0,0,FALSE,FALSE,FALSE,Clear,,FALSE,PINE VALLEY DR; DOON MILLS DR,3/7/2019 1:12:15 PM,546034.659,4803840.869
46349,17-057042,3/17/2017 9:59:00 AM,2017,3,17,9,59,0,Friday,540925.1012,4808233.219,-80.494401,43.425882,Other,2,P.D. only,Off highway,unknown,unknown,Turning movement,Unknown,Daylight,01 - Daylight,Private property,Stop sign,Functioning,0,0,0,FALSE,FALSE,FALSE,Clear,,FALSE,PRIVATE DRIVE; CONESTOGA COLLEGE; At; 120 M,3/7/2019 1:12:13 PM,540925.1012,4808233.219
46350,17-057319,3/17/2017 2:05:00 PM,2017,3,17,14,5,0,Friday,542028.4818,4810472.858,-80.480598,43.445987,At/near private drive,1,Non-fatal injury,Thru lane,unknown,unknown,Sideswipe,Unknown,Daylight,01 - Daylight,Regional municipality,No control,unknown,0,0,0,FALSE,FALSE,FALSE,Clear,,FALSE,KING ST E; KING ST E; Near,3/7/2019 1:12:12 PM,542028.4818,4810472.858
46351,17-057491,3/17/2017 8:50:00 AM,2017,3,17,8,50,0,Friday,547337.8323,4811442.201,-80.414901,43.454398,At/near private drive,2,P.D. only,Thru lane,unknown,unknown,Other,Unknown,Daylight,01 - Daylight,Municipal (excl. Twp. Rd.),No control,unknown,0,0,0,FALSE,FALSE,FALSE,Clear,,FALSE,BROOKMEAD ST; BROOKMEAD ST,3/7/2019 1:12:11 PM,547337.8323,4811442.201
46352,17-057534,3/16/2017 4:20:00 PM,2017,3,16,16,20,0,Thursday,540171.567,4809412.918,-80.503623,43.436545,Intersection related,2,P.D. only,Thru lane,unknown,unknown,Sideswipe,Unknown,Daylight,01 - Daylight,Municipal (excl. Twp. Rd.),No control,unknown,0,0,0,FALSE,FALSE,FALSE,Clear,,FALSE,QUEENS BLVD; BELMONT AVE W,3/7/2019 1:12:10 PM,540171.567,4809412.918
46353,17-057655,3/17/2017 8:35:00 PM,2017,3,17,20,35,0,Friday,544790.8328,4805227.773,-80.446891,43.3986,At/near private drive,1,Non-fatal injury,Thru lane,unknown,unknown,Turning movement,Unknown,"Dark, artificial","08 - Dark, artificial",Municipal (excl. Twp. Rd.),No control,unknown,0,0,0,FALSE,FALSE,FALSE,Clear,,FALSE,DOON VILLAGE RD; DOON VILLAGE RD ; At; 5 M,3/7/2019 1:12:09 PM,544790.8328,4805227.773
46354,17-058221,3/18/2017 9:41:00 AM,2017,3,18,9,41,0,Saturday,539021.1615,4811243.155,-80.517707,43.453085,Non intersection,2,P.D. only,Thru lane,unknown,unknown,Turning movement,Unknown,Daylight,01 - Daylight,Municipal (excl. Twp. Rd.),No control,unknown,0,0,0,FALSE,FALSE,FALSE,Snow,,FALSE,BELMONT AVE W; ROCK AVE; 50 M,3/7/2019 1:12:08 PM,539021.1615,4811243.155
46355,17-058266,3/18/2017 10:26:00 AM,2017,3,18,10,26,0,Saturday,541222.8069,4811865.868,-80.490449,43.458574,At intersection,2,P.D. only,Within intersection,unknown,unknown,Angle,Unknown,Daylight,01 - Daylight,Regional municipality,Traffic signal,Functioning,0,1,0,FALSE,FALSE,FALSE,Clear,,FALSE,WELLINGTON ST N; MARGARET AVE,3/7/2019 1:12:07 PM,541222.8069,4811865.868
46356,17-058344,3/18/2017 8:45:00 AM,2017,3,18,8,45,0,Saturday,539839.9978,4811424.262,-80.507573,43.454673,At/near private drive,2,P.D. only,Thru lane,unknown,unknown,Turning movement,Unknown,Daylight,01 - Daylight,Municipal (excl. Twp. Rd.),No control,unknown,0,0,0,FALSE,FALSE,FALSE,Snow,,FALSE,WALTER ST; GREEN ST ; Near,3/7/2019 1:12:06 PM,539839.9978,4811424.262
46357,17-058907,3/19/2017 1:12:00 AM,2017,3,19,1,12,0,Sunday,542942.4757,4811340.125,-80.469234,43.453744,At intersection,2,P.D. only,Within intersection,unknown,unknown,SMV other,Unknown,Dark,07 - Dark,Municipal (excl. Twp. Rd.),Stop sign,Functioning,0,0,0,FALSE,FALSE,FALSE,Clear,,FALSE,KRUG ST; DUMFRIES AVE,3/7/2019 1:12:05 PM,542942.4757,4811340.125
46358,17-059243,3/19/2017 3:20:00 PM,2017,3,19,15,20,0,Sunday,539802.1118,4810736.916,-80.508092,43.448486,At intersection,2,P.D. only,Within intersection,unknown,unknown,Turning movement,Unknown,Daylight,01 - Daylight,Municipal (excl. Twp. Rd.),No control,unknown,0,0,0,FALSE,FALSE,FALSE,Clear,,FALSE,STRANGE ST; WAVERLY RD; 0 K,3/7/2019 1:12:04 PM,539802.1118,4810736.916
46359,17-059672,3/20/2017 8:54:00 AM,2017,3,20,8,54,0,Monday,542785.419,4804148.525,-80.471739,43.388999,At intersection,2,P.D. only,Within intersection,unknown,unknown,Turning movement,Unknown,Daylight,01 - Daylight,Regional municipality,Stop sign,Functioning,0,0,0,FALSE,FALSE,FALSE,Clear,,FALSE,HURON RD; PARKVALE DR,3/7/2019 1:12:02 PM,542785.419,4804148.525
46360,17-060590,3/20/2017 5:10:00 PM,2017,3,20,17,10,0,Monday,541465.7556,4809537.245,-80.487623,43.437594,Intersection related,2,P.D. only,Thru lane,unknown,unknown,Rear end,Unknown,Daylight,01 - Daylight,Municipal (excl. Twp. Rd.),Traffic signal,Functioning,0,0,0,FALSE,FALSE,FALSE,Clear,,FALSE,STIRLING AVE S; MILL ST; At,3/7/2019 1:12:01 PM,541465.7556,4809537.245
46361,17-060613,3/21/2017 8:00:00 AM,2017,3,21,8,0,0,Tuesday,545089.0683,4807930.919,-80.442985,43.422921,At/near private drive,2,P.D. only,Left turn lane,unknown,unknown,Turning movement,Unknown,Daylight,01 - Daylight,Municipal (excl. Twp. Rd.),No control,unknown,0,0,0,FALSE,FALSE,FALSE,Clear,,FALSE,KINGSWAY DR; KINGSWAY DR; Near,3/7/2019 1:12:00 PM,545089.0683,4807930.919
46362,17-060799,3/21/2017 4:50:00 PM,2017,3,21,16,50,0,Tuesday,542380.1175,4807651.926,-80.476471,43.420567,At/near private drive,2,P.D. only,Thru lane,unknown,unknown,Turning movement,Unknown,Daylight,01 - Daylight,Municipal (excl. Twp. Rd.),No control,unknown,0,0,0,FALSE,FALSE,FALSE,Clear,,FALSE,GRACEFIELD CRES; GRACEFIELD CRES; At,3/7/2019 1:11:59 PM,542380.1175,4807651.927
46363,17-061270,3/21/2017 4:45:00 PM,2017,3,21,16,45,0,Tuesday,541508.8533,4814112.051,-80.486742,43.478783,At/near private drive,2,P.D. only,Right shoulder,unknown,unknown,SMV unattended vehicle,Unknown,Daylight,01 - Daylight,Municipal (excl. Twp. Rd.),No control,unknown,0,0,0,FALSE,FALSE,FALSE,Clear,,FALSE,GENERAL DR; GENERAL DR; Near,3/7/2019 1:11:58 PM,541508.8533,4814112.051
46364,17-061634,3/22/2017 4:30:00 PM,2017,3,22,16,30,0,Wednesday,542581.1356,4810126.565,-80.473795,43.442837,At intersection,2,P.D. only,Within intersection,unknown,unknown,Angle,Unknown,Daylight,01 - Daylight,Regional municipality,Traffic signal,Functioning,0,0,0,FALSE,FALSE,FALSE,Clear,,FALSE,KING ST E; BORDEN AVE N,3/7/2019 1:11:57 PM,542581.1356,4810126.565
46365,17-062290,3/23/2017 1:17:00 PM,2017,3,23,13,17,0,Thursday,538737.0044,4805720.332,-80.521611,43.403372,Non intersection,1,Non-fatal injury,Thru lane,unknown,unknown,SMV other,Unknown,Daylight,01 - Daylight,Municipal (excl. Twp. Rd.),No control,unknown,0,0,0,FALSE,FALSE,FALSE,Clear,,FALSE,ISAIAH DR; ISAIAH DR ; At; 1 M,3/7/2019 1:11:56 PM,538737.0044,4805720.332
46366,17-062444,3/23/2017 3:30:00 PM,2017,3,23,15,30,0,Thursday,544610.6219,4809093.186,-80.448801,43.433415,Intersection related,2,P.D. only,Thru lane,unknown,unknown,Rear end,Unknown,Daylight,01 - Daylight,Municipal (excl. Twp. Rd.),Traffic signal,Functioning,0,0,0,FALSE,FALSE,FALSE,Clear,,FALSE,FRANKLIN ST S; KINGSWAY DR; At,3/7/2019 1:11:54 PM,544610.6219,4809093.186
46367,17-062476,3/23/2017 5:07:00 PM,2017,3,23,17,7,0,Thursday,540178.9541,4811335.493,-80.503391,43.453855,At/near private drive,2,P.D. only,Thru lane,unknown,unknown,Other,Unknown,Daylight,01 - Daylight,Municipal (excl. Twp. Rd.),No control,unknown,0,0,0,FALSE,FALSE,FALSE,Clear,,FALSE,WELLINGTON ST S; WELLINGTON ST S; At; 0 M,3/7/2019 1:11:53 PM,540178.9541,4811335.493
46368,17-062503,3/23/2017 5:42:00 PM,2017,3,23,17,42,0,Thursday,541662.0073,4810409.511,-80.485131,43.445437,At intersection,1,Non-fatal injury,Within intersection,unknown,unknown,Angle,Unknown,Daylight,01 - Daylight,Municipal (excl. Twp. Rd.),Stop sign,Functioning,0,0,0,FALSE,FALSE,FALSE,Clear,,FALSE,CEDAR ST S; CHURCH ST ; 5 M,3/7/2019 1:11:52 PM,541662.0073,4810409.511
46369,17-062539,3/23/2017 4:30:00 PM,2017,3,23,16,30,0,Thursday,538711.7055,4807768.029,-80.521778,43.421811,Intersection related,2,P.D. only,Thru lane,unknown,unknown,Rear end,Unknown,Daylight,01 - Daylight,Municipal (excl. Twp. Rd.),No control,unknown,0,0,0,FALSE,FALSE,FALSE,Clear,,FALSE,MCGARRY DR; FORESTWOOD DR; At,3/7/2019 1:11:51 PM,538711.7055,4807768.03
46370,17-062577,3/23/2017 4:00:00 PM,2017,3,23,16,0,0,Thursday,537353.6924,4809590.23,-80.538429,43.438287,At/near private drive,2,P.D. only,Thru lane,unknown,unknown,SMV unattended vehicle,Unknown,Daylight,01 - Daylight,Municipal (excl. Twp. Rd.),No control,unknown,0,0,0,FALSE,FALSE,FALSE,Clear,,FALSE,STOKE DR; STOKE DR,3/7/2019 1:11:50 PM,537353.6924,4809590.23
46371,17-063965,3/25/2017 6:56:00 PM,2017,3,25,18,56,0,Saturday,542697.9283,4816465.073,-80.471855,43.499902,At/near private drive,2,P.D. only,Thru lane,unknown,unknown,SMV unattended vehicle,Unknown,Daylight,01 - Daylight,Municipal (excl. Twp. Rd.),No control,unknown,0,0,0,FALSE,FALSE,FALSE,Clear,,FALSE,EAGLECREST ST; EAGLECREST ST ; Near; 2 M,3/7/2019 1:11:49 PM,542697.9283,4816465.073