OBJECTID,ACCIDENTNUM,ACCIDENTDATE,ACCIDENT_YEAR,ACCIDENT_MONTH,ACCIDENT_DAY,ACCIDENT_HOUR,ACCIDENT_MINUTE,ACCIDENT_SECOND,ACCIDENT_WEEKDAY,XCOORD,YCOORD,LONGITUDE,LATITUDE,ACCIDENTLOCATION,COLLISIONTYPE,CLASSIFICATIONOFACCIDENT,IMPACTLOCATION,INITIALDIRECTIONOFTRAVELONE,INITIALDIRECTIONOFTRAVELTWO,INITIALIMPACTTYPE,INTTRAFFICCONTROL,LIGHT,LIGHTFORREPORT,ROADJURISDICTION,TRAFFICCONTROL,TRAFFICCONTROLCONDITION,THRULANENO,NORTHBOUNDDISOBEYCOUNT,SOUTHBOUNDDISOBEYCOUNT,PEDESTRIANINVOLVED,CYCLISTINVOLVED,MOTORCYCLISTINVOLVED,ENVIRONMENTCONDITION1,ENVIRONMENTCONDITION2,SELFREPORTED,XMLIMPORTNOTES,LASTEDITEDDATE,x,y
46372,17-064647,3/26/2017 1:51:00 PM,2017,3,26,13,51,0,Sunday,543660.9792,4810816.293,-80.460396,43.448986,At intersection,2,P.D. only,Within intersection,unknown,unknown,Turning movement,Unknown,Daylight,01 - Daylight,Municipal (excl. Twp. Rd.),Stop sign,Functioning,0,0,0,FALSE,FALSE,FALSE,Clear,,FALSE,NOTTINGHAM AVE; LYNDHURST DR,3/7/2019 1:11:48 PM,543660.9792,4810816.293
46373,17-064735,3/26/2017 3:53:00 PM,2017,3,26,15,53,0,Sunday,540714.4483,4811630.743,-80.49675,43.456485,Other,2,P.D. only,Off highway,unknown,unknown,SMV other,Unknown,Daylight,01 - Daylight,Private property,No control,unknown,0,0,0,FALSE,FALSE,FALSE,Clear,,FALSE,DRIVEWAY; 138 WELLINGTON ST N; At,3/7/2019 1:11:47 PM,540714.4483,4811630.743
46374,17-066525,3/28/2017 4:00:00 PM,2017,3,28,16,0,0,Tuesday,538760.2992,4808921.961,-80.521096,43.432199,At/near private drive,2,P.D. only,Thru lane,unknown,unknown,Other,Unknown,Daylight,01 - Daylight,Municipal (excl. Twp. Rd.),No control,unknown,0,0,0,FALSE,FALSE,FALSE,Clear,,FALSE,EAGEN DR; EAGEN DR; Near,3/7/2019 1:11:45 PM,538760.2992,4808921.961
46375,17-066715,3/29/2017 3:00:00 AM,2017,3,29,3,0,0,Wednesday,544412.3098,4806460.548,-80.451465,43.409722,Non intersection,2,P.D. only,Not on roadway - left side,unknown,unknown,SMV other,Unknown,"Dark, artificial","08 - Dark, artificial",Municipal (excl. Twp. Rd.),No control,unknown,0,0,0,FALSE,FALSE,FALSE,Clear,,FALSE,OTONABEE DR; BLEAMS RD ; Near; 300 M,3/7/2019 1:11:44 PM,544412.3098,4806460.548
46376,17-067305,3/29/2017 5:51:00 PM,2017,3,29,17,51,0,Wednesday,544883.8059,4804850.537,-80.445774,43.395198,Intersection related,2,P.D. only,Thru lane,unknown,unknown,Rear end,Unknown,Daylight,01 - Daylight,Municipal (excl. Twp. Rd.),Traffic signal,Functioning,0,0,0,FALSE,FALSE,FALSE,Clear,,FALSE,DOON VILLAGE RD; PIONEER DR,3/7/2019 1:11:43 PM,544883.8059,4804850.537
46377,17-067673,3/30/2017 6:41:00 AM,2017,3,30,6,41,0,Thursday,539078.6064,4811111.959,-80.517006,43.451901,At intersection,1,Non-fatal injury,Within intersection,unknown,unknown,Turning movement,Unknown,Dawn,03 - Dawn,Municipal (excl. Twp. Rd.),Traffic signal,Functioning,0,0,0,FALSE,FALSE,FALSE,Clear,,FALSE,GLASGOW ST ; BELMONT AVE W,3/7/2019 1:11:42 PM,539078.6064,4811111.959
46378,17-067782,3/29/2017 9:15:00 PM,2017,3,29,21,15,0,Wednesday,544559.282,4811739.356,-80.449219,43.457244,Intersection related,2,P.D. only,Thru lane,unknown,unknown,Rear end,Unknown,"Dark, artificial","08 - Dark, artificial",Regional municipality,Traffic signal,Functioning,0,0,0,FALSE,FALSE,FALSE,Clear,,FALSE,RIVER RD E; LORRAINE AVE; At,3/7/2019 1:11:41 PM,544559.282,4811739.356
46379,17-067873,3/30/2017 11:06:00 AM,2017,3,30,11,6,0,Thursday,544495.9053,4810635.425,-80.450092,43.447308,Non intersection,2,P.D. only,Thru lane,unknown,unknown,SMV other,Unknown,Daylight,01 - Daylight,Regional municipality,No control,unknown,0,0,0,FALSE,FALSE,FALSE,Clear,,FALSE,FRANKLIN ST N; FRANKLIN ST N; At; 5 M,3/7/2019 1:11:40 PM,544495.9053,4810635.425
46380,17-067989,3/30/2017 1:34:00 PM,2017,3,30,13,34,0,Thursday,542842.4728,4809873.742,-80.470586,43.440546,At intersection,1,Non-fatal injury,Within intersection,unknown,unknown,Angle,Unknown,Daylight,01 - Daylight,Municipal (excl. Twp. Rd.),Stop sign,Functioning,0,1,0,FALSE,FALSE,FALSE,Clear,,FALSE,CHARLES ST E; SYDNEY ST S,3/7/2019 1:11:39 PM,542842.4728,4809873.742
46381,17-068128,3/30/2017 3:05:00 PM,2017,3,30,15,5,0,Thursday,539315.7954,4810617.656,-80.514111,43.447438,Intersection related,2,P.D. only,Thru lane,unknown,unknown,Rear end,Unknown,Daylight,01 - Daylight,Municipal (excl. Twp. Rd.),Traffic signal,Functioning,0,0,0,FALSE,FALSE,FALSE,Snow,,FALSE,BELMONT AVE W; GAGE AVE ; At,3/7/2019 1:11:38 PM,539315.7954,4810617.657
46382,17-068465,3/30/2017 11:05:00 PM,2017,3,30,23,5,0,Thursday,536069.1906,4807015.504,-80.554471,43.415167,At/near private drive,2,P.D. only,Off highway,unknown,unknown,SMV other,Unknown,"Daylight, artificial","02 - Daylight, artificial",Regional municipality,No control,unknown,0,0,0,FALSE,FALSE,FALSE,Rain,,FALSE,COSTAIN CRT; COSTAIN CRT ; At; 0 M,3/7/2019 1:11:37 PM,536069.1906,4807015.504
46383,17-068937,3/30/2017 3:30:00 PM,2017,3,30,15,30,0,Thursday,541149.153,4810648.562,-80.491451,43.447618,At intersection,2,P.D. only,Within intersection,unknown,unknown,Turning movement,Unknown,Daylight,01 - Daylight,Municipal (excl. Twp. Rd.),Stop sign,Functioning,0,0,0,FALSE,FALSE,FALSE,Snow,,FALSE,QUEEN ST S; ST GEORGE ST,3/7/2019 1:11:36 PM,541149.153,4810648.562
46384,17-068971,3/31/2017 2:45:00 PM,2017,3,31,14,45,0,Friday,537651.6084,4807394.28,-80.534899,43.4185,At/near private drive,1,Non-fatal injury,Thru lane,unknown,unknown,Turning movement,Unknown,Daylight,01 - Daylight,Municipal (excl. Twp. Rd.),No control,unknown,0,0,0,FALSE,FALSE,FALSE,Rain,,FALSE,WESTHEIGHTS DR; WESTHEIGHTS DR ; At; 5 M,3/7/2019 1:11:34 PM,537651.6084,4807394.28
46385,17-069103,3/31/2017 8:50:00 AM,2017,3,31,8,50,0,Friday,541968.4799,4808042.354,-80.481526,43.424106,At/near private drive,2,P.D. only,Thru lane,unknown,unknown,Sideswipe,Unknown,Daylight,01 - Daylight,Municipal (excl. Twp. Rd.),No control,unknown,0,0,0,FALSE,FALSE,FALSE,"Fog, mist, smoke, dust",,FALSE,ALPINE RD; ALPINE RD,3/7/2019 1:11:33 PM,541968.4799,4808042.354
46386,17-069407,4/1/2017 12:01:00 AM,2017,4,1,0,1,0,Saturday,544419.8587,4812462.444,-80.450883,43.463763,Non intersection,2,P.D. only,Thru lane,unknown,unknown,SMV unattended vehicle,Unknown,Dark,07 - Dark,Municipal (excl. Twp. Rd.),No control,unknown,0,0,0,FALSE,FALSE,FALSE,Clear,,FALSE,CARSON DR; CARSON DR ; 2 M,3/7/2019 1:11:32 PM,544419.8587,4812462.444
46387,17-069647,4/1/2017 11:40:00 AM,2017,4,1,11,40,0,Saturday,541842.7368,4803556.767,-80.483423,43.383724,Intersection related,2,P.D. only,Right turn channel,unknown,unknown,SMV other,Unknown,Daylight,01 - Daylight,Municipal (excl. Twp. Rd.),Stop sign,Functioning,0,0,0,FALSE,FALSE,FALSE,Clear,,FALSE,WOODBINE AVE ; SIENNA CRES ; 17.5 M,3/7/2019 1:11:31 PM,541842.7368,4803556.767
46388,17-070049,4/1/2017 8:23:00 PM,2017,4,1,20,23,0,Saturday,542397.6536,4806958.475,-80.476308,43.414322,Non intersection,2,P.D. only,Thru lane,unknown,unknown,SMV unattended vehicle,Unknown,Dark,07 - Dark,Municipal (excl. Twp. Rd.),No control,unknown,0,0,0,FALSE,FALSE,FALSE,Clear,,FALSE,CEDARHILL CRES; CEDARHILL CRES ; At; 3 M,3/7/2019 1:11:30 PM,542397.6536,4806958.475
46389,17-070560,4/1/2017 8:00:00 PM,2017,4,1,20,0,0,Saturday,538370.3483,4805385.993,-80.526162,43.40038,At/near private drive,2,P.D. only,Thru lane,unknown,unknown,SMV unattended vehicle,Unknown,Daylight,01 - Daylight,Municipal (excl. Twp. Rd.),No control,unknown,0,0,0,FALSE,FALSE,FALSE,Clear,,FALSE,GRAVEL RIDGE TRAIL; GRAVEL RIDGE TRAIL ; At,3/7/2019 1:11:29 PM,538370.3483,4805385.993
46390,17-070569,4/1/2017 10:50:00 AM,2017,4,1,10,50,0,Saturday,543710.7258,4811162.466,-80.459753,43.4521,At/near private drive,2,P.D. only,Thru lane,unknown,unknown,Turning movement,Unknown,Daylight,01 - Daylight,Municipal (excl. Twp. Rd.),No control,unknown,0,0,0,FALSE,FALSE,FALSE,Clear,,FALSE,WEDGEWOOD DR; WEDGEWOOD DR ; At,3/7/2019 1:11:28 PM,543710.7258,4811162.466
46391,17-071719,4/3/2017 11:06:00 PM,2017,4,3,23,6,0,Monday,545149.5169,4806768.785,-80.442335,43.412454,Intersection related,2,P.D. only,Thru lane,unknown,unknown,Turning movement,Unknown,"Daylight, artificial","02 - Daylight, artificial",Regional municipality,Stop sign,Functioning,0,0,0,FALSE,FALSE,FALSE,Rain,,FALSE,WILSON AVE; WILSON AVE ; At,3/7/2019 1:11:27 PM,545149.5169,4806768.785
46392,17-072034,4/4/2017 12:04:00 PM,2017,4,4,12,4,0,Tuesday,541887.5467,4811018.194,-80.482297,43.450905,Non intersection,2,P.D. only,Thru lane,unknown,unknown,SMV unattended vehicle,Unknown,Daylight,01 - Daylight,Municipal (excl. Twp. Rd.),No control,unknown,0,0,0,FALSE,FALSE,FALSE,Rain,,FALSE,IRVIN ST; IRVIN ST ; At; 1 M,3/7/2019 1:11:26 PM,541887.5467,4811018.194
46393,17-072362,4/4/2017 12:00:00 PM,2017,4,4,12,0,0,Tuesday,539943.824,4807610.816,-80.506569,43.420331,Non intersection,2,P.D. only,Thru lane,unknown,unknown,SMV unattended vehicle,Unknown,Daylight,01 - Daylight,Municipal (excl. Twp. Rd.),No control,unknown,0,0,0,FALSE,FALSE,FALSE,Clear,,FALSE,WINDALE CRES; WINDALE CRES,3/7/2019 1:11:25 PM,539943.824,4807610.816
46394,17-072852,4/5/2017 11:00:00 AM,2017,4,5,11,0,0,Wednesday,542351.8153,4811847.707,-80.476495,43.458348,At intersection,2,P.D. only,Within intersection,unknown,unknown,Angle,Stop sign,Daylight,01 - Daylight,Municipal (excl. Twp. Rd.),Stop sign,Functioning,0,0,0,FALSE,FALSE,FALSE,Clear,,FALSE,DUNHAM AVE; MANSION ST,3/7/2019 1:11:24 PM,542351.8153,4811847.707
46395,17-072918,3/30/2017 3:30:00 PM,2017,3,30,15,30,0,Thursday,540946.5525,4811309.161,-80.493905,43.453577,Non intersection,2,P.D. only,Thru lane,unknown,unknown,SMV unattended vehicle,Unknown,Daylight,01 - Daylight,Regional municipality,No control,unknown,0,0,0,FALSE,FALSE,FALSE,Clear,,FALSE,FRANCIS ST N; WATER ST N,3/7/2019 1:11:23 PM,540946.5525,4811309.161
46396,17-073387,4/5/2017 11:31:00 PM,2017,4,5,23,31,0,Wednesday,543522.3522,4804921.656,-80.462579,43.395918,Non intersection,1,Non-fatal injury,Thru lane,unknown,unknown,Sideswipe,Unknown,Dark,07 - Dark,Regional municipality,No control,unknown,0,0,0,FALSE,FALSE,FALSE,Rain,,FALSE,HURON RD; BATTLER RD; Near; 71 M,3/7/2019 1:11:22 PM,543522.3522,4804921.656
46397,17-073573,4/6/2017 8:10:00 AM,2017,4,6,8,10,0,Thursday,543856.0534,4805114.142,-80.458443,43.397632,Intersection related,2,P.D. only,Right turn channel,unknown,unknown,Rear end,Unknown,Daylight,01 - Daylight,Regional municipality,Yield sign,Functioning,0,0,0,FALSE,FALSE,FALSE,Rain,,FALSE,HURON RD ; TRILLIUM DR ; Near,3/7/2019 1:11:21 PM,543856.0534,4805114.142
46398,17-073632,4/6/2017 9:02:00 AM,2017,4,6,9,2,0,Thursday,545209.6385,4811456.851,-80.441204,43.454661,Non intersection,2,P.D. only,Thru lane,unknown,unknown,Sideswipe,Unknown,Daylight,01 - Daylight,Municipal (excl. Twp. Rd.),No control,unknown,0,0,0,FALSE,FALSE,FALSE,Rain,,FALSE,OLD YORK CRES; MONTCALM DR ; Near; 65 M,3/7/2019 1:11:20 PM,545209.6385,4811456.851
46399,17-073741,4/6/2017 11:14:00 AM,2017,4,6,11,14,0,Thursday,540611.7999,4809915.043,-80.498147,43.441042,At/near private drive,1,Non-fatal injury,Thru lane,unknown,unknown,Angle,Unknown,Daylight,01 - Daylight,Regional municipality,No control,unknown,0,0,0,FALSE,FALSE,FALSE,Rain,,FALSE,QUEENS BLVD; HIGHLAND RD W; At; 4 M,3/7/2019 1:11:19 PM,540611.7999,4809915.043
46400,17-074155,4/6/2017 10:16:00 PM,2017,4,6,22,16,0,Thursday,540984.0988,4811063.83,-80.49346,43.451366,At intersection,1,Non-fatal injury,Within intersection,unknown,unknown,SMV other,Unknown,"Dark, artificial","08 - Dark, artificial",Regional municipality,Stop sign,Functioning,0,0,0,TRUE,FALSE,FALSE,Snow,,FALSE,KING ST W; COLLEGE ST,3/7/2019 1:11:17 PM,540984.0988,4811063.83
46401,17-074432,4/7/2017 9:38:00 AM,2017,4,7,9,38,0,Friday,540173.5375,4803088.68,-80.504064,43.379601,Non intersection,2,P.D. only,Not on roadway - left side,unknown,unknown,SMV other,Unknown,Daylight,01 - Daylight,Municipal (excl. Twp. Rd.),No control,unknown,0,0,0,FALSE,FALSE,FALSE,Drifting Snow,,FALSE,HURON RD ; HURON RD ; At; 1 M,3/7/2019 1:11:16 PM,540173.5375,4803088.68
46402,17-074527,4/7/2017 11:25:00 AM,2017,4,7,11,25,0,Friday,541068,4811108,0,0,Non intersection,2,P.D. only,Thru lane,unknown,unknown,Approaching,Unknown,Daylight,01 - Daylight,Regional municipality,No control,unknown,0,0,0,FALSE,FALSE,FALSE,Drifting Snow,,FALSE,HURON RD; HURON RD ; Near; 200 M,3/7/2019 1:11:15 PM,541068,4811108
46403,17-074544,4/6/2017 8:05:00 AM,2017,4,6,8,5,0,Thursday,542596.5827,4810117.079,-80.473605,43.442751,Non intersection,2,P.D. only,Thru lane,unknown,unknown,Rear end,Unknown,Daylight,01 - Daylight,Regional municipality,No control,unknown,0,0,0,FALSE,FALSE,FALSE,Rain,,FALSE,KING ST E; KING ST E,3/7/2019 1:11:14 PM,542596.5827,4810117.079
46404,17-074574,3/31/2017 12:12:00 PM,2017,3,31,12,12,0,Friday,541453.1816,4810823.837,-80.487681,43.449179,Non intersection,2,P.D. only,Thru lane,unknown,unknown,Rear end,Unknown,Daylight,01 - Daylight,Regional municipality,No control,unknown,0,0,0,FALSE,FALSE,FALSE,Clear,,FALSE,KING ST E; BENTON ST; Near; 10 M,3/7/2019 1:11:13 PM,541453.1816,4810823.837
46405,17-074986,4/7/2017 10:29:00 PM,2017,4,7,22,29,0,Friday,541913.9858,4811637.015,-80.481923,43.456475,At intersection,2,P.D. only,Within intersection,unknown,unknown,Turning movement,Unknown,Daylight,01 - Daylight,Municipal (excl. Twp. Rd.),Stop sign,Functioning,0,0,0,FALSE,FALSE,FALSE,Clear,,FALSE,LANCASTER ST E; MANSION ST,3/7/2019 1:11:12 PM,541913.9858,4811637.015
46406,17-074993,4/7/2017 10:38:00 PM,2017,4,7,22,38,0,Friday,544585.3205,4811725.785,-80.448898,43.45712,Non intersection,2,P.D. only,Left shoulder,unknown,unknown,SMV other,Unknown,Dark,07 - Dark,Municipal (excl. Twp. Rd.),No control,unknown,0,0,0,FALSE,FALSE,FALSE,Clear,,FALSE,RIVER RD E; LORRAINE AVE ; 20 M,3/7/2019 1:11:11 PM,544585.3205,4811725.785
46407,17-075195,4/8/2017 7:25:00 AM,2017,4,8,7,25,0,Saturday,541466.7291,4809535.334,-80.487611,43.437577,At intersection,1,Non-fatal injury,Within intersection,unknown,unknown,Angle,Unknown,Daylight,01 - Daylight,Municipal (excl. Twp. Rd.),Traffic signal,Functioning,0,1,0,FALSE,FALSE,FALSE,Clear,,FALSE,MILL ST; STIRLING AVE S,3/7/2019 1:11:10 PM,541466.7291,4809535.334
46408,17-075220,4/7/2017 11:10:00 AM,2017,4,7,11,10,0,Friday,541024.9272,4809665.783,-80.49306,43.438775,At/near private drive,2,P.D. only,Thru lane,unknown,unknown,Turning movement,Unknown,Daylight,01 - Daylight,Regional municipality,No control,unknown,0,0,0,FALSE,FALSE,FALSE,Clear,,FALSE,HIGHLAND RD E; HIGHLAND RD E; At,3/7/2019 1:11:09 PM,541024.9272,4809665.783
46409,17-075569,4/8/2017 5:18:00 PM,2017,4,8,17,18,0,Saturday,539110.9017,4811655.19,-80.516568,43.456791,Non intersection,2,P.D. only,Thru lane,unknown,unknown,Sideswipe,Unknown,Daylight,01 - Daylight,Municipal (excl. Twp. Rd.),Traffic signal,Functioning,0,0,0,FALSE,FALSE,FALSE,Clear,,FALSE,PARK ST ; UNION BLVD ; Near; 15 M,3/7/2019 1:11:08 PM,539110.9017,4811655.19
46410,17-076867,4/10/2017 8:40:00 AM,2017,4,10,8,40,0,Monday,537958.9566,4807740.98,-80.531079,43.421606,At/near private drive,2,P.D. only,Thru lane,unknown,unknown,Turning movement,Unknown,Daylight,01 - Daylight,Municipal (excl. Twp. Rd.),No control,unknown,0,0,0,FALSE,FALSE,FALSE,Clear,,FALSE,AUTUMN HILL CRES; AUTUMN HILL CRES,3/7/2019 1:11:06 PM,537958.9566,4807740.98
46411,17-077253,4/10/2017 4:50:00 PM,2017,4,10,16,50,0,Monday,542191.685,4816104.287,-80.478145,43.496683,Non intersection,2,P.D. only,Thru lane,unknown,unknown,Sideswipe,Unknown,Daylight,01 - Daylight,Municipal (excl. Twp. Rd.),No control,unknown,0,0,0,FALSE,FALSE,FALSE,Clear,,FALSE,REDTAIL ST; CONDOR ST; Near; 15 M,3/7/2019 1:11:05 PM,542191.685,4816104.287
46412,17-078696,4/11/2017 12:45:00 PM,2017,4,11,12,45,0,Tuesday,541481.2744,4811647.38,-80.487271,43.456593,Non intersection,2,Non-reportable,Thru lane,unknown,unknown,SMV unattended vehicle,Unknown,Daylight,01 - Daylight,Municipal (excl. Twp. Rd.),No control,unknown,0,0,0,FALSE,FALSE,FALSE,Clear,,FALSE,ELLEN ST W; VICTORIA ST S,3/7/2019 1:11:04 PM,541481.2744,4811647.38
46413,17-078721,4/12/2017 1:35:00 PM,2017,4,12,13,35,0,Wednesday,539357.6129,4811713.968,-80.513515,43.457307,Non intersection,2,P.D. only,Thru lane,unknown,unknown,SMV unattended vehicle,Unknown,Daylight,01 - Daylight,Municipal (excl. Twp. Rd.),No control,unknown,0,0,0,FALSE,FALSE,FALSE,Clear,,FALSE,MT HOPE ST ; KING ST W; 48 M,3/7/2019 1:11:03 PM,539357.6129,4811713.968
46414,17-078831,4/12/2017 11:45:00 AM,2017,4,12,11,45,0,Wednesday,541496.9617,4808575.098,-80.48731,43.428929,Non intersection,2,P.D. only,Thru lane,unknown,unknown,Sideswipe,Unknown,Daylight,01 - Daylight,Regional municipality,No control,unknown,0,0,0,FALSE,FALSE,FALSE,Clear,,FALSE,HOMER WATSON BLVD; HOFFMAN ST; Near; 150 M,3/7/2019 1:11:02 PM,541496.9617,4808575.098
46415,17-078853,4/12/2017 4:20:00 PM,2017,4,12,16,20,0,Wednesday,544979.8305,4810991.856,-80.444082,43.450488,At/near private drive,2,P.D. only,Thru lane,unknown,unknown,Turning movement,Unknown,Daylight,01 - Daylight,Regional municipality,Stop sign,Functioning,0,0,0,FALSE,FALSE,FALSE,Clear,,FALSE,RIVER RD E; OTTAWA ST N; Near,3/7/2019 1:11:01 PM,544979.8305,4810991.856
46416,17-079254,4/13/2017 9:01:00 AM,2017,4,13,9,1,0,Thursday,544117.4117,4811895.636,-80.454668,43.458677,At intersection,1,Non-fatal injury,Within intersection,unknown,unknown,Angle,Unknown,Daylight,01 - Daylight,Municipal (excl. Twp. Rd.),Stop sign,Functioning,0,0,0,FALSE,FALSE,FALSE,Clear,,FALSE,RIVER RD E; MANCHESTER RD,3/7/2019 1:11:00 PM,544117.4117,4811895.636
46417,17-079438,4/13/2017 10:45:00 AM,2017,4,13,10,45,0,Thursday,541068,4811108,0,0,Other,1,Non-fatal injury,Off highway,unknown,unknown,SMV other,Unknown,Daylight,01 - Daylight,Private property,No control,unknown,0,0,0,TRUE,FALSE,FALSE,Clear,,FALSE,PARKING RAMP; At; 5 M,3/7/2019 1:10:58 PM,541068,4811108
46418,17-079465,4/10/2017 10:00:00 PM,2017,4,10,22,0,0,Monday,547752.8493,4804395.885,-80.410388,43.390927,Non intersection,2,P.D. only,Thru lane,unknown,unknown,SMV other,Unknown,Dark,07 - Dark,Municipal (excl. Twp. Rd.),No control,unknown,0,0,0,FALSE,FALSE,FALSE,Rain,,FALSE,DOON VALLEY DR; CONESTOGA COLLEGE BLVD; Near,3/7/2019 1:10:56 PM,547752.8493,4804395.885
46419,17-079589,4/13/2017 1:45:00 PM,2017,4,13,13,45,0,Thursday,540918.3833,4812367.749,-80.494174,43.46311,At intersection,1,Non-fatal injury,Within intersection,unknown,unknown,SMV other,Unknown,Daylight,01 - Daylight,Municipal (excl. Twp. Rd.),Traffic signal,Functioning,0,0,0,TRUE,FALSE,FALSE,Clear,,FALSE,GUELPH ST; MARGARET AVE,3/7/2019 1:10:55 PM,540918.3833,4812367.749
46420,17-079617,4/13/2017 4:14:00 PM,2017,4,13,16,14,0,Thursday,541452.0508,4811098.867,-80.487674,43.451655,Non intersection,2,P.D. only,Off highway,unknown,unknown,SMV other,Unknown,Daylight,01 - Daylight,Regional municipality,No control,unknown,0,0,0,FALSE,FALSE,FALSE,Clear,,FALSE,QUEEN ST N; DUKE ST E; 100 M,3/7/2019 1:10:54 PM,541452.0508,4811098.867
46421,17-080275,4/14/2017 12:01:00 AM,2017,4,14,0,1,0,Friday,544034.6936,4802430.495,-80.456453,43.373458,Intersection related,2,P.D. only,Off highway,unknown,unknown,SMV other,Unknown,Dark,07 - Dark,Regional municipality,Other,Functioning,0,0,0,FALSE,FALSE,FALSE,Clear,,FALSE,STAUFFER DR; REIDEL DR,3/7/2019 1:10:53 PM,544034.6936,4802430.495
46422,17-080374,3/31/2017 7:00:00 PM,2017,3,31,19,0,0,Friday,544371.8385,4807936.24,-80.451845,43.423012,Non intersection,2,P.D. only,Thru lane,unknown,unknown,SMV unattended vehicle,Unknown,Dark,07 - Dark,Municipal (excl. Twp. Rd.),No control,unknown,0,0,0,FALSE,FALSE,FALSE,Snow,,FALSE,MAYWOOD RD; MAYWOOD RD ; Near,3/7/2019 1:10:50 PM,544371.8385,4807936.241
46423,17-080387,4/14/2017 3:37:00 PM,2017,4,14,15,37,0,Friday,536912.3165,4808773.035,-80.543938,43.430951,Non intersection,1,Non-fatal injury,Thru lane,unknown,unknown,SMV other,Unknown,Daylight,01 - Daylight,Municipal (excl. Twp. Rd.),No control,unknown,0,0,0,TRUE,FALSE,FALSE,Clear,,FALSE,HIDDEN CREEK DR; HIDDEN CREEK DR ; Near; 13 M,3/7/2019 1:10:49 PM,536912.3165,4808773.035
46424,17-081043,4/15/2017 2:51:00 PM,2017,4,15,14,51,0,Saturday,541001.7369,4807179.498,-80.493533,43.41639,Intersection related,1,Non-fatal injury,Not on roadway - right side,unknown,unknown,SMV other,Unknown,Daylight,01 - Daylight,Municipal (excl. Twp. Rd.),Stop sign,Functioning,0,0,0,FALSE,FALSE,FALSE,Clear,,FALSE,LAURENTIAN DR; DUNSMERE DR ; At,3/7/2019 1:10:47 PM,541001.7369,4807179.498
46425,17-081107,4/15/2017 4:00:00 PM,2017,4,15,16,0,0,Saturday,542476.7083,4810689.514,-80.475042,43.447912,At/near private drive,2,P.D. only,Thru lane,unknown,unknown,SMV unattended vehicle,Unknown,Daylight,01 - Daylight,Municipal (excl. Twp. Rd.),No control,unknown,0,0,0,FALSE,FALSE,FALSE,Clear,,FALSE,SAMUEL ST ; SAMUEL ST; Near; 12 M,3/7/2019 1:10:45 PM,542476.7083,4810689.514
46426,17-081140,4/15/2017 5:19:00 PM,2017,4,15,17,19,0,Saturday,544839.6577,4811283.184,-80.445791,43.45312,Non intersection,0,Fatal injury,Thru lane,unknown,unknown,SMV other,Unknown,Daylight,01 - Daylight,Regional municipality,No control,unknown,0,0,0,TRUE,FALSE,FALSE,Clear,,FALSE,RIVER RD E; HICKSON DR ; 182 M,3/7/2019 1:10:44 PM,544839.6577,4811283.184
46427,17-081680,4/15/2017 12:00:00 PM,2017,4,15,12,0,0,Saturday,539831.2793,4807608.233,-80.50796,43.420314,Non intersection,2,P.D. only,Thru lane,unknown,unknown,Sideswipe,Unknown,Daylight,01 - Daylight,Municipal (excl. Twp. Rd.),No control,unknown,0,0,0,FALSE,FALSE,FALSE,Clear,,FALSE,WINDALE CRES; WINDALE CRES,3/7/2019 1:10:43 PM,539831.2793,4807608.233
46428,17-083196,4/18/2017 1:35:00 PM,2017,4,18,13,35,0,Tuesday,542972.7765,4809062.786,-80.469039,43.433237,Non intersection,2,P.D. only,Thru lane,unknown,unknown,Rear end,Unknown,Daylight,01 - Daylight,Municipal (excl. Twp. Rd.),No control,unknown,0,0,0,FALSE,FALSE,FALSE,Clear,,FALSE,CARWOOD AVE; CAYLEY CRT; Near; 100 M,3/7/2019 1:10:41 PM,542972.7765,4809062.786
46429,17-083404,4/18/2017 5:30:00 PM,2017,4,18,17,30,0,Tuesday,545575.7256,4807912.383,-80.436975,43.422725,At/near private drive,1,Non-fatal injury,Thru lane,unknown,unknown,Turning movement,Unknown,Daylight,01 - Daylight,Municipal (excl. Twp. Rd.),Stop sign,Functioning,0,0,0,FALSE,FALSE,FALSE,Clear,,FALSE,WABANAKI DR; FAIRWAY RD N; 29 M,3/7/2019 1:10:40 PM,545575.7256,4807912.383
46430,17-083901,2/18/2017 2:00:00 PM,2017,2,18,14,0,0,Saturday,542031.4035,4810470.726,-80.480562,43.445967,At/near private drive,2,P.D. only,Thru lane,unknown,unknown,Other,Unknown,Daylight,01 - Daylight,Municipal (excl. Twp. Rd.),No control,unknown,0,0,0,FALSE,FALSE,FALSE,Clear,,FALSE,BETZNER AVE N; KING ST E; Near,3/7/2019 1:10:39 PM,542031.4035,4810470.726
46431,17-083949,4/19/2017 10:30:00 AM,2017,4,19,10,30,0,Wednesday,541312.9206,4809125.09,-80.489543,43.433891,At/near private drive,2,P.D. only,Thru lane,unknown,unknown,Other,Unknown,Daylight,01 - Daylight,Regional municipality,No control,unknown,0,0,0,FALSE,FALSE,FALSE,Clear,,FALSE,HIGHLAND RD E; HIGHLAND RD E; Near,3/7/2019 1:10:38 PM,541312.9206,4809125.09
46432,17-085022,4/20/2017 6:00:00 AM,2017,4,20,6,0,0,Thursday,544424.5103,4805046.637,-80.451429,43.396991,At/near private drive,2,P.D. only,Thru lane,unknown,unknown,SMV unattended vehicle,Unknown,"Dark, artificial","08 - Dark, artificial",Municipal (excl. Twp. Rd.),No control,unknown,0,0,0,FALSE,FALSE,FALSE,Clear,,FALSE,CLUTHE CRES; CLUTHE CRES; At,3/7/2019 1:10:37 PM,544424.5103,4805046.637
46433,17-085277,4/21/2017 1:30:00 AM,2017,4,21,1,30,0,Friday,541177.9291,4808251.959,-80.491276,43.426037,Intersection related,2,P.D. only,Right shoulder,unknown,unknown,SMV other,Unknown,"Dark, artificial","08 - Dark, artificial",Municipal (excl. Twp. Rd.),No control,unknown,0,0,0,FALSE,FALSE,FALSE,Rain,,FALSE,CHANDLER DR ; STRASBURG RD ; 2 M,3/7/2019 1:10:36 PM,541177.9291,4808251.959