OBJECTID,ACCIDENTNUM,ACCIDENTDATE,ACCIDENT_YEAR,ACCIDENT_MONTH,ACCIDENT_DAY,ACCIDENT_HOUR,ACCIDENT_MINUTE,ACCIDENT_SECOND,ACCIDENT_WEEKDAY,XCOORD,YCOORD,LONGITUDE,LATITUDE,ACCIDENTLOCATION,COLLISIONTYPE,CLASSIFICATIONOFACCIDENT,IMPACTLOCATION,INITIALDIRECTIONOFTRAVELONE,INITIALDIRECTIONOFTRAVELTWO,INITIALIMPACTTYPE,INTTRAFFICCONTROL,LIGHT,LIGHTFORREPORT,ROADJURISDICTION,TRAFFICCONTROL,TRAFFICCONTROLCONDITION,THRULANENO,NORTHBOUNDDISOBEYCOUNT,SOUTHBOUNDDISOBEYCOUNT,PEDESTRIANINVOLVED,CYCLISTINVOLVED,MOTORCYCLISTINVOLVED,ENVIRONMENTCONDITION1,ENVIRONMENTCONDITION2,SELFREPORTED,XMLIMPORTNOTES,LASTEDITEDDATE,x,y
46434,17-085557,4/21/2017 12:21:00 PM,2017,4,21,12,21,0,Friday,539087.2854,4811223.953,-80.516891,43.452909,Non intersection,2,P.D. only,Thru lane,unknown,unknown,SMV unattended vehicle,Unknown,Daylight,01 - Daylight,Municipal (excl. Twp. Rd.),No control,unknown,0,0,0,FALSE,FALSE,FALSE,Clear,,FALSE,BELMONT LANE E; BELMONT AVE W; Near; 30 M,3/7/2019 1:10:35 PM,539087.2854,4811223.953
46435,17-085589,4/21/2017 11:00:00 AM,2017,4,21,11,0,0,Friday,548208.1447,4811207.351,-80.404166,43.452228,At intersection,2,P.D. only,Within intersection,unknown,unknown,Turning movement,Unknown,Daylight,01 - Daylight,Municipal (excl. Twp. Rd.),Stop sign,Functioning,0,0,0,FALSE,FALSE,FALSE,Rain,,FALSE,WATERVALE DR; EDEN OAK TRAIL,3/7/2019 1:10:34 PM,548208.1447,4811207.351
46436,17-085736,4/21/2017 3:15:00 PM,2017,4,21,15,15,0,Friday,541784.4809,4808435.012,-80.483769,43.427652,Non intersection,2,Non-reportable,Thru lane,unknown,unknown,Rear end,Unknown,Daylight,01 - Daylight,Regional municipality,Traffic signal,Functioning,0,0,0,FALSE,FALSE,FALSE,Clear,,FALSE,HOMER WATSON BLVD; OTTAWA ST S; Near; 150 M,3/7/2019 1:10:33 PM,541784.4809,4808435.012
46437,17-085798,4/21/2017 5:22:00 PM,2017,4,21,17,22,0,Friday,546062.0157,4809493.924,-80.430834,43.436935,At intersection,2,P.D. only,Within intersection,unknown,unknown,Turning movement,Unknown,Daylight,01 - Daylight,Regional municipality,Traffic signal,Functioning,0,0,0,FALSE,FALSE,FALSE,Clear,,FALSE,RIVER RD E; KINZIE AVE,3/7/2019 1:10:32 PM,546062.0157,4809493.924
46438,17-086019,4/21/2017 10:18:00 PM,2017,4,21,22,18,0,Friday,546263.2669,4803546.937,-80.428851,43.383376,Non intersection,2,P.D. only,Thru lane,unknown,unknown,SMV unattended vehicle,Unknown,Dark,07 - Dark,Municipal (excl. Twp. Rd.),No control,unknown,0,0,0,FALSE,FALSE,FALSE,Clear,,FALSE,DOON MILLS DR ; DOON MILLS DR ; At; 6 M,3/7/2019 1:10:31 PM,546263.2669,4803546.937
46439,17-087062,4/23/2017 2:30:00 AM,2017,4,23,2,30,0,Sunday,536918.7433,4808653.26,-80.543867,43.429872,Non intersection,2,P.D. only,Right shoulder,unknown,unknown,SMV other,Unknown,Dark,07 - Dark,Municipal (excl. Twp. Rd.),Traffic controller,unknown,0,0,0,FALSE,FALSE,FALSE,Clear,,FALSE,WESTFOREST TRAIL; HOLLYRIDGE CRES ; Near; 55 M,3/7/2019 1:10:29 PM,536918.7433,4808653.261
46440,17-087145,4/21/2017 11:59:00 PM,2017,4,21,23,59,0,Friday,543242.4952,4807188.405,-80.465855,43.416344,At/near private drive,2,P.D. only,Thru lane,unknown,unknown,SMV unattended vehicle,Unknown,Dark,07 - Dark,Municipal (excl. Twp. Rd.),No control,unknown,0,0,0,FALSE,FALSE,FALSE,Clear,,FALSE,BRISBANE CRT; BRISBANE CRT ; Near,3/7/2019 1:10:28 PM,543242.4952,4807188.405
46441,17-087321,4/23/2017 12:15:00 PM,2017,4,23,12,15,0,Sunday,545818.5737,4803012.172,-80.434386,43.378588,Non intersection,2,P.D. only,Thru lane,unknown,unknown,SMV unattended vehicle,Unknown,Daylight,01 - Daylight,Municipal (excl. Twp. Rd.),No control,unknown,0,0,0,FALSE,FALSE,FALSE,Clear,,FALSE,ROBERT FERRIE DR; ROBERT FERRIE DR ; Near,3/7/2019 1:10:27 PM,545818.5737,4803012.172
46442,17-087959,4/24/2017 2:00:00 AM,2017,4,24,2,0,0,Monday,537066.7685,4808847.684,-80.542025,43.431616,Non intersection,2,P.D. only,Thru lane,unknown,unknown,SMV unattended vehicle,Unknown,Dark,07 - Dark,Municipal (excl. Twp. Rd.),No control,unknown,0,0,0,FALSE,FALSE,FALSE,Clear,,FALSE,HIDDEN CREEK DR; HIDDEN CREEK DR ; Near,3/7/2019 1:10:26 PM,537066.7685,4808847.684
46443,17-088106,4/23/2017 8:00:00 PM,2017,4,23,20,0,0,Sunday,545126.7795,4804748.231,-80.442782,43.394262,Non intersection,2,P.D. only,Thru lane,unknown,unknown,SMV unattended vehicle,Unknown,"Dark, artificial","08 - Dark, artificial",Municipal (excl. Twp. Rd.),No control,unknown,0,0,0,FALSE,FALSE,FALSE,Clear,,FALSE,PIONEER DR; PIONEER DR ; Near,3/7/2019 1:10:25 PM,545126.7795,4804748.231
46444,17-088257,4/21/2017 7:00:00 PM,2017,4,21,19,0,0,Friday,541626.5609,4804008.669,-80.486057,43.387805,Non intersection,1,Non-fatal injury,Right shoulder,unknown,unknown,SMV unattended vehicle,Unknown,Daylight,01 - Daylight,Municipal (excl. Twp. Rd.),No control,unknown,0,0,0,FALSE,FALSE,FALSE,Clear,,FALSE,SEABROOK DR; SEABROOK DR; Near; 1 M,3/7/2019 1:10:24 PM,541626.5609,4804008.669
46445,17-088611,4/25/2017 7:07:00 AM,2017,4,25,7,7,0,Tuesday,545288.1832,4810338.017,-80.440326,43.444583,At intersection,1,Non-fatal injury,Within intersection,unknown,unknown,Turning movement,Unknown,Daylight,01 - Daylight,Municipal (excl. Twp. Rd.),Stop sign,Functioning,0,0,0,FALSE,TRUE,FALSE,Rain,,FALSE,KENORA DR; RIVER RD E,3/7/2019 1:10:23 PM,545288.1832,4810338.017
46446,17-088775,4/25/2017 11:30:00 AM,2017,4,25,11,30,0,Tuesday,539296.029,4811574.216,-80.514286,43.456052,At intersection,2,P.D. only,Within intersection,unknown,unknown,Angle,Unknown,Daylight,01 - Daylight,Municipal (excl. Twp. Rd.),Stop sign,Functioning,0,0,0,FALSE,FALSE,FALSE,Rain,,FALSE,PARK ST; MT HOPE ST,3/7/2019 1:10:22 PM,539296.029,4811574.216
46447,17-088931,4/25/2017 2:58:00 PM,2017,4,25,14,58,0,Tuesday,539315.8334,4810615.405,-80.51411,43.447418,At intersection,2,P.D. only,Within intersection,unknown,unknown,Turning movement,Unknown,Daylight,01 - Daylight,Municipal (excl. Twp. Rd.),Traffic signal,Functioning,0,0,0,FALSE,FALSE,FALSE,Clear,,FALSE,BELMONT AVE W; GAGE AVE,3/7/2019 1:10:21 PM,539315.8334,4810615.405
46448,17-089559,4/26/2017 11:08:00 AM,2017,4,26,11,8,0,Wednesday,540623.2478,4809930.445,-80.498004,43.44118,At/near private drive,1,Non-fatal injury,Thru lane,unknown,unknown,Rear end,Unknown,Daylight,01 - Daylight,Regional municipality,No control,unknown,0,0,0,FALSE,FALSE,FALSE,Clear,,FALSE,QUEENS BLVD; HIGHLAND RD W; Near; 9 M,3/7/2019 1:10:19 PM,540623.2478,4809930.445
46449,17-089590,4/26/2017 11:46:00 AM,2017,4,26,11,46,0,Wednesday,539639.4037,4809594.246,-80.510186,43.438206,Non intersection,2,P.D. only,Thru lane,unknown,unknown,Turning movement,Unknown,Daylight,01 - Daylight,Regional municipality,No control,unknown,0,0,0,FALSE,FALSE,FALSE,Clear,,FALSE,LAWRENCE AVE; HIGHLAND RD W; At; 3 M,3/7/2019 1:10:18 PM,539639.4037,4809594.246
46450,17-089621,4/22/2017 3:00:00 PM,2017,4,22,15,0,0,Saturday,541971.822,4811067.108,-80.481252,43.451341,Non intersection,2,P.D. only,Right shoulder,unknown,unknown,SMV unattended vehicle,Unknown,Daylight,01 - Daylight,Municipal (excl. Twp. Rd.),No control,unknown,0,0,0,FALSE,FALSE,FALSE,Clear,,FALSE,HOHNER AVE; HOHNER AVE ; Near,3/7/2019 1:10:17 PM,541971.822,4811067.108
46451,17-089782,4/26/2017 3:10:00 PM,2017,4,26,15,10,0,Wednesday,542488.5396,4806258.948,-80.47524,43.408019,At/near private drive,2,Non-reportable,Thru lane,unknown,unknown,Other,Unknown,Daylight,01 - Daylight,Municipal (excl. Twp. Rd.),No control,unknown,0,0,0,FALSE,FALSE,FALSE,Clear,,FALSE,STRASBURG RD; STRASBURG RD,3/7/2019 1:10:16 PM,542488.5396,4806258.948
46452,17-090608,4/27/2017 3:53:00 PM,2017,4,27,15,53,0,Thursday,544117.418,4811894.678,-80.454668,43.458669,At intersection,1,Non-fatal injury,Within intersection,unknown,unknown,Angle,Unknown,Daylight,01 - Daylight,Regional municipality,Stop sign,Functioning,0,0,0,FALSE,FALSE,FALSE,Clear,,FALSE,RIVER RD E; MANCHESTER RD,3/7/2019 1:10:15 PM,544117.418,4811894.678
46453,17-090640,4/27/2017 3:45:00 PM,2017,4,27,15,45,0,Thursday,545043.2994,4807709.908,-80.443569,43.420934,At/near private drive,2,P.D. only,Left turn lane,unknown,unknown,Turning movement,Unknown,Daylight,01 - Daylight,Regional municipality,No control,unknown,0,0,0,FALSE,FALSE,FALSE,Clear,,FALSE,WILSON AVE; 310 FAIRWAY RD S; Near,3/7/2019 1:10:13 PM,545043.2994,4807709.908
46454,17-090691,4/27/2017 3:45:00 PM,2017,4,27,15,45,0,Thursday,545144.3803,4807574.281,-80.442332,43.419707,At/near private drive,2,P.D. only,Left turn lane,unknown,unknown,Turning movement,Unknown,Daylight,01 - Daylight,Municipal (excl. Twp. Rd.),No control,unknown,0,0,0,FALSE,FALSE,FALSE,Clear,,FALSE,WILSON AVE; FAIRWAY RD S; Near,3/7/2019 1:10:12 PM,545144.3803,4807574.281
46455,17-090893,4/27/2017 10:57:00 PM,2017,4,27,22,57,0,Thursday,541402.5873,4811011.371,-80.488292,43.45087,Intersection related,2,P.D. only,Thru lane,unknown,unknown,Rear end,Unknown,Dark,07 - Dark,Municipal (excl. Twp. Rd.),Traffic signal,Functioning,0,0,0,FALSE,FALSE,FALSE,Clear,,FALSE,QUEEN ST N; DUKE ST E; 10 M,3/7/2019 1:10:11 PM,541402.5873,4811011.371
46456,17-091208,4/27/2017 1:30:00 PM,2017,4,27,13,30,0,Thursday,540511.5275,4807818.102,-80.499541,43.422167,Non intersection,2,P.D. only,Thru lane,unknown,unknown,SMV unattended vehicle,Unknown,Daylight,01 - Daylight,Municipal (excl. Twp. Rd.),No control,unknown,0,0,0,FALSE,FALSE,FALSE,Clear,,FALSE,MOWAT BLVD; MOWAT BLVD; Near,3/7/2019 1:10:09 PM,540511.5275,4807818.102
46457,17-092024,4/29/2017 8:19:00 AM,2017,4,29,8,19,0,Saturday,537110.0124,4806766.294,-80.541632,43.412872,At/near private drive,2,P.D. only,Other,unknown,unknown,SMV unattended vehicle,Unknown,Daylight,01 - Daylight,Municipal (excl. Twp. Rd.),No control,unknown,0,0,0,FALSE,FALSE,FALSE,Clear,,FALSE,CEDAR CREST ST; CEDAR CREST ST ; Near; 6 M,3/7/2019 1:10:08 PM,537110.0124,4806766.294
46458,17-092055,4/29/2017 9:19:00 AM,2017,4,29,9,19,0,Saturday,538277.1588,4806718.313,-80.52722,43.412382,Non intersection,2,P.D. only,Off highway,unknown,unknown,SMV other,Unknown,Daylight,01 - Daylight,Municipal (excl. Twp. Rd.),No control,unknown,0,0,0,FALSE,FALSE,FALSE,Clear,,FALSE,INDIGO ST; INDIGO ST ; At; 50 M,3/7/2019 1:10:07 PM,538277.1588,4806718.313
46459,17-092763,4/29/2017 6:00:00 PM,2017,4,29,18,0,0,Saturday,544510.174,4804404.624,-80.450424,43.391205,At/near private drive,2,P.D. only,Thru lane,unknown,unknown,Angle,Unknown,Daylight,01 - Daylight,Regional municipality,No control,unknown,0,0,0,FALSE,FALSE,FALSE,Clear,,FALSE,PIONEER DR; PIONEER DR,3/7/2019 1:10:06 PM,544510.174,4804404.624
46460,17-093398,4/30/2017 9:05:00 PM,2017,4,30,21,5,0,Sunday,536881.4998,4808173.151,-80.54436,43.425551,At/near private drive,2,P.D. only,Thru lane,unknown,unknown,Turning movement,Unknown,"Dark, artificial","08 - Dark, artificial",Municipal (excl. Twp. Rd.),No control,unknown,0,0,0,FALSE,FALSE,FALSE,Rain,,FALSE,WESTFOREST TRAIL; WESTFOREST TRAIL,3/7/2019 1:10:05 PM,536881.4998,4808173.151
46461,17-093484,3/28/2017 7:00:00 AM,2017,3,28,7,0,0,Tuesday,539151.9613,4809677.969,-80.516203,43.438985,Non intersection,2,P.D. only,Thru lane,unknown,unknown,SMV unattended vehicle,Unknown,"Dark, artificial","08 - Dark, artificial",Municipal (excl. Twp. Rd.),No control,unknown,0,0,0,FALSE,FALSE,FALSE,Clear,,FALSE,PAULANDER DR; PAULANDER DR,3/7/2019 1:10:03 PM,539151.9613,4809677.969
46462,17-093551,4/28/2016 6:20:00 AM,2016,4,28,6,20,0,Thursday,537354.372,4808413.9,-80.538501,43.427695,Non intersection,2,P.D. only,Thru lane,unknown,unknown,SMV unattended vehicle,Unknown,Daylight,01 - Daylight,Municipal (excl. Twp. Rd.),No control,unknown,0,0,0,FALSE,FALSE,FALSE,Clear,,FALSE,BANKSIDE DR; BANKSIDE DR ; Near,3/7/2019 1:10:02 PM,537354.372,4808413.9
46463,17-093737,5/1/2017 2:30:00 PM,2017,5,1,14,30,0,Monday,542559.2247,4811416.579,-80.473965,43.454454,At intersection,2,P.D. only,Within intersection,unknown,unknown,Angle,Unknown,Daylight,01 - Daylight,Municipal (excl. Twp. Rd.),Stop sign,Functioning,0,0,0,FALSE,FALSE,FALSE,Rain,,FALSE,EAST AVE; CHAPEL ST,3/7/2019 1:10:00 PM,542559.2247,4811416.579
46464,17-093914,4/27/2017 9:30:00 AM,2017,4,27,9,30,0,Thursday,538405.4126,4806665.13,-80.525639,43.411896,At/near private drive,2,P.D. only,Thru lane,unknown,unknown,SMV unattended vehicle,Unknown,Daylight,01 - Daylight,Municipal (excl. Twp. Rd.),No control,unknown,0,0,0,FALSE,FALSE,FALSE,Clear,,FALSE,PROSPERITY DR; PROSPERITY DR,3/7/2019 1:09:59 PM,538405.4126,4806665.13
46465,17-094360,5/2/2017 11:10:00 AM,2017,5,2,11,10,0,Tuesday,540172.5345,4809411.966,-80.503612,43.436536,At intersection,1,Non-fatal injury,Within intersection,unknown,unknown,Turning movement,Unknown,Daylight,01 - Daylight,Municipal (excl. Twp. Rd.),Traffic signal,Functioning,0,0,0,FALSE,FALSE,FALSE,Rain,,FALSE,QUEENS BLVD; BELMONT AVE E,3/7/2019 1:09:58 PM,540172.5345,4809411.966
46466,17-094387,5/2/2017 11:48:00 AM,2017,5,2,11,48,0,Tuesday,541299.164,4812438.856,-80.489462,43.463729,Non intersection,2,P.D. only,Thru lane,unknown,unknown,SMV unattended vehicle,Unknown,Daylight,01 - Daylight,Municipal (excl. Twp. Rd.),Stop sign,Functioning,0,0,0,FALSE,FALSE,FALSE,Rain,,FALSE,BLUCHER BLVD; ST LEGER ST; 5 M,3/7/2019 1:09:57 PM,541299.164,4812438.856
46467,17-094436,5/2/2017 12:45:00 PM,2017,5,2,12,45,0,Tuesday,539315.8334,4810615.405,-80.51411,43.447418,At intersection,1,Non-fatal injury,Within intersection,unknown,unknown,Turning movement,Unknown,Daylight,01 - Daylight,Municipal (excl. Twp. Rd.),Traffic signal,Functioning,0,0,0,FALSE,FALSE,FALSE,Rain,,FALSE,GAGE AVE; BELMONT AVE W,3/7/2019 1:09:56 PM,539315.8334,4810615.405
46468,17-094508,4/29/2017 11:00:00 PM,2017,4,29,23,0,0,Saturday,541423.6268,4811534.284,-80.487992,43.455578,Non intersection,2,P.D. only,Thru lane,unknown,unknown,SMV unattended vehicle,Unknown,"Dark, artificial","08 - Dark, artificial",Municipal (excl. Twp. Rd.),No control,unknown,0,0,0,FALSE,FALSE,FALSE,Rain,,FALSE,MARGARET AVE; MAYNARD AVE; Near,3/7/2019 1:09:55 PM,541423.6268,4811534.284
46469,17-094574,5/2/2017 2:10:00 PM,2017,5,2,14,10,0,Tuesday,544113.2442,4813216.572,-80.454612,43.470571,At/near private drive,2,P.D. only,Thru lane,unknown,unknown,Rear end,Unknown,Daylight,01 - Daylight,Municipal (excl. Twp. Rd.),No control,unknown,0,0,0,FALSE,FALSE,FALSE,Rain,,FALSE,SHIRLEY AVE; SHIRLEY AVE; Near,3/7/2019 1:09:54 PM,544113.2442,4813216.572
46470,17-094593,5/2/2017 10:50:00 AM,2017,5,2,10,50,0,Tuesday,545758.6885,4802732.758,-80.435148,43.376076,At/near private drive,2,P.D. only,Thru lane,unknown,unknown,SMV unattended vehicle,Unknown,Daylight,01 - Daylight,Municipal (excl. Twp. Rd.),No control,unknown,0,0,0,FALSE,FALSE,FALSE,Rain,,FALSE,STEEPLERIDGE ST; STEEPLERIDGE ST ; Near,3/7/2019 1:09:52 PM,545758.6885,4802732.758
46471,17-094706,5/1/2017 2:00:00 PM,2017,5,1,14,0,0,Monday,544559.7474,4811739.987,-80.449213,43.45725,Intersection related,2,P.D. only,Thru lane,unknown,unknown,Rear end,Unknown,Daylight,01 - Daylight,Municipal (excl. Twp. Rd.),Traffic signal,Functioning,0,0,0,FALSE,FALSE,FALSE,Rain,,FALSE,RIVER RD E; LORRAINE AVE,3/7/2019 1:09:51 PM,544559.7474,4811739.987
46472,17-094737,5/2/2017 7:33:00 PM,2017,5,2,19,33,0,Tuesday,543044.2138,4809758.11,-80.468102,43.439493,At intersection,2,P.D. only,Within intersection,unknown,unknown,Angle,Unknown,Dusk,05 - Dusk,Municipal (excl. Twp. Rd.),Stop sign,Functioning,0,0,1,FALSE,FALSE,FALSE,Rain,,FALSE,CHARLES ST E; PRESTON ST,3/7/2019 1:09:50 PM,543044.2138,4809758.11
46473,17-094868,5/2/2017 11:30:00 PM,2017,5,2,23,30,0,Tuesday,545481.2099,4804348.993,-80.438439,43.390646,At intersection,2,P.D. only,Within intersection,unknown,unknown,Turning movement,Unknown,Dark,07 - Dark,Municipal (excl. Twp. Rd.),Stop sign,Functioning,0,0,0,FALSE,FALSE,FALSE,Rain,,FALSE,DOON VILLAGE RD; ANVIL ST,3/7/2019 1:09:49 PM,545481.2099,4804348.993
46474,17-094975,5/3/2017 7:22:00 AM,2017,5,3,7,22,0,Wednesday,536286.6683,4808319.141,-80.551698,43.426895,Non intersection,2,P.D. only,Thru lane,unknown,unknown,SMV unattended vehicle,Unknown,Daylight,01 - Daylight,Municipal (excl. Twp. Rd.),No control,unknown,0,0,0,FALSE,FALSE,FALSE,Clear,,FALSE,WESTMEADOW DR; SUNNY MEADOW CRT ; At; 300 M,3/7/2019 1:09:48 PM,536286.6683,4808319.141
46475,17-095129,5/2/2017 1:30:00 PM,2017,5,2,13,30,0,Tuesday,538150.8726,4809051.397,-80.528617,43.433395,At/near private drive,2,P.D. only,Right shoulder,unknown,unknown,SMV unattended vehicle,Unknown,Daylight,01 - Daylight,Municipal (excl. Twp. Rd.),No control,unknown,0,0,0,FALSE,FALSE,FALSE,Rain,,FALSE,BENESFORT DR; BENESFORT DR; Near,3/7/2019 1:09:47 PM,538150.8726,4809051.397
46476,17-095252,5/3/2017 1:03:00 PM,2017,5,3,13,3,0,Wednesday,542582.1033,4810125.613,-80.473783,43.442829,At intersection,2,P.D. only,Within intersection,unknown,unknown,Angle,Unknown,Daylight,01 - Daylight,Regional municipality,Traffic signal,Functioning,0,0,0,FALSE,FALSE,FALSE,Clear,,FALSE,KING ST E; BORDEN AVE S,3/7/2019 1:09:46 PM,542582.1033,4810125.613
46477,17-095422,5/3/2017 4:19:00 PM,2017,5,3,16,19,0,Wednesday,545108.3532,4807723.58,-80.442764,43.421053,At/near private drive,1,Non-fatal injury,Right turn lane,unknown,unknown,Turning movement,Unknown,Daylight,01 - Daylight,Municipal (excl. Twp. Rd.),Stop sign,Functioning,0,0,0,FALSE,FALSE,FALSE,Clear,,FALSE,WILSON AVE ; FAIRWAY RD S; At; 2 M,3/7/2019 1:09:45 PM,545108.3532,4807723.58
46478,17-095469,5/3/2017 2:00:00 PM,2017,5,3,14,0,0,Wednesday,539244.7283,4810771.178,-80.514978,43.448824,At/near private drive,2,P.D. only,Thru lane,unknown,unknown,Turning movement,Unknown,Daylight,01 - Daylight,Municipal (excl. Twp. Rd.),No control,unknown,0,0,0,FALSE,FALSE,FALSE,Clear,,FALSE,BELMONT AVE W; BELMONT AVE W; Near,3/7/2019 1:09:44 PM,539244.7283,4810771.178
46479,17-095860,5/4/2017 8:30:00 AM,2017,5,4,8,30,0,Thursday,544820.1307,4805065.36,-80.446543,43.397136,At intersection,2,P.D. only,Within intersection,unknown,unknown,Rear end,Unknown,Daylight,01 - Daylight,Municipal (excl. Twp. Rd.),Stop sign,Functioning,0,0,0,FALSE,FALSE,FALSE,Clear,,FALSE,DOON VILLAGE RD; UPPER CANADA DR,3/7/2019 1:09:43 PM,544820.1307,4805065.36
46480,17-096058,5/4/2017 12:27:00 PM,2017,5,4,12,27,0,Thursday,539234.4795,4811445.225,-80.515056,43.454894,At intersection,2,P.D. only,Within intersection,unknown,unknown,Angle,Unknown,Daylight,01 - Daylight,Municipal (excl. Twp. Rd.),Stop sign,Functioning,0,0,0,FALSE,FALSE,FALSE,Rain,,FALSE,YORK ST; MT HOPE ST,3/7/2019 1:09:42 PM,539234.4795,4811445.225
46481,17-096087,5/3/2017 4:25:00 PM,2017,5,3,16,25,0,Wednesday,541898.4277,4812219.713,-80.482071,43.461723,Non intersection,2,P.D. only,Thru lane,unknown,unknown,Sideswipe,Unknown,Daylight,01 - Daylight,Municipal (excl. Twp. Rd.),No control,unknown,0,0,0,FALSE,FALSE,FALSE,Clear,,FALSE,WELLINGTON ST N; WELLINGTON ST N; Near,3/7/2019 1:09:41 PM,541898.4277,4812219.713
46482,17-096093,5/4/2017 1:20:00 PM,2017,5,4,13,20,0,Thursday,541035.9574,4810976.439,-80.492825,43.450576,At intersection,1,Non-fatal injury,Within intersection,unknown,unknown,Angle,Unknown,Daylight,01 - Daylight,Municipal (excl. Twp. Rd.),No control,unknown,0,0,0,FALSE,FALSE,FALSE,Rain,,FALSE,GAUKEL ST; HALLS LANE W,3/7/2019 1:09:40 PM,541035.9574,4810976.439
46483,17-096186,5/3/2017 3:30:00 PM,2017,5,3,15,30,0,Wednesday,546101.6361,4804420.197,-80.430773,43.391249,At/near private drive,2,P.D. only,Thru lane,unknown,unknown,SMV unattended vehicle,Unknown,Daylight,01 - Daylight,Municipal (excl. Twp. Rd.),No control,unknown,0,0,0,FALSE,FALSE,FALSE,Clear,,FALSE,OLD CARRIAGE DR; OLD CARRIAGE DR ; At,3/7/2019 1:09:39 PM,546101.6361,4804420.197
46484,17-096232,5/4/2017 4:42:00 PM,2017,5,4,16,42,0,Thursday,545157.2142,4807237.869,-80.442201,43.416677,Intersection related,1,Non-fatal injury,Thru lane,unknown,unknown,Turning movement,Stop sign,Daylight,01 - Daylight,Regional municipality,Stop sign,Functioning,0,0,0,FALSE,FALSE,FALSE,Rain,,FALSE,WILSON AVE; WEBSTER RD ; At,3/7/2019 1:09:38 PM,545157.2142,4807237.869
46485,17-096303,5/4/2017 6:43:00 PM,2017,5,4,18,43,0,Thursday,539349.3033,4806752.227,-80.513975,43.412631,At/near private drive,2,P.D. only,Thru lane,unknown,unknown,Other,Unknown,Dusk,05 - Dusk,Regional municipality,No control,unknown,0,0,0,FALSE,FALSE,FALSE,Rain,,FALSE,GREY FOX DR; GREY FOX DR ; At; 4 M,3/7/2019 1:09:37 PM,539349.3033,4806752.227
46486,17-096525,5/5/2017 2:15:00 AM,2017,5,5,2,15,0,Friday,541467.1888,4810561.097,-80.487527,43.446812,Non intersection,2,P.D. only,Thru lane,unknown,unknown,SMV unattended vehicle,Unknown,"Dark, artificial","08 - Dark, artificial",Municipal (excl. Twp. Rd.),No control,unknown,0,0,0,FALSE,FALSE,FALSE,Rain,,FALSE,CHURCH ST; BENTON ST ; Near; 159 M,3/7/2019 1:09:36 PM,541467.1888,4810561.097
46487,17-096573,5/5/2017 6:35:00 AM,2017,5,5,6,35,0,Friday,545882.1901,4803946.79,-80.433522,43.387,Non intersection,1,Non-fatal injury,Not on roadway - right side,unknown,unknown,SMV other,Unknown,Dawn,03 - Dawn,Municipal (excl. Twp. Rd.),No control,unknown,0,0,0,FALSE,FALSE,FALSE,Rain,,FALSE,DOON MILLS DR; DOON MILLS DR ; Near; 1 M,3/7/2019 1:09:34 PM,545882.1901,4803946.79
46488,17-096577,5/5/2017 7:17:00 AM,2017,5,5,7,17,0,Friday,544513.1559,4808387.371,-80.450062,43.427065,At intersection,2,P.D. only,Within intersection,unknown,unknown,Angle,Unknown,Daylight,01 - Daylight,Municipal (excl. Twp. Rd.),Stop sign,Functioning,0,0,0,FALSE,FALSE,FALSE,Rain,,FALSE,GREENFIELD AVE; NINTH AVE,3/7/2019 1:09:33 PM,544513.1559,4808387.371
46489,17-096631,5/5/2017 8:38:00 AM,2017,5,5,8,38,0,Friday,547357.5226,4804244.484,-80.415282,43.389589,At intersection,1,Non-fatal injury,Within intersection,unknown,unknown,Turning movement,Unknown,Daylight,01 - Daylight,Municipal (excl. Twp. Rd.),Traffic signal,Functioning,0,0,0,FALSE,FALSE,FALSE,Rain,,FALSE,DOON VALLEY DR; PINNACLE DR,3/7/2019 1:09:32 PM,547357.5226,4804244.484
46490,17-096660,5/5/2017 9:10:00 AM,2017,5,5,9,10,0,Friday,544156.4078,4813232.642,-80.454077,43.470713,Non intersection,2,P.D. only,Thru lane,unknown,unknown,Sideswipe,Unknown,Daylight,01 - Daylight,Municipal (excl. Twp. Rd.),No control,unknown,0,0,0,FALSE,FALSE,FALSE,Rain,,FALSE,BINGEMANS CENTRE DR; BINGEMANS CENTRE DR ; Near; 40 M,3/7/2019 1:09:31 PM,544156.4078,4813232.643
46491,17-096692,5/4/2017 8:10:00 PM,2017,5,4,20,10,0,Thursday,545365.595,4811021.919,-80.439312,43.450736,At intersection,2,P.D. only,Within intersection,unknown,unknown,Angle,Unknown,Dusk,05 - Dusk,Municipal (excl. Twp. Rd.),Stop sign,Functioning,0,0,0,FALSE,FALSE,FALSE,Rain,,FALSE,HOLBORN DR; OLD CHICOPEE DR,3/7/2019 1:09:30 PM,545365.595,4811021.919
46492,17-096971,5/1/2017 7:00:00 AM,2017,5,1,7,0,0,Monday,541038.9406,4806814.533,-80.493101,43.413102,Non intersection,2,P.D. only,Right shoulder,unknown,unknown,SMV unattended vehicle,Unknown,"Dark, artificial","08 - Dark, artificial",Municipal (excl. Twp. Rd.),No control,unknown,0,0,0,FALSE,FALSE,FALSE,Clear,,FALSE,RADCLIFFE DR; RADCLIFFE DR,3/7/2019 1:09:29 PM,541038.9406,4806814.533
46493,17-096974,5/5/2017 10:30:00 AM,2017,5,5,10,30,0,Friday,536516.586,4809641.697,-80.548769,43.438792,At/near private drive,2,P.D. only,Thru lane,unknown,unknown,Other,Unknown,Daylight,01 - Daylight,Municipal (excl. Twp. Rd.),No control,unknown,0,0,0,FALSE,FALSE,FALSE,Rain,,FALSE,NORTHMANOR CRES; NORTHMANOR CRES; At,3/7/2019 1:09:28 PM,536516.586,4809641.697
46494,17-097009,5/5/2017 3:10:00 PM,2017,5,5,15,10,0,Friday,543862.1526,4813099.988,-80.457726,43.469536,Non intersection,2,P.D. only,Thru lane,unknown,unknown,Rear end,Unknown,Daylight,01 - Daylight,Municipal (excl. Twp. Rd.),No control,unknown,0,0,0,FALSE,FALSE,FALSE,Rain,,FALSE,SHIRLEY AVE; SHIRLEY AVE; Near,3/7/2019 1:09:27 PM,543862.1526,4813099.988