OBJECTID,ACCIDENTNUM,ACCIDENTDATE,ACCIDENT_YEAR,ACCIDENT_MONTH,ACCIDENT_DAY,ACCIDENT_HOUR,ACCIDENT_MINUTE,ACCIDENT_SECOND,ACCIDENT_WEEKDAY,XCOORD,YCOORD,LONGITUDE,LATITUDE,ACCIDENTLOCATION,COLLISIONTYPE,CLASSIFICATIONOFACCIDENT,IMPACTLOCATION,INITIALDIRECTIONOFTRAVELONE,INITIALDIRECTIONOFTRAVELTWO,INITIALIMPACTTYPE,INTTRAFFICCONTROL,LIGHT,LIGHTFORREPORT,ROADJURISDICTION,TRAFFICCONTROL,TRAFFICCONTROLCONDITION,THRULANENO,NORTHBOUNDDISOBEYCOUNT,SOUTHBOUNDDISOBEYCOUNT,PEDESTRIANINVOLVED,CYCLISTINVOLVED,MOTORCYCLISTINVOLVED,ENVIRONMENTCONDITION1,ENVIRONMENTCONDITION2,SELFREPORTED,XMLIMPORTNOTES,LASTEDITEDDATE,x,y
46495,17-097156,5/5/2017 10:24:00 PM,2017,5,5,22,24,0,Friday,547297.0572,4809114.26,-80.415607,43.43344,Non intersection,2,P.D. only,Left shoulder,unknown,unknown,SMV unattended vehicle,Unknown,Dark,07 - Dark,Municipal (excl. Twp. Rd.),No control,unknown,0,0,0,FALSE,FALSE,FALSE,Clear,,FALSE,QUINTE CRES; QUINTE CRES ; 0 M,3/7/2019 1:09:26 PM,547297.0572,4809114.26
46496,17-097995,5/7/2017 2:40:00 AM,2017,5,7,2,40,0,Sunday,543211.2598,4808978.427,-80.466099,43.432464,Non intersection,1,Non-fatal injury,Thru lane,unknown,unknown,SMV unattended vehicle,Unknown,"Daylight, artificial","02 - Daylight, artificial",Municipal (excl. Twp. Rd.),No control,unknown,0,0,0,FALSE,FALSE,FALSE,Clear,,FALSE,DIXON ST; CARWOOD AVE ; 51 M,3/7/2019 1:09:25 PM,543211.2598,4808978.427
46497,17-098793,5/7/2017 5:35:00 PM,2017,5,7,17,35,0,Sunday,543231.0723,4804483.064,-80.46621,43.391986,At intersection,2,P.D. only,Within intersection,unknown,unknown,Turning movement,Unknown,Daylight,01 - Daylight,Regional municipality,Yield sign,Functioning,0,0,0,FALSE,FALSE,FALSE,Clear,,FALSE,HURON RD; STRASBURG RD,3/7/2019 1:09:24 PM,543231.0723,4804483.064
46498,17-098923,5/8/2017 10:00:00 AM,2017,5,8,10,0,0,Monday,545041.586,4807263.94,-80.443627,43.416918,At/near private drive,2,P.D. only,Thru lane,unknown,unknown,Other,Unknown,Daylight,01 - Daylight,Municipal (excl. Twp. Rd.),No control,unknown,0,0,0,FALSE,FALSE,FALSE,Clear,,FALSE,WEBSTER RD; WEBSTER RD ; Near,3/7/2019 1:09:22 PM,545041.586,4807263.94
46499,17-099330,5/8/2017 9:59:00 PM,2017,5,8,21,59,0,Monday,539836.8982,4805543.271,-80.508041,43.40172,Non intersection,2,P.D. only,Thru lane,unknown,unknown,SMV unattended vehicle,Unknown,"Dark, artificial","08 - Dark, artificial",Municipal (excl. Twp. Rd.),No control,unknown,0,0,0,FALSE,FALSE,FALSE,Clear,,FALSE,COPPER LEAF CRES; MAX BECKER DR; Near; 200 M,3/7/2019 1:09:21 PM,539836.8982,4805543.272
46500,17-099687,5/9/2017 11:53:00 AM,2017,5,9,11,53,0,Tuesday,542177.9592,4811764.715,-80.478651,43.45761,At intersection,1,Non-fatal injury,Within intersection,unknown,unknown,Angle,Unknown,Daylight,01 - Daylight,Municipal (excl. Twp. Rd.),Stop sign,Functioning,0,1,0,FALSE,FALSE,FALSE,Clear,,FALSE,LOCUST ST; MANSION ST,3/7/2019 1:09:20 PM,542177.9592,4811764.715
46501,17-099696,5/5/2017 9:30:00 PM,2017,5,5,21,30,0,Friday,540823.8933,4809485.888,-80.495558,43.437167,At/near private drive,2,P.D. only,Right shoulder,unknown,unknown,SMV unattended vehicle,Unknown,"Dark, artificial","08 - Dark, artificial",Municipal (excl. Twp. Rd.),No control,unknown,0,0,0,FALSE,FALSE,FALSE,"Fog, mist, smoke, dust",,FALSE,ST CLAIR AVE; ST CLAIR AVE ; At,3/7/2019 1:09:19 PM,540823.8933,4809485.888
46502,17-099999,5/9/2017 5:00:00 PM,2017,5,9,17,0,0,Tuesday,541068,4811108,0,0,Non intersection,2,P.D. only,Off highway,unknown,unknown,SMV other,Unknown,Daylight,01 - Daylight,Municipal (excl. Twp. Rd.),Traffic controller,unknown,0,0,0,FALSE,FALSE,FALSE,Clear,,FALSE,MISTYWOOD ST; BLAIR CREEK DR ; Near; 10 M,3/7/2019 1:09:18 PM,541068,4811108
46503,17-100364,5/10/2017 7:56:00 AM,2017,5,10,7,56,0,Wednesday,541068,4811108,0,0,At/near private drive,2,P.D. only,Thru lane,unknown,unknown,SMV unattended vehicle,Unknown,Daylight,01 - Daylight,Municipal (excl. Twp. Rd.),No control,unknown,0,0,0,FALSE,FALSE,FALSE,Clear,,FALSE,REDTAIL CRT; REDTAIL CRT ; At; 30 M,3/7/2019 1:09:17 PM,541068,4811108
46504,17-100856,5/10/2017 3:30:00 PM,2017,5,10,15,30,0,Wednesday,541820.8694,4807480.064,-80.483393,43.419051,Non intersection,2,P.D. only,Thru lane,unknown,unknown,Rear end,Unknown,Daylight,01 - Daylight,Municipal (excl. Twp. Rd.),No control,unknown,0,0,0,FALSE,FALSE,FALSE,Clear,,FALSE,STRASBURG RD; STRASBURG RD ; Near,3/7/2019 1:09:15 PM,541820.8694,4807480.064
46505,17-101018,5/10/2017 9:27:00 PM,2017,5,10,21,27,0,Wednesday,544558.6548,4811738.566,-80.449227,43.457237,At intersection,2,P.D. only,Within intersection,unknown,unknown,Turning movement,Unknown,"Dark, artificial","08 - Dark, artificial",Municipal (excl. Twp. Rd.),Traffic signal,Functioning,0,0,0,FALSE,FALSE,FALSE,Clear,,FALSE,RIVER RD E; LORRAINE AVE,3/7/2019 1:09:14 PM,544558.6548,4811738.566
46506,17-101048,5/10/2017 10:22:00 PM,2017,5,10,22,22,0,Wednesday,542312.9896,4810288.843,-80.477096,43.444314,At intersection,1,Non-fatal injury,Within intersection,unknown,unknown,Angle,Unknown,Dark,07 - Dark,Regional municipality,Traffic signal,Functioning,0,0,0,FALSE,FALSE,FALSE,Clear,,FALSE,STIRLING AVE N; KING ST E,3/7/2019 1:09:13 PM,542312.9896,4810288.843
46507,17-101339,5/11/2017 10:31:00 AM,2017,5,11,10,31,0,Thursday,541428.5064,4811057.522,-80.487968,43.451284,Other,2,P.D. only,Not on roadway - right side,unknown,unknown,SMV other,Unknown,Daylight,01 - Daylight,Regional municipality,No control,unknown,0,0,0,FALSE,FALSE,FALSE,Clear,,FALSE,QUEEN ST N; WEBER ST W; Near; 80 M,3/7/2019 1:09:12 PM,541428.5064,4811057.522
46508,17-101424,5/11/2017 11:46:00 AM,2017,5,11,11,46,0,Thursday,540922.3531,4810569.313,-80.49426,43.446916,At intersection,2,P.D. only,Within intersection,unknown,unknown,Sideswipe,Unknown,Daylight,01 - Daylight,Municipal (excl. Twp. Rd.),Stop sign,Functioning,0,0,0,FALSE,FALSE,FALSE,Clear,,FALSE,JUBILEE DR ; DAVID ST,3/7/2019 1:09:10 PM,540922.3531,4810569.313
46509,17-101430,5/11/2017 11:59:00 AM,2017,5,11,11,59,0,Thursday,539655.8671,4809037.757,-80.510023,43.433194,Non intersection,1,Non-fatal injury,Thru lane,unknown,unknown,SMV other,Unknown,Daylight,01 - Daylight,Regional municipality,No control,unknown,0,0,0,TRUE,FALSE,FALSE,Clear,,FALSE,QUEENS BLVD ; WESTMOUNT RD W; 30 M,3/7/2019 1:09:09 PM,539655.8671,4809037.757
46510,17-101568,5/10/2017 9:20:00 PM,2017,5,10,21,20,0,Wednesday,543881.3405,4811418.609,-80.457624,43.454396,At/near private drive,2,P.D. only,Thru lane,unknown,unknown,SMV unattended vehicle,Unknown,Dark,07 - Dark,Municipal (excl. Twp. Rd.),No control,unknown,0,0,0,FALSE,FALSE,FALSE,Clear,,FALSE,KENWOOD DR; KENWOOD DR,3/7/2019 1:09:08 PM,543881.3405,4811418.609
46511,17-101625,5/10/2017 12:00:00 PM,2017,5,10,12,0,0,Wednesday,540689.0256,4809320.296,-80.497237,43.435683,At/near private drive,2,P.D. only,Thru lane,unknown,unknown,SMV unattended vehicle,Unknown,Daylight,01 - Daylight,Municipal (excl. Twp. Rd.),No control,unknown,0,0,0,FALSE,FALSE,FALSE,Clear,,FALSE,PLEASANT AVE; PLEASANT AVE ; Near,3/7/2019 1:09:07 PM,540689.0256,4809320.296
46512,17-101690,5/11/2017 5:15:00 PM,2017,5,11,17,15,0,Thursday,543988.5196,4807775.434,-80.456593,43.421587,At intersection,1,Non-fatal injury,Within intersection,unknown,unknown,SMV other,Unknown,Daylight,01 - Daylight,Municipal (excl. Twp. Rd.),Stop sign,Functioning,0,0,0,TRUE,FALSE,FALSE,Clear,,FALSE,SIEBERT AVE ; VANIER DR,3/7/2019 1:09:06 PM,543988.5196,4807775.434
46513,17-101717,5/11/2017 2:18:00 PM,2017,5,11,14,18,0,Thursday,544097.8347,4804996.729,-80.455467,43.396561,At/near private drive,2,P.D. only,Right shoulder,unknown,unknown,SMV unattended vehicle,Unknown,Daylight,01 - Daylight,Municipal (excl. Twp. Rd.),No control,unknown,0,0,0,FALSE,FALSE,FALSE,Clear,,FALSE,BIEHN DR; BIEHN DR,3/7/2019 1:09:05 PM,544097.8347,4804996.729
46514,17-101724,5/11/2017 5:49:00 PM,2017,5,11,17,49,0,Thursday,538629.0605,4806784.278,-80.522869,43.412957,At/near private drive,2,P.D. only,Right shoulder,unknown,unknown,SMV unattended vehicle,Unknown,Daylight,01 - Daylight,Regional municipality,No control,unknown,0,0,0,FALSE,FALSE,FALSE,Clear,,FALSE,WINDFLOWER DR; WINDFLOWER DR; At; 11 M,3/7/2019 1:09:02 PM,538629.0605,4806784.278
46515,17-102333,5/12/2017 10:30:00 AM,2017,5,12,10,30,0,Friday,544729.574,4811859.987,-80.447104,43.45832,At intersection,2,P.D. only,Within intersection,unknown,unknown,Other,Unknown,Daylight,01 - Daylight,Municipal (excl. Twp. Rd.),Stop sign,Functioning,0,0,0,FALSE,FALSE,FALSE,Clear,,FALSE,CARSON DR; LORRAINE AVE,3/7/2019 1:09:01 PM,544729.574,4811859.987
46516,17-102348,5/11/2017 2:30:00 PM,2017,5,11,14,30,0,Thursday,542650.1588,4811481.347,-80.472836,43.455032,At/near private drive,2,P.D. only,Right shoulder,unknown,unknown,SMV unattended vehicle,Unknown,Daylight,01 - Daylight,Municipal (excl. Twp. Rd.),No control,unknown,0,0,0,FALSE,FALSE,FALSE,Clear,,FALSE,CHAPEL ST; CHAPEL ST ; At,3/7/2019 1:09:00 PM,542650.1588,4811481.347
46517,17-102417,5/12/2017 1:04:00 PM,2017,5,12,13,4,0,Friday,546775.688,4810137.363,-80.421961,43.442684,Non intersection,1,Non-fatal injury,Right shoulder,unknown,unknown,SMV other,Unknown,Daylight,01 - Daylight,Municipal (excl. Twp. Rd.),No control,unknown,0,0,0,FALSE,FALSE,FALSE,Clear,,FALSE,IDLE CREEK DR ; ARDWOOD PLACE; 15 M,3/7/2019 1:08:59 PM,546775.688,4810137.364
46518,17-102773,5/12/2017 9:40:00 PM,2017,5,12,21,40,0,Friday,543794.1666,4805040.134,-80.459213,43.396969,At/near private drive,2,P.D. only,Not on roadway - left side,unknown,unknown,SMV other,Unknown,Dark,07 - Dark,Regional municipality,No control,unknown,0,0,0,FALSE,FALSE,FALSE,Clear,,FALSE,OLD HURON RD; OLD HURON RD ; 1 M,3/7/2019 1:08:58 PM,543794.1666,4805040.134
46519,17-103172,5/13/2017 10:31:00 AM,2017,5,13,10,31,0,Saturday,540495.856,4809749.323,-80.499592,43.439556,Non intersection,1,Non-fatal injury,Thru lane,unknown,unknown,SMV unattended vehicle,Unknown,Daylight,01 - Daylight,Regional municipality,No control,unknown,0,0,0,FALSE,FALSE,FALSE,Clear,,FALSE,QUEENS BLVD; SPADINA RD E; Near; 15 M,3/7/2019 1:08:56 PM,540495.856,4809749.323
46520,17-103278,5/13/2017 1:39:00 PM,2017,5,13,13,39,0,Saturday,539404.6989,4810383.073,-80.513029,43.445321,Intersection related,2,P.D. only,Thru lane,unknown,unknown,Sideswipe,Unknown,Daylight,01 - Daylight,Municipal (excl. Twp. Rd.),Stop sign,Functioning,0,0,0,FALSE,FALSE,FALSE,Clear,,FALSE,BELMONT AVE W; KARN ST,3/7/2019 1:08:54 PM,539404.6989,4810383.073
46521,17-104218,5/14/2017 11:54:00 AM,2017,5,14,11,54,0,Sunday,542107.4671,4807129.848,-80.479879,43.415882,At/near private drive,2,P.D. only,Other,unknown,unknown,Turning movement,Unknown,Daylight,01 - Daylight,Private property,No control,unknown,0,0,0,FALSE,FALSE,FALSE,Clear,,FALSE,BLOCK LINE RD ; STRASBURG RD ; Near; 5 M,3/7/2019 1:08:52 PM,542107.4671,4807129.848
46522,17-104444,5/13/2017 10:42:00 AM,2017,5,13,10,42,0,Saturday,542784.2636,4804147.883,-80.471753,43.388994,At intersection,2,P.D. only,Within intersection,unknown,unknown,SMV other,Unknown,Daylight,01 - Daylight,Regional municipality,Stop sign,Functioning,0,0,0,FALSE,FALSE,FALSE,Clear,,FALSE,HURON RD; NEWCASTLE DR,3/7/2019 1:08:51 PM,542784.2636,4804147.883
46523,17-104453,5/14/2017 5:37:00 PM,2017,5,14,17,37,0,Sunday,538680.6602,4806516.709,-80.52225,43.410546,Non intersection,1,Non-fatal injury,Thru lane,unknown,unknown,SMV other,Unknown,Daylight,01 - Daylight,Regional municipality,No control,unknown,0,0,0,TRUE,FALSE,FALSE,Clear,,FALSE,DAVID BERGEY DR; OTTAWA ST S; 30 M,3/7/2019 1:08:50 PM,538680.6602,4806516.71
46524,17-104906,5/15/2017 9:45:00 AM,2017,5,15,9,45,0,Monday,540954.2577,4810610.982,-80.493863,43.44729,At/near private drive,2,P.D. only,Thru lane,unknown,unknown,Rear end,Unknown,Daylight,01 - Daylight,Municipal (excl. Twp. Rd.),No control,unknown,0,0,0,FALSE,FALSE,FALSE,Clear,,FALSE,DAVID ST ; QUEEN ST S; At,3/7/2019 1:08:46 PM,540954.2577,4810610.983
46525,17-105007,5/15/2017 11:30:00 AM,2017,5,15,11,30,0,Monday,545829.9626,4811565.692,-80.433528,43.455603,At/near private drive,2,Non-reportable,Thru lane,unknown,unknown,Turning movement,Unknown,Daylight,01 - Daylight,Municipal (excl. Twp. Rd.),No control,unknown,0,0,0,FALSE,FALSE,FALSE,Clear,,FALSE,HERITAGE DR; HERITAGE DR ; At,3/7/2019 1:08:45 PM,545829.9626,4811565.692
46526,17-105136,5/14/2017 8:05:00 AM,2017,5,14,8,5,0,Sunday,541094.7026,4807199.787,-80.492384,43.416568,At/near private drive,2,P.D. only,Thru lane,unknown,unknown,SMV unattended vehicle,Unknown,Daylight,01 - Daylight,Municipal (excl. Twp. Rd.),No control,unknown,0,0,0,FALSE,FALSE,FALSE,Clear,,FALSE,ROSENEATH CRES; ROSENEATH CRES; At,3/7/2019 1:08:44 PM,541094.7026,4807199.787
46527,17-105159,5/15/2017 2:30:00 PM,2017,5,15,14,30,0,Monday,539615.4385,4811375.803,-80.510352,43.454248,At intersection,2,P.D. only,Within intersection,unknown,unknown,Turning movement,Unknown,Daylight,01 - Daylight,Municipal (excl. Twp. Rd.),Traffic signal,Functioning,0,0,0,FALSE,FALSE,FALSE,Clear,,FALSE,GLASGOW ST; PARK ST,3/7/2019 1:08:43 PM,539615.4385,4811375.803
46528,17-105314,5/15/2017 7:45:00 AM,2017,5,15,7,45,0,Monday,540153.2871,4811290.069,-80.503711,43.453448,Intersection related,1,Non-fatal injury,Thru lane,unknown,unknown,Rear end,Unknown,Daylight,01 - Daylight,Regional municipality,Stop sign,Functioning,0,0,0,FALSE,FALSE,FALSE,Clear,,FALSE,WELLINGTON ST S; WALTER ST; At,3/7/2019 1:08:41 PM,540153.2871,4811290.069
46529,17-105656,5/16/2017 8:30:00 AM,2017,5,16,8,30,0,Tuesday,545978.8313,4813442.441,-80.431529,43.472492,Non intersection,2,P.D. only,Thru lane,unknown,unknown,Other,Unknown,Daylight,01 - Daylight,Municipal (excl. Twp. Rd.),No control,unknown,0,0,0,FALSE,FALSE,FALSE,Clear,,FALSE,CENTENNIAL RD; CENTENNIAL RD; Near,3/7/2019 1:08:40 PM,545978.8313,4813442.441
46530,17-106601,5/17/2017 12:46:00 PM,2017,5,17,12,46,0,Wednesday,548677.6152,4806493.226,-80.398784,43.409752,At/near private drive,2,P.D. only,Thru lane,unknown,unknown,Rear end,Unknown,Daylight,01 - Daylight,Municipal (excl. Twp. Rd.),No control,unknown,0,0,0,FALSE,FALSE,FALSE,Clear,,FALSE,DEER RIDGE DR; KING ST E; At; 2 M,3/7/2019 1:08:39 PM,548677.6152,4806493.227
46531,17-106641,5/17/2017 11:49:00 AM,2017,5,17,11,49,0,Wednesday,541776.3785,4809034.213,-80.483823,43.433047,At/near private drive,1,Non-fatal injury,Thru lane,unknown,unknown,Turning movement,Unknown,Daylight,01 - Daylight,Municipal (excl. Twp. Rd.),No control,unknown,0,0,0,FALSE,TRUE,FALSE,Clear,,FALSE,MEINZINGER AVE ; MEINZINGER AVE ; 1 M,3/7/2019 1:08:37 PM,541776.3785,4809034.213
46532,17-106667,5/15/2017 12:00:00 PM,2017,5,15,12,0,0,Monday,537375.3458,4807462.466,-80.538307,43.419128,At/near private drive,2,Non-reportable,Thru lane,unknown,unknown,SMV unattended vehicle,Unknown,Daylight,01 - Daylight,Municipal (excl. Twp. Rd.),No control,unknown,0,0,0,FALSE,FALSE,FALSE,Clear,,FALSE,WESTHEIGHTS DR; WESTHEIGHTS DR,3/7/2019 1:08:36 PM,537375.3458,4807462.466
46533,17-106771,5/16/2017 4:00:00 PM,2017,5,16,16,0,0,Tuesday,547772.4059,4810989.786,-80.40957,43.450297,Intersection related,2,Non-reportable,Thru lane,unknown,unknown,Rear end,Unknown,Daylight,01 - Daylight,Municipal (excl. Twp. Rd.),Stop sign,Functioning,0,0,0,FALSE,FALSE,FALSE,Clear,,FALSE,ZELLER DR; PEBBLECREEK DR,3/7/2019 1:08:35 PM,547772.4059,4810989.786
46534,17-107029,5/17/2017 7:15:00 PM,2017,5,17,19,15,0,Wednesday,540131.3445,4806734.304,-80.504317,43.412429,At/near private drive,2,P.D. only,Thru lane,unknown,unknown,SMV unattended vehicle,Unknown,Daylight,01 - Daylight,Municipal (excl. Twp. Rd.),No control,unknown,0,0,0,FALSE,FALSE,FALSE,Clear,,FALSE,ALBION ST; ALBION ST,3/7/2019 1:08:34 PM,540131.3445,4806734.304
46535,17-107601,5/10/2017 6:30:00 PM,2017,5,10,18,30,0,Wednesday,539371.4096,4810294.662,-80.513447,43.444527,At/near private drive,2,Non-reportable,Right shoulder,unknown,unknown,SMV unattended vehicle,Unknown,Daylight,01 - Daylight,Municipal (excl. Twp. Rd.),No control,unknown,0,0,0,FALSE,FALSE,FALSE,Clear,,FALSE,ADELAIDE ST; ADELAIDE ST; Near,3/7/2019 1:08:33 PM,539371.4096,4810294.663
46536,17-107789,5/18/2017 4:08:00 PM,2017,5,18,16,8,0,Thursday,544884.1034,4804849.282,-80.44577,43.395186,At intersection,2,P.D. only,Within intersection,unknown,unknown,Turning movement,Unknown,Daylight,01 - Daylight,Municipal (excl. Twp. Rd.),Traffic signal,Functioning,0,0,0,FALSE,FALSE,FALSE,Clear,,FALSE,PIONEER DR; DOON VILLAGE RD,3/7/2019 1:08:32 PM,544884.1034,4804849.282
46537,17-107843,5/12/2017 11:50:00 PM,2017,5,12,23,50,0,Friday,546417.0931,4808550.833,-80.426527,43.428422,At/near private drive,2,P.D. only,Right shoulder,unknown,unknown,SMV unattended vehicle,Unknown,"Dark, artificial","08 - Dark, artificial",Municipal (excl. Twp. Rd.),No control,unknown,0,0,0,FALSE,FALSE,FALSE,Clear,,FALSE,PEPPERWOOD CRES; PEPPERWOOD CRES ; Near,3/7/2019 1:08:32 PM,546417.0931,4808550.833
46538,17-108385,5/18/2017 4:15:00 PM,2017,5,18,16,15,0,Thursday,535736.7756,4809247.282,-80.558431,43.435278,Intersection related,2,P.D. only,Right turn lane,unknown,unknown,Rear end,Unknown,Daylight,01 - Daylight,Regional municipality,Yield sign,Functioning,0,0,0,FALSE,FALSE,FALSE,Clear,,FALSE,THE BOARDWALK; IRA NEEDLES BLVD,3/7/2019 1:08:30 PM,535736.7756,4809247.282
46539,17-108778,5/14/2017 5:00:00 PM,2017,5,14,17,0,0,Sunday,538804.4616,4809208.295,-80.52053,43.434775,Non intersection,2,P.D. only,Right shoulder,unknown,unknown,Other,Unknown,Daylight,01 - Daylight,Municipal (excl. Twp. Rd.),No control,unknown,0,0,0,FALSE,FALSE,FALSE,Clear,,FALSE,CAMROSE CRT; HIGHLAND CRES; Near,3/7/2019 1:08:29 PM,538804.4616,4809208.295
46540,17-109716,5/20/2017 9:58:00 PM,2017,5,20,21,58,0,Saturday,542060.515,4806672.253,-80.480495,43.411764,At/near private drive,2,P.D. only,Not on roadway - right side,unknown,unknown,SMV unattended vehicle,Unknown,"Daylight, artificial","02 - Daylight, artificial",Regional municipality,No control,unknown,0,0,0,FALSE,FALSE,FALSE,Clear,,FALSE,THE COUNTRY WAY ; THE COUNTRY WAY ; At; 9 M,3/7/2019 1:08:28 PM,542060.515,4806672.253
46541,17-109986,5/21/2017 9:45:00 AM,2017,5,21,9,45,0,Sunday,544488.0577,4808400.625,-80.450371,43.427186,Non intersection,2,P.D. only,Thru lane,unknown,unknown,SMV unattended vehicle,Unknown,Daylight,01 - Daylight,Municipal (excl. Twp. Rd.),No control,unknown,0,0,0,FALSE,FALSE,FALSE,Rain,,FALSE,GREENFIELD AVE; NINTH AVE; Near; 17 M,3/7/2019 1:08:27 PM,544488.0577,4808400.625
46542,17-110724,5/22/2017 11:05:00 AM,2017,5,22,11,5,0,Monday,546472.0389,4812522.603,-80.42551,43.46418,At/near private drive,2,P.D. only,Right shoulder,unknown,unknown,SMV unattended vehicle,Unknown,"Dark, artificial","08 - Dark, artificial",Municipal (excl. Twp. Rd.),No control,unknown,0,0,0,FALSE,FALSE,FALSE,Clear,,FALSE,OTTERBEIN RD; OTTERBEIN RD ; At; 1 M,3/7/2019 1:08:26 PM,546472.0389,4812522.603
46543,17-111358,5/23/2017 8:07:00 AM,2017,5,23,8,7,0,Tuesday,541739.963,4812239.826,-80.484028,43.461913,Non intersection,2,P.D. only,Thru lane,unknown,unknown,Turning movement,Unknown,Daylight,01 - Daylight,Municipal (excl. Twp. Rd.),No control,unknown,0,0,0,FALSE,FALSE,FALSE,Clear,,FALSE,LOUISA ST; LANCASTER ST W; 30 M,3/7/2019 1:08:25 PM,541739.963,4812239.826
46544,17-111766,5/23/2017 5:10:00 PM,2017,5,23,17,10,0,Tuesday,549260.9086,4806289.765,-80.391598,43.407882,At/near private drive,2,P.D. only,Thru lane,unknown,unknown,Turning movement,Unknown,Daylight,01 - Daylight,Municipal (excl. Twp. Rd.),Stop sign,Functioning,0,0,0,FALSE,FALSE,FALSE,Clear,,FALSE,GATEWAY PARK DR ; KING ST E; Near,3/7/2019 1:08:24 PM,549260.9086,4806289.765
46545,17-111775,5/23/2017 5:57:00 PM,2017,5,23,17,57,0,Tuesday,539316.8006,4810614.452,-80.514098,43.447409,At intersection,2,P.D. only,Right turn lane,unknown,unknown,SMV other,Unknown,Daylight,01 - Daylight,Regional municipality,Traffic signal,Functioning,0,0,0,FALSE,FALSE,FALSE,Clear,,FALSE,GAGE AVE; BELMONT AVE W,3/7/2019 1:08:23 PM,539316.8006,4810614.452
46546,17-111787,5/23/2017 6:08:00 PM,2017,5,23,18,8,0,Tuesday,542581.1295,4810127.523,-80.473795,43.442846,Intersection related,2,P.D. only,Left turn lane,unknown,unknown,Sideswipe,Unknown,Daylight,01 - Daylight,Regional municipality,Traffic signal,Functioning,0,0,0,FALSE,FALSE,FALSE,Clear,,FALSE,KING ST E; BORDEN AVE S,3/7/2019 1:08:22 PM,542581.1295,4810127.523
46547,17-112456,5/24/2017 3:34:00 PM,2017,5,24,15,34,0,Wednesday,541548.8232,4811885.653,-80.486418,43.458734,At intersection,1,Non-fatal injury,Within intersection,unknown,unknown,Angle,Unknown,Daylight,01 - Daylight,Municipal (excl. Twp. Rd.),Stop sign,Functioning,0,0,0,FALSE,FALSE,FALSE,Clear,,FALSE,ST LEGER ST; BREITHAUPT ST,3/7/2019 1:08:21 PM,541548.8232,4811885.653
46548,17-112475,5/24/2017 8:00:00 AM,2017,5,24,8,0,0,Wednesday,545840.4222,4803951.315,-80.434037,43.387043,At/near private drive,2,P.D. only,Thru lane,unknown,unknown,Other,Unknown,Daylight,01 - Daylight,Municipal (excl. Twp. Rd.),No control,unknown,0,0,0,FALSE,FALSE,FALSE,Clear,,FALSE,DOON MILLS DR; DOON MILLS DR; At,3/7/2019 1:08:20 PM,545840.4222,4803951.315
46549,17-113151,5/25/2017 12:00:00 PM,2017,5,25,12,0,0,Thursday,549444.7848,4806006.278,-80.389353,43.405317,Non intersection,2,P.D. only,Thru lane,unknown,unknown,Sideswipe,Unknown,Daylight,01 - Daylight,Regional municipality,No control,unknown,0,0,0,FALSE,FALSE,FALSE,Rain,,FALSE,TU LANE ST; KING ST E,3/7/2019 1:08:19 PM,549444.7848,4806006.278
46550,17-113581,5/26/2017 1:17:00 AM,2017,5,26,1,17,0,Friday,539736.2232,4811099.177,-80.50888,43.451751,Non intersection,2,P.D. only,Thru lane,unknown,unknown,Approaching,Unknown,Dark,07 - Dark,Municipal (excl. Twp. Rd.),No control,unknown,0,0,0,FALSE,FALSE,FALSE,Clear,,FALSE,STRANGE ST; DOMINION ST; Near; 40 M,3/7/2019 1:08:18 PM,539736.2232,4811099.177
46551,17-113611,5/26/2017 2:30:00 AM,2017,5,26,2,30,0,Friday,544136.4361,4812617.457,-80.454374,43.465175,Non intersection,2,P.D. only,Thru lane,unknown,unknown,SMV other,Unknown,Dark,07 - Dark,Municipal (excl. Twp. Rd.),No control,unknown,0,0,0,FALSE,FALSE,FALSE,Rain,,FALSE,FORFAR AVE; FORFAR AVE ; 1 M,3/7/2019 1:08:17 PM,544136.4361,4812617.457
46552,17-113945,5/26/2017 1:00:00 PM,2017,5,26,13,0,0,Friday,544318.6083,4808441.122,-80.452462,43.427561,At/near private drive,2,P.D. only,Thru lane,unknown,unknown,SMV unattended vehicle,Unknown,Daylight,01 - Daylight,Municipal (excl. Twp. Rd.),No control,unknown,0,0,0,FALSE,FALSE,FALSE,Clear,,FALSE,FRANKLIN ST S; FRANKLIN ST S; 0 M,3/7/2019 1:08:16 PM,544318.6083,4808441.122
46553,17-113955,5/24/2017 3:00:00 PM,2017,5,24,15,0,0,Wednesday,541068,4811108,0,0,Non intersection,2,P.D. only,Right shoulder,unknown,unknown,Sideswipe,Unknown,Daylight,01 - Daylight,Municipal (excl. Twp. Rd.),No control,unknown,0,0,0,FALSE,FALSE,FALSE,Clear,,FALSE,GROVEHILL CRES; GROVEHILL CRES,3/7/2019 1:08:14 PM,541068,4811108
46554,17-113995,5/26/2017 2:17:00 PM,2017,5,26,14,17,0,Friday,540938.4373,4811217.261,-80.494013,43.45275,At intersection,1,Non-fatal injury,Within intersection,unknown,unknown,Angle,Unknown,Daylight,01 - Daylight,Municipal (excl. Twp. Rd.),Traffic signal,Functioning,0,0,1,FALSE,FALSE,FALSE,Clear,,FALSE,WATER ST N; DUKE ST W,3/7/2019 1:08:13 PM,540938.4373,4811217.261
46555,17-114823,5/22/2017 8:30:00 PM,2017,5,22,20,30,0,Monday,540613.6712,4812641.142,-80.49792,43.465588,Non intersection,2,Non-reportable,Thru lane,unknown,unknown,SMV unattended vehicle,Unknown,Dusk,05 - Dusk,Municipal (excl. Twp. Rd.),No control,unknown,0,0,0,FALSE,FALSE,FALSE,Clear,,FALSE,HARTWOOD AVE; HARTWOOD AVE,3/7/2019 1:08:12 PM,540613.6712,4812641.142