OBJECTID,ACCIDENTNUM,ACCIDENTDATE,ACCIDENT_YEAR,ACCIDENT_MONTH,ACCIDENT_DAY,ACCIDENT_HOUR,ACCIDENT_MINUTE,ACCIDENT_SECOND,ACCIDENT_WEEKDAY,XCOORD,YCOORD,LONGITUDE,LATITUDE,ACCIDENTLOCATION,COLLISIONTYPE,CLASSIFICATIONOFACCIDENT,IMPACTLOCATION,INITIALDIRECTIONOFTRAVELONE,INITIALDIRECTIONOFTRAVELTWO,INITIALIMPACTTYPE,INTTRAFFICCONTROL,LIGHT,LIGHTFORREPORT,ROADJURISDICTION,TRAFFICCONTROL,TRAFFICCONTROLCONDITION,THRULANENO,NORTHBOUNDDISOBEYCOUNT,SOUTHBOUNDDISOBEYCOUNT,PEDESTRIANINVOLVED,CYCLISTINVOLVED,MOTORCYCLISTINVOLVED,ENVIRONMENTCONDITION1,ENVIRONMENTCONDITION2,SELFREPORTED,XMLIMPORTNOTES,LASTEDITEDDATE,x,y
46556,17-116188,5/28/2017 11:30:00 AM,2017,5,28,11,30,0,Sunday,541838.0981,4811084,-80.482904,43.4515,Non intersection,2,P.D. only,Thru lane,unknown,unknown,SMV unattended vehicle,Unknown,Daylight,01 - Daylight,Municipal (excl. Twp. Rd.),No control,unknown,0,0,0,FALSE,FALSE,FALSE,Clear,,FALSE,IRVIN ST; IRVIN ST,3/7/2019 1:08:11 PM,541838.0981,4811084
46557,17-116404,5/29/2017 12:52:00 PM,2017,5,29,12,52,0,Monday,538079.8877,4809832.389,-80.529439,43.440431,Non intersection,1,Non-fatal injury,Right shoulder,unknown,unknown,SMV unattended vehicle,Unknown,Daylight,01 - Daylight,Municipal (excl. Twp. Rd.),No control,unknown,0,0,0,FALSE,FALSE,FALSE,Clear,,FALSE,INGELSIDE DRIVE; DALEGROVE DR ; Near; 75 M,3/7/2019 1:08:10 PM,538079.8877,4809832.39
46558,17-116438,5/24/2017 11:30:00 AM,2017,5,24,11,30,0,Wednesday,541047.4703,4813265.906,-80.492511,43.47119,At/near private drive,2,P.D. only,Thru lane,unknown,unknown,SMV unattended vehicle,Unknown,Daylight,01 - Daylight,Municipal (excl. Twp. Rd.),No control,unknown,0,0,0,FALSE,FALSE,FALSE,Clear,,FALSE,MAPLEWOOD PL; MAPLEWOOD PL,3/7/2019 1:08:09 PM,541047.4703,4813265.906
46559,17-116610,5/29/2017 4:30:00 PM,2017,5,29,16,30,0,Monday,537344.2284,4809752.612,-80.538535,43.43975,At/near private drive,2,P.D. only,Thru lane,unknown,unknown,SMV unattended vehicle,Unknown,Daylight,01 - Daylight,Municipal (excl. Twp. Rd.),No control,unknown,0,0,0,FALSE,FALSE,FALSE,Clear,,FALSE,LENNOX CRES; LENNOX CRES ; At; 3 M,3/7/2019 1:08:08 PM,537344.2284,4809752.612
46560,17-116616,5/29/2017 5:20:00 PM,2017,5,29,17,20,0,Monday,543206.9718,4805547.739,-80.466424,43.401574,Intersection related,2,P.D. only,Thru lane,unknown,unknown,Turning movement,Unknown,Daylight,01 - Daylight,Municipal (excl. Twp. Rd.),No control,unknown,0,0,0,FALSE,FALSE,FALSE,Clear,,FALSE,TRILLIUM DR; SHOEMAKER ST; Near; 10 M,3/7/2019 1:08:07 PM,543206.9718,4805547.739
46561,17-116681,5/29/2017 5:15:00 PM,2017,5,29,17,15,0,Monday,537302.7769,4807693.635,-80.539188,43.421213,At/near private drive,2,P.D. only,Right shoulder,unknown,unknown,SMV unattended vehicle,Unknown,Daylight,01 - Daylight,Municipal (excl. Twp. Rd.),No control,unknown,0,0,0,FALSE,FALSE,FALSE,Clear,,FALSE,CHERRYTREE CRT; CHERRYTREE CRT ; Near,3/7/2019 1:08:06 PM,537302.7769,4807693.635
46562,17-117281,5/22/2017 8:30:00 AM,2017,5,22,8,30,0,Monday,540293.9271,4811755.451,-80.501939,43.457631,Non intersection,2,P.D. only,Right shoulder,unknown,unknown,SMV unattended vehicle,Unknown,Daylight,01 - Daylight,Municipal (excl. Twp. Rd.),No control,unknown,0,0,0,FALSE,FALSE,FALSE,Clear,,FALSE,BRIAR AVE; BRIAR AVE ; Near,3/7/2019 1:08:05 PM,540293.9271,4811755.451
46563,17-117318,5/30/2017 12:30:00 AM,2017,5,30,0,30,0,Tuesday,547600.0326,4811434.062,-80.411662,43.454308,At/near private drive,2,P.D. only,Thru lane,unknown,unknown,SMV unattended vehicle,Unknown,Dark,07 - Dark,Municipal (excl. Twp. Rd.),No control,unknown,0,0,0,FALSE,FALSE,FALSE,Rain,,FALSE,OLD ZELLER DR; OLD ZELLER DR,3/7/2019 1:08:04 PM,547600.0326,4811434.062
46564,17-117380,5/28/2017 3:30:00 PM,2017,5,28,15,30,0,Sunday,543800.7937,4812589.531,-80.458526,43.464944,Intersection related,2,Non-reportable,Thru lane,unknown,unknown,Rear end,Unknown,Daylight,01 - Daylight,Municipal (excl. Twp. Rd.),Stop sign,Functioning,0,0,0,FALSE,FALSE,FALSE,Clear,,FALSE,AVON RD; FREDERICK ST,3/7/2019 1:08:03 PM,543800.7937,4812589.531
46565,17-117433,5/30/2017 4:16:00 PM,2017,5,30,16,16,0,Tuesday,542557.8033,4812550.754,-80.473894,43.464666,At intersection,2,P.D. only,Within intersection,unknown,unknown,Turning movement,Unknown,Daylight,01 - Daylight,Regional municipality,Stop sign,Functioning,0,0,0,FALSE,FALSE,FALSE,Clear,,FALSE,85 S OFF TO WELLINGTON ST N; WELLINGTON ST N,3/7/2019 1:08:02 PM,542557.8033,4812550.754
46566,17-117973,5/30/2017 4:45:00 PM,2017,5,30,16,45,0,Tuesday,545276.562,4808153.629,-80.440651,43.424915,Non intersection,2,P.D. only,Thru lane,unknown,unknown,Rear end,Unknown,Daylight,01 - Daylight,Municipal (excl. Twp. Rd.),Ped. crossover,Functioning,0,0,0,FALSE,FALSE,FALSE,Clear,,FALSE,KINGSWAY DR; KINGSWAY DR,3/7/2019 1:08:01 PM,545276.562,4808153.629
46567,17-118102,5/31/2017 12:15:00 PM,2017,5,31,12,15,0,Wednesday,542248.0097,4806962.258,-80.478156,43.414365,Non intersection,1,Non-fatal injury,Thru lane,unknown,unknown,Turning movement,Unknown,Daylight,01 - Daylight,Regional municipality,No control,unknown,0,0,0,FALSE,FALSE,TRUE,Clear,,FALSE,STRASBURG RD; STRASBURG RD ; At; 5 M,3/7/2019 1:08:00 PM,542248.0097,4806962.258
46568,17-118157,5/31/2017 12:50:00 PM,2017,5,31,12,50,0,Wednesday,542577.3994,4809496.063,-80.47389,43.437161,At intersection,2,P.D. only,Within intersection,unknown,unknown,Turning movement,Unknown,Daylight,01 - Daylight,Municipal (excl. Twp. Rd.),Stop sign,Functioning,0,0,0,FALSE,FALSE,FALSE,Clear,,FALSE,SYDNEY ST S; DUNDAS AVE,3/7/2019 1:07:59 PM,542577.3994,4809496.063
46569,17-118173,5/31/2017 1:44:00 PM,2017,5,31,13,44,0,Wednesday,542108.4232,4807130.812,-80.479868,43.41589,At intersection,1,Non-fatal injury,Within intersection,unknown,unknown,Turning movement,Unknown,Daylight,01 - Daylight,Regional municipality,Traffic signal,Functioning,0,0,0,FALSE,FALSE,FALSE,Clear,,FALSE,BLOCK LINE RD; STRASBURG RD,3/7/2019 1:07:58 PM,542108.4232,4807130.812
46570,17-118359,5/31/2017 3:08:00 PM,2017,5,31,15,8,0,Wednesday,544984.2197,4806342.431,-80.444411,43.408625,At/near private drive,1,Non-fatal injury,Thru lane,unknown,unknown,Angle,Unknown,Daylight,01 - Daylight,Regional municipality,No control,unknown,0,0,0,FALSE,TRUE,FALSE,Clear,,FALSE,WABANAKI DR; MANITOU DR; Near; 7 M,3/7/2019 1:07:56 PM,544984.2197,4806342.431
46571,17-118532,5/31/2017 9:35:00 PM,2017,5,31,21,35,0,Wednesday,546316.7138,4803417.404,-80.428202,43.382206,At intersection,1,Non-fatal injury,Within intersection,unknown,unknown,SMV other,Unknown,"Daylight, artificial","02 - Daylight, artificial",Municipal (excl. Twp. Rd.),Yield sign,Functioning,0,0,0,FALSE,FALSE,TRUE,Clear,,FALSE,DOON SOUTH DR; DOON MILLS DR,3/7/2019 1:07:55 PM,546316.7138,4803417.404
46572,17-118749,6/1/2017 6:16:00 AM,2017,6,1,6,16,0,Thursday,546786.1406,4804933.461,-80.422278,43.395828,Non intersection,2,P.D. only,Off highway,unknown,unknown,SMV other,Unknown,Daylight,01 - Daylight,Municipal (excl. Twp. Rd.),No control,unknown,0,0,0,FALSE,FALSE,FALSE,Clear,,FALSE,MILL PARK DR ; GREEN VALLEY DR ; Near; 300 M,3/7/2019 1:07:54 PM,546786.1406,4804933.461
46573,17-119144,6/1/2017 4:00:00 PM,2017,6,1,16,0,0,Thursday,538700.8243,4809334.209,-80.521802,43.435914,Non intersection,2,P.D. only,Not on roadway - right side,unknown,unknown,SMV other,Unknown,Daylight,01 - Daylight,Municipal (excl. Twp. Rd.),No control,unknown,0,0,0,FALSE,FALSE,FALSE,Clear,,FALSE,CAMROSE CRT; CAMROSE CRT ; At; 1 M,3/7/2019 1:07:53 PM,538700.8243,4809334.209
46574,17-119168,6/1/2017 4:30:00 PM,2017,6,1,16,30,0,Thursday,543073.3984,4812803.094,-80.467501,43.466909,Non intersection,2,Non-reportable,Right turn lane,unknown,unknown,Sideswipe,Unknown,Daylight,01 - Daylight,Municipal (excl. Twp. Rd.),No control,unknown,0,0,0,FALSE,FALSE,FALSE,Clear,,FALSE,WELLINGTON ST N; RIVERBEND DR; Near,3/7/2019 1:07:52 PM,543073.3984,4812803.094
46575,17-119630,6/2/2017 7:55:00 AM,2017,6,2,7,55,0,Friday,544429.2303,4807759.978,-80.45115,43.421421,At/near private drive,2,Non-reportable,Thru lane,unknown,unknown,Angle,Unknown,Daylight,01 - Daylight,Municipal (excl. Twp. Rd.),No control,unknown,0,0,0,FALSE,FALSE,FALSE,Clear,,FALSE,TRAYNOR AVE; TRAYNOR AVE ; At,3/7/2019 1:07:51 PM,544429.2303,4807759.978
46576,17-119649,6/2/2017 8:54:00 AM,2017,6,2,8,54,0,Friday,540269.8559,4811639.275,-80.502245,43.456586,Intersection related,2,P.D. only,Thru lane,unknown,unknown,SMV unattended vehicle,Unknown,Daylight,01 - Daylight,Municipal (excl. Twp. Rd.),No control,unknown,0,0,0,FALSE,FALSE,FALSE,Clear,,FALSE,MOORE AVE; SHANLEY ST; At,3/7/2019 1:07:50 PM,540269.8559,4811639.275
46577,17-119913,6/2/2017 2:26:00 PM,2017,6,2,14,26,0,Friday,540289.7063,4809598.69,-80.50215,43.438211,At/near private drive,2,P.D. only,Off highway,unknown,unknown,SMV other,Unknown,Daylight,01 - Daylight,Municipal (excl. Twp. Rd.),No control,unknown,0,0,0,FALSE,FALSE,FALSE,Clear,,FALSE,QUEENS BLVD; QUEENS BLVD; At; 5 M,3/7/2019 1:07:49 PM,540289.7063,4809598.69
46578,17-120128,6/1/2017 6:40:00 PM,2017,6,1,18,40,0,Thursday,539701.1268,4810315.391,-80.509371,43.444696,At/near private drive,2,P.D. only,Thru lane,unknown,unknown,Other,Unknown,Daylight,01 - Daylight,Regional municipality,No control,unknown,0,0,0,FALSE,FALSE,FALSE,Clear,,FALSE,PATRICIA AVE; PATRICIA AVE,3/7/2019 1:07:48 PM,539701.1268,4810315.391
46579,17-120150,6/2/2017 6:50:00 PM,2017,6,2,18,50,0,Friday,542850.8509,4811294.071,-80.47037,43.453334,Intersection related,2,P.D. only,Thru lane,unknown,unknown,SMV unattended vehicle,Unknown,Daylight,01 - Daylight,Municipal (excl. Twp. Rd.),No control,unknown,0,0,0,FALSE,FALSE,FALSE,Clear,,FALSE,MELROSE AVE; KRUG ST; Near; 5 M,3/7/2019 1:07:47 PM,542850.8509,4811294.071
46580,17-120343,6/2/2017 9:35:00 PM,2017,6,2,21,35,0,Friday,538333.7414,4807581.491,-80.52646,43.420151,Non intersection,2,P.D. only,Thru lane,unknown,unknown,SMV unattended vehicle,Unknown,"Dark, artificial","08 - Dark, artificial",Municipal (excl. Twp. Rd.),No control,unknown,0,0,0,FALSE,FALSE,FALSE,Clear,,FALSE,MCGARRY DR; FORESTWOOD DR ; Near; 32 M,3/7/2019 1:07:46 PM,538333.7414,4807581.491
46581,17-120810,6/3/2017 10:30:00 AM,2017,6,3,10,30,0,Saturday,544609.4685,4809092.361,-80.448815,43.433407,Intersection related,2,P.D. only,Right turn lane,unknown,unknown,Rear end,Unknown,Daylight,01 - Daylight,Municipal (excl. Twp. Rd.),Traffic signal,Functioning,0,0,0,FALSE,FALSE,FALSE,Clear,,FALSE,KINGSWAY DR; FRANKLIN ST S; At,3/7/2019 1:07:45 PM,544609.4685,4809092.361
46582,17-121030,6/3/2017 4:30:00 PM,2017,6,3,16,30,0,Saturday,543980.2137,4804157.879,-80.456987,43.389014,Non intersection,1,Non-fatal injury,Left shoulder,unknown,unknown,SMV other,Unknown,Daylight,01 - Daylight,Municipal (excl. Twp. Rd.),No control,unknown,0,0,0,FALSE,FALSE,FALSE,Clear,,FALSE,KILKERRAN CRES; BIEHN DR ; Near; 90 M,3/7/2019 1:07:44 PM,543980.2137,4804157.879
46583,17-121069,6/3/2017 6:01:00 PM,2017,6,3,18,1,0,Saturday,539298.4089,4809791.471,-80.514385,43.44,At/near private drive,1,Non-fatal injury,Thru lane,unknown,unknown,Turning movement,Unknown,Daylight,01 - Daylight,Municipal (excl. Twp. Rd.),No control,unknown,0,0,0,FALSE,FALSE,FALSE,Clear,,FALSE,PAULANDER DR; PAULANDER DR ; 1 M,3/7/2019 1:07:43 PM,539298.4089,4809791.471
46584,17-121252,6/3/2017 9:00:00 PM,2017,6,3,21,0,0,Saturday,537912.329,4808859.209,-80.531577,43.431677,Non intersection,2,P.D. only,Not on roadway - right side,unknown,unknown,SMV other,Unknown,"Dark, artificial","08 - Dark, artificial",Municipal (excl. Twp. Rd.),No control,unknown,0,0,0,FALSE,FALSE,FALSE,Clear,,FALSE,BANKSIDE DR ; BANKSIDE DR ; 10 M,3/7/2019 1:07:42 PM,537912.329,4808859.209
46585,17-121366,6/3/2017 11:19:00 PM,2017,6,3,23,19,0,Saturday,544295.2746,4813256.303,-80.452359,43.470918,Non intersection,1,Non-fatal injury,Off highway,unknown,unknown,SMV other,Unknown,"Dark, artificial","08 - Dark, artificial",Municipal (excl. Twp. Rd.),No control,unknown,0,0,0,TRUE,FALSE,FALSE,Clear,,FALSE,BINGEMANS CENTRE DR; SHIRLEY AVE; Near; 100 M,3/7/2019 1:07:41 PM,544295.2746,4813256.303
46586,17-121619,6/3/2017 7:45:00 PM,2017,6,3,19,45,0,Saturday,540749.8452,4810631.51,-80.496387,43.447486,Non intersection,2,Non-reportable,Thru lane,unknown,unknown,Rear end,Unknown,Daylight,01 - Daylight,Municipal (excl. Twp. Rd.),No control,unknown,0,0,0,FALSE,FALSE,FALSE,Clear,,FALSE,JUBILEE DR; WATER ST S; Near,3/7/2019 1:07:40 PM,540749.8452,4810631.51
46587,17-121788,6/4/2017 10:30:00 AM,2017,6,4,10,30,0,Sunday,544211.1225,4809260.339,-80.453723,43.434943,Non intersection,2,P.D. only,Thru lane,unknown,unknown,Rear end,Unknown,Daylight,01 - Daylight,Municipal (excl. Twp. Rd.),No control,unknown,0,0,0,FALSE,FALSE,FALSE,Clear,,FALSE,KINGSWAY DR; THIRD AVE; At,3/7/2019 1:07:38 PM,544211.1225,4809260.339
46588,17-122036,6/4/2017 5:55:00 PM,2017,6,4,17,55,0,Sunday,545971.9874,4803906.156,-80.432417,43.386628,Intersection related,2,P.D. only,Thru lane,unknown,unknown,Turning movement,Unknown,Daylight,01 - Daylight,Municipal (excl. Twp. Rd.),No control,unknown,0,0,0,FALSE,FALSE,FALSE,Clear,,FALSE,DOON MILLS DR; BUERKLE CRT; Near; 14.6 M,3/7/2019 1:07:37 PM,545971.9874,4803906.156
46589,17-122532,6/4/2017 7:30:00 PM,2017,6,4,19,30,0,Sunday,545049.3767,4804501.041,-80.443758,43.392041,At/near private drive,2,P.D. only,Right shoulder,unknown,unknown,SMV unattended vehicle,Unknown,Daylight,01 - Daylight,Municipal (excl. Twp. Rd.),No control,unknown,0,0,0,FALSE,FALSE,FALSE,Clear,,FALSE,PATHFINDER CRES; PATHFINDER CRES ; Near,3/7/2019 1:07:36 PM,545049.3767,4804501.041
46590,17-122578,6/5/2017 8:46:00 AM,2017,6,5,8,46,0,Monday,542312.7655,4810288.742,-80.477099,43.444313,Intersection related,2,P.D. only,Thru lane,unknown,unknown,Rear end,Unknown,Daylight,01 - Daylight,Regional municipality,Traffic signal,Functioning,0,0,0,FALSE,FALSE,FALSE,Clear,,FALSE,KING ST E; STIRLING AVE N; 12 M,3/7/2019 1:07:35 PM,542312.7655,4810288.742
46591,17-122664,6/4/2017 10:19:00 PM,2017,6,4,22,19,0,Sunday,538641.7996,4808747.247,-80.522572,43.430632,At/near private drive,2,P.D. only,Right shoulder,unknown,unknown,SMV unattended vehicle,Unknown,"Dark, artificial","08 - Dark, artificial",Municipal (excl. Twp. Rd.),No control,unknown,0,0,0,FALSE,FALSE,FALSE,Clear,,FALSE,OVERLEA DR; OVERLEA DR ; Near,3/7/2019 1:07:34 PM,538641.7996,4808747.247
46592,17-122840,6/5/2017 2:01:00 PM,2017,6,5,14,1,0,Monday,545367.8253,4803558.556,-80.439905,43.383535,Non intersection,2,P.D. only,Thru lane,unknown,unknown,Other,Unknown,Daylight,01 - Daylight,Municipal (excl. Twp. Rd.),No control,unknown,0,0,0,FALSE,FALSE,FALSE,Rain,,FALSE,APPLE RIDGE DR; PINE VALLEY DR; Near; 20 M,3/7/2019 1:07:33 PM,545367.8253,4803558.556
46593,17-123060,6/4/2017 2:00:00 PM,2017,6,4,14,0,0,Sunday,540989.4233,4805719.831,-80.493795,43.403248,Non intersection,2,P.D. only,Thru lane,unknown,unknown,SMV unattended vehicle,Unknown,Daylight,01 - Daylight,Municipal (excl. Twp. Rd.),No control,unknown,0,0,0,FALSE,FALSE,FALSE,Clear,,FALSE,TAMVALE CRES; TAMVALE CRES ; Near,3/7/2019 1:07:32 PM,540989.4233,4805719.831
46594,17-123235,6/5/2017 10:50:00 PM,2017,6,5,22,50,0,Monday,542279.3537,4803915.28,-80.478005,43.386928,At/near private drive,2,P.D. only,Left shoulder,unknown,unknown,SMV other,Unknown,"Dark, artificial","08 - Dark, artificial",Regional municipality,No control,unknown,0,0,0,FALSE,FALSE,FALSE,Clear,,FALSE,MAITLAND ST; MAITLAND ST ; Near; 0 M,3/7/2019 1:07:31 PM,542279.3537,4803915.28
46595,17-123518,6/2/2017 3:00:00 PM,2017,6,2,15,0,0,Friday,545252.6365,4803020.868,-80.441371,43.378701,At/near private drive,2,P.D. only,Thru lane,unknown,unknown,Other,Unknown,Daylight,01 - Daylight,Municipal (excl. Twp. Rd.),No control,unknown,0,0,0,FALSE,FALSE,FALSE,Clear,,FALSE,FOREST CREEK DR; FOREST CREEK DR ; Near,3/7/2019 1:07:30 PM,545252.6365,4803020.868
46596,17-123569,6/6/2017 11:09:00 AM,2017,6,6,11,9,0,Tuesday,545908.7623,4809346.566,-80.43274,43.435618,At intersection,1,Non-fatal injury,Within intersection,unknown,unknown,Angle,Unknown,Daylight,01 - Daylight,Municipal (excl. Twp. Rd.),Stop sign,Functioning,0,0,0,FALSE,FALSE,FALSE,Clear,,FALSE,KINZIE AVE; THALER AVE; 5 M,3/7/2019 1:07:29 PM,545908.7623,4809346.566
46597,17-123737,5/28/2017 9:00:00 PM,2017,5,28,21,0,0,Sunday,540331.2526,4811455.129,-80.501499,43.454924,At/near private drive,2,P.D. only,Thru lane,unknown,unknown,SMV unattended vehicle,Unknown,Daylight,01 - Daylight,Municipal (excl. Twp. Rd.),No control,unknown,0,0,0,FALSE,FALSE,FALSE,Clear,,FALSE,MOORE AVE ; WELLINGTON ST N; At,3/7/2019 1:07:27 PM,540331.2526,4811455.13
46598,17-123867,6/6/2017 4:58:00 PM,2017,6,6,16,58,0,Tuesday,539157.9422,4805686.685,-80.516415,43.403047,Non intersection,2,P.D. only,Not on roadway - right side,unknown,unknown,SMV other,Unknown,Daylight,01 - Daylight,Municipal (excl. Twp. Rd.),No control,unknown,0,0,0,FALSE,FALSE,FALSE,Clear,,FALSE,ACTIVA AVE; ACTIVA AVE ; Near; 1 M,3/7/2019 1:07:26 PM,539157.9422,4805686.685
46599,17-124507,6/7/2017 1:50:00 PM,2017,6,7,13,50,0,Wednesday,539675.8138,4806482.856,-80.509962,43.410189,At intersection,1,Non-fatal injury,Within intersection,unknown,unknown,Angle,Unknown,Daylight,01 - Daylight,Municipal (excl. Twp. Rd.),Stop sign,Functioning,0,0,0,FALSE,FALSE,FALSE,Clear,,FALSE,BUSH CLOVER CRES; ACTIVA AVE,3/7/2019 1:07:25 PM,539675.8138,4806482.856
46600,17-124706,6/7/2017 5:00:00 PM,2017,6,7,17,0,0,Wednesday,545405.6637,4804533.696,-80.439357,43.392313,Non intersection,1,Non-fatal injury,Thru lane,unknown,unknown,Sideswipe,Unknown,Daylight,01 - Daylight,Municipal (excl. Twp. Rd.),No control,unknown,0,0,0,FALSE,FALSE,FALSE,Clear,,FALSE,DOON VILLAGE RD; BECHTEL DR; Near; 110 M,3/7/2019 1:07:24 PM,545405.6637,4804533.696
46601,17-125072,6/8/2017 8:06:00 AM,2017,6,8,8,6,0,Thursday,541661.4057,4810409.485,-80.485139,43.445437,At intersection,1,Non-fatal injury,Within intersection,unknown,unknown,Angle,Unknown,Daylight,01 - Daylight,Municipal (excl. Twp. Rd.),Stop sign,Functioning,0,0,0,FALSE,FALSE,FALSE,Clear,,FALSE,CEDAR ST S; CHURCH ST,3/7/2019 1:07:22 PM,541661.4057,4810409.485
46602,17-125128,6/8/2017 8:59:00 AM,2017,6,8,8,59,0,Thursday,540644.004,4810645.315,-80.497694,43.447616,Non intersection,1,Non-fatal injury,Off highway,unknown,unknown,SMV other,Unknown,Daylight,01 - Daylight,Municipal (excl. Twp. Rd.),No control,unknown,0,0,0,FALSE,FALSE,FALSE,Clear,,FALSE,WATER ST S; JUBILEE DR; Near; 40 M,3/7/2019 1:07:21 PM,540644.004,4810645.315
46603,17-125268,6/7/2017 6:30:00 PM,2017,6,7,18,30,0,Wednesday,536607.4708,4807597.529,-80.547784,43.420382,At/near private drive,1,Non-fatal injury,Not on roadway - right side,unknown,unknown,Angle,Unknown,Daylight,01 - Daylight,Municipal (excl. Twp. Rd.),No control,unknown,0,0,0,FALSE,TRUE,FALSE,Clear,,FALSE,ROLLING MEADOWS DR; ROLLING MEADOWS DR ; 5 M,3/7/2019 1:07:19 PM,536607.4708,4807597.529
46604,17-125306,6/7/2017 2:30:00 PM,2017,6,7,14,30,0,Wednesday,540205.6431,4811396.893,-80.503056,43.454407,Intersection related,1,Non-fatal injury,Thru lane,unknown,unknown,Rear end,Unknown,Daylight,01 - Daylight,Regional municipality,Traffic signal,Functioning,0,0,0,FALSE,FALSE,FALSE,Clear,,FALSE,KING ST W; WELLINGTON ST N; At,3/7/2019 1:07:18 PM,540205.6431,4811396.893
46605,17-125594,6/8/2017 6:05:00 PM,2017,6,8,18,5,0,Thursday,540296.547,4806993.201,-80.502258,43.414751,At/near private drive,2,P.D. only,Thru lane,unknown,unknown,Other,Unknown,Daylight,01 - Daylight,Municipal (excl. Twp. Rd.),No control,unknown,0,0,0,FALSE,FALSE,FALSE,Clear,,FALSE,LITTLEFIELD CRES; LITTLEFIELD CRES; Near,3/7/2019 1:07:17 PM,540296.547,4806993.201
46606,17-126043,6/9/2017 10:00:00 AM,2017,6,9,10,0,0,Friday,539079.5734,4811111.007,-80.516995,43.451892,At intersection,2,P.D. only,Within intersection,unknown,unknown,Turning movement,Unknown,Daylight,01 - Daylight,Municipal (excl. Twp. Rd.),Traffic signal,Functioning,0,0,0,FALSE,FALSE,FALSE,Clear,,FALSE,BELMONT AVE W; GLASGOW ST,3/7/2019 1:07:16 PM,539079.5734,4811111.007
46607,17-127197,6/10/2017 1:30:00 PM,2017,6,10,13,30,0,Saturday,537975.5201,4808515.466,-80.53082,43.428579,At/near private drive,2,P.D. only,Thru lane,unknown,unknown,SMV unattended vehicle,Unknown,Daylight,01 - Daylight,Municipal (excl. Twp. Rd.),No control,unknown,0,0,0,FALSE,FALSE,FALSE,Clear,,FALSE,WESTCHESTER DR; WESTCHESTER DR; Near,3/7/2019 1:07:15 PM,537975.5201,4808515.466
46608,17-127800,6/10/2017 5:00:00 PM,2017,6,10,17,0,0,Saturday,543146.8172,4813797.84,-80.466514,43.475861,Non intersection,2,P.D. only,Thru lane,unknown,unknown,SMV unattended vehicle,Unknown,Daylight,01 - Daylight,Municipal (excl. Twp. Rd.),No control,unknown,0,0,0,FALSE,FALSE,FALSE,Clear,,FALSE,PAIGE ST; PAIGE ST; Near,3/7/2019 1:07:14 PM,543146.8172,4813797.84
46609,17-127997,6/11/2017 3:11:00 PM,2017,6,11,15,11,0,Sunday,541176.9672,4808251.954,-80.491288,43.426037,Non intersection,2,P.D. only,Not on roadway - right side,unknown,unknown,SMV other,Unknown,Daylight,01 - Daylight,Municipal (excl. Twp. Rd.),No control,unknown,0,0,0,FALSE,FALSE,FALSE,Clear,,FALSE,STRASBURG RD; CHANDLER DR ; Near; 1 M,3/7/2019 1:07:13 PM,541176.9672,4808251.954
46610,17-128136,6/11/2017 6:30:00 PM,2017,6,11,18,30,0,Sunday,536565.1533,4807503.767,-80.548313,43.419539,Non intersection,2,P.D. only,Right shoulder,unknown,unknown,SMV unattended vehicle,Unknown,Daylight,01 - Daylight,Municipal (excl. Twp. Rd.),No control,unknown,0,0,0,FALSE,FALSE,FALSE,Clear,,FALSE,ROLLING MEADOWS DR; TRADEWINDS PL ; Near; 30 M,3/7/2019 1:07:12 PM,536565.1533,4807503.767
46611,17-128554,6/12/2017 9:13:00 AM,2017,6,12,9,13,0,Monday,540486.7974,4809736.331,-80.499704,43.43944,At intersection,1,Non-fatal injury,Within intersection,unknown,unknown,SMV other,Unknown,Daylight,01 - Daylight,Municipal (excl. Twp. Rd.),Stop sign,Functioning,0,0,0,TRUE,FALSE,FALSE,Clear,,FALSE,SPADINA RD E; QUEENS BLVD,3/7/2019 1:07:11 PM,540486.7974,4809736.331
46612,17-128787,6/11/2017 4:39:00 PM,2017,6,11,16,39,0,Sunday,541930.7067,4807809.97,-80.482011,43.422015,At/near private drive,2,P.D. only,Thru lane,unknown,unknown,SMV unattended vehicle,Unknown,Daylight,01 - Daylight,Municipal (excl. Twp. Rd.),No control,unknown,0,0,0,FALSE,FALSE,FALSE,Clear,,FALSE,APPALACHIAN CRES; APPALACHIAN CRES,3/7/2019 1:07:10 PM,541930.7067,4807809.97
46613,17-128804,5/28/2017 5:00:00 PM,2017,5,28,17,0,0,Sunday,541068,4811108,0,0,Other,2,P.D. only,Off highway,unknown,unknown,SMV other,Unknown,Daylight,01 - Daylight,Private property,No control,unknown,0,0,0,FALSE,FALSE,FALSE,Clear,,FALSE,PRIVATE DRIVE; INGE CRT ; At,3/7/2019 1:07:09 PM,541068,4811108
46614,17-128931,6/5/2017 3:10:00 PM,2017,6,5,15,10,0,Monday,545145.2135,4807124.452,-80.442358,43.415656,Intersection related,2,P.D. only,Right turn lane,unknown,unknown,Rear end,Unknown,Daylight,01 - Daylight,Municipal (excl. Twp. Rd.),Stop sign,Functioning,0,0,0,FALSE,FALSE,FALSE,Clear,,FALSE,GOODRICH DR; WILSON AVE,3/7/2019 1:07:08 PM,545145.2135,4807124.452
46615,17-129741,6/13/2017 3:25:00 PM,2017,6,13,15,25,0,Tuesday,544560.2561,4811737.447,-80.449207,43.457227,At intersection,1,Non-fatal injury,Within intersection,unknown,unknown,SMV other,Unknown,Daylight,01 - Daylight,Municipal (excl. Twp. Rd.),Traffic signal,Functioning,0,0,0,TRUE,FALSE,FALSE,Clear,,FALSE,LORRAINE AVE; RIVER RD E,3/7/2019 1:07:07 PM,544560.2561,4811737.447
46616,17-129768,6/13/2017 3:56:00 PM,2017,6,13,15,56,0,Tuesday,545324.2761,4808210.984,-80.440057,43.425429,At/near private drive,2,P.D. only,Left turn lane,unknown,unknown,Turning movement,Unknown,Daylight,01 - Daylight,Regional municipality,Stop sign,Functioning,0,0,0,FALSE,FALSE,FALSE,Clear,,FALSE,KINGSWAY DR ; KINGSWAY DR ; Near,3/7/2019 1:07:06 PM,545324.2761,4808210.984