OBJECTID,ACCIDENTNUM,ACCIDENTDATE,ACCIDENT_YEAR,ACCIDENT_MONTH,ACCIDENT_DAY,ACCIDENT_HOUR,ACCIDENT_MINUTE,ACCIDENT_SECOND,ACCIDENT_WEEKDAY,XCOORD,YCOORD,LONGITUDE,LATITUDE,ACCIDENTLOCATION,COLLISIONTYPE,CLASSIFICATIONOFACCIDENT,IMPACTLOCATION,INITIALDIRECTIONOFTRAVELONE,INITIALDIRECTIONOFTRAVELTWO,INITIALIMPACTTYPE,INTTRAFFICCONTROL,LIGHT,LIGHTFORREPORT,ROADJURISDICTION,TRAFFICCONTROL,TRAFFICCONTROLCONDITION,THRULANENO,NORTHBOUNDDISOBEYCOUNT,SOUTHBOUNDDISOBEYCOUNT,PEDESTRIANINVOLVED,CYCLISTINVOLVED,MOTORCYCLISTINVOLVED,ENVIRONMENTCONDITION1,ENVIRONMENTCONDITION2,SELFREPORTED,XMLIMPORTNOTES,LASTEDITEDDATE,x,y
46617,17-129820,6/13/2017 4:30:00 PM,2017,6,13,16,30,0,Tuesday,544029.8712,4813179.132,-80.455646,43.470239,Non intersection,2,P.D. only,Thru lane,unknown,unknown,Rear end,Unknown,Daylight,01 - Daylight,Municipal (excl. Twp. Rd.),No control,unknown,0,0,0,FALSE,FALSE,FALSE,Clear,,FALSE,SHIRLEY AVE ; SHIRLEY AVE ; Near; 100 M,3/7/2019 1:07:05 PM,544029.8712,4813179.132
46618,17-129985,6/12/2017 11:00:00 AM,2017,6,12,11,0,0,Monday,538611.5315,4810348.778,-80.522833,43.445053,Non intersection,2,P.D. only,Thru lane,unknown,unknown,Sideswipe,Unknown,Daylight,01 - Daylight,Regional municipality,Traffic signal,Functioning,0,0,0,FALSE,FALSE,FALSE,Clear,,FALSE,GAGE AVE; WESTMOUNT RD W; Near,3/7/2019 1:07:04 PM,538611.5315,4810348.778
46619,17-130171,6/14/2017 6:18:00 AM,2017,6,14,6,18,0,Wednesday,543722.2354,4814441.18,-80.459348,43.48162,Non intersection,2,P.D. only,Thru lane,unknown,unknown,Rear end,Unknown,Daylight,01 - Daylight,Municipal (excl. Twp. Rd.),No control,unknown,0,0,0,FALSE,FALSE,FALSE,Clear,,FALSE,DUMART PL; DUMART PL ; At; 100 M,3/7/2019 1:07:03 PM,543722.2354,4814441.18
46620,17-130212,6/14/2017 7:58:00 AM,2017,6,14,7,58,0,Wednesday,546014.121,4812242.946,-80.431194,43.46169,Non intersection,2,P.D. only,Right shoulder,unknown,unknown,SMV unattended vehicle,Unknown,Daylight,01 - Daylight,Municipal (excl. Twp. Rd.),No control,unknown,0,0,0,FALSE,FALSE,FALSE,Clear,,FALSE,BREMBEL ST ; DENLOW ST ; Near; 5 M,3/7/2019 1:07:02 PM,546014.121,4812242.946
46621,17-130254,6/14/2017 8:45:00 AM,2017,6,14,8,45,0,Wednesday,545053.1017,4810838.33,-80.44319,43.449102,At intersection,2,Other,Within intersection,unknown,unknown,SMV other,Unknown,Daylight,01 - Daylight,Regional municipality,Traffic signal,Functioning,0,0,0,TRUE,FALSE,FALSE,Clear,,FALSE,RIVER RD E; HOLBORN DR,3/7/2019 1:07:01 PM,545053.1017,4810838.33
46622,17-130607,6/14/2017 2:59:00 PM,2017,6,14,14,59,0,Wednesday,542560.0363,4812549.25,-80.473867,43.464652,Intersection related,2,P.D. only,Thru lane,unknown,unknown,Turning movement,Unknown,Daylight,01 - Daylight,Municipal (excl. Twp. Rd.),Stop sign,Functioning,0,0,0,FALSE,FALSE,FALSE,Clear,,FALSE,WELLINGTON ST N; CONESTOGA PARKWAY  HWY 85,3/7/2019 1:07:00 PM,542560.0363,4812549.25
46623,17-130662,6/14/2017 3:57:00 PM,2017,6,14,15,57,0,Wednesday,541874.7432,4810743.313,-80.482477,43.44843,At intersection,2,P.D. only,Within intersection,unknown,unknown,Turning movement,Unknown,Daylight,01 - Daylight,Regional municipality,Stop sign,Functioning,0,0,0,FALSE,FALSE,FALSE,Clear,,FALSE,CEDAR ST N; DUKE ST E; 5 M,3/7/2019 1:06:58 PM,541874.7432,4810743.313
46624,17-130739,6/14/2017 8:10:00 AM,2017,6,14,8,10,0,Wednesday,543068.1291,4805500.214,-80.468142,43.401154,At intersection,2,Non-reportable,Within intersection,unknown,unknown,Turning movement,Unknown,Daylight,01 - Daylight,Municipal (excl. Twp. Rd.),Stop sign,Functioning,0,0,0,FALSE,TRUE,FALSE,Clear,,FALSE,TRILLIUM DR ; STRASBURG RD,3/7/2019 1:06:57 PM,543068.1291,4805500.214
46625,17-130793,6/14/2017 5:00:00 PM,2017,6,14,17,0,0,Wednesday,543160.6182,4812082.055,-80.466479,43.460411,Non intersection,1,Non-fatal injury,Thru lane,unknown,unknown,Rear end,Unknown,Daylight,01 - Daylight,Regional municipality,No control,unknown,0,0,0,FALSE,FALSE,FALSE,Clear,,FALSE,FREDERICK ST; ETHEL ST; Near; 5 M,3/7/2019 1:06:55 PM,543160.6182,4812082.055
46626,17-131162,6/15/2017 8:00:00 AM,2017,6,15,8,0,0,Thursday,542551.1648,4806034.345,-80.474484,43.405993,At/near private drive,2,P.D. only,Thru lane,unknown,unknown,Rear end,Unknown,Daylight,01 - Daylight,Regional municipality,No control,unknown,0,0,0,FALSE,FALSE,FALSE,Clear,,FALSE,STRASBURG RD; STRASBURG RD,3/7/2019 1:06:54 PM,542551.1648,4806034.345
46627,17-131340,6/15/2017 11:00:00 AM,2017,6,15,11,0,0,Thursday,536706.8565,4807084.432,-80.54659,43.415757,At/near private drive,2,P.D. only,Right shoulder,unknown,unknown,SMV unattended vehicle,Unknown,Daylight,01 - Daylight,Municipal (excl. Twp. Rd.),No control,unknown,0,0,0,FALSE,FALSE,FALSE,Clear,,FALSE,SUGAR MAPLE ST; SUGAR MAPLE ST; Near,3/7/2019 1:06:52 PM,536706.8565,4807084.432
46628,17-131559,6/15/2017 5:10:00 PM,2017,6,15,17,10,0,Thursday,542113.1423,4812325.712,-80.479408,43.462665,At intersection,1,Non-fatal injury,Within intersection,unknown,unknown,Turning movement,Unknown,Daylight,01 - Daylight,Municipal (excl. Twp. Rd.),Stop sign,Functioning,0,0,0,FALSE,FALSE,FALSE,Clear,,FALSE,WELLINGTON ST N; SPRING VALLEY RD,3/7/2019 1:06:50 PM,542113.1423,4812325.712
46629,17-132125,6/15/2017 4:40:00 PM,2017,6,15,16,40,0,Thursday,542561.6607,4812548.863,-80.473847,43.464649,Intersection related,2,Non-reportable,Thru lane,unknown,unknown,Rear end,Unknown,Daylight,01 - Daylight,Regional municipality,Traffic signal,Functioning,0,0,0,FALSE,FALSE,FALSE,Clear,,FALSE,WELLINGTON ST N; 85 N OFF TO WELLINGTON ST N N; At,3/7/2019 1:06:49 PM,542561.6607,4812548.863
46630,17-132578,6/16/2017 4:35:00 PM,2017,6,16,16,35,0,Friday,540027.474,4810267.749,-80.505341,43.44425,Non intersection,2,P.D. only,Thru lane,unknown,unknown,SMV unattended vehicle,Unknown,Daylight,01 - Daylight,Municipal (excl. Twp. Rd.),No control,unknown,0,0,0,FALSE,FALSE,FALSE,Clear,,FALSE,WEST AVE; WEST AVE,3/7/2019 1:06:48 PM,540027.474,4810267.749
46631,17-133115,6/16/2017 6:00:00 PM,2017,6,16,18,0,0,Friday,542847.9934,4813074.881,-80.470266,43.469369,Intersection related,2,P.D. only,Thru lane,unknown,unknown,Rear end,Unknown,Daylight,01 - Daylight,Regional municipality,Stop sign,Functioning,0,0,0,FALSE,FALSE,FALSE,Clear,,FALSE,GUELPH ST; RIVERBEND DR; At,3/7/2019 1:06:46 PM,542847.9934,4813074.881
46632,17-133358,6/17/2017 7:20:00 PM,2017,6,17,19,20,0,Saturday,544842.2815,4808247.356,-80.446008,43.425785,At intersection,1,Non-fatal injury,Within intersection,unknown,unknown,Angle,Unknown,Daylight,01 - Daylight,Municipal (excl. Twp. Rd.),Stop sign,Functioning,0,0,0,FALSE,FALSE,FALSE,Clear,,FALSE,GREENFIELD AVE ; TRAYNOR AVE,3/7/2019 1:06:44 PM,544842.2815,4808247.356
46633,17-134494,6/18/2017 4:15:00 PM,2017,6,18,16,15,0,Sunday,537317.3862,4807463.365,-80.539023,43.419138,Non intersection,2,P.D. only,Thru lane,unknown,unknown,Sideswipe,Unknown,Daylight,01 - Daylight,Municipal (excl. Twp. Rd.),No control,unknown,0,0,0,FALSE,FALSE,FALSE,Clear,,FALSE,DRIFTWOOD DR; DRIFTWOOD DR; Near,3/7/2019 1:06:43 PM,537317.3862,4807463.365
46634,17-134498,6/18/2017 8:30:00 PM,2017,6,18,20,30,0,Sunday,542478.0789,4807021.299,-80.47531,43.414883,At/near private drive,2,P.D. only,Right shoulder,unknown,unknown,SMV unattended vehicle,Unknown,Dark,07 - Dark,Municipal (excl. Twp. Rd.),No control,unknown,0,0,0,FALSE,FALSE,FALSE,Clear,,FALSE,CEDARHILL CRES; CEDARHILL CRES; At; 2 M,3/7/2019 1:06:42 PM,542478.0789,4807021.299
46635,17-134561,6/19/2017 9:28:00 AM,2017,6,19,9,28,0,Monday,539404.8191,4807758.281,-80.513217,43.421687,Non intersection,1,Non-fatal injury,Not on roadway - right side,unknown,unknown,SMV other,Unknown,Daylight,01 - Daylight,Municipal (excl. Twp. Rd.),No control,unknown,0,0,0,FALSE,FALSE,FALSE,Clear,,FALSE,GREENBROOK DR; GREENBROOK DR ; At; 1 M,3/7/2019 1:06:40 PM,539404.8191,4807758.281
46636,17-134745,6/19/2017 1:26:00 PM,2017,6,19,13,26,0,Monday,537239.4109,4807342.296,-80.539995,43.418052,Intersection related,2,P.D. only,Not on roadway - right side,unknown,unknown,SMV other,Unknown,Daylight,01 - Daylight,Municipal (excl. Twp. Rd.),No control,unknown,0,0,0,FALSE,FALSE,FALSE,Clear,,FALSE,MEADOW WOODS CRES ; DRIFTWOOD DR ; Near; 15 M,3/7/2019 1:06:39 PM,537239.4109,4807342.296
46637,17-135951,6/20/2017 8:28:00 PM,2017,6,20,20,28,0,Tuesday,541876.2524,4811809.05,-80.482376,43.458026,At intersection,2,P.D. only,Within intersection,unknown,unknown,Turning movement,Unknown,Daylight,01 - Daylight,Municipal (excl. Twp. Rd.),Stop sign,Functioning,0,0,0,FALSE,FALSE,FALSE,Clear,,FALSE,QUEEN ST N; LANCASTER ST W,3/7/2019 1:06:37 PM,541876.2524,4811809.05
46638,17-136641,6/21/2017 4:30:00 PM,2017,6,21,16,30,0,Wednesday,545233.5335,4808099.592,-80.441187,43.424431,Non intersection,2,P.D. only,Thru lane,unknown,unknown,SMV other,Unknown,Daylight,01 - Daylight,Municipal (excl. Twp. Rd.),No control,unknown,0,0,0,FALSE,FALSE,FALSE,Clear,,FALSE,KINGSWAY DR ; GREENFIELD AVE ; Near; 24 M,3/7/2019 1:06:36 PM,545233.5335,4808099.592
46639,17-136652,6/21/2017 4:40:00 PM,2017,6,21,16,40,0,Wednesday,544094.4046,4813211.252,-80.454846,43.470524,At/near private drive,2,P.D. only,Thru lane,unknown,unknown,Turning movement,Unknown,Daylight,01 - Daylight,Municipal (excl. Twp. Rd.),Stop sign,Functioning,0,0,0,FALSE,FALSE,FALSE,Clear,,FALSE,BINGEMANS CENTRE DR; BINGEMANS CENTRE DR ; At; 4 M,3/7/2019 1:06:35 PM,544094.4046,4813211.252
46640,17-136662,6/21/2017 3:35:00 PM,2017,6,21,15,35,0,Wednesday,542107.4611,4807130.806,-80.479879,43.41589,At intersection,2,P.D. only,Within intersection,unknown,unknown,Turning movement,Unknown,Daylight,01 - Daylight,Municipal (excl. Twp. Rd.),Traffic signal,Functioning,0,0,0,FALSE,FALSE,FALSE,Clear,,FALSE,BLOCK LINE RD; STRASBURG RD,3/7/2019 1:06:34 PM,542107.4611,4807130.806
46641,17-136761,6/21/2017 4:00:00 PM,2017,6,21,16,0,0,Wednesday,543360.7207,4807654.62,-80.464358,43.420535,At intersection,2,P.D. only,Within intersection,unknown,unknown,Turning movement,Unknown,Daylight,01 - Daylight,Regional municipality,Stop sign,Functioning,0,0,0,FALSE,FALSE,FALSE,Clear,,FALSE,BLOCK LINE RD; LENNOX LEWIS WAY,3/7/2019 1:06:33 PM,543360.7207,4807654.62
46642,17-137122,6/22/2017 8:16:00 AM,2017,6,22,8,16,0,Thursday,541068,4811108,0,0,Other,2,P.D. only,Off highway,unknown,unknown,SMV other,Unknown,Daylight,01 - Daylight,Private property,No control,unknown,0,0,0,FALSE,FALSE,FALSE,Clear,,FALSE,BUILDING LOT; WILLOWRUN DR,3/7/2019 1:06:32 PM,541068,4811108
46643,17-137123,6/22/2017 8:10:00 AM,2017,6,22,8,10,0,Thursday,544448.6183,4810737.12,-80.450668,43.448226,At/near private drive,2,P.D. only,Thru lane,unknown,unknown,Turning movement,Unknown,Daylight,01 - Daylight,Regional municipality,No control,unknown,0,0,0,FALSE,FALSE,FALSE,Clear,,FALSE,FRANKLIN ST N; FRANKLIN ST N; At,3/7/2019 1:06:31 PM,544448.6183,4810737.12
46644,17-137200,6/22/2017 8:30:00 AM,2017,6,22,8,30,0,Thursday,539772.6001,4805453.123,-80.508841,43.400912,Intersection related,1,Non-fatal injury,Thru lane,unknown,unknown,Angle,Unknown,Daylight,01 - Daylight,Municipal (excl. Twp. Rd.),Stop sign,Functioning,0,0,0,FALSE,TRUE,FALSE,Clear,,FALSE,DONNENWERTH DR ; PERIWINKLE ST ; At; 40 M,3/7/2019 1:06:30 PM,539772.6001,4805453.123
46645,17-137577,6/22/2017 4:00:00 PM,2017,6,22,16,0,0,Thursday,540535.2624,4811415.206,-80.498981,43.454554,At/near private drive,2,P.D. only,Thru lane,unknown,unknown,Other,Unknown,Daylight,01 - Daylight,Municipal (excl. Twp. Rd.),No control,unknown,0,0,0,FALSE,FALSE,FALSE,Clear,,FALSE,BREITHAUPT ST; BREITHAUPT ST,3/7/2019 1:06:29 PM,540535.2624,4811415.207
46646,17-137776,6/22/2017 10:18:00 PM,2017,6,22,22,18,0,Thursday,542313.3418,4810285.863,-80.477092,43.444287,At intersection,1,Non-fatal injury,Within intersection,unknown,unknown,Turning movement,Unknown,Dark,07 - Dark,Regional municipality,Traffic signal,Functioning,0,0,0,FALSE,TRUE,FALSE,Clear,,FALSE,KING ST E; STIRLING AVE N,3/7/2019 1:06:28 PM,542313.3418,4810285.863
46647,17-137959,6/23/2017 7:35:00 AM,2017,6,23,7,35,0,Friday,545855.7554,4807129.4,-80.433582,43.415658,Intersection related,2,P.D. only,Thru lane,unknown,unknown,Other,Unknown,Daylight,01 - Daylight,Municipal (excl. Twp. Rd.),Stop sign,Functioning,0,0,0,FALSE,FALSE,FALSE,Rain,,FALSE,WABANAKI DR; GOODRICH DR,3/7/2019 1:06:27 PM,545855.7554,4807129.4
46648,17-138199,6/23/2017 11:00:00 AM,2017,6,23,11,0,0,Friday,540270.1577,4810714.092,-80.502309,43.448255,At/near private drive,2,P.D. only,Thru lane,unknown,unknown,Rear end,Unknown,Daylight,01 - Daylight,Regional municipality,No control,unknown,0,0,0,FALSE,FALSE,FALSE,Clear,,FALSE,PARK ST; BRAMM ST,3/7/2019 1:06:26 PM,540270.1577,4810714.093
46649,17-138653,6/23/2017 11:55:00 PM,2017,6,23,23,55,0,Friday,545780.4907,4809828.622,-80.434285,43.439966,Non intersection,1,Non-fatal injury,Off highway,unknown,unknown,SMV other,Unknown,"Dark, artificial","08 - Dark, artificial",Regional municipality,No control,unknown,0,0,0,FALSE,FALSE,FALSE,Clear,,FALSE,RIVER RD E; OLD CHICOPEE DR ; 100 M,3/7/2019 1:06:25 PM,545780.4907,4809828.622
46650,17-140625,6/26/2017 10:30:00 AM,2017,6,26,10,30,0,Monday,541851.9946,4810041.803,-80.482812,43.442115,Non intersection,2,P.D. only,Thru lane,unknown,unknown,Sideswipe,Unknown,Daylight,01 - Daylight,Municipal (excl. Twp. Rd.),No control,unknown,0,0,0,FALSE,FALSE,FALSE,Clear,,FALSE,STIRLING AVE S; STIRLING AVE S; Near,3/7/2019 1:06:24 PM,541851.9946,4810041.803
46651,17-140720,6/26/2017 12:45:00 PM,2017,6,26,12,45,0,Monday,539043.2618,4811197.535,-80.517437,43.452673,Intersection related,2,P.D. only,Thru lane,unknown,unknown,Turning movement,Unknown,Daylight,01 - Daylight,Municipal (excl. Twp. Rd.),Stop sign,Functioning,0,0,0,FALSE,FALSE,FALSE,Clear,,FALSE,BELMONT AVE W; ROCK AVE; At,3/7/2019 1:06:22 PM,539043.2618,4811197.535
46652,17-140802,6/26/2017 3:00:00 PM,2017,6,26,15,0,0,Monday,544718.9023,4810542.499,-80.447344,43.446458,At/near private drive,2,P.D. only,Off highway,unknown,unknown,SMV other,Unknown,Daylight,01 - Daylight,Municipal (excl. Twp. Rd.),No control,unknown,0,0,0,FALSE,FALSE,FALSE,Clear,,FALSE,ASKIN PL; ASKIN PL ; At; 2 M,3/7/2019 1:06:21 PM,544718.9023,4810542.499
46653,17-140991,6/26/2017 2:15:00 PM,2017,6,26,14,15,0,Monday,543598.1491,4808403.153,-80.461365,43.427261,Intersection related,2,P.D. only,Thru lane,unknown,unknown,Turning movement,Unknown,Daylight,01 - Daylight,Municipal (excl. Twp. Rd.),Stop sign,Functioning,0,0,0,FALSE,FALSE,FALSE,Clear,,FALSE,MASSEY AVE; BONIFACE AVE; At,3/7/2019 1:06:20 PM,543598.1491,4808403.153
46654,17-141366,6/27/2017 10:04:00 AM,2017,6,27,10,4,0,Tuesday,543086.6794,4807454.794,-80.467759,43.418752,At intersection,2,P.D. only,Within intersection,unknown,unknown,Rear end,Unknown,Daylight,01 - Daylight,Municipal (excl. Twp. Rd.),Yield sign,Functioning,0,0,0,FALSE,FALSE,FALSE,Rain,,FALSE,FALLOWFIELD DR; BLOCK LINE RD,3/7/2019 1:06:19 PM,543086.6794,4807454.794
46655,17-141540,6/27/2017 2:07:00 PM,2017,6,27,14,7,0,Tuesday,546774.704,4804112.164,-80.422489,43.388434,At intersection,1,Non-fatal injury,Within intersection,unknown,unknown,Angle,Unknown,Daylight,01 - Daylight,Municipal (excl. Twp. Rd.),Stop sign,Functioning,0,0,0,FALSE,TRUE,FALSE,Clear,,FALSE,DOON VILLAGE RD; DOON SOUTH DR,3/7/2019 1:06:18 PM,546774.704,4804112.164
46656,17-141586,6/26/2017 5:10:00 PM,2017,6,26,17,10,0,Monday,539832.0221,4811141.71,-80.507693,43.452129,Intersection related,2,P.D. only,Thru lane,unknown,unknown,Rear end,Unknown,Daylight,01 - Daylight,Municipal (excl. Twp. Rd.),Traffic signal,Functioning,0,0,0,FALSE,FALSE,FALSE,Clear,,FALSE,PARK ST; DOMINION ST ; Near; 85 M,3/7/2019 1:06:17 PM,539832.0221,4811141.71
46657,17-141709,6/27/2017 6:10:00 PM,2017,6,27,18,10,0,Tuesday,545545.284,4805410.102,-80.43756,43.400196,Non intersection,2,P.D. only,Thru lane,unknown,unknown,SMV other,Unknown,Daylight,01 - Daylight,Municipal (excl. Twp. Rd.),No control,unknown,0,0,0,FALSE,FALSE,FALSE,Clear,,FALSE,HURON RD; HURON RD ; 10 M,3/7/2019 1:06:16 PM,545545.284,4805410.102
46658,17-142029,6/28/2017 7:24:00 AM,2017,6,28,7,24,0,Wednesday,541139.9679,4806763.502,-80.491857,43.412637,At intersection,2,P.D. only,Within intersection,unknown,unknown,SMV other,Unknown,Daylight,01 - Daylight,Regional municipality,Stop sign,Functioning,0,0,0,FALSE,FALSE,FALSE,Clear,,FALSE,BLOCK LINE RD; LAURENTIAN DR; 3 M,3/7/2019 1:06:15 PM,541139.9679,4806763.502
46659,17-142207,6/28/2017 9:30:00 AM,2017,6,28,9,30,0,Wednesday,541372.2951,4812798.223,-80.48853,43.466961,At/near private drive,2,Non-reportable,Thru lane,unknown,unknown,Other,Unknown,Daylight,01 - Daylight,Municipal (excl. Twp. Rd.),No control,unknown,0,0,0,FALSE,FALSE,FALSE,Clear,,FALSE,EDWIN ST; EDWIN ST,3/7/2019 1:06:14 PM,541372.2951,4812798.223
46660,17-142532,6/28/2017 5:55:00 PM,2017,6,28,17,55,0,Wednesday,539111.8576,4811656.153,-80.516556,43.456799,At intersection,2,P.D. only,Within intersection,unknown,unknown,Sideswipe,Unknown,Daylight,01 - Daylight,Municipal (excl. Twp. Rd.),Traffic signal,Functioning,0,0,0,FALSE,FALSE,FALSE,Clear,,FALSE,PARK ST; UNION BLVD,3/7/2019 1:06:12 PM,539111.8576,4811656.153
46661,17-143275,6/29/2017 1:00:00 PM,2017,6,29,13,0,0,Thursday,540921.3857,4810570.265,-80.494272,43.446925,Intersection related,2,P.D. only,Thru lane,unknown,unknown,Rear end,Unknown,Daylight,01 - Daylight,Municipal (excl. Twp. Rd.),Stop sign,Functioning,0,0,0,FALSE,FALSE,FALSE,Rain,,FALSE,JUBILEE DR; DAVID ST; Near,3/7/2019 1:06:11 PM,540921.3857,4810570.265
46662,17-144022,6/30/2017 1:34:00 PM,2017,6,30,13,34,0,Friday,544311.6826,4808987.811,-80.452503,43.432484,Non intersection,2,P.D. only,Thru lane,unknown,unknown,Other,Unknown,Daylight,01 - Daylight,Municipal (excl. Twp. Rd.),No control,unknown,0,0,0,FALSE,FALSE,FALSE,Clear,,FALSE,FIFTH AVE; CONNAUGHT ST ; Near; 200 M,3/7/2019 1:06:10 PM,544311.6826,4808987.811
46663,17-144116,6/30/2017 3:14:00 PM,2017,6,30,15,14,0,Friday,544448.473,4811317.729,-80.450623,43.453454,Non intersection,2,P.D. only,Thru lane,unknown,unknown,Rear end,Unknown,Daylight,01 - Daylight,Municipal (excl. Twp. Rd.),No control,unknown,0,0,0,FALSE,FALSE,FALSE,Clear,,FALSE,HICKSON DR; HALLIWELL DR ; Near; 50 M,3/7/2019 1:06:09 PM,544448.473,4811317.729
46664,17-144308,6/30/2017 6:00:00 PM,2017,6,30,18,0,0,Friday,540115.5588,4810838.694,-80.504211,43.449386,At/near private drive,2,P.D. only,Not on roadway - right side,unknown,unknown,SMV other,Unknown,Daylight,01 - Daylight,Municipal (excl. Twp. Rd.),Stop sign,Functioning,0,0,0,FALSE,FALSE,FALSE,Clear,,FALSE,PARK ST; PARK ST ; At; 1 M,3/7/2019 1:06:08 PM,540115.5588,4810838.694
46665,17-144646,7/1/2017 3:47:00 AM,2017,7,1,3,47,0,Saturday,541710.0025,4810677.261,-80.484518,43.447845,At/near private drive,2,P.D. only,Right shoulder,unknown,unknown,SMV other,Unknown,"Dawn, artificial","04 - Dawn, artificial",Municipal (excl. Twp. Rd.),No control,unknown,0,0,0,FALSE,FALSE,FALSE,Clear,,FALSE,EBY ST N; KING ST E; 1 M,3/7/2019 1:06:07 PM,541710.0025,4810677.261
46666,17-145287,7/1/2017 11:02:00 PM,2017,7,1,23,2,0,Saturday,541583.8385,4812033.984,-80.485974,43.460068,Non intersection,2,P.D. only,Thru lane,unknown,unknown,SMV unattended vehicle,Unknown,Dark,07 - Dark,Municipal (excl. Twp. Rd.),No control,unknown,0,0,0,FALSE,FALSE,FALSE,Clear,,FALSE,WELLINGTON ST N; WELLINGTON ST N; Near; 1 M,3/7/2019 1:06:06 PM,541583.8385,4812033.984
46667,17-145494,7/2/2017 6:32:00 AM,2017,7,2,6,32,0,Sunday,544436.1789,4808718.483,-80.450986,43.430051,Intersection related,2,P.D. only,Not on roadway - right side,unknown,unknown,SMV other,Unknown,Daylight,01 - Daylight,Municipal (excl. Twp. Rd.),Stop sign,Functioning,0,0,0,FALSE,FALSE,FALSE,Clear,,FALSE,CONNAUGHT ST; FRANKLIN ST S; Near; 1 M,3/7/2019 1:06:05 PM,544436.1789,4808718.483
46668,17-145596,7/1/2017 6:00:00 PM,2017,7,1,18,0,0,Saturday,543636.5408,4808688.188,-80.460868,43.429826,Other,2,P.D. only,Off highway,unknown,unknown,SMV unattended vehicle,Unknown,Daylight,01 - Daylight,Private property,No control,unknown,0,0,0,FALSE,FALSE,FALSE,Clear,,FALSE,PRIVATE DRIVE; BONIFACE AVE E; Near,3/7/2019 1:06:04 PM,543636.5408,4808688.188
46669,17-145687,7/2/2017 1:51:00 PM,2017,7,2,13,51,0,Sunday,541068,4811108,0,0,Other,1,Non-fatal injury,Off highway,unknown,unknown,SMV other,Unknown,Daylight,01 - Daylight,Municipal (excl. Twp. Rd.),No control,unknown,0,0,0,FALSE,FALSE,FALSE,Clear,,FALSE,GOODRICH DR; WABANAKI DR; At,3/7/2019 1:06:03 PM,541068,4811108
46670,17-146357,7/3/2017 11:00:00 AM,2017,7,3,11,0,0,Monday,544501.6561,4811064.821,-80.449986,43.451174,At/near private drive,2,P.D. only,Thru lane,unknown,unknown,Other,Unknown,Daylight,01 - Daylight,Municipal (excl. Twp. Rd.),No control,unknown,0,0,0,FALSE,FALSE,FALSE,Clear,,FALSE,CHARLOTTE CRES; CHARLOTTE CRES,3/7/2019 1:06:02 PM,544501.6561,4811064.821
46671,17-147044,7/4/2017 10:05:00 AM,2017,7,4,10,5,0,Tuesday,538755.7157,4807833.241,-80.52123,43.422396,Non intersection,2,P.D. only,Right shoulder,unknown,unknown,SMV other,Unknown,Daylight,01 - Daylight,Municipal (excl. Twp. Rd.),No control,unknown,0,0,0,FALSE,FALSE,FALSE,Clear,,FALSE,ELM RIDGE DR ; MCGARRY DR ; At; 75 M,3/7/2019 1:06:01 PM,538755.7157,4807833.241
46672,17-147159,7/4/2017 11:45:00 AM,2017,7,4,11,45,0,Tuesday,543074.2731,4812796.59,-80.46749,43.46685,Intersection related,2,P.D. only,Thru lane,unknown,unknown,Rear end,Unknown,Daylight,01 - Daylight,Regional municipality,Traffic signal,Functioning,0,0,0,FALSE,FALSE,FALSE,Clear,,FALSE,BINGEMANS CENTRE DR ; RIVERBEND DR,3/7/2019 1:05:59 PM,543074.2731,4812796.59
46673,17-147278,7/3/2017 8:00:00 AM,2017,7,3,8,0,0,Monday,546397.6008,4802847.463,-80.427252,43.37707,Non intersection,2,P.D. only,Thru lane,unknown,unknown,SMV unattended vehicle,Unknown,Daylight,01 - Daylight,Municipal (excl. Twp. Rd.),No control,unknown,0,0,0,FALSE,FALSE,FALSE,Clear,,FALSE,ROBERT FERRIE DR; ROBERT FERRIE DR; Near,3/7/2019 1:05:58 PM,546397.6008,4802847.463
46674,17-147333,6/30/2017 10:30:00 PM,2017,6,30,22,30,0,Friday,538123.3572,4809070.161,-80.528955,43.433566,Intersection related,2,P.D. only,Thru lane,unknown,unknown,SMV unattended vehicle,Unknown,Dark,07 - Dark,Municipal (excl. Twp. Rd.),Stop sign,Functioning,0,0,0,FALSE,FALSE,FALSE,Clear,,FALSE,BENESFORT CRES; BENESFORT DR,3/7/2019 1:05:57 PM,538123.3571,4809070.162
46675,17-147491,7/4/2017 7:20:00 PM,2017,7,4,19,20,0,Tuesday,547729.1771,4804246.873,-80.410693,43.389587,Non intersection,1,Non-fatal injury,Thru lane,unknown,unknown,SMV other,Unknown,Daylight,01 - Daylight,Municipal (excl. Twp. Rd.),No control,unknown,0,0,0,FALSE,FALSE,TRUE,Clear,,FALSE,CONESTOGA COLLEGE BLVD ; DOON VALLEY DR ; Near; 149 M,3/7/2019 1:05:55 PM,547729.1771,4804246.873
46676,17-147504,7/4/2017 5:35:00 PM,2017,7,4,17,35,0,Tuesday,536970.7723,4807160.377,-80.543325,43.416428,Non intersection,2,P.D. only,Thru lane,unknown,unknown,Sideswipe,Unknown,Daylight,01 - Daylight,Municipal (excl. Twp. Rd.),No control,unknown,0,0,0,FALSE,FALSE,FALSE,Clear,,FALSE,HIGHVIEW DR; HIGHVIEW DR; Near,3/7/2019 1:05:54 PM,536970.7723,4807160.378
46677,17-147856,7/4/2017 2:45:00 PM,2017,7,4,14,45,0,Tuesday,537053.2705,4807471.48,-80.542285,43.419225,At/near private drive,2,P.D. only,Right shoulder,unknown,unknown,SMV unattended vehicle,Unknown,Daylight,01 - Daylight,Municipal (excl. Twp. Rd.),No control,unknown,0,0,0,FALSE,FALSE,FALSE,Clear,,FALSE,BROKEN OAK CRES; BROKEN OAK CRES; Near,3/7/2019 1:05:52 PM,537053.2705,4807471.48
46678,17-147895,7/4/2017 12:30:00 PM,2017,7,4,12,30,0,Tuesday,541967.9027,4810650.796,-80.481333,43.447592,At/near private drive,2,P.D. only,Not on roadway - right side,unknown,unknown,SMV unattended vehicle,Unknown,Daylight,01 - Daylight,Municipal (excl. Twp. Rd.),No control,unknown,0,0,0,FALSE,FALSE,FALSE,Clear,,FALSE,MADISON AVE N; MADISON AVE N,3/7/2019 1:05:51 PM,541967.9026,4810650.796