OBJECTID,ACCIDENTNUM,ACCIDENTDATE,ACCIDENT_YEAR,ACCIDENT_MONTH,ACCIDENT_DAY,ACCIDENT_HOUR,ACCIDENT_MINUTE,ACCIDENT_SECOND,ACCIDENT_WEEKDAY,XCOORD,YCOORD,LONGITUDE,LATITUDE,ACCIDENTLOCATION,COLLISIONTYPE,CLASSIFICATIONOFACCIDENT,IMPACTLOCATION,INITIALDIRECTIONOFTRAVELONE,INITIALDIRECTIONOFTRAVELTWO,INITIALIMPACTTYPE,INTTRAFFICCONTROL,LIGHT,LIGHTFORREPORT,ROADJURISDICTION,TRAFFICCONTROL,TRAFFICCONTROLCONDITION,THRULANENO,NORTHBOUNDDISOBEYCOUNT,SOUTHBOUNDDISOBEYCOUNT,PEDESTRIANINVOLVED,CYCLISTINVOLVED,MOTORCYCLISTINVOLVED,ENVIRONMENTCONDITION1,ENVIRONMENTCONDITION2,SELFREPORTED,XMLIMPORTNOTES,LASTEDITEDDATE,x,y
46679,17-147955,7/5/2017 12:07:00 PM,2017,7,5,12,7,0,Wednesday,540269.8674,4811637.359,-80.502245,43.456569,At intersection,1,Non-fatal injury,Within intersection,unknown,unknown,Turning movement,Unknown,Daylight,01 - Daylight,Municipal (excl. Twp. Rd.),Stop sign,Functioning,0,0,0,FALSE,FALSE,FALSE,Clear,,FALSE,MOORE AVE; SHANLEY ST,3/7/2019 1:05:50 PM,540269.8674,4811637.359
46680,17-148089,7/4/2017 7:15:00 PM,2017,7,4,19,15,0,Tuesday,539524.339,4806797.774,-80.51181,43.413032,Non intersection,2,P.D. only,Thru lane,unknown,unknown,SMV unattended vehicle,Unknown,Daylight,01 - Daylight,Municipal (excl. Twp. Rd.),No control,unknown,0,0,0,FALSE,FALSE,FALSE,Clear,,FALSE,GREY FOX DR; GREY FOX DR ; Near,3/7/2019 1:05:49 PM,539524.339,4806797.774
46681,17-148145,7/5/2017 11:30:00 AM,2017,7,5,11,30,0,Wednesday,540128.1275,4810827.271,-80.504056,43.449282,Non intersection,2,P.D. only,Thru lane,unknown,unknown,Rear end,Unknown,Daylight,01 - Daylight,Municipal (excl. Twp. Rd.),No control,unknown,0,0,0,FALSE,FALSE,FALSE,Clear,,FALSE,PARK ST; PARK ST ; Near,3/7/2019 1:05:48 PM,540128.1275,4810827.271
46682,17-148939,7/6/2017 12:46:00 PM,2017,7,6,12,46,0,Thursday,546536.8863,4805000.31,-80.42535,43.396445,Non intersection,1,Non-fatal injury,Thru lane,unknown,unknown,SMV other,Unknown,Daylight,01 - Daylight,Municipal (excl. Twp. Rd.),No control,unknown,0,0,0,FALSE,FALSE,TRUE,Clear,,FALSE,MILL PARK DR ; GREEN VALLEY DR ; Near; 42 M,3/7/2019 1:05:47 PM,546536.8863,4805000.31
46683,17-149049,7/6/2017 12:30:00 PM,2017,7,6,12,30,0,Thursday,544610.3971,4809093.171,-80.448803,43.433415,Intersection related,2,P.D. only,Left turn lane,unknown,unknown,Rear end,Unknown,Daylight,01 - Daylight,Regional municipality,Traffic signal,Functioning,0,0,0,FALSE,FALSE,FALSE,Clear,,FALSE,KINGSWAY DR; FRANKLIN ST S,3/7/2019 1:05:46 PM,544610.3971,4809093.171
46684,17-149164,7/6/2017 4:20:00 PM,2017,7,6,16,20,0,Thursday,545084.2509,4811726.538,-80.442731,43.457097,At intersection,2,P.D. only,Within intersection,unknown,unknown,Turning movement,Unknown,Daylight,01 - Daylight,Municipal (excl. Twp. Rd.),Stop sign,Functioning,0,0,0,FALSE,FALSE,FALSE,Clear,,FALSE,HUDSON CRES; MONTCALM DR,3/7/2019 1:05:45 PM,545084.2509,4811726.538
46685,17-149614,7/7/2017 7:20:00 AM,2017,7,7,7,20,0,Friday,549518.6534,4806193.806,-80.388424,43.407001,At/near private drive,2,P.D. only,Thru lane,unknown,unknown,Turning movement,Unknown,Daylight,01 - Daylight,Municipal (excl. Twp. Rd.),No control,unknown,0,0,0,FALSE,FALSE,FALSE,Clear,,FALSE,GATEWAY PARK DR; GATEWAY PARK DR ; Near,3/7/2019 1:05:44 PM,549518.6534,4806193.806
46686,17-150047,7/7/2017 3:00:00 AM,2017,7,7,3,0,0,Friday,539880.1847,4805709.421,-80.507494,43.403214,At/near private drive,2,P.D. only,Right shoulder,unknown,unknown,SMV unattended vehicle,Unknown,Dark,07 - Dark,Municipal (excl. Twp. Rd.),No control,unknown,0,0,0,FALSE,FALSE,FALSE,Clear,,FALSE,COPPER LEAF CRES; COPPER LEAF CRES ; At; 8 M,3/7/2019 1:05:43 PM,539880.1847,4805709.421
46687,17-150057,7/7/2017 10:15:00 AM,2017,7,7,10,15,0,Friday,546252.5316,4808800.613,-80.428539,43.430681,At/near private drive,2,P.D. only,Thru lane,unknown,unknown,SMV unattended vehicle,Unknown,Daylight,01 - Daylight,Municipal (excl. Twp. Rd.),No control,unknown,0,0,0,FALSE,FALSE,FALSE,Clear,,FALSE,WINDOM RD; WINDOM RD ; Near,3/7/2019 1:05:42 PM,546252.5315,4808800.613
46688,17-150788,7/8/2017 1:36:00 PM,2017,7,8,13,36,0,Saturday,541151.6067,4810169.215,-80.491457,43.443301,At/near private drive,2,P.D. only,Thru lane,unknown,unknown,SMV unattended vehicle,Unknown,Daylight,01 - Daylight,Municipal (excl. Twp. Rd.),No control,unknown,0,0,0,FALSE,FALSE,FALSE,Clear,,FALSE,WHITNEY PL; 31 WHITNEY PL; Near; 100 M,3/7/2019 1:05:41 PM,541151.6067,4810169.215
46689,17-150848,7/8/2017 1:50:00 PM,2017,7,8,13,50,0,Saturday,541181.3942,4810692.239,-80.491049,43.448009,Intersection related,2,P.D. only,Thru lane,unknown,unknown,Turning movement,Unknown,Daylight,01 - Daylight,Regional municipality,Traffic signal,Functioning,0,0,0,FALSE,FALSE,FALSE,Clear,,FALSE,QUEEN ST S; JOSEPH ST,3/7/2019 1:05:40 PM,541181.3942,4810692.239
46690,17-150913,7/8/2017 3:00:00 PM,2017,7,8,15,0,0,Saturday,541266.5726,4812423.329,-80.489866,43.463591,At/near private drive,2,P.D. only,Right shoulder,unknown,unknown,SMV unattended vehicle,Unknown,Daylight,01 - Daylight,Municipal (excl. Twp. Rd.),No control,unknown,0,0,0,FALSE,FALSE,FALSE,Clear,,FALSE,BLUCHER ST; BLUCHER ST; Near,3/7/2019 1:05:39 PM,541266.5726,4812423.329
46691,17-150927,7/8/2017 4:50:00 PM,2017,7,8,16,50,0,Saturday,541113.4892,4810747.507,-80.491884,43.44851,At intersection,1,Non-fatal injury,Within intersection,unknown,unknown,SMV other,Unknown,Daylight,01 - Daylight,Regional municipality,Stop sign,Functioning,0,0,0,TRUE,FALSE,FALSE,Clear,,FALSE,JOSEPH ST; ONTARIO ST S,3/7/2019 1:05:38 PM,541113.4892,4810747.508
46692,17-151637,7/8/2017 5:30:00 PM,2017,7,8,17,30,0,Saturday,540796.8323,4806153.565,-80.496141,43.407164,Non intersection,2,P.D. only,Right shoulder,unknown,unknown,SMV unattended vehicle,Unknown,Daylight,01 - Daylight,Municipal (excl. Twp. Rd.),No control,unknown,0,0,0,FALSE,FALSE,FALSE,Clear,,FALSE,ERINBROOK DR; ERINBROOK DR ; Near,3/7/2019 1:05:37 PM,540796.8323,4806153.565
46693,17-152369,7/10/2017 12:23:00 PM,2017,7,10,12,23,0,Monday,541448.8218,4812106.011,-80.487637,43.460724,At intersection,1,Non-fatal injury,Within intersection,unknown,unknown,Angle,Unknown,Daylight,01 - Daylight,Municipal (excl. Twp. Rd.),Stop sign,Functioning,0,0,0,FALSE,FALSE,FALSE,Clear,,FALSE,ST LEGER ST; LOUISA ST,3/7/2019 1:05:36 PM,541448.8218,4812106.011
46694,17-152566,7/10/2017 4:17:00 PM,2017,7,10,16,17,0,Monday,541175.0492,4808250.983,-80.491312,43.426028,Non intersection,2,P.D. only,Thru lane,unknown,unknown,Rear end,Unknown,Daylight,01 - Daylight,Municipal (excl. Twp. Rd.),No control,unknown,0,0,0,FALSE,FALSE,FALSE,Rain,,FALSE,STRASBURG RD ; CHANDLER DR ; 10 M,3/7/2019 1:05:35 PM,541175.0492,4808250.983
46695,17-153545,7/11/2017 3:05:00 PM,2017,7,11,15,5,0,Tuesday,539316.8006,4810614.452,-80.514098,43.447409,Intersection related,2,P.D. only,Thru lane,unknown,unknown,Rear end,Unknown,Daylight,01 - Daylight,Regional municipality,Traffic signal,Functioning,0,0,0,FALSE,FALSE,FALSE,Clear,,FALSE,GAGE AVE; BELMONT AVE W,3/7/2019 1:05:34 PM,539316.8006,4810614.452
46696,17-153965,7/12/2017 8:00:00 AM,2017,7,12,8,0,0,Wednesday,546873.3561,4811282.713,-80.420656,43.452991,At/near private drive,2,P.D. only,Thru lane,unknown,unknown,Other,Unknown,Daylight,01 - Daylight,Municipal (excl. Twp. Rd.),No control,unknown,0,0,0,FALSE,FALSE,FALSE,Clear,,FALSE,JANET CRT; JANET CRT; At,3/7/2019 1:05:33 PM,546873.3561,4811282.713
46697,17-154239,6/29/2017 5:15:00 PM,2017,6,29,17,15,0,Thursday,543070.371,4805497.546,-80.468114,43.40113,Intersection related,2,P.D. only,Right turn lane,unknown,unknown,Rear end,Unknown,Daylight,01 - Daylight,Municipal (excl. Twp. Rd.),Stop sign,Functioning,0,0,0,FALSE,FALSE,FALSE,Clear,,FALSE,TRILLIUM DR; STRASBURG RD,3/7/2019 1:05:32 PM,543070.371,4805497.546
46698,17-154375,7/12/2017 6:00:00 PM,2017,7,12,18,0,0,Wednesday,541182.3674,4810690.329,-80.491038,43.447992,Intersection related,1,Non-fatal injury,Thru lane,unknown,unknown,Rear end,Unknown,Daylight,01 - Daylight,Municipal (excl. Twp. Rd.),Traffic signal,Functioning,0,0,0,FALSE,FALSE,FALSE,Clear,,FALSE,QUEEN ST S; JOSEPH ST; At,3/7/2019 1:05:31 PM,541182.3674,4810690.329
46699,17-154574,7/12/2017 11:14:00 PM,2017,7,12,23,14,0,Wednesday,542010.1455,4810483.284,-80.480823,43.446082,At intersection,2,P.D. only,Within intersection,unknown,unknown,Angle,Unknown,Dark,07 - Dark,Regional municipality,Stop sign,Functioning,0,1,0,FALSE,FALSE,FALSE,Clear,,FALSE,KING ST E; CAMERON ST N,3/7/2019 1:05:30 PM,542010.1455,4810483.284
46700,17-154861,7/12/2017 4:10:00 PM,2017,7,12,16,10,0,Wednesday,542089.2812,4811447.398,-80.479771,43.454758,Intersection related,2,P.D. only,Thru lane,unknown,unknown,Rear end,Unknown,Daylight,01 - Daylight,Regional municipality,Stop sign,Functioning,0,0,0,FALSE,FALSE,FALSE,Clear,,FALSE,FREDERICK ST; SAMUEL ST; At,3/7/2019 1:05:28 PM,542089.2812,4811447.398
46701,17-154906,7/13/2017 8:15:00 AM,2017,7,13,8,15,0,Thursday,540936.8469,4810557.902,-80.494082,43.446813,Non intersection,2,P.D. only,Thru lane,unknown,unknown,Angle,Unknown,Daylight,01 - Daylight,Regional municipality,No control,unknown,0,0,0,FALSE,FALSE,FALSE,Clear,,FALSE,COURTLAND AVE W; DAVID ST; Near,3/7/2019 1:05:27 PM,540936.8469,4810557.902
46702,17-155170,7/13/2017 4:45:00 PM,2017,7,13,16,45,0,Thursday,539832.0221,4811141.71,-80.507693,43.452129,Intersection related,2,P.D. only,Thru lane,unknown,unknown,Rear end,Unknown,Daylight,01 - Daylight,Municipal (excl. Twp. Rd.),Traffic signal,Functioning,0,0,0,FALSE,FALSE,FALSE,Rain,,FALSE,PARK ST; DOMINION ST; Near,3/7/2019 1:05:26 PM,539832.0221,4811141.71
46703,17-155956,7/12/2017 7:40:00 PM,2017,7,12,19,40,0,Wednesday,542048.4002,4812925.411,-80.480162,43.468068,At/near private drive,2,P.D. only,Thru lane,unknown,unknown,SMV unattended vehicle,Unknown,Daylight,01 - Daylight,Municipal (excl. Twp. Rd.),No control,unknown,0,0,0,FALSE,FALSE,FALSE,Clear,,FALSE,MAPLE AVE; MAPLE AVE ; Near,3/7/2019 1:05:25 PM,542048.4002,4812925.411
46704,17-155962,7/10/2017 9:00:00 PM,2017,7,10,21,0,0,Monday,541068,4811108,0,0,Non intersection,2,P.D. only,Thru lane,unknown,unknown,SMV unattended vehicle,Unknown,"Dark, artificial","08 - Dark, artificial",Municipal (excl. Twp. Rd.),No control,unknown,0,0,0,FALSE,FALSE,FALSE,Clear,,FALSE,ARBOURVIEW CRES; ARBOURVIEW CRES; At,3/7/2019 1:05:24 PM,541068,4811108
46705,17-156004,7/14/2017 4:54:00 PM,2017,7,14,16,54,0,Friday,542108.4248,4807128.204,-80.479868,43.415867,Intersection related,2,P.D. only,Thru lane,unknown,unknown,Rear end,Unknown,Daylight,01 - Daylight,Regional municipality,Traffic signal,Functioning,0,0,0,FALSE,FALSE,FALSE,Clear,,FALSE,STRASBURG RD ; BLOCK LINE RD ; At; 20 M,3/7/2019 1:05:22 PM,542108.4248,4807128.204
46706,17-156642,7/14/2017 10:30:00 PM,2017,7,14,22,30,0,Friday,546043.8509,4809621.793,-80.431048,43.438088,At/near private drive,2,P.D. only,Thru lane,unknown,unknown,SMV unattended vehicle,Unknown,"Dark, artificial","08 - Dark, artificial",Municipal (excl. Twp. Rd.),No control,unknown,0,0,0,FALSE,FALSE,FALSE,Clear,,FALSE,VERONICA DR; VERONICA DR,3/7/2019 1:05:21 PM,546043.8509,4809621.793
46707,17-156734,7/15/2017 12:13:00 PM,2017,7,15,12,13,0,Saturday,541068,4811108,0,0,At/near private drive,2,P.D. only,Not on roadway - right side,unknown,unknown,SMV unattended vehicle,Unknown,Daylight,01 - Daylight,Private property,No control,unknown,0,0,0,FALSE,FALSE,FALSE,Clear,,FALSE,DRIVEWAY; OLIVIA ST ; At; 8 M,3/7/2019 1:05:20 PM,541068,4811108
46708,17-156902,7/15/2017 11:15:00 AM,2017,7,15,11,15,0,Saturday,536585.8539,4806744.889,-80.548108,43.412705,Non intersection,2,P.D. only,Thru lane,unknown,unknown,SMV unattended vehicle,Unknown,Daylight,01 - Daylight,Municipal (excl. Twp. Rd.),No control,unknown,0,0,0,FALSE,FALSE,FALSE,Clear,,FALSE,HODDLE CRES; HODDLE CRES; At; 4 M,3/7/2019 1:05:18 PM,536585.8539,4806744.889
46709,17-156917,7/15/2017 3:30:00 PM,2017,7,15,15,30,0,Saturday,544845.9019,4810495.771,-80.445778,43.44603,At/near private drive,2,P.D. only,Right shoulder,unknown,unknown,SMV unattended vehicle,Unknown,Daylight,01 - Daylight,Municipal (excl. Twp. Rd.),No control,unknown,0,0,0,FALSE,FALSE,FALSE,Clear,,FALSE,MIDLAND DR; MIDLAND DR ; At,3/7/2019 1:05:17 PM,544845.9019,4810495.771
46710,17-157597,7/15/2017 2:30:00 PM,2017,7,15,14,30,0,Saturday,541266.1665,4810180.574,-80.49004,43.443397,At/near private drive,2,P.D. only,Thru lane,unknown,unknown,Other,Unknown,Daylight,01 - Daylight,Municipal (excl. Twp. Rd.),Stop sign,Functioning,0,0,0,FALSE,FALSE,FALSE,Clear,,FALSE,PETER ST; PETER ST ; At,3/7/2019 1:05:16 PM,541266.1665,4810180.574
46711,17-157672,7/14/2017 5:20:00 PM,2017,7,14,17,20,0,Friday,540618.9216,4810957.227,-80.497981,43.450426,At intersection,2,P.D. only,Within intersection,unknown,unknown,Turning movement,Unknown,Daylight,01 - Daylight,Municipal (excl. Twp. Rd.),Stop sign,Functioning,0,0,0,FALSE,FALSE,FALSE,Clear,,FALSE,JOSEPH ST; LINDEN AVE,3/7/2019 1:05:15 PM,540618.9216,4810957.227
46712,17-157692,7/16/2017 1:15:00 PM,2017,7,16,13,15,0,Sunday,540588.2138,4810381.081,-80.498403,43.44524,Non intersection,2,P.D. only,Thru lane,unknown,unknown,Other,Unknown,Daylight,01 - Daylight,Municipal (excl. Twp. Rd.),No control,unknown,0,0,0,FALSE,FALSE,FALSE,Clear,,FALSE,SCHNEIDER AVE; DAVID ST; Near,3/7/2019 1:05:14 PM,540588.2138,4810381.081
46713,17-158209,7/17/2017 9:05:00 AM,2017,7,17,9,5,0,Monday,542982.8547,4812756.181,-80.468624,43.466492,Non intersection,2,P.D. only,Thru lane,unknown,unknown,Rear end,Unknown,Daylight,01 - Daylight,Municipal (excl. Twp. Rd.),No control,unknown,0,0,0,FALSE,FALSE,FALSE,Clear,,FALSE,SHIRLEY AVE; WELLINGTON RD; 100 M,3/7/2019 1:05:13 PM,542982.8547,4812756.181
46714,17-158692,7/17/2017 8:10:00 PM,2017,7,17,20,10,0,Monday,539216.8756,4805534.858,-80.515698,43.401677,At/near private drive,1,Non-fatal injury,Thru lane,unknown,unknown,SMV other,Unknown,Dusk,05 - Dusk,Regional municipality,No control,unknown,0,0,0,FALSE,FALSE,FALSE,Clear,,FALSE,HENHOEFFER CRES; HENHOEFFER CRES ; Near; 0 M,3/7/2019 1:05:12 PM,539216.8756,4805534.858
46715,17-158711,7/17/2017 9:15:00 PM,2017,7,17,21,15,0,Monday,544884.1098,4804848.323,-80.44577,43.395178,At intersection,1,Non-fatal injury,Within intersection,unknown,unknown,Turning movement,Unknown,"Dark, artificial","08 - Dark, artificial",Municipal (excl. Twp. Rd.),Traffic signal,Functioning,0,0,0,FALSE,FALSE,FALSE,Clear,,FALSE,PIONEER DR; DOON VILLAGE RD,3/7/2019 1:05:11 PM,544884.1098,4804848.323
46716,17-159165,7/18/2017 11:30:00 AM,2017,7,18,11,30,0,Tuesday,545107.6451,4807726.635,-80.442773,43.421081,Non intersection,2,P.D. only,Thru lane,unknown,unknown,Sideswipe,Unknown,Daylight,01 - Daylight,Municipal (excl. Twp. Rd.),No control,unknown,0,0,0,FALSE,FALSE,FALSE,Clear,,FALSE,WILSON AVE; FAIRWAY RD S; Near,3/7/2019 1:05:09 PM,545107.6451,4807726.635
46717,17-159314,7/18/2017 3:00:00 PM,2017,7,18,15,0,0,Tuesday,540928.7282,4806983.777,-80.49445,43.414632,Non intersection,2,P.D. only,Thru lane,unknown,unknown,SMV unattended vehicle,Unknown,Daylight,01 - Daylight,Municipal (excl. Twp. Rd.),No control,unknown,0,0,0,FALSE,FALSE,FALSE,Clear,,FALSE,BRIARGATE DR; BRIARGATE DR; At,3/7/2019 1:05:07 PM,540928.7282,4806983.777
46718,17-159429,7/6/2017 6:00:00 AM,2017,7,6,6,0,0,Thursday,541852.7476,4803513.072,-80.483302,43.38333,At intersection,2,P.D. only,Within intersection,unknown,unknown,Angle,Unknown,Daylight,01 - Daylight,Regional municipality,Yield sign,Functioning,0,0,0,FALSE,FALSE,FALSE,Clear,,FALSE,HURON RD; WOODBINE AVE,3/7/2019 1:05:06 PM,541852.7476,4803513.072
46719,17-160025,7/19/2017 1:02:00 PM,2017,7,19,13,2,0,Wednesday,547122.5158,4808324.184,-80.417832,43.426337,At/near private drive,2,P.D. only,Thru lane,unknown,unknown,SMV unattended vehicle,Unknown,Daylight,01 - Daylight,Regional municipality,No control,unknown,0,0,0,FALSE,FALSE,FALSE,Clear,,FALSE,PRIVATE DRIVE; MANOR DR; At; 5 M,3/7/2019 1:05:04 PM,547122.5158,4808324.184
46720,17-160744,7/20/2017 9:30:00 AM,2017,7,20,9,30,0,Thursday,539577.912,4811443.705,-80.510811,43.454862,At/near private drive,2,Non-reportable,Thru lane,unknown,unknown,Turning movement,Unknown,Daylight,01 - Daylight,Municipal (excl. Twp. Rd.),No control,unknown,0,0,0,FALSE,FALSE,FALSE,Clear,,FALSE,GREEN ST; GREEN ST,3/7/2019 1:05:03 PM,539577.912,4811443.705
46721,17-160814,7/20/2017 5:30:00 AM,2017,7,20,5,30,0,Thursday,538348.274,4808176.721,-80.526239,43.42551,Non intersection,2,P.D. only,Thru lane,unknown,unknown,SMV unattended vehicle,Unknown,"Dark, artificial","08 - Dark, artificial",Municipal (excl. Twp. Rd.),No control,unknown,0,0,0,FALSE,FALSE,FALSE,Clear,,FALSE,ELM RIDGE DR; ELM RIDGE DR,3/7/2019 1:05:02 PM,538348.274,4808176.721
46722,17-160844,7/20/2017 1:20:00 PM,2017,7,20,13,20,0,Thursday,538374.6082,4807497.788,-80.525961,43.419395,At/near private drive,2,P.D. only,Thru lane,unknown,unknown,Other,Unknown,Daylight,01 - Daylight,Municipal (excl. Twp. Rd.),No control,unknown,0,0,0,FALSE,FALSE,FALSE,Clear,,FALSE,MEADOWLANE DR; MEADOWLANE DR,3/7/2019 1:05:01 PM,538374.6082,4807497.788
46723,17-160910,7/20/2017 2:45:00 PM,2017,7,20,14,45,0,Thursday,541913.128,4811654.446,-80.481932,43.456632,At/near private drive,2,P.D. only,Thru lane,unknown,unknown,Turning movement,Unknown,Daylight,01 - Daylight,Regional municipality,No control,unknown,0,0,0,FALSE,FALSE,FALSE,Clear,,FALSE,LANCASTER ST E; LANCASTER ST E,3/7/2019 1:05:00 PM,541913.128,4811654.446
46724,17-161133,7/19/2017 2:50:00 PM,2017,7,19,14,50,0,Wednesday,540923.5474,4809519.022,-80.494324,43.43746,At/near private drive,2,P.D. only,Thru lane,unknown,unknown,SMV unattended vehicle,Unknown,Daylight,01 - Daylight,Municipal (excl. Twp. Rd.),No control,unknown,0,0,0,FALSE,FALSE,FALSE,Clear,,FALSE,LORNE CRES; LORNE CRES; At,3/7/2019 1:04:59 PM,540923.5474,4809519.022
46725,17-161725,7/21/2017 1:18:00 PM,2017,7,21,13,18,0,Friday,539607.5582,4809634.131,-80.510576,43.438567,Non intersection,2,P.D. only,Thru lane,unknown,unknown,Turning movement,Unknown,Daylight,01 - Daylight,Municipal (excl. Twp. Rd.),No control,unknown,0,0,0,FALSE,FALSE,FALSE,Clear,,FALSE,LAWRENCE AVE; HIGHLAND RD W; 50 M,3/7/2019 1:04:58 PM,539607.5582,4809634.131
46726,17-161940,7/21/2017 6:18:00 PM,2017,7,21,18,18,0,Friday,544152.5139,4808046.817,-80.454545,43.42402,Non intersection,1,Non-fatal injury,Not on roadway - right side,unknown,unknown,SMV other,Unknown,Daylight,01 - Daylight,Municipal (excl. Twp. Rd.),No control,unknown,0,0,0,FALSE,FALSE,FALSE,Clear,,FALSE,WOODHAVEN RD; REYBURN AVE ; 75 M,3/7/2019 1:04:55 PM,544152.5139,4808046.818
46727,17-162747,7/22/2017 6:30:00 PM,2017,7,22,18,30,0,Saturday,542560.3912,4812549.819,-80.473862,43.464658,At intersection,2,P.D. only,Within intersection,unknown,unknown,Rear end,Unknown,Daylight,01 - Daylight,Regional municipality,Traffic signal,Functioning,0,0,0,FALSE,FALSE,FALSE,Clear,,FALSE,85 S OFF TO WELLINGTON ST N; WELLINGTON ST N,3/7/2019 1:04:54 PM,542560.3912,4812549.819
46728,17-162819,7/22/2017 8:45:00 PM,2017,7,22,20,45,0,Saturday,541499.3319,4811995.502,-80.487021,43.459726,Intersection related,2,P.D. only,Thru lane,unknown,unknown,Rear end,Unknown,Dusk,05 - Dusk,Municipal (excl. Twp. Rd.),Stop sign,Functioning,0,1,0,FALSE,FALSE,FALSE,Rain,,FALSE,WELLINGTON ST N; ST LEGER ST ; 4 M,3/7/2019 1:04:53 PM,541499.3319,4811995.502
46729,17-163343,7/22/2017 1:30:00 PM,2017,7,22,13,30,0,Saturday,536762.3184,4810020.442,-80.545708,43.44219,Non intersection,2,P.D. only,Right shoulder,unknown,unknown,SMV unattended vehicle,Unknown,Daylight,01 - Daylight,Municipal (excl. Twp. Rd.),No control,unknown,0,0,0,FALSE,FALSE,FALSE,Clear,,FALSE,GLASGOW ST; UNIVERSITY AVE W; Near,3/7/2019 1:04:51 PM,536762.3184,4810020.442
46730,17-164339,7/24/2017 6:00:00 PM,2017,7,24,18,0,0,Monday,541141.319,4806763.254,-80.491841,43.412634,At intersection,2,P.D. only,Within intersection,unknown,unknown,Angle,Unknown,Daylight,01 - Daylight,Municipal (excl. Twp. Rd.),Stop sign,Functioning,0,0,0,FALSE,FALSE,FALSE,Clear,,FALSE,BLOCK LINE RD ; LAURENTIAN DR,3/7/2019 1:04:50 PM,541141.319,4806763.254
46731,17-164929,7/25/2017 1:00:00 PM,2017,7,25,13,0,0,Tuesday,544069.9723,4807677.226,-80.455595,43.420697,At/near private drive,2,P.D. only,Thru lane,unknown,unknown,SMV unattended vehicle,Unknown,Daylight,01 - Daylight,Municipal (excl. Twp. Rd.),No control,unknown,0,0,0,FALSE,FALSE,FALSE,Clear,,FALSE,VANIER DR; VANIER DR; Near,3/7/2019 1:04:48 PM,544069.9723,4807677.226
46732,17-165193,7/25/2017 7:26:00 PM,2017,7,25,19,26,0,Tuesday,546465.532,4803579.597,-80.426351,43.383658,At/near private drive,2,P.D. only,Thru lane,unknown,unknown,Sideswipe,Unknown,Daylight,01 - Daylight,Municipal (excl. Twp. Rd.),No control,unknown,0,0,0,FALSE,FALSE,FALSE,Clear,,FALSE,DOON SOUTH DR; DOON SOUTH DR ; Near; 20 M,3/7/2019 1:04:45 PM,546465.532,4803579.597
46733,17-165632,7/25/2017 2:30:00 PM,2017,7,25,14,30,0,Tuesday,541824.3828,4812013.216,-80.483002,43.459868,Non intersection,2,P.D. only,Thru lane,unknown,unknown,SMV unattended vehicle,Unknown,Daylight,01 - Daylight,Regional municipality,No control,unknown,0,0,0,FALSE,FALSE,FALSE,Clear,,FALSE,BREITHAUPT ST; LANCASTER ST W,3/7/2019 1:04:44 PM,541824.3828,4812013.216
46734,17-165829,7/25/2017 5:30:00 PM,2017,7,25,17,30,0,Tuesday,540722.7044,4811107.488,-80.496687,43.451773,At intersection,2,P.D. only,Within intersection,unknown,unknown,Turning movement,Unknown,Daylight,01 - Daylight,Municipal (excl. Twp. Rd.),Stop sign,Functioning,0,0,0,FALSE,FALSE,FALSE,Clear,,FALSE,HALLS LANE W; FRANCIS ST S,3/7/2019 1:04:43 PM,540722.7044,4811107.488
46735,17-166074,7/26/2017 7:42:00 PM,2017,7,26,19,42,0,Wednesday,539298.5512,4810660.02,-80.514321,43.44782,Non intersection,2,P.D. only,Thru lane,unknown,unknown,Rear end,Unknown,Dusk,05 - Dusk,Municipal (excl. Twp. Rd.),No control,unknown,0,0,0,FALSE,FALSE,FALSE,Rain,,FALSE,BELMONT AVE W; GLASGOW ST ; 500 M,3/7/2019 1:04:42 PM,539298.5512,4810660.02
46736,17-166851,7/27/2017 6:41:00 PM,2017,7,27,18,41,0,Thursday,540203.3674,4812018.857,-80.503038,43.460007,Non intersection,2,P.D. only,Right shoulder,unknown,unknown,SMV unattended vehicle,Unknown,Daylight,01 - Daylight,Municipal (excl. Twp. Rd.),No control,unknown,0,0,0,FALSE,FALSE,FALSE,Clear,,FALSE,WATERLOO ST; DUKE ST W; Near; 75 M,3/7/2019 1:04:40 PM,540203.3674,4812018.857
46737,17-167356,7/28/2017 12:30:00 PM,2017,7,28,12,30,0,Friday,541572.7336,4810036.751,-80.486263,43.442085,At/near private drive,2,P.D. only,Thru lane,unknown,unknown,Other,Unknown,Daylight,01 - Daylight,Municipal (excl. Twp. Rd.),Traffic signal,Functioning,0,0,0,FALSE,FALSE,FALSE,Clear,,FALSE,MADISON AVE S; MADISON AVE S; At; 5 M,3/7/2019 1:04:39 PM,541572.7336,4810036.751
46738,17-167396,7/28/2017 1:00:00 PM,2017,7,28,13,0,0,Friday,542127.8047,4807106.5,-80.47963,43.41567,At/near private drive,2,P.D. only,Thru lane,unknown,unknown,Rear end,Unknown,Daylight,01 - Daylight,Municipal (excl. Twp. Rd.),No control,unknown,0,0,0,FALSE,FALSE,FALSE,Clear,,FALSE,STRASBURG RD ; STRASBURG RD ; Near,3/7/2019 1:04:38 PM,542127.8047,4807106.5
46739,17-167643,7/28/2017 7:06:00 PM,2017,7,28,19,6,0,Friday,543855.49,4805114.308,-80.45845,43.397633,At intersection,1,Non-fatal injury,Within intersection,unknown,unknown,Turning movement,Unknown,Daylight,01 - Daylight,Municipal (excl. Twp. Rd.),Traffic signal,Functioning,0,0,0,FALSE,FALSE,FALSE,Clear,,FALSE,HURON RD; TRILLIUM DR,3/7/2019 1:04:37 PM,543855.49,4805114.308
46740,17-167657,7/28/2017 7:27:00 PM,2017,7,28,19,27,0,Friday,544883.1884,4804847.428,-80.445782,43.39517,At intersection,2,P.D. only,Within intersection,unknown,unknown,Angle,Unknown,Daylight,01 - Daylight,Municipal (excl. Twp. Rd.),Traffic signal,Functioning,0,0,1,FALSE,FALSE,FALSE,Clear,,FALSE,DOON VILLAGE RD; PIONEER DR,3/7/2019 1:04:36 PM,544883.1884,4804847.428