OBJECTID,ACCIDENTNUM,ACCIDENTDATE,ACCIDENT_YEAR,ACCIDENT_MONTH,ACCIDENT_DAY,ACCIDENT_HOUR,ACCIDENT_MINUTE,ACCIDENT_SECOND,ACCIDENT_WEEKDAY,XCOORD,YCOORD,LONGITUDE,LATITUDE,ACCIDENTLOCATION,COLLISIONTYPE,CLASSIFICATIONOFACCIDENT,IMPACTLOCATION,INITIALDIRECTIONOFTRAVELONE,INITIALDIRECTIONOFTRAVELTWO,INITIALIMPACTTYPE,INTTRAFFICCONTROL,LIGHT,LIGHTFORREPORT,ROADJURISDICTION,TRAFFICCONTROL,TRAFFICCONTROLCONDITION,THRULANENO,NORTHBOUNDDISOBEYCOUNT,SOUTHBOUNDDISOBEYCOUNT,PEDESTRIANINVOLVED,CYCLISTINVOLVED,MOTORCYCLISTINVOLVED,ENVIRONMENTCONDITION1,ENVIRONMENTCONDITION2,SELFREPORTED,XMLIMPORTNOTES,LASTEDITEDDATE,x,y
46864,17-205862,9/13/2017 3:37:00 PM,2017,9,13,15,37,0,Wednesday,541226.3046,4811867.509,-80.490406,43.458589,At intersection,2,P.D. only,Within intersection,unknown,unknown,Turning movement,Unknown,Daylight,01 - Daylight,Municipal (excl. Twp. Rd.),Traffic signal,Functioning,0,0,0,FALSE,FALSE,FALSE,Clear,,FALSE,MARGARET AVE; WELLINGTON ST N,3/7/2019 1:02:12 PM,541226.3046,4811867.509
46865,17-206625,9/14/2017 12:50:00 PM,2017,9,14,12,50,0,Thursday,540730.8748,4807611.875,-80.496847,43.420298,At/near private drive,1,Non-fatal injury,Thru lane,unknown,unknown,Rear end,Unknown,Daylight,01 - Daylight,Municipal (excl. Twp. Rd.),No control,unknown,0,0,0,FALSE,FALSE,FALSE,Clear,,FALSE,HOWLAND DR; HOWLAND DR ; At; 1 M,3/7/2019 1:02:11 PM,540730.8748,4807611.875
46866,17-206652,9/14/2017 11:00:00 AM,2017,9,14,11,0,0,Thursday,539831.9347,4811141.599,-80.507694,43.452128,At intersection,2,P.D. only,Within intersection,unknown,unknown,Angle,Unknown,Daylight,01 - Daylight,Municipal (excl. Twp. Rd.),Traffic signal,Functioning,0,0,0,FALSE,FALSE,FALSE,Clear,,FALSE,DOMINION ST; PARK ST,3/7/2019 1:02:10 PM,539831.9347,4811141.599
46867,17-206742,9/14/2017 7:45:00 AM,2017,9,14,7,45,0,Thursday,541853.7655,4803511.547,-80.48329,43.383316,Intersection related,2,Non-reportable,Thru lane,unknown,unknown,Rear end,Unknown,Daylight,01 - Daylight,Regional municipality,Yield sign,Functioning,0,0,0,FALSE,FALSE,FALSE,Clear,,FALSE,HURON RD; WOODBINE AVE,3/7/2019 1:02:09 PM,541853.7655,4803511.547
46868,17-206778,9/14/2017 1:00:00 PM,2017,9,14,13,0,0,Thursday,541653.0184,4807714.829,-80.485448,43.421174,At/near private drive,2,P.D. only,Thru lane,unknown,unknown,SMV unattended vehicle,Unknown,Daylight,01 - Daylight,Municipal (excl. Twp. Rd.),No control,unknown,0,0,0,FALSE,FALSE,FALSE,Clear,,FALSE,KINGSWOOD DR; KINGSWOOD DR; Near,3/7/2019 1:02:08 PM,541653.0184,4807714.829
46869,17-206852,8/10/2017 6:30:00 PM,2017,8,10,18,30,0,Thursday,542108.9785,4807130.258,-80.479861,43.415885,Non intersection,2,P.D. only,Thru lane,unknown,unknown,Rear end,Unknown,Daylight,01 - Daylight,Regional municipality,Traffic signal,Functioning,0,0,0,FALSE,FALSE,FALSE,Clear,,FALSE,STRASBURG RD; BLOCK LINE RD; 30 M,3/7/2019 1:02:07 PM,542108.9785,4807130.258
46870,17-206966,9/14/2017 6:06:00 PM,2017,9,14,18,6,0,Thursday,547739.6962,4804588.325,-80.410534,43.39266,At/near private drive,2,P.D. only,Thru lane,unknown,unknown,SMV unattended vehicle,Unknown,Daylight,01 - Daylight,Municipal (excl. Twp. Rd.),No control,unknown,0,0,0,FALSE,FALSE,FALSE,Clear,,FALSE,DURHAM ST; DURHAM ST,3/7/2019 1:02:06 PM,547739.6962,4804588.325
46871,17-207319,9/15/2017 8:34:00 AM,2017,9,15,8,34,0,Friday,547284.4231,4811515.536,-80.415555,43.455061,Non intersection,2,P.D. only,Thru lane,unknown,unknown,SMV unattended vehicle,Unknown,Daylight,01 - Daylight,Municipal (excl. Twp. Rd.),No control,unknown,0,0,0,FALSE,FALSE,FALSE,Clear,,FALSE,DEER CREEK ST; DEER CREEK ST ; 0 M,3/7/2019 1:02:04 PM,547284.4231,4811515.536
46872,17-207692,9/15/2017 2:30:00 PM,2017,9,15,14,30,0,Friday,549707.5084,4805905.855,-80.386118,43.404395,At/near private drive,1,Non-fatal injury,Thru lane,unknown,unknown,Turning movement,Unknown,Daylight,01 - Daylight,Regional municipality,Stop sign,Functioning,0,0,0,FALSE,FALSE,FALSE,Clear,,FALSE,GATEWAY PARK DR; KING ST E; At,3/7/2019 1:02:03 PM,549707.5084,4805905.855
46873,17-207794,9/15/2017 5:30:00 PM,2017,9,15,17,30,0,Friday,544957.9051,4811035.307,-80.44435,43.450881,Non intersection,2,P.D. only,Thru lane,unknown,unknown,Sideswipe,Unknown,Daylight,01 - Daylight,Regional municipality,No control,unknown,0,0,0,FALSE,FALSE,FALSE,Clear,,FALSE,RIVER RD E; OTTAWA ST N; Near; 200 M,3/7/2019 1:02:02 PM,544957.9051,4811035.307
46874,17-208356,9/14/2017 11:00:00 AM,2017,9,14,11,0,0,Thursday,544631.9299,4811997.296,-80.4483,43.459562,Intersection related,2,P.D. only,Not on roadway - right side,unknown,unknown,SMV other,Unknown,Daylight,01 - Daylight,Municipal (excl. Twp. Rd.),Stop sign,Functioning,0,0,0,FALSE,FALSE,FALSE,Clear,,FALSE,CARSON DR ; STRATHCONA CRES ; Near; 6 M,3/7/2019 1:02:01 PM,544631.9299,4811997.296
46875,17-208358,9/16/2017 9:10:00 AM,2017,9,16,9,10,0,Saturday,542499.8488,4816064.969,-80.474336,43.496311,At/near private drive,1,Non-fatal injury,Thru lane,unknown,unknown,Other,Unknown,Daylight,01 - Daylight,Municipal (excl. Twp. Rd.),No control,unknown,0,0,0,FALSE,FALSE,FALSE,Clear,,FALSE,COOPERSHAWK ST; COOPERSHAWK ST ; At; 2 M,3/7/2019 1:01:59 PM,542499.8488,4816064.969
46876,17-208455,9/16/2017 2:20:00 AM,2017,9,16,2,20,0,Saturday,540348.0662,4809505.853,-80.501436,43.437372,Non intersection,2,P.D. only,Off highway,unknown,unknown,SMV other,Unknown,Dark,07 - Dark,Regional municipality,No control,unknown,0,0,0,FALSE,FALSE,FALSE,Clear,,FALSE,QUEENS BLVD ; BARCLAY AVE ; Near; 5 M,1/30/2020 12:00:03 PM,540348.0662,4809505.853
46877,17-208581,9/16/2017 1:10:00 PM,2017,9,16,13,10,0,Saturday,544612.9471,4810391.147,-80.448666,43.445101,At intersection,2,P.D. only,Within intersection,unknown,unknown,Turning movement,Unknown,Daylight,01 - Daylight,Municipal (excl. Twp. Rd.),Stop sign,Functioning,0,0,0,FALSE,FALSE,FALSE,Clear,,FALSE,FRANKLIN ST N; BRADLEY DR,3/7/2019 1:01:58 PM,544612.9471,4810391.147
46878,17-208619,9/16/2017 12:16:00 PM,2017,9,16,12,16,0,Saturday,543302.9469,4807366.928,-80.465094,43.417948,At/near private drive,2,P.D. only,Thru lane,unknown,unknown,Rear end,Unknown,Daylight,01 - Daylight,Municipal (excl. Twp. Rd.),No control,unknown,0,0,0,FALSE,FALSE,FALSE,Clear,,FALSE,FALLOWFIELD DR; FALLOWFIELD DR; At; 10 M,3/7/2019 1:01:57 PM,543302.9469,4807366.928
46879,17-208995,9/16/2017 10:30:00 PM,2017,9,16,22,30,0,Saturday,542394.3334,4811985.365,-80.475959,43.459585,Non intersection,2,P.D. only,Not on roadway - right side,unknown,unknown,SMV other,Unknown,Dark,07 - Dark,Regional municipality,No control,unknown,0,0,0,FALSE,FALSE,FALSE,Clear,,FALSE,INDIANA ST; INDIANA ST ; At; 2 M,3/7/2019 1:01:55 PM,542394.3334,4811985.365
46880,17-209384,9/17/2017 11:22:00 AM,2017,9,17,11,22,0,Sunday,539315.4952,4810613.26,-80.514115,43.447398,At intersection,1,Non-fatal injury,Within intersection,unknown,unknown,Angle,Unknown,Daylight,01 - Daylight,Municipal (excl. Twp. Rd.),Traffic signal,Functioning,0,1,0,FALSE,FALSE,FALSE,Clear,,FALSE,BELMONT AVE W; GAGE AVE,3/7/2019 1:01:54 PM,539315.4952,4810613.26
46881,17-209415,9/16/2017 1:00:00 PM,2017,9,16,13,0,0,Saturday,539930.4439,4811036.703,-80.506484,43.451178,At/near private drive,2,P.D. only,Left turn lane,unknown,unknown,Other,Unknown,Daylight,01 - Daylight,Regional municipality,No control,unknown,0,0,0,FALSE,FALSE,FALSE,Clear,,FALSE,PARK ST; PARK ST,3/7/2019 1:01:53 PM,539930.4439,4811036.703
46882,17-209452,9/17/2017 12:53:00 PM,2017,9,17,12,53,0,Sunday,539406.572,4809879.31,-80.513042,43.440785,At intersection,2,P.D. only,Within intersection,unknown,unknown,Turning movement,Unknown,Daylight,01 - Daylight,Municipal (excl. Twp. Rd.),Stop sign,Functioning,0,0,0,FALSE,FALSE,FALSE,Clear,,FALSE,LAWRENCE AVE ; PAULANDER DR,3/7/2019 1:01:52 PM,539406.572,4809879.31
46883,17-209491,9/15/2017 4:30:00 PM,2017,9,15,16,30,0,Friday,546062.1238,4810440.09,-80.430753,43.445454,Non intersection,2,P.D. only,Thru lane,unknown,unknown,SMV unattended vehicle,Unknown,Daylight,01 - Daylight,Municipal (excl. Twp. Rd.),No control,unknown,0,0,0,FALSE,FALSE,FALSE,Clear,,FALSE,HUNTINGDALE DR; HUNTINGDALE DR; At,3/7/2019 1:01:50 PM,546062.1238,4810440.09
46884,17-210049,9/17/2017 8:30:00 AM,2017,9,17,8,30,0,Sunday,541629.7389,4803828.25,-80.486032,43.38618,At/near private drive,2,P.D. only,Thru lane,unknown,unknown,SMV unattended vehicle,Unknown,Daylight,01 - Daylight,Municipal (excl. Twp. Rd.),No control,unknown,0,0,0,FALSE,FALSE,FALSE,Clear,,FALSE,SOPHIA CRES ; SOPHIA CRES ; Near; 4 M,3/7/2019 1:01:48 PM,541629.7389,4803828.25
46885,17-210073,9/18/2017 8:00:00 AM,2017,9,18,8,0,0,Monday,536343.1295,4809704.969,-80.550909,43.43937,Non intersection,2,P.D. only,Thru lane,unknown,unknown,SMV unattended vehicle,Unknown,Daylight,01 - Daylight,Municipal (excl. Twp. Rd.),No control,unknown,0,0,0,FALSE,FALSE,FALSE,Clear,,FALSE,NORTHMANOR CRES; NORTHMANOR CRES ; Near; 50 M,3/7/2019 1:01:47 PM,536343.1295,4809704.969
46886,17-210143,9/18/2017 10:45:00 AM,2017,9,18,10,45,0,Monday,540850.8899,4807138.84,-80.4954,43.416032,Non intersection,2,P.D. only,Thru lane,unknown,unknown,SMV unattended vehicle,Unknown,Daylight,01 - Daylight,Municipal (excl. Twp. Rd.),No control,unknown,0,0,0,FALSE,FALSE,FALSE,Clear,,FALSE,DUNSMERE DR; GREENOCK DR ; Near; 75 M,3/7/2019 1:01:46 PM,540850.8899,4807138.84
46887,17-210457,9/18/2017 5:00:00 AM,2017,9,18,5,0,0,Monday,538824.9036,4809875.708,-80.52023,43.440783,Non intersection,2,P.D. only,Thru lane,unknown,unknown,SMV unattended vehicle,Unknown,"Dark, artificial","08 - Dark, artificial",Regional municipality,No control,unknown,0,0,0,FALSE,FALSE,FALSE,Clear,,FALSE,WEICHEL ST ; WEICHEL ST ; Near,3/7/2019 1:01:45 PM,538824.9036,4809875.708
46888,17-210570,9/18/2017 6:00:00 PM,2017,9,18,18,0,0,Monday,541503.9124,4810531.618,-80.487076,43.446545,At/near private drive,2,P.D. only,Thru lane,unknown,unknown,SMV unattended vehicle,Unknown,Daylight,01 - Daylight,Municipal (excl. Twp. Rd.),No control,unknown,0,0,0,FALSE,FALSE,FALSE,Clear,,FALSE,CHURCH ST; CHURCH ST ; At; 4 M,3/7/2019 1:01:44 PM,541503.9124,4810531.618
46889,17-210672,9/18/2017 8:43:00 PM,2017,9,18,20,43,0,Monday,544067.9109,4808220.079,-80.455577,43.425585,Non intersection,1,Non-fatal injury,Left shoulder,unknown,unknown,SMV other,Unknown,Dark,07 - Dark,Municipal (excl. Twp. Rd.),No control,unknown,0,0,0,FALSE,FALSE,FALSE,Clear,,FALSE,HARBER AVE; BYRON AVE ; At; 10 M,3/7/2019 1:01:42 PM,544067.9109,4808220.079
46890,17-211081,9/18/2017 5:45:00 PM,2017,9,18,17,45,0,Monday,542260.5493,4809643.905,-80.477794,43.43851,At/near private drive,2,P.D. only,Right shoulder,unknown,unknown,SMV unattended vehicle,Unknown,Daylight,01 - Daylight,Municipal (excl. Twp. Rd.),No control,unknown,0,0,0,FALSE,FALSE,FALSE,Clear,,FALSE,BEDFORD RD; BEDFORD RD,3/7/2019 1:01:40 PM,542260.5493,4809643.905
46891,17-211134,9/19/2017 12:32:00 PM,2017,9,19,12,32,0,Tuesday,543204.4842,4805547.115,-80.466454,43.401568,At intersection,2,P.D. only,Within intersection,unknown,unknown,Turning movement,Unknown,Daylight,01 - Daylight,Municipal (excl. Twp. Rd.),Stop sign,Functioning,0,0,0,FALSE,FALSE,FALSE,Clear,,FALSE,TRILLIUM DR; SHOEMAKER ST,3/7/2019 1:01:39 PM,543204.4842,4805547.115
46892,17-211773,9/19/2017 6:35:00 PM,2017,9,19,18,35,0,Tuesday,540921.8138,4810569.582,-80.494267,43.446919,At intersection,2,P.D. only,Within intersection,unknown,unknown,Turning movement,Unknown,"Dusk, artificial","06 - Dusk, artificial",Municipal (excl. Twp. Rd.),Stop sign,Functioning,0,0,0,FALSE,FALSE,FALSE,Clear,,FALSE,COURTLAND AVE W; DAVID ST,3/7/2019 1:01:37 PM,540921.8138,4810569.582
46893,17-211964,9/20/2017 8:55:00 AM,2017,9,20,8,55,0,Wednesday,537962.8478,4807733.333,-80.531031,43.421537,At/near private drive,2,P.D. only,Thru lane,unknown,unknown,Other,Unknown,Daylight,01 - Daylight,Municipal (excl. Twp. Rd.),No control,unknown,0,0,0,FALSE,FALSE,FALSE,Clear,,FALSE,AUTUMN HILL CRES ; AUTUMN HILL CRES ; 0 K,3/7/2019 1:01:35 PM,537962.8478,4807733.333
46894,17-212004,9/20/2017 9:58:00 AM,2017,9,20,9,58,0,Wednesday,544234.2751,4808392.642,-80.453507,43.427129,Non intersection,2,P.D. only,Thru lane,unknown,unknown,Sideswipe,Unknown,Daylight,01 - Daylight,Regional municipality,No control,unknown,0,0,0,FALSE,FALSE,FALSE,Clear,,FALSE,WILSON AVE; WILSON AVE ; Near,3/7/2019 1:01:34 PM,544234.2751,4808392.642
46895,17-212031,9/19/2017 4:55:00 PM,2017,9,19,16,55,0,Tuesday,546447.0414,4809739.71,-80.426056,43.439124,At/near private drive,2,Non-reportable,Right shoulder,unknown,unknown,Other,Unknown,Daylight,01 - Daylight,Municipal (excl. Twp. Rd.),No control,unknown,0,0,0,FALSE,FALSE,FALSE,Rain,,FALSE,OLD CHICOPEE TRAIL; OLD CHICOPEE TRAIL; Near,3/7/2019 1:01:33 PM,546447.0414,4809739.71
46896,17-212323,9/20/2017 3:30:00 PM,2017,9,20,15,30,0,Wednesday,545534.3608,4811220.15,-80.43721,43.45251,Non intersection,2,P.D. only,Thru lane,unknown,unknown,SMV unattended vehicle,Unknown,Daylight,01 - Daylight,Municipal (excl. Twp. Rd.),No control,unknown,0,0,0,FALSE,FALSE,FALSE,Clear,,FALSE,CARNABY CRES; CARNABY CRES,3/7/2019 1:01:31 PM,545534.3608,4811220.15
46897,17-213257,9/21/2017 3:20:00 PM,2017,9,21,15,20,0,Thursday,546135.5809,4811400.951,-80.429764,43.454101,Non intersection,2,P.D. only,Thru lane,unknown,unknown,SMV unattended vehicle,Unknown,Daylight,01 - Daylight,Municipal (excl. Twp. Rd.),No control,unknown,0,0,0,FALSE,FALSE,FALSE,Clear,,FALSE,MCGIBBON CRT; MCGIBBON CRT,3/7/2019 1:01:30 PM,546135.5809,4811400.951
46898,17-213388,9/21/2017 4:25:00 PM,2017,9,21,16,25,0,Thursday,541786.2977,4807670.34,-80.483805,43.420766,At/near private drive,2,Non-reportable,Thru lane,unknown,unknown,Other,Unknown,Daylight,01 - Daylight,Municipal (excl. Twp. Rd.),No control,unknown,0,0,0,FALSE,FALSE,FALSE,Clear,,FALSE,LUCERNE DR; LUCERNE DR ; At,3/7/2019 1:01:29 PM,541786.2977,4807670.34
46899,17-213838,9/22/2017 12:01:00 AM,2017,9,22,0,1,0,Friday,546308.1309,4809063.807,-80.42783,43.433047,Non intersection,2,P.D. only,Thru lane,unknown,unknown,SMV unattended vehicle,Unknown,Dark,07 - Dark,Regional municipality,No control,unknown,0,0,0,FALSE,FALSE,FALSE,Clear,,FALSE,CHICOPEE PARK CRT; CHICOPEE PARK CRT; Near,3/7/2019 1:01:28 PM,546308.1309,4809063.807
46900,17-214663,9/23/2017 1:59:00 AM,2017,9,23,1,59,0,Saturday,541272.8298,4811024.292,-80.489894,43.450994,Non intersection,2,P.D. only,Not on roadway - left side,unknown,unknown,SMV other,Unknown,Dark,07 - Dark,Municipal (excl. Twp. Rd.),No control,unknown,0,0,0,FALSE,FALSE,FALSE,Clear,,FALSE,ONTARIO ST N; ONTARIO ST N; At; 1 M,3/7/2019 1:01:27 PM,541272.8298,4811024.292
46901,17-214889,9/23/2017 10:53:00 AM,2017,9,23,10,53,0,Saturday,542397.4757,4811081.555,-80.47599,43.451447,At intersection,1,Non-fatal injury,Within intersection,unknown,unknown,Angle,Unknown,Daylight,01 - Daylight,Municipal (excl. Twp. Rd.),Stop sign,Functioning,0,0,0,FALSE,FALSE,FALSE,Clear,,FALSE,KRUG ST ; SIMEON ST,3/7/2019 1:01:26 PM,542397.4757,4811081.555
46902,17-214940,9/22/2017 3:17:00 PM,2017,9,22,15,17,0,Friday,544950.8014,4807689.934,-80.444713,43.42076,At/near private drive,2,P.D. only,Thru lane,unknown,unknown,Turning movement,Unknown,Daylight,01 - Daylight,Regional municipality,No control,unknown,0,0,0,FALSE,FALSE,FALSE,Clear,,FALSE,WILSON AVE; FAIRWAY RD S; At,3/7/2019 1:01:25 PM,544950.8014,4807689.934
46903,17-214974,9/23/2017 12:52:00 PM,2017,9,23,12,52,0,Saturday,537068.5781,4807991.052,-80.542061,43.423902,At/near private drive,2,P.D. only,Thru lane,unknown,unknown,SMV unattended vehicle,Unknown,Daylight,01 - Daylight,Municipal (excl. Twp. Rd.),No control,unknown,0,0,0,FALSE,FALSE,FALSE,Clear,,FALSE,SUMMERHILL CRES; WEST ACRES CRES ; Near; 400 M,3/7/2019 1:01:24 PM,537068.5781,4807991.052
46904,17-214991,9/23/2017 1:30:00 PM,2017,9,23,13,30,0,Saturday,539056.4057,4806654.649,-80.5176,43.411768,At/near private drive,2,P.D. only,Thru lane,unknown,unknown,SMV unattended vehicle,Unknown,Daylight,01 - Daylight,Municipal (excl. Twp. Rd.),No control,unknown,0,0,0,FALSE,FALSE,FALSE,Clear,,FALSE,WATERCRESS CRT ; WATERCRESS CRT; At; 1 M,3/7/2019 1:01:23 PM,539056.4057,4806654.649
46905,17-215086,9/23/2017 3:19:00 PM,2017,9,23,15,19,0,Saturday,542390.4246,4812888.524,-80.475937,43.467717,Other,2,P.D. only,Off highway,unknown,unknown,SMV other,Unknown,Daylight,01 - Daylight,Private property,No control,unknown,0,0,0,FALSE,FALSE,FALSE,Clear,,FALSE,DRIVEWAY;  GUELPH ST,3/7/2019 1:01:21 PM,542390.4246,4812888.524
46906,17-215150,9/23/2017 4:53:00 PM,2017,9,23,16,53,0,Saturday,545214.8487,4810451.217,-80.441223,43.445606,Intersection related,2,P.D. only,Thru lane,unknown,unknown,Other,Unknown,Daylight,01 - Daylight,Municipal (excl. Twp. Rd.),Stop sign,Functioning,0,0,0,FALSE,FALSE,FALSE,Clear,,FALSE,BRADLEY DR ; RIVER RD E; Near; 10 M,3/7/2019 1:01:20 PM,545214.8487,4810451.217
46907,17-215216,9/23/2017 6:09:00 PM,2017,9,23,18,9,0,Saturday,545748.0188,4809201.647,-80.434739,43.434323,At intersection,1,Non-fatal injury,Within intersection,unknown,unknown,Turning movement,Unknown,Daylight,01 - Daylight,Municipal (excl. Twp. Rd.),Stop sign,Functioning,0,0,0,FALSE,TRUE,FALSE,Clear,,FALSE,KINZIE AVE; OBERMEYER DR,3/7/2019 1:01:19 PM,545748.0188,4809201.647
46908,17-216379,9/25/2017 7:12:00 AM,2017,9,25,7,12,0,Monday,543952.9647,4807456.785,-80.457058,43.418719,Other,2,P.D. only,Off highway,unknown,unknown,SMV other,Unknown,Daylight,01 - Daylight,Private property,No control,unknown,0,0,0,FALSE,FALSE,FALSE,Clear,,FALSE,CN RAIL TRACKS; BALZER RD ; Near; 200 M,3/7/2019 1:01:18 PM,543952.9647,4807456.785
46909,17-216445,9/25/2017 8:58:00 AM,2017,9,25,8,58,0,Monday,539831.285,4807607.274,-80.50796,43.420305,Non intersection,2,P.D. only,Thru lane,unknown,unknown,SMV unattended vehicle,Unknown,Daylight,01 - Daylight,Municipal (excl. Twp. Rd.),No control,unknown,0,0,0,FALSE,FALSE,FALSE,Clear,,FALSE,WINDALE CRES; WINDALE CRES ; 6 M,3/7/2019 1:01:16 PM,539831.285,4807607.275
46910,17-216852,9/25/2017 3:30:00 PM,2017,9,25,15,30,0,Monday,541306.769,4811424.545,-80.489445,43.454596,At intersection,1,Non-fatal injury,Within intersection,unknown,unknown,Angle,Unknown,Daylight,01 - Daylight,Municipal (excl. Twp. Rd.),Stop sign,Functioning,0,0,0,FALSE,TRUE,FALSE,Clear,,FALSE,AHRENS ST W; YOUNG ST,3/7/2019 1:01:15 PM,541306.769,4811424.545
46911,17-216890,9/25/2017 5:38:00 PM,2017,9,25,17,38,0,Monday,546147.9751,4813523.273,-80.429431,43.47321,At/near private drive,2,P.D. only,Thru lane,unknown,unknown,Turning movement,Unknown,Daylight,01 - Daylight,Municipal (excl. Twp. Rd.),No control,unknown,0,0,0,FALSE,FALSE,FALSE,Clear,,FALSE,CENTENNIAL RD; CENTENNIAL RD ; Near; 5 M,3/7/2019 1:01:14 PM,546147.9751,4813523.273
46912,17-216948,9/25/2017 8:05:00 AM,2017,9,25,8,5,0,Monday,539361.1219,4811292.874,-80.513502,43.453515,At/near private drive,2,P.D. only,Right shoulder,unknown,unknown,Other,Unknown,Dawn,03 - Dawn,Municipal (excl. Twp. Rd.),No control,unknown,0,0,0,FALSE,FALSE,FALSE,Clear,,FALSE,YORK ST; Near,3/7/2019 1:01:12 PM,539361.1219,4811292.874
46913,17-216963,9/25/2017 7:30:00 PM,2017,9,25,19,30,0,Monday,537809.4004,4810490.143,-80.532736,43.446367,Non intersection,2,P.D. only,Left shoulder,unknown,unknown,SMV other,Unknown,Daylight,01 - Daylight,Regional municipality,No control,unknown,0,0,0,FALSE,FALSE,FALSE,Clear,,FALSE,GLASGOW ST; KNELL DR; Near; 30 M,3/7/2019 1:01:11 PM,537809.4004,4810490.143
46914,17-217310,9/25/2017 7:10:00 AM,2017,9,25,7,10,0,Monday,547765.8073,4805957.777,-80.410092,43.404989,Non intersection,2,P.D. only,Thru lane,unknown,unknown,SMV unattended vehicle,Unknown,Daylight,01 - Daylight,Municipal (excl. Twp. Rd.),No control,unknown,0,0,0,FALSE,FALSE,FALSE,Clear,,FALSE,FALL HARVEST DR; FALL HARVEST DR ; At,3/7/2019 1:01:10 PM,547765.8072,4805957.777
46915,17-217634,9/25/2017 3:28:00 PM,2017,9,25,15,28,0,Monday,541068,4811108,0,0,At/near private drive,2,P.D. only,Thru lane,unknown,unknown,Other,Unknown,Daylight,01 - Daylight,Municipal (excl. Twp. Rd.),No control,unknown,0,0,0,FALSE,FALSE,FALSE,Clear,,FALSE,VALLEYSCAPE DR; VALLEYSCAPE DR; At,3/7/2019 1:01:09 PM,541068,4811108
46916,17-217648,9/26/2017 2:52:00 PM,2017,9,26,14,52,0,Tuesday,539870.0508,4810630.957,-80.50726,43.447528,Intersection related,2,P.D. only,Not on roadway - left side,unknown,unknown,SMV other,Unknown,Daylight,01 - Daylight,Municipal (excl. Twp. Rd.),Stop sign,Functioning,0,0,0,FALSE,FALSE,FALSE,Clear,,FALSE,CHERRY ST; STRANGE ST; At,3/7/2019 1:01:08 PM,539870.0508,4810630.957
46917,17-217699,9/26/2017 3:59:00 PM,2017,9,26,15,59,0,Tuesday,542898.35,4813016.771,-80.469648,43.468843,At/near private drive,2,P.D. only,Thru lane,unknown,unknown,Turning movement,Unknown,Daylight,01 - Daylight,Municipal (excl. Twp. Rd.),No control,unknown,0,0,0,FALSE,FALSE,FALSE,Clear,,FALSE,RIVERBEND DR; RIVERBEND DR ; Near; 5 M,3/7/2019 1:01:07 PM,542898.35,4813016.771
46918,17-217731,9/26/2017 4:34:00 PM,2017,9,26,16,34,0,Tuesday,544282.6034,4808357.492,-80.452913,43.42681,Intersection related,2,P.D. only,Thru lane,unknown,unknown,Sideswipe,Unknown,Daylight,01 - Daylight,Regional municipality,Stop sign,Functioning,0,0,0,FALSE,FALSE,FALSE,Clear,,FALSE,WILSON AVE; FRANKLIN ST S; Near; 8 M,3/7/2019 1:01:06 PM,544282.6034,4808357.492
46919,17-217838,9/26/2017 4:30:00 PM,2017,9,26,16,30,0,Tuesday,539504.8574,4810143.115,-80.511808,43.443155,Non intersection,1,Non-fatal injury,Thru lane,unknown,unknown,Rear end,Unknown,Daylight,01 - Daylight,Regional municipality,Traffic signal,Functioning,0,0,0,FALSE,FALSE,FALSE,Clear,,FALSE,BELMONT AVE W; BELMONT AVE W; Near,3/7/2019 1:01:05 PM,539504.8574,4810143.115
46920,17-217955,9/26/2017 9:41:00 PM,2017,9,26,21,41,0,Tuesday,544886.0283,4804849.295,-80.445747,43.395186,At intersection,2,P.D. only,Within intersection,unknown,unknown,Angle,Unknown,"Daylight, artificial","02 - Daylight, artificial",Municipal (excl. Twp. Rd.),Traffic signal,Functioning,0,0,0,FALSE,FALSE,FALSE,Clear,,FALSE,PIONEER DR; DOON VILLAGE RD,3/7/2019 1:01:04 PM,544886.0283,4804849.295
46921,17-219078,9/28/2017 7:56:00 AM,2017,9,28,7,56,0,Thursday,547772.1313,4804357.417,-80.410153,43.390579,Non intersection,2,P.D. only,Thru lane,unknown,unknown,Rear end,Unknown,Daylight,01 - Daylight,Regional municipality,No control,unknown,0,0,0,FALSE,FALSE,FALSE,Clear,,FALSE,CONESTOGA COLLEGE BLVD ; DOON VALLEY DR ; 30 M,3/7/2019 1:01:02 PM,547772.1313,4804357.417
46922,17-219107,9/28/2017 8:45:00 AM,2017,9,28,8,45,0,Thursday,547643.4799,4804668.881,-80.411715,43.393392,At intersection,2,P.D. only,Within intersection,unknown,unknown,Turning movement,Unknown,Daylight,01 - Daylight,Municipal (excl. Twp. Rd.),Stop sign,Functioning,0,0,0,FALSE,FALSE,FALSE,Clear,,FALSE,OLD MILL RD; SYDENHAM ST,3/7/2019 1:01:01 PM,547643.4799,4804668.881
46923,17-219226,9/28/2017 11:33:00 AM,2017,9,28,11,33,0,Thursday,541068,4811108,0,0,Other,2,P.D. only,Off highway,unknown,unknown,SMV unattended vehicle,Unknown,Daylight,01 - Daylight,Private property,No control,unknown,0,0,0,FALSE,FALSE,FALSE,Clear,,FALSE,SCENIC WOOD CRES; SCENIC WOOD CRES,3/7/2019 1:01:00 PM,541068,4811108
46924,17-219292,9/28/2017 9:30:00 AM,2017,9,28,9,30,0,Thursday,545157.2014,4807239.786,-80.442201,43.416694,At intersection,2,P.D. only,Within intersection,unknown,unknown,Turning movement,Stop sign,Daylight,01 - Daylight,Municipal (excl. Twp. Rd.),Stop sign,Functioning,0,0,0,FALSE,FALSE,FALSE,Clear,,FALSE,WILSON AVE; WEBSTER RD,3/7/2019 1:00:59 PM,545157.2014,4807239.786
46925,17-219491,9/28/2017 9:45:00 AM,2017,9,28,9,45,0,Thursday,541709.2991,4810982.164,-80.484503,43.45059,Non intersection,2,P.D. only,Thru lane,unknown,unknown,Other,Unknown,Daylight,01 - Daylight,Municipal (excl. Twp. Rd.),No control,unknown,0,0,0,FALSE,FALSE,FALSE,Clear,,FALSE,SCOTT ST; WEBER ST E; Near,3/7/2019 1:00:58 PM,541709.2991,4810982.165