OBJECTID,ACCIDENTNUM,ACCIDENTDATE,ACCIDENT_YEAR,ACCIDENT_MONTH,ACCIDENT_DAY,ACCIDENT_HOUR,ACCIDENT_MINUTE,ACCIDENT_SECOND,ACCIDENT_WEEKDAY,XCOORD,YCOORD,LONGITUDE,LATITUDE,ACCIDENTLOCATION,COLLISIONTYPE,CLASSIFICATIONOFACCIDENT,IMPACTLOCATION,INITIALDIRECTIONOFTRAVELONE,INITIALDIRECTIONOFTRAVELTWO,INITIALIMPACTTYPE,INTTRAFFICCONTROL,LIGHT,LIGHTFORREPORT,ROADJURISDICTION,TRAFFICCONTROL,TRAFFICCONTROLCONDITION,THRULANENO,NORTHBOUNDDISOBEYCOUNT,SOUTHBOUNDDISOBEYCOUNT,PEDESTRIANINVOLVED,CYCLISTINVOLVED,MOTORCYCLISTINVOLVED,ENVIRONMENTCONDITION1,ENVIRONMENTCONDITION2,SELFREPORTED,XMLIMPORTNOTES,LASTEDITEDDATE,x,y
46926,17-219590,9/28/2017 11:20:00 AM,2017,9,28,11,20,0,Thursday,540030.7782,4811452.912,-80.505213,43.454921,At/near private drive,2,P.D. only,Thru lane,unknown,unknown,Other,Unknown,Daylight,01 - Daylight,Municipal (excl. Twp. Rd.),No control,unknown,0,0,0,FALSE,FALSE,FALSE,Clear,,FALSE,AGNES ST; AGNES ST,3/7/2019 1:00:57 PM,540030.7782,4811452.912
46927,17-219942,9/29/2017 8:24:00 AM,2017,9,29,8,24,0,Friday,539085.5169,4811595.789,-80.516886,43.456257,At intersection,2,P.D. only,Within intersection,unknown,unknown,Turning movement,Unknown,Daylight,01 - Daylight,Regional municipality,Stop sign,Functioning,0,0,0,FALSE,FALSE,FALSE,Rain,,FALSE,UNION BLVD; YORK ST; 0 M,3/7/2019 1:00:56 PM,539085.5169,4811595.789
46928,17-219973,9/29/2017 9:02:00 AM,2017,9,29,9,2,0,Friday,545759.51,4803959.399,-80.435036,43.387121,Intersection related,2,P.D. only,Thru lane,unknown,unknown,Rear end,Unknown,Dawn,03 - Dawn,Municipal (excl. Twp. Rd.),Stop sign,Functioning,0,0,0,FALSE,FALSE,FALSE,Rain,,FALSE,APPLE RIDGE DR; DOON MILLS DR; At,3/7/2019 1:00:55 PM,545759.51,4803959.399
46929,17-220159,9/29/2017 1:55:00 PM,2017,9,29,13,55,0,Friday,541875.8766,4811808.223,-80.482381,43.458019,At intersection,2,P.D. only,Within intersection,unknown,unknown,Turning movement,Unknown,Daylight,01 - Daylight,Municipal (excl. Twp. Rd.),Stop sign,Functioning,0,0,0,FALSE,FALSE,FALSE,Rain,,FALSE,LANCASTER ST E; QUEEN ST N,3/7/2019 1:00:53 PM,541875.8766,4811808.223
46930,17-220320,9/29/2017 5:01:00 PM,2017,9,29,17,1,0,Friday,542710.2533,4811105.643,-80.472123,43.451646,At intersection,1,Non-fatal injury,Within intersection,unknown,unknown,SMV other,Unknown,Daylight,01 - Daylight,Municipal (excl. Twp. Rd.),Stop sign,Functioning,0,1,0,TRUE,FALSE,FALSE,Clear,,FALSE,EAST AVE; GLENDALE RD,3/7/2019 1:00:52 PM,542710.2533,4811105.643
46931,17-220327,9/29/2017 1:00:00 PM,2017,9,29,13,0,0,Friday,544836.7979,4809345.417,-80.445985,43.435672,Non intersection,2,P.D. only,Right shoulder,unknown,unknown,SMV unattended vehicle,Unknown,Daylight,01 - Daylight,Municipal (excl. Twp. Rd.),No control,unknown,0,0,0,FALSE,FALSE,FALSE,Clear,,FALSE,PINECREST DR; PINECREST DR,3/7/2019 1:00:51 PM,544836.7979,4809345.417
46932,17-220873,9/29/2017 6:00:00 PM,2017,9,29,18,0,0,Friday,546062.9774,4809493.93,-80.430823,43.436935,Non intersection,2,P.D. only,Thru lane,unknown,unknown,Sideswipe,Unknown,Daylight,01 - Daylight,Regional municipality,No control,unknown,0,0,0,FALSE,FALSE,FALSE,Clear,,FALSE,RIVER RD E; KINZIE AVE; Near,3/7/2019 1:00:50 PM,546062.9774,4809493.93
46933,17-221015,9/30/2017 11:26:00 AM,2017,9,30,11,26,0,Saturday,541652.2213,4809999.358,-80.485284,43.441744,Non intersection,1,Non-fatal injury,Not on roadway - right side,unknown,unknown,SMV other,Unknown,Daylight,01 - Daylight,Municipal (excl. Twp. Rd.),No control,unknown,0,0,0,FALSE,FALSE,TRUE,Clear,,FALSE,STIRLING AVE S; COURTLAND AVE E; Near; 50 M,3/7/2019 1:00:49 PM,541652.2213,4809999.358
46934,17-221046,9/30/2017 11:10:00 AM,2017,9,30,11,10,0,Saturday,542169.502,4807056.413,-80.479119,43.415217,Non intersection,2,P.D. only,Thru lane,unknown,unknown,Rear end,Unknown,Daylight,01 - Daylight,Regional municipality,No control,unknown,0,0,0,FALSE,FALSE,FALSE,Clear,,FALSE,STRASBURG RD; STRASBURG RD,1/30/2020 12:00:02 PM,542169.502,4807056.413
46935,17-221391,9/30/2017 5:31:00 PM,2017,9,30,17,31,0,Saturday,540485.4462,4809736.034,-80.499721,43.439437,At intersection,1,Non-fatal injury,Within intersection,unknown,unknown,Rear end,Unknown,Daylight,01 - Daylight,Regional municipality,Stop sign,Functioning,0,0,0,FALSE,FALSE,FALSE,Clear,,FALSE,QUEENS BLVD; SPADINA RD E,3/7/2019 1:00:46 PM,540485.4462,4809736.034
46936,17-221995,10/1/2017 3:52:00 AM,2017,10,1,3,52,0,Sunday,541019.0947,4810693.535,-80.493055,43.44803,Non intersection,2,Non-reportable,Thru lane,unknown,unknown,Rear end,Unknown,Dark,07 - Dark,Municipal (excl. Twp. Rd.),No control,unknown,0,0,0,FALSE,FALSE,FALSE,Clear,,FALSE,DAVID ST ; JOSEPH ST ; Near; 400 M,1/30/2020 12:00:01 PM,541019.0947,4810693.535
46937,17-222169,10/1/2017 11:40:00 AM,2017,10,1,11,40,0,Sunday,539594.3637,4805899.334,-80.51101,43.404939,At/near private drive,1,Non-fatal injury,Thru lane,unknown,unknown,Turning movement,Unknown,Daylight,01 - Daylight,Municipal (excl. Twp. Rd.),No control,unknown,0,0,0,FALSE,FALSE,FALSE,Clear,,FALSE,MAX BECKER DR; MAX BECKER DR; Near; 20 M,3/7/2019 1:00:45 PM,539594.3637,4805899.334
46938,17-222206,9/30/2017 8:56:00 PM,2017,9,30,20,56,0,Saturday,538531.9645,4809610.21,-80.523869,43.438407,Non intersection,2,Non-reportable,Thru lane,unknown,unknown,Rear end,Unknown,Dark,07 - Dark,Regional municipality,No control,unknown,0,0,0,FALSE,FALSE,FALSE,Clear,,FALSE,HAZELGLEN DR ; VICTORIA ST S; Near,3/7/2019 1:00:44 PM,538531.9645,4809610.21
46939,17-222323,10/1/2017 3:10:00 PM,2017,10,1,15,10,0,Sunday,544663.3856,4809164.314,-80.448143,43.434052,At/near private drive,2,P.D. only,Thru lane,unknown,unknown,Angle,Unknown,Daylight,01 - Daylight,Municipal (excl. Twp. Rd.),Stop sign,Functioning,0,0,0,FALSE,FALSE,FALSE,Clear,,FALSE,FRANKLIN ST N; WEBER ST E; 0 M,3/7/2019 1:00:42 PM,544663.3856,4809164.314
46940,17-222354,10/1/2017 4:10:00 PM,2017,10,1,16,10,0,Sunday,539615.4385,4811375.803,-80.510352,43.454248,Intersection related,2,P.D. only,Not on roadway - right side,unknown,unknown,SMV other,Unknown,Daylight,01 - Daylight,Municipal (excl. Twp. Rd.),Traffic signal,Functioning,0,0,0,FALSE,FALSE,FALSE,Clear,,FALSE,GLASGOW ST ; PARK ST ; Near; 12.6 M,3/7/2019 1:00:41 PM,539615.4385,4811375.803
46941,17-222778,10/2/2017 7:52:00 AM,2017,10,2,7,52,0,Monday,539037.4916,4805660.198,-80.517904,43.402815,At intersection,1,Non-fatal injury,Within intersection,unknown,unknown,Turning movement,Unknown,Daylight,01 - Daylight,Municipal (excl. Twp. Rd.),Stop sign,Functioning,0,1,0,FALSE,FALSE,FALSE,Clear,,FALSE,ACTIVA AVE ; SNOWDROP CRES,1/30/2020 12:00:00 PM,539037.4916,4805660.198
46942,17-223012,9/29/2017 5:00:00 PM,2017,9,29,17,0,0,Friday,545476.0556,4811496.603,-80.437908,43.455003,At/near private drive,2,P.D. only,Thru lane,unknown,unknown,Turning movement,Unknown,Daylight,01 - Daylight,Municipal (excl. Twp. Rd.),No control,unknown,0,0,0,FALSE,FALSE,FALSE,Clear,,FALSE,MCGEE AVE; MCGEE AVE ; Near,3/7/2019 1:00:40 PM,545476.0556,4811496.603
46943,17-223100,10/2/2017 2:16:00 PM,2017,10,2,14,16,0,Monday,539889.0921,4808583.456,-80.507174,43.429091,At/near private drive,2,Non-reportable,Right shoulder,unknown,unknown,SMV unattended vehicle,Unknown,Daylight,01 - Daylight,Municipal (excl. Twp. Rd.),No control,unknown,0,0,0,FALSE,FALSE,FALSE,Clear,,FALSE,EVERGREEN CRES; EVERGREEN CRES ; Near; 2 M,3/7/2019 1:00:39 PM,539889.0921,4808583.456
46944,17-223101,10/2/2017 2:16:00 PM,2017,10,2,14,16,0,Monday,543072.94,4812799.863,-80.467507,43.46688,Intersection related,1,Non-fatal injury,Thru lane,unknown,unknown,Rear end,Unknown,Daylight,01 - Daylight,Municipal (excl. Twp. Rd.),Traffic signal,Functioning,0,0,0,FALSE,FALSE,FALSE,Clear,,FALSE,WELLINGTON ST N; RIVER BEND DR,3/7/2019 1:00:38 PM,543072.94,4812799.863
46945,17-223246,9/30/2017 4:50:00 PM,2017,9,30,16,50,0,Saturday,541068,4811108,0,0,At/near private drive,2,P.D. only,Thru lane,unknown,unknown,Other,Unknown,Daylight,01 - Daylight,Municipal (excl. Twp. Rd.),No control,unknown,0,0,0,FALSE,FALSE,FALSE,Clear,,FALSE,GOLDENROD LANE; GOLDENROD LANE; Near,3/7/2019 1:00:37 PM,541068,4811108
46946,17-223737,10/2/2017 6:45:00 PM,2017,10,2,18,45,0,Monday,536227.2684,4809391.833,-80.552361,43.436556,At/near private drive,2,P.D. only,Thru lane,unknown,unknown,SMV unattended vehicle,Unknown,Daylight,01 - Daylight,Municipal (excl. Twp. Rd.),No control,unknown,0,0,0,FALSE,FALSE,FALSE,Clear,,FALSE,RESURRECTION DR; RESURRECTION DR ; Near; 5 M,3/7/2019 1:00:36 PM,536227.2684,4809391.833
46947,17-223864,10/3/2017 11:00:00 AM,2017,10,3,11,0,0,Tuesday,540472.1059,4809715.349,-80.499888,43.439252,At/near private drive,2,P.D. only,Thru lane,unknown,unknown,Turning movement,Unknown,Daylight,01 - Daylight,Regional municipality,No control,unknown,0,0,0,FALSE,FALSE,FALSE,Clear,,FALSE,QUEENS BLVD ; HIGHLAND RD W; Near,3/7/2019 1:00:34 PM,540472.1059,4809715.349
46948,17-223866,10/3/2017 12:30:00 PM,2017,10,3,12,30,0,Tuesday,545115.2859,4807693.908,-80.442681,43.420785,At/near private drive,2,P.D. only,Thru lane,unknown,unknown,Turning movement,Unknown,Daylight,01 - Daylight,Regional municipality,No control,unknown,0,0,0,FALSE,FALSE,FALSE,Clear,,FALSE,WILSON AVE ; FAIRWAY RD S,3/7/2019 1:00:33 PM,545115.2859,4807693.908
46949,17-223957,10/3/2017 2:44:00 PM,2017,10,3,14,44,0,Tuesday,542067.231,4810446.836,-80.480121,43.44575,At/near private drive,2,P.D. only,Thru lane,unknown,unknown,Turning movement,Unknown,Daylight,01 - Daylight,Regional municipality,No control,unknown,0,0,0,FALSE,FALSE,FALSE,Clear,,FALSE,KING ST E; KING ST E; At; 0 M,3/7/2019 1:00:31 PM,542067.231,4810446.836
46950,17-224055,10/3/2017 4:55:00 PM,2017,10,3,16,55,0,Tuesday,541322.0965,4811115.09,-80.489279,43.451809,Non intersection,2,P.D. only,Thru lane,unknown,unknown,Other,Unknown,Daylight,01 - Daylight,Municipal (excl. Twp. Rd.),Traffic signal,Functioning,0,0,0,FALSE,FALSE,FALSE,Clear,,FALSE,ONTARIO ST N; DUKE ST W; Near; 50 M,3/7/2019 1:00:30 PM,541322.0965,4811115.09
46951,17-224613,10/4/2017 11:08:00 AM,2017,10,4,11,8,0,Wednesday,537815.673,4809207.267,-80.532747,43.434816,At/near private drive,1,Non-fatal injury,Thru lane,unknown,unknown,Turning movement,Unknown,Daylight,01 - Daylight,Municipal (excl. Twp. Rd.),No control,unknown,0,0,0,FALSE,FALSE,FALSE,Rain,,FALSE,OPRINGTON DR; OPRINGTON DR ; At; 15 M,3/7/2019 1:00:29 PM,537815.673,4809207.267
46952,17-224665,9/30/2017 8:30:00 PM,2017,9,30,20,30,0,Saturday,543475.842,4804120.381,-80.463217,43.388706,At/near private drive,2,P.D. only,Right shoulder,unknown,unknown,SMV unattended vehicle,Unknown,"Dark, artificial","08 - Dark, artificial",Regional municipality,No control,unknown,0,0,0,FALSE,FALSE,FALSE,Clear,,FALSE,RUSH MEADOW CRES; RUSH MEADOW CRES ; Near,3/7/2019 1:00:28 PM,543475.842,4804120.381
46953,17-224719,10/4/2017 1:17:00 PM,2017,10,4,13,17,0,Wednesday,544322.3331,4809575.114,-80.452323,43.437771,At/near private drive,1,Non-fatal injury,Not on roadway - right side,unknown,unknown,SMV other,Unknown,Daylight,01 - Daylight,Municipal (excl. Twp. Rd.),No control,unknown,0,0,0,TRUE,FALSE,FALSE,Rain,,FALSE,PROSPECT AVE ; PROSPECT AVE ; 1 M,3/7/2019 1:00:27 PM,544322.3331,4809575.114
46954,17-224869,10/4/2017 2:50:00 PM,2017,10,4,14,50,0,Wednesday,541648.09,4804107.594,-80.485784,43.388695,Non intersection,2,P.D. only,Thru lane,unknown,unknown,Sideswipe,Unknown,Daylight,01 - Daylight,Municipal (excl. Twp. Rd.),No control,unknown,0,0,0,FALSE,FALSE,FALSE,Clear,,FALSE,WOODBINE AVE; WOODBINE AVE,3/7/2019 1:00:26 PM,541648.09,4804107.594
46955,17-225658,10/5/2017 3:17:00 PM,2017,10,5,15,17,0,Thursday,541230.2842,4810949.999,-80.490426,43.450327,At intersection,1,Non-fatal injury,Within intersection,unknown,unknown,SMV other,Unknown,Daylight,01 - Daylight,Regional municipality,Traffic signal,Functioning,0,0,0,TRUE,FALSE,FALSE,Clear,,FALSE,ONTARIO ST N; KING ST W,1/30/2020 12:00:00 PM,541230.2842,4810949.999
46956,17-225791,10/5/2017 10:00:00 AM,2017,10,5,10,0,0,Thursday,540959.9727,4811315.949,-80.493739,43.453637,At/near private drive,2,P.D. only,Thru lane,unknown,unknown,SMV unattended vehicle,Unknown,Daylight,01 - Daylight,Municipal (excl. Twp. Rd.),No control,unknown,0,0,0,FALSE,FALSE,FALSE,Clear,,FALSE,FRANCIS ST N; FRANCIS ST N; Near,3/7/2019 1:00:24 PM,540959.9727,4811315.949
46957,17-226144,10/5/2017 6:30:00 PM,2017,10,5,18,30,0,Thursday,544197.3237,4803336.815,-80.454373,43.381609,Non intersection,2,P.D. only,Thru lane,unknown,unknown,Turning movement,Unknown,Dusk,05 - Dusk,Municipal (excl. Twp. Rd.),No control,unknown,0,0,0,FALSE,FALSE,FALSE,Clear,,FALSE,HEARTHWOOD DR; HEARTHWOOD DR ; Near,3/7/2019 1:00:23 PM,544197.3237,4803336.815
46958,17-226157,10/6/2017 8:15:00 AM,2017,10,6,8,15,0,Friday,547747.5143,4810974.278,-80.409879,43.450159,Non intersection,2,P.D. only,Thru lane,unknown,unknown,SMV unattended vehicle,Unknown,Daylight,01 - Daylight,Municipal (excl. Twp. Rd.),No control,unknown,0,0,0,FALSE,FALSE,FALSE,Clear,,FALSE,PEBBLECREEK DR; PEBBLECREEK DR ; Near,3/7/2019 1:00:22 PM,547747.5143,4810974.278
46959,17-226173,10/6/2017 9:22:00 AM,2017,10,6,9,22,0,Friday,537867.1315,4808946.243,-80.53213,43.432463,Intersection related,2,P.D. only,Not on roadway - left side,unknown,unknown,SMV other,Unknown,Daylight,01 - Daylight,Municipal (excl. Twp. Rd.),Stop sign,Functioning,0,0,0,FALSE,FALSE,FALSE,Clear,,FALSE,OPRINGTON DR ; OPRINGTON PL ; Near; 12 M,3/7/2019 1:00:21 PM,537867.1315,4808946.243
46960,17-226237,10/6/2017 10:42:00 AM,2017,10,6,10,42,0,Friday,540123.1605,4808512.677,-80.504288,43.428442,At/near private drive,2,P.D. only,Thru lane,unknown,unknown,Other,Unknown,Daylight,01 - Daylight,Municipal (excl. Twp. Rd.),No control,unknown,0,0,0,FALSE,FALSE,FALSE,Clear,,FALSE,GREENBROOK DR; GREENBROOK DR; At; 18 M,3/7/2019 1:00:20 PM,540123.1605,4808512.677
46961,17-226388,10/6/2017 2:20:00 PM,2017,10,6,14,20,0,Friday,539404.3956,4810384.01,-80.513033,43.445329,At intersection,2,P.D. only,Within intersection,unknown,unknown,Turning movement,Unknown,Daylight,01 - Daylight,Municipal (excl. Twp. Rd.),Stop sign,Functioning,0,0,0,FALSE,FALSE,FALSE,Clear,,FALSE,BELMONT AVE W; KARN ST,3/7/2019 1:00:18 PM,539404.3956,4810384.01
46962,17-226889,10/7/2017 12:34:00 AM,2017,10,7,0,34,0,Saturday,543569.145,4804978.54,-80.461997,43.396428,At intersection,2,P.D. only,Within intersection,unknown,unknown,Turning movement,Unknown,Dark,07 - Dark,Regional municipality,Traffic signal,Functioning,0,0,0,FALSE,FALSE,FALSE,Rain,,FALSE,BATTLER RD ; HURON RD,3/7/2019 1:00:16 PM,543569.145,4804978.54
46963,17-227133,10/7/2017 10:03:00 AM,2017,10,7,10,3,0,Saturday,547909.4285,4810732.555,-80.407899,43.447972,Non intersection,2,P.D. only,Right shoulder,unknown,unknown,SMV unattended vehicle,Unknown,Other,99 - Other,Municipal (excl. Twp. Rd.),No control,unknown,0,0,0,FALSE,FALSE,FALSE,Other,,FALSE,COLTON CIR; COLTON CIR ; Near; 10 M,3/7/2019 1:00:15 PM,547909.4285,4810732.555
46964,17-227345,10/7/2017 10:50:00 AM,2017,10,7,10,50,0,Saturday,544847.052,4805069.375,-80.44621,43.39717,Non intersection,2,P.D. only,Thru lane,unknown,unknown,Rear end,Unknown,Daylight,01 - Daylight,Municipal (excl. Twp. Rd.),No control,unknown,0,0,0,FALSE,FALSE,FALSE,Clear,,FALSE,DOON VILLAGE RD; UPPER CANADA DR; Near,3/7/2019 1:00:14 PM,544847.052,4805069.375
46965,17-227350,10/7/2017 4:00:00 AM,2017,10,7,4,0,0,Saturday,541647.807,4808931.559,-80.48542,43.43213,At/near private drive,2,Non-reportable,Right shoulder,unknown,unknown,SMV unattended vehicle,Unknown,Daylight,01 - Daylight,Municipal (excl. Twp. Rd.),No control,unknown,0,0,0,FALSE,FALSE,FALSE,Clear,,FALSE,KEHL ST; KEHL ST ; At,3/7/2019 1:00:13 PM,541647.807,4808931.559
46966,17-227374,10/7/2017 4:23:00 PM,2017,10,7,16,23,0,Saturday,536246.2892,4808628.311,-80.552177,43.42968,At/near private drive,2,P.D. only,Right shoulder,unknown,unknown,SMV unattended vehicle,Unknown,Daylight,01 - Daylight,Municipal (excl. Twp. Rd.),No control,unknown,0,0,0,FALSE,FALSE,FALSE,Clear,,FALSE,PRIVATE DRIVE; HUCK CRES ; At; 1 M,3/7/2019 1:00:12 PM,536246.2892,4808628.311
46967,17-228033,10/8/2017 12:08:00 PM,2017,10,8,12,8,0,Sunday,541228.4428,4809294.932,-80.490574,43.435425,At intersection,2,P.D. only,Within intersection,unknown,unknown,Turning movement,Unknown,Daylight,01 - Daylight,Regional municipality,Stop sign,Functioning,0,0,0,FALSE,FALSE,FALSE,Clear,,FALSE,HIGHLAND RD E; MAUSSER AVE,3/7/2019 1:00:11 PM,541228.4428,4809294.932
46968,17-228771,10/8/2017 11:30:00 PM,2017,10,8,23,30,0,Sunday,538633.2602,4808823.71,-80.522673,43.431321,Non intersection,2,P.D. only,Not on roadway - right side,unknown,unknown,SMV other,Unknown,"Dark, artificial","08 - Dark, artificial",Municipal (excl. Twp. Rd.),No control,unknown,0,0,0,FALSE,FALSE,FALSE,Clear,,FALSE,OVERLEA DR; OVERLEA DR ; Near; 10 M,3/7/2019 1:00:09 PM,538633.2602,4808823.71
46969,17-229341,10/10/2017 9:05:00 AM,2017,10,10,9,5,0,Tuesday,542966.7433,4809803.403,-80.469055,43.439906,At intersection,2,P.D. only,Within intersection,unknown,unknown,Turning movement,Unknown,Daylight,01 - Daylight,Municipal (excl. Twp. Rd.),Stop sign,Functioning,0,0,0,FALSE,FALSE,FALSE,Clear,,FALSE,SHELDON AVE S; CHARLES ST E,1/30/2020 11:59:59 AM,542966.7433,4809803.403
46970,17-229456,10/10/2017 8:35:00 AM,2017,10,10,8,35,0,Tuesday,546351.9791,4804407.523,-80.427683,43.391119,At/near private drive,2,Non-reportable,Thru lane,unknown,unknown,Turning movement,Unknown,Daylight,01 - Daylight,Municipal (excl. Twp. Rd.),No control,unknown,0,0,0,FALSE,FALSE,FALSE,Clear,,FALSE,OLD CARRIAGE DR; OLD CARRIAGE DR ; Near,3/7/2019 1:00:08 PM,546351.9791,4804407.523
46971,17-229474,10/10/2017 11:26:00 AM,2017,10,10,11,26,0,Tuesday,541814.1841,4807489,-80.483475,43.419132,Non intersection,2,P.D. only,Thru lane,unknown,unknown,Rear end,Unknown,Daylight,01 - Daylight,Municipal (excl. Twp. Rd.),No control,unknown,0,0,0,FALSE,FALSE,FALSE,Clear,,FALSE,STRASBURG RD; STRASBURG RD ; Near; 100 M,3/7/2019 1:00:07 PM,541814.1841,4807489
46972,17-229645,10/7/2017 10:00:00 PM,2017,10,7,22,0,0,Saturday,539547.2324,4808366.103,-80.511414,43.427152,At/near private drive,2,P.D. only,Thru lane,unknown,unknown,SMV unattended vehicle,Unknown,Daylight,01 - Daylight,Municipal (excl. Twp. Rd.),No control,unknown,0,0,0,FALSE,FALSE,FALSE,Clear,,FALSE,RIPPLEWOOD CRES; RIPPLEWOOD CRES ; At,3/7/2019 1:00:06 PM,539547.2324,4808366.103
46973,17-229671,10/10/2017 3:13:00 PM,2017,10,10,15,13,0,Tuesday,541774.0506,4812122.182,-80.483616,43.460851,At/near private drive,2,P.D. only,Thru lane,unknown,unknown,Other,Unknown,Daylight,01 - Daylight,Municipal (excl. Twp. Rd.),No control,unknown,0,0,0,FALSE,FALSE,FALSE,Clear,,FALSE,WELLINGTON ST N; WELLINGTON ST N; Near; 3 M,3/7/2019 1:00:05 PM,541774.0506,4812122.182
46974,17-230434,10/11/2017 1:16:00 PM,2017,10,11,13,16,0,Wednesday,541265.4623,4810792.304,-80.490003,43.448905,At intersection,1,Non-fatal injury,Within intersection,unknown,unknown,Angle,Unknown,Daylight,01 - Daylight,Regional municipality,Traffic signal,Functioning,0,0,1,FALSE,FALSE,FALSE,Rain,,FALSE,QUEEN ST S; CHARLES ST E,3/7/2019 1:00:04 PM,541265.4623,4810792.304
46975,17-230538,10/11/2017 1:55:00 PM,2017,10,11,13,55,0,Wednesday,543735.9307,4808329.473,-80.459669,43.42659,At/near private drive,2,P.D. only,Not on roadway - right side,unknown,unknown,Angle,Unknown,Daylight,01 - Daylight,Municipal (excl. Twp. Rd.),No control,unknown,0,0,0,FALSE,FALSE,FALSE,Rain,,FALSE,REAR ENTRANCE ON SHELLY DR; COURTLAND AVE E,3/7/2019 1:00:03 PM,543735.9307,4808329.473
46976,17-230647,10/11/2017 3:45:00 PM,2017,10,11,15,45,0,Wednesday,540975.3955,4808892.047,-80.49373,43.431811,At/near private drive,2,P.D. only,Thru lane,unknown,unknown,Other,Unknown,Daylight,01 - Daylight,Municipal (excl. Twp. Rd.),No control,unknown,0,0,0,FALSE,FALSE,FALSE,Clear,,FALSE,GOTTSCHEER CRT; GOTTSCHEER CRT ; At; 1 M,3/7/2019 1:00:00 PM,540975.3955,4808892.047
46977,17-230656,10/11/2017 5:51:00 PM,2017,10,11,17,51,0,Wednesday,545081.5504,4811872.022,-80.442753,43.458407,Non intersection,1,Non-fatal injury,Thru lane,unknown,unknown,Approaching,Unknown,Dusk,05 - Dusk,Regional municipality,No control,unknown,0,0,0,FALSE,FALSE,FALSE,Clear,,FALSE,MONTCALM DR; MONTCALM DR ; Near; 12 M,3/7/2019 12:59:59 PM,545081.5504,4811872.023
46978,17-230727,10/11/2017 7:30:00 PM,2017,10,11,19,30,0,Wednesday,539972.068,4810990,-80.505973,43.450756,Intersection related,2,P.D. only,Thru lane,unknown,unknown,Rear end,Unknown,"Dark, artificial","08 - Dark, artificial",Municipal (excl. Twp. Rd.),Stop sign,Functioning,0,0,0,FALSE,FALSE,FALSE,Clear,,FALSE,PARK ST; STEWART ST ; 20 M,3/7/2019 12:59:58 PM,539972.068,4810990
46979,17-231957,10/13/2017 10:32:00 AM,2017,10,13,10,32,0,Friday,541354.5662,4808050.33,-80.489109,43.424212,At/near private drive,2,P.D. only,Thru lane,unknown,unknown,Turning movement,Unknown,Daylight,01 - Daylight,Regional municipality,No control,unknown,0,0,0,FALSE,FALSE,FALSE,"Fog, mist, smoke, dust",,FALSE,STRASBURG RD; OTTAWA ST S; 203 M,3/7/2019 12:59:57 PM,541354.5662,4808050.33
46980,17-232120,10/13/2017 1:35:00 PM,2017,10,13,13,35,0,Friday,542185.2734,4815970.46,-80.478234,43.495478,Non intersection,2,P.D. only,Thru lane,unknown,unknown,SMV unattended vehicle,Unknown,Daylight,01 - Daylight,Municipal (excl. Twp. Rd.),No control,unknown,0,0,0,FALSE,FALSE,FALSE,Clear,,FALSE,HAWKSWOOD DR ; REDTAIL ST ; Near; 5 M,3/7/2019 12:59:55 PM,542185.2734,4815970.46
46981,17-232261,10/12/2017 8:30:00 PM,2017,10,12,20,30,0,Thursday,540673.6372,4810071.878,-80.497371,43.442451,At/near private drive,2,P.D. only,Not on roadway - right side,unknown,unknown,SMV unattended vehicle,Unknown,Dark,07 - Dark,Regional municipality,No control,unknown,0,0,0,FALSE,FALSE,FALSE,Clear,,FALSE,HOMEWOOD AVE; HOMEWOOD AVE,3/7/2019 12:59:54 PM,540673.6372,4810071.878
46982,17-232356,10/13/2017 7:16:00 PM,2017,10,13,19,16,0,Friday,545018.726,4812563.259,-80.443472,43.464635,Intersection related,2,P.D. only,Thru lane,unknown,unknown,SMV other,Unknown,"Dark, artificial","08 - Dark, artificial",Municipal (excl. Twp. Rd.),No control,unknown,0,0,0,FALSE,FALSE,FALSE,Clear,,FALSE,HALIFAX DR; HERITAGE DR,3/7/2019 12:59:51 PM,545018.726,4812563.259
46983,17-232824,10/14/2017 9:46:00 AM,2017,10,14,9,46,0,Saturday,538218.7294,4808357.034,-80.527827,43.42714,At intersection,1,Non-fatal injury,Within intersection,unknown,unknown,SMV other,Unknown,Daylight,01 - Daylight,Regional municipality,Traffic signal,Functioning,0,0,0,TRUE,FALSE,FALSE,Clear,,FALSE,QUEENS BLVD; ELM RIDGE DR,3/7/2019 12:59:50 PM,538218.7294,4808357.034
46984,17-232834,10/13/2017 10:30:00 AM,2017,10,13,10,30,0,Friday,541452.027,4811249.478,-80.487662,43.453012,At/near private drive,2,P.D. only,Off highway,unknown,unknown,SMV other,Unknown,Daylight,01 - Daylight,Private property,No control,unknown,0,0,0,FALSE,FALSE,FALSE,Rain,,FALSE,ROY ST ; ROY ST ; At; 1 M,1/30/2020 11:59:58 AM,541452.027,4811249.478
46985,17-232987,10/14/2017 1:12:00 PM,2017,10,14,13,12,0,Saturday,543219.326,4811847.996,-80.465772,43.458301,At/near private drive,2,P.D. only,Thru lane,unknown,unknown,Other,Unknown,Daylight,01 - Daylight,Municipal (excl. Twp. Rd.),No control,unknown,0,0,0,FALSE,FALSE,FALSE,Clear,,FALSE,CAMBRIDGE AVE; CAMBRIDGE AVE ; 0 M,3/7/2019 12:59:49 PM,543219.326,4811847.996
46986,17-233200,10/14/2017 6:05:00 PM,2017,10,14,18,5,0,Saturday,545233.527,4808100.551,-80.441187,43.42444,At intersection,1,Non-fatal injury,Within intersection,unknown,unknown,Turning movement,Unknown,Dusk,05 - Dusk,Municipal (excl. Twp. Rd.),Stop sign,Functioning,0,0,0,FALSE,FALSE,FALSE,Rain,,FALSE,KINGSWAY DR ; GREENFIELD AVE,3/7/2019 12:59:46 PM,545233.527,4808100.551