OBJECTID,ACCIDENTNUM,ACCIDENTDATE,ACCIDENT_YEAR,ACCIDENT_MONTH,ACCIDENT_DAY,ACCIDENT_HOUR,ACCIDENT_MINUTE,ACCIDENT_SECOND,ACCIDENT_WEEKDAY,XCOORD,YCOORD,LONGITUDE,LATITUDE,ACCIDENTLOCATION,COLLISIONTYPE,CLASSIFICATIONOFACCIDENT,IMPACTLOCATION,INITIALDIRECTIONOFTRAVELONE,INITIALDIRECTIONOFTRAVELTWO,INITIALIMPACTTYPE,INTTRAFFICCONTROL,LIGHT,LIGHTFORREPORT,ROADJURISDICTION,TRAFFICCONTROL,TRAFFICCONTROLCONDITION,THRULANENO,NORTHBOUNDDISOBEYCOUNT,SOUTHBOUNDDISOBEYCOUNT,PEDESTRIANINVOLVED,CYCLISTINVOLVED,MOTORCYCLISTINVOLVED,ENVIRONMENTCONDITION1,ENVIRONMENTCONDITION2,SELFREPORTED,XMLIMPORTNOTES,LASTEDITEDDATE,x,y
46987,17-233205,10/14/2017 6:20:00 PM,2017,10,14,18,20,0,Saturday,546710.063,4810985.345,-80.4227,43.450324,Non intersection,2,P.D. only,Thru lane,unknown,unknown,Rear end,Unknown,Dusk,05 - Dusk,Municipal (excl. Twp. Rd.),No control,unknown,0,0,0,FALSE,FALSE,FALSE,Rain,,FALSE,ZELLER DR; LACKNER BLVD ; 100 M,3/7/2019 12:59:44 PM,546710.063,4810985.345
46988,17-233533,10/15/2017 2:20:00 AM,2017,10,15,2,20,0,Sunday,540957.47,4809727.426,-80.493889,43.439334,Non intersection,1,Non-fatal injury,Thru lane,unknown,unknown,Approaching,Unknown,"Dark, artificial","08 - Dark, artificial",Regional municipality,Traffic controller,unknown,0,0,0,FALSE,FALSE,FALSE,Rain,,FALSE,HIGHLAND RD E; HIGHLAND RD E; Near; 1 M,3/7/2019 12:59:42 PM,540957.47,4809727.426
46989,17-233721,10/15/2017 11:25:00 AM,2017,10,15,11,25,0,Sunday,540171.9134,4809413.585,-80.503619,43.436551,Intersection related,2,P.D. only,Thru lane,unknown,unknown,SMV other,Unknown,Daylight,01 - Daylight,Municipal (excl. Twp. Rd.),Traffic signal,Functioning,0,0,0,FALSE,FALSE,FALSE,Rain,,FALSE,QUEENS BLVD; BELMONT AVE E; 25 M,3/7/2019 12:59:41 PM,540171.9134,4809413.585
46990,17-233874,10/15/2017 12:45:00 PM,2017,10,15,12,45,0,Sunday,541157.4759,4809438.258,-80.49144,43.43672,At/near private drive,2,P.D. only,Left turn lane,unknown,unknown,Other,Unknown,Daylight,01 - Daylight,Municipal (excl. Twp. Rd.),Traffic signal,Functioning,0,0,0,FALSE,FALSE,FALSE,Clear,,FALSE,HIGHLAND RD E; HIGHLAND RD E,3/7/2019 12:59:39 PM,541157.4759,4809438.258
46991,17-234331,10/16/2017 5:58:00 AM,2017,10,16,5,58,0,Monday,541341.4413,4809060.674,-80.489195,43.43331,At intersection,1,Non-fatal injury,Within intersection,unknown,unknown,Turning movement,Unknown,Dark,07 - Dark,Regional municipality,Stop sign,Functioning,0,0,0,FALSE,TRUE,FALSE,Clear,,FALSE,HIGHLAND RD E; HEIMAN ST,3/7/2019 12:59:38 PM,541341.4413,4809060.674
46992,17-234396,10/16/2017 7:15:00 AM,2017,10,16,7,15,0,Monday,544884.1098,4804848.323,-80.44577,43.395178,At intersection,2,P.D. only,Within intersection,unknown,unknown,Rear end,Unknown,Daylight,01 - Daylight,Municipal (excl. Twp. Rd.),Traffic signal,Functioning,0,0,0,FALSE,FALSE,FALSE,Clear,,FALSE,DOON VILLAGE RD; PIONEER DR,3/7/2019 12:59:37 PM,544884.1098,4804848.323
46993,17-234612,10/15/2017 7:00:00 PM,2017,10,15,19,0,0,Sunday,545461.5029,4804681.832,-80.438655,43.393644,At/near private drive,2,P.D. only,Right shoulder,unknown,unknown,SMV unattended vehicle,Unknown,Other,99 - Other,Regional municipality,No control,unknown,0,0,0,FALSE,FALSE,FALSE,Rain,,FALSE,PIONEER DR; PIONEER DR ; At; 5 M,3/7/2019 12:59:36 PM,545461.5029,4804681.832
46994,17-234750,10/16/2017 3:11:00 PM,2017,10,16,15,11,0,Monday,540627.9152,4806358.181,-80.498212,43.409015,At/near private drive,2,P.D. only,Thru lane,unknown,unknown,Rear end,Unknown,Daylight,01 - Daylight,Regional municipality,No control,unknown,0,0,0,FALSE,FALSE,FALSE,Clear,,FALSE,TILLSLEY DR ; TILLSLEY DR ; At; 0 M,3/7/2019 12:59:35 PM,540627.9152,4806358.181
46995,17-234823,10/13/2017 8:40:00 AM,2017,10,13,8,40,0,Friday,542608.7642,4805878.844,-80.473785,43.404589,At intersection,2,P.D. only,Within intersection,unknown,unknown,Rear end,Unknown,Daylight,01 - Daylight,Municipal (excl. Twp. Rd.),Stop sign,Functioning,0,0,0,FALSE,FALSE,FALSE,Rain,,FALSE,STRASBURG RD; MCINTYRE DR,3/7/2019 12:59:34 PM,542608.7642,4805878.844
46996,17-234888,10/16/2017 4:25:00 PM,2017,10,16,16,25,0,Monday,543074.8748,4812797.959,-80.467483,43.466862,Intersection related,2,Non-reportable,Thru lane,unknown,unknown,Sideswipe,Unknown,Daylight,01 - Daylight,Municipal (excl. Twp. Rd.),Traffic signal,Functioning,0,0,0,FALSE,FALSE,FALSE,Clear,,FALSE,SHIRLEY AVE; WELLINGTON ST N; Near,3/7/2019 12:59:33 PM,543074.8748,4812797.959
46997,17-235276,10/17/2017 8:10:00 AM,2017,10,17,8,10,0,Tuesday,540293.959,4809416.9,-80.502111,43.436574,Non intersection,2,P.D. only,Thru lane,unknown,unknown,Angle,Unknown,Daylight,01 - Daylight,Municipal (excl. Twp. Rd.),No control,unknown,0,0,0,FALSE,FALSE,FALSE,Clear,,FALSE,SOUTH DR; SOUTH DR; 10 M,3/7/2019 12:59:31 PM,540293.959,4809416.901
46998,17-235664,10/17/2017 4:30:00 PM,2017,10,17,16,30,0,Tuesday,544366.0134,4808298.392,-80.451887,43.426273,Intersection related,2,P.D. only,Right shoulder,unknown,unknown,SMV unattended vehicle,Unknown,Daylight,01 - Daylight,Municipal (excl. Twp. Rd.),Stop sign,Functioning,0,0,0,FALSE,FALSE,FALSE,Clear,,FALSE,EIGHTH AVE; WILSON AVE,3/7/2019 12:59:30 PM,544366.0134,4808298.392
46999,17-235688,10/16/2017 5:00:00 PM,2017,10,16,17,0,0,Monday,541068,4811108,0,0,At/near private drive,2,P.D. only,Thru lane,unknown,unknown,SMV unattended vehicle,Unknown,Daylight,01 - Daylight,Municipal (excl. Twp. Rd.),No control,unknown,0,0,0,FALSE,FALSE,FALSE,Clear,,FALSE,ELMBANK TRAIL; ELMBANK TRAIL; Near,3/7/2019 12:59:29 PM,541068,4811108
47000,17-235799,10/17/2017 7:26:00 PM,2017,10,17,19,26,0,Tuesday,543811.4223,4811002.564,-80.458522,43.450654,At/near private drive,1,Non-fatal injury,Left shoulder,unknown,unknown,SMV unattended vehicle,Unknown,Dark,07 - Dark,Municipal (excl. Twp. Rd.),No control,unknown,0,0,0,FALSE,FALSE,FALSE,Clear,,FALSE,LYNDHURST DR; LYNDHURST DR ; 0 M,1/30/2020 11:59:57 AM,543811.4223,4811002.564
47001,17-236178,10/18/2017 9:40:00 AM,2017,10,18,9,40,0,Wednesday,543420.065,4812196.225,-80.463263,43.461424,At/near private drive,2,P.D. only,Thru lane,unknown,unknown,Other,Unknown,Daylight,01 - Daylight,Regional municipality,No control,unknown,0,0,0,FALSE,FALSE,FALSE,Clear,,FALSE,FREDERICK ST; FREDERICK ST ; Near; 15 M,3/7/2019 12:59:27 PM,543420.065,4812196.226
47002,17-237219,10/18/2017 11:00:00 AM,2017,10,18,11,0,0,Wednesday,541609.6857,4810092.591,-80.485802,43.442586,At/near private drive,2,P.D. only,Right shoulder,unknown,unknown,SMV unattended vehicle,Unknown,Daylight,01 - Daylight,Municipal (excl. Twp. Rd.),No control,unknown,0,0,0,FALSE,FALSE,FALSE,Clear,,FALSE,MADISON AVE S; MADISON AVE S; At; 5 M,3/7/2019 12:59:26 PM,541609.6857,4810092.591
47003,17-237223,10/12/2017 3:30:00 PM,2017,10,12,15,30,0,Thursday,543451.3715,4814741.503,-80.462673,43.48434,At/near private drive,2,P.D. only,Thru lane,unknown,unknown,SMV unattended vehicle,Unknown,Daylight,01 - Daylight,Regional municipality,No control,unknown,0,0,0,FALSE,FALSE,FALSE,Clear,,FALSE,SCHOFIELD DR; SCHOFIELD DR,3/7/2019 12:59:25 PM,543451.3715,4814741.503
47004,17-237253,10/19/2017 7:00:00 AM,2017,10,19,7,0,0,Thursday,544525.0012,4813327.829,-80.449513,43.471548,Non intersection,2,P.D. only,Thru lane,unknown,unknown,Rear end,Unknown,Dawn,03 - Dawn,Regional municipality,No control,unknown,0,0,0,FALSE,FALSE,FALSE,Clear,,FALSE,BINGEMANS CENTRE DR; BINGEMANS CENTRE DR ; Near,3/7/2019 12:59:24 PM,544525.0012,4813327.829
47005,17-237343,10/19/2017 3:00:00 PM,2017,10,19,15,0,0,Thursday,538231.2016,4808362.856,-80.527672,43.427192,Non intersection,2,P.D. only,Thru lane,unknown,unknown,Sideswipe,Unknown,Daylight,01 - Daylight,Regional municipality,No control,unknown,0,0,0,FALSE,FALSE,FALSE,Clear,,FALSE,QUEENS BLVD; ELM RIDGE DR; Near,3/7/2019 12:59:22 PM,538231.2016,4808362.856
47006,17-237418,10/19/2017 4:30:00 PM,2017,10,19,16,30,0,Thursday,543724.6229,4811801.244,-80.45953,43.45785,At intersection,1,Non-fatal injury,Within intersection,unknown,unknown,SMV other,Unknown,Daylight,01 - Daylight,Municipal (excl. Twp. Rd.),Stop sign,Functioning,0,0,0,TRUE,FALSE,FALSE,Clear,,FALSE,KRUG ST; KENSINGTON AVE,3/7/2019 12:59:21 PM,543724.6229,4811801.244
47007,17-237478,10/19/2017 8:35:00 PM,2017,10,19,20,35,0,Thursday,539803.7363,4808840.771,-80.50821,43.431413,Other,2,P.D. only,Not on roadway - right side,unknown,unknown,SMV other,Unknown,Dark,07 - Dark,Municipal (excl. Twp. Rd.),No control,unknown,0,0,0,FALSE,FALSE,FALSE,Clear,,FALSE,FOREST HILL DR; FOREST HILL DR ; Near,1/30/2020 11:59:56 AM,539803.7363,4808840.771
47008,17-238166,10/20/2017 5:00:00 PM,2017,10,20,17,0,0,Friday,536577.4597,4806695.947,-80.548215,43.412265,At intersection,1,Non-fatal injury,Within intersection,unknown,unknown,Turning movement,Unknown,Daylight,01 - Daylight,Municipal (excl. Twp. Rd.),No control,unknown,0,0,0,FALSE,TRUE,FALSE,Clear,,FALSE,YELLOW BIRCH DR; HODDLE CRES,3/7/2019 12:59:19 PM,536577.4597,4806695.947
47009,17-238201,10/20/2017 4:35:00 PM,2017,10,20,16,35,0,Friday,541448.4893,4811091.659,-80.487718,43.451591,At/near private drive,2,P.D. only,Thru lane,unknown,unknown,Turning movement,Unknown,Daylight,01 - Daylight,Regional municipality,No control,unknown,0,0,0,FALSE,FALSE,FALSE,Clear,,FALSE,QUEEN ST N; QUEEN ST N; At; 1 M,3/7/2019 12:59:18 PM,541448.4893,4811091.659
47010,17-238341,10/20/2017 8:50:00 PM,2017,10,20,20,50,0,Friday,544064.0156,4809172.019,-80.455548,43.434157,At/near private drive,2,P.D. only,Thru lane,unknown,unknown,Angle,Unknown,"Dark, artificial","08 - Dark, artificial",Municipal (excl. Twp. Rd.),No control,unknown,0,0,0,FALSE,FALSE,FALSE,Clear,,FALSE,SECORD AVE; SECORD AVE ; Near; 5 M,3/7/2019 12:59:16 PM,544064.0156,4809172.019
47011,17-239047,10/21/2017 5:46:00 PM,2017,10,21,17,46,0,Saturday,543006.4409,4807456.32,-80.46875,43.41877,Non intersection,2,P.D. only,Other,unknown,unknown,SMV other,Unknown,Other,99 - Other,Municipal (excl. Twp. Rd.),No control,unknown,0,0,0,FALSE,FALSE,FALSE,Other,,FALSE,BLOCK LINE RD; BLOCK LINE RD ; At; 30 M,3/7/2019 12:59:15 PM,543006.4409,4807456.32
47012,17-239451,10/22/2017 2:30:00 AM,2017,10,22,2,30,0,Sunday,540168.5765,4807822.04,-80.503777,43.422221,At/near private drive,2,P.D. only,Not on roadway - right side,unknown,unknown,SMV other,Unknown,"Dark, artificial","08 - Dark, artificial",Municipal (excl. Twp. Rd.),No control,unknown,0,0,0,FALSE,FALSE,FALSE,Clear,,FALSE,HOWE DR; HOWE DR ; 4 M,3/7/2019 12:59:14 PM,540168.5765,4807822.04
47013,17-239512,10/22/2017 6:10:00 AM,2017,10,22,6,10,0,Sunday,541112.9784,4810746.88,-80.491891,43.448505,Intersection related,2,P.D. only,Thru lane,unknown,unknown,Turning movement,Unknown,"Dark, artificial","08 - Dark, artificial",Municipal (excl. Twp. Rd.),Stop sign,Functioning,0,0,0,FALSE,FALSE,FALSE,Clear,,FALSE,ONTARIO ST S; JOSEPH ST ; At,3/7/2019 12:59:13 PM,541112.9784,4810746.88
47014,17-239781,10/22/2017 1:15:00 PM,2017,10,22,13,15,0,Sunday,536464.6196,4808487.39,-80.549489,43.428401,Non intersection,2,P.D. only,Right shoulder,unknown,unknown,SMV unattended vehicle,Unknown,Daylight,01 - Daylight,Municipal (excl. Twp. Rd.),No control,unknown,0,0,0,FALSE,FALSE,FALSE,Clear,,FALSE,WESTMEADOW DR; WESTMEADOW DR ; Near,3/7/2019 12:59:12 PM,536464.6196,4808487.39
47015,17-239900,10/22/2017 6:00:00 PM,2017,10,22,18,0,0,Sunday,541359.0013,4808641.347,-80.48901,43.429533,Non intersection,2,P.D. only,Thru lane,unknown,unknown,Rear end,Unknown,Daylight,01 - Daylight,Regional municipality,Traffic signal,Functioning,0,0,0,FALSE,FALSE,FALSE,Clear,,FALSE,HOMER WATSON BLVD; HOFFMAN ST ; Near,3/7/2019 12:59:11 PM,541359.0013,4808641.347
47016,17-240804,10/23/2017 5:10:00 PM,2017,10,23,17,10,0,Monday,541899.1532,4810064.848,-80.482227,43.44232,Non intersection,1,Non-fatal injury,Thru lane,unknown,unknown,Rear end,Unknown,"Dark, artificial","08 - Dark, artificial",Regional municipality,No control,unknown,0,0,0,FALSE,TRUE,FALSE,Rain,,FALSE,STIRLING AVE S; STIRLING AVE S; At; 12 M,3/7/2019 12:59:10 PM,541899.1532,4810064.848
47017,17-241031,10/23/2017 9:15:00 PM,2017,10,23,21,15,0,Monday,543229.7867,4804481.878,-80.466226,43.391975,At intersection,2,P.D. only,Within intersection,unknown,unknown,Angle,Unknown,"Dark, artificial","08 - Dark, artificial",Municipal (excl. Twp. Rd.),Yield sign,Functioning,0,0,0,FALSE,FALSE,FALSE,Clear,,FALSE,HURON RD; STRASBURG RD,3/7/2019 12:59:09 PM,543229.7867,4804481.878
47018,17-241133,10/24/2017 10:17:00 AM,2017,10,24,10,17,0,Tuesday,538774.892,4808893.291,-80.520918,43.43194,At intersection,1,Non-fatal injury,Within intersection,unknown,unknown,Angle,Unknown,Daylight,01 - Daylight,Municipal (excl. Twp. Rd.),Stop sign,Functioning,0,0,0,FALSE,FALSE,FALSE,Clear,,FALSE,EAGEN DR; OVERLEA DR,1/30/2020 11:59:55 AM,538774.892,4808893.291
47019,17-241203,10/23/2017 8:00:00 PM,2017,10,23,20,0,0,Monday,541695.7591,4808841.707,-80.484834,43.431318,Non intersection,2,P.D. only,Thru lane,unknown,unknown,SMV unattended vehicle,Unknown,Dark,07 - Dark,Regional municipality,No control,unknown,0,0,0,FALSE,FALSE,FALSE,Rain,,FALSE,HOFFMAN ST; KEHL ST,3/7/2019 12:59:08 PM,541695.7591,4808841.707
47020,17-241231,10/23/2017 3:30:00 PM,2017,10,23,15,30,0,Monday,539315.127,4810614.207,-80.514119,43.447407,Intersection related,2,P.D. only,Thru lane,unknown,unknown,Turning movement,Unknown,Daylight,01 - Daylight,Regional municipality,Traffic signal,Functioning,0,0,0,FALSE,FALSE,FALSE,Rain,,FALSE,BELMONT AVE W; GAGE AVE,3/7/2019 12:59:07 PM,539315.127,4810614.207
47021,17-241456,10/24/2017 9:00:00 AM,2017,10,24,9,0,0,Tuesday,537290.1276,4806951.27,-80.539395,43.414529,Non intersection,2,P.D. only,Thru lane,unknown,unknown,Sideswipe,Unknown,Daylight,01 - Daylight,Municipal (excl. Twp. Rd.),No control,unknown,0,0,0,FALSE,FALSE,FALSE,Clear,,FALSE,DRIFTWOOD PL; DRIFTWOOD PL ; Near,3/7/2019 12:59:06 PM,537290.1276,4806951.27
47022,17-241506,10/24/2017 7:43:00 PM,2017,10,24,19,43,0,Tuesday,540025.4579,4805773.637,-80.505695,43.403784,Intersection related,1,Non-fatal injury,Thru lane,unknown,unknown,SMV other,Unknown,"Dark, artificial","08 - Dark, artificial",Regional municipality,Stop sign,Functioning,0,0,0,TRUE,FALSE,FALSE,Rain,,FALSE,MAX BECKER DR; ISABELLA ST,3/7/2019 12:59:05 PM,540025.4579,4805773.637
47023,17-241867,10/24/2017 3:00:00 PM,2017,10,24,15,0,0,Tuesday,542108.2598,4807129.82,-80.47987,43.415881,Intersection related,2,P.D. only,Thru lane,unknown,unknown,Rear end,Unknown,Daylight,01 - Daylight,Regional municipality,Traffic signal,Functioning,0,0,0,FALSE,FALSE,FALSE,Rain,,FALSE,STRASBURG RD; BLOCK LINE RD; At,3/7/2019 12:59:04 PM,542108.2598,4807129.82
47024,17-242805,10/26/2017 10:55:00 AM,2017,10,26,10,55,0,Thursday,539910.2071,4808493.681,-80.50692,43.428282,At/near private drive,1,Non-fatal injury,Thru lane,unknown,unknown,Other,Unknown,Daylight,01 - Daylight,Regional municipality,Traffic signal,Functioning,0,0,0,FALSE,FALSE,FALSE,Clear,,FALSE,GREENBROOK DR ; WESTMOUNT RD E; Near,3/7/2019 12:59:03 PM,539910.2071,4808493.681
47025,17-243046,10/26/2017 5:53:00 PM,2017,10,26,17,53,0,Thursday,540975.0448,4812285.657,-80.49348,43.462368,At intersection,2,P.D. only,Within intersection,unknown,unknown,Rear end,Unknown,Dusk,05 - Dusk,Municipal (excl. Twp. Rd.),Stop sign,Functioning,0,0,0,FALSE,FALSE,FALSE,Clear,,FALSE,MARGARET AVE; BLUCHER ST,3/7/2019 12:59:01 PM,540975.0448,4812285.657
47026,17-244212,10/28/2017 1:04:00 AM,2017,10,28,1,4,0,Saturday,543931.4096,4809144.792,-80.457188,43.43392,Intersection related,2,P.D. only,Not on roadway - left side,unknown,unknown,SMV other,Unknown,"Daylight, artificial","02 - Daylight, artificial",Municipal (excl. Twp. Rd.),No control,unknown,0,0,0,FALSE,FALSE,FALSE,Rain,,FALSE,FIRST AVE ; ECKERT ST ; 0 M,1/30/2020 11:59:54 AM,543931.4096,4809144.792
47027,17-244493,10/27/2017 10:15:00 PM,2017,10,27,22,15,0,Friday,545384.8138,4810182.944,-80.439145,43.44318,Non intersection,2,P.D. only,Thru lane,unknown,unknown,SMV other,Unknown,"Dark, artificial","08 - Dark, artificial",Municipal (excl. Twp. Rd.),No control,unknown,0,0,0,FALSE,FALSE,FALSE,"Fog, mist, smoke, dust",,FALSE,RIVER RD E; RENNIE DR; Near,3/7/2019 12:59:00 PM,545384.8138,4810182.944
47028,17-244646,10/28/2017 2:50:00 PM,2017,10,28,14,50,0,Saturday,545049.628,4807857.344,-80.443479,43.422261,At/near private drive,2,P.D. only,Thru lane,unknown,unknown,Turning movement,Unknown,Daylight,01 - Daylight,Municipal (excl. Twp. Rd.),Stop sign,Functioning,0,0,0,FALSE,FALSE,FALSE,Clear,,FALSE,WILSON AVE ; WILSON AVE; At; 1 M,3/7/2019 12:58:58 PM,545049.628,4807857.344
47029,17-244656,10/28/2017 3:18:00 PM,2017,10,28,15,18,0,Saturday,538983.0833,4806005.323,-80.518552,43.405925,Non intersection,2,Non-reportable,Thru lane,unknown,unknown,SMV unattended vehicle,Unknown,Daylight,01 - Daylight,Municipal (excl. Twp. Rd.),No control,unknown,0,0,0,FALSE,FALSE,FALSE,Rain,,FALSE,DAVID BERGEY DR; DAVID BERGEY DR ; Near; 6 M,3/7/2019 12:58:57 PM,538983.0833,4806005.323
47030,17-244795,10/28/2017 6:57:00 PM,2017,10,28,18,57,0,Saturday,542880.4406,4811418.295,-80.469995,43.454451,At/near private drive,2,P.D. only,Thru lane,unknown,unknown,SMV unattended vehicle,Unknown,Dark,07 - Dark,Municipal (excl. Twp. Rd.),No control,unknown,0,0,0,FALSE,FALSE,FALSE,Clear,,FALSE,DUMFRIES AVE; DUMFRIES AVE ; Near; 4 M,1/30/2020 11:59:53 AM,542880.4406,4811418.295
47031,17-245455,10/28/2017 10:10:00 PM,2017,10,28,22,10,0,Saturday,538780.0584,4806946.858,-80.520992,43.414414,Non intersection,2,P.D. only,Thru lane,unknown,unknown,SMV unattended vehicle,Unknown,Dark,07 - Dark,Regional municipality,No control,unknown,0,0,0,FALSE,FALSE,FALSE,Clear,,FALSE,WINDFLOWER CRES; WINDFLOWER CRES ; Near,3/7/2019 12:58:56 PM,538780.0584,4806946.858
47032,17-245553,10/28/2017 2:30:00 PM,2017,10,28,14,30,0,Saturday,543130.6089,4814365.847,-80.46667,43.480976,At/near private drive,2,P.D. only,Thru lane,unknown,unknown,SMV unattended vehicle,Unknown,Daylight,01 - Daylight,Municipal (excl. Twp. Rd.),No control,unknown,0,0,0,FALSE,FALSE,FALSE,Clear,,FALSE,NELSON AVE; NELSON AVE,3/7/2019 12:58:54 PM,543130.6089,4814365.847
47033,17-245767,10/29/2017 9:58:00 PM,2017,10,29,21,58,0,Sunday,543740.9373,4809123.709,-80.459543,43.433741,Non intersection,2,P.D. only,Thru lane,unknown,unknown,SMV unattended vehicle,Unknown,"Daylight, artificial","02 - Daylight, artificial",Municipal (excl. Twp. Rd.),No control,unknown,0,0,0,FALSE,FALSE,FALSE,Clear,,FALSE,DIXON ST; DIXON ST ; At; 6 M,1/30/2020 11:59:52 AM,543740.9372,4809123.709
47034,17-245968,10/30/2017 8:15:00 AM,2017,10,30,8,15,0,Monday,547220.9074,4808794.076,-80.416576,43.430562,At/near private drive,2,P.D. only,Right shoulder,unknown,unknown,SMV unattended vehicle,Unknown,Dawn,03 - Dawn,Municipal (excl. Twp. Rd.),No control,unknown,0,0,0,FALSE,FALSE,FALSE,Clear,,FALSE,MORRISON RD; MORRISON RD,3/7/2019 12:58:53 PM,547220.9074,4808794.076
47035,17-245972,10/30/2017 9:07:00 AM,2017,10,30,9,7,0,Monday,541589.0371,4810765.333,-80.486006,43.448645,Non intersection,2,P.D. only,Right shoulder,unknown,unknown,Sideswipe,Unknown,Daylight,01 - Daylight,Municipal (excl. Twp. Rd.),No control,unknown,0,0,0,FALSE,FALSE,FALSE,Clear,,FALSE,SCOTT ST ; KING ST E; Near,3/7/2019 12:58:51 PM,541589.0371,4810765.333
47036,17-245975,10/30/2017 9:10:00 AM,2017,10,30,9,10,0,Monday,546022.9274,4803257.221,-80.431843,43.380782,Non intersection,1,Non-fatal injury,Thru lane,unknown,unknown,SMV unattended vehicle,Unknown,Daylight,01 - Daylight,Municipal (excl. Twp. Rd.),No control,unknown,0,0,0,FALSE,FALSE,FALSE,Clear,,FALSE,DOON SOUTH DR; DOON SOUTH DR ; Near; 7 M,1/30/2020 11:59:51 AM,546022.9274,4803257.221
47037,17-245983,10/30/2017 9:27:00 AM,2017,10,30,9,27,0,Monday,542314.9309,4810285.98,-80.477072,43.444288,At intersection,1,Non-fatal injury,Within intersection,unknown,unknown,Turning movement,Unknown,Daylight,01 - Daylight,Regional municipality,Traffic signal,Functioning,0,0,0,FALSE,FALSE,FALSE,Clear,,FALSE,KING ST E; STIRLING AVE N,3/7/2019 12:58:49 PM,542314.9309,4810285.98
47038,17-246159,10/30/2017 1:07:00 PM,2017,10,30,13,7,0,Monday,541090.0945,4811023.041,-80.492153,43.450993,Intersection related,1,Non-fatal injury,Thru lane,unknown,unknown,Sideswipe,Unknown,Daylight,01 - Daylight,Municipal (excl. Twp. Rd.),Stop sign,Functioning,0,0,0,FALSE,FALSE,FALSE,Clear,,FALSE,YOUNG ST; KING ST W; Near; 40 M,3/7/2019 12:58:48 PM,541090.0945,4811023.041
47039,17-246281,10/30/2017 3:35:00 PM,2017,10,30,15,35,0,Monday,546613.6168,4808585.991,-80.424096,43.428726,At/near private drive,2,P.D. only,Right shoulder,unknown,unknown,SMV unattended vehicle,Unknown,Daylight,01 - Daylight,Regional municipality,No control,unknown,0,0,0,FALSE,FALSE,FALSE,"Fog, mist, smoke, dust",,FALSE,GREENDALE CRES; GREENDALE CRES,3/7/2019 12:58:47 PM,546613.6168,4808585.991
47040,17-246351,10/30/2017 5:28:00 PM,2017,10,30,17,28,0,Monday,545085.8992,4811653.132,-80.442717,43.456436,At intersection,1,Non-fatal injury,Within intersection,unknown,unknown,Turning movement,Unknown,Dark,07 - Dark,Municipal (excl. Twp. Rd.),Stop sign,Functioning,0,0,0,FALSE,FALSE,FALSE,Rain,,FALSE,MONTCALM DR; GIBSON DR,3/7/2019 12:58:46 PM,545085.8992,4811653.132
47041,17-246746,10/31/2017 9:00:00 AM,2017,10,31,9,0,0,Tuesday,544912.1984,4805084.549,-80.445404,43.397303,At/near private drive,2,P.D. only,Thru lane,unknown,unknown,Turning movement,Unknown,Daylight,01 - Daylight,Municipal (excl. Twp. Rd.),No control,unknown,0,0,0,FALSE,FALSE,FALSE,Clear,,FALSE,UPPER CANADA DR; UPPER CANADA DR,3/7/2019 12:58:45 PM,544912.1984,4805084.549
47042,17-247097,10/30/2017 5:30:00 PM,2017,10,30,17,30,0,Monday,549118.2566,4806322.285,-80.393357,43.408184,Intersection related,2,Non-reportable,Right turn lane,unknown,unknown,Rear end,Unknown,Daylight,01 - Daylight,Municipal (excl. Twp. Rd.),Traffic signal,Functioning,0,0,0,FALSE,FALSE,FALSE,Clear,,FALSE,GATEWAY PARK DR; SPORTSWORLD DR; At,3/7/2019 12:58:44 PM,549118.2566,4806322.285
47043,17-247908,11/1/2017 2:50:00 PM,2017,11,1,14,50,0,Wednesday,545299.7322,4808735.072,-80.440316,43.430149,At/near private drive,2,P.D. only,Thru lane,unknown,unknown,Turning movement,Unknown,Daylight,01 - Daylight,Municipal (excl. Twp. Rd.),Stop sign,Functioning,0,0,0,FALSE,FALSE,FALSE,Rain,,FALSE,KINGSWAY DR; KINGSWAY DR,3/7/2019 12:58:43 PM,545299.7322,4808735.072
47044,17-248057,11/1/2017 4:30:00 PM,2017,11,1,16,30,0,Wednesday,538978.6674,4806025.51,-80.518605,43.406107,Other,1,Non-fatal injury,Off highway,unknown,unknown,Rear end,Unknown,Daylight,01 - Daylight,Private property,No control,unknown,0,0,0,FALSE,FALSE,FALSE,Rain,,FALSE,LANE WAY; DAVID BERGEY DR,3/7/2019 12:58:42 PM,538978.6674,4806025.51
47045,17-248086,11/1/2017 7:06:00 PM,2017,11,1,19,6,0,Wednesday,539871.0011,4810632.879,-80.507248,43.447546,At intersection,2,P.D. only,Within intersection,unknown,unknown,Angle,Unknown,"Dark, artificial","08 - Dark, artificial",Municipal (excl. Twp. Rd.),Stop sign,Functioning,0,0,0,FALSE,FALSE,FALSE,Rain,,FALSE,CHERRY ST; STRANGE ST,3/7/2019 12:58:41 PM,539871.0011,4810632.879
47046,17-248112,11/1/2017 7:53:00 PM,2017,11,1,19,53,0,Wednesday,539898.4332,4805633.495,-80.507274,43.402529,Non intersection,1,Non-fatal injury,Thru lane,unknown,unknown,SMV unattended vehicle,Unknown,Dark,07 - Dark,Municipal (excl. Twp. Rd.),No control,unknown,0,0,0,FALSE,FALSE,FALSE,Clear,,FALSE,COPPER LEAF CRES; COPPER LEAF CRES ; At; 0 M,3/7/2019 12:58:40 PM,539898.4332,4805633.495
47047,17-248357,11/2/2017 8:12:00 AM,2017,11,2,8,12,0,Thursday,542651.1815,4807347.856,-80.473147,43.417814,Intersection related,2,P.D. only,Left turn lane,unknown,unknown,Other,Unknown,Daylight,01 - Daylight,Municipal (excl. Twp. Rd.),Traffic signal,Functioning,0,0,0,FALSE,FALSE,FALSE,Rain,,FALSE,KINGSWOOD DR; BLOCK LINE RD; At; 7 M,1/30/2020 11:59:50 AM,542651.1815,4807347.856