OBJECTID,ACCIDENTNUM,ACCIDENTDATE,ACCIDENT_YEAR,ACCIDENT_MONTH,ACCIDENT_DAY,ACCIDENT_HOUR,ACCIDENT_MINUTE,ACCIDENT_SECOND,ACCIDENT_WEEKDAY,XCOORD,YCOORD,LONGITUDE,LATITUDE,ACCIDENTLOCATION,COLLISIONTYPE,CLASSIFICATIONOFACCIDENT,IMPACTLOCATION,INITIALDIRECTIONOFTRAVELONE,INITIALDIRECTIONOFTRAVELTWO,INITIALIMPACTTYPE,INTTRAFFICCONTROL,LIGHT,LIGHTFORREPORT,ROADJURISDICTION,TRAFFICCONTROL,TRAFFICCONTROLCONDITION,THRULANENO,NORTHBOUNDDISOBEYCOUNT,SOUTHBOUNDDISOBEYCOUNT,PEDESTRIANINVOLVED,CYCLISTINVOLVED,MOTORCYCLISTINVOLVED,ENVIRONMENTCONDITION1,ENVIRONMENTCONDITION2,SELFREPORTED,XMLIMPORTNOTES,LASTEDITEDDATE,x,y
47048,17-248426,10/31/2017 8:00:00 AM,2017,10,31,8,0,0,Tuesday,540701.8958,4812256.374,-80.496858,43.462119,Intersection related,2,P.D. only,Right shoulder,unknown,unknown,SMV other,Unknown,Daylight,01 - Daylight,Municipal (excl. Twp. Rd.),Stop sign,Functioning,0,0,0,FALSE,FALSE,FALSE,Clear,,FALSE,GUELPH ST; AHRENS ST W; 7 M,3/7/2019 12:58:39 PM,540701.8958,4812256.374
47049,17-248504,11/2/2017 11:12:00 AM,2017,11,2,11,12,0,Thursday,549512.8519,4806197.599,-80.388495,43.407035,At/near private drive,2,P.D. only,Thru lane,unknown,unknown,Turning movement,Unknown,Daylight,01 - Daylight,Regional municipality,No control,unknown,0,0,0,FALSE,FALSE,FALSE,Clear,,FALSE,GATEWAY PARK DR; GATEWAY PARK DR ; At; 0 M,1/30/2020 11:59:49 AM,549512.8519,4806197.599
47050,17-248616,10/30/2017 2:00:00 PM,2017,10,30,14,0,0,Monday,541559.5201,4810763.849,-80.486371,43.448633,Non intersection,2,P.D. only,Right shoulder,unknown,unknown,SMV unattended vehicle,Unknown,Daylight,01 - Daylight,Regional municipality,No control,unknown,0,0,0,FALSE,FALSE,FALSE,Clear,,FALSE,KING ST E; KING ST E; Near,3/7/2019 12:58:38 PM,541559.5201,4810763.849
47051,17-248619,10/20/2017 2:30:00 PM,2017,10,20,14,30,0,Friday,540701.8289,4811053.627,-80.496949,43.451289,At intersection,2,P.D. only,Within intersection,unknown,unknown,Turning movement,Unknown,Daylight,01 - Daylight,Regional municipality,Traffic signal,Functioning,0,0,0,FALSE,FALSE,FALSE,Clear,,FALSE,FRANCIS ST S; CHARLES ST W,3/7/2019 12:58:37 PM,540701.8289,4811053.627
47052,17-249639,11/1/2017 3:30:00 PM,2017,11,1,15,30,0,Wednesday,538956.0935,4811256.972,-80.51851,43.453213,At intersection,2,P.D. only,Within intersection,unknown,unknown,Turning movement,Unknown,Daylight,01 - Daylight,Regional municipality,Stop sign,Functioning,0,0,0,FALSE,FALSE,FALSE,Clear,,FALSE,BELMONT AVE W; CLAREMONT AVE,3/7/2019 12:58:36 PM,538956.0935,4811256.972
47053,17-249753,11/3/2017 4:00:00 PM,2017,11,3,16,0,0,Friday,543930.4478,4809144.786,-80.4572,43.43392,At intersection,2,P.D. only,Thru lane,unknown,unknown,SMV other,Unknown,Daylight,01 - Daylight,Municipal (excl. Twp. Rd.),No control,unknown,0,0,0,FALSE,FALSE,FALSE,Clear,,FALSE,ECKERT ST ; FIRST AVE,1/30/2020 11:59:48 AM,543930.4478,4809144.786
47054,17-249777,11/3/2017 4:16:00 PM,2017,11,3,16,16,0,Friday,536919.1344,4808656.66,-80.543862,43.429903,At/near private drive,2,P.D. only,Thru lane,unknown,unknown,Rear end,Unknown,Daylight,01 - Daylight,Municipal (excl. Twp. Rd.),No control,unknown,0,0,0,FALSE,FALSE,FALSE,Clear,,FALSE,WESTFOREST TRAIL; WESTFOREST TRAIL; At; 8 M,3/7/2019 12:58:35 PM,536919.1344,4808656.66
47055,17-249843,11/3/2017 3:00:00 AM,2017,11,3,3,0,0,Friday,543103.5362,4812213.176,-80.467175,43.461595,Non intersection,2,P.D. only,Thru lane,unknown,unknown,SMV unattended vehicle,Unknown,Dark,07 - Dark,Regional municipality,No control,unknown,0,0,0,FALSE,FALSE,FALSE,Clear,,FALSE,ETHEL ST; ETHEL ST,3/7/2019 12:58:34 PM,543103.5362,4812213.176
47056,17-250477,10/31/2017 6:00:00 PM,2017,10,31,18,0,0,Tuesday,537409.368,4809599.054,-80.537741,43.438364,Non intersection,2,P.D. only,Thru lane,unknown,unknown,SMV unattended vehicle,Unknown,Dark,07 - Dark,Municipal (excl. Twp. Rd.),No control,unknown,0,0,0,FALSE,FALSE,FALSE,Clear,,FALSE,STOKE DR; STOKE DR,3/7/2019 12:58:32 PM,537409.368,4809599.054
47057,17-250688,11/4/2017 2:00:00 PM,2017,11,4,14,0,0,Saturday,542371.2727,4806359.688,-80.476681,43.408932,At/near private drive,2,P.D. only,Thru lane,unknown,unknown,SMV unattended vehicle,Unknown,Daylight,01 - Daylight,Municipal (excl. Twp. Rd.),No control,unknown,0,0,0,FALSE,FALSE,FALSE,Clear,,FALSE,THE COUNTRY WAY; THE COUNTRY WAY,3/7/2019 12:58:31 PM,542371.2727,4806359.688
47058,17-250965,10/29/2017 11:07:00 PM,2017,10,29,23,7,0,Sunday,544611.8987,4809092.824,-80.448785,43.433411,At intersection,2,P.D. only,Within intersection,unknown,unknown,Turning movement,Unknown,"Dusk, artificial","06 - Dusk, artificial",Municipal (excl. Twp. Rd.),Traffic signal,Functioning,0,1,0,FALSE,FALSE,FALSE,Rain,,FALSE,FRANKLIN ST S; KINGSWAY DR,1/30/2020 11:59:47 AM,544611.8987,4809092.824
47059,17-251355,11/5/2017 12:33:00 PM,2017,11,5,12,33,0,Sunday,543067.1734,4807437.294,-80.468001,43.418595,Intersection related,2,P.D. only,Thru lane,unknown,unknown,Sideswipe,Unknown,Daylight,01 - Daylight,Municipal (excl. Twp. Rd.),Yield sign,Functioning,0,0,0,FALSE,FALSE,FALSE,Rain,,FALSE,BLOCK LINE RD; FALLOWFIELD DR,3/7/2019 12:58:30 PM,543067.1734,4807437.294
47060,17-251471,11/5/2017 2:00:00 PM,2017,11,5,14,0,0,Sunday,549161.1483,4806312.529,-80.392828,43.408093,At/near private drive,2,P.D. only,Thru lane,unknown,unknown,Turning movement,Unknown,Daylight,01 - Daylight,Municipal (excl. Twp. Rd.),No control,unknown,0,0,0,FALSE,FALSE,FALSE,Rain,,FALSE,GATEWAY PARK DR; GATEWAY PARK DR ; At,3/7/2019 12:58:29 PM,549161.1483,4806312.529
47061,17-252090,11/6/2017 11:20:00 AM,2017,11,6,11,20,0,Monday,541010.0145,4810229.411,-80.493202,43.443851,Non intersection,2,P.D. only,Thru lane,unknown,unknown,Other,Unknown,Daylight,01 - Daylight,Municipal (excl. Twp. Rd.),No control,unknown,0,0,0,FALSE,FALSE,FALSE,Clear,,FALSE,BENTON ST; BENTON ST ; At; 1 M,1/30/2020 11:59:46 AM,541010.0145,4810229.411
47062,17-252190,11/6/2017 10:15:00 AM,2017,11,6,10,15,0,Monday,543422.4506,4811749.261,-80.46327,43.4574,At/near private drive,2,P.D. only,Thru lane,unknown,unknown,Other,Unknown,Daylight,01 - Daylight,Municipal (excl. Twp. Rd.),No control,unknown,0,0,0,FALSE,FALSE,FALSE,Clear,,FALSE,ETON DR; ETON DR,3/7/2019 12:58:28 PM,543422.4506,4811749.261
47063,17-252351,11/5/2017 6:10:00 PM,2017,11,5,18,10,0,Sunday,540388.0115,4812515.035,-80.500719,43.464465,At intersection,1,Non-fatal injury,Within intersection,unknown,unknown,Angle,Unknown,Dusk,05 - Dusk,Municipal (excl. Twp. Rd.),Stop sign,Functioning,0,0,0,FALSE,TRUE,FALSE,Clear,,FALSE,ELLIS AVE; HARTWOOD AVE,1/30/2020 11:59:45 AM,540388.0115,4812515.035
47064,17-252879,11/7/2017 11:28:00 AM,2017,11,7,11,28,0,Tuesday,539564.5341,4811785.54,-80.510952,43.45794,Intersection related,2,P.D. only,Thru lane,unknown,unknown,Turning movement,Unknown,Daylight,01 - Daylight,Municipal (excl. Twp. Rd.),Stop sign,Functioning,0,0,0,FALSE,FALSE,FALSE,Clear,,FALSE,PINE ST; MARY ST,3/7/2019 12:58:27 PM,539564.5341,4811785.54
47065,17-253050,11/6/2017 9:15:00 PM,2017,11,6,21,15,0,Monday,545077.5384,4812495.581,-80.442751,43.464022,At/near private drive,2,P.D. only,Thru lane,unknown,unknown,Other,Unknown,"Dark, artificial","08 - Dark, artificial",Municipal (excl. Twp. Rd.),No control,unknown,0,0,0,FALSE,FALSE,FALSE,Clear,,FALSE,HERITAGE DR; HERITAGE DR; Near,3/7/2019 12:58:26 PM,545077.5384,4812495.581
47066,17-253108,11/7/2017 4:15:00 PM,2017,11,7,16,15,0,Tuesday,541053.6208,4810518.25,-80.492642,43.446449,Non intersection,2,P.D. only,Thru lane,unknown,unknown,Rear end,Unknown,Daylight,01 - Daylight,Municipal (excl. Twp. Rd.),No control,unknown,0,0,0,FALSE,FALSE,FALSE,Clear,,FALSE,QUEEN ST S; QUEEN ST S; At; 1 M,1/30/2020 11:59:44 AM,541053.6208,4810518.25
47067,17-253502,11/8/2017 7:43:00 AM,2017,11,8,7,43,0,Wednesday,547734.8131,4804400.901,-80.41061,43.390973,At intersection,2,P.D. only,Within intersection,unknown,unknown,Turning movement,Unknown,Daylight,01 - Daylight,Municipal (excl. Twp. Rd.),Stop sign,Functioning,0,0,0,FALSE,FALSE,FALSE,Clear,,FALSE,DOON VALLEY DR; DURHAM ST,1/30/2020 11:59:44 AM,547734.8131,4804400.901
47068,17-253704,11/8/2017 11:41:00 AM,2017,11,8,11,41,0,Wednesday,541458.2566,4811515.404,-80.487565,43.455406,Non intersection,2,P.D. only,Thru lane,unknown,unknown,Approaching,Unknown,Daylight,01 - Daylight,Municipal (excl. Twp. Rd.),No control,unknown,0,0,0,FALSE,FALSE,FALSE,Clear,,FALSE,MARGARET AVE; QUEEN ST N; 200 M,1/30/2020 11:59:42 AM,541458.2566,4811515.404
47069,17-253956,11/8/2017 4:28:00 PM,2017,11,8,16,28,0,Wednesday,541303.986,4803364.089,-80.490088,43.382019,At/near private drive,2,P.D. only,Thru lane,unknown,unknown,Turning movement,Unknown,Daylight,01 - Daylight,Regional municipality,No control,unknown,0,0,0,FALSE,FALSE,FALSE,Clear,,FALSE,HURON RD; HURON RD ; 8 M,1/30/2020 11:59:42 AM,541303.986,4803364.09
47070,17-254055,11/8/2017 6:39:00 PM,2017,11,8,18,39,0,Wednesday,542659.8096,4811209.013,-80.472738,43.452579,Intersection related,2,P.D. only,Thru lane,unknown,unknown,Rear end,Unknown,Dark,07 - Dark,Municipal (excl. Twp. Rd.),Traffic signal,Functioning,0,0,0,FALSE,FALSE,FALSE,Rain,,FALSE,EAST AVE; KRUG ST,1/30/2020 11:59:41 AM,542659.8096,4811209.013
47071,17-254803,11/9/2017 2:30:00 PM,2017,11,9,14,30,0,Thursday,544918.9032,4813539.492,-80.444626,43.473431,At/near private drive,2,P.D. only,Thru lane,unknown,unknown,Angle,Unknown,Daylight,01 - Daylight,Municipal (excl. Twp. Rd.),No control,unknown,0,0,0,FALSE,FALSE,FALSE,Clear,,FALSE,BINGEMANS CENTRE DR; BINGEMANS CENTRE DR,1/30/2020 11:59:40 AM,544918.9032,4813539.492
47072,17-254812,11/9/2017 3:46:00 PM,2017,11,9,15,46,0,Thursday,544388.5963,4808604.442,-80.451584,43.429027,Non intersection,2,P.D. only,Thru lane,unknown,unknown,SMV unattended vehicle,Unknown,Dusk,05 - Dusk,Municipal (excl. Twp. Rd.),No control,unknown,0,0,0,FALSE,FALSE,FALSE,Rain,,FALSE,FRANKLIN ST S; CONNAUGHT ST 120; 120 M,1/30/2020 11:59:40 AM,544388.5963,4808604.443
47073,17-254925,11/9/2017 6:00:00 PM,2017,11,9,18,0,0,Thursday,544884.1098,4804848.323,-80.44577,43.395178,At intersection,2,P.D. only,Within intersection,unknown,unknown,Turning movement,Unknown,"Daylight, artificial","02 - Daylight, artificial",Municipal (excl. Twp. Rd.),Traffic signal,Functioning,0,0,0,FALSE,FALSE,FALSE,Snow,,FALSE,DOON VILLAGE RD; PIONEER DR,1/30/2020 11:59:39 AM,544884.1098,4804848.323
47074,17-254945,11/9/2017 6:50:00 PM,2017,11,9,18,50,0,Thursday,542920.7702,4803833.19,-80.470092,43.386152,Intersection related,2,P.D. only,Thru lane,unknown,unknown,SMV unattended vehicle,Unknown,Dark,07 - Dark,Municipal (excl. Twp. Rd.),Stop sign,Functioning,0,0,0,FALSE,FALSE,FALSE,Snow,,FALSE,NEWCASTLE DR; TUDOR ST ; Near; 15 M,1/30/2020 11:59:38 AM,542920.7702,4803833.19
47075,17-254960,11/9/2017 6:15:00 PM,2017,11,9,18,15,0,Thursday,549327.5733,4806728.291,-80.390735,43.411826,At intersection,2,P.D. only,Within intersection,unknown,unknown,Rear end,Unknown,"Dark, artificial","08 - Dark, artificial",Regional municipality,Traffic signal,Functioning,0,0,0,FALSE,FALSE,FALSE,Rain,,FALSE,SPORTSWORLD DR TO 8 N ON; HWY 8,3/7/2019 12:58:25 PM,549327.5733,4806728.291
47076,17-255216,11/10/2017 6:52:00 AM,2017,11,10,6,52,0,Friday,544481.9123,4805113.048,-80.450715,43.397585,At intersection,2,P.D. only,Thru lane,unknown,unknown,Approaching,Unknown,Dark,07 - Dark,Municipal (excl. Twp. Rd.),No control,unknown,0,0,0,FALSE,FALSE,FALSE,Snow,,FALSE,MILLWOOD CRES; CLUTHE CRES; 25 M,1/30/2020 11:59:38 AM,544481.9123,4805113.048
47077,17-255218,11/10/2017 6:56:00 AM,2017,11,10,6,56,0,Friday,543666.1444,4804887.476,-80.460806,43.395602,Intersection related,2,P.D. only,Thru lane,unknown,unknown,Sideswipe,Unknown,Daylight,01 - Daylight,Municipal (excl. Twp. Rd.),Stop sign,Functioning,0,0,0,FALSE,FALSE,FALSE,Clear,,FALSE,OLD HURON RD; BATTLER RD,1/30/2020 11:59:37 AM,543666.1444,4804887.476
47078,17-255288,11/10/2017 8:15:00 AM,2017,11,10,8,15,0,Friday,547755.3256,4809869.09,-80.409879,43.440207,At/near private drive,2,P.D. only,Thru lane,unknown,unknown,Sideswipe,Unknown,Daylight,01 - Daylight,Municipal (excl. Twp. Rd.),No control,unknown,0,0,0,FALSE,FALSE,FALSE,Clear,,FALSE,SIMS ESTATE DR; SIMS ESTATE DR; Near,3/7/2019 12:58:24 PM,547755.3256,4809869.09
47079,17-255456,11/10/2017 8:00:00 AM,2017,11,10,8,0,0,Friday,536450.2802,4807893.752,-80.549705,43.423056,At/near private drive,1,Non-fatal injury,Thru lane,unknown,unknown,Other,Unknown,Daylight,01 - Daylight,Municipal (excl. Twp. Rd.),No control,unknown,0,0,0,FALSE,FALSE,FALSE,Clear,,FALSE,NEWBURY DR; NEWBURY DR; Near,3/7/2019 12:58:22 PM,536450.2802,4807893.752
47080,17-255531,11/10/2017 11:45:00 AM,2017,11,10,11,45,0,Friday,543229.7929,4804480.919,-80.466226,43.391967,At intersection,2,P.D. only,Within intersection,unknown,unknown,Turning movement,Unknown,Daylight,01 - Daylight,Regional municipality,Yield sign,Functioning,0,0,0,FALSE,FALSE,FALSE,Clear,,FALSE,HURON RD; STRASBURG RD,3/7/2019 12:58:21 PM,543229.7929,4804480.919
47081,17-255596,11/10/2017 3:32:00 PM,2017,11,10,15,32,0,Friday,540792.5715,4812277.342,-80.495736,43.462303,At/near private drive,2,P.D. only,Thru lane,unknown,unknown,Other,Unknown,Daylight,01 - Daylight,Municipal (excl. Twp. Rd.),No control,unknown,0,0,0,FALSE,FALSE,FALSE,Clear,,FALSE,BRUNSWICK AVE; BRUNSWICK AVE ; At; 3 M,1/30/2020 11:59:36 AM,540792.5715,4812277.342
47082,17-255712,11/9/2017 11:30:00 PM,2017,11,9,23,30,0,Thursday,542713.4571,4807105.049,-80.472396,43.415624,Non intersection,2,P.D. only,Thru lane,unknown,unknown,SMV unattended vehicle,Unknown,Daylight,01 - Daylight,Private property,No control,unknown,0,0,0,FALSE,FALSE,FALSE,Clear,,FALSE,MURRAYHILL CRT; MURRAYHILL CRT; At; 10 M,3/7/2019 12:58:20 PM,542713.4571,4807105.049
47083,17-256081,11/11/2017 8:49:00 AM,2017,11,11,8,49,0,Saturday,545304.8404,4812419.843,-80.439947,43.463326,At/near private drive,2,P.D. only,Thru lane,unknown,unknown,Other,Unknown,Daylight,01 - Daylight,Municipal (excl. Twp. Rd.),No control,unknown,0,0,0,FALSE,FALSE,FALSE,Clear,,FALSE,WIMBLETON CRES; WIMBLETON CRES ; Near; 500 M,1/30/2020 11:59:35 AM,545304.8404,4812419.843
47084,17-256163,11/11/2017 11:09:00 AM,2017,11,11,11,9,0,Saturday,541633.8947,4811413.279,-80.485402,43.454476,At intersection,2,P.D. only,Within intersection,unknown,unknown,Turning movement,Unknown,Daylight,01 - Daylight,Regional municipality,Traffic signal,Functioning,0,0,0,FALSE,FALSE,FALSE,Clear,,FALSE,MARGARET AVE ; QUEEN ST N,1/30/2020 11:59:34 AM,541633.8947,4811413.279
47085,17-256184,11/11/2017 3:40:00 AM,2017,11,11,3,40,0,Saturday,541465.3863,4810434.983,-80.487559,43.445677,Non intersection,2,P.D. only,Right shoulder,unknown,unknown,SMV unattended vehicle,Unknown,Dark,07 - Dark,Municipal (excl. Twp. Rd.),No control,unknown,0,0,0,FALSE,FALSE,FALSE,Clear,,FALSE,CHURCH ST; PETER ST ; Near; 100 M,1/30/2020 11:59:33 AM,541465.3863,4810434.983
47086,17-256188,11/11/2017 12:09:00 PM,2017,11,11,12,9,0,Saturday,544731.3288,4811507.853,-80.447111,43.455149,Non intersection,2,P.D. only,Not on roadway - right side,unknown,unknown,SMV other,Unknown,Daylight,01 - Daylight,Municipal (excl. Twp. Rd.),No control,unknown,0,0,0,FALSE,FALSE,FALSE,Clear,,FALSE,RIVER RD E; GIBSON DR; 1 M,1/30/2020 11:59:33 AM,544731.3288,4811507.853
47087,17-256570,11/11/2017 7:57:00 PM,2017,11,11,19,57,0,Saturday,539631.0544,4805863.401,-80.51056,43.404613,At intersection,1,Non-fatal injury,Within intersection,unknown,unknown,Angle,Unknown,"Dark, artificial","08 - Dark, artificial",Municipal (excl. Twp. Rd.),Stop sign,Functioning,0,0,0,FALSE,FALSE,FALSE,Clear,,FALSE,MAX BECKER DR ; BRIDLEWREATH ST ; 2 M,1/30/2020 11:59:31 AM,539631.0544,4805863.401
47088,17-256790,11/12/2017 2:34:00 AM,2017,11,12,2,34,0,Sunday,538866.6195,4811498.681,-80.519599,43.455394,Non intersection,2,P.D. only,Thru lane,unknown,unknown,SMV unattended vehicle,Unknown,Dark,07 - Dark,Municipal (excl. Twp. Rd.),No control,unknown,0,0,0,FALSE,FALSE,FALSE,Clear,,FALSE,BELMONT AVE W; BELMONT AVE W; At; 1 M,1/30/2020 11:59:31 AM,538866.6195,4811498.681
47089,17-256900,11/12/2017 9:04:00 AM,2017,11,12,9,4,0,Sunday,539405.3328,4810382.187,-80.513021,43.445313,Intersection related,2,P.D. only,Not on roadway - right side,unknown,unknown,SMV other,Unknown,Daylight,01 - Daylight,Municipal (excl. Twp. Rd.),Stop sign,Functioning,0,0,0,FALSE,FALSE,FALSE,Clear,,FALSE,BELMONT AVE W; KARN ST ; Near,1/30/2020 11:59:30 AM,539405.3328,4810382.187
47090,17-256933,11/11/2017 2:30:00 PM,2017,11,11,14,30,0,Saturday,537543.0469,4806941.301,-80.536272,43.414426,At/near private drive,2,P.D. only,Right shoulder,unknown,unknown,SMV unattended vehicle,Unknown,Daylight,01 - Daylight,Municipal (excl. Twp. Rd.),No control,unknown,0,0,0,FALSE,FALSE,FALSE,Clear,,FALSE,PARKLAND CRES; PARKLAND CRES; Near,3/7/2019 12:58:18 PM,537543.0469,4806941.301
47091,17-257026,11/12/2017 12:48:00 PM,2017,11,12,12,48,0,Sunday,544838.9909,4804830.761,-80.446329,43.395022,Non intersection,2,P.D. only,Thru lane,unknown,unknown,Rear end,Unknown,Daylight,01 - Daylight,Municipal (excl. Twp. Rd.),No control,unknown,0,0,0,FALSE,FALSE,FALSE,Clear,,FALSE,PIONEER DR; PIONEER DR ; 20 M,1/30/2020 11:59:28 AM,544838.9909,4804830.761
47092,17-257441,11/13/2017 2:27:00 AM,2017,11,13,2,27,0,Monday,540486.8089,4809734.414,-80.499704,43.439423,Intersection related,2,P.D. only,Not on roadway - right side,unknown,unknown,SMV other,Unknown,"Dark, artificial","08 - Dark, artificial",Regional municipality,Stop sign,Functioning,0,0,0,FALSE,FALSE,FALSE,Rain,,FALSE,QUEENS BLVD; SPADINA RD E; At; 3 M,1/30/2020 11:59:27 AM,540486.8089,4809734.414
47093,17-257572,11/11/2017 2:00:00 PM,2017,11,11,14,0,0,Saturday,537010.5622,4808656.525,-80.542732,43.429897,At/near private drive,2,P.D. only,Thru lane,unknown,unknown,SMV unattended vehicle,Unknown,Daylight,01 - Daylight,Municipal (excl. Twp. Rd.),No control,unknown,0,0,0,FALSE,FALSE,FALSE,Rain,,FALSE,HOLLYRIDGE CRES; HOLLYRIDGE CRES; Near,3/7/2019 12:58:17 PM,537010.5622,4808656.525
47094,17-257691,11/13/2017 11:38:00 AM,2017,11,13,11,38,0,Monday,536508.6257,4809513.234,-80.548876,43.437636,Non intersection,2,P.D. only,Not on roadway - right side,unknown,unknown,SMV other,Unknown,Daylight,01 - Daylight,Municipal (excl. Twp. Rd.),No control,unknown,0,0,0,FALSE,FALSE,FALSE,Clear,,FALSE,RESURRECTION DR ; NORTHMANOR CRES ; Near; 7 M,1/30/2020 11:59:26 AM,536508.6257,4809513.234
47095,17-257764,11/13/2017 11:45:00 AM,2017,11,13,11,45,0,Monday,544141.3234,4808843.612,-80.454619,43.431195,At intersection,2,P.D. only,Within intersection,unknown,unknown,Angle,Unknown,Daylight,01 - Daylight,Municipal (excl. Twp. Rd.),Stop sign,Functioning,0,0,0,FALSE,FALSE,FALSE,Clear,,FALSE,FOURTH AVE ; CONNAUGHT ST,3/7/2019 12:58:16 PM,544141.3234,4808843.612
47096,17-257810,11/13/2017 2:16:00 PM,2017,11,13,14,16,0,Monday,537376.5865,4809957.504,-80.538121,43.441593,At/near private drive,2,P.D. only,Thru lane,unknown,unknown,Other,Unknown,Daylight,01 - Daylight,Municipal (excl. Twp. Rd.),No control,unknown,0,0,0,FALSE,FALSE,FALSE,Clear,,FALSE,WESTWOOD DR; WESTWOOD DR ; At; 5 M,1/30/2020 11:59:26 AM,537376.5865,4809957.504
47097,17-257902,11/11/2017 5:30:00 PM,2017,11,11,17,30,0,Saturday,544796.0101,4809470.449,-80.446479,43.436801,At/near private drive,2,P.D. only,Thru lane,unknown,unknown,Other,Unknown,Dusk,05 - Dusk,Regional municipality,No control,unknown,0,0,0,FALSE,FALSE,FALSE,Clear,,FALSE,FRANKLIN ST N; FRANKLIN ST N,3/7/2019 12:58:15 PM,544796.0101,4809470.449
47098,17-257982,11/13/2017 5:00:00 PM,2017,11,13,17,0,0,Monday,541954.8262,4815744.364,-80.481102,43.493455,Intersection related,2,P.D. only,Thru lane,unknown,unknown,Turning movement,Unknown,"Dark, artificial","08 - Dark, artificial",Municipal (excl. Twp. Rd.),No control,unknown,0,0,0,FALSE,FALSE,FALSE,Clear,,FALSE,FALCONRIDGE DR ; WOOLWICH ST,3/7/2019 12:58:14 PM,541954.8262,4815744.364
47099,17-258111,11/13/2017 10:20:00 PM,2017,11,13,22,20,0,Monday,540533.1686,4806805.656,-80.499349,43.413049,At/near private drive,2,P.D. only,Thru lane,unknown,unknown,SMV unattended vehicle,Unknown,Dark,07 - Dark,Municipal (excl. Twp. Rd.),No control,unknown,0,0,0,FALSE,FALSE,FALSE,Clear,,FALSE,BOSWORTH CRES; BOSWORTH CRES; Near; 5 M,1/30/2020 11:59:24 AM,540533.1686,4806805.656
47100,17-258204,11/14/2017 3:09:00 AM,2017,11,14,3,9,0,Tuesday,538070.6833,4807546.803,-80.529712,43.419852,Intersection related,2,P.D. only,Not on roadway - left side,unknown,unknown,SMV other,Unknown,"Dark, artificial","08 - Dark, artificial",Municipal (excl. Twp. Rd.),Stop sign,Functioning,0,0,0,FALSE,FALSE,FALSE,Clear,,FALSE,MCGARRY DR; WESTHEIGHTS DR,1/30/2020 11:59:24 AM,538070.6833,4807546.803
47101,17-258390,11/13/2017 3:45:00 PM,2017,11,13,15,45,0,Monday,544116.8171,4811896.401,-80.454675,43.458684,Intersection related,2,P.D. only,Thru lane,unknown,unknown,Rear end,Unknown,Daylight,01 - Daylight,Municipal (excl. Twp. Rd.),Stop sign,Functioning,0,0,0,FALSE,FALSE,FALSE,Clear,,FALSE,MANCHESTER RD; RIVER RD E,3/7/2019 12:58:13 PM,544116.8171,4811896.401
47102,17-258776,11/14/2017 5:59:00 PM,2017,11,14,17,59,0,Tuesday,545107.6451,4807726.635,-80.442773,43.421081,At/near private drive,2,P.D. only,Left turn lane,unknown,unknown,Turning movement,Unknown,"Dark, artificial","08 - Dark, artificial",Regional municipality,Traffic signal,Functioning,0,0,0,FALSE,FALSE,FALSE,Clear,,FALSE,WILSON AVE ; FAIRWAY RD S; Near; 8 M,1/30/2020 11:59:23 AM,545107.6451,4807726.635
47103,17-259175,11/15/2017 9:55:00 AM,2017,11,15,9,55,0,Wednesday,538119.1084,4810121.924,-80.528934,43.443036,Non intersection,2,P.D. only,Right shoulder,unknown,unknown,SMV other,Unknown,Daylight,01 - Daylight,Municipal (excl. Twp. Rd.),No control,unknown,0,0,0,FALSE,FALSE,FALSE,Clear,,FALSE,MARKWOOD DR; ROSSFORD CRES ; Near; 120 M,1/30/2020 11:59:22 AM,538119.1084,4810121.924
47104,17-259244,11/14/2017 9:50:00 PM,2017,11,14,21,50,0,Tuesday,542763.8473,4810432.173,-80.471513,43.445579,Non intersection,2,P.D. only,Thru lane,unknown,unknown,SMV unattended vehicle,Unknown,Daylight,01 - Daylight,Municipal (excl. Twp. Rd.),No control,unknown,0,0,0,FALSE,FALSE,FALSE,Clear,,FALSE,BORDEN AVE N; WEBER ST E; Near,3/7/2019 12:58:12 PM,542763.8473,4810432.173
47105,17-259385,11/15/2017 1:00:00 PM,2017,11,15,13,0,0,Wednesday,541942.4992,4806733.949,-80.481947,43.412326,Non intersection,2,P.D. only,Thru lane,unknown,unknown,SMV unattended vehicle,Unknown,Daylight,01 - Daylight,Municipal (excl. Twp. Rd.),No control,unknown,0,0,0,FALSE,FALSE,FALSE,Clear,,FALSE,BROOKFIELD CRES; BROOKFIELD CRES,3/7/2019 12:58:11 PM,541942.4992,4806733.949
47106,17-259667,11/15/2017 9:11:00 PM,2017,11,15,21,11,0,Wednesday,541517.6549,4811213.861,-80.486854,43.452687,At intersection,2,P.D. only,Within intersection,unknown,unknown,Turning movement,Unknown,Dark,07 - Dark,Municipal (excl. Twp. Rd.),Stop sign,Functioning,0,0,0,FALSE,FALSE,FALSE,Rain,,FALSE,QUEEN ST N; ROY ST,1/30/2020 11:59:21 AM,541517.6549,4811213.861
47107,17-259817,11/16/2017 5:48:00 AM,2017,11,16,5,48,0,Thursday,542743.2283,4811246.19,-80.471704,43.452909,Non intersection,2,P.D. only,Thru lane,unknown,unknown,SMV other,Unknown,Dark,07 - Dark,Municipal (excl. Twp. Rd.),No control,unknown,0,0,0,FALSE,FALSE,FALSE,Rain,,FALSE,KRUG ST; KRUG ST ; 1 M,1/30/2020 11:59:20 AM,542743.2283,4811246.19
47108,17-259912,11/16/2017 9:10:00 AM,2017,11,16,9,10,0,Thursday,541068,4811108,0,0,At intersection,2,P.D. only,Within intersection,unknown,unknown,Angle,Unknown,Daylight,01 - Daylight,Municipal (excl. Twp. Rd.),Traffic signal,Functioning,0,0,0,FALSE,FALSE,FALSE,Rain,,FALSE,GAGE AVE; BELMONT AVE W,3/7/2019 12:58:10 PM,541068,4811108