OBJECTID,ACCIDENTNUM,ACCIDENTDATE,ACCIDENT_YEAR,ACCIDENT_MONTH,ACCIDENT_DAY,ACCIDENT_HOUR,ACCIDENT_MINUTE,ACCIDENT_SECOND,ACCIDENT_WEEKDAY,XCOORD,YCOORD,LONGITUDE,LATITUDE,ACCIDENTLOCATION,COLLISIONTYPE,CLASSIFICATIONOFACCIDENT,IMPACTLOCATION,INITIALDIRECTIONOFTRAVELONE,INITIALDIRECTIONOFTRAVELTWO,INITIALIMPACTTYPE,INTTRAFFICCONTROL,LIGHT,LIGHTFORREPORT,ROADJURISDICTION,TRAFFICCONTROL,TRAFFICCONTROLCONDITION,THRULANENO,NORTHBOUNDDISOBEYCOUNT,SOUTHBOUNDDISOBEYCOUNT,PEDESTRIANINVOLVED,CYCLISTINVOLVED,MOTORCYCLISTINVOLVED,ENVIRONMENTCONDITION1,ENVIRONMENTCONDITION2,SELFREPORTED,XMLIMPORTNOTES,LASTEDITEDDATE,x,y
47109,17-259975,11/15/2017 8:30:00 PM,2017,11,15,20,30,0,Wednesday,537684.3707,4808951.59,-80.534387,43.43252,At/near private drive,2,P.D. only,Thru lane,unknown,unknown,SMV unattended vehicle,Unknown,"Dark, artificial","08 - Dark, artificial",Municipal (excl. Twp. Rd.),No control,unknown,0,0,0,FALSE,FALSE,FALSE,Rain,,FALSE,OPRINGTON PL; OPRINGTON PL ; Near,3/7/2019 12:58:09 PM,537684.3707,4808951.59
47110,17-260110,11/14/2017 6:30:00 PM,2017,11,14,18,30,0,Tuesday,539746.2355,4805758.562,-80.509145,43.403663,Intersection related,2,P.D. only,Thru lane,unknown,unknown,Turning movement,Unknown,Dark,07 - Dark,Municipal (excl. Twp. Rd.),Stop sign,Functioning,0,0,0,FALSE,FALSE,FALSE,Clear,,FALSE,MAX BECKER DR; ACTIVA AVE; Near,3/7/2019 12:58:08 PM,539746.2355,4805758.562
47111,17-260194,11/16/2017 1:00:00 PM,2017,11,16,13,0,0,Thursday,539577.5309,4809670.372,-80.510945,43.438895,At/near private drive,2,P.D. only,Not on roadway - left side,unknown,unknown,Turning movement,Unknown,Daylight,01 - Daylight,Municipal (excl. Twp. Rd.),No control,unknown,0,0,0,FALSE,FALSE,FALSE,Clear,,FALSE,LAWRENCE AVE; 324 HIGHLAND RD W; Near,3/7/2019 12:58:06 PM,539577.5309,4809670.373
47112,17-260204,11/16/2017 2:12:00 PM,2017,11,16,14,12,0,Thursday,541182.9003,4810974.304,-80.491009,43.450549,Non intersection,2,P.D. only,Not on roadway - right side,unknown,unknown,SMV other,Unknown,Daylight,01 - Daylight,Regional municipality,No control,unknown,0,0,0,FALSE,FALSE,FALSE,Rain,,FALSE,KING ST W; KING ST W; At; 0 M,1/30/2020 11:59:19 AM,541182.9003,4810974.304
47113,17-261013,11/16/2017 12:45:00 PM,2017,11,16,12,45,0,Thursday,541749.3361,4810652.078,-80.484034,43.447616,Non intersection,2,P.D. only,Thru lane,unknown,unknown,Rear end,Unknown,Daylight,01 - Daylight,Regional municipality,No control,unknown,0,0,0,FALSE,FALSE,FALSE,Clear,,FALSE,KING ST E; KING ST E; 20 M,3/7/2019 12:58:05 PM,541749.3361,4810652.078
47114,17-261072,11/17/2017 3:00:00 PM,2017,11,17,15,0,0,Friday,541535.2751,4807825.677,-80.486894,43.422179,Non intersection,2,P.D. only,Thru lane,unknown,unknown,Turning movement,Unknown,Daylight,01 - Daylight,Municipal (excl. Twp. Rd.),No control,unknown,0,0,0,FALSE,FALSE,FALSE,Clear,,FALSE,STRASBURG RD; STRASBURG RD; Near,3/7/2019 12:58:04 PM,541535.2751,4807825.677
47115,17-261402,11/17/2017 11:38:00 PM,2017,11,17,23,38,0,Friday,539475.6032,4802920.528,-80.512692,43.378124,Non intersection,2,P.D. only,Not on roadway - left side,unknown,unknown,SMV other,Unknown,Dark,07 - Dark,Regional municipality,No control,unknown,0,0,0,FALSE,FALSE,FALSE,Clear,,FALSE,HURON RD; HURON RD ; Near; 2 M,1/30/2020 11:59:18 AM,539475.6032,4802920.528
47116,17-262581,11/19/2017 1:00:00 PM,2017,11,19,13,0,0,Sunday,546074.5271,4811152.25,-80.43054,43.451866,At/near private drive,2,P.D. only,Thru lane,unknown,unknown,SMV unattended vehicle,Unknown,Daylight,01 - Daylight,Municipal (excl. Twp. Rd.),No control,unknown,0,0,0,FALSE,FALSE,FALSE,Snow,,FALSE,OLDFIELD DR; OLDFIELD DR,3/7/2019 12:58:03 PM,546074.5271,4811152.25
47117,17-262592,11/19/2017 1:30:00 PM,2017,11,19,13,30,0,Sunday,544248.9177,4805069.168,-80.453596,43.397204,At/near private drive,2,P.D. only,Right shoulder,unknown,unknown,SMV unattended vehicle,Unknown,Daylight,01 - Daylight,Municipal (excl. Twp. Rd.),No control,unknown,0,0,0,FALSE,FALSE,FALSE,Clear,,FALSE,OLD HURON CRT; OLD HURON CRT ; At,3/7/2019 12:58:02 PM,544248.9177,4805069.168
47118,17-262644,11/18/2017 9:25:00 AM,2017,11,18,9,25,0,Saturday,545458.6422,4808940.954,-80.438336,43.431993,At/near private drive,2,Non-reportable,Thru lane,unknown,unknown,Turning movement,Unknown,Daylight,01 - Daylight,Municipal (excl. Twp. Rd.),No control,unknown,0,0,0,FALSE,FALSE,FALSE,Clear,,FALSE,KINZIE AVE ; WEBER ST E; At,3/7/2019 12:58:01 PM,545458.6422,4808940.954
47119,17-262679,11/18/2017 10:00:00 PM,2017,11,18,22,0,0,Saturday,539159.4671,4805572.978,-80.516404,43.402023,At/near private drive,2,P.D. only,Thru lane,unknown,unknown,SMV unattended vehicle,Unknown,"Dark, artificial","08 - Dark, artificial",Municipal (excl. Twp. Rd.),No control,unknown,0,0,0,FALSE,FALSE,FALSE,Rain,,FALSE,HENHOEFFER CRT; HENHOEFFER CRT ; Near,3/7/2019 12:58:00 PM,539159.4671,4805572.978
47120,17-262919,11/19/2017 10:37:00 PM,2017,11,19,22,37,0,Sunday,540377.5465,4805920.273,-80.501336,43.405086,At intersection,2,P.D. only,Within intersection,unknown,unknown,SMV other,Unknown,Dark,07 - Dark,Regional municipality,Yield sign,Functioning,0,0,0,FALSE,FALSE,FALSE,Rain,,FALSE,MAX BECKER DR ; MAX BECKER DR 4; 4 M,1/30/2020 11:59:17 AM,540377.5465,4805920.273
47121,17-263001,11/20/2017 1:30:00 AM,2017,11,20,1,30,0,Monday,541068,4811108,0,0,Non intersection,2,P.D. only,Not on roadway - left side,unknown,unknown,SMV other,Unknown,"Dark, artificial","08 - Dark, artificial",Municipal (excl. Twp. Rd.),No control,unknown,0,0,0,FALSE,FALSE,FALSE,Snow,,FALSE,THOMAS SLEE DR; THOMAS SLEE DR ; At; 10 M,3/7/2019 12:57:59 PM,541068,4811108
47122,17-263075,11/20/2017 7:20:00 AM,2017,11,20,7,20,0,Monday,536568.9452,4809563.396,-80.548128,43.438084,Non intersection,2,P.D. only,Not on roadway - left side,unknown,unknown,SMV other,Unknown,Daylight,01 - Daylight,Municipal (excl. Twp. Rd.),No control,unknown,0,0,0,FALSE,FALSE,FALSE,Snow,,FALSE,RESURRECTION DR; NORTHMANOR CRES ; 25 M,1/30/2020 11:59:16 AM,536568.9452,4809563.396
47123,17-263089,11/20/2017 7:40:00 AM,2017,11,20,7,40,0,Monday,536841.6198,4807844.017,-80.544874,43.422589,Intersection related,2,P.D. only,Thru lane,unknown,unknown,Approaching,Unknown,Daylight,01 - Daylight,Municipal (excl. Twp. Rd.),Stop sign,Functioning,0,0,0,FALSE,FALSE,FALSE,Snow,,FALSE,ROLLING MEADOWS DR; CONNELLY DR; Near; 10 M,1/30/2020 11:59:15 AM,536841.6198,4807844.017
47124,17-263096,11/20/2017 7:53:00 AM,2017,11,20,7,53,0,Monday,538629.2707,4805377.879,-80.522965,43.400294,Non intersection,2,P.D. only,Thru lane,unknown,unknown,SMV unattended vehicle,Unknown,Daylight,01 - Daylight,Municipal (excl. Twp. Rd.),No control,unknown,0,0,0,FALSE,FALSE,FALSE,Clear,,FALSE,GRAVEL RIDGE TRAIL; GRAVEL RIDGE TRAIL ; Near; 2 M,1/30/2020 11:59:14 AM,538629.2707,4805377.879
47125,17-263128,11/20/2017 8:30:00 AM,2017,11,20,8,30,0,Monday,536534.1851,4809760.539,-80.548544,43.439861,Non intersection,2,P.D. only,Thru lane,unknown,unknown,Approaching,Unknown,Daylight,01 - Daylight,Municipal (excl. Twp. Rd.),No control,unknown,0,0,0,FALSE,FALSE,FALSE,Clear,,FALSE,RESURRECTION DR; UNIVERSITY AVE; Near; 100 M,1/30/2020 11:59:13 AM,536534.1851,4809760.539
47126,17-263144,11/20/2017 7:40:00 AM,2017,11,20,7,40,0,Monday,536842.5818,4807844.023,-80.544863,43.422589,Non intersection,2,P.D. only,Thru lane,unknown,unknown,SMV unattended vehicle,Unknown,Daylight,01 - Daylight,Municipal (excl. Twp. Rd.),No control,unknown,0,0,0,FALSE,FALSE,FALSE,Snow,,FALSE,ROLLING MEADOWS DR; CONNELLY DR; Near; 10 M,1/30/2020 11:59:12 AM,536842.5818,4807844.023
47127,17-263482,11/20/2017 2:40:00 PM,2017,11,20,14,40,0,Monday,546295.48,4809961.962,-80.42791,43.441135,Non intersection,1,Non-fatal injury,Left shoulder,unknown,unknown,SMV unattended vehicle,Unknown,Daylight,01 - Daylight,Municipal (excl. Twp. Rd.),No control,unknown,0,0,0,FALSE,FALSE,FALSE,Clear,,FALSE,OLD CHICOPEE TRAIL; OLD CHICOPEE TRAIL ; 0 M,1/30/2020 11:59:11 AM,546295.48,4809961.962
47128,17-263576,11/19/2017 7:00:00 AM,2017,11,19,7,0,0,Sunday,543143.216,4814133.822,-80.466532,43.478887,Non intersection,2,P.D. only,Thru lane,unknown,unknown,SMV unattended vehicle,Unknown,Daylight,01 - Daylight,Municipal (excl. Twp. Rd.),No control,unknown,0,0,0,FALSE,FALSE,FALSE,Clear,,FALSE,SCHUELLER ST; SCHUELLER ST ; Near,3/7/2019 12:57:58 PM,543143.216,4814133.822
47129,17-263711,11/20/2017 7:19:00 PM,2017,11,20,19,19,0,Monday,540797.0475,4809185.243,-80.495912,43.434461,Intersection related,1,Non-fatal injury,Thru lane,unknown,unknown,SMV unattended vehicle,Stop sign,Dark,07 - Dark,Municipal (excl. Twp. Rd.),Stop sign,Functioning,0,0,0,FALSE,FALSE,FALSE,Clear,,FALSE,PLEASANT AVE; STIRLING AVE S; Near; 20 M,1/30/2020 11:59:10 AM,540797.0475,4809185.243
47130,17-263927,11/21/2017 5:52:00 AM,2017,11,21,5,52,0,Tuesday,544343.9015,4808757.316,-80.452123,43.430406,Intersection related,2,P.D. only,Left shoulder,unknown,unknown,SMV other,Unknown,Dark,07 - Dark,Municipal (excl. Twp. Rd.),Stop sign,Functioning,0,0,0,FALSE,FALSE,FALSE,Clear,,FALSE,SIXTH AVE; CONNAUGHT ST ; Near; 3 M,1/30/2020 11:59:09 AM,544343.9015,4808757.316
47131,17-263991,11/18/2017 3:00:00 PM,2017,11,18,15,0,0,Saturday,540899.9589,4809443.177,-80.494621,43.436778,Non intersection,2,P.D. only,Right shoulder,unknown,unknown,SMV unattended vehicle,Unknown,Daylight,01 - Daylight,Municipal (excl. Twp. Rd.),No control,unknown,0,0,0,FALSE,FALSE,FALSE,Rain,,FALSE,LORNE CRES; LORNE CRES ; Near,3/7/2019 12:57:55 PM,540899.9589,4809443.177
47132,17-264265,11/20/2017 11:00:00 AM,2017,11,20,11,0,0,Monday,539972.6004,4807578.438,-80.506216,43.420038,Non intersection,2,P.D. only,Thru lane,unknown,unknown,SMV unattended vehicle,Unknown,Daylight,01 - Daylight,Municipal (excl. Twp. Rd.),No control,unknown,0,0,0,FALSE,FALSE,FALSE,Clear,,FALSE,HOWE DR; WINDALE CRES; Near,3/7/2019 12:57:54 PM,539972.6004,4807578.438
47133,17-264345,11/21/2017 2:30:00 PM,2017,11,21,14,30,0,Tuesday,544605.991,4804925.646,-80.449198,43.39589,At/near private drive,2,P.D. only,Thru lane,unknown,unknown,SMV unattended vehicle,Unknown,Daylight,01 - Daylight,Municipal (excl. Twp. Rd.),No control,unknown,0,0,0,FALSE,FALSE,FALSE,Clear,,FALSE,HARCOURT CRES; MILLWOOD CRES; Near,3/7/2019 12:57:53 PM,544605.991,4804925.646
47134,17-264505,11/21/2017 5:35:00 PM,2017,11,21,17,35,0,Tuesday,541980.1336,4808699.511,-80.481332,43.430022,Non intersection,2,P.D. only,Thru lane,unknown,unknown,Sideswipe,Unknown,Dark,07 - Dark,Municipal (excl. Twp. Rd.),No control,unknown,0,0,0,FALSE,FALSE,FALSE,Clear,,FALSE,KEHL ST; OTTAWA ST S; Near,3/7/2019 12:57:52 PM,541980.1336,4808699.511
47135,17-264809,11/22/2017 8:56:00 AM,2017,11,22,8,56,0,Wednesday,541026.735,4806547.548,-80.493272,43.410699,At intersection,2,P.D. only,Within intersection,unknown,unknown,Turning movement,Unknown,Daylight,01 - Daylight,Municipal (excl. Twp. Rd.),Stop sign,Functioning,0,0,0,FALSE,FALSE,FALSE,Snow,,FALSE,ERINBROOK DR; HIGHCROFT CRT,1/30/2020 11:59:08 AM,541026.735,4806547.548
47136,17-264834,11/22/2017 9:15:00 AM,2017,11,22,9,15,0,Wednesday,539314.1768,4810618.908,-80.514131,43.447449,At intersection,1,Non-fatal injury,Within intersection,unknown,unknown,SMV other,Unknown,Daylight,01 - Daylight,Municipal (excl. Twp. Rd.),Traffic signal,Functioning,0,0,0,TRUE,FALSE,FALSE,Clear,,FALSE,BELMONT AVE W; GAGE AVE,1/30/2020 11:59:07 AM,539314.1768,4810618.908
47137,17-264853,11/22/2017 9:36:00 AM,2017,11,22,9,36,0,Wednesday,545960.489,4803095.636,-80.432627,43.379331,At/near private drive,2,P.D. only,Thru lane,unknown,unknown,Other,Unknown,Daylight,01 - Daylight,Municipal (excl. Twp. Rd.),No control,unknown,0,0,0,FALSE,FALSE,FALSE,Clear,,FALSE,DOON SOUTH DR; DOON SOUTH DR ; 8 M,1/30/2020 11:59:06 AM,545960.489,4803095.636
47138,17-264900,11/22/2017 9:00:00 AM,2017,11,22,9,0,0,Wednesday,541905.1483,4808615.176,-80.482264,43.429267,At/near private drive,2,P.D. only,Thru lane,unknown,unknown,SMV unattended vehicle,Unknown,"Daylight, artificial","02 - Daylight, artificial",Municipal (excl. Twp. Rd.),No control,unknown,0,0,0,FALSE,FALSE,FALSE,Snow,,FALSE,KEHL ST; KEHL ST,3/7/2019 12:57:51 PM,541905.1483,4808615.176
47139,17-264974,11/22/2017 12:22:00 PM,2017,11,22,12,22,0,Wednesday,545923.3357,4809325.101,-80.432562,43.435424,Intersection related,1,Non-fatal injury,Thru lane,unknown,unknown,Rear end,Unknown,Daylight,01 - Daylight,Municipal (excl. Twp. Rd.),No control,unknown,0,0,0,FALSE,FALSE,FALSE,Clear,,FALSE,THALER AVE; KINZIE AVE ; 26 M,1/30/2020 11:59:05 AM,545923.3357,4809325.101
47140,17-265154,11/20/2017 9:00:00 AM,2017,11,20,9,0,0,Monday,537129.8088,4806665.733,-80.541394,43.411966,Non intersection,2,P.D. only,Right shoulder,unknown,unknown,SMV other,Unknown,Daylight,01 - Daylight,Municipal (excl. Twp. Rd.),No control,unknown,0,0,0,FALSE,FALSE,FALSE,Clear,,FALSE,YELLOW BIRCH DR; HODDLE CRES ; Near; 120 M,1/30/2020 11:59:05 AM,537129.8088,4806665.733
47141,17-265186,11/22/2017 5:10:00 PM,2017,11,22,17,10,0,Wednesday,549458.6497,4806084.05,-80.389175,43.406016,At/near private drive,2,P.D. only,Two-way left turn lane,unknown,unknown,Turning movement,Unknown,"Dark, artificial","08 - Dark, artificial",Municipal (excl. Twp. Rd.),No control,unknown,0,0,0,FALSE,FALSE,FALSE,Clear,,FALSE,TU LANE ST; KING ST E; Near; 10 M,1/30/2020 11:59:04 AM,549458.6497,4806084.05
47142,17-265404,11/22/2017 10:49:00 PM,2017,11,22,22,49,0,Wednesday,544481.1938,4812745.473,-80.450102,43.466308,At/near private drive,1,Non-fatal injury,Off highway,unknown,unknown,SMV other,Unknown,Dark,07 - Dark,Private property,No control,unknown,0,0,0,FALSE,FALSE,FALSE,Clear,,FALSE,DRIVEWAY; CARSON DR ; Near; 3 M,1/30/2020 11:59:03 AM,544481.1938,4812745.474
47143,17-265543,11/21/2017 1:30:00 PM,2017,11,21,13,30,0,Tuesday,542188.6586,4810207.39,-80.478639,43.443587,At/near private drive,2,P.D. only,Thru lane,unknown,unknown,Other,Unknown,Daylight,01 - Daylight,Regional municipality,No control,unknown,0,0,0,FALSE,FALSE,FALSE,Clear,,FALSE,CHARLES ST E; STIRLING AVE S; At,3/7/2019 12:57:49 PM,542188.6586,4810207.39
47144,17-265995,11/22/2017 8:00:00 PM,2017,11,22,20,0,0,Wednesday,540616.102,4809335.825,-80.498136,43.435827,Non intersection,2,P.D. only,Thru lane,unknown,unknown,SMV unattended vehicle,Unknown,Dark,07 - Dark,Municipal (excl. Twp. Rd.),No control,unknown,0,0,0,FALSE,FALSE,FALSE,Clear,,FALSE,PERTH RD; PERTH RD,3/7/2019 12:57:48 PM,540616.102,4809335.825
47145,17-266573,11/24/2017 10:40:00 AM,2017,11,24,10,40,0,Friday,544824.243,4807973.815,-80.446253,43.423323,At/near private drive,2,P.D. only,Thru lane,unknown,unknown,Turning movement,Unknown,Daylight,01 - Daylight,Regional municipality,No control,unknown,0,0,0,FALSE,FALSE,FALSE,Clear,,FALSE,WILSON AVE ; FAIRWAY RD S; At; 120 M,1/30/2020 11:59:02 AM,544824.243,4807973.815
47146,17-266968,11/24/2017 7:09:00 PM,2017,11,24,19,9,0,Friday,540617.9658,4810956.263,-80.497993,43.450417,At intersection,1,Non-fatal injury,Within intersection,unknown,unknown,SMV other,Unknown,Dark,07 - Dark,Municipal (excl. Twp. Rd.),Stop sign,Functioning,0,0,0,TRUE,FALSE,FALSE,Clear,,FALSE,JOSEPH ST; LINDEN AVE; 5 M,1/30/2020 11:59:01 AM,540617.9658,4810956.263
47147,17-267265,11/25/2017 3:07:00 AM,2017,11,25,3,7,0,Saturday,540696.7118,4809684.682,-80.497114,43.438963,Non intersection,1,Non-fatal injury,Thru lane,unknown,unknown,SMV unattended vehicle,Unknown,Dark,07 - Dark,Municipal (excl. Twp. Rd.),No control,unknown,0,0,0,FALSE,FALSE,FALSE,Clear,,FALSE,SPADINA RD E; SPADINA RD E; 5 M,1/30/2020 11:59:00 AM,540696.7118,4809684.682
47148,17-267654,11/25/2017 1:45:00 PM,2017,11,25,13,45,0,Saturday,545824.6319,4808612.059,-80.433842,43.429009,At/near private drive,2,P.D. only,Thru lane,unknown,unknown,Turning movement,Unknown,Daylight,01 - Daylight,Regional municipality,No control,unknown,0,0,0,FALSE,FALSE,FALSE,Rain,,FALSE,KING ST E; KING ST E; Near,3/7/2019 12:57:46 PM,545824.6319,4808612.059
47149,17-268439,11/26/2017 4:58:00 PM,2017,11,26,16,58,0,Sunday,539005.8617,4811279.6,-80.517894,43.453414,At intersection,2,P.D. only,Within intersection,unknown,unknown,Turning movement,Unknown,Daylight,01 - Daylight,Municipal (excl. Twp. Rd.),Stop sign,Functioning,0,0,0,FALSE,FALSE,FALSE,Clear,,FALSE,BELMONT AVE W; CLAREMONT AVE,1/30/2020 11:58:59 AM,539005.8617,4811279.6
47150,17-269053,11/27/2017 10:30:00 AM,2017,11,27,10,30,0,Monday,540128.0717,4805798.925,-80.504426,43.404006,At/near private drive,2,P.D. only,Thru lane,unknown,unknown,Other,Unknown,Daylight,01 - Daylight,Municipal (excl. Twp. Rd.),No control,unknown,0,0,0,FALSE,FALSE,FALSE,Clear,,FALSE,MAX BECKER DR; MAX BECKER DR,1/30/2020 11:58:58 AM,540128.0717,4805798.925
47151,17-269093,11/26/2017 1:00:00 AM,2017,11,26,1,0,0,Sunday,546798.337,4808421.687,-80.421828,43.427235,At/near private drive,2,P.D. only,Thru lane,unknown,unknown,SMV unattended vehicle,Unknown,"Dark, artificial","08 - Dark, artificial",Municipal (excl. Twp. Rd.),No control,unknown,0,0,0,FALSE,FALSE,FALSE,Clear,,FALSE,MORGAN AVE; MORGAN AVE; At,3/7/2019 12:57:43 PM,546798.337,4808421.687
47152,17-269708,11/28/2017 8:35:00 AM,2017,11,28,8,35,0,Tuesday,545980.2493,4808544.641,-80.431925,43.428393,At/near private drive,2,P.D. only,Left turn lane,unknown,unknown,Angle,Unknown,Daylight,01 - Daylight,Regional municipality,No control,unknown,0,0,0,FALSE,FALSE,FALSE,Clear,,FALSE,KING ST E; KING ST E,3/7/2019 12:57:42 PM,545980.2493,4808544.641
47153,17-269851,11/28/2017 12:19:00 PM,2017,11,28,12,19,0,Tuesday,547238.2855,4808459.307,-80.41639,43.427546,Non intersection,2,P.D. only,Thru lane,unknown,unknown,SMV unattended vehicle,Unknown,Daylight,01 - Daylight,unknown,No control,unknown,0,0,0,FALSE,FALSE,FALSE,Clear,,FALSE,GRAND RIVER BLVD; GRAND RIVER BLVD ; At; 5 M,2/19/2019 2:08:50 PM,547238.2855,4808459.307
47154,17-270186,11/28/2017 6:15:00 AM,2017,11,28,6,15,0,Tuesday,546533.212,4803507.265,-80.425522,43.383002,Non intersection,2,P.D. only,Thru lane,unknown,unknown,SMV unattended vehicle,Unknown,"Dark, artificial","08 - Dark, artificial",Municipal (excl. Twp. Rd.),No control,unknown,0,0,0,FALSE,FALSE,FALSE,Clear,,FALSE,CREST HAVEN ST; CREST HAVEN ST; Near,3/7/2019 12:57:41 PM,546533.212,4803507.265
47155,17-270603,11/29/2017 8:30:00 AM,2017,11,29,8,30,0,Wednesday,537121.9494,4806782.658,-80.541484,43.413019,At/near private drive,2,P.D. only,Thru lane,unknown,unknown,Other,Unknown,Daylight,01 - Daylight,Municipal (excl. Twp. Rd.),No control,unknown,0,0,0,FALSE,FALSE,FALSE,Clear,,FALSE,CEDAR CREST ST; CEDAR CREST ST; At,3/7/2019 12:57:40 PM,537121.9494,4806782.658
47156,17-270629,11/28/2017 2:00:00 PM,2017,11,28,14,0,0,Tuesday,539937.0634,4811689.089,-80.506354,43.457052,Non intersection,2,P.D. only,Right shoulder,unknown,unknown,SMV unattended vehicle,Unknown,Daylight,01 - Daylight,Municipal (excl. Twp. Rd.),No control,unknown,0,0,0,FALSE,FALSE,FALSE,Clear,,FALSE,BRAUN ST; BRAUN ST; Near,3/7/2019 12:57:38 PM,539937.0634,4811689.089
47157,17-270808,11/29/2017 2:00:00 PM,2017,11,29,14,0,0,Wednesday,538900.4254,4811472.05,-80.519183,43.455153,At intersection,2,P.D. only,Within intersection,unknown,unknown,Turning movement,Unknown,Daylight,01 - Daylight,Municipal (excl. Twp. Rd.),Traffic signal,Functioning,0,0,0,FALSE,FALSE,FALSE,Clear,,FALSE,BELMONT AVE W; UNION BLVD,1/30/2020 11:58:57 AM,538900.4254,4811472.05
47158,17-270826,11/29/2017 2:31:00 PM,2017,11,29,14,31,0,Wednesday,539089.578,4808786.316,-80.517037,43.43096,Non intersection,1,Non-fatal injury,Not on roadway - right side,unknown,unknown,SMV other,Unknown,Daylight,01 - Daylight,Municipal (excl. Twp. Rd.),No control,unknown,0,0,0,FALSE,FALSE,FALSE,Clear,,FALSE,QUEENS BLVD; KELLY DR ; Near; 17 M,3/7/2019 12:57:37 PM,539089.578,4808786.316
47159,17-271580,11/30/2017 12:30:00 PM,2017,11,30,12,30,0,Thursday,545525.0244,4811214.713,-80.437326,43.452462,At/near private drive,2,P.D. only,Thru lane,unknown,unknown,SMV unattended vehicle,Unknown,Daylight,01 - Daylight,Municipal (excl. Twp. Rd.),No control,unknown,0,0,0,FALSE,FALSE,FALSE,Rain,,FALSE,CARNABY CRES; CARNABY CRES ; Near,3/7/2019 12:57:36 PM,545525.0244,4811214.713
47160,17-271581,11/30/2017 12:29:00 PM,2017,11,30,12,29,0,Thursday,544611.6586,4812933.667,-80.448474,43.467994,At intersection,1,Non-fatal injury,Within intersection,unknown,unknown,Angle,Unknown,Daylight,01 - Daylight,Municipal (excl. Twp. Rd.),Stop sign,Functioning,0,0,0,FALSE,FALSE,FALSE,Rain,,FALSE,ROTHSAY AVE ; NATCHEZ RD,1/30/2020 11:58:56 AM,544611.6586,4812933.667
47161,17-271653,11/22/2017 2:40:00 PM,2017,11,22,14,40,0,Wednesday,543752.2371,4805552.861,-80.45969,43.401588,Intersection related,2,Non-reportable,Thru lane,unknown,unknown,Rear end,Unknown,Daylight,01 - Daylight,Municipal (excl. Twp. Rd.),Stop sign,Functioning,0,0,0,FALSE,FALSE,FALSE,Clear,,FALSE,BEASLEY DR; TRILLIUM DR,3/7/2019 12:57:35 PM,543752.2371,4805552.861
47162,17-271735,11/30/2017 3:28:00 PM,2017,11,30,15,28,0,Thursday,542841.2177,4809871.878,-80.470601,43.440529,At intersection,1,Non-fatal injury,Within intersection,unknown,unknown,Angle,Unknown,Daylight,01 - Daylight,Municipal (excl. Twp. Rd.),Stop sign,Functioning,0,0,0,FALSE,FALSE,FALSE,Clear,,FALSE,CHARLES ST E; SYDNEY ST S,1/30/2020 11:58:55 AM,542841.2177,4809871.878
47163,17-272341,12/1/2017 8:45:00 AM,2017,12,1,8,45,0,Friday,546062.9709,4809494.889,-80.430823,43.436944,At intersection,2,P.D. only,Within intersection,unknown,unknown,Turning movement,Unknown,Daylight,01 - Daylight,Regional municipality,Traffic signal,Functioning,0,0,0,FALSE,FALSE,FALSE,Clear,,FALSE,KINZIE AVE; RIVER RD E,3/7/2019 12:57:34 PM,546062.9709,4809494.889
47164,17-272780,12/1/2017 7:00:00 PM,2017,12,1,19,0,0,Friday,542019.2128,4807242.425,-80.480961,43.4169,Intersection related,2,P.D. only,Not on roadway - left side,unknown,unknown,SMV other,Unknown,Dark,07 - Dark,Municipal (excl. Twp. Rd.),Stop sign,Functioning,0,0,0,FALSE,FALSE,FALSE,Clear,,FALSE,STRASBURG RD; BLACKHORNE DR,1/30/2020 11:58:54 AM,542019.2128,4807242.425
47165,17-273642,12/2/2017 7:00:00 PM,2017,12,2,19,0,0,Saturday,541674.9299,4803992.547,-80.485461,43.387657,Non intersection,2,unknown,Not on roadway - right side,unknown,unknown,SMV other,Unknown,"Dark, artificial","08 - Dark, artificial",Municipal (excl. Twp. Rd.),No control,unknown,0,0,0,FALSE,FALSE,FALSE,Clear,,FALSE,WOODBINE AVE; WOODBINE AVE ; At; 5 M,1/30/2020 11:58:53 AM,541674.9299,4803992.547
47166,17-274276,12/3/2017 2:53:00 PM,2017,12,3,14,53,0,Sunday,545035.0699,4807866.194,-80.443658,43.422342,Intersection related,2,P.D. only,Left turn lane,unknown,unknown,Rear end,Unknown,Daylight,01 - Daylight,Municipal (excl. Twp. Rd.),Traffic signal,Functioning,0,0,0,FALSE,FALSE,FALSE,Clear,,FALSE,KINGSWAY DR ; WILSON AVE; Near; 20 M,1/30/2020 11:58:52 AM,545035.0699,4807866.194
47167,17-274757,12/4/2017 7:53:00 AM,2017,12,4,7,53,0,Monday,541068,4811108,0,0,At intersection,2,P.D. only,Within intersection,unknown,unknown,SMV unattended vehicle,Unknown,Daylight,01 - Daylight,Municipal (excl. Twp. Rd.),Stop sign,Functioning,0,0,0,FALSE,FALSE,FALSE,"Fog, mist, smoke, dust",,FALSE,AMAND DR; SHADY GLEN CRES,1/30/2020 11:58:51 AM,541068,4811108
47168,17-274895,12/4/2017 10:35:00 AM,2017,12,4,10,35,0,Monday,539096.9728,4811071.254,-80.516782,43.451534,Non intersection,1,Non-fatal injury,Right shoulder,unknown,unknown,SMV other,Unknown,Daylight,01 - Daylight,Municipal (excl. Twp. Rd.),No control,unknown,0,0,0,FALSE,FALSE,FALSE,Clear,,FALSE,BELMONT AVE W; BELMONT AVE W; Near; 22 M,1/30/2020 11:58:51 AM,539096.9728,4811071.254