OBJECTID,ACCIDENTNUM,ACCIDENTDATE,ACCIDENT_YEAR,ACCIDENT_MONTH,ACCIDENT_DAY,ACCIDENT_HOUR,ACCIDENT_MINUTE,ACCIDENT_SECOND,ACCIDENT_WEEKDAY,XCOORD,YCOORD,LONGITUDE,LATITUDE,ACCIDENTLOCATION,COLLISIONTYPE,CLASSIFICATIONOFACCIDENT,IMPACTLOCATION,INITIALDIRECTIONOFTRAVELONE,INITIALDIRECTIONOFTRAVELTWO,INITIALIMPACTTYPE,INTTRAFFICCONTROL,LIGHT,LIGHTFORREPORT,ROADJURISDICTION,TRAFFICCONTROL,TRAFFICCONTROLCONDITION,THRULANENO,NORTHBOUNDDISOBEYCOUNT,SOUTHBOUNDDISOBEYCOUNT,PEDESTRIANINVOLVED,CYCLISTINVOLVED,MOTORCYCLISTINVOLVED,ENVIRONMENTCONDITION1,ENVIRONMENTCONDITION2,SELFREPORTED,XMLIMPORTNOTES,LASTEDITEDDATE,x,y
47169,17-274904,11/27/2017 10:42:00 AM,2017,11,27,10,42,0,Monday,542271.0179,4810245.136,-80.477618,43.443923,At intersection,2,P.D. only,Within intersection,unknown,unknown,Turning movement,Unknown,Daylight,01 - Daylight,Municipal (excl. Twp. Rd.),No control,unknown,0,0,0,FALSE,FALSE,FALSE,Clear,,FALSE,STIRLING AVE S; STIRLING LANE,1/30/2020 11:58:50 AM,542271.0179,4810245.136
47170,17-274990,12/3/2017 10:00:00 AM,2017,12,3,10,0,0,Sunday,536500.9079,4808670.709,-80.549028,43.43005,Non intersection,2,P.D. only,Off highway,unknown,unknown,SMV other,Unknown,Daylight,01 - Daylight,Regional municipality,No control,unknown,0,0,0,FALSE,FALSE,FALSE,Clear,,FALSE,HIGHGATE RD; VICTORIA ST S,3/7/2019 12:57:33 PM,536500.9079,4808670.709
47171,17-275295,12/4/2017 7:40:00 PM,2017,12,4,19,40,0,Monday,539030.7071,4811223.215,-80.51759,43.452905,Non intersection,2,P.D. only,Other,unknown,unknown,SMV other,Unknown,Dark,07 - Dark,Municipal (excl. Twp. Rd.),No control,unknown,0,0,0,FALSE,FALSE,FALSE,Clear,,FALSE,BELMONT AVE W; ROCK AVE ; 33 M,1/30/2020 11:58:49 AM,539030.7071,4811223.215
47172,17-275453,12/5/2017 12:49:00 AM,2017,12,5,0,49,0,Tuesday,544480.2451,4812743.551,-80.450114,43.46629,Non intersection,2,P.D. only,Off highway,unknown,unknown,SMV other,Unknown,Dark,07 - Dark,Municipal (excl. Twp. Rd.),No control,unknown,0,0,0,FALSE,FALSE,FALSE,Rain,,FALSE,CARSON DR; CARSON DR ; At; 1 M,1/30/2020 11:58:48 AM,544480.2451,4812743.551
47173,17-276072,12/4/2017 7:00:00 PM,2017,12,4,19,0,0,Monday,541955.799,4815742.455,-80.48109,43.493438,At intersection,2,P.D. only,Within intersection,unknown,unknown,Angle,Unknown,"Dark, artificial","08 - Dark, artificial",Municipal (excl. Twp. Rd.),Yield sign,Functioning,0,0,0,FALSE,FALSE,FALSE,Clear,,FALSE,WOOLWICH ST; CARRIAGE WAY,3/7/2019 12:57:32 PM,541955.799,4815742.455
47174,17-276220,12/5/2017 10:04:00 PM,2017,12,5,22,4,0,Tuesday,542866.2978,4810783.688,-80.47022,43.448738,At intersection,1,Non-fatal injury,Within intersection,unknown,unknown,Angle,Unknown,"Dark, artificial","08 - Dark, artificial",Regional municipality,Stop sign,Functioning,0,0,0,FALSE,FALSE,FALSE,Clear,,FALSE,EAST AVE; STIRLING AVE N,1/30/2020 11:58:48 AM,542866.2978,4810783.688
47175,17-276488,12/5/2017 7:00:00 PM,2017,12,5,19,0,0,Tuesday,541848.8921,4808812.393,-80.482944,43.431046,At/near private drive,2,P.D. only,Thru lane,unknown,unknown,SMV unattended vehicle,Unknown,Dark,07 - Dark,Municipal (excl. Twp. Rd.),No control,unknown,0,0,0,FALSE,FALSE,FALSE,Clear,,FALSE,KELVIN AVE; KELVIN AVE ; Near,3/7/2019 12:57:31 PM,541848.8921,4808812.393
47176,17-276820,12/6/2017 4:00:00 PM,2017,12,6,16,0,0,Wednesday,541662.9689,4810409.517,-80.48512,43.445437,At intersection,2,P.D. only,Within intersection,unknown,unknown,Angle,Unknown,Dusk,05 - Dusk,Regional municipality,Stop sign,Functioning,0,0,0,FALSE,FALSE,FALSE,Clear,,FALSE,CEDAR ST S; CHURCH ST,1/30/2020 11:58:47 AM,541662.9689,4810409.517
47177,17-276887,12/6/2017 4:50:00 PM,2017,12,6,16,50,0,Wednesday,540947.8504,4812330.996,-80.493813,43.462777,At/near private drive,2,P.D. only,Thru lane,unknown,unknown,Sideswipe,Unknown,"Dusk, artificial","06 - Dusk, artificial",Regional municipality,No control,unknown,0,0,0,FALSE,FALSE,FALSE,Clear,,FALSE,MARGARET AVE; MARGARET AVE; Near,3/7/2019 12:57:30 PM,540947.8504,4812330.996
47178,17-277395,12/6/2017 1:00:00 PM,2017,12,6,13,0,0,Wednesday,537298.2848,4807993.916,-80.539223,43.423917,At/near private drive,2,P.D. only,Thru lane,unknown,unknown,SMV unattended vehicle,Unknown,Daylight,01 - Daylight,Municipal (excl. Twp. Rd.),No control,unknown,0,0,0,FALSE,FALSE,FALSE,Clear,,FALSE,HIGH ACRES CRES; HIGH ACRES CRES ; Near,3/7/2019 12:57:29 PM,537298.2848,4807993.916
47179,17-277461,12/7/2017 10:58:00 AM,2017,12,7,10,58,0,Thursday,541177.492,4808252.814,-80.491282,43.426045,Non intersection,2,P.D. only,Thru lane,unknown,unknown,SMV other,Unknown,Daylight,01 - Daylight,Municipal (excl. Twp. Rd.),No control,unknown,0,0,0,FALSE,FALSE,FALSE,Snow,,FALSE,CHANDLER DR; STRASBURG RD; At; 5 M,1/30/2020 11:58:46 AM,541177.492,4808252.814
47180,17-277475,12/7/2017 8:45:00 AM,2017,12,7,8,45,0,Thursday,544884.1034,4804849.282,-80.44577,43.395186,Intersection related,2,P.D. only,Thru lane,unknown,unknown,Rear end,Unknown,Daylight,01 - Daylight,Municipal (excl. Twp. Rd.),Traffic signal,Functioning,0,0,0,FALSE,FALSE,FALSE,Clear,,FALSE,DOON VILLAGE RD; PIONEER DR; At,1/30/2020 11:58:45 AM,544884.1034,4804849.282
47181,17-277548,12/7/2017 11:45:00 AM,2017,12,7,11,45,0,Thursday,541486.3985,4808957.196,-80.487412,43.43237,At/near private drive,2,P.D. only,Thru lane,unknown,unknown,Other,Unknown,Daylight,01 - Daylight,Municipal (excl. Twp. Rd.),No control,unknown,0,0,0,FALSE,FALSE,FALSE,Snow,,FALSE,SOUTHDALE AVE; SOUTHDALE AVE; At,3/7/2019 12:57:27 PM,541486.3985,4808957.196
47182,17-277559,12/7/2017 11:30:00 AM,2017,12,7,11,30,0,Thursday,535891.2493,4809416.858,-80.556511,43.436798,Non intersection,2,P.D. only,Right shoulder,unknown,unknown,SMV other,Unknown,Daylight,01 - Daylight,Municipal (excl. Twp. Rd.),No control,unknown,0,0,0,FALSE,FALSE,FALSE,Rain,,FALSE,LEMON GRASS CRES; LEMON GRASS CRES ; 1 M,1/30/2020 11:58:44 AM,535891.2493,4809416.858
47183,17-277793,12/5/2017 11:00:00 PM,2017,12,5,23,0,0,Tuesday,540965.7135,4812667.782,-80.493566,43.465809,At/near private drive,2,P.D. only,Thru lane,unknown,unknown,SMV unattended vehicle,Unknown,Dark,07 - Dark,Municipal (excl. Twp. Rd.),No control,unknown,0,0,0,FALSE,FALSE,FALSE,Clear,,FALSE,FAIRFIELD AVE; FAIRFIELD AVE ; At; 1 M,1/30/2020 11:58:43 AM,540965.7135,4812667.782
47184,17-278486,12/8/2017 4:47:00 PM,2017,12,8,16,47,0,Friday,540732.4312,4808039.227,-80.496796,43.424146,Intersection related,2,P.D. only,Not on roadway - right side,unknown,unknown,SMV other,Unknown,Daylight,01 - Daylight,Municipal (excl. Twp. Rd.),Stop sign,Functioning,0,0,0,FALSE,FALSE,FALSE,Clear,,FALSE,CHANDLER DR; ELMSDALE DR,1/30/2020 11:58:42 AM,540732.4312,4808039.227
47185,17-278557,12/8/2017 6:25:00 PM,2017,12,8,18,25,0,Friday,546220.7383,4808000.801,-80.429,43.423481,Non intersection,2,P.D. only,Thru lane,unknown,unknown,SMV other,Unknown,Dark,07 - Dark,Municipal (excl. Twp. Rd.),No control,unknown,0,0,0,FALSE,FALSE,FALSE,Clear,,FALSE,HIDDEN VALLEY RD; HIDDEN VALLEY RD ; Near; 100 M,1/30/2020 11:58:41 AM,546220.7383,4808000.801
47186,17-278559,12/8/2017 4:30:00 PM,2017,12,8,16,30,0,Friday,543896.9864,4811908.709,-80.457391,43.458808,Intersection related,2,P.D. only,Right turn lane,unknown,unknown,Rear end,Unknown,Daylight,01 - Daylight,Regional municipality,Stop sign,Functioning,0,0,0,FALSE,FALSE,FALSE,Clear,,FALSE,KRUG ST; RIVER RD E,3/7/2019 12:57:26 PM,543896.9864,4811908.709
47187,17-279018,12/8/2017 8:00:00 AM,2017,12,8,8,0,0,Friday,538658.81,4807942.13,-80.522419,43.423381,At intersection,2,P.D. only,Within intersection,unknown,unknown,SMV other,Unknown,"Daylight, artificial","02 - Daylight, artificial",Municipal (excl. Twp. Rd.),Stop sign,Functioning,0,0,0,FALSE,FALSE,FALSE,Clear,,FALSE,FOREST HILL DR; HICKORY HEIGHTS CRES,3/7/2019 12:57:25 PM,538658.81,4807942.13
47188,17-279108,12/8/2017 5:00:00 PM,2017,12,8,17,0,0,Friday,541620.5265,4810729.055,-80.48562,43.448316,Non intersection,2,P.D. only,Right shoulder,unknown,unknown,SMV unattended vehicle,Unknown,Daylight,01 - Daylight,Regional municipality,No control,unknown,0,0,0,FALSE,FALSE,FALSE,Clear,,FALSE,KING ST E; KING ST E,1/30/2020 11:58:40 AM,541620.5265,4810729.055
47189,17-279191,12/9/2017 1:25:00 AM,2017,12,9,1,25,0,Saturday,538776.5377,4806018.288,-80.521101,43.406053,Non intersection,2,P.D. only,Thru lane,unknown,unknown,SMV unattended vehicle,Unknown,Dark,07 - Dark,Municipal (excl. Twp. Rd.),No control,unknown,0,0,0,FALSE,FALSE,FALSE,Clear,,FALSE,PEACH BLOSSOM CRES; DAVID BERGEY DR; Near,3/7/2019 12:57:24 PM,538776.5377,4806018.288
47190,17-279407,12/9/2017 8:00:00 PM,2017,12,9,20,0,0,Saturday,537471.6604,4810327.927,-80.536921,43.444924,Non intersection,2,P.D. only,Other,unknown,unknown,SMV other,Unknown,"Dark, artificial","08 - Dark, artificial",Regional municipality,No control,unknown,0,0,0,FALSE,FALSE,FALSE,Snow,,FALSE,GLASGOW ST; GLASGOW ST ; Near; 2 M,1/30/2020 11:58:39 AM,537471.6604,4810327.927
47191,17-279860,12/10/2017 11:53:00 AM,2017,12,10,11,53,0,Sunday,543663.7803,4808131.058,-80.460576,43.424808,Non intersection,2,P.D. only,Not on roadway - right side,unknown,unknown,SMV other,Unknown,Daylight,01 - Daylight,Municipal (excl. Twp. Rd.),No control,unknown,0,0,0,FALSE,FALSE,FALSE,Snow,,FALSE,KIPLING AVE; VANIER DR ; Near; 30 M,1/30/2020 11:58:38 AM,543663.7803,4808131.058
47192,17-280401,12/11/2017 8:05:00 AM,2017,12,11,8,5,0,Monday,539610.8205,4809569.94,-80.510541,43.437989,At/near private drive,2,P.D. only,Right turn lane,unknown,unknown,Turning movement,Unknown,Daylight,01 - Daylight,Municipal (excl. Twp. Rd.),No control,unknown,0,0,0,FALSE,FALSE,FALSE,Snow,,FALSE,LAWRENCE AVE ; HIGHLAND RD W; At; 1 M,1/30/2020 11:58:37 AM,539610.8205,4809569.94
47193,17-280747,12/8/2017 7:45:00 PM,2017,12,8,19,45,0,Friday,539575.3262,4809673.908,-80.510972,43.438927,At/near private drive,2,P.D. only,Left turn lane,unknown,unknown,Turning movement,Unknown,Dark,07 - Dark,Regional municipality,No control,unknown,0,0,0,FALSE,FALSE,FALSE,Snow,,FALSE,LAWRENCE AVE; LAWRENCE AVE,3/7/2019 12:57:21 PM,539575.3262,4809673.908
47194,17-280870,12/4/2017 7:24:00 PM,2017,12,4,19,24,0,Monday,548056.5483,4806225.657,-80.406478,43.407383,At/near private drive,2,P.D. only,Not on roadway - right side,unknown,unknown,SMV other,Unknown,Dark,07 - Dark,Private property,No control,unknown,0,0,0,FALSE,FALSE,FALSE,Snow,,FALSE,MASTER CRT ; MASTER CRT ; At; 2 M,1/30/2020 11:58:36 AM,548056.5483,4806225.657
47195,17-280926,12/11/2017 9:22:00 PM,2017,12,11,21,22,0,Monday,542169.9305,4805680.797,-80.47922,43.402831,At/near private drive,2,P.D. only,Right shoulder,unknown,unknown,SMV other,Unknown,Dark,07 - Dark,Municipal (excl. Twp. Rd.),No control,unknown,0,0,0,FALSE,FALSE,FALSE,Freezing Rain,,FALSE,MCINTYRE DR; MCINTYRE DR ; At; 9 M,1/30/2020 11:58:35 AM,542169.9305,4805680.797
47196,17-281123,12/12/2017 7:40:00 AM,2017,12,12,7,40,0,Tuesday,545157.2078,4807238.827,-80.442201,43.416685,Non intersection,1,Non-fatal injury,Thru lane,unknown,unknown,Rear end,Unknown,Daylight,01 - Daylight,Regional municipality,No control,unknown,0,0,0,FALSE,FALSE,FALSE,Snow,,FALSE,WILSON AVE; WEBSTER RD; Near; 25 M,1/30/2020 11:58:34 AM,545157.2078,4807238.827
47197,17-281169,12/12/2017 8:32:00 AM,2017,12,12,8,32,0,Tuesday,542455.0423,4807262.035,-80.475576,43.417052,At/near private drive,1,Non-fatal injury,Thru lane,unknown,unknown,Rear end,Unknown,Daylight,01 - Daylight,Municipal (excl. Twp. Rd.),No control,unknown,0,0,0,FALSE,FALSE,FALSE,Snow,,FALSE,COUNTRY HILL DR; COUNTRY HILL DR,1/30/2020 11:58:33 AM,542455.0423,4807262.036
47198,17-281335,12/12/2017 12:54:00 PM,2017,12,12,12,54,0,Tuesday,539490.7583,4810166.99,-80.511981,43.443371,Non intersection,2,P.D. only,Off highway,unknown,unknown,SMV other,Unknown,Daylight,01 - Daylight,Municipal (excl. Twp. Rd.),No control,unknown,0,0,0,FALSE,FALSE,FALSE,Clear,,FALSE,BELMONT AVE W; BELMONT AVE W; At; 5 M,1/30/2020 11:58:33 AM,539490.7583,4810166.99
47199,17-281423,12/12/2017 1:50:00 PM,2017,12,12,13,50,0,Tuesday,541737.032,4807017.565,-80.484464,43.414891,Non intersection,1,Non-fatal injury,Off highway,unknown,unknown,SMV other,Unknown,Daylight,01 - Daylight,Private property,No control,unknown,0,0,0,FALSE,FALSE,FALSE,Drifting Snow,,FALSE,BLACKHORNE CRES; BLACKHORNE CRES; At; 20 M,1/30/2020 11:58:32 AM,541737.032,4807017.565
47200,17-281517,12/11/2017 2:30:00 PM,2017,12,11,14,30,0,Monday,543180.253,4813787.796,-80.466102,43.475769,Non intersection,2,P.D. only,Thru lane,unknown,unknown,SMV other,Unknown,Daylight,01 - Daylight,Municipal (excl. Twp. Rd.),No control,unknown,0,0,0,FALSE,FALSE,FALSE,Snow,,FALSE,PAIGE ST; PAIGE ST ; Near,3/7/2019 12:57:20 PM,543180.253,4813787.796
47201,17-281564,12/12/2017 5:47:00 PM,2017,12,12,17,47,0,Tuesday,541435.3454,4809823.908,-80.487977,43.440177,At railway crossing,2,P.D. only,Right shoulder,unknown,unknown,SMV other,Unknown,Dark,07 - Dark,Municipal (excl. Twp. Rd.),Stop sign,Functioning,0,0,0,FALSE,FALSE,FALSE,Snow,,FALSE,MADISON AVE S; CN RAIL; At; 1 M,1/30/2020 11:58:31 AM,541435.3454,4809823.908
47202,17-281587,12/12/2017 4:30:00 PM,2017,12,12,16,30,0,Tuesday,542582.0912,4810127.529,-80.473783,43.442846,Intersection related,2,P.D. only,Other,unknown,unknown,Sideswipe,Unknown,Daylight,01 - Daylight,Regional municipality,Traffic signal,Functioning,0,0,0,FALSE,FALSE,FALSE,Snow,,FALSE,KING ST E; BORDEN AVE N; At,1/30/2020 11:58:29 AM,542582.0912,4810127.529
47203,17-281611,12/12/2017 6:58:00 PM,2017,12,12,18,58,0,Tuesday,541464.7997,4809536.281,-80.487635,43.437585,At intersection,1,Non-fatal injury,Within intersection,unknown,unknown,SMV other,Unknown,Dark,07 - Dark,Municipal (excl. Twp. Rd.),Traffic signal,Functioning,0,0,0,TRUE,FALSE,FALSE,Clear,,FALSE,MILL ST; STIRLING AVE S,1/30/2020 11:58:29 AM,541464.7997,4809536.281
47204,17-281842,12/13/2017 4:50:00 AM,2017,12,13,4,50,0,Wednesday,543751.3777,4805550.831,-80.459701,43.40157,Intersection related,2,P.D. only,Right shoulder,unknown,unknown,SMV other,Unknown,"Daylight, artificial","02 - Daylight, artificial",Municipal (excl. Twp. Rd.),Stop sign,Functioning,0,0,0,FALSE,FALSE,FALSE,Clear,,FALSE,TRILLIUM DR; BEASLEY DR,1/30/2020 11:58:28 AM,543751.3777,4805550.831
47205,17-282093,12/13/2017 11:18:00 AM,2017,12,13,11,18,0,Wednesday,540797.4255,4809181.875,-80.495908,43.434431,At intersection,2,P.D. only,Within intersection,unknown,unknown,SMV other,Stop sign,Daylight,01 - Daylight,Regional municipality,Stop sign,Functioning,0,0,0,FALSE,FALSE,FALSE,Clear,,FALSE,STIRLING AVE S; PLEASANT AVE,1/30/2020 11:58:27 AM,540797.4255,4809181.875
47206,17-282243,12/13/2017 2:33:00 PM,2017,12,13,14,33,0,Wednesday,538136.7391,4809979.504,-80.528726,43.441753,Non intersection,2,P.D. only,Not on roadway - right side,unknown,unknown,SMV other,Unknown,Daylight,01 - Daylight,Municipal (excl. Twp. Rd.),No control,unknown,0,0,0,FALSE,FALSE,FALSE,Clear,,FALSE,HAZELGLEN DR; HAZELGLEN DR; Near; 2 M,1/30/2020 11:58:26 AM,538136.7391,4809979.504
47207,17-282800,12/14/2017 9:32:00 AM,2017,12,14,9,32,0,Thursday,541708.0489,4808474.645,-80.48471,43.428013,Non intersection,2,P.D. only,Thru lane,unknown,unknown,Rear end,Unknown,Daylight,01 - Daylight,Regional municipality,No control,unknown,0,0,0,FALSE,FALSE,FALSE,Clear,,FALSE,HOMER WATSON BLVD; OTTAWA ST S; 245 M,1/30/2020 11:58:25 AM,541708.0489,4808474.645
47208,17-282812,12/13/2017 9:30:00 PM,2017,12,13,21,30,0,Wednesday,538062.8443,4808309.861,-80.529756,43.426723,Intersection related,2,P.D. only,Left turn lane,unknown,unknown,Rear end,Unknown,Dark,07 - Dark,Regional municipality,Stop sign,Functioning,0,0,0,FALSE,FALSE,FALSE,Snow,,FALSE,WESTHEIGHTS DR; QUEENS BLVD,3/7/2019 12:57:19 PM,538062.8443,4808309.861
47209,17-282939,12/13/2017 10:30:00 AM,2017,12,13,10,30,0,Wednesday,540626.9555,4809999.894,-80.497953,43.441805,Non intersection,2,P.D. only,Not on roadway - right side,unknown,unknown,SMV other,Unknown,Daylight,01 - Daylight,Municipal (excl. Twp. Rd.),No control,unknown,0,0,0,FALSE,FALSE,FALSE,Clear,,FALSE,BROCK ST; BROCK ST,1/30/2020 11:58:24 AM,540626.9555,4809999.894
47210,17-282967,12/13/2017 5:30:00 PM,2017,12,13,17,30,0,Wednesday,545924.0497,4808720.729,-80.432604,43.429982,Non intersection,2,P.D. only,Thru lane,unknown,unknown,Rear end,Unknown,"Dark, artificial","08 - Dark, artificial",Municipal (excl. Twp. Rd.),No control,unknown,0,0,0,FALSE,FALSE,FALSE,Snow,,FALSE,MORGAN AVE; MORGAN AVE ; Near,3/7/2019 12:57:18 PM,545924.0497,4808720.729
47211,17-283437,12/15/2017 12:47:00 AM,2017,12,15,0,47,0,Friday,545193.4303,4804731.197,-80.441961,43.394104,Non intersection,2,P.D. only,Thru lane,unknown,unknown,SMV other,Unknown,Daylight,01 - Daylight,Municipal (excl. Twp. Rd.),No control,unknown,0,0,0,FALSE,FALSE,FALSE,Snow,,FALSE,PIONEER DR; PIONEER DRIVE; Near; 19 M,1/30/2020 11:58:23 AM,545193.4303,4804731.197
47212,17-283573,12/15/2017 8:45:00 AM,2017,12,15,8,45,0,Friday,540311.4403,4811547.028,-80.501737,43.455753,At intersection,2,P.D. only,Within intersection,unknown,unknown,Angle,Unknown,Daylight,01 - Daylight,Municipal (excl. Twp. Rd.),Stop sign,Functioning,0,0,0,FALSE,FALSE,FALSE,Clear,,FALSE,MOORE AVE; LOUISA ST,1/30/2020 11:58:22 AM,540311.4403,4811547.029
47213,17-283909,12/15/2017 3:22:00 PM,2017,12,15,15,22,0,Friday,538071.6345,4807548.726,-80.5297,43.419869,At intersection,2,P.D. only,Within intersection,unknown,unknown,Turning movement,Unknown,Daylight,01 - Daylight,Municipal (excl. Twp. Rd.),Stop sign,Functioning,0,1,0,FALSE,FALSE,FALSE,Snow,,FALSE,WESTHEIGHTS DR; MCGARRY DR,1/30/2020 11:58:21 AM,538071.6345,4807548.726
47214,17-283934,12/15/2017 3:30:00 PM,2017,12,15,15,30,0,Friday,540414.511,4810594.296,-80.500534,43.447169,At intersection,2,P.D. only,Within intersection,unknown,unknown,Angle,Unknown,Daylight,01 - Daylight,Municipal (excl. Twp. Rd.),Stop sign,Functioning,0,0,0,FALSE,FALSE,FALSE,Snow,,FALSE,PARK ST; JUBILEE DR; 4 M,1/30/2020 11:58:20 AM,540414.511,4810594.296
47215,17-284395,12/15/2017 4:00:00 PM,2017,12,15,16,0,0,Friday,541848.7813,4811531.22,-80.482737,43.455526,Non intersection,2,P.D. only,Thru lane,unknown,unknown,SMV unattended vehicle,Unknown,Daylight,01 - Daylight,Municipal (excl. Twp. Rd.),No control,unknown,0,0,0,FALSE,FALSE,FALSE,Snow,,FALSE,MANSION ST; MANSION ST; Near,3/7/2019 12:57:17 PM,541848.7813,4811531.22
47216,17-284474,12/15/2017 3:00:00 PM,2017,12,15,15,0,0,Friday,542857.0756,4804086.485,-80.470859,43.388437,Non intersection,2,P.D. only,Thru lane,unknown,unknown,SMV unattended vehicle,Unknown,Daylight,01 - Daylight,Municipal (excl. Twp. Rd.),No control,unknown,0,0,0,FALSE,FALSE,FALSE,Snow,,FALSE,NEWCASTLE DR; NEWCASTLE DR; Near,3/7/2019 12:57:16 PM,542857.0756,4804086.485
47217,17-284534,12/15/2017 3:40:00 PM,2017,12,15,15,40,0,Friday,539617.367,4811374.857,-80.510329,43.45424,Non intersection,2,Non-reportable,Thru lane,unknown,unknown,Rear end,Unknown,Daylight,01 - Daylight,Municipal (excl. Twp. Rd.),Traffic signal,Functioning,0,0,0,FALSE,FALSE,FALSE,Snow,,FALSE,PARK ST; GLASGOW ST; Near,1/30/2020 11:58:19 AM,539617.367,4811374.857
47218,17-284686,12/16/2017 4:24:00 PM,2017,12,16,16,24,0,Saturday,540335.33,4805884.832,-80.50186,43.404769,At intersection,2,P.D. only,Within intersection,unknown,unknown,Turning movement,Unknown,Daylight,01 - Daylight,Municipal (excl. Twp. Rd.),Stop sign,Functioning,0,0,0,FALSE,FALSE,FALSE,Clear,,FALSE,MAX BECKER DR; HELENA FEASBY ST,1/30/2020 11:58:18 AM,540335.33,4805884.832
47219,17-284997,12/17/2017 12:46:00 AM,2017,12,17,0,46,0,Sunday,543869.175,4808170.207,-80.458036,43.425148,Non intersection,2,P.D. only,Left shoulder,unknown,unknown,SMV other,Unknown,"Dark, artificial","08 - Dark, artificial",Municipal (excl. Twp. Rd.),No control,unknown,0,0,0,FALSE,FALSE,FALSE,Clear,,FALSE,SIEBERT AVE; CLARK AVE; 30 M,1/30/2020 11:58:17 AM,543869.175,4808170.207
47220,17-285193,12/17/2017 11:44:00 AM,2017,12,17,11,44,0,Sunday,543072.2956,4805497.558,-80.468091,43.40113,At intersection,1,Non-fatal injury,Within intersection,unknown,unknown,Angle,Unknown,Daylight,01 - Daylight,Regional municipality,Stop sign,Functioning,0,0,1,FALSE,FALSE,FALSE,Clear,,FALSE,TRILLIUM DR; STRASBURG RD,1/30/2020 11:58:16 AM,543072.2956,4805497.558
47221,17-285371,12/12/2017 9:00:00 AM,2017,12,12,9,0,0,Tuesday,539689.9733,4805682.605,-80.509845,43.402982,At intersection,2,P.D. only,Within intersection,unknown,unknown,Angle,Unknown,Daylight,01 - Daylight,Municipal (excl. Twp. Rd.),Stop sign,Functioning,0,0,0,FALSE,FALSE,FALSE,Clear,,FALSE,DONNENWERTH DR; ACTIVA AVE,1/30/2020 11:58:15 AM,539689.9733,4805682.605
47222,17-285811,12/17/2017 8:00:00 AM,2017,12,17,8,0,0,Sunday,544087.4598,4809227.282,-80.455254,43.434653,Non intersection,2,P.D. only,Thru lane,unknown,unknown,SMV unattended vehicle,Unknown,Daylight,01 - Daylight,Municipal (excl. Twp. Rd.),No control,unknown,0,0,0,FALSE,FALSE,FALSE,Clear,,FALSE,SECOND AVE; SECOND AVE; Near; 1 M,3/7/2019 12:57:14 PM,544087.4598,4809227.282
47223,17-285814,12/18/2017 9:29:00 AM,2017,12,18,9,29,0,Monday,542983.5534,4812129.853,-80.468664,43.460852,Intersection related,2,P.D. only,Not on roadway - right side,unknown,unknown,SMV other,Unknown,Daylight,01 - Daylight,Regional municipality,Stop sign,Functioning,0,0,0,FALSE,FALSE,FALSE,Clear,,FALSE,BRUCE ST; EPHRAIM ST; At,1/30/2020 11:58:14 AM,542983.5534,4812129.853
47224,17-285943,12/17/2017 1:30:00 PM,2017,12,17,13,30,0,Sunday,543098.705,4810886.486,-80.467339,43.44965,At/near private drive,2,P.D. only,Thru lane,unknown,unknown,SMV unattended vehicle,Unknown,Daylight,01 - Daylight,Municipal (excl. Twp. Rd.),No control,unknown,0,0,0,FALSE,FALSE,FALSE,Clear,,FALSE,STIRLING AVE N; STIRLING AVE N; At,3/7/2019 12:57:13 PM,543098.705,4810886.486
47225,17-285964,12/17/2017 2:00:00 AM,2017,12,17,2,0,0,Sunday,538448.2496,4806644.224,-80.525112,43.411706,Non intersection,2,P.D. only,Thru lane,unknown,unknown,SMV unattended vehicle,Unknown,"Dark, artificial","08 - Dark, artificial",Municipal (excl. Twp. Rd.),No control,unknown,0,0,0,FALSE,FALSE,FALSE,Clear,,FALSE,FOXGLOVE CRES; FOXGLOVE CRES; Near,3/7/2019 12:57:12 PM,538448.2496,4806644.224
47226,17-286511,12/19/2017 7:40:00 AM,2017,12,19,7,40,0,Tuesday,539574.6691,4810752.027,-80.510902,43.448634,At/near private drive,2,P.D. only,Thru lane,unknown,unknown,Angle,Unknown,Dawn,03 - Dawn,Municipal (excl. Twp. Rd.),No control,unknown,0,0,0,FALSE,FALSE,FALSE,Clear,,FALSE,GAGE AVE; GAGE AVE,1/30/2020 11:58:14 AM,539574.6691,4810752.027
47227,17-286515,12/19/2017 8:41:00 AM,2017,12,19,8,41,0,Tuesday,542736.7296,4811735.511,-80.471746,43.457316,At/near private drive,2,P.D. only,Left turn lane,unknown,unknown,Turning movement,Unknown,Daylight,01 - Daylight,Regional municipality,No control,unknown,0,0,0,FALSE,FALSE,FALSE,Clear,,FALSE,EDNA ST; FREDERICK ST ; Near; 10 M,1/30/2020 11:58:13 AM,542736.7296,4811735.511
47228,17-286849,12/18/2017 7:30:00 PM,2017,12,18,19,30,0,Monday,541877.8916,4803493.72,-80.482994,43.383154,At intersection,2,P.D. only,Within intersection,unknown,unknown,Angle,Unknown,"Dark, artificial","08 - Dark, artificial",Regional municipality,Yield sign,Functioning,0,0,0,FALSE,FALSE,FALSE,Clear,,FALSE,HURON RD; WOODBINE AVE,1/30/2020 11:58:12 AM,541877.8916,4803493.72
47229,17-286975,12/19/2017 8:18:00 PM,2017,12,19,20,18,0,Tuesday,538888.1766,4808655.772,-80.519535,43.429795,At intersection,1,Non-fatal injury,Within intersection,unknown,unknown,SMV other,Unknown,"Dark, artificial","08 - Dark, artificial",Municipal (excl. Twp. Rd.),Stop sign,Functioning,0,0,0,TRUE,FALSE,FALSE,Clear,,FALSE,QUEENS BLVD; EAGEN DR,1/30/2020 11:58:12 AM,538888.1766,4808655.772
47230,17-287015,12/19/2017 9:16:00 PM,2017,12,19,21,16,0,Tuesday,543203.7183,4811014.786,-80.466031,43.450799,Non intersection,2,P.D. only,Thru lane,unknown,unknown,SMV unattended vehicle,Unknown,"Dark, artificial","08 - Dark, artificial",Municipal (excl. Twp. Rd.),No control,unknown,0,0,0,FALSE,FALSE,FALSE,Clear,,FALSE,DUMFRIES AVE; DUMFRIES AVE ; Near; 13 M,1/30/2020 11:58:11 AM,543203.7183,4811014.786