OBJECTID,ACCIDENTNUM,ACCIDENTDATE,ACCIDENT_YEAR,ACCIDENT_MONTH,ACCIDENT_DAY,ACCIDENT_HOUR,ACCIDENT_MINUTE,ACCIDENT_SECOND,ACCIDENT_WEEKDAY,XCOORD,YCOORD,LONGITUDE,LATITUDE,ACCIDENTLOCATION,COLLISIONTYPE,CLASSIFICATIONOFACCIDENT,IMPACTLOCATION,INITIALDIRECTIONOFTRAVELONE,INITIALDIRECTIONOFTRAVELTWO,INITIALIMPACTTYPE,INTTRAFFICCONTROL,LIGHT,LIGHTFORREPORT,ROADJURISDICTION,TRAFFICCONTROL,TRAFFICCONTROLCONDITION,THRULANENO,NORTHBOUNDDISOBEYCOUNT,SOUTHBOUNDDISOBEYCOUNT,PEDESTRIANINVOLVED,CYCLISTINVOLVED,MOTORCYCLISTINVOLVED,ENVIRONMENTCONDITION1,ENVIRONMENTCONDITION2,SELFREPORTED,XMLIMPORTNOTES,LASTEDITEDDATE,x,y
47231,17-287296,12/20/2017 9:00:00 AM,2017,12,20,9,0,0,Wednesday,545530.7751,4804619.479,-80.437805,43.393078,Non intersection,2,P.D. only,Thru lane,unknown,unknown,SMV unattended vehicle,Unknown,Daylight,01 - Daylight,Municipal (excl. Twp. Rd.),No control,unknown,0,0,0,FALSE,FALSE,FALSE,Clear,,FALSE,BECHTEL DR; BECHTEL DR,1/30/2020 11:58:10 AM,545530.7751,4804619.479
47232,17-287564,12/20/2017 3:00:00 PM,2017,12,20,15,0,0,Wednesday,544628.3134,4806287.212,-80.448811,43.408149,At intersection,2,P.D. only,Within intersection,unknown,unknown,Rear end,Unknown,Daylight,01 - Daylight,Regional municipality,Traffic signal,Functioning,0,0,0,FALSE,FALSE,FALSE,Clear,,FALSE,WABANAKI DR; MANITOU DR,1/30/2020 11:58:09 AM,544628.3134,4806287.212
47233,17-288058,12/21/2017 9:58:00 AM,2017,12,21,9,58,0,Thursday,539617.5356,4811376.219,-80.510326,43.454252,Intersection related,2,P.D. only,Thru lane,unknown,unknown,Sideswipe,Unknown,Daylight,01 - Daylight,Municipal (excl. Twp. Rd.),Traffic signal,Functioning,0,0,0,FALSE,FALSE,FALSE,Clear,,FALSE,PARK ST ; GLASGOW ST; Near; 60 M,1/30/2020 11:58:08 AM,539617.5356,4811376.219
47234,17-288327,12/21/2017 3:40:00 PM,2017,12,21,15,40,0,Thursday,543206.6954,4805549.241,-80.466427,43.401587,At intersection,2,P.D. only,Within intersection,unknown,unknown,Turning movement,Unknown,Daylight,01 - Daylight,Municipal (excl. Twp. Rd.),Stop sign,Functioning,0,0,0,FALSE,FALSE,FALSE,Clear,,FALSE,TRILLIUM DR; SHOEMAKER ST,1/30/2020 11:58:07 AM,543206.6954,4805549.241
47235,17-288374,12/21/2017 3:20:00 PM,2017,12,21,15,20,0,Thursday,543417.1667,4812397.884,-80.463283,43.46324,At/near private drive,2,P.D. only,Right shoulder,unknown,unknown,SMV unattended vehicle,Unknown,Daylight,01 - Daylight,Private property,No control,unknown,0,0,0,FALSE,FALSE,FALSE,Clear,,FALSE,CORONET LANE ; RIVER RD E; At,1/30/2020 11:58:07 AM,543417.1667,4812397.884
47236,17-288445,12/21/2017 8:00:00 AM,2017,12,21,8,0,0,Thursday,542610.6193,4806682.314,-80.473699,43.411824,At intersection,2,P.D. only,Within intersection,unknown,unknown,Turning movement,Unknown,Daylight,01 - Daylight,Municipal (excl. Twp. Rd.),Stop sign,Functioning,0,0,0,FALSE,FALSE,FALSE,Clear,,FALSE,OLD COUNTRY DR; CENTURY HILL DR,1/30/2020 11:58:06 AM,542610.6193,4806682.314
47237,17-288515,12/21/2017 7:36:00 PM,2017,12,21,19,36,0,Thursday,544692.386,4809058.251,-80.447793,43.433095,Intersection related,2,P.D. only,Thru lane,unknown,unknown,Rear end,Unknown,Dark,07 - Dark,Municipal (excl. Twp. Rd.),Stop sign,Functioning,0,0,0,FALSE,FALSE,FALSE,Snow,,FALSE,KINGSWAY DR; EIGHTH AVE; Near; 50 M,1/30/2020 11:58:06 AM,544692.386,4809058.251
47238,17-288598,12/21/2017 9:51:00 PM,2017,12,21,21,51,0,Thursday,540920.4358,4810568.343,-80.494284,43.446908,Non intersection,2,P.D. only,Right shoulder,unknown,unknown,Rear end,Unknown,Dark,07 - Dark,Municipal (excl. Twp. Rd.),No control,unknown,0,0,0,FALSE,FALSE,FALSE,Snow,,FALSE,DAVID ST; COURTLAND AVE W; Near; 10 M,1/30/2020 11:58:05 AM,540920.4358,4810568.343
47239,17-288632,12/21/2017 10:43:00 PM,2017,12,21,22,43,0,Thursday,540942.0323,4808772.01,-80.494152,43.430732,Non intersection,2,P.D. only,Right shoulder,unknown,unknown,SMV other,Unknown,Dark,07 - Dark,Regional municipality,No control,unknown,0,0,0,FALSE,FALSE,FALSE,Snow,,FALSE,HOMER WATSON BLVD ; STIRLING AVE S; 200 M,1/30/2020 11:58:04 AM,540942.0323,4808772.01
47240,17-288650,12/21/2017 11:03:00 PM,2017,12,21,23,3,0,Thursday,539404.0544,4810383.181,-80.513037,43.445322,At intersection,2,P.D. only,Within intersection,unknown,unknown,SMV other,Unknown,Dark,07 - Dark,Municipal (excl. Twp. Rd.),Stop sign,Functioning,0,0,0,FALSE,FALSE,FALSE,Snow,,FALSE,KARN ST; BELMONT AVE W,1/30/2020 11:58:03 AM,539404.0544,4810383.181
47241,17-288854,12/22/2017 7:40:00 AM,2017,12,22,7,40,0,Friday,539315.5058,4810614.513,-80.514114,43.44741,At intersection,2,P.D. only,Within intersection,unknown,unknown,Turning movement,Unknown,Daylight,01 - Daylight,Municipal (excl. Twp. Rd.),Traffic signal,Functioning,0,0,0,FALSE,FALSE,FALSE,Clear,,FALSE,BELMONT AVE W; GAGE AVE,1/30/2020 11:58:02 AM,539315.5058,4810614.513
47242,17-288871,12/22/2017 9:15:00 AM,2017,12,22,9,15,0,Friday,541854.734,4803510.594,-80.483278,43.383308,Intersection related,2,P.D. only,Not on roadway - right side,unknown,unknown,SMV other,Unknown,Daylight,01 - Daylight,Regional municipality,Yield sign,Functioning,0,0,0,FALSE,FALSE,FALSE,Snow,,FALSE,HURON RD; WOODBINE AVE; 15 M,1/30/2020 11:58:01 AM,541854.734,4803510.594
47243,17-288872,12/17/2017 9:52:00 AM,2017,12,17,9,52,0,Sunday,542162.1969,4809202.258,-80.479043,43.434539,Non intersection,2,P.D. only,Thru lane,unknown,unknown,Rear end,Unknown,Daylight,01 - Daylight,Regional municipality,No control,unknown,0,0,0,FALSE,FALSE,FALSE,Snow,,FALSE,MILL ST; CN RAIL; 13 M,1/30/2020 11:58:00 AM,542162.1969,4809202.258
47244,17-289147,12/22/2017 4:18:00 PM,2017,12,22,16,18,0,Friday,544633.2458,4811995.42,-80.448284,43.459545,Intersection related,2,P.D. only,Right turn lane,unknown,unknown,Turning movement,Unknown,Dusk,05 - Dusk,Municipal (excl. Twp. Rd.),Stop sign,Functioning,0,0,0,FALSE,FALSE,FALSE,Snow,,FALSE,CARSON DR; STRATHCONA CRES,1/30/2020 11:57:59 AM,544633.2458,4811995.42
47245,17-289159,12/22/2017 3:15:00 PM,2017,12,22,15,15,0,Friday,539820.4633,4810707.954,-80.507867,43.448224,At/near private drive,2,P.D. only,Thru lane,unknown,unknown,Angle,Unknown,Daylight,01 - Daylight,Municipal (excl. Twp. Rd.),No control,unknown,0,0,0,FALSE,FALSE,FALSE,Clear,,FALSE,STRANGE ST; STRANGE ST,1/30/2020 11:57:58 AM,539820.4633,4810707.954
47246,17-289171,12/22/2017 2:30:00 PM,2017,12,22,14,30,0,Friday,542917.9044,4807312.571,-80.469855,43.417481,Non intersection,2,P.D. only,Thru lane,unknown,unknown,Rear end,Unknown,Daylight,01 - Daylight,Municipal (excl. Twp. Rd.),No control,unknown,0,0,0,FALSE,FALSE,FALSE,Clear,,FALSE,BLOCK LINE RD; HOMER WATSON BLVD; Near; 100 M,1/30/2020 11:57:57 AM,542917.9044,4807312.571
47247,17-289766,12/23/2017 12:58:00 PM,2017,12,23,12,58,0,Saturday,539643.0376,4806490.788,-80.510366,43.410262,Non intersection,2,P.D. only,Thru lane,unknown,unknown,SMV unattended vehicle,Unknown,Daylight,01 - Daylight,Municipal (excl. Twp. Rd.),No control,unknown,0,0,0,FALSE,FALSE,FALSE,Clear,,FALSE,WILDERNESS DR; WILDERNESS DR ; Near; 11 M,1/30/2020 11:57:56 AM,539643.0376,4806490.788
47248,17-289777,12/23/2017 1:10:00 PM,2017,12,23,13,10,0,Saturday,538693.7225,4811363.852,-80.521745,43.454189,At intersection,2,P.D. only,Within intersection,unknown,unknown,Angle,Unknown,Daylight,01 - Daylight,Municipal (excl. Twp. Rd.),Stop sign,Functioning,0,0,0,FALSE,FALSE,FALSE,Clear,,FALSE,UNION BLVD ; AVONDALE AVE,1/30/2020 11:57:55 AM,538693.7225,4811363.852
47249,17-289784,12/23/2017 1:28:00 PM,2017,12,23,13,28,0,Saturday,546121.0033,4812377.01,-80.429862,43.462891,At/near private drive,2,P.D. only,Thru lane,unknown,unknown,SMV unattended vehicle,Unknown,Daylight,01 - Daylight,Municipal (excl. Twp. Rd.),No control,unknown,0,0,0,FALSE,FALSE,FALSE,Snow,,FALSE,KEEWATIN AVE; KEEWATIN AVE ; Near; 2 M,1/30/2020 11:57:54 AM,546121.0033,4812377.01
47250,17-289837,12/23/2017 1:00:00 PM,2017,12,23,13,0,0,Saturday,541708.3499,4810677.855,-80.484538,43.44785,Non intersection,2,P.D. only,Thru lane,unknown,unknown,Other,Unknown,Daylight,01 - Daylight,Regional municipality,No control,unknown,0,0,0,FALSE,FALSE,FALSE,Snow,,FALSE,KING ST E; EBY ST N; Near,1/30/2020 11:57:53 AM,541708.3499,4810677.855
47251,17-290186,12/24/2017 12:38:00 AM,2017,12,24,0,38,0,Sunday,540973.2819,4805842.473,-80.493985,43.404353,At intersection,2,P.D. only,Within intersection,unknown,unknown,SMV other,Unknown,"Dark, artificial","08 - Dark, artificial",Municipal (excl. Twp. Rd.),Stop sign,Functioning,0,0,0,FALSE,FALSE,FALSE,Clear,,FALSE,ERINBROOK DR ; TAMVALE CRES,1/30/2020 11:57:52 AM,540973.2819,4805842.473
47252,17-290333,12/23/2017 6:00:00 PM,2017,12,23,18,0,0,Saturday,545067.1157,4807904.89,-80.443259,43.422688,At/near private drive,2,P.D. only,Thru lane,unknown,unknown,Turning movement,Unknown,"Dark, artificial","08 - Dark, artificial",Municipal (excl. Twp. Rd.),No control,unknown,0,0,0,FALSE,FALSE,FALSE,Clear,,FALSE,KINGSWAY DR; KINGSWAY DR; At,1/30/2020 11:57:51 AM,545067.1157,4807904.89
47253,17-290355,12/24/2017 10:17:00 AM,2017,12,24,10,17,0,Sunday,537215.3039,4809272.369,-80.540161,43.435432,Non intersection,2,P.D. only,Right shoulder,unknown,unknown,SMV other,Unknown,Daylight,01 - Daylight,Municipal (excl. Twp. Rd.),No control,unknown,0,0,0,FALSE,FALSE,FALSE,Clear,,FALSE,WESTFOREST TRAIL; WESTFOREST TRAIL ; At; 1 M,1/30/2020 11:57:50 AM,537215.3039,4809272.369
47254,17-290420,12/24/2017 11:50:00 AM,2017,12,24,11,50,0,Sunday,542011.0052,4810481.146,-80.480813,43.446062,At intersection,2,P.D. only,Within intersection,unknown,unknown,Angle,Unknown,Daylight,01 - Daylight,Regional municipality,Stop sign,Functioning,0,0,0,FALSE,FALSE,FALSE,Clear,,FALSE,KING ST E; CAMERON ST N,1/30/2020 11:57:49 AM,542011.0052,4810481.146
47255,17-290443,12/23/2017 7:00:00 PM,2017,12,23,19,0,0,Saturday,542438.3245,4810479.668,-80.475532,43.446025,Non intersection,2,P.D. only,Thru lane,unknown,unknown,SMV unattended vehicle,Unknown,Dark,07 - Dark,Regional municipality,No control,unknown,0,0,0,FALSE,FALSE,FALSE,Clear,,FALSE,STIRLING AVE N; WEBER ST E,1/30/2020 11:57:49 AM,542438.3245,4810479.668
47256,17-290559,12/24/2017 4:16:00 PM,2017,12,24,16,16,0,Sunday,535497.3944,4809350.055,-80.561382,43.436215,At intersection,2,P.D. only,Off highway,unknown,unknown,Angle,Unknown,Dusk,05 - Dusk,Private property,Yield sign,Not functioning,0,0,0,FALSE,FALSE,FALSE,Snow,,FALSE,THE BOARDWALK  ; THE BOARDWALK MALL LANE,1/30/2020 11:57:48 AM,535497.3944,4809350.055
47257,17-290580,12/24/2017 4:45:00 PM,2017,12,24,16,45,0,Sunday,542307.0262,4811039.352,-80.477112,43.451072,At intersection,1,Non-fatal injury,Within intersection,unknown,unknown,Angle,Unknown,Daylight,01 - Daylight,Municipal (excl. Twp. Rd.),Stop sign,Functioning,0,0,1,FALSE,FALSE,FALSE,Snow,,FALSE,KRUG ST; SAMUEL ST,1/30/2020 11:57:47 AM,542307.0262,4811039.352
47258,17-291052,12/25/2017 12:50:00 PM,2017,12,25,12,50,0,Monday,540625.7825,4800780.336,-80.498652,43.358792,Non intersection,2,P.D. only,Left shoulder,unknown,unknown,SMV other,Unknown,Daylight,01 - Daylight,Municipal (excl. Twp. Rd.),No control,unknown,0,0,0,FALSE,FALSE,FALSE,Snow,,FALSE,PLAINS RD; PLAINS RD ; Near; 10 M,1/30/2020 11:57:46 AM,540625.7825,4800780.336
47259,17-291105,12/25/2017 2:25:00 PM,2017,12,25,14,25,0,Monday,544082.0208,4803917.166,-80.455749,43.386841,Intersection related,2,P.D. only,Not on roadway - right side,unknown,unknown,SMV other,Unknown,Daylight,01 - Daylight,Municipal (excl. Twp. Rd.),Stop sign,Functioning,0,0,0,FALSE,FALSE,FALSE,Snow,,FALSE,CARYNDALE DR; BIEHN DR; Near; 15 M,1/30/2020 11:57:45 AM,544082.0208,4803917.166
47260,17-291160,12/25/2017 4:24:00 PM,2017,12,25,16,24,0,Monday,542900.1309,4803690.174,-80.470358,43.384866,Intersection related,2,P.D. only,Thru lane,unknown,unknown,SMV unattended vehicle,Unknown,Daylight,01 - Daylight,Municipal (excl. Twp. Rd.),Stop sign,Functioning,0,0,0,FALSE,FALSE,FALSE,Snow,,FALSE,NEWCASTLE DR; ROCKLIFFE DR; 25 M,1/30/2020 11:57:44 AM,542900.1309,4803690.174
47261,17-291529,12/26/2017 9:22:00 AM,2017,12,26,9,22,0,Tuesday,540964.2066,4811614.511,-80.493664,43.456325,Non intersection,2,P.D. only,Thru lane,unknown,unknown,SMV unattended vehicle,Unknown,Daylight,01 - Daylight,Municipal (excl. Twp. Rd.),No control,unknown,0,0,0,FALSE,FALSE,FALSE,Snow,,FALSE,BREITHAUPT ST; AHRENS ST W; Near; 100 M,1/30/2020 11:57:43 AM,540964.2066,4811614.511
47262,17-291575,12/26/2017 11:03:00 AM,2017,12,26,11,3,0,Tuesday,546247.7712,4808559.514,-80.428618,43.42851,Non intersection,2,P.D. only,Not on roadway - right side,unknown,unknown,SMV other,Unknown,Daylight,01 - Daylight,Municipal (excl. Twp. Rd.),No control,unknown,0,0,0,FALSE,FALSE,FALSE,Clear,,FALSE,MORGAN AVE; SOUTHILL DR ; Near; 20 M,1/30/2020 11:57:42 AM,546247.7712,4808559.514
47263,17-291658,12/25/2017 2:15:00 PM,2017,12,25,14,15,0,Monday,538784.619,4810965.701,-80.52065,43.450599,At intersection,2,P.D. only,Within intersection,unknown,unknown,Angle,Unknown,Daylight,01 - Daylight,Municipal (excl. Twp. Rd.),Stop sign,Functioning,0,0,0,FALSE,FALSE,FALSE,Snow,,FALSE,GLASGOW ST; DUNBAR RD,1/30/2020 11:57:41 AM,538784.619,4810965.701
47264,17-291671,12/24/2017 2:10:00 PM,2017,12,24,14,10,0,Sunday,540473.7457,4809718.404,-80.499867,43.439279,At/near private drive,2,Non-reportable,Thru lane,unknown,unknown,Turning movement,Unknown,Daylight,01 - Daylight,Regional municipality,No control,unknown,0,0,0,FALSE,FALSE,FALSE,Clear,,FALSE,QUEENS BLVD ; HIGHLAND RD W,1/30/2020 11:57:40 AM,540473.7457,4809718.404
47265,17-292067,12/26/2017 12:30:00 PM,2017,12,26,12,30,0,Tuesday,544247.0182,4807807.713,-80.453397,43.421862,Non intersection,2,P.D. only,Thru lane,unknown,unknown,Rear end,Unknown,Daylight,01 - Daylight,Municipal (excl. Twp. Rd.),No control,unknown,0,0,0,FALSE,FALSE,FALSE,Clear,,FALSE,TRAYNOR AVE; REYBURN AVE; Near; 100 M,1/30/2020 11:57:39 AM,544247.0182,4807807.713
47266,17-292074,12/25/2017 2:00:00 PM,2017,12,25,14,0,0,Monday,538371.6398,4807344.143,-80.526009,43.418012,At/near private drive,2,P.D. only,Thru lane,unknown,unknown,SMV unattended vehicle,Unknown,Daylight,01 - Daylight,Municipal (excl. Twp. Rd.),No control,unknown,0,0,0,FALSE,FALSE,FALSE,Clear,,FALSE,GLEN PARK CRES; GLEN PARK CRES; Near,1/30/2020 11:57:38 AM,538371.6398,4807344.143
47267,17-292082,12/27/2017 8:49:00 AM,2017,12,27,8,49,0,Wednesday,540280.9443,4809296.646,-80.502281,43.435492,Non intersection,2,P.D. only,Thru lane,unknown,unknown,SMV unattended vehicle,Unknown,Daylight,01 - Daylight,Municipal (excl. Twp. Rd.),No control,unknown,0,0,0,FALSE,FALSE,FALSE,Clear,,FALSE,BELMONT AVE E; SOUTH DR ; 100 M,1/30/2020 11:57:37 AM,540280.9443,4809296.646
47268,17-292144,12/27/2017 10:47:00 AM,2017,12,27,10,47,0,Wednesday,537360.9247,4808155.813,-80.538438,43.425371,Non intersection,2,P.D. only,Not on roadway - right side,unknown,unknown,SMV other,Unknown,Daylight,01 - Daylight,Municipal (excl. Twp. Rd.),No control,unknown,0,0,0,FALSE,FALSE,FALSE,Snow,,FALSE,BLACKWELL DR ; BLACKWELL DR ; Near; 2 M,1/30/2020 11:57:36 AM,537360.9247,4808155.813
47269,17-292232,12/26/2017 7:15:00 PM,2017,12,26,19,15,0,Tuesday,549835.8868,4805853.102,-80.384537,43.403912,At/near private drive,2,P.D. only,Two-way left turn lane,unknown,unknown,Rear end,Unknown,Dark,07 - Dark,Regional municipality,No control,unknown,0,0,0,FALSE,FALSE,FALSE,Snow,,FALSE,KING ST E; KING ST E; At,1/30/2020 11:57:35 AM,549835.8867,4805853.102
47270,17-292256,12/24/2017 4:45:00 PM,2017,12,24,16,45,0,Sunday,539631.1491,4805862.153,-80.510558,43.404602,At intersection,2,P.D. only,Within intersection,unknown,unknown,Rear end,Unknown,"Dusk, artificial","06 - Dusk, artificial",Municipal (excl. Twp. Rd.),Stop sign,Functioning,0,0,0,FALSE,FALSE,FALSE,Snow,,FALSE,MAX BECKER DR; BRIDLEWREATH ST,1/30/2020 11:57:35 AM,539631.1491,4805862.153
47271,17-292321,12/27/2017 7:00:00 AM,2017,12,27,7,0,0,Wednesday,543345.6231,4812851.423,-80.464131,43.467328,Non intersection,2,P.D. only,Thru lane,unknown,unknown,Sideswipe,Unknown,"Dark, artificial","08 - Dark, artificial",Municipal (excl. Twp. Rd.),No control,unknown,0,0,0,FALSE,FALSE,FALSE,Clear,,FALSE,SHIRLEY AVE; RIVERBEND DR; Near,1/30/2020 11:57:34 AM,543345.6231,4812851.423
47272,17-292402,12/27/2017 2:42:00 PM,2017,12,27,14,42,0,Wednesday,541168.5524,4810981.241,-80.491186,43.450612,Non intersection,2,P.D. only,Thru lane,unknown,unknown,Sideswipe,Unknown,Daylight,01 - Daylight,Regional municipality,No control,unknown,0,0,0,FALSE,FALSE,FALSE,Clear,,FALSE,KING ST W; KING ST W; Near,1/30/2020 11:57:33 AM,541168.5524,4810981.241
47273,17-292443,12/27/2017 4:30:00 PM,2017,12,27,16,30,0,Wednesday,541961.6366,4810687.319,-80.481407,43.447921,Non intersection,2,P.D. only,Thru lane,unknown,unknown,Sideswipe,Unknown,Daylight,01 - Daylight,Municipal (excl. Twp. Rd.),No control,unknown,0,0,0,FALSE,FALSE,FALSE,Clear,,FALSE,DUKE ST E; CEDAR ST N; Near; 100 M,1/30/2020 11:57:32 AM,541961.6366,4810687.319
47274,17-292516,12/27/2017 4:00:00 PM,2017,12,27,16,0,0,Wednesday,540968.0293,4811204.371,-80.493648,43.452632,Non intersection,2,P.D. only,Thru lane,unknown,unknown,SMV unattended vehicle,Unknown,Daylight,01 - Daylight,Municipal (excl. Twp. Rd.),No control,unknown,0,0,0,FALSE,FALSE,FALSE,Snow,,FALSE,DUKE ST W; DUKE ST W; Near,1/30/2020 11:57:31 AM,540968.0293,4811204.371
47275,17-292770,12/27/2017 10:30:00 AM,2017,12,27,10,30,0,Wednesday,543420.124,4811355.082,-80.46333,43.453851,At/near private drive,2,P.D. only,Thru lane,unknown,unknown,Other,Unknown,Daylight,01 - Daylight,Municipal (excl. Twp. Rd.),No control,unknown,0,0,0,FALSE,FALSE,FALSE,Clear,,FALSE,LAYTON ST; LAYTON ST ; At; 2 M,1/30/2020 11:57:30 AM,543420.124,4811355.082
47276,17-292803,12/28/2017 9:30:00 AM,2017,12,28,9,30,0,Thursday,541225.3373,4811868.461,-80.490417,43.458597,At intersection,2,P.D. only,Within intersection,unknown,unknown,Turning movement,Unknown,Daylight,01 - Daylight,Municipal (excl. Twp. Rd.),Traffic signal,Functioning,0,0,0,FALSE,FALSE,FALSE,Clear,,FALSE,MARGARET AVE ; WELLINGTON ST N,1/30/2020 11:57:29 AM,541225.3373,4811868.461
47277,17-292935,12/25/2017 7:00:00 PM,2017,12,25,19,0,0,Monday,544437.1534,4808716.572,-80.450975,43.430034,Non intersection,2,P.D. only,Right shoulder,unknown,unknown,SMV unattended vehicle,Unknown,Other,99 - Other,Municipal (excl. Twp. Rd.),No control,unknown,0,0,0,FALSE,FALSE,FALSE,Snow,,FALSE,CONNAUGHT ST ; FRANKLIN ST S; Near; 5 M,1/30/2020 11:57:28 AM,544437.1534,4808716.572
47278,17-293050,12/23/2017 2:00:00 PM,2017,12,23,14,0,0,Saturday,545049.2555,4810838.304,-80.443237,43.449102,Intersection related,2,P.D. only,Thru lane,unknown,unknown,Rear end,Unknown,Daylight,01 - Daylight,Municipal (excl. Twp. Rd.),Traffic signal,Functioning,0,0,0,FALSE,FALSE,FALSE,Snow,,FALSE,RIVER RD E; HOLBORN DR,1/30/2020 11:57:27 AM,545049.2555,4810838.304
47279,17-293083,12/28/2017 4:42:00 PM,2017,12,28,16,42,0,Thursday,544116.8297,4811894.485,-80.454675,43.458667,Intersection related,2,P.D. only,Thru lane,unknown,unknown,Rear end,Unknown,Daylight,01 - Daylight,Municipal (excl. Twp. Rd.),Stop sign,Functioning,0,0,0,FALSE,FALSE,FALSE,Clear,,FALSE,MANCHESTER RD; RIVER RD E; At; 5 M,1/30/2020 11:57:26 AM,544116.8297,4811894.485
47280,17-293130,12/28/2017 6:15:00 PM,2017,12,28,18,15,0,Thursday,543988.5134,4807776.392,-80.456593,43.421595,At intersection,2,P.D. only,Within intersection,unknown,unknown,Turning movement,Unknown,Dark,07 - Dark,Municipal (excl. Twp. Rd.),Stop sign,Functioning,0,0,0,FALSE,FALSE,FALSE,Clear,,FALSE,VANIER DR; SIEBERT AVE,1/30/2020 11:57:26 AM,543988.5134,4807776.392
47281,17-293620,12/28/2017 10:00:00 PM,2017,12,28,22,0,0,Thursday,539404.36,4810384.098,-80.513033,43.44533,Intersection related,1,Non-fatal injury,Thru lane,unknown,unknown,Rear end,Unknown,"Dark, artificial","08 - Dark, artificial",Regional municipality,Stop sign,Functioning,0,0,0,FALSE,FALSE,FALSE,Clear,,FALSE,BELMONT AVE W; KARN ST,1/30/2020 11:57:25 AM,539404.36,4810384.098
47282,17-293684,12/29/2017 2:29:00 PM,2017,12,29,14,29,0,Friday,539108.4738,4809032.368,-80.516786,43.433175,At intersection,2,P.D. only,Within intersection,unknown,unknown,Turning movement,Unknown,Daylight,01 - Daylight,Municipal (excl. Twp. Rd.),Stop sign,Functioning,0,0,0,FALSE,FALSE,FALSE,Clear,,FALSE,OVERLEA CRT ; OVERLEA DR,1/30/2020 11:57:24 AM,539108.4738,4809032.368
47283,17-293704,12/29/2017 4:00:00 AM,2017,12,29,4,0,0,Friday,544036.9242,4809306.98,-80.455872,43.435374,Non intersection,2,P.D. only,Not on roadway - left side,unknown,unknown,SMV other,Unknown,Dark,07 - Dark,Municipal (excl. Twp. Rd.),No control,unknown,0,0,0,FALSE,FALSE,FALSE,Freezing Rain,,FALSE,FIRST AVE; KINGSWAY DR; At,1/30/2020 11:57:23 AM,544036.9242,4809306.98
47284,17-293708,12/28/2017 7:30:00 PM,2017,12,28,19,30,0,Thursday,539538.1449,4805460.922,-80.511736,43.400994,Non intersection,2,Non-reportable,Thru lane,unknown,unknown,Sideswipe,Unknown,"Dark, artificial","08 - Dark, artificial",Municipal (excl. Twp. Rd.),No control,unknown,0,0,0,FALSE,FALSE,FALSE,Snow,,FALSE,PERIWINKLE ST; PERIWINKLE ST,1/30/2020 11:57:22 AM,539538.1449,4805460.922
47285,17-293734,12/29/2017 7:20:00 AM,2017,12,29,7,20,0,Friday,539597.2512,4805611.39,-80.510995,43.402346,At/near private drive,2,P.D. only,Right shoulder,unknown,unknown,SMV unattended vehicle,Unknown,Dawn,03 - Dawn,Municipal (excl. Twp. Rd.),No control,unknown,0,0,0,FALSE,FALSE,FALSE,Snow,,FALSE,ACTIVA AVE; ACTIVA AVE ; Near; 4 M,1/30/2020 11:57:21 AM,539597.2512,4805611.39
47286,17-293862,12/29/2017 6:42:00 PM,2017,12,29,18,42,0,Friday,541182.767,4811961.704,-80.490937,43.459439,Intersection related,2,P.D. only,Not on roadway - left side,unknown,unknown,SMV other,Unknown,"Daylight, artificial","02 - Daylight, artificial",Municipal (excl. Twp. Rd.),Stop sign,Functioning,0,0,0,FALSE,FALSE,FALSE,Snow,,FALSE,LOUISA ST; MARGARET AVE,1/30/2020 11:57:20 AM,541182.767,4811961.704
47287,17-294076,12/30/2017 1:50:00 AM,2017,12,30,1,50,0,Saturday,540590.7701,4809506.623,-80.498437,43.437366,Non intersection,2,P.D. only,Left shoulder,unknown,unknown,SMV unattended vehicle,Unknown,"Dark, artificial","08 - Dark, artificial",Municipal (excl. Twp. Rd.),No control,unknown,0,0,0,FALSE,FALSE,FALSE,Snow,,FALSE,PLEASANT AVE; PLEASANT AVE ; Near; 14 M,1/30/2020 11:57:19 AM,540590.7701,4809506.623
47288,17-294238,12/30/2017 9:00:00 AM,2017,12,30,9,0,0,Saturday,545337.6463,4811331.871,-80.439632,43.453528,At/near private drive,2,P.D. only,Thru lane,unknown,unknown,Other,Unknown,Daylight,01 - Daylight,Municipal (excl. Twp. Rd.),No control,unknown,0,0,0,FALSE,FALSE,FALSE,Clear,,FALSE,MONTCALM DR; MONTCALM DR; At,1/30/2020 11:57:18 AM,545337.6463,4811331.871
47289,17-294334,12/30/2017 11:00:00 AM,2017,12,30,11,0,0,Saturday,541860.4446,4810723.101,-80.482655,43.448249,At/near private drive,2,P.D. only,Thru lane,unknown,unknown,Turning movement,Unknown,Daylight,01 - Daylight,Municipal (excl. Twp. Rd.),No control,unknown,0,0,0,FALSE,FALSE,FALSE,Clear,,FALSE,CEDAR ST N; CEDAR ST N; At,1/30/2020 11:57:17 AM,541860.4446,4810723.101
47290,17-294413,12/28/2017 10:00:00 PM,2017,12,28,22,0,0,Thursday,539524.66,4805970.841,-80.511866,43.405586,At/near private drive,2,P.D. only,Off highway,unknown,unknown,SMV unattended vehicle,Unknown,"Dark, artificial","08 - Dark, artificial",Private property,No control,unknown,0,0,0,FALSE,FALSE,FALSE,Clear,,FALSE,MAX BECKER DR; MAX BECKER DR; At; 0 M,1/30/2020 11:57:16 AM,539524.66,4805970.841