OBJECTID,ACCIDENTNUM,ACCIDENTDATE,ACCIDENT_YEAR,ACCIDENT_MONTH,ACCIDENT_DAY,ACCIDENT_HOUR,ACCIDENT_MINUTE,ACCIDENT_SECOND,ACCIDENT_WEEKDAY,XCOORD,YCOORD,LONGITUDE,LATITUDE,ACCIDENTLOCATION,COLLISIONTYPE,CLASSIFICATIONOFACCIDENT,IMPACTLOCATION,INITIALDIRECTIONOFTRAVELONE,INITIALDIRECTIONOFTRAVELTWO,INITIALIMPACTTYPE,INTTRAFFICCONTROL,LIGHT,LIGHTFORREPORT,ROADJURISDICTION,TRAFFICCONTROL,TRAFFICCONTROLCONDITION,THRULANENO,NORTHBOUNDDISOBEYCOUNT,SOUTHBOUNDDISOBEYCOUNT,PEDESTRIANINVOLVED,CYCLISTINVOLVED,MOTORCYCLISTINVOLVED,ENVIRONMENTCONDITION1,ENVIRONMENTCONDITION2,SELFREPORTED,XMLIMPORTNOTES,LASTEDITEDDATE,x,y
47291,17-294786,12/31/2017 3:11:00 AM,2017,12,31,3,11,0,Sunday,538181.253,4808951.891,-80.528248,43.432498,At/near private drive,2,P.D. only,Not on roadway - left side,unknown,unknown,SMV other,Unknown,"Dark, artificial","08 - Dark, artificial",Municipal (excl. Twp. Rd.),No control,unknown,0,0,0,FALSE,FALSE,FALSE,Clear,,FALSE,BANKSIDE DR; BANKSIDE DR; At; 1 M,1/30/2020 11:57:15 AM,538181.253,4808951.891
47292,17-294818,12/31/2017 7:04:00 AM,2017,12,31,7,4,0,Sunday,540718.0629,4812605.214,-80.496633,43.465259,Non intersection,2,unknown,Not on roadway - right side,unknown,unknown,SMV other,Unknown,Dark,07 - Dark,Municipal (excl. Twp. Rd.),No control,unknown,0,0,0,FALSE,FALSE,FALSE,Clear,,FALSE,MARGARET AVE; HARTWOOD AVE ; Near; 100 M,1/30/2020 11:57:14 AM,540718.0629,4812605.214
47293,17-294840,12/30/2017 9:30:00 PM,2017,12,30,21,30,0,Saturday,541068,4811108,0,0,At/near private drive,2,P.D. only,Thru lane,unknown,unknown,SMV unattended vehicle,Unknown,Dark,07 - Dark,Municipal (excl. Twp. Rd.),No control,unknown,0,0,0,FALSE,FALSE,FALSE,Clear,,FALSE,STILLWATER ST; STILLWATER ST,1/30/2020 11:57:13 AM,541068,4811108
47294,17-295058,12/30/2017 10:00:00 PM,2017,12,30,22,0,0,Saturday,541621.3607,4810541.623,-80.485624,43.446629,Non intersection,2,P.D. only,Thru lane,unknown,unknown,SMV unattended vehicle,Unknown,"Dark, artificial","08 - Dark, artificial",Municipal (excl. Twp. Rd.),No control,unknown,0,0,0,FALSE,FALSE,FALSE,Clear,,FALSE,EBY ST S; CHARLES ST E; Near; 1 M,1/30/2020 11:57:12 AM,541621.3607,4810541.623
47295,17-295080,12/31/2017 12:00:00 PM,2017,12,31,12,0,0,Sunday,541707.2825,4810765.845,-80.484545,43.448643,At/near private drive,2,P.D. only,Thru lane,unknown,unknown,Other,Unknown,Daylight,01 - Daylight,Municipal (excl. Twp. Rd.),No control,unknown,0,0,0,FALSE,FALSE,FALSE,Clear,,FALSE,MARKET LANE ; KING ST E; At; 1 M,1/30/2020 11:57:11 AM,541707.2825,4810765.845
47296,17-295100,12/31/2017 2:30:00 PM,2017,12,31,14,30,0,Sunday,541360.9192,4808642.317,-80.488986,43.429542,Non intersection,2,Non-reportable,Thru lane,unknown,unknown,Rear end,Unknown,Daylight,01 - Daylight,Regional municipality,No control,unknown,0,0,0,FALSE,FALSE,FALSE,Clear,,FALSE,HOFFMAN ST ; HOMER WATSON BLVD ; Near,1/30/2020 11:57:10 AM,541360.9192,4808642.317
47297,17-295166,12/31/2017 5:30:00 PM,2017,12,31,17,30,0,Sunday,541045.091,4812101.119,-80.492628,43.460702,Non intersection,2,P.D. only,Right shoulder,unknown,unknown,SMV other,Unknown,"Dark, artificial","08 - Dark, artificial",Municipal (excl. Twp. Rd.),No control,unknown,0,0,0,FALSE,FALSE,FALSE,Clear,,FALSE,MARGARET AVE; MARGARET AVE; At; 5 M,1/30/2020 11:57:09 AM,541045.091,4812101.119
47298,17-295175,12/31/2017 5:47:00 PM,2017,12,31,17,47,0,Sunday,541278.833,4811035.537,-80.489819,43.451095,Non intersection,2,P.D. only,Thru lane,unknown,unknown,SMV unattended vehicle,Unknown,"Daylight, artificial","02 - Daylight, artificial",Municipal (excl. Twp. Rd.),No control,unknown,0,0,0,FALSE,FALSE,FALSE,Clear,,FALSE,ONTARIO ST N; ONTARIO ST N; Near; 3 M,1/30/2020 11:57:08 AM,541278.833,4811035.537
47299,18-000057,1/1/2018 1:17:00 AM,2018,1,1,1,17,0,Monday,539568.8895,4805603.853,-80.511346,43.40228,Non intersection,2,P.D. only,Thru lane,unknown,unknown,Approaching,Unknown,Dark,07 - Dark,Municipal (excl. Twp. Rd.),No control,unknown,0,0,0,FALSE,FALSE,FALSE,Snow,,FALSE,ACTIVA AVE; PERIWINKLE ST ; Near; 100 M,1/30/2020 11:57:07 AM,539568.8895,4805603.854
47300,18-000427,1/1/2018 2:17:00 PM,2018,1,1,14,17,0,Monday,538913.1922,4806068.924,-80.51941,43.406502,Non intersection,2,P.D. only,Thru lane,unknown,unknown,Sideswipe,Unknown,Daylight,01 - Daylight,Municipal (excl. Twp. Rd.),No control,unknown,0,0,0,FALSE,FALSE,FALSE,Clear,,FALSE,PEACH BLOSSOM CRES; PEACH BLOSSOM CRES ; 12 M,1/30/2020 11:57:07 AM,538913.1922,4806068.924
47301,18-000733,1/2/2018 1:30:00 AM,2018,1,2,1,30,0,Tuesday,541556.2133,4808624.93,-80.486575,43.429374,Non intersection,2,P.D. only,Off highway,unknown,unknown,SMV other,Unknown,Dark,07 - Dark,Regional municipality,No control,unknown,0,0,0,FALSE,FALSE,FALSE,Snow,,FALSE,HIGHLAND RD E; HIGHLAND RD E; Near; 20 M,1/30/2020 11:57:06 AM,541556.2133,4808624.93
47302,18-000833,12/30/2017 7:00:00 PM,2017,12,30,19,0,0,Saturday,545429.6887,4808919.673,-80.438695,43.431803,At/near private drive,2,Non-reportable,Thru lane,unknown,unknown,Rear end,Unknown,"Dusk, artificial","06 - Dusk, artificial",Regional municipality,No control,unknown,0,0,0,FALSE,FALSE,FALSE,Clear,,FALSE,KINZIE AVE; WEBER ST E; Near,1/30/2020 11:57:05 AM,545429.6887,4808919.673
47303,18-000877,1/2/2018 8:55:00 AM,2018,1,2,8,55,0,Tuesday,544719.7519,4809291.454,-80.447436,43.435193,At/near private drive,2,Non-reportable,Right shoulder,unknown,unknown,SMV unattended vehicle,Unknown,Daylight,01 - Daylight,Municipal (excl. Twp. Rd.),No control,unknown,0,0,0,FALSE,FALSE,FALSE,Clear,,FALSE,FRANKLIN ST N; FRANKLIN ST N; Near,1/30/2020 11:57:04 AM,544719.7519,4809291.454
47304,18-000918,1/1/2018 2:00:00 PM,2018,1,1,14,0,0,Monday,545680.7721,4803723.744,-80.436027,43.385004,At/near private drive,2,P.D. only,Thru lane,unknown,unknown,Other,Unknown,Daylight,01 - Daylight,Municipal (excl. Twp. Rd.),No control,unknown,0,0,0,FALSE,FALSE,FALSE,Clear,,FALSE,APPLE RIDGE DR; APPLE RIDGE DR; Near,1/30/2020 11:57:03 AM,545680.7721,4803723.744
47305,18-000942,1/2/2018 8:00:00 AM,2018,1,2,8,0,0,Tuesday,540086.4697,4812032.166,-80.504482,43.460133,Non intersection,2,P.D. only,Right shoulder,unknown,unknown,SMV other,Unknown,Daylight,01 - Daylight,Municipal (excl. Twp. Rd.),No control,unknown,0,0,0,FALSE,FALSE,FALSE,Snow,,FALSE,DEKAY ST; DEKAY ST ; Near,1/30/2020 11:57:02 AM,540086.4697,4812032.166
47306,18-001193,1/2/2018 5:15:00 PM,2018,1,2,17,15,0,Tuesday,542473.188,4812922.174,-80.474911,43.468015,Intersection related,2,P.D. only,Not on roadway - right side,unknown,unknown,SMV other,Unknown,"Dusk, artificial","06 - Dusk, artificial",Municipal (excl. Twp. Rd.),Stop sign,Functioning,0,0,0,FALSE,FALSE,FALSE,Snow,,FALSE,SPRING VALLEY RD; GUELPH ST; 30 M,1/30/2020 11:57:01 AM,542473.188,4812922.174
47307,18-001221,12/15/2017 8:00:00 AM,2017,12,15,8,0,0,Friday,541226.3046,4811867.509,-80.490406,43.458589,Intersection related,2,P.D. only,Thru lane,unknown,unknown,Rear end,Unknown,Daylight,01 - Daylight,Municipal (excl. Twp. Rd.),Traffic signal,Functioning,0,0,0,FALSE,FALSE,FALSE,Clear,,FALSE,WELLINGTON ST N; MARGARET AVE; At,1/30/2020 11:57:00 AM,541226.3046,4811867.509
47308,18-001252,1/2/2018 6:40:00 PM,2018,1,2,18,40,0,Tuesday,535508.0394,4809337.652,-80.561251,43.436103,At/near private drive,2,P.D. only,Thru lane,unknown,unknown,Angle,Unknown,Dark,07 - Dark,Municipal (excl. Twp. Rd.),Stop sign,Functioning,0,0,0,FALSE,FALSE,FALSE,Clear,,FALSE,THE BOARDWALK  ; THE BOARDWALK MALL LANE ; At; 0 M,1/30/2020 11:56:59 AM,535508.0394,4809337.652
47309,18-001302,1/2/2018 4:45:00 PM,2018,1,2,16,45,0,Tuesday,546322.6973,4814216.974,-80.427212,43.479445,Non intersection,2,P.D. only,Thru lane,unknown,unknown,Approaching,Unknown,Daylight,01 - Daylight,Municipal (excl. Twp. Rd.),No control,unknown,0,0,0,FALSE,FALSE,FALSE,Clear,,FALSE,SHIRLEY DR; RIVERVIEW PL; Near,1/30/2020 11:56:58 AM,546322.6973,4814216.974
47310,18-001813,1/3/2018 1:47:00 PM,2018,1,3,13,47,0,Wednesday,541068,4811108,0,0,At intersection,2,P.D. only,Within intersection,unknown,unknown,Angle,Unknown,Daylight,01 - Daylight,Municipal (excl. Twp. Rd.),Stop sign,Functioning,0,1,0,FALSE,FALSE,FALSE,Snow,,FALSE,GUELPH ST; SPRING VALLEY RD,1/30/2020 11:56:57 AM,541068,4811108
47311,18-001967,1/3/2018 8:55:00 AM,2018,1,3,8,55,0,Wednesday,539912.519,4811055.623,-80.506704,43.45135,At railway crossing,2,P.D. only,Thru lane,unknown,unknown,Sideswipe,Unknown,Daylight,01 - Daylight,Municipal (excl. Twp. Rd.),Traffic signal,Functioning,0,0,0,FALSE,FALSE,FALSE,Clear,,FALSE,PARK ST; CN RAIL,1/30/2020 11:56:56 AM,539912.519,4811055.623
47312,18-002485,1/3/2018 6:00:00 PM,2018,1,3,18,0,0,Wednesday,541068,4811108,0,0,At/near private drive,2,P.D. only,Thru lane,unknown,unknown,SMV unattended vehicle,Unknown,"Dark, artificial","08 - Dark, artificial",Municipal (excl. Twp. Rd.),No control,unknown,0,0,0,FALSE,FALSE,FALSE,Snow,,FALSE,PIETER VOS DR; PIETER VOS DR; Near,1/30/2020 11:56:55 AM,541068,4811108
47313,18-002544,1/4/2018 12:50:00 PM,2018,1,4,12,50,0,Thursday,538344.4178,4806587.066,-80.526398,43.411196,At/near private drive,2,P.D. only,Right shoulder,unknown,unknown,SMV unattended vehicle,Unknown,Daylight,01 - Daylight,Municipal (excl. Twp. Rd.),No control,unknown,0,0,0,FALSE,FALSE,FALSE,Clear,,FALSE,FOXGLOVE CRES; FOXGLOVE CRES ; Near,1/30/2020 11:56:54 AM,538344.4178,4806587.066
47314,18-002736,1/4/2018 5:15:00 PM,2018,1,4,17,15,0,Thursday,540703.8301,4812254.47,-80.496835,43.462102,Intersection related,2,P.D. only,Thru lane,unknown,unknown,Rear end,Unknown,Dusk,05 - Dusk,Municipal (excl. Twp. Rd.),Stop sign,Functioning,0,0,0,FALSE,FALSE,FALSE,Clear,,FALSE,GUELPH ST; AHRENS ST W; At,1/30/2020 11:56:53 AM,540703.8301,4812254.47
47315,18-002743,1/4/2018 5:26:00 PM,2018,1,4,17,26,0,Thursday,549157.4624,4806313.188,-80.392874,43.408099,At/near private drive,2,P.D. only,Two-way left turn lane,unknown,unknown,Turning movement,Unknown,Daylight,01 - Daylight,Municipal (excl. Twp. Rd.),No control,unknown,0,0,0,FALSE,FALSE,FALSE,Clear,,FALSE,GATEWAY PARK DR ; GATEWAY PARK DR ; At; 3 M,1/30/2020 11:56:52 AM,549157.4624,4806313.188
47316,18-002790,1/4/2018 4:10:00 PM,2018,1,4,16,10,0,Thursday,543067.5426,4807438.375,-80.467996,43.418605,At intersection,2,P.D. only,Within intersection,unknown,unknown,Angle,Unknown,Daylight,01 - Daylight,Municipal (excl. Twp. Rd.),Yield sign,Functioning,0,0,0,FALSE,FALSE,FALSE,Clear,,FALSE,FALLOWFIELD DR; BLOCK LINE RD,1/30/2020 11:56:52 AM,543067.5426,4807438.375
47317,18-002840,1/4/2018 7:10:00 PM,2018,1,4,19,10,0,Thursday,545771.789,4808634.292,-80.434493,43.429213,At/near private drive,1,Non-fatal injury,Thru lane,unknown,unknown,Turning movement,Unknown,"Dark, artificial","08 - Dark, artificial",Regional municipality,No control,unknown,0,0,0,FALSE,FALSE,FALSE,Clear,,FALSE,KING ST E; KING ST E; 2 M,1/30/2020 11:56:51 AM,545771.789,4808634.293
47318,18-002906,1/4/2018 8:45:00 PM,2018,1,4,20,45,0,Thursday,540172.5288,4809412.924,-80.503612,43.436545,Intersection related,2,P.D. only,Thru lane,unknown,unknown,Sideswipe,Unknown,"Dark, artificial","08 - Dark, artificial",Municipal (excl. Twp. Rd.),Traffic signal,Functioning,0,0,0,FALSE,FALSE,FALSE,Clear,,FALSE,QUEENS BLVD; BELMONT AVE E,1/30/2020 11:56:50 AM,540172.5288,4809412.924
47319,18-003124,1/2/2018 8:35:00 AM,2018,1,2,8,35,0,Tuesday,544559.2947,4811737.44,-80.449219,43.457227,Intersection related,2,Non-reportable,Right turn lane,unknown,unknown,Rear end,Unknown,Daylight,01 - Daylight,Regional municipality,Traffic signal,Functioning,0,0,0,FALSE,FALSE,FALSE,Clear,,FALSE,LORRAINE AVE; RIVER RD E,1/30/2020 11:56:49 AM,544559.2947,4811737.44
47320,18-003159,1/5/2018 9:38:00 AM,2018,1,5,9,38,0,Friday,545535.8539,4811448.108,-80.437173,43.454563,At/near private drive,2,P.D. only,Thru lane,unknown,unknown,SMV unattended vehicle,Unknown,Daylight,01 - Daylight,Municipal (excl. Twp. Rd.),No control,unknown,0,0,0,FALSE,FALSE,FALSE,Clear,,FALSE,MCGEE AVE; MCGEE AVE ; 10 M,1/30/2020 11:56:48 AM,545535.8539,4811448.108
47321,18-003387,1/5/2018 2:01:00 PM,2018,1,5,14,1,0,Friday,542414.1001,4812897.639,-80.475644,43.467798,At/near private drive,2,P.D. only,Thru lane,unknown,unknown,Turning movement,Unknown,Daylight,01 - Daylight,Municipal (excl. Twp. Rd.),No control,unknown,0,0,0,FALSE,FALSE,FALSE,Clear,,FALSE,GUELPH ST; GUELPH ST ; At; 5 M,1/30/2020 11:56:47 AM,542414.1001,4812897.639
47322,18-003666,1/5/2018 6:55:00 PM,2018,1,5,18,55,0,Friday,544883.141,4804849.276,-80.445782,43.395186,At intersection,2,P.D. only,Within intersection,unknown,unknown,Rear end,Unknown,"Dark, artificial","08 - Dark, artificial",Municipal (excl. Twp. Rd.),Traffic signal,Functioning,0,0,0,FALSE,FALSE,FALSE,Clear,,FALSE,DOON VILLAGE RD; PIONEER DR,1/30/2020 11:56:46 AM,544883.141,4804849.276
47323,18-003979,1/5/2018 11:45:00 PM,2018,1,5,23,45,0,Friday,546660.1182,4807899.336,-80.423581,43.422541,Non intersection,2,P.D. only,Thru lane,unknown,unknown,SMV other,Unknown,"Dark, artificial","08 - Dark, artificial",Municipal (excl. Twp. Rd.),No control,unknown,0,0,0,FALSE,FALSE,FALSE,Clear,,FALSE,HIDDEN VALLEY RD; HIDDEN VALLEY RD ; Near,1/30/2020 11:56:45 AM,546660.1182,4807899.337
47324,18-004100,1/6/2018 12:00:00 PM,2018,1,6,12,0,0,Saturday,541931.1672,4808025.572,-80.481988,43.423957,At/near private drive,2,P.D. only,Thru lane,unknown,unknown,SMV unattended vehicle,Unknown,Daylight,01 - Daylight,Municipal (excl. Twp. Rd.),No control,unknown,0,0,0,FALSE,FALSE,FALSE,Clear,,FALSE,FLINT DR; FLINT DR,1/30/2020 11:56:44 AM,541931.1672,4808025.572
47325,18-004387,1/6/2018 7:47:00 PM,2018,1,6,19,47,0,Saturday,543215.9816,4804530.386,-80.466393,43.392413,At intersection,2,P.D. only,Within intersection,unknown,unknown,SMV other,Unknown,"Daylight, artificial","02 - Daylight, artificial",Regional municipality,Yield sign,Functioning,0,0,0,FALSE,FALSE,FALSE,Clear,,FALSE,HURON RD ; STRASBURG RD,1/30/2020 11:56:43 AM,543215.9816,4804530.386
47326,18-004701,1/6/2018 6:00:00 PM,2018,1,6,18,0,0,Saturday,540752.3573,4808645.041,-80.496504,43.429599,Intersection related,2,Non-reportable,Thru lane,unknown,unknown,Sideswipe,Unknown,"Dark, artificial","08 - Dark, artificial",Municipal (excl. Twp. Rd.),Stop sign,Functioning,0,0,0,FALSE,FALSE,FALSE,Clear,,FALSE,STIRLING AVE S; GREENBROOK DR,1/30/2020 11:56:42 AM,540752.3573,4808645.041
47327,18-004745,1/6/2018 6:30:00 PM,2018,1,6,18,30,0,Saturday,540405.2073,4806336.854,-80.500964,43.408835,At/near private drive,2,P.D. only,Thru lane,unknown,unknown,SMV unattended vehicle,Unknown,"Dusk, artificial","06 - Dusk, artificial",Municipal (excl. Twp. Rd.),No control,unknown,0,0,0,FALSE,FALSE,FALSE,Clear,,FALSE,HIGHBROOK ST; HIGHBROOK ST; Near,1/30/2020 11:56:42 AM,540405.2073,4806336.854
47328,18-004788,1/6/2018 4:49:00 PM,2018,1,6,16,49,0,Saturday,544958.8762,4811033.876,-80.444338,43.450868,Non intersection,2,P.D. only,Thru lane,unknown,unknown,Rear end,Unknown,Daylight,01 - Daylight,Municipal (excl. Twp. Rd.),No control,unknown,0,0,0,FALSE,FALSE,FALSE,Clear,,FALSE,RIVER RD E; OTTAWA ST N; Near,1/30/2020 11:56:41 AM,544958.8762,4811033.876
47329,18-004861,1/6/2018 4:00:00 PM,2018,1,6,16,0,0,Saturday,544655.6029,4812343.699,-80.447979,43.46268,At/near private drive,2,P.D. only,Thru lane,unknown,unknown,SMV unattended vehicle,Unknown,Daylight,01 - Daylight,Municipal (excl. Twp. Rd.),No control,unknown,0,0,0,FALSE,FALSE,FALSE,Clear,,FALSE,CHAMPLAIN CRES; CHAMPLAIN CRES; Near,1/30/2020 11:56:40 AM,544655.6029,4812343.699
47330,18-004899,1/6/2018 11:20:00 PM,2018,1,6,23,20,0,Saturday,537133.1992,4808569.976,-80.541223,43.429112,At/near private drive,2,P.D. only,Thru lane,unknown,unknown,SMV unattended vehicle,Unknown,"Dark, artificial","08 - Dark, artificial",Municipal (excl. Twp. Rd.),No control,unknown,0,0,0,FALSE,FALSE,FALSE,Clear,,FALSE,HOLLYRIDGE CRES; HOLLYRIDGE CRES,1/30/2020 11:56:38 AM,537133.1992,4808569.976
47331,18-005633,1/8/2018 1:50:00 PM,2018,1,8,13,50,0,Monday,541158.0057,4810823.999,-80.491329,43.449197,At/near private drive,2,P.D. only,Thru lane,unknown,unknown,Turning movement,Unknown,Daylight,01 - Daylight,Municipal (excl. Twp. Rd.),No control,unknown,0,0,0,FALSE,FALSE,FALSE,Snow,,FALSE,ONTARIO ST S; JOSEPH ST ; Near; 10 M,1/30/2020 11:56:38 AM,541158.0057,4810823.999
47332,18-005728,1/8/2018 3:54:00 PM,2018,1,8,15,54,0,Monday,544562.0003,4811742.308,-80.449185,43.45727,At intersection,1,Non-fatal injury,Within intersection,unknown,unknown,Turning movement,Unknown,Dusk,05 - Dusk,Regional municipality,Traffic signal,Functioning,0,0,0,FALSE,FALSE,FALSE,Clear,,FALSE,RIVER RD E; LORRAINE AVE ; 8 M,1/30/2020 11:56:37 AM,544562.0003,4811742.308
47333,18-005764,1/8/2018 4:35:00 PM,2018,1,8,16,35,0,Monday,535677.4964,4809478.898,-80.559148,43.437367,Intersection related,2,P.D. only,Thru lane,unknown,unknown,Sideswipe,Unknown,Daylight,01 - Daylight,Regional municipality,No control,unknown,0,0,0,FALSE,FALSE,FALSE,Snow,,FALSE,UNIVERSITY AVE W; IRA NEEDLES BLVD ; 50 M,1/30/2020 11:56:35 AM,535677.4964,4809478.898
47334,18-005786,1/8/2018 4:10:00 PM,2018,1,8,16,10,0,Monday,545020.1673,4802551.459,-80.444279,43.374488,At/near private drive,2,Non-reportable,Thru lane,unknown,unknown,SMV unattended vehicle,Unknown,Daylight,01 - Daylight,Regional municipality,No control,unknown,0,0,0,FALSE,FALSE,FALSE,Snow,,FALSE,MOORLANDS CRES; MOORLANDS CRES ; Near,1/30/2020 11:56:35 AM,545020.1673,4802551.459
47335,18-005824,1/8/2018 6:13:00 AM,2018,1,8,6,13,0,Monday,542106.4691,4807135.594,-80.479891,43.415933,Intersection related,2,P.D. only,Thru lane,unknown,unknown,Rear end,Unknown,"Dark, artificial","08 - Dark, artificial",Regional municipality,Traffic signal,Functioning,0,0,0,FALSE,FALSE,FALSE,Snow,,FALSE,STRASBURG RD; BLOCK LINE RD,1/30/2020 11:56:34 AM,542106.4691,4807135.594
47336,18-006079,1/9/2018 5:46:00 AM,2018,1,9,5,46,0,Tuesday,540981.1664,4809542.014,-80.49361,43.437663,Non intersection,2,P.D. only,Not on roadway - right side,unknown,unknown,SMV other,Unknown,Dark,07 - Dark,Municipal (excl. Twp. Rd.),No control,unknown,0,0,0,FALSE,FALSE,FALSE,Snow,,FALSE,LORNE CRES; DELAWARE AVE ; Near; 40 M,1/30/2020 11:56:33 AM,540981.1663,4809542.014
47337,18-006086,1/9/2018 6:19:00 AM,2018,1,9,6,19,0,Tuesday,541183.4229,4811962.092,-80.490928,43.459443,Intersection related,2,P.D. only,Not on roadway - right side,unknown,unknown,SMV other,Unknown,"Daylight, artificial","02 - Daylight, artificial",Regional municipality,Stop sign,Functioning,0,0,0,FALSE,FALSE,FALSE,Clear,,FALSE,MARGARET AVE; LOUISA ST,1/30/2020 11:56:32 AM,541183.4229,4811962.092
47338,18-006405,1/9/2018 1:55:00 PM,2018,1,9,13,55,0,Tuesday,540746.115,4809799.873,-80.496495,43.439998,Non intersection,1,Non-fatal injury,Thru lane,unknown,unknown,SMV other,Unknown,Daylight,01 - Daylight,Municipal (excl. Twp. Rd.),No control,unknown,0,0,0,FALSE,FALSE,FALSE,Clear,,FALSE,RUBY ST; HIGHLAND RD W; 42 M,1/30/2020 11:56:31 AM,540746.115,4809799.873
47339,18-006431,1/8/2018 5:00:00 PM,2018,1,8,17,0,0,Monday,537731.1569,4807873.52,-80.533884,43.422811,At/near private drive,2,P.D. only,Thru lane,unknown,unknown,SMV unattended vehicle,Unknown,"Dusk, artificial","06 - Dusk, artificial",Municipal (excl. Twp. Rd.),No control,unknown,0,0,0,FALSE,FALSE,FALSE,Snow,,FALSE,AUTUMN HILL CRES; AUTUMN HILL CRES,1/30/2020 11:56:30 AM,537731.1569,4807873.52
47340,18-006908,1/10/2018 7:56:00 AM,2018,1,10,7,56,0,Wednesday,541068,4811108,0,0,At intersection,2,P.D. only,Within intersection,unknown,unknown,Turning movement,Unknown,Daylight,01 - Daylight,Municipal (excl. Twp. Rd.),Stop sign,Functioning,0,0,0,FALSE,FALSE,FALSE,Clear,,FALSE,THOMAS SLEE DR; TERRINGTON CRES,1/30/2020 11:56:29 AM,541068,4811108
47341,18-006967,1/10/2018 9:00:00 AM,2018,1,10,9,0,0,Wednesday,544728.6906,4811861.29,-80.447115,43.458332,Intersection related,2,P.D. only,Thru lane,unknown,unknown,Rear end,Unknown,Daylight,01 - Daylight,Municipal (excl. Twp. Rd.),Stop sign,Functioning,0,0,0,FALSE,FALSE,FALSE,Clear,,FALSE,CARSON DR ; LORRAINE AVE ; At,1/30/2020 11:56:28 AM,544728.6906,4811861.29
47342,18-007200,1/10/2018 8:15:00 AM,2018,1,10,8,15,0,Wednesday,542009.5992,4810481.372,-80.48083,43.446064,Intersection related,2,P.D. only,Thru lane,unknown,unknown,Rear end,Unknown,Daylight,01 - Daylight,Regional municipality,Stop sign,Functioning,0,0,0,FALSE,FALSE,FALSE,Clear,,FALSE,KING ST E; CAMERON ST N,1/30/2020 11:56:27 AM,542009.5992,4810481.372
47343,18-007262,1/10/2018 8:42:00 AM,2018,1,10,8,42,0,Wednesday,537976.1464,4807708.695,-80.530869,43.421314,At/near private drive,2,P.D. only,Thru lane,unknown,unknown,Other,Unknown,Daylight,01 - Daylight,Municipal (excl. Twp. Rd.),No control,unknown,0,0,0,FALSE,FALSE,FALSE,Clear,,FALSE,AUTUMN HILL CRES; AUTUMN HILL CRES ; At; 1 M,1/30/2020 11:56:26 AM,537976.1464,4807708.695
47344,18-007378,1/9/2018 8:00:00 PM,2018,1,9,20,0,0,Tuesday,542028.1037,4810743.643,-80.480582,43.448425,Non intersection,2,P.D. only,Thru lane,unknown,unknown,SMV unattended vehicle,Unknown,"Dark, artificial","08 - Dark, artificial",Municipal (excl. Twp. Rd.),No control,unknown,0,0,0,FALSE,FALSE,FALSE,Rain,,FALSE,MADISON AVE N; MADISON AVE N; Near,1/30/2020 11:56:25 AM,542028.1037,4810743.643
47345,18-007426,1/10/2018 5:45:00 PM,2018,1,10,17,45,0,Wednesday,542016.5815,4807241.722,-80.480993,43.416894,Intersection related,1,Non-fatal injury,Thru lane,unknown,unknown,Rear end,Unknown,Dark,07 - Dark,Municipal (excl. Twp. Rd.),Stop sign,Functioning,0,0,0,FALSE,FALSE,FALSE,Freezing Rain,,FALSE,BLACKHORNE DR ; STRASBURG RD,1/30/2020 11:56:24 AM,542016.5815,4807241.722
47346,18-007449,1/10/2018 6:21:00 PM,2018,1,10,18,21,0,Wednesday,542406.0445,4806619.743,-80.476231,43.411272,Intersection related,1,Non-fatal injury,Thru lane,unknown,unknown,Rear end,Unknown,Dark,07 - Dark,Municipal (excl. Twp. Rd.),Stop sign,Functioning,0,0,0,FALSE,FALSE,FALSE,Freezing Rain,,FALSE,STRASBURG RD; OLD COUNTRY DR,1/30/2020 11:56:23 AM,542406.0445,4806619.743
47347,18-007461,1/10/2018 3:15:00 PM,2018,1,10,15,15,0,Wednesday,545051.6372,4802596.759,-80.443887,43.374894,At/near private drive,2,P.D. only,Thru lane,unknown,unknown,Other,Unknown,Daylight,01 - Daylight,Municipal (excl. Twp. Rd.),No control,unknown,0,0,0,FALSE,FALSE,FALSE,Rain,,FALSE,MOORLANDS CRES; MOORLANDS CRES,1/30/2020 11:56:22 AM,545051.6372,4802596.759
47348,18-007497,1/10/2018 6:50:00 PM,2018,1,10,18,50,0,Wednesday,546133.8627,4806746.228,-80.430179,43.412191,At/near private drive,2,P.D. only,Off highway,unknown,unknown,SMV other,Unknown,Dark,07 - Dark,Regional municipality,No control,unknown,0,0,0,FALSE,FALSE,FALSE,Clear,,FALSE,RIVER VALLEY DR; RIVER VALLEY DR ; At; 9 M,1/30/2020 11:56:21 AM,546133.8627,4806746.228
47349,18-007504,1/10/2018 7:20:00 PM,2018,1,10,19,20,0,Wednesday,543789.7251,4810906.269,-80.458798,43.449788,At/near private drive,2,P.D. only,Not on roadway - right side,unknown,unknown,SMV other,Unknown,"Daylight, artificial","02 - Daylight, artificial",Municipal (excl. Twp. Rd.),No control,unknown,0,0,0,FALSE,FALSE,FALSE,Freezing Rain,,FALSE,LYNDHURST DR; LYNDHURST DR ; At; 20 M,1/30/2020 11:56:20 AM,543789.7251,4810906.269
47350,18-007836,1/11/2018 9:15:00 AM,2018,1,11,9,15,0,Thursday,541142.2811,4806763.259,-80.491829,43.412634,Intersection related,2,P.D. only,Thru lane,unknown,unknown,Rear end,Unknown,Daylight,01 - Daylight,Municipal (excl. Twp. Rd.),Stop sign,Functioning,0,0,0,FALSE,FALSE,FALSE,Clear,,FALSE,BLOCK LINE RD; LAURENTIAN DR,1/30/2020 11:56:19 AM,541142.2811,4806763.259
47351,18-007837,1/11/2018 8:30:00 AM,2018,1,11,8,30,0,Thursday,549472.628,4806171.415,-80.388994,43.406802,Non intersection,2,P.D. only,Thru lane,unknown,unknown,Sideswipe,Unknown,Daylight,01 - Daylight,Municipal (excl. Twp. Rd.),No control,unknown,0,0,0,FALSE,FALSE,FALSE,Clear,,FALSE,GATEWAY PARK DR; TU LANE ST,1/30/2020 11:56:18 AM,549472.628,4806171.415