OBJECTID,ACCIDENTNUM,ACCIDENTDATE,ACCIDENT_YEAR,ACCIDENT_MONTH,ACCIDENT_DAY,ACCIDENT_HOUR,ACCIDENT_MINUTE,ACCIDENT_SECOND,ACCIDENT_WEEKDAY,XCOORD,YCOORD,LONGITUDE,LATITUDE,ACCIDENTLOCATION,COLLISIONTYPE,CLASSIFICATIONOFACCIDENT,IMPACTLOCATION,INITIALDIRECTIONOFTRAVELONE,INITIALDIRECTIONOFTRAVELTWO,INITIALIMPACTTYPE,INTTRAFFICCONTROL,LIGHT,LIGHTFORREPORT,ROADJURISDICTION,TRAFFICCONTROL,TRAFFICCONTROLCONDITION,THRULANENO,NORTHBOUNDDISOBEYCOUNT,SOUTHBOUNDDISOBEYCOUNT,PEDESTRIANINVOLVED,CYCLISTINVOLVED,MOTORCYCLISTINVOLVED,ENVIRONMENTCONDITION1,ENVIRONMENTCONDITION2,SELFREPORTED,XMLIMPORTNOTES,LASTEDITEDDATE,x,y
47352,18-007940,1/10/2018 7:00:00 PM,2018,1,10,19,0,0,Wednesday,546509.509,4803327.697,-80.42583,43.381387,Non intersection,2,P.D. only,Thru lane,unknown,unknown,SMV unattended vehicle,Unknown,Dark,07 - Dark,Municipal (excl. Twp. Rd.),No control,unknown,0,0,0,FALSE,FALSE,FALSE,Rain,,FALSE,FOREST EDGE TRAIL; FOREST EDGE TRAIL,1/30/2020 11:56:18 AM,546509.509,4803327.697
47353,18-007954,1/10/2018 7:15:00 PM,2018,1,10,19,15,0,Wednesday,546493.8494,4803365,-80.42602,43.381724,Intersection related,2,P.D. only,Thru lane,unknown,unknown,Rear end,Unknown,Dark,07 - Dark,Municipal (excl. Twp. Rd.),Stop sign,Functioning,0,0,0,FALSE,FALSE,FALSE,Rain,,FALSE,FOREST EDGE TRAIL; CHESTNUT HILL CRES; At,1/30/2020 11:56:17 AM,546493.8494,4803365
47354,18-008255,1/11/2018 4:50:00 PM,2018,1,11,16,50,0,Thursday,539428.0003,4810319.908,-80.512745,43.444751,Intersection related,2,P.D. only,Thru lane,unknown,unknown,Rear end,Unknown,Dark,07 - Dark,Municipal (excl. Twp. Rd.),Traffic signal,Functioning,0,0,0,FALSE,FALSE,FALSE,Rain,,FALSE,BELMONT AVE W; ADELAIDE ST ; Near; 7 M,1/30/2020 11:56:15 AM,539428.0003,4810319.908
47355,18-008908,1/12/2018 10:40:00 AM,2018,1,12,10,40,0,Friday,540253.7143,4806616.196,-80.502815,43.411359,At/near private drive,2,P.D. only,Right shoulder,unknown,unknown,SMV unattended vehicle,Unknown,Daylight,01 - Daylight,Municipal (excl. Twp. Rd.),No control,unknown,0,0,0,FALSE,FALSE,FALSE,Rain,,FALSE,RISTAU CRES; RISTAU CRES ; Near,1/30/2020 11:56:14 AM,540253.7143,4806616.196
47356,18-008929,1/12/2018 12:18:00 PM,2018,1,12,12,18,0,Friday,543071.3333,4805497.552,-80.468103,43.40113,At intersection,1,Non-fatal injury,Within intersection,unknown,unknown,Turning movement,Unknown,Daylight,01 - Daylight,Municipal (excl. Twp. Rd.),Stop sign,Functioning,0,0,0,FALSE,FALSE,FALSE,Rain,,FALSE,TRILLIUM DR; STRASBURG RD,1/30/2020 11:56:13 AM,543071.3333,4805497.552
47357,18-009042,1/12/2018 9:08:00 AM,2018,1,12,9,8,0,Friday,541547.0488,4811463.522,-80.486472,43.454934,Non intersection,2,P.D. only,Thru lane,unknown,unknown,SMV unattended vehicle,Unknown,Daylight,01 - Daylight,Municipal (excl. Twp. Rd.),No control,unknown,0,0,0,FALSE,FALSE,FALSE,Rain,,FALSE,MARGARET AVE; MARGARET AVE ; Near,1/30/2020 11:56:11 AM,541547.0488,4811463.522
47358,18-009052,1/12/2018 2:00:00 PM,2018,1,12,14,0,0,Friday,542472.2268,4812922.168,-80.474923,43.468015,Intersection related,2,P.D. only,Not on roadway - right side,unknown,unknown,SMV other,Unknown,Daylight,01 - Daylight,Municipal (excl. Twp. Rd.),Stop sign,Functioning,0,0,0,FALSE,FALSE,FALSE,Snow,,FALSE,SPRING VALLEY RD; GUELPH ST; Near; 10 M,1/30/2020 11:56:10 AM,542472.2268,4812922.168
47359,18-009069,1/12/2018 2:16:00 PM,2018,1,12,14,16,0,Friday,545849.2606,4809757.213,-80.433441,43.439319,Intersection related,2,P.D. only,Left turn lane,unknown,unknown,Angle,Unknown,Daylight,01 - Daylight,Municipal (excl. Twp. Rd.),Traffic signal,Functioning,0,0,0,FALSE,FALSE,FALSE,Snow,,FALSE,OLD CHICOPEE DR; RIVER RD E; At,1/30/2020 11:56:09 AM,545849.2606,4809757.213
47360,18-009087,1/12/2018 2:00:00 PM,2018,1,12,14,0,0,Friday,546345.2812,4804401.723,-80.427766,43.391068,Non intersection,2,P.D. only,Thru lane,unknown,unknown,SMV unattended vehicle,Unknown,Daylight,01 - Daylight,Regional municipality,No control,unknown,0,0,0,FALSE,FALSE,FALSE,Snow,,FALSE,OLD CARRIAGE DR; OLD CARRIAGE DR,1/30/2020 11:56:08 AM,546345.2812,4804401.723
47361,18-009118,1/12/2018 1:30:00 PM,2018,1,12,13,30,0,Friday,542464.3484,4814475.057,-80.474899,43.481998,At/near private drive,2,P.D. only,Thru lane,unknown,unknown,Rear end,Unknown,Daylight,01 - Daylight,Municipal (excl. Twp. Rd.),No control,unknown,0,0,0,FALSE,FALSE,FALSE,Snow,,FALSE,BLOOMINGDALE RD N; BLOOMINGDALE RD N; At; 1 M,1/30/2020 11:56:07 AM,542464.3484,4814475.057
47362,18-009127,1/12/2018 3:02:00 PM,2018,1,12,15,2,0,Friday,542223.4801,4807816.145,-80.478393,43.422055,At intersection,1,Non-fatal injury,Within intersection,unknown,unknown,Rear end,Unknown,Daylight,01 - Daylight,Regional municipality,Stop sign,Functioning,0,0,0,FALSE,FALSE,FALSE,Snow,,FALSE,ALPINE RD; KINGSWOOD DR,1/30/2020 11:56:06 AM,542223.4801,4807816.145
47363,18-009141,1/12/2018 3:13:00 PM,2018,1,12,15,13,0,Friday,539455.6199,4807790.212,-80.512587,43.421972,Non intersection,2,P.D. only,Thru lane,unknown,unknown,Approaching,Unknown,Daylight,01 - Daylight,Municipal (excl. Twp. Rd.),No control,unknown,0,0,0,FALSE,FALSE,FALSE,Freezing Rain,,FALSE,GREENBROOK DR; GREENBROOK DR ; Near; 5 M,1/30/2020 11:56:05 AM,539455.6199,4807790.212
47364,18-009215,1/11/2018 10:00:00 PM,2018,1,11,22,0,0,Thursday,545626.4566,4809326.065,-80.43623,43.43545,At/near private drive,2,P.D. only,Thru lane,unknown,unknown,SMV unattended vehicle,Unknown,"Dark, artificial","08 - Dark, artificial",Municipal (excl. Twp. Rd.),No control,unknown,0,0,0,FALSE,FALSE,FALSE,Rain,,FALSE,OBERMEYER DR; OBERMEYER DR ; Near,1/30/2020 11:56:04 AM,545626.4566,4809326.065
47365,18-009226,1/12/2018 5:16:00 PM,2018,1,12,17,16,0,Friday,540566.1018,4811806.546,-80.498571,43.458076,At/near private drive,2,P.D. only,Off highway,unknown,unknown,SMV other,Unknown,"Dark, artificial","08 - Dark, artificial",Municipal (excl. Twp. Rd.),Stop sign,Functioning,0,0,0,FALSE,FALSE,FALSE,Snow,,FALSE,DUKE ST W; KING ST W; Near; 3 M,1/30/2020 11:56:03 AM,540566.1018,4811806.546
47366,18-009327,1/12/2018 3:10:00 PM,2018,1,12,15,10,0,Friday,544884.1098,4804848.323,-80.44577,43.395178,At intersection,1,Non-fatal injury,Within intersection,unknown,unknown,SMV other,Unknown,Daylight,01 - Daylight,Municipal (excl. Twp. Rd.),Traffic signal,Functioning,0,0,0,TRUE,FALSE,FALSE,Drifting Snow,,FALSE,DOON VILLAGE RD ; PIONEER DR,1/30/2020 11:56:02 AM,544884.1098,4804848.323
47367,18-009344,1/10/2018 10:30:00 PM,2018,1,10,22,30,0,Wednesday,539255.3234,4809113.075,-80.514966,43.433894,At/near private drive,2,Non-reportable,Off highway,unknown,unknown,SMV unattended vehicle,Unknown,Daylight,01 - Daylight,Private property,No control,unknown,0,0,0,FALSE,FALSE,FALSE,Clear,,FALSE,OVERLEA DR; OVERLEA DR; At; 0 M,1/30/2020 11:56:01 AM,539255.3234,4809113.075
47368,18-009380,1/12/2018 8:20:00 PM,2018,1,12,20,20,0,Friday,545275.1917,4806431.377,-80.44081,43.409408,Intersection related,2,P.D. only,Right turn lane,unknown,unknown,Rear end,Stop sign,"Dark, artificial","08 - Dark, artificial",Municipal (excl. Twp. Rd.),Yield sign,Functioning,0,0,0,FALSE,FALSE,FALSE,Drifting Snow,,FALSE,WILSON AVE; WABANAKI DR; 0 M,1/30/2020 11:56:00 AM,545275.1917,4806431.378
47369,18-009426,1/9/2018 9:19:00 PM,2018,1,9,21,19,0,Tuesday,544611.3589,4809093.177,-80.448792,43.433415,Intersection related,2,P.D. only,Right turn lane,unknown,unknown,Rear end,Unknown,Dark,07 - Dark,Municipal (excl. Twp. Rd.),Traffic signal,Functioning,0,0,0,FALSE,FALSE,FALSE,Clear,,FALSE,KINGSWAY DR ; FRANKLIN ST S,1/30/2020 11:55:59 AM,544611.3589,4809093.177
47370,18-009866,1/13/2018 11:00:00 AM,2018,1,13,11,0,0,Saturday,544827.4919,4810603.162,-80.445997,43.446998,Intersection related,1,Non-fatal injury,Other,unknown,unknown,SMV other,Unknown,Daylight,01 - Daylight,Regional municipality,Stop sign,Functioning,0,0,1,FALSE,FALSE,FALSE,Clear,,FALSE,MIDLAND DR; MIDLAND DR; At,1/30/2020 11:55:58 AM,544827.4919,4810603.162
47371,18-009953,1/12/2018 8:00:00 PM,2018,1,12,20,0,0,Friday,544328.6196,4808467.52,-80.452336,43.427798,At intersection,2,P.D. only,Within intersection,unknown,unknown,Angle,Unknown,Dark,07 - Dark,Regional municipality,Stop sign,Functioning,0,0,0,FALSE,FALSE,FALSE,Strong wind,,FALSE,GREENFIELD AVE ; FRANKLIN ST S,1/30/2020 11:55:58 AM,544328.6196,4808467.52
47372,18-010309,1/13/2018 9:57:00 PM,2018,1,13,21,57,0,Saturday,536842.6437,4808026.722,-80.54485,43.424235,Non intersection,2,P.D. only,Thru lane,unknown,unknown,SMV other,Unknown,"Dark, artificial","08 - Dark, artificial",Municipal (excl. Twp. Rd.),No control,unknown,0,0,0,FALSE,FALSE,FALSE,Clear,,FALSE,CONNELLY DR; CONNELLY DR ; Near; 5 M,1/30/2020 11:55:57 AM,536842.6437,4808026.722
47373,18-011463,1/13/2018 6:00:00 PM,2018,1,13,18,0,0,Saturday,544683.7467,4810817.807,-80.447756,43.448939,At/near private drive,2,P.D. only,Thru lane,unknown,unknown,Sideswipe,Unknown,"Dark, artificial","08 - Dark, artificial",Municipal (excl. Twp. Rd.),No control,unknown,0,0,0,FALSE,FALSE,FALSE,Clear,,FALSE,MIDLAND DR; MIDLAND DR,1/30/2020 11:55:56 AM,544683.7467,4810817.807
47374,18-011796,1/15/2018 6:21:00 PM,2018,1,15,18,21,0,Monday,541853.7655,4803511.547,-80.48329,43.383316,At intersection,2,P.D. only,Within intersection,unknown,unknown,SMV other,Unknown,"Dark, artificial","08 - Dark, artificial",Municipal (excl. Twp. Rd.),Yield sign,Functioning,0,0,0,FALSE,FALSE,FALSE,Snow,,FALSE,HURON RD; WOODBINE AVE,1/30/2020 11:55:55 AM,541853.7655,4803511.547
47375,18-012081,1/16/2018 4:30:00 AM,2018,1,16,4,30,0,Tuesday,543698.2373,4805687.044,-80.460346,43.4028,At/near private drive,2,P.D. only,Thru lane,unknown,unknown,Other,Unknown,"Dark, artificial","08 - Dark, artificial",Municipal (excl. Twp. Rd.),No control,unknown,0,0,0,FALSE,FALSE,FALSE,Clear,,FALSE,TRILLIUM DR; TRILLIUM DR ; At; 1 M,1/30/2020 11:55:54 AM,543698.2373,4805687.044
47376,18-012187,1/16/2018 9:00:00 AM,2018,1,16,9,0,0,Tuesday,544123.5403,4808359.308,-80.454878,43.426836,At/near private drive,1,Non-fatal injury,Thru lane,unknown,unknown,SMV other,Unknown,Daylight,01 - Daylight,Regional municipality,School guard,Functioning,0,0,0,TRUE,FALSE,FALSE,Clear,,FALSE,HARBER AVE; HARBER AVE ; At; 1 M,1/30/2020 11:55:53 AM,544123.5403,4808359.308
47377,18-012464,1/16/2018 2:49:00 PM,2018,1,16,14,49,0,Tuesday,546063.1384,4805095.558,-80.431191,43.397332,Non intersection,1,Non-fatal injury,Thru lane,unknown,unknown,SMV other,Unknown,Daylight,01 - Daylight,Regional municipality,No control,unknown,0,0,0,TRUE,FALSE,FALSE,Clear,,FALSE,GREEN VALLEY DR; GREEN VALLEY DR; 30 M,1/30/2020 11:55:52 AM,546063.1384,4805095.558
47378,18-012471,1/16/2018 3:02:00 PM,2018,1,16,15,2,0,Tuesday,541500.891,4811996.543,-80.487002,43.459735,At intersection,1,Non-fatal injury,Within intersection,unknown,unknown,SMV other,Unknown,Daylight,01 - Daylight,Municipal (excl. Twp. Rd.),Stop sign,Functioning,0,0,0,TRUE,FALSE,FALSE,Clear,,FALSE,ST LEGER ST; WELLINGTON ST N,1/30/2020 11:55:51 AM,541500.891,4811996.543
47379,18-012599,1/16/2018 8:00:00 AM,2018,1,16,8,0,0,Tuesday,537413.2793,4806701.655,-80.537891,43.412275,At/near private drive,2,P.D. only,Thru lane,unknown,unknown,SMV unattended vehicle,Unknown,Daylight,01 - Daylight,Municipal (excl. Twp. Rd.),No control,unknown,0,0,0,FALSE,FALSE,FALSE,Clear,,FALSE,DRIFTWOOD DR; DRIFTWOOD DR ; Near,1/30/2020 11:55:50 AM,537413.2793,4806701.655
47380,18-012600,1/16/2018 5:45:00 PM,2018,1,16,17,45,0,Tuesday,543428.8179,4808317.42,-80.463464,43.426499,Non intersection,2,P.D. only,Thru lane,unknown,unknown,SMV unattended vehicle,Unknown,Dusk,05 - Dusk,Municipal (excl. Twp. Rd.),No control,unknown,0,0,0,FALSE,FALSE,FALSE,Clear,,FALSE,KIPLING AVE; WALTON AVE; 100 M,1/30/2020 11:55:49 AM,543428.8179,4808317.42
47381,18-013079,1/16/2018 3:40:00 PM,2018,1,16,15,40,0,Tuesday,544369.95,4809120.268,-80.451772,43.433673,At/near private drive,2,P.D. only,Thru lane,unknown,unknown,Angle,Unknown,Daylight,01 - Daylight,Municipal (excl. Twp. Rd.),No control,unknown,0,0,0,FALSE,FALSE,FALSE,Clear,,FALSE,FIFTH AVE; FIFTH AVE ; At,1/30/2020 11:55:48 AM,544369.95,4809120.268
47382,18-013083,1/15/2018 8:00:00 AM,2018,1,15,8,0,0,Monday,537999.2893,4808960.336,-80.530496,43.432583,Non intersection,2,P.D. only,Thru lane,unknown,unknown,SMV unattended vehicle,Unknown,Daylight,01 - Daylight,Municipal (excl. Twp. Rd.),No control,unknown,0,0,0,FALSE,FALSE,FALSE,Clear,,FALSE,OPRINGTON CRT; OPRINGTON CRT,1/30/2020 11:55:47 AM,537999.2893,4808960.336
47383,18-013201,1/17/2018 1:18:00 PM,2018,1,17,13,18,0,Wednesday,540620.1386,4810957.127,-80.497966,43.450425,Intersection related,2,P.D. only,Not on roadway - right side,unknown,unknown,SMV other,Unknown,Daylight,01 - Daylight,Municipal (excl. Twp. Rd.),Stop sign,Functioning,0,0,0,FALSE,FALSE,FALSE,Clear,,FALSE,JOSEPH ST; LINDEN AVE; 5 M,1/30/2020 11:55:47 AM,540620.1386,4810957.127
47384,18-013269,1/17/2018 3:06:00 PM,2018,1,17,15,6,0,Wednesday,539042.317,4811194.655,-80.517449,43.452647,Intersection related,2,P.D. only,Thru lane,unknown,unknown,Sideswipe,Unknown,Dusk,05 - Dusk,Municipal (excl. Twp. Rd.),Stop sign,Functioning,0,0,0,FALSE,FALSE,FALSE,Clear,,FALSE,BELMONT AVE W; ROCK AVE,1/30/2020 11:55:46 AM,539042.317,4811194.656
47385,18-013271,1/17/2018 3:09:00 PM,2018,1,17,15,9,0,Wednesday,542111.6386,4812323.107,-80.479427,43.462642,At intersection,2,P.D. only,Within intersection,unknown,unknown,Turning movement,Unknown,Daylight,01 - Daylight,Municipal (excl. Twp. Rd.),Stop sign,Functioning,0,0,0,FALSE,FALSE,FALSE,Clear,,FALSE,SPRING VALLEY RD; WELLINGTON ST N,1/30/2020 11:55:45 AM,542111.6386,4812323.107
47386,18-013288,1/16/2018 3:00:00 PM,2018,1,16,15,0,0,Tuesday,545366.0687,4809314.729,-80.439449,43.435364,Non intersection,2,P.D. only,Thru lane,unknown,unknown,SMV unattended vehicle,Unknown,Daylight,01 - Daylight,Municipal (excl. Twp. Rd.),No control,unknown,0,0,0,FALSE,FALSE,FALSE,Clear,,FALSE,FERGUS AVE; FERGUS AVE; Near,1/30/2020 11:55:44 AM,545366.0687,4809314.729
47387,18-013358,1/17/2018 3:00:00 PM,2018,1,17,15,0,0,Wednesday,541527.6974,4808871.502,-80.486908,43.431596,At/near private drive,2,P.D. only,Thru lane,unknown,unknown,SMV unattended vehicle,Unknown,Daylight,01 - Daylight,Municipal (excl. Twp. Rd.),No control,unknown,0,0,0,FALSE,FALSE,FALSE,Clear,,FALSE,SOUTHDALE AVE; SOUTHDALE AVE; Near,1/30/2020 11:55:43 AM,541527.6974,4808871.502
47388,18-013766,1/18/2018 8:45:00 AM,2018,1,18,8,45,0,Thursday,539016.677,4811528.616,-80.517742,43.455656,Intersection related,2,P.D. only,Thru lane,unknown,unknown,Rear end,Unknown,Daylight,01 - Daylight,Municipal (excl. Twp. Rd.),Traffic signal,Functioning,0,0,0,FALSE,FALSE,FALSE,Clear,,FALSE,UNION BLVD; YORK ST ; Near; 90 M,1/30/2020 11:55:42 AM,539016.677,4811528.617
47389,18-014574,1/19/2018 9:00:00 AM,2018,1,19,9,0,0,Friday,542569.0108,4805978.757,-80.474268,43.405491,Intersection related,2,P.D. only,Thru lane,unknown,unknown,Rear end,Unknown,Daylight,01 - Daylight,Municipal (excl. Twp. Rd.),Stop sign,Functioning,0,0,0,FALSE,FALSE,FALSE,Clear,,FALSE,STRASBURG RD; SHOEMAKER ST,1/30/2020 11:55:41 AM,542569.0108,4805978.757
47390,18-014992,1/19/2018 5:51:00 PM,2018,1,19,17,51,0,Friday,545032.7452,4807867.838,-80.443686,43.422356,At intersection,1,Non-fatal injury,Within intersection,unknown,unknown,SMV other,Unknown,"Dark, artificial","08 - Dark, artificial",Municipal (excl. Twp. Rd.),Traffic signal,Functioning,0,0,0,TRUE,FALSE,FALSE,Clear,,FALSE,WILSON AVE ; KINGSWAY DR,1/30/2020 11:55:40 AM,545032.7452,4807867.838
47391,18-015555,1/19/2018 7:00:00 PM,2018,1,19,19,0,0,Friday,544822.0147,4812615.847,-80.445899,43.46512,At/near private drive,2,P.D. only,Thru lane,unknown,unknown,Turning movement,Unknown,Dark,07 - Dark,Municipal (excl. Twp. Rd.),No control,unknown,0,0,0,FALSE,FALSE,FALSE,Clear,,FALSE,NATCHEZ RD; NATCHEZ RD ; At,1/30/2020 11:55:39 AM,544822.0147,4812615.848
47392,18-015679,1/20/2018 2:30:00 PM,2018,1,20,14,30,0,Saturday,545546.7681,4804674.254,-80.437603,43.39357,Intersection related,1,Non-fatal injury,Thru lane,unknown,unknown,SMV other,Stop sign,Daylight,01 - Daylight,Municipal (excl. Twp. Rd.),No control,unknown,0,0,0,TRUE,FALSE,FALSE,Clear,,FALSE,PIONEER DR; BECHTEL DR; Near; 5 M,1/30/2020 11:55:38 AM,545546.7681,4804674.254
47393,18-016710,1/21/2018 11:00:00 PM,2018,1,21,23,0,0,Sunday,537518.4325,4807382.874,-80.536545,43.418404,Non intersection,2,P.D. only,Not on roadway - right side,unknown,unknown,SMV other,Unknown,"Dark, artificial","08 - Dark, artificial",Municipal (excl. Twp. Rd.),Traffic signal,Functioning,0,0,0,FALSE,FALSE,FALSE,Freezing Rain,,FALSE,WESTHEIGHTS DR; WINDING WAY; Near; 100 M,1/30/2020 11:55:37 AM,537518.4325,4807382.874
47394,18-016821,1/22/2018 6:20:00 AM,2018,1,22,6,20,0,Monday,542057.9799,4811791.883,-80.480131,43.457862,Intersection related,2,P.D. only,Not on roadway - right side,unknown,unknown,SMV other,Unknown,"Dark, artificial","08 - Dark, artificial",Municipal (excl. Twp. Rd.),Stop sign,Functioning,0,0,0,FALSE,FALSE,FALSE,Freezing Rain,,FALSE,LUELLA ST; CHESTNUT ST; Near; 4 M,1/30/2020 11:55:36 AM,542057.9799,4811791.883
47395,18-016828,1/22/2018 6:45:00 AM,2018,1,22,6,45,0,Monday,545503.5108,4806102.528,-80.438018,43.406433,Non intersection,2,P.D. only,Not on roadway - right side,unknown,unknown,SMV other,Unknown,"Dark, artificial","08 - Dark, artificial",Municipal (excl. Twp. Rd.),No control,unknown,0,0,0,FALSE,FALSE,FALSE,"Fog, mist, smoke, dust",,FALSE,WABANAKI DR; WILSON AVE ; Near; 400 M,1/30/2020 11:55:35 AM,545503.5108,4806102.528
47396,18-016882,1/22/2018 8:22:00 AM,2018,1,22,8,22,0,Monday,542581.1477,4810124.648,-80.473795,43.44282,Intersection related,2,P.D. only,Thru lane,unknown,unknown,Sideswipe,Unknown,Daylight,01 - Daylight,Regional municipality,Traffic signal,Functioning,0,0,0,FALSE,FALSE,FALSE,Rain,,FALSE,KING ST E; BORDEN AVE N,1/30/2020 11:55:34 AM,542581.1477,4810124.648
47397,18-016936,1/22/2018 8:30:00 AM,2018,1,22,8,30,0,Monday,540249.2195,4809694.763,-80.502643,43.439078,Non intersection,2,P.D. only,Thru lane,unknown,unknown,Sideswipe,Unknown,Daylight,01 - Daylight,Municipal (excl. Twp. Rd.),No control,unknown,0,0,0,FALSE,FALSE,FALSE,Rain,,FALSE,QUEENS BLVD; PATRICIA AVE; Near; 100 M,1/30/2020 11:55:34 AM,540249.2195,4809694.763
47398,18-017010,1/20/2018 9:20:00 PM,2018,1,20,21,20,0,Saturday,538531.7427,4805666.603,-80.524149,43.402899,Non intersection,2,P.D. only,Right shoulder,unknown,unknown,SMV unattended vehicle,Unknown,"Dark, artificial","08 - Dark, artificial",Municipal (excl. Twp. Rd.),No control,unknown,0,0,0,FALSE,FALSE,FALSE,Rain,,FALSE,MELINDA ST; MELINDA ST ; Near,1/30/2020 11:55:33 AM,538531.7427,4805666.603
47399,18-017280,1/22/2018 5:03:00 PM,2018,1,22,17,3,0,Monday,543123.2945,4812742.709,-80.466889,43.466362,Non intersection,2,P.D. only,Thru lane,unknown,unknown,SMV other,Unknown,Dusk,05 - Dusk,Regional municipality,No control,unknown,0,0,0,FALSE,FALSE,FALSE,Clear,,FALSE,SHIRLEY AVE; RIVERBEND DR,1/30/2020 11:55:32 AM,543123.2945,4812742.709
47400,18-017291,1/20/2018 8:00:00 PM,2018,1,20,20,0,0,Saturday,538249.5505,4809340.293,-80.527377,43.435992,Non intersection,2,P.D. only,Thru lane,unknown,unknown,SMV unattended vehicle,Unknown,Dark,07 - Dark,Regional municipality,No control,unknown,0,0,0,FALSE,FALSE,FALSE,Clear,,FALSE,CATALINA CRT; CATALINA CRT,1/30/2020 11:55:31 AM,538249.5505,4809340.293
47401,18-017965,1/23/2018 11:30:00 AM,2018,1,23,11,30,0,Tuesday,545146.1756,4807124.459,-80.442347,43.415656,Intersection related,2,P.D. only,Right turn lane,unknown,unknown,Rear end,Unknown,Daylight,01 - Daylight,Municipal (excl. Twp. Rd.),Stop sign,Functioning,0,0,0,FALSE,FALSE,FALSE,Rain,,FALSE,GOODRICH DR; WILSON AVE; At,1/30/2020 11:55:30 AM,545146.1756,4807124.459
47402,18-018304,1/24/2018 12:11:00 AM,2018,1,24,0,11,0,Wednesday,541183.3056,4810694.167,-80.491026,43.448026,Intersection related,2,P.D. only,Not on roadway - right side,unknown,unknown,SMV other,Unknown,Dark,07 - Dark,Municipal (excl. Twp. Rd.),Traffic signal,Functioning,0,0,0,FALSE,FALSE,FALSE,Snow,,FALSE,JOSEPH ST ; QUEEN ST S; At; 50 M,1/30/2020 11:55:29 AM,541183.3056,4810694.167
47403,18-018450,1/22/2018 10:00:00 AM,2018,1,22,10,0,0,Monday,541095.5751,4811497.938,-80.492049,43.455268,Non intersection,2,P.D. only,Thru lane,unknown,unknown,SMV unattended vehicle,Unknown,Daylight,01 - Daylight,unknown,No control,unknown,0,0,0,FALSE,FALSE,FALSE,Rain,,FALSE,WATER ST N; VICTORIA ST N; Near,2/19/2019 2:08:49 PM,541095.5751,4811497.938
47404,18-018500,1/23/2018 9:00:00 PM,2018,1,23,21,0,0,Tuesday,540080.9939,4807127.039,-80.50491,43.415967,At/near private drive,2,P.D. only,Thru lane,unknown,unknown,Other,Unknown,"Dark, artificial","08 - Dark, artificial",Municipal (excl. Twp. Rd.),No control,unknown,0,0,0,FALSE,FALSE,FALSE,Clear,,FALSE,WILLIAMSBURG RD; WILLIAMSBURG RD; At,1/30/2020 11:55:28 AM,540080.9939,4807127.039
47405,18-018626,1/24/2018 12:19:00 PM,2018,1,24,12,19,0,Wednesday,541708.3235,4810675.3,-80.484539,43.447827,Non intersection,1,Non-fatal injury,Thru lane,unknown,unknown,Sideswipe,Unknown,Daylight,01 - Daylight,unknown,No control,unknown,0,0,0,FALSE,FALSE,FALSE,Clear,,FALSE,KING ST E; EBY ST N; Near; 20 M,2/19/2019 2:08:48 PM,541708.3235,4810675.3
47406,18-018713,1/21/2018 5:00:00 PM,2018,1,21,17,0,0,Sunday,544693.7091,4804700.076,-80.448133,43.393854,At/near private drive,2,Non-reportable,Thru lane,unknown,unknown,SMV unattended vehicle,Unknown,Dusk,05 - Dusk,Regional municipality,No control,unknown,0,0,0,FALSE,FALSE,FALSE,Clear,,FALSE,VINTAGE CRES; VINTAGE CRES,1/30/2020 11:55:26 AM,544693.7091,4804700.076
47407,18-018929,1/24/2018 6:42:00 PM,2018,1,24,18,42,0,Wednesday,538468.2084,4807647.105,-80.524795,43.420735,Intersection related,1,Non-fatal injury,Thru lane,unknown,unknown,SMV other,Unknown,"Dark, artificial","08 - Dark, artificial",Regional municipality,Stop sign,Functioning,0,0,0,TRUE,FALSE,FALSE,Clear,,FALSE,MCGARRY DR; MEADOWBROOK DR ; Near; 23 M,1/30/2020 11:55:25 AM,538468.2084,4807647.105
47408,18-019381,1/24/2018 9:00:00 AM,2018,1,24,9,0,0,Wednesday,547189.5182,4810327.171,-80.416831,43.444367,Intersection related,2,P.D. only,Thru lane,unknown,unknown,SMV unattended vehicle,Unknown,Daylight,01 - Daylight,Municipal (excl. Twp. Rd.),Stop sign,Functioning,0,0,0,FALSE,FALSE,FALSE,Clear,,FALSE,APPLE TREE CRT; CORFIELD DR,1/30/2020 11:55:24 AM,547189.5182,4810327.171
47409,18-019513,1/25/2018 2:50:00 PM,2018,1,25,14,50,0,Thursday,542108.4292,4807129.854,-80.479868,43.415882,At intersection,2,P.D. only,Within intersection,unknown,unknown,Angle,Unknown,Daylight,01 - Daylight,Regional municipality,Traffic signal,Functioning,0,0,0,FALSE,FALSE,FALSE,Clear,,FALSE,BLOCK LINE RD; STRASBURG RD; 6 M,1/30/2020 11:55:23 AM,542108.4292,4807129.854
47410,18-019621,1/22/2018 6:40:00 PM,2018,1,22,18,40,0,Monday,541068,4811108,0,0,At/near private drive,2,P.D. only,Thru lane,unknown,unknown,SMV unattended vehicle,Unknown,"Dusk, artificial","06 - Dusk, artificial",Municipal (excl. Twp. Rd.),No control,unknown,0,0,0,FALSE,FALSE,FALSE,"Fog, mist, smoke, dust",,FALSE,APPLE HILL CRES; APPLE HILL CRES ; 2 M,1/30/2020 11:55:22 AM,541068,4811108
47411,18-019688,1/25/2018 6:00:00 PM,2018,1,25,18,0,0,Thursday,540151.2917,4811954.297,-80.503687,43.459429,At intersection,1,Non-fatal injury,Within intersection,unknown,unknown,SMV other,Unknown,"Dark, artificial","08 - Dark, artificial",Municipal (excl. Twp. Rd.),Stop sign,Functioning,0,0,0,TRUE,FALSE,FALSE,Clear,,FALSE,GUELPH ST; DEKAY ST,1/30/2020 11:55:22 AM,540151.2917,4811954.297