OBJECTID,ACCIDENTNUM,ACCIDENTDATE,ACCIDENT_YEAR,ACCIDENT_MONTH,ACCIDENT_DAY,ACCIDENT_HOUR,ACCIDENT_MINUTE,ACCIDENT_SECOND,ACCIDENT_WEEKDAY,XCOORD,YCOORD,LONGITUDE,LATITUDE,ACCIDENTLOCATION,COLLISIONTYPE,CLASSIFICATIONOFACCIDENT,IMPACTLOCATION,INITIALDIRECTIONOFTRAVELONE,INITIALDIRECTIONOFTRAVELTWO,INITIALIMPACTTYPE,INTTRAFFICCONTROL,LIGHT,LIGHTFORREPORT,ROADJURISDICTION,TRAFFICCONTROL,TRAFFICCONTROLCONDITION,THRULANENO,NORTHBOUNDDISOBEYCOUNT,SOUTHBOUNDDISOBEYCOUNT,PEDESTRIANINVOLVED,CYCLISTINVOLVED,MOTORCYCLISTINVOLVED,ENVIRONMENTCONDITION1,ENVIRONMENTCONDITION2,SELFREPORTED,XMLIMPORTNOTES,LASTEDITEDDATE,x,y
47412,18-020237,1/25/2018 4:15:00 PM,2018,1,25,16,15,0,Thursday,547431.6728,4811393.303,-80.413746,43.453952,At/near private drive,2,P.D. only,Thru lane,unknown,unknown,Other,Unknown,Daylight,01 - Daylight,Municipal (excl. Twp. Rd.),No control,unknown,0,0,0,FALSE,FALSE,FALSE,Clear,,FALSE,ZELLER DR; ZELLER D; Near,1/30/2020 11:55:21 AM,547431.6728,4811393.303
47413,18-020324,1/26/2018 1:05:00 PM,2018,1,26,13,5,0,Friday,544612.1686,4809091.229,-80.448782,43.433397,At intersection,2,P.D. only,Within intersection,unknown,unknown,Turning movement,Unknown,Daylight,01 - Daylight,Municipal (excl. Twp. Rd.),Traffic signal,Functioning,0,0,0,FALSE,FALSE,FALSE,Clear,,FALSE,FRANKLIN ST S; KINGSWAY DR,1/30/2020 11:55:20 AM,544612.1686,4809091.229
47414,18-020348,1/26/2018 7:45:00 AM,2018,1,26,7,45,0,Friday,539617.3783,4811372.94,-80.510329,43.454223,At intersection,2,P.D. only,Within intersection,unknown,unknown,Rear end,Unknown,Dawn,03 - Dawn,Regional municipality,Traffic signal,Functioning,0,0,0,FALSE,FALSE,FALSE,Clear,,FALSE,GLASGOW ST; PARK ST,1/30/2020 11:55:19 AM,539617.3783,4811372.941
47415,18-020367,1/25/2018 7:00:00 PM,2018,1,25,19,0,0,Thursday,541451.2991,4807013.887,-80.487993,43.414874,Non intersection,2,P.D. only,Thru lane,unknown,unknown,SMV unattended vehicle,Unknown,Dark,07 - Dark,Municipal (excl. Twp. Rd.),No control,unknown,0,0,0,FALSE,FALSE,FALSE,Clear,,FALSE,BLACKHORNE DR; BLACKHORNE DR,1/30/2020 11:55:18 AM,541451.2991,4807013.887
47416,18-020525,1/24/2018 6:20:00 PM,2018,1,24,18,20,0,Wednesday,539496.785,4806891.402,-80.512143,43.413877,Non intersection,2,P.D. only,Thru lane,unknown,unknown,SMV unattended vehicle,Unknown,"Dark, artificial","08 - Dark, artificial",Municipal (excl. Twp. Rd.),No control,unknown,0,0,0,FALSE,FALSE,FALSE,Clear,,FALSE,ORCHID CRES; ORCHID CRES; Near,1/30/2020 11:55:17 AM,539496.785,4806891.402
47417,18-020853,1/27/2018 12:55:00 AM,2018,1,27,0,55,0,Saturday,543855.0785,4805116.054,-80.458455,43.397649,Intersection related,1,Non-fatal injury,Thru lane,unknown,unknown,Rear end,Unknown,Dark,07 - Dark,Regional municipality,Traffic signal,Functioning,0,0,0,FALSE,FALSE,FALSE,Clear,,FALSE,HURON RD; TRILLIUM DR; 20 M,1/30/2020 11:55:16 AM,543855.0785,4805116.054
47418,18-021067,1/26/2018 7:30:00 PM,2018,1,26,19,30,0,Friday,536173.5546,4809309.817,-80.55303,43.43582,At/near private drive,2,P.D. only,Thru lane,unknown,unknown,SMV unattended vehicle,Unknown,Dark,07 - Dark,Regional municipality,No control,unknown,0,0,0,FALSE,FALSE,FALSE,Clear,,FALSE,GARDEN PATH PL; GARDEN PATH PL,1/30/2020 11:55:15 AM,536173.5546,4809309.817
47419,18-021459,1/27/2018 6:45:00 PM,2018,1,27,18,45,0,Saturday,548933.5108,4806115.3,-80.395657,43.406332,At intersection,2,P.D. only,Within intersection,unknown,unknown,Turning movement,Unknown,Dark,07 - Dark,Municipal (excl. Twp. Rd.),Stop sign,Functioning,0,0,0,FALSE,FALSE,FALSE,Clear,,FALSE,BAXTER PL; PIONEER TOWER RD,1/30/2020 11:55:14 AM,548933.5108,4806115.3
47420,18-021784,1/28/2018 3:00:00 AM,2018,1,28,3,0,0,Sunday,541068,4811108,0,0,Non intersection,2,P.D. only,Not on roadway - left side,unknown,unknown,SMV other,Unknown,Dark,07 - Dark,Municipal (excl. Twp. Rd.),No control,unknown,0,0,0,FALSE,FALSE,FALSE,Clear,,FALSE,WEST OAK TRAIL; FISCHER HALLMAN RD; 100 M,1/30/2020 11:55:13 AM,541068,4811108
47421,18-021789,1/28/2018 5:15:00 AM,2018,1,28,5,15,0,Sunday,536906.5062,4808745.101,-80.544012,43.4307,Non intersection,2,P.D. only,Not on roadway - right side,unknown,unknown,SMV other,Unknown,"Dark, artificial","08 - Dark, artificial",Municipal (excl. Twp. Rd.),No control,unknown,0,0,0,FALSE,FALSE,FALSE,Clear,,FALSE,WESTFOREST TRAIL; WESTFOREST TRAIL ; Near; 2 M,1/30/2020 11:55:12 AM,536906.5062,4808745.101
47422,18-022487,1/29/2018 6:15:00 AM,2018,1,29,6,15,0,Monday,541068,4811108,0,0,At intersection,2,P.D. only,Within intersection,unknown,unknown,SMV unattended vehicle,Unknown,"Dark, artificial","08 - Dark, artificial",Municipal (excl. Twp. Rd.),Stop sign,Functioning,0,0,0,FALSE,FALSE,FALSE,Clear,,FALSE,JESSICA CRES; SIENNA ST,1/30/2020 11:55:11 AM,541068,4811108
47423,18-022754,1/29/2018 12:00:00 PM,2018,1,29,12,0,0,Monday,541706.2792,4813279.166,-80.484365,43.471273,At intersection,2,P.D. only,Within intersection,unknown,unknown,Turning movement,Unknown,Daylight,01 - Daylight,Regional municipality,Traffic signal,Functioning,0,0,0,FALSE,FALSE,FALSE,Snow,,FALSE,LANCASTER ST W; UNION ST,1/30/2020 11:55:11 AM,541706.2792,4813279.166
47424,18-022903,1/29/2018 4:14:00 PM,2018,1,29,16,14,0,Monday,545309.3392,4803253.936,-80.440652,43.380796,Non intersection,2,P.D. only,Thru lane,unknown,unknown,Sideswipe,Unknown,"Daylight, artificial","02 - Daylight, artificial",Municipal (excl. Twp. Rd.),No control,unknown,0,0,0,FALSE,FALSE,FALSE,Snow,,FALSE,FOREST CREEK DR; FOREST CREEK DR ; At; 1 M,1/30/2020 11:55:10 AM,545309.3392,4803253.936
47425,18-022906,1/29/2018 4:18:00 PM,2018,1,29,16,18,0,Monday,538890.1319,4810243.636,-80.519398,43.444092,Non intersection,1,Non-fatal injury,Thru lane,unknown,unknown,SMV other,Unknown,Daylight,01 - Daylight,Municipal (excl. Twp. Rd.),No control,unknown,0,0,0,TRUE,FALSE,FALSE,Drifting Snow,,FALSE,BRYBECK CRES; BRYBECK CRES ; At; 20 M,1/30/2020 11:55:09 AM,538890.1319,4810243.636
47426,18-023018,1/29/2018 6:51:00 PM,2018,1,29,18,51,0,Monday,544373.9221,4813264.723,-80.451386,43.470989,Non intersection,2,P.D. only,Not on roadway - right side,unknown,unknown,SMV other,Unknown,Dusk,05 - Dusk,Municipal (excl. Twp. Rd.),Stop sign,Functioning,0,0,0,FALSE,FALSE,FALSE,Snow,,FALSE,SHIRLEY DR; BINGEMANS DR; Near; 180 M,1/30/2020 11:55:08 AM,544373.9221,4813264.723
47427,18-023193,1/30/2018 12:28:00 AM,2018,1,30,0,28,0,Tuesday,540753.3134,4808646.005,-80.496493,43.429608,Intersection related,2,P.D. only,Not on roadway - right side,unknown,unknown,SMV other,Unknown,Dark,07 - Dark,Municipal (excl. Twp. Rd.),Stop sign,Functioning,0,0,0,FALSE,FALSE,FALSE,Snow,,FALSE,GREENBROOK DR ; STIRLING AVE S; At,1/30/2020 11:55:07 AM,540753.3134,4808646.005
47428,18-023239,1/30/2018 3:24:00 AM,2018,1,30,3,24,0,Tuesday,546317.8919,4814216.94,-80.427272,43.479445,Non intersection,2,P.D. only,Not on roadway - left side,unknown,unknown,SMV other,Unknown,Dark,07 - Dark,Municipal (excl. Twp. Rd.),No control,unknown,0,0,0,FALSE,FALSE,FALSE,Snow,,FALSE,SHIRLEY DR; RIVERVIEW PL ; 50 M,1/30/2020 11:55:06 AM,546317.8919,4814216.941
47429,18-023323,1/29/2018 5:30:00 PM,2018,1,29,17,30,0,Monday,541068,4811108,0,0,At intersection,2,Non-reportable,Within intersection,unknown,unknown,Turning movement,Unknown,"Dusk, artificial","06 - Dusk, artificial",Municipal (excl. Twp. Rd.),Stop sign,Functioning,0,0,0,FALSE,FALSE,FALSE,Snow,,FALSE,WELLINGTON ST N; SPRING VALLEY RD,1/30/2020 11:55:05 AM,541068,4811108
47430,18-023332,1/30/2018 8:17:00 AM,2018,1,30,8,17,0,Tuesday,537039.4228,4807886.167,-80.542428,43.422959,At intersection,2,P.D. only,Within intersection,unknown,unknown,Turning movement,Unknown,Daylight,01 - Daylight,Municipal (excl. Twp. Rd.),Stop sign,Functioning,0,0,0,FALSE,FALSE,FALSE,Clear,,FALSE,WESTHEIGHTS DR ; ROLLING MEADOWS DR,1/30/2020 11:55:04 AM,537039.4228,4807886.167
47431,18-023337,1/30/2018 8:24:00 AM,2018,1,30,8,24,0,Tuesday,544875.5101,4813509.422,-80.445165,43.473163,Non intersection,2,P.D. only,Thru lane,unknown,unknown,Rear end,Unknown,Daylight,01 - Daylight,Municipal (excl. Twp. Rd.),No control,unknown,0,0,0,FALSE,FALSE,FALSE,Clear,,FALSE,BINGEMANS CENTRE DR; BINGEMANS CENTRE DR; Near; 20 M,1/30/2020 11:55:03 AM,544875.5101,4813509.422
47432,18-023394,1/29/2018 4:00:00 PM,2018,1,29,16,0,0,Monday,540415.2631,4810595.043,-80.500525,43.447176,Intersection related,2,P.D. only,Thru lane,unknown,unknown,Approaching,Unknown,Daylight,01 - Daylight,Municipal (excl. Twp. Rd.),Stop sign,Functioning,0,0,0,FALSE,FALSE,FALSE,Snow,,FALSE,JUBILEE DR ; PARK ST,1/30/2020 11:55:02 AM,540415.2631,4810595.043
47433,18-023448,1/30/2018 9:00:00 AM,2018,1,30,9,0,0,Tuesday,543361.0621,4807653.791,-80.464354,43.420528,Intersection related,2,P.D. only,Left turn lane,unknown,unknown,Turning movement,Unknown,Daylight,01 - Daylight,Municipal (excl. Twp. Rd.),Stop sign,Functioning,0,0,0,FALSE,FALSE,FALSE,Clear,,FALSE,LENNOX LEWIS WAY; BLOCK LINE RD; At,1/30/2020 11:55:02 AM,543361.0621,4807653.791
47434,18-023516,1/30/2018 1:11:00 PM,2018,1,30,13,11,0,Tuesday,547328.1777,4808164.477,-80.415305,43.424886,Non intersection,2,P.D. only,Not on roadway - left side,unknown,unknown,SMV other,Unknown,Daylight,01 - Daylight,Regional municipality,No control,unknown,0,0,0,FALSE,FALSE,FALSE,Clear,,FALSE,MORRISON RD; KING ST E; 30 M,1/30/2020 11:55:01 AM,547328.1777,4808164.477
47435,18-023541,1/30/2018 11:25:00 AM,2018,1,30,11,25,0,Tuesday,537377.022,4808028.413,-80.538248,43.424223,Non intersection,2,P.D. only,Thru lane,unknown,unknown,Sideswipe,Unknown,Daylight,01 - Daylight,Regional municipality,No control,unknown,0,0,0,FALSE,FALSE,FALSE,Snow,,FALSE,BLACKWELL DR; BLACKWELL DR; Near,1/30/2020 11:55:00 AM,537377.022,4808028.413
47436,18-023590,1/29/2018 8:00:00 PM,2018,1,29,20,0,0,Monday,539976.6578,4806794.951,-80.506223,43.412983,Non intersection,2,P.D. only,Thru lane,unknown,unknown,SMV unattended vehicle,Unknown,"Dark, artificial","08 - Dark, artificial",Municipal (excl. Twp. Rd.),No control,unknown,0,0,0,FALSE,FALSE,FALSE,Snow,,FALSE,DINISON CRES; DINISON CRES ; Near,1/30/2020 11:54:59 AM,539976.6578,4806794.951
47437,18-023607,1/29/2018 9:05:00 AM,2018,1,29,9,5,0,Monday,541146.698,4812894.491,-80.491312,43.46784,Non intersection,2,P.D. only,Thru lane,unknown,unknown,Sideswipe,Unknown,Daylight,01 - Daylight,Municipal (excl. Twp. Rd.),No control,unknown,0,0,0,FALSE,FALSE,FALSE,Clear,,FALSE,PRUETER AVE; PRUETER AVE,1/30/2020 11:54:58 AM,541146.698,4812894.491
47438,18-023667,1/30/2018 3:17:00 PM,2018,1,30,15,17,0,Tuesday,540748.7271,4810740.331,-80.496393,43.448466,Non intersection,2,P.D. only,Thru lane,unknown,unknown,SMV other,Unknown,Daylight,01 - Daylight,unknown,No control,unknown,0,0,0,FALSE,FALSE,FALSE,Clear,,FALSE,WATER ST S; JUBILEE DR; 50 M,2/19/2019 2:08:45 PM,540748.7271,4810740.331
47439,18-023714,1/30/2018 4:25:00 PM,2018,1,30,16,25,0,Tuesday,541301.1101,4812435.036,-80.489438,43.463695,At intersection,1,Non-fatal injury,Within intersection,unknown,unknown,Turning movement,Unknown,Daylight,01 - Daylight,Municipal (excl. Twp. Rd.),Stop sign,Functioning,0,0,0,FALSE,FALSE,FALSE,Clear,,FALSE,ST LEGER ST; BLUCHER BLVD,1/30/2020 11:54:57 AM,541301.1101,4812435.036
47440,18-023744,1/30/2018 4:58:00 PM,2018,1,30,16,58,0,Tuesday,541859.2019,4808134.658,-80.482869,43.424943,Non intersection,1,Non-fatal injury,Thru lane,unknown,unknown,Approaching,Unknown,Daylight,01 - Daylight,Municipal (excl. Twp. Rd.),No control,unknown,0,0,0,FALSE,FALSE,FALSE,Clear,,FALSE,ALPINE RD; FLINT DR ; 120 M,1/30/2020 11:54:56 AM,541859.2019,4808134.658
47441,18-023776,1/30/2018 8:36:00 AM,2018,1,30,8,36,0,Tuesday,539089.322,4811088.068,-80.516876,43.451685,At/near private drive,2,P.D. only,Thru lane,unknown,unknown,Rear end,Unknown,Daylight,01 - Daylight,Municipal (excl. Twp. Rd.),No control,unknown,0,0,0,FALSE,FALSE,FALSE,Snow,,FALSE,BELMONT AVE W; BELMONT AVE W; Near,1/30/2020 11:54:55 AM,539089.322,4811088.068
47442,18-023781,1/30/2018 8:00:00 AM,2018,1,30,8,0,0,Tuesday,541160.5827,4811399.937,-80.491253,43.454382,Other,2,P.D. only,Off highway,unknown,unknown,SMV unattended vehicle,Unknown,"Dark, artificial","08 - Dark, artificial",Private property,No control,unknown,0,0,0,FALSE,FALSE,FALSE,Snow,,FALSE,DRIVEWAY; COLLEGE ST,1/30/2020 11:54:53 AM,541160.5827,4811399.937
47443,18-024117,1/31/2018 8:33:00 AM,2018,1,31,8,33,0,Wednesday,539317.2081,4810615.713,-80.514093,43.44742,At intersection,2,P.D. only,Within intersection,unknown,unknown,Turning movement,Unknown,Daylight,01 - Daylight,Municipal (excl. Twp. Rd.),Traffic signal,Functioning,0,0,0,FALSE,FALSE,FALSE,Snow,,FALSE,BELMONT AVE W; GAGE AVE,1/30/2020 11:54:52 AM,539317.2081,4810615.713
47444,18-024266,1/31/2018 12:00:00 PM,2018,1,31,12,0,0,Wednesday,539573.6746,4811674.099,-80.510847,43.456936,At/near private drive,2,P.D. only,Thru lane,unknown,unknown,Turning movement,Unknown,Daylight,01 - Daylight,Municipal (excl. Twp. Rd.),No control,unknown,0,0,0,FALSE,FALSE,FALSE,Clear,,FALSE,PARK ST; KING ST W; At; 1 M,1/30/2020 11:54:52 AM,539573.6746,4811674.099
47445,18-024835,2/1/2018 6:36:00 AM,2018,2,1,6,36,0,Thursday,544608.644,4809095.002,-80.448825,43.433431,At intersection,2,P.D. only,Within intersection,unknown,unknown,Angle,Unknown,Daylight,01 - Daylight,Municipal (excl. Twp. Rd.),Traffic signal,Functioning,0,0,0,FALSE,FALSE,FALSE,Clear,,FALSE,FRANKLIN ST S; KINGSWAY DR,1/30/2020 11:54:51 AM,544608.644,4809095.002
47446,18-024947,2/1/2018 9:37:00 AM,2018,2,1,9,37,0,Thursday,542783.3072,4804146.918,-80.471765,43.388985,At intersection,2,P.D. only,Within intersection,unknown,unknown,Angle,Unknown,Daylight,01 - Daylight,Municipal (excl. Twp. Rd.),Stop sign,Functioning,0,0,0,FALSE,FALSE,FALSE,Clear,,FALSE,HURON RD ; NEWCASTLE DR,1/30/2020 11:54:50 AM,542783.3072,4804146.918
47447,18-025065,2/1/2018 1:02:00 PM,2018,2,1,13,2,0,Thursday,546637.5174,4811194.619,-80.423578,43.452212,Non intersection,2,P.D. only,Thru lane,unknown,unknown,SMV unattended vehicle,Unknown,Daylight,01 - Daylight,Municipal (excl. Twp. Rd.),No control,unknown,0,0,0,FALSE,FALSE,FALSE,Clear,,FALSE,GREGG CRT; GREGG CRT ; Near,1/30/2020 11:54:49 AM,546637.5174,4811194.619
47448,18-025889,2/2/2018 12:45:00 PM,2018,2,2,12,45,0,Friday,546289.9279,4809512.358,-80.428017,43.437087,At/near private drive,2,P.D. only,Thru lane,unknown,unknown,Sideswipe,Unknown,Daylight,01 - Daylight,Municipal (excl. Twp. Rd.),No control,unknown,0,0,0,FALSE,FALSE,FALSE,Clear,,FALSE,VERONICA DR; VERONICA DR; Near,1/30/2020 11:54:48 AM,546289.9279,4809512.358
47449,18-026704,2/3/2018 2:28:00 PM,2018,2,3,14,28,0,Saturday,539778.3823,4802993.088,-80.508949,43.378761,Non intersection,2,P.D. only,Not on roadway - left side,unknown,unknown,SMV other,Unknown,Daylight,01 - Daylight,Regional municipality,No control,unknown,0,0,0,FALSE,FALSE,FALSE,Drifting Snow,,FALSE,HURON RD; HURON RD ; Near; 7 M,1/30/2020 11:54:47 AM,539778.3823,4802993.088
47450,18-026742,2/3/2018 1:45:00 PM,2018,2,3,13,45,0,Saturday,539776.1214,4805437.988,-80.508799,43.400775,At/near private drive,2,P.D. only,Thru lane,unknown,unknown,Other,Unknown,Daylight,01 - Daylight,Municipal (excl. Twp. Rd.),No control,unknown,0,0,0,FALSE,FALSE,FALSE,Clear,,FALSE,DONNENWERTH DR; DONNENWERTH DR ; At,1/30/2020 11:54:46 AM,539776.1214,4805437.988
47451,18-026750,2/3/2018 3:40:00 PM,2018,2,3,15,40,0,Saturday,545124.4735,4807655.807,-80.442571,43.420442,At/near private drive,2,P.D. only,Thru lane,unknown,unknown,Turning movement,Unknown,Daylight,01 - Daylight,Regional municipality,No control,unknown,0,0,0,FALSE,FALSE,FALSE,Snow,,FALSE,WILSON AVE; FAIRWAY RD S; Near; 5 M,1/30/2020 11:54:45 AM,545124.4735,4807655.807
47452,18-027173,2/4/2018 5:13:00 AM,2018,2,4,5,13,0,Sunday,540746.1863,4808828.522,-80.496567,43.431252,Intersection related,2,P.D. only,Not on roadway - right side,unknown,unknown,SMV other,Unknown,"Dark, artificial","08 - Dark, artificial",Regional municipality,Traffic signal,Functioning,0,0,0,FALSE,FALSE,FALSE,Snow,,FALSE,STIRLING AVE S; HOMER WATSON BLVD,1/30/2020 11:54:44 AM,540746.1863,4808828.522
47453,18-027236,2/4/2018 8:39:00 AM,2018,2,4,8,39,0,Sunday,545918.8473,4803941.219,-80.43307,43.386947,At/near private drive,2,P.D. only,Not on roadway - right side,unknown,unknown,SMV other,Unknown,Daylight,01 - Daylight,Municipal (excl. Twp. Rd.),No control,unknown,0,0,0,FALSE,FALSE,FALSE,Snow,,FALSE,DOON MILLS DR; DOON MILLS DR ; 3 M,1/30/2020 11:54:44 AM,545918.8473,4803941.219
47454,18-027503,2/4/2018 12:00:00 PM,2018,2,4,12,0,0,Sunday,541068,4811108,0,0,At intersection,2,P.D. only,Within intersection,unknown,unknown,Angle,Unknown,Daylight,01 - Daylight,Municipal (excl. Twp. Rd.),Yield sign,Functioning,0,0,0,FALSE,FALSE,FALSE,Snow,,FALSE,SEABROOK DR; AMAND DR,1/30/2020 11:54:43 AM,541068,4811108
47455,18-027580,2/4/2018 6:21:00 PM,2018,2,4,18,21,0,Sunday,539840.0653,4807422.412,-80.507865,43.41864,At/near private drive,2,P.D. only,Thru lane,unknown,unknown,Rear end,Unknown,Dark,07 - Dark,Municipal (excl. Twp. Rd.),No control,unknown,0,0,0,FALSE,FALSE,FALSE,Snow,,FALSE,WILLIAMSBURG RD; WILLIAMSBURG RD ; At; 1 M,1/30/2020 11:54:42 AM,539840.0653,4807422.412
47456,18-027987,2/4/2018 4:00:00 PM,2018,2,4,16,0,0,Sunday,547645.723,4805846.038,-80.411584,43.403991,Non intersection,2,P.D. only,Thru lane,unknown,unknown,SMV unattended vehicle,Unknown,Daylight,01 - Daylight,Regional municipality,No control,unknown,0,0,0,FALSE,FALSE,FALSE,Snow,,FALSE,DEER RIDGE DR; DEER RIDGE DR,1/30/2020 11:54:40 AM,547645.723,4805846.038
47457,18-027994,2/4/2018 10:45:00 AM,2018,2,4,10,45,0,Sunday,542158.8291,4810192.687,-80.479009,43.443457,At/near private drive,2,P.D. only,Thru lane,unknown,unknown,SMV unattended vehicle,Unknown,Daylight,01 - Daylight,Municipal (excl. Twp. Rd.),No control,unknown,0,0,0,FALSE,FALSE,FALSE,Snow,,FALSE,STIRLING AVE S; STIRLING AVE S,1/30/2020 11:54:39 AM,542158.8291,4810192.687
47458,18-028032,2/5/2018 11:26:00 AM,2018,2,5,11,26,0,Monday,542442.4433,4809146.031,-80.475585,43.434017,At/near private drive,2,P.D. only,Thru lane,unknown,unknown,Turning movement,Unknown,Daylight,01 - Daylight,Municipal (excl. Twp. Rd.),No control,unknown,0,0,0,FALSE,FALSE,FALSE,Clear,,FALSE,MILL ST; MILL ST ; Near; 3 M,1/30/2020 11:54:38 AM,542442.4433,4809146.031
47459,18-028076,2/4/2018 7:45:00 PM,2018,2,4,19,45,0,Sunday,544435.7928,4807845.667,-80.451062,43.422192,Non intersection,2,P.D. only,Right shoulder,unknown,unknown,SMV unattended vehicle,Unknown,"Dark, artificial","08 - Dark, artificial",Municipal (excl. Twp. Rd.),No control,unknown,0,0,0,FALSE,FALSE,FALSE,Clear,,FALSE,BELWOOD CRES; BELWOOD CRES ; Near,1/30/2020 11:54:37 AM,544435.7928,4807845.667
47460,18-028103,2/5/2018 12:00:00 PM,2018,2,5,12,0,0,Monday,540825.9183,4811133.231,-80.495409,43.451999,At/near private drive,2,P.D. only,Thru lane,unknown,unknown,Other,Unknown,Daylight,01 - Daylight,Regional municipality,No control,unknown,0,0,0,FALSE,FALSE,FALSE,Clear,,FALSE,KING ST W; KING ST W; Near,1/30/2020 11:54:36 AM,540825.9183,4811133.231
47461,18-028289,2/5/2018 4:56:00 PM,2018,2,5,16,56,0,Monday,543710.8449,4812432.824,-80.45965,43.463538,Intersection related,1,Non-fatal injury,Thru lane,unknown,unknown,Rear end,Unknown,Daylight,01 - Daylight,Municipal (excl. Twp. Rd.),Stop sign,Functioning,0,0,0,FALSE,FALSE,FALSE,Clear,,FALSE,FREDERICK ST; TURNER AVE,1/30/2020 11:54:35 AM,543710.8449,4812432.824
47462,18-028297,2/5/2018 4:15:00 PM,2018,2,5,16,15,0,Monday,541954.5294,4815745.8,-80.481106,43.493468,At intersection,2,P.D. only,Within intersection,unknown,unknown,Turning movement,Unknown,Daylight,01 - Daylight,Municipal (excl. Twp. Rd.),Yield sign,Functioning,0,0,0,FALSE,FALSE,FALSE,Clear,,FALSE,WOOLWICH ST ; CARRIAGE WAY,1/30/2020 11:54:34 AM,541954.5294,4815745.8
47463,18-028670,2/5/2018 6:10:00 PM,2018,2,5,18,10,0,Monday,541068,4811108,0,0,Other,2,P.D. only,Off highway,unknown,unknown,SMV other,Unknown,Dusk,05 - Dusk,Private property,No control,unknown,0,0,0,FALSE,FALSE,FALSE,Snow,,FALSE,GARAGE; CHERRYTREE CRT,1/30/2020 11:54:34 AM,541068,4811108
47464,18-028693,2/6/2018 8:05:00 AM,2018,2,6,8,5,0,Tuesday,546231.1883,4810856.855,-80.428629,43.449196,Intersection related,2,P.D. only,Thru lane,unknown,unknown,Rear end,Unknown,Daylight,01 - Daylight,Municipal (excl. Twp. Rd.),Stop sign,Functioning,0,0,0,FALSE,FALSE,FALSE,Clear,,FALSE,EDENBRIDGE DR; OLDFIELD DR,1/30/2020 11:54:33 AM,546231.1883,4810856.856
47465,18-028769,2/6/2018 9:00:00 AM,2018,2,6,9,0,0,Tuesday,539010.4948,4810300.15,-80.517906,43.444595,At/near private drive,1,Non-fatal injury,Thru lane,unknown,unknown,Turning movement,Unknown,Daylight,01 - Daylight,Municipal (excl. Twp. Rd.),Traffic signal,Functioning,0,0,0,FALSE,FALSE,FALSE,Clear,,FALSE,BRYBECK CRES; BRYBECK CRES ; Near; 5 M,1/30/2020 11:54:31 AM,539010.4948,4810300.15
47466,18-028922,2/6/2018 12:43:00 PM,2018,2,6,12,43,0,Tuesday,542377.5869,4812456.017,-80.476129,43.463823,At/near private drive,2,P.D. only,Off highway,unknown,unknown,SMV other,Unknown,Daylight,01 - Daylight,Municipal (excl. Twp. Rd.),No control,unknown,0,0,0,FALSE,FALSE,FALSE,Clear,,FALSE,WELLINGTON ST N; WELLINGTON ST N; At; 5 M,1/30/2020 11:54:31 AM,542377.5869,4812456.017
47467,18-029027,2/6/2018 2:47:00 PM,2018,2,6,14,47,0,Tuesday,541180.408,4809390.884,-80.49116,43.436292,At intersection,1,Non-fatal injury,Within intersection,unknown,unknown,Angle,Unknown,Daylight,01 - Daylight,Municipal (excl. Twp. Rd.),Traffic signal,Functioning,0,1,0,FALSE,FALSE,FALSE,Clear,,FALSE,STIRLING AVE S; HIGHLAND RD E,1/30/2020 11:54:30 AM,541180.408,4809390.884
47468,18-029118,2/6/2018 3:45:00 PM,2018,2,6,15,45,0,Tuesday,537039.7718,4807885.556,-80.542424,43.422954,Intersection related,2,P.D. only,Off highway,unknown,unknown,Other,Unknown,Daylight,01 - Daylight,Regional municipality,Stop sign,Functioning,0,0,0,FALSE,FALSE,FALSE,Clear,,FALSE,ROLLING MEADOWS DR; WESTHEIGHTS DR,1/30/2020 11:54:29 AM,537039.7718,4807885.556
47469,18-029169,2/6/2018 3:15:00 PM,2018,2,6,15,15,0,Tuesday,543670.8502,4812366.453,-80.46015,43.462943,Non intersection,2,Non-reportable,Thru lane,unknown,unknown,Sideswipe,Unknown,Daylight,01 - Daylight,unknown,No control,unknown,0,0,0,FALSE,FALSE,FALSE,Clear,,FALSE,FREDERICK ST; RIVER RD E; Near; 150 M,2/19/2019 2:08:44 PM,543670.8502,4812366.453
47470,18-029320,2/6/2018 10:25:00 PM,2018,2,6,22,25,0,Tuesday,539905.4798,4809204.156,-80.506926,43.434679,Non intersection,1,Non-fatal injury,Thru lane,unknown,unknown,Rear end,Unknown,Dark,07 - Dark,Municipal (excl. Twp. Rd.),No control,unknown,0,0,0,FALSE,FALSE,FALSE,Clear,,FALSE,QUEENS BLVD; QUEENS BLVD ; 15 M,1/30/2020 11:54:28 AM,539905.4798,4809204.156
47471,18-029612,2/7/2018 9:40:00 AM,2018,2,7,9,40,0,Wednesday,544318.1586,4803218.866,-80.45289,43.38054,Non intersection,2,P.D. only,Thru lane,unknown,unknown,Sideswipe,Unknown,Daylight,01 - Daylight,Municipal (excl. Twp. Rd.),No control,unknown,0,0,0,FALSE,FALSE,FALSE,Snow,,FALSE,CARYNDALE DR; CARYNDALE DR ; Near; 10 M,1/30/2020 11:54:27 AM,544318.1586,4803218.866
47472,18-029675,2/7/2018 10:58:00 AM,2018,2,7,10,58,0,Wednesday,537461.4194,4810321.661,-80.537048,43.444868,Non intersection,2,P.D. only,Not on roadway - right side,unknown,unknown,SMV other,Unknown,Daylight,01 - Daylight,Regional municipality,No control,unknown,0,0,0,FALSE,FALSE,FALSE,Snow,,FALSE,GLASGOW ST; GLASGOW ST ; At; 10 M,1/30/2020 11:54:26 AM,537461.4194,4810321.661
47473,18-029679,2/7/2018 8:30:00 AM,2018,2,7,8,30,0,Wednesday,547311.4267,4811363.184,-80.415235,43.453688,Non intersection,2,P.D. only,Not on roadway - right side,unknown,unknown,Sideswipe,Unknown,Daylight,01 - Daylight,Municipal (excl. Twp. Rd.),No control,unknown,0,0,0,FALSE,FALSE,FALSE,Snow,,FALSE,ZELLER DR ; ZELLER DR; 1 M,1/30/2020 11:54:25 AM,547311.4267,4811363.184