OBJECTID,ACCIDENTNUM,ACCIDENTDATE,ACCIDENT_YEAR,ACCIDENT_MONTH,ACCIDENT_DAY,ACCIDENT_HOUR,ACCIDENT_MINUTE,ACCIDENT_SECOND,ACCIDENT_WEEKDAY,XCOORD,YCOORD,LONGITUDE,LATITUDE,ACCIDENTLOCATION,COLLISIONTYPE,CLASSIFICATIONOFACCIDENT,IMPACTLOCATION,INITIALDIRECTIONOFTRAVELONE,INITIALDIRECTIONOFTRAVELTWO,INITIALIMPACTTYPE,INTTRAFFICCONTROL,LIGHT,LIGHTFORREPORT,ROADJURISDICTION,TRAFFICCONTROL,TRAFFICCONTROLCONDITION,THRULANENO,NORTHBOUNDDISOBEYCOUNT,SOUTHBOUNDDISOBEYCOUNT,PEDESTRIANINVOLVED,CYCLISTINVOLVED,MOTORCYCLISTINVOLVED,ENVIRONMENTCONDITION1,ENVIRONMENTCONDITION2,SELFREPORTED,XMLIMPORTNOTES,LASTEDITEDDATE,x,y
47474,18-029698,2/7/2018 11:20:00 AM,2018,2,7,11,20,0,Wednesday,539395.4824,4811531.088,-80.51306,43.455658,At intersection,1,Non-fatal injury,Within intersection,unknown,unknown,Rear end,Unknown,Daylight,01 - Daylight,Municipal (excl. Twp. Rd.),Stop sign,Functioning,0,0,0,FALSE,FALSE,FALSE,Snow,,FALSE,PARK ST; WOOD ST,1/30/2020 11:54:25 AM,539395.4824,4811531.088
47475,18-029761,2/7/2018 11:20:00 AM,2018,2,7,11,20,0,Wednesday,539567.2349,4811427.661,-80.510944,43.454718,Intersection related,2,P.D. only,Thru lane,unknown,unknown,Rear end,Unknown,Daylight,01 - Daylight,Municipal (excl. Twp. Rd.),Stop sign,Functioning,0,0,0,FALSE,FALSE,FALSE,Snow,,FALSE,PARK ST; GREEN ST,1/30/2020 11:54:23 AM,539567.2349,4811427.662
47476,18-029816,2/7/2018 2:00:00 PM,2018,2,7,14,0,0,Wednesday,540636.3196,4809446.761,-80.497878,43.436825,At intersection,1,Non-fatal injury,Within intersection,unknown,unknown,Angle,Unknown,Daylight,01 - Daylight,Municipal (excl. Twp. Rd.),Stop sign,Functioning,0,1,0,FALSE,FALSE,FALSE,Clear,,FALSE,GLEN RD; PLEASANT AVE,1/30/2020 11:54:23 AM,540636.3196,4809446.761
47477,18-030072,2/7/2018 5:45:00 PM,2018,2,7,17,45,0,Wednesday,542813.8713,4808127.216,-80.471076,43.424822,Intersection related,2,P.D. only,Thru lane,unknown,unknown,Rear end,Stop sign,Dusk,05 - Dusk,Regional municipality,Stop sign,Functioning,0,0,0,FALSE,FALSE,FALSE,Clear,,FALSE,HANSON AVE ; HAYWARD AVE,1/30/2020 11:54:22 AM,542813.8713,4808127.216
47478,18-030603,2/7/2018 8:15:00 PM,2018,2,7,20,15,0,Wednesday,543064.5985,4811190.142,-80.467737,43.452386,At/near private drive,2,P.D. only,Thru lane,unknown,unknown,Sideswipe,Unknown,Dark,07 - Dark,Municipal (excl. Twp. Rd.),No control,unknown,0,0,0,FALSE,FALSE,FALSE,Clear,,FALSE,DUMFRIES AVE; FREDERICK ST ; At,1/30/2020 11:54:21 AM,543064.5985,4811190.142
47479,18-030898,2/8/2018 6:00:00 PM,2018,2,8,18,0,0,Thursday,546336.1797,4812404.657,-80.4272,43.463126,At/near private drive,2,P.D. only,Thru lane,unknown,unknown,SMV unattended vehicle,Unknown,"Dark, artificial","08 - Dark, artificial",Municipal (excl. Twp. Rd.),No control,unknown,0,0,0,FALSE,FALSE,FALSE,Clear,,FALSE,MISTY CRES; MISTY CRES; Near,1/30/2020 11:54:20 AM,546336.1797,4812404.657
47480,18-031401,2/9/2018 12:45:00 PM,2018,2,9,12,45,0,Friday,540415.2631,4810595.043,-80.500525,43.447176,At intersection,1,Non-fatal injury,Within intersection,unknown,unknown,Approaching,Unknown,Daylight,01 - Daylight,Municipal (excl. Twp. Rd.),Stop sign,Functioning,0,0,0,FALSE,FALSE,FALSE,Snow,,FALSE,PARK ST ; JUBILEE DR,1/30/2020 11:54:19 AM,540415.2631,4810595.043
47481,18-031477,2/9/2018 2:10:00 PM,2018,2,9,14,10,0,Friday,545168.7233,4808152.839,-80.441983,43.424914,At/near private drive,1,Non-fatal injury,Thru lane,unknown,unknown,Rear end,Unknown,Daylight,01 - Daylight,Municipal (excl. Twp. Rd.),No control,unknown,0,0,0,FALSE,FALSE,FALSE,Snow,,FALSE,GREENFIELD AVE; GREENFIELD AVE ; At,1/30/2020 11:54:18 AM,545168.7233,4808152.839
47482,18-031499,2/6/2018 10:00:00 AM,2018,2,6,10,0,0,Tuesday,540089.5998,4805878.352,-80.504896,43.404724,Non intersection,2,P.D. only,Thru lane,unknown,unknown,SMV unattended vehicle,Unknown,Daylight,01 - Daylight,Municipal (excl. Twp. Rd.),No control,unknown,0,0,0,FALSE,FALSE,FALSE,Clear,,FALSE,DUBRICK CRES; DUBRICK CRES; Near,1/30/2020 11:54:17 AM,540089.5998,4805878.352
47483,18-031552,2/8/2018 3:00:00 PM,2018,2,8,15,0,0,Thursday,545167.7728,4806663.107,-80.442118,43.411501,At/near private drive,2,P.D. only,Off highway,unknown,unknown,SMV other,Unknown,Daylight,01 - Daylight,Regional municipality,No control,unknown,0,0,0,FALSE,FALSE,FALSE,Clear,,FALSE,WILSON AVE; WILSON AVE,1/30/2020 11:54:16 AM,545167.7728,4806663.107
47484,18-031613,2/9/2018 5:17:00 PM,2018,2,9,17,17,0,Friday,549485.8181,4806209.866,-80.388828,43.407147,At intersection,2,P.D. only,Thru lane,unknown,unknown,Sideswipe,Unknown,Daylight,01 - Daylight,Municipal (excl. Twp. Rd.),Traffic signal,Functioning,0,0,0,FALSE,FALSE,FALSE,Clear,,FALSE,GATEWAY PARK DR ; TU LANE ST ; 20 M,1/30/2020 11:54:15 AM,549485.8181,4806209.866
47485,18-031633,2/9/2018 4:30:00 PM,2018,2,9,16,30,0,Friday,542873.1624,4813047.263,-80.469957,43.469119,At/near private drive,2,P.D. only,Thru lane,unknown,unknown,Turning movement,Unknown,Daylight,01 - Daylight,Municipal (excl. Twp. Rd.),No control,unknown,0,0,0,FALSE,FALSE,FALSE,Snow,,FALSE,RIVERBEND DR; RIVERBEND DR,1/30/2020 11:54:14 AM,542873.1624,4813047.263
47486,18-031698,2/9/2018 3:50:00 PM,2018,2,9,15,50,0,Friday,546329.3907,4804138.843,-80.427985,43.388702,At/near private drive,2,P.D. only,Thru lane,unknown,unknown,Turning movement,Unknown,Daylight,01 - Daylight,Municipal (excl. Twp. Rd.),No control,unknown,0,0,0,FALSE,FALSE,FALSE,Snow,,FALSE,DOON VILLAGE RD; DOON VILLAGE RD,1/30/2020 11:54:13 AM,546329.3907,4804138.843
47487,18-032135,2/9/2018 5:05:00 PM,2018,2,9,17,5,0,Friday,544887.5833,4804846.513,-80.445728,43.395161,At intersection,2,P.D. only,Within intersection,unknown,unknown,Sideswipe,Unknown,Daylight,01 - Daylight,Municipal (excl. Twp. Rd.),Traffic signal,Functioning,0,0,0,FALSE,FALSE,FALSE,Snow,,FALSE,DOON VILLAGE RD; PIONEER DR,1/30/2020 11:54:12 AM,544887.5833,4804846.513
47488,18-032140,2/9/2018 5:30:00 PM,2018,2,9,17,30,0,Friday,541048.8133,4808404.583,-80.49286,43.427418,At/near private drive,2,P.D. only,Off highway,unknown,unknown,SMV unattended vehicle,Unknown,Daylight,01 - Daylight,Municipal (excl. Twp. Rd.),No control,unknown,0,0,0,FALSE,FALSE,FALSE,Snow,,FALSE,YAGER AVE; YAGER AVE,1/30/2020 11:54:11 AM,541048.8133,4808404.583
47489,18-032246,2/3/2018 1:17:00 PM,2018,2,3,13,17,0,Saturday,542525.5132,4815951.83,-80.474028,43.495291,At/near private drive,2,P.D. only,Thru lane,unknown,unknown,Turning movement,Unknown,Daylight,01 - Daylight,Municipal (excl. Twp. Rd.),No control,unknown,0,0,0,FALSE,FALSE,FALSE,Clear,,FALSE,FALCONRIDGE DR; FALCONRIDGE DR,1/30/2020 11:54:10 AM,542525.5132,4815951.83
47490,18-032285,2/9/2018 7:00:00 PM,2018,2,9,19,0,0,Friday,538680.8538,4809203.113,-80.522058,43.434734,At/near private drive,2,P.D. only,Thru lane,unknown,unknown,SMV unattended vehicle,Unknown,"Dark, artificial","08 - Dark, artificial",Municipal (excl. Twp. Rd.),No control,unknown,0,0,0,FALSE,FALSE,FALSE,Snow,,FALSE,WYCLIFFE PL; WYCLIFFE PL ; Near,1/30/2020 11:54:09 AM,538680.8538,4809203.113
47491,18-032339,2/10/2018 1:15:00 PM,2018,2,10,13,15,0,Saturday,544723.0581,4810064.717,-80.447332,43.442156,Non intersection,2,P.D. only,Thru lane,unknown,unknown,Sideswipe,Unknown,Daylight,01 - Daylight,Regional municipality,No control,unknown,0,0,0,FALSE,FALSE,FALSE,Snow,,FALSE,FRANKLIN ST N; ROSS AVE; Near; 200 M,1/30/2020 11:54:08 AM,544723.0581,4810064.717
47492,18-032356,2/9/2018 9:00:00 PM,2018,2,9,21,0,0,Friday,536449.5916,4809714.408,-80.549592,43.43945,At/near private drive,2,P.D. only,Thru lane,unknown,unknown,SMV unattended vehicle,Unknown,"Dark, artificial","08 - Dark, artificial",Municipal (excl. Twp. Rd.),No control,unknown,0,0,0,FALSE,FALSE,FALSE,Snow,,FALSE,NORTHMANOR CRES; NORTHMANOR CRES,1/30/2020 11:54:07 AM,536449.5916,4809714.408
47493,18-032413,2/10/2018 2:10:00 PM,2018,2,10,14,10,0,Saturday,539436.3373,4811286.052,-80.512573,43.45345,Non intersection,2,P.D. only,Thru lane,unknown,unknown,Rear end,Unknown,Daylight,01 - Daylight,Municipal (excl. Twp. Rd.),No control,unknown,0,0,0,FALSE,FALSE,FALSE,Snow,,FALSE,PARK ST; GLASGOW ST; Near; 200 M,1/30/2020 11:54:06 AM,539436.3373,4811286.052
47494,18-032441,2/10/2018 4:32:00 PM,2018,2,10,16,32,0,Saturday,539195.5746,4810389.862,-80.515613,43.445393,Non intersection,2,P.D. only,Right shoulder,unknown,unknown,SMV other,Unknown,Daylight,01 - Daylight,Municipal (excl. Twp. Rd.),No control,unknown,0,0,0,FALSE,FALSE,FALSE,Snow,,FALSE,BRYBECK CRES; BRYBECK CRES ; Near; 25 M,1/30/2020 11:54:05 AM,539195.5746,4810389.862
47495,18-032454,2/9/2018 8:00:00 PM,2018,2,9,20,0,0,Friday,541634.9577,4810429.467,-80.485464,43.445618,At/near private drive,2,P.D. only,Off highway,unknown,unknown,SMV unattended vehicle,Unknown,"Dark, artificial","08 - Dark, artificial",Private property,No control,unknown,0,0,0,FALSE,FALSE,FALSE,Snow,,FALSE,CEDAR ST S; CHURCH ST ; At; 0 M,1/30/2020 11:54:04 AM,541634.9577,4810429.467
47496,18-032840,2/11/2018 5:40:00 AM,2018,2,11,5,40,0,Sunday,545213.8935,4810450.253,-80.441235,43.445598,Non intersection,1,Non-fatal injury,Off highway,unknown,unknown,SMV other,Unknown,Dark,07 - Dark,Municipal (excl. Twp. Rd.),No control,unknown,0,0,0,FALSE,FALSE,FALSE,Clear,,FALSE,RIVER RD E; BRADLEY DR; 18 M,1/30/2020 11:54:03 AM,545213.8935,4810450.253
47497,18-032979,2/10/2018 1:30:00 PM,2018,2,10,13,30,0,Saturday,540149.4636,4809558.609,-80.503886,43.437858,At intersection,2,P.D. only,Within intersection,unknown,unknown,Angle,Unknown,Daylight,01 - Daylight,Municipal (excl. Twp. Rd.),Stop sign,Functioning,0,0,0,FALSE,FALSE,FALSE,Snow,,FALSE,NORTH DR; SPADINA RD W,1/30/2020 11:54:02 AM,540149.4636,4809558.609
47498,18-033026,2/10/2018 9:30:00 PM,2018,2,10,21,30,0,Saturday,544910.2233,4802973.496,-80.445602,43.378295,At/near private drive,2,P.D. only,Right shoulder,unknown,unknown,SMV unattended vehicle,Unknown,"Dark, artificial","08 - Dark, artificial",Municipal (excl. Twp. Rd.),No control,unknown,0,0,0,FALSE,FALSE,FALSE,Snow,,FALSE,ROBERT FERRIE DR; ROBERT FERRIE DR,1/30/2020 11:54:01 AM,544910.2233,4802973.496
47499,18-033073,2/11/2018 1:35:00 PM,2018,2,11,13,35,0,Sunday,543888.956,4810919.111,-80.45757,43.449898,Non intersection,2,P.D. only,Right shoulder,unknown,unknown,SMV other,Unknown,Daylight,01 - Daylight,Municipal (excl. Twp. Rd.),No control,unknown,0,0,0,FALSE,FALSE,FALSE,Freezing Rain,,FALSE,MANCHESTER RD; MANCHESTER RD ; 10 M,1/30/2020 11:54:00 AM,543888.956,4810919.111
47500,18-033251,2/11/2018 11:30:00 AM,2018,2,11,11,30,0,Sunday,538977.4041,4807792.937,-80.518494,43.422021,At/near private drive,2,Non-reportable,Thru lane,unknown,unknown,SMV unattended vehicle,Unknown,Daylight,01 - Daylight,Municipal (excl. Twp. Rd.),No control,unknown,0,0,0,FALSE,FALSE,FALSE,Freezing Rain,,FALSE,FOREST GLEN CRES; FOREST GLEN CRES ; At; 4 M,1/30/2020 11:54:00 AM,538977.4041,4807792.937
47501,18-033528,2/12/2018 6:30:00 AM,2018,2,12,6,30,0,Monday,543800.9524,4810954.252,-80.458655,43.45022,Non intersection,2,P.D. only,Not on roadway - left side,unknown,unknown,SMV other,Unknown,"Dawn, artificial","04 - Dawn, artificial",Municipal (excl. Twp. Rd.),No control,unknown,0,0,0,FALSE,FALSE,FALSE,Clear,,FALSE,LYNDHURST DR; DEERFIELD AVE ; Near; 30 M,1/30/2020 11:53:59 AM,543800.9524,4810954.252
47502,18-033917,2/10/2018 5:30:00 PM,2018,2,10,17,30,0,Saturday,545151.7825,4812813.056,-80.441807,43.466876,Non intersection,2,P.D. only,Thru lane,unknown,unknown,SMV unattended vehicle,Unknown,Daylight,01 - Daylight,Municipal (excl. Twp. Rd.),No control,unknown,0,0,0,FALSE,FALSE,FALSE,Clear,,FALSE,GEORGIAN CRES; GEORGIAN CRES ; Near,1/30/2020 11:53:58 AM,545151.7825,4812813.056
47503,18-033985,2/12/2018 4:00:00 PM,2018,2,12,16,0,0,Monday,545273.2545,4806433.282,-80.440834,43.409425,At intersection,2,P.D. only,Within intersection,unknown,unknown,Angle,Stop sign,Daylight,01 - Daylight,Municipal (excl. Twp. Rd.),Stop sign,Functioning,0,0,0,FALSE,FALSE,FALSE,Clear,,FALSE,WILSON AVE; WABANAKI DR,1/30/2020 11:53:57 AM,545273.2545,4806433.282
47504,18-033987,2/12/2018 3:35:00 PM,2018,2,12,15,35,0,Monday,544815.1544,4808555.782,-80.446318,43.428564,At/near private drive,1,Non-fatal injury,Thru lane,unknown,unknown,Other,Unknown,Daylight,01 - Daylight,Municipal (excl. Twp. Rd.),No control,unknown,0,0,0,FALSE,FALSE,FALSE,Clear,,FALSE,CONNAUGHT ST; CONNAUGHT ST; At; 5 M,1/30/2020 11:53:56 AM,544815.1544,4808555.782
47505,18-034028,2/10/2018 4:15:00 PM,2018,2,10,16,15,0,Saturday,543412.2984,4804790.686,-80.463948,43.394745,Non intersection,2,P.D. only,Thru lane,unknown,unknown,Sideswipe,Unknown,Daylight,01 - Daylight,Regional municipality,No control,unknown,0,0,0,FALSE,FALSE,FALSE,Snow,,FALSE,HURON RD; TEMPLEWOOD DR,1/30/2020 11:53:55 AM,543412.2984,4804790.686
47506,18-034152,2/12/2018 7:00:00 PM,2018,2,12,19,0,0,Monday,547631.9835,4810519.254,-80.411347,43.446069,At/near private drive,2,P.D. only,Thru lane,unknown,unknown,SMV unattended vehicle,Unknown,"Dusk, artificial","06 - Dusk, artificial",Municipal (excl. Twp. Rd.),No control,unknown,0,0,0,FALSE,FALSE,FALSE,Clear,,FALSE,LANDGREN CRT; LANDGREN CRT ; 1 M,1/30/2020 11:53:54 AM,547631.9835,4810519.254
47507,18-034243,2/13/2018 3:35:00 AM,2018,2,13,3,35,0,Tuesday,537088.8863,4809168.989,-80.54173,43.434507,At/near private drive,2,P.D. only,Thru lane,unknown,unknown,Other,Unknown,"Dark, artificial","08 - Dark, artificial",Municipal (excl. Twp. Rd.),No control,unknown,0,0,0,FALSE,FALSE,FALSE,Clear,,FALSE,GREENGABLE WAY ; GREENGABLE WAY ; At; 1 M,1/30/2020 11:53:53 AM,537088.8863,4809168.989
47508,18-034371,2/13/2018 9:08:00 AM,2018,2,13,9,8,0,Tuesday,536568.3572,4807603.691,-80.548266,43.420439,Non intersection,2,P.D. only,Thru lane,unknown,unknown,SMV unattended vehicle,Unknown,Daylight,01 - Daylight,Municipal (excl. Twp. Rd.),No control,unknown,0,0,0,FALSE,FALSE,FALSE,Clear,,FALSE,NEWBURY DR; NEWBURY DR ; At; 1 M,1/30/2020 11:53:52 AM,536568.3572,4807603.691
47509,18-034541,2/13/2018 9:00:00 AM,2018,2,13,9,0,0,Tuesday,539314.1992,4810615.075,-80.514131,43.447415,At intersection,2,P.D. only,Within intersection,unknown,unknown,Angle,Unknown,Daylight,01 - Daylight,Municipal (excl. Twp. Rd.),Traffic signal,Functioning,0,0,0,FALSE,FALSE,FALSE,Clear,,FALSE,BELMONT AVE W; GAGE AVE,1/30/2020 11:53:51 AM,539314.1992,4810615.075
47510,18-034625,2/13/2018 12:45:00 PM,2018,2,13,12,45,0,Tuesday,546992.2943,4808376.979,-80.419436,43.42682,At intersection,2,P.D. only,Within intersection,unknown,unknown,Turning movement,Unknown,Daylight,01 - Daylight,Regional municipality,Stop sign,Functioning,0,0,0,FALSE,FALSE,FALSE,Clear,,FALSE,RIVER RD E; GRAND RIVER BLVD,1/30/2020 11:53:50 AM,546992.2943,4808376.979
47511,18-034631,2/12/2018 6:30:00 AM,2018,2,12,6,30,0,Monday,540862.2079,4809652.623,-80.495072,43.438666,Non intersection,2,P.D. only,Right shoulder,unknown,unknown,SMV unattended vehicle,Unknown,Dawn,03 - Dawn,Municipal (excl. Twp. Rd.),No control,unknown,0,0,0,FALSE,FALSE,FALSE,Clear,,FALSE,SPADINA RD E; SPADINA RD E; Near,1/30/2020 11:53:49 AM,540862.2079,4809652.623
47512,18-034760,2/13/2018 4:25:00 PM,2018,2,13,16,25,0,Tuesday,545273.2416,4806435.2,-80.440834,43.409443,Intersection related,2,P.D. only,Right turn lane,unknown,unknown,Rear end,Stop sign,Daylight,01 - Daylight,Municipal (excl. Twp. Rd.),Yield sign,Functioning,0,0,0,FALSE,FALSE,FALSE,Clear,,FALSE,WILSON AVE; WABANAKI DR,1/30/2020 11:53:48 AM,545273.2416,4806435.2
47513,18-034840,2/13/2018 4:00:00 PM,2018,2,13,16,0,0,Tuesday,541905.6508,4810550.21,-80.48211,43.44669,Intersection related,1,Non-fatal injury,Thru lane,unknown,unknown,Turning movement,Unknown,Daylight,01 - Daylight,Regional municipality,Stop sign,Functioning,0,0,0,FALSE,TRUE,FALSE,Clear,,FALSE,MADISON AVE N; KING ST E; Near; 2 M,1/30/2020 11:53:47 AM,541905.6508,4810550.21
47514,18-035112,2/13/2018 6:30:00 PM,2018,2,13,18,30,0,Tuesday,541068,4811108,0,0,At/near private drive,2,P.D. only,Thru lane,unknown,unknown,SMV unattended vehicle,Unknown,"Dusk, artificial","06 - Dusk, artificial",Municipal (excl. Twp. Rd.),No control,unknown,0,0,0,FALSE,FALSE,FALSE,Clear,,FALSE,STILLWATER ST; STILLWATER ST,1/30/2020 11:53:46 AM,541068,4811108
47515,18-035122,2/14/2018 8:05:00 AM,2018,2,14,8,5,0,Wednesday,541797.4402,4808182.072,-80.483628,43.425373,At/near private drive,2,P.D. only,Thru lane,unknown,unknown,Angle,Unknown,Daylight,01 - Daylight,Municipal (excl. Twp. Rd.),No control,unknown,0,0,0,FALSE,FALSE,FALSE,Clear,,FALSE,ALPINE RD; 721 OTTAWA ST S; At; 200 M,1/30/2020 11:53:45 AM,541797.4402,4808182.072
47516,18-035325,2/13/2018 6:30:00 PM,2018,2,13,18,30,0,Tuesday,542540.3833,4808085.759,-80.474458,43.424464,Intersection related,2,P.D. only,Thru lane,unknown,unknown,Rear end,Unknown,Dark,07 - Dark,Municipal (excl. Twp. Rd.),Stop sign,Functioning,0,0,0,FALSE,FALSE,FALSE,Clear,,FALSE,ARDELT AVE; HANSON AVE,1/30/2020 11:53:45 AM,542540.3833,4808085.759
47517,18-035329,2/9/2018 5:50:00 PM,2018,2,9,17,50,0,Friday,541547.8677,4811884.689,-80.48643,43.458726,At intersection,2,P.D. only,Within intersection,unknown,unknown,Angle,Unknown,"Dusk, artificial","06 - Dusk, artificial",Municipal (excl. Twp. Rd.),Stop sign,Functioning,0,0,1,FALSE,FALSE,FALSE,Snow,,FALSE,ST LEGER ST; BREITHAUPT ST,1/30/2020 11:53:43 AM,541547.8677,4811884.689
47518,18-035539,2/14/2018 4:13:00 PM,2018,2,14,16,13,0,Wednesday,543159.6568,4812082.049,-80.466491,43.460411,Intersection related,2,P.D. only,Right turn lane,unknown,unknown,Sideswipe,Unknown,Daylight,01 - Daylight,Regional municipality,Stop sign,Functioning,0,0,0,FALSE,FALSE,FALSE,Clear,,FALSE,FREDERICK ST ; ETHEL ST ; Near; 4 M,1/30/2020 11:53:43 AM,543159.6568,4812082.049
47519,18-035578,2/14/2018 4:35:00 PM,2018,2,14,16,35,0,Wednesday,544814.7565,4804819.768,-80.446629,43.394925,At/near private drive,2,Non-reportable,Thru lane,unknown,unknown,Other,Unknown,Daylight,01 - Daylight,Municipal (excl. Twp. Rd.),No control,unknown,0,0,0,FALSE,FALSE,FALSE,Clear,,FALSE,PIONEER DR ; PIONEER DR ; At; 2 M,1/30/2020 11:53:42 AM,544814.7565,4804819.768
47520,18-035617,2/12/2018 5:30:00 PM,2018,2,12,17,30,0,Monday,541498.9256,4811996.598,-80.487026,43.459736,At intersection,2,P.D. only,Within intersection,unknown,unknown,Turning movement,Unknown,Dark,07 - Dark,Municipal (excl. Twp. Rd.),Stop sign,Functioning,0,0,0,FALSE,FALSE,FALSE,Clear,,FALSE,WELLINGTON ST N; ST LEGER ST,1/30/2020 11:53:41 AM,541498.9256,4811996.599
47521,18-035692,2/13/2018 8:45:00 PM,2018,2,13,20,45,0,Tuesday,542272.6579,4803908.524,-80.478088,43.386867,At/near private drive,1,Non-fatal injury,Thru lane,unknown,unknown,Other,Unknown,"Dark, artificial","08 - Dark, artificial",Municipal (excl. Twp. Rd.),No control,unknown,0,0,0,FALSE,FALSE,FALSE,Clear,,FALSE,MAITLAND ST ; MAITLAND ST; Near,1/30/2020 11:53:40 AM,542272.6579,4803908.524
47522,18-036087,2/15/2018 10:28:00 AM,2018,2,15,10,28,0,Thursday,544330.9468,4808467.278,-80.452307,43.427796,At intersection,2,P.D. only,Within intersection,unknown,unknown,Angle,Unknown,Daylight,01 - Daylight,Municipal (excl. Twp. Rd.),Stop sign,Functioning,0,0,0,FALSE,FALSE,FALSE,Clear,,FALSE,FRANKLIN ST S; GREENFIELD AVE,1/30/2020 11:53:39 AM,544330.9468,4808467.278
47523,18-036558,2/15/2018 9:25:00 PM,2018,2,15,21,25,0,Thursday,543925.8581,4806635.125,-80.457459,43.411323,At/near private drive,2,P.D. only,Thru lane,unknown,unknown,Turning movement,Unknown,"Dark, artificial","08 - Dark, artificial",Municipal (excl. Twp. Rd.),No control,unknown,0,0,0,FALSE,FALSE,FALSE,Clear,,FALSE,FALLOWFIELD DR; BLEAMS RD; Near; 50 M,1/30/2020 11:53:38 AM,543925.8581,4806635.125
47524,18-036851,2/16/2018 8:49:00 AM,2018,2,16,8,49,0,Friday,542610.8701,4805876.972,-80.473759,43.404572,Intersection related,1,Non-fatal injury,Off highway,unknown,unknown,SMV other,Unknown,Daylight,01 - Daylight,Regional municipality,Stop sign,Functioning,0,0,0,FALSE,FALSE,FALSE,Clear,,FALSE,STRASBURG RD; MCINTYRE DR; Near; 100 M,1/30/2020 11:53:37 AM,542610.8701,4805876.972
47525,18-036866,2/16/2018 8:10:00 AM,2018,2,16,8,10,0,Friday,540903.5635,4811718.957,-80.494406,43.457269,At/near private drive,2,P.D. only,Thru lane,unknown,unknown,Other,Unknown,Daylight,01 - Daylight,Municipal (excl. Twp. Rd.),No control,unknown,0,0,0,FALSE,FALSE,FALSE,Clear,,TRUE,WELLINGTON ST N; WELLINGTON ST N; At,1/20/2023 1:39:29 PM,540903.5635,4811718.957
47526,18-037115,2/16/2018 1:15:00 PM,2018,2,16,13,15,0,Friday,546892.0172,4809748.215,-80.420557,43.439173,Intersection related,2,Non-reportable,Thru lane,unknown,unknown,Rear end,Unknown,Daylight,01 - Daylight,Municipal (excl. Twp. Rd.),Stop sign,Functioning,0,0,0,FALSE,FALSE,FALSE,Clear,,FALSE,SIMS ESTATE DR; BEAUMONT CRES,1/30/2020 11:53:35 AM,546892.0172,4809748.215
47527,18-037155,2/16/2018 1:46:00 PM,2018,2,16,13,46,0,Friday,540475.3488,4809720.929,-80.499847,43.439302,At/near private drive,2,P.D. only,Thru lane,unknown,unknown,Rear end,Unknown,Daylight,01 - Daylight,Regional municipality,No control,unknown,0,0,0,FALSE,FALSE,FALSE,Clear,,FALSE,QUEENS BLVD ; HIGHLAND RD W,1/30/2020 11:53:35 AM,540475.3488,4809720.929
47528,18-037174,2/16/2018 1:00:00 PM,2018,2,16,13,0,0,Friday,543530.5376,4809564.431,-80.462108,43.437721,Non intersection,2,P.D. only,Thru lane,unknown,unknown,SMV unattended vehicle,Unknown,Daylight,01 - Daylight,Municipal (excl. Twp. Rd.),No control,unknown,0,0,0,FALSE,FALSE,FALSE,Clear,,FALSE,FLORAL CRES; FLORAL CRES; Near,1/30/2020 11:53:34 AM,543530.5376,4809564.431
47529,18-037192,2/16/2018 4:01:00 PM,2018,2,16,16,1,0,Friday,541291.9719,4813568.934,-80.489465,43.473905,Intersection related,2,P.D. only,Thru lane,unknown,unknown,SMV unattended vehicle,Unknown,Daylight,01 - Daylight,Municipal (excl. Twp. Rd.),Stop sign,Functioning,0,0,0,FALSE,FALSE,FALSE,Clear,,FALSE,LEANDER PL; HAMEL AVE ; 20 M,1/30/2020 11:53:33 AM,541291.9719,4813568.934
47530,18-037402,2/16/2018 10:02:00 PM,2018,2,16,22,2,0,Friday,541348.2381,4809262.815,-80.489096,43.435129,At/near private drive,2,P.D. only,Thru lane,unknown,unknown,SMV unattended vehicle,Unknown,"Daylight, artificial","02 - Daylight, artificial",Municipal (excl. Twp. Rd.),No control,unknown,0,0,0,FALSE,FALSE,FALSE,Clear,,FALSE,CHARLES BEST PL ; 48 CHARLES BEST PL ; At; 2 M,1/30/2020 11:53:32 AM,541348.2381,4809262.815
47531,18-037889,2/17/2018 12:30:00 PM,2018,2,17,12,30,0,Saturday,541764.2397,4810762.073,-80.483841,43.448606,Non intersection,2,P.D. only,Thru lane,unknown,unknown,SMV unattended vehicle,Unknown,Daylight,01 - Daylight,Municipal (excl. Twp. Rd.),No control,unknown,0,0,0,FALSE,FALSE,FALSE,Clear,,FALSE,EBY ST N; EBY ST N; Near,1/30/2020 11:53:31 AM,541764.2397,4810762.073
47532,18-037960,2/17/2018 12:10:00 PM,2018,2,17,12,10,0,Saturday,546325.4533,4808523.623,-80.427662,43.428182,At/near private drive,2,P.D. only,Thru lane,unknown,unknown,Other,Unknown,Daylight,01 - Daylight,Municipal (excl. Twp. Rd.),No control,unknown,0,0,0,FALSE,FALSE,FALSE,Clear,,FALSE,MORGAN AVE; MORGAN AVE; At,1/30/2020 11:53:30 AM,546325.4533,4808523.623
47533,18-038440,2/17/2018 7:00:00 PM,2018,2,17,19,0,0,Saturday,545166.8234,4804466.231,-80.442311,43.39172,Non intersection,2,P.D. only,Thru lane,unknown,unknown,SMV unattended vehicle,Unknown,"Dark, artificial","08 - Dark, artificial",Municipal (excl. Twp. Rd.),No control,unknown,0,0,0,FALSE,FALSE,FALSE,Clear,,FALSE,HARVEST CRT; HARVEST CRT; Near,1/30/2020 11:53:29 AM,545166.8234,4804466.231
47534,18-038573,1/4/2018 6:20:00 PM,2018,1,4,18,20,0,Thursday,542218.9468,4806996.323,-80.478513,43.414673,Intersection related,2,Non-reportable,Thru lane,unknown,unknown,Rear end,Unknown,"Dusk, artificial","06 - Dusk, artificial",Municipal (excl. Twp. Rd.),Traffic signal,Functioning,0,0,0,FALSE,FALSE,FALSE,Clear,,FALSE,STRASBURG RD; STRASBURG RD; At,1/30/2020 11:53:28 AM,542218.9468,4806996.323