OBJECTID,ACCIDENTNUM,ACCIDENTDATE,ACCIDENT_YEAR,ACCIDENT_MONTH,ACCIDENT_DAY,ACCIDENT_HOUR,ACCIDENT_MINUTE,ACCIDENT_SECOND,ACCIDENT_WEEKDAY,XCOORD,YCOORD,LONGITUDE,LATITUDE,ACCIDENTLOCATION,COLLISIONTYPE,CLASSIFICATIONOFACCIDENT,IMPACTLOCATION,INITIALDIRECTIONOFTRAVELONE,INITIALDIRECTIONOFTRAVELTWO,INITIALIMPACTTYPE,INTTRAFFICCONTROL,LIGHT,LIGHTFORREPORT,ROADJURISDICTION,TRAFFICCONTROL,TRAFFICCONTROLCONDITION,THRULANENO,NORTHBOUNDDISOBEYCOUNT,SOUTHBOUNDDISOBEYCOUNT,PEDESTRIANINVOLVED,CYCLISTINVOLVED,MOTORCYCLISTINVOLVED,ENVIRONMENTCONDITION1,ENVIRONMENTCONDITION2,SELFREPORTED,XMLIMPORTNOTES,LASTEDITEDDATE,x,y
47535,18-038625,2/12/2018 2:20:00 PM,2018,2,12,14,20,0,Monday,542166.4296,4810385.333,-80.4789,43.445191,Non intersection,2,P.D. only,Left turn lane,unknown,unknown,Sideswipe,Unknown,Daylight,01 - Daylight,Regional municipality,No control,unknown,0,0,0,FALSE,FALSE,FALSE,Clear,,FALSE,KING ST E; PANDORA AVE N; Near,1/30/2020 11:53:27 AM,542166.4296,4810385.333
47536,18-039138,2/9/2018 3:20:00 PM,2018,2,9,15,20,0,Friday,536798.9805,4807159.073,-80.545447,43.416424,Non intersection,2,P.D. only,Thru lane,unknown,unknown,Sideswipe,Unknown,Daylight,01 - Daylight,Municipal (excl. Twp. Rd.),No control,unknown,0,0,0,FALSE,FALSE,FALSE,Clear,,FALSE,HIGHVIEW DR; WILLOW GREEN CRT; Near; 30 M,1/30/2020 11:53:27 AM,536798.9805,4807159.073
47537,18-039245,2/19/2018 1:30:00 PM,2018,2,19,13,30,0,Monday,540217.6761,4805819.535,-80.503318,43.404187,Intersection related,1,Non-fatal injury,Thru lane,unknown,unknown,Rear end,Unknown,Daylight,01 - Daylight,Municipal (excl. Twp. Rd.),Stop sign,Functioning,0,0,0,FALSE,FALSE,FALSE,Rain,,FALSE,MAX BECKER DR ; COMMONWEALTH CRES ; Near; 2 M,1/30/2020 11:53:26 AM,540217.6761,4805819.535
47538,18-039758,2/19/2018 7:30:00 PM,2018,2,19,19,30,0,Monday,536408.373,4807879.387,-80.550224,43.422929,At/near private drive,2,P.D. only,Thru lane,unknown,unknown,SMV unattended vehicle,Unknown,Daylight,01 - Daylight,Municipal (excl. Twp. Rd.),No control,unknown,0,0,0,FALSE,FALSE,FALSE,Clear,,FALSE,NEWBURY DR; NEWBURY DR,1/30/2020 11:53:25 AM,536408.373,4807879.387
47539,18-040041,2/20/2018 2:36:00 PM,2018,2,20,14,36,0,Tuesday,543070.5701,4805496.018,-80.468112,43.401116,At intersection,2,P.D. only,Within intersection,unknown,unknown,Angle,Unknown,Daylight,01 - Daylight,Regional municipality,Stop sign,Functioning,0,0,0,FALSE,FALSE,FALSE,Rain,,FALSE,TRILLIUM DR; STRASBURG RD,1/30/2020 11:53:24 AM,543070.5701,4805496.018
47540,18-040087,2/20/2018 3:40:00 PM,2018,2,20,15,40,0,Tuesday,541941.1367,4811053.502,-80.481632,43.45122,At intersection,2,P.D. only,Within intersection,unknown,unknown,Turning movement,Unknown,Daylight,01 - Daylight,Municipal (excl. Twp. Rd.),Stop sign,Functioning,0,0,0,FALSE,FALSE,FALSE,Rain,,FALSE,LANCASTER ST E; HOHNER AVE,1/30/2020 11:53:23 AM,541941.1367,4811053.502
47541,18-040502,2/21/2018 6:52:00 AM,2018,2,21,6,52,0,Wednesday,543073.9013,4812799.869,-80.467495,43.46688,At intersection,1,Non-fatal injury,Within intersection,unknown,unknown,Turning movement,Unknown,Daylight,01 - Daylight,Municipal (excl. Twp. Rd.),Traffic signal,Functioning,0,0,0,FALSE,FALSE,FALSE,Rain,,FALSE,WELLINGTON ST N; RIVERBEND DR,1/30/2020 11:53:22 AM,543073.9013,4812799.869
47542,18-041381,2/22/2018 8:15:00 AM,2018,2,22,8,15,0,Thursday,542497.4268,4812517.084,-80.474643,43.464366,Non intersection,2,Non-reportable,Thru lane,unknown,unknown,Rear end,Unknown,Daylight,01 - Daylight,Regional municipality,No control,unknown,0,0,0,FALSE,FALSE,FALSE,Clear,,FALSE,WELLINGTON ST N; LANCASTER ST W,1/30/2020 11:53:21 AM,542497.4268,4812517.084
47543,18-041532,2/21/2018 2:00:00 PM,2018,2,21,14,0,0,Wednesday,541836.9316,4806884.059,-80.48324,43.413684,At/near private drive,2,P.D. only,Thru lane,unknown,unknown,Rear end,Unknown,Daylight,01 - Daylight,Regional municipality,No control,unknown,0,0,0,FALSE,FALSE,FALSE,Clear,,FALSE,RITTENHOUSE RD; RITTENHOUSE RD,1/30/2020 11:53:20 AM,541836.9316,4806884.059
47544,18-042164,2/21/2018 3:15:00 PM,2018,2,21,15,15,0,Wednesday,543858.9275,4812519.978,-80.457813,43.464314,At/near private drive,2,P.D. only,Thru lane,unknown,unknown,SMV unattended vehicle,Unknown,Daylight,01 - Daylight,Municipal (excl. Twp. Rd.),No control,unknown,0,0,0,FALSE,FALSE,FALSE,Clear,,FALSE,AVON RD; AVON RD; At,1/30/2020 11:53:19 AM,543858.9275,4812519.978
47545,18-042256,2/21/2018 6:00:00 AM,2018,2,21,6,0,0,Wednesday,542066.1664,4811773.586,-80.480032,43.457696,Non intersection,2,P.D. only,Right shoulder,unknown,unknown,SMV unattended vehicle,Unknown,Dark,07 - Dark,Regional municipality,No control,unknown,0,0,0,FALSE,FALSE,FALSE,Clear,,FALSE,CHESTNUT ST; CHESTNUT ST,1/30/2020 11:53:18 AM,542066.1664,4811773.586
47546,18-043274,2/24/2018 2:50:00 PM,2018,2,24,14,50,0,Saturday,541232.219,4810948.094,-80.490402,43.45031,At intersection,2,P.D. only,Within intersection,unknown,unknown,Turning movement,Unknown,Daylight,01 - Daylight,Regional municipality,Traffic signal,Functioning,0,0,0,FALSE,FALSE,FALSE,Clear,,FALSE,KING ST W; ONTARIO ST S,1/30/2020 11:53:17 AM,541232.219,4810948.095
47547,18-043355,2/24/2018 4:45:00 PM,2018,2,24,16,45,0,Saturday,542110.1876,4812324.535,-80.479445,43.462655,At intersection,2,P.D. only,Within intersection,unknown,unknown,Turning movement,Unknown,Daylight,01 - Daylight,Regional municipality,Stop sign,Functioning,0,0,0,FALSE,FALSE,FALSE,Clear,,FALSE,WELLINGTON ST N; SPRING VALLEY RD,1/30/2020 11:53:17 AM,542110.1876,4812324.535
47548,18-043481,2/24/2018 9:05:00 PM,2018,2,24,21,5,0,Saturday,540485.3114,4806409.618,-80.499969,43.409486,Non intersection,2,P.D. only,Thru lane,unknown,unknown,SMV unattended vehicle,Unknown,"Dark, artificial","08 - Dark, artificial",Municipal (excl. Twp. Rd.),No control,unknown,0,0,0,FALSE,FALSE,FALSE,Clear,,FALSE,HIGHBROOK ST; HIGHBROOK ST ; At; 10 M,1/30/2020 11:53:16 AM,540485.3114,4806409.618
47549,18-043613,2/25/2018 12:39:00 AM,2018,2,25,0,39,0,Sunday,540334.4152,4805884.826,-80.501872,43.404769,At intersection,2,P.D. only,Within intersection,unknown,unknown,Angle,Unknown,"Dark, artificial","08 - Dark, artificial",Regional municipality,Stop sign,Functioning,0,0,0,FALSE,FALSE,FALSE,Rain,,FALSE,MAX BECKER DR ; HELENA FEASBY ST; 6.5 M,1/30/2020 11:53:15 AM,540334.4152,4805884.826
47550,18-044016,2/23/2018 9:00:00 PM,2018,2,23,21,0,0,Friday,544092.8436,4812695.586,-80.454907,43.465881,Non intersection,2,P.D. only,Thru lane,unknown,unknown,SMV unattended vehicle,Unknown,Dark,07 - Dark,Municipal (excl. Twp. Rd.),No control,unknown,0,0,0,FALSE,FALSE,FALSE,Clear,,FALSE,FORFAR AVE; FORFAR AVE,1/30/2020 11:53:14 AM,544092.8436,4812695.586
47551,18-044037,2/24/2018 12:00:00 PM,2018,2,24,12,0,0,Saturday,538323.758,4807967.607,-80.526557,43.423628,Non intersection,2,P.D. only,Thru lane,unknown,unknown,Turning movement,Unknown,Daylight,01 - Daylight,Municipal (excl. Twp. Rd.),No control,unknown,0,0,0,FALSE,FALSE,FALSE,Clear,,FALSE,SILVER ASPEN CRES; SILVER ASPEN CRES ; Near,1/30/2020 11:53:13 AM,538323.758,4807967.607
47552,18-044256,2/25/2018 10:23:00 PM,2018,2,25,22,23,0,Sunday,541541.6549,4811467.414,-80.486538,43.454969,Non intersection,2,P.D. only,Thru lane,unknown,unknown,SMV unattended vehicle,Unknown,Dark,07 - Dark,Municipal (excl. Twp. Rd.),No control,unknown,0,0,0,FALSE,FALSE,FALSE,Clear,,FALSE,MARGARET AVE; QUEEN ST S; Near; 100 M,1/30/2020 11:53:12 AM,541541.6549,4811467.414
47553,18-044457,2/26/2018 8:12:00 AM,2018,2,26,8,12,0,Monday,545238.1978,4808781.931,-80.441073,43.430575,At/near private drive,2,P.D. only,Left turn lane,unknown,unknown,Turning movement,Unknown,Daylight,01 - Daylight,Municipal (excl. Twp. Rd.),No control,unknown,0,0,0,FALSE,FALSE,FALSE,Clear,,FALSE,KINGSWAY DR; KINGSWAY DR ; 1 M,1/30/2020 11:53:11 AM,545238.1978,4808781.931
47554,18-045227,2/27/2018 7:57:00 AM,2018,2,27,7,57,0,Tuesday,544141.3108,4808845.529,-80.454619,43.431213,At intersection,2,P.D. only,Within intersection,unknown,unknown,Angle,Unknown,Daylight,01 - Daylight,Municipal (excl. Twp. Rd.),Stop sign,Functioning,0,0,0,FALSE,FALSE,FALSE,Clear,,FALSE,CONNAUGHT ST; FOURTH AVE,1/30/2020 11:53:10 AM,544141.3108,4808845.529
47555,18-045654,2/26/2018 8:30:00 AM,2018,2,26,8,30,0,Monday,545953.9786,4803718.903,-80.432655,43.384944,Non intersection,2,P.D. only,Right shoulder,unknown,unknown,SMV unattended vehicle,Unknown,Daylight,01 - Daylight,Municipal (excl. Twp. Rd.),No control,unknown,0,0,0,FALSE,FALSE,FALSE,Clear,,FALSE,ARMENIAN CRT; ARMENIAN CRT ; Near,1/30/2020 11:53:09 AM,545953.9786,4803718.903
47556,18-045998,2/28/2018 7:54:00 AM,2018,2,28,7,54,0,Wednesday,542611.0171,4805879.297,-80.473757,43.404593,At intersection,2,P.D. only,Within intersection,unknown,unknown,Turning movement,Unknown,Daylight,01 - Daylight,Municipal (excl. Twp. Rd.),Stop sign,Functioning,0,0,0,FALSE,FALSE,FALSE,Clear,,FALSE,STRASBURG RD; MCINTYRE DR,1/30/2020 11:53:08 AM,542611.0171,4805879.297
47557,18-046207,2/28/2018 12:01:00 PM,2018,2,28,12,1,0,Wednesday,537995.1047,4810581.549,-80.530435,43.447181,Non intersection,1,Non-fatal injury,Thru lane,unknown,unknown,SMV other,Unknown,Daylight,01 - Daylight,Private property,Traffic signal,Functioning,0,0,0,FALSE,FALSE,FALSE,Clear,,FALSE,GLASGOW ST; GLASGOW ST ; 5 M,1/30/2020 11:53:07 AM,537995.1047,4810581.55
47558,18-046397,2/28/2018 3:00:00 PM,2018,2,28,15,0,0,Wednesday,541068,4811108,0,0,Non intersection,2,P.D. only,Thru lane,unknown,unknown,SMV unattended vehicle,Unknown,Daylight,01 - Daylight,Municipal (excl. Twp. Rd.),No control,unknown,0,0,0,FALSE,FALSE,FALSE,Clear,,FALSE,SEABROOK DR; APPLE HILL CRES; Near,1/30/2020 11:53:06 AM,541068,4811108
47559,18-046497,2/28/2018 12:45:00 PM,2018,2,28,12,45,0,Wednesday,544214.3677,4804804.554,-80.454044,43.394823,At/near private drive,2,P.D. only,Thru lane,unknown,unknown,SMV unattended vehicle,Unknown,Daylight,01 - Daylight,Municipal (excl. Twp. Rd.),No control,unknown,0,0,0,FALSE,FALSE,FALSE,Clear,,FALSE,CARLYLE DR; CARLYLE DR; Near,1/30/2020 11:53:05 AM,544214.3677,4804804.554
47560,18-047046,2/28/2018 7:30:00 PM,2018,2,28,19,30,0,Wednesday,540088.0654,4806055.734,-80.504902,43.406321,At/near private drive,2,P.D. only,Thru lane,unknown,unknown,SMV unattended vehicle,Unknown,"Dark, artificial","08 - Dark, artificial",Municipal (excl. Twp. Rd.),No control,unknown,0,0,0,FALSE,FALSE,FALSE,Clear,,FALSE,COTTON GRASS ST; COTTON GRASS ST,1/30/2020 11:53:05 AM,540088.0654,4806055.735
47561,18-047174,3/1/2018 1:50:00 PM,2018,3,1,13,50,0,Thursday,541637.8173,4805541.691,-80.485801,43.401608,At intersection,2,P.D. only,Within intersection,unknown,unknown,Turning movement,Unknown,Daylight,01 - Daylight,Municipal (excl. Twp. Rd.),Stop sign,Functioning,0,0,0,FALSE,FALSE,FALSE,Clear,,FALSE,TRILLIUM DR; WASHBURN DR,1/30/2020 11:53:03 AM,541637.8173,4805541.691
47562,18-047224,2/28/2018 9:00:00 PM,2018,2,28,21,0,0,Wednesday,541068,4811108,0,0,Other,2,P.D. only,Off highway,unknown,unknown,SMV other,Unknown,Dark,07 - Dark,Private property,No control,unknown,0,0,0,FALSE,FALSE,FALSE,Clear,,FALSE,LOOKOUT LANE ; JOSEPH SCHOERG; Near; 5 M,1/30/2020 11:53:02 AM,541068,4811108
47563,18-047309,3/1/2018 4:44:00 PM,2018,3,1,16,44,0,Thursday,539832.1789,4811140.611,-80.507691,43.452119,Intersection related,2,P.D. only,Thru lane,unknown,unknown,Rear end,Unknown,Daylight,01 - Daylight,Municipal (excl. Twp. Rd.),Traffic signal,Functioning,0,0,0,FALSE,FALSE,FALSE,Clear,,FALSE,PARK ST; DOMINION ST; At; 5 M,1/30/2020 11:53:02 AM,539832.1789,4811140.611
47564,18-047452,2/27/2018 1:25:00 PM,2018,2,27,13,25,0,Tuesday,540767.5165,4811090.992,-80.496134,43.451622,Non intersection,2,P.D. only,Thru lane,unknown,unknown,SMV unattended vehicle,Unknown,Daylight,01 - Daylight,Municipal (excl. Twp. Rd.),No control,unknown,0,0,0,FALSE,FALSE,FALSE,Clear,,FALSE,HALLS LANE W; FRANCIS ST S; Near,1/30/2020 11:53:01 AM,540767.5165,4811090.992
47565,18-047477,3/1/2018 9:10:00 PM,2018,3,1,21,10,0,Thursday,543487.9162,4808401.674,-80.462727,43.427254,At/near private drive,2,P.D. only,Not on roadway - left side,unknown,unknown,SMV other,Unknown,Dark,07 - Dark,Municipal (excl. Twp. Rd.),No control,unknown,0,0,0,FALSE,FALSE,FALSE,Clear,,FALSE,VANIER DR; VANIER DR ; Near; 1 M,1/30/2020 11:53:00 AM,543487.9162,4808401.674
47566,18-047553,3/1/2018 11:47:00 PM,2018,3,1,23,47,0,Thursday,545320.9382,4808206.648,-80.440098,43.42539,Non intersection,2,P.D. only,Thru lane,unknown,unknown,Approaching,Unknown,"Dark, artificial","08 - Dark, artificial",Municipal (excl. Twp. Rd.),No control,unknown,0,0,0,FALSE,FALSE,FALSE,Snow,,FALSE,KINGSWAY DR ; CEDARWOODS CRES ; Near; 75 M,1/30/2020 11:52:59 AM,545320.9382,4808206.648
47567,18-047689,3/2/2018 8:30:00 AM,2018,3,2,8,30,0,Friday,538354.9457,4809789.374,-80.526043,43.44003,At intersection,2,P.D. only,Within intersection,unknown,unknown,Turning movement,Unknown,Daylight,01 - Daylight,Municipal (excl. Twp. Rd.),Stop sign,Functioning,0,0,0,FALSE,FALSE,FALSE,Clear,,FALSE,HAZELGLEN DR ; MOORGATE CR,1/30/2020 11:52:58 AM,538354.9457,4809789.374
47568,18-047691,2/28/2018 8:40:00 AM,2018,2,28,8,40,0,Wednesday,548130.6437,4804530.924,-80.405712,43.392118,At/near private drive,2,P.D. only,Thru lane,unknown,unknown,Angle,Unknown,Daylight,01 - Daylight,Municipal (excl. Twp. Rd.),Stop sign,Functioning,0,0,0,FALSE,FALSE,FALSE,Clear,,FALSE,DOON VALLEY DR; DOON VALLEY DR; At,1/30/2020 11:52:57 AM,548130.6437,4804530.924
47569,18-047703,3/2/2018 8:43:00 AM,2018,3,2,8,43,0,Friday,541068,4811108,0,0,Intersection related,2,P.D. only,Thru lane,unknown,unknown,Rear end,Unknown,Daylight,01 - Daylight,Municipal (excl. Twp. Rd.),Stop sign,Functioning,0,0,0,FALSE,FALSE,FALSE,Clear,,FALSE,SEABROOK DR; APPLE HILL CRES ; At; 2 M,1/30/2020 11:52:56 AM,541068,4811108
47570,18-047732,3/2/2018 9:25:00 AM,2018,3,2,9,25,0,Friday,542843.1472,4809870.932,-80.470577,43.440521,At intersection,2,P.D. only,Within intersection,unknown,unknown,Approaching,Unknown,Daylight,01 - Daylight,Regional municipality,Stop sign,Functioning,0,0,0,FALSE,FALSE,FALSE,Clear,,FALSE,CHARLES ST E; SYDNEY ST S; 2 M,1/30/2020 11:52:55 AM,542843.1472,4809870.932
47571,18-047764,3/2/2018 9:05:00 AM,2018,3,2,9,5,0,Friday,541245.9617,4809259.921,-80.49036,43.435109,At/near private drive,2,P.D. only,Thru lane,unknown,unknown,Other,Unknown,Daylight,01 - Daylight,Municipal (excl. Twp. Rd.),No control,unknown,0,0,0,FALSE,FALSE,FALSE,Clear,,FALSE,HIGHLAND RD E; HIGHLAND RD E,1/30/2020 11:52:54 AM,541245.9617,4809259.921
47572,18-047907,3/1/2018 8:00:00 AM,2018,3,1,8,0,0,Thursday,539771.6548,4805457.258,-80.508853,43.400949,Non intersection,2,P.D. only,Thru lane,unknown,unknown,SMV unattended vehicle,Unknown,Daylight,01 - Daylight,Municipal (excl. Twp. Rd.),No control,unknown,0,0,0,FALSE,FALSE,FALSE,Clear,,FALSE,DONNENWERTH DR; DONNENWERTH DR,1/30/2020 11:52:53 AM,539771.6548,4805457.258
47573,18-048598,3/2/2018 9:30:00 PM,2018,3,2,21,30,0,Friday,545685.8105,4803968.491,-80.435945,43.387207,At/near private drive,2,P.D. only,Right shoulder,unknown,unknown,SMV unattended vehicle,Unknown,Dark,07 - Dark,Municipal (excl. Twp. Rd.),No control,unknown,0,0,0,FALSE,FALSE,FALSE,Clear,,FALSE,DOON MILLS DR; DOON MILLS DR ; At; 1 M,1/30/2020 11:52:52 AM,545685.8105,4803968.492
47574,18-048672,3/3/2018 10:30:00 AM,2018,3,3,10,30,0,Saturday,540595.594,4809602.447,-80.49837,43.438229,At/near private drive,2,P.D. only,Thru lane,unknown,unknown,SMV unattended vehicle,Unknown,Daylight,01 - Daylight,Municipal (excl. Twp. Rd.),No control,unknown,0,0,0,FALSE,FALSE,FALSE,Clear,,FALSE,REX DR; REX DR,1/30/2020 11:52:51 AM,540595.594,4809602.447
47575,18-048903,3/3/2018 5:59:00 PM,2018,3,3,17,59,0,Saturday,540114.3757,4805794.708,-80.504596,43.403969,At/near private drive,2,P.D. only,Thru lane,unknown,unknown,SMV unattended vehicle,Unknown,Daylight,01 - Daylight,Municipal (excl. Twp. Rd.),No control,unknown,0,0,0,FALSE,FALSE,FALSE,Clear,,FALSE,MAX BECKER DR; MAX BECKER DR ; Near; 2 M,1/30/2020 11:52:50 AM,540114.3757,4805794.708
47576,18-049336,3/4/2018 9:00:00 AM,2018,3,4,9,0,0,Sunday,543408.1617,4804784.389,-80.464,43.394689,Non intersection,2,P.D. only,Not on roadway - right side,unknown,unknown,SMV other,Unknown,Daylight,01 - Daylight,Regional municipality,No control,unknown,0,0,0,FALSE,FALSE,FALSE,Clear,,FALSE,HURON RD ; STRASBURG RD ; Near; 300 M,1/30/2020 11:52:49 AM,543408.1617,4804784.389
47577,18-049340,3/3/2018 4:10:00 PM,2018,3,3,16,10,0,Saturday,544794.8653,4809839.71,-80.446463,43.440125,At/near private drive,2,P.D. only,Thru lane,unknown,unknown,Rear end,Unknown,Daylight,01 - Daylight,Municipal (excl. Twp. Rd.),No control,unknown,0,0,0,FALSE,FALSE,FALSE,Clear,,FALSE,FRANKLIN ST N; FRANKLIN ST N; At,1/30/2020 11:52:48 AM,544794.8653,4809839.71
47578,18-049491,3/4/2018 1:10:00 PM,2018,3,4,13,10,0,Sunday,538776.8211,4808892.344,-80.520894,43.431931,At intersection,2,P.D. only,Within intersection,unknown,unknown,Angle,Unknown,Daylight,01 - Daylight,Municipal (excl. Twp. Rd.),Stop sign,Functioning,0,0,0,FALSE,FALSE,FALSE,Clear,,FALSE,OVERLEA DR; EAGEN DR,1/30/2020 11:52:48 AM,538776.8211,4808892.344
47579,18-049943,3/5/2018 7:41:00 AM,2018,3,5,7,41,0,Monday,541184.2906,4810690.34,-80.491014,43.447992,At intersection,2,P.D. only,Within intersection,unknown,unknown,Turning movement,Unknown,Daylight,01 - Daylight,Municipal (excl. Twp. Rd.),Traffic signal,Functioning,0,0,1,FALSE,FALSE,FALSE,Clear,,FALSE,QUEEN ST S; JOSEPH ST,1/30/2020 11:52:47 AM,541184.2906,4810690.34
47580,18-049948,3/5/2018 7:45:00 AM,2018,3,5,7,45,0,Monday,541227.1055,4809296.075,-80.49059,43.435435,At intersection,2,P.D. only,Within intersection,unknown,unknown,Turning movement,Unknown,Daylight,01 - Daylight,Municipal (excl. Twp. Rd.),Stop sign,Functioning,0,0,0,FALSE,FALSE,FALSE,Clear,,FALSE,HIGHLAND RD E; MAUSSER AVE,1/30/2020 11:52:46 AM,541227.1055,4809296.075
47581,18-050111,3/2/2018 2:30:00 PM,2018,3,2,14,30,0,Friday,547365.9494,4810171.01,-80.414664,43.44295,Non intersection,2,P.D. only,Thru lane,unknown,unknown,Sideswipe,Unknown,Daylight,01 - Daylight,Regional municipality,No control,unknown,0,0,0,FALSE,FALSE,FALSE,Clear,,FALSE,FAIRWAY CRES; LACKNER BLVD,1/30/2020 11:52:45 AM,547365.9494,4810171.01
47582,18-050215,3/5/2018 1:54:00 PM,2018,3,5,13,54,0,Monday,541817.767,4811417.588,-80.483129,43.454505,At/near private drive,2,P.D. only,Thru lane,unknown,unknown,Sideswipe,Unknown,Daylight,01 - Daylight,Municipal (excl. Twp. Rd.),No control,unknown,0,0,0,FALSE,FALSE,FALSE,Clear,,FALSE,ELLEN ST E; ELLEN ST E; At; 2 M,1/30/2020 11:52:44 AM,541817.767,4811417.588
47583,18-050256,3/5/2018 2:55:00 PM,2018,3,5,14,55,0,Monday,541451.1881,4812105.451,-80.487608,43.460719,At intersection,2,P.D. only,Within intersection,unknown,unknown,Angle,Unknown,Daylight,01 - Daylight,Municipal (excl. Twp. Rd.),Stop sign,Functioning,0,0,0,FALSE,FALSE,FALSE,Clear,,FALSE,ST LEGER ST; LOUISA ST,1/30/2020 11:52:43 AM,541451.1881,4812105.451
47584,18-050358,3/5/2018 3:10:00 PM,2018,3,5,15,10,0,Monday,545822.7472,4802615.821,-80.434367,43.375019,At/near private drive,2,P.D. only,Thru lane,unknown,unknown,Other,Unknown,Daylight,01 - Daylight,Municipal (excl. Twp. Rd.),No control,unknown,0,0,0,FALSE,FALSE,FALSE,Clear,,FALSE,THOMAS SLEE DR; THOMAS SLEE DR ; Near,1/30/2020 11:52:42 AM,545822.7472,4802615.821
47585,18-050389,3/5/2018 1:00:00 AM,2018,3,5,1,0,0,Monday,542720.3534,4810985.775,-80.472007,43.450566,At/near private drive,2,P.D. only,Thru lane,unknown,unknown,SMV unattended vehicle,Unknown,"Dark, artificial","08 - Dark, artificial",Municipal (excl. Twp. Rd.),No control,unknown,0,0,0,FALSE,FALSE,FALSE,Clear,,FALSE,CAMERON ST N; CAMERON ST N; At,1/30/2020 11:52:41 AM,542720.3534,4810985.775
47586,18-050834,2/26/2018 11:30:00 AM,2018,2,26,11,30,0,Monday,543856.7058,4811215.714,-80.457945,43.45257,At/near private drive,2,P.D. only,Thru lane,unknown,unknown,SMV unattended vehicle,Unknown,Daylight,01 - Daylight,Municipal (excl. Twp. Rd.),No control,unknown,0,0,0,FALSE,FALSE,FALSE,Clear,,FALSE,LYNDHURST DR; LYNDHURST DR,1/30/2020 11:52:40 AM,543856.7058,4811215.714
47587,18-050936,3/1/2018 6:00:00 AM,2018,3,1,6,0,0,Thursday,545139.9351,4804742.827,-80.44262,43.394212,At/near private drive,2,P.D. only,Right shoulder,unknown,unknown,SMV unattended vehicle,Unknown,Daylight,01 - Daylight,Municipal (excl. Twp. Rd.),No control,unknown,0,0,0,FALSE,FALSE,FALSE,Clear,,FALSE,PIONEER DR; PIONEER DR ; At,1/30/2020 11:52:39 AM,545139.9351,4804742.828
47588,18-051128,3/3/2018 11:30:00 AM,2018,3,3,11,30,0,Saturday,542011.0052,4810481.146,-80.480813,43.446062,At intersection,2,P.D. only,Within intersection,unknown,unknown,Angle,Unknown,Daylight,01 - Daylight,Regional municipality,Stop sign,Functioning,0,0,1,FALSE,FALSE,FALSE,Clear,,FALSE,CAMERON ST N; KING ST E,1/30/2020 11:52:38 AM,542011.0052,4810481.146
47589,18-051219,3/6/2018 6:30:00 PM,2018,3,6,18,30,0,Tuesday,545434.4825,4808344.966,-80.438684,43.426628,At intersection,2,P.D. only,Within intersection,unknown,unknown,Turning movement,Unknown,Dark,07 - Dark,Municipal (excl. Twp. Rd.),Stop sign,Functioning,0,0,0,FALSE,FALSE,FALSE,Clear,,FALSE,KINGSWAY DR; CEDARWOODS CRES,1/30/2020 11:52:37 AM,545434.4825,4808344.966
47590,18-051640,3/7/2018 8:50:00 AM,2018,3,7,8,50,0,Wednesday,537512.5044,4808316.253,-80.536554,43.426808,Non intersection,2,P.D. only,Thru lane,unknown,unknown,Angle,Unknown,Daylight,01 - Daylight,Municipal (excl. Twp. Rd.),No control,unknown,0,0,0,FALSE,FALSE,FALSE,Snow,,FALSE,MONTANA CRES; MONTANA CRES; Near,1/30/2020 11:52:36 AM,537512.5044,4808316.253
47591,18-051963,3/7/2018 5:47:00 PM,2018,3,7,17,47,0,Wednesday,542524.2811,4812530.905,-80.47431,43.464489,At intersection,1,Non-fatal injury,Within intersection,unknown,unknown,Angle,Unknown,Daylight,01 - Daylight,Regional municipality,Stop sign,Functioning,0,0,0,FALSE,FALSE,FALSE,Clear,,FALSE,85 S OFF TO WELLINGTON ST N; WELLINGTON ST N,1/30/2020 11:52:35 AM,542524.2811,4812530.905
47592,18-052301,3/8/2018 7:01:00 AM,2018,3,8,7,1,0,Thursday,541913.9858,4811637.015,-80.481923,43.456475,At intersection,1,Non-fatal injury,Within intersection,unknown,unknown,Turning movement,Unknown,Daylight,01 - Daylight,Regional municipality,Stop sign,Functioning,0,0,0,FALSE,FALSE,FALSE,Snow,,FALSE,LANCASTER ST E; MANSION ST,1/30/2020 11:52:34 AM,541913.9858,4811637.015
47593,18-052387,3/8/2018 9:07:00 AM,2018,3,8,9,7,0,Thursday,545485.4317,4804676.093,-80.43836,43.393591,Intersection related,2,P.D. only,Thru lane,unknown,unknown,Rear end,Unknown,Daylight,01 - Daylight,Municipal (excl. Twp. Rd.),Stop sign,Functioning,0,0,0,FALSE,FALSE,FALSE,Clear,,FALSE,PIONEER DR; UPPER CANADA DR ; Near; 50 M,1/30/2020 11:52:33 AM,545485.4317,4804676.093
47594,18-052502,3/8/2018 11:00:00 AM,2018,3,8,11,0,0,Thursday,540096.3189,4807975.824,-80.504659,43.423609,Non intersection,2,P.D. only,Not on roadway - left side,unknown,unknown,SMV other,Unknown,Daylight,01 - Daylight,Municipal (excl. Twp. Rd.),No control,unknown,0,0,0,FALSE,FALSE,FALSE,Clear,,FALSE,SWEETBRIAR DR; SWEETBRIAR DR ; Near; 20 M,1/30/2020 11:52:33 AM,540096.3189,4807975.824
47595,18-052736,3/8/2018 8:15:00 AM,2018,3,8,8,15,0,Thursday,541877.3408,4811809.239,-80.482363,43.458028,Intersection related,2,P.D. only,Thru lane,unknown,unknown,Rear end,Unknown,Daylight,01 - Daylight,Municipal (excl. Twp. Rd.),Stop sign,Functioning,0,0,0,FALSE,FALSE,FALSE,Snow,,FALSE,LANCASTER ST E; QUEEN ST N; Near,1/30/2020 11:52:31 AM,541877.3407,4811809.239