OBJECTID,ACCIDENTNUM,ACCIDENTDATE,ACCIDENT_YEAR,ACCIDENT_MONTH,ACCIDENT_DAY,ACCIDENT_HOUR,ACCIDENT_MINUTE,ACCIDENT_SECOND,ACCIDENT_WEEKDAY,XCOORD,YCOORD,LONGITUDE,LATITUDE,ACCIDENTLOCATION,COLLISIONTYPE,CLASSIFICATIONOFACCIDENT,IMPACTLOCATION,INITIALDIRECTIONOFTRAVELONE,INITIALDIRECTIONOFTRAVELTWO,INITIALIMPACTTYPE,INTTRAFFICCONTROL,LIGHT,LIGHTFORREPORT,ROADJURISDICTION,TRAFFICCONTROL,TRAFFICCONTROLCONDITION,THRULANENO,NORTHBOUNDDISOBEYCOUNT,SOUTHBOUNDDISOBEYCOUNT,PEDESTRIANINVOLVED,CYCLISTINVOLVED,MOTORCYCLISTINVOLVED,ENVIRONMENTCONDITION1,ENVIRONMENTCONDITION2,SELFREPORTED,XMLIMPORTNOTES,LASTEDITEDDATE,x,y
47596,18-052979,3/8/2018 10:29:00 PM,2018,3,8,22,29,0,Thursday,539111.8485,4811655.634,-80.516557,43.456795,At intersection,1,Non-fatal injury,Within intersection,unknown,unknown,Angle,Unknown,"Daylight, artificial","02 - Daylight, artificial",Regional municipality,Traffic signal,Functioning,0,0,0,FALSE,FALSE,FALSE,Clear,,FALSE,UNION BLVD; PARK ST,1/30/2020 11:52:31 AM,539111.8485,4811655.635
47597,18-053226,3/9/2018 9:40:00 AM,2018,3,9,9,40,0,Friday,541183.329,4810690.334,-80.491026,43.447992,Intersection related,2,P.D. only,Right turn lane,unknown,unknown,Rear end,Unknown,Daylight,01 - Daylight,Municipal (excl. Twp. Rd.),Traffic signal,Functioning,0,0,0,FALSE,FALSE,FALSE,Snow,,FALSE,JOSEPH ST; QUEEN ST S; 5 M,1/30/2020 11:52:30 AM,541183.329,4810690.334
47598,18-053232,3/9/2018 10:00:00 AM,2018,3,9,10,0,0,Friday,545718.5028,4803495.332,-80.435581,43.382945,Non intersection,2,P.D. only,Thru lane,unknown,unknown,Angle,Unknown,Daylight,01 - Daylight,Municipal (excl. Twp. Rd.),No control,unknown,0,0,0,FALSE,FALSE,FALSE,Snow,,FALSE,PINE VALLEY DR; PINE VALLEY DR ; At; 1 M,1/30/2020 11:52:29 AM,545718.5028,4803495.332
47599,18-053558,3/9/2018 3:45:00 PM,2018,3,9,15,45,0,Friday,547355.0128,4804273.831,-80.415311,43.389853,Other,2,P.D. only,Off highway,unknown,unknown,Other,Unknown,Daylight,01 - Daylight,Private property,No control,unknown,0,0,0,FALSE,FALSE,FALSE,Clear,,FALSE,PINNACLE DR; PINNACLE DR ; At,1/30/2020 11:52:28 AM,547355.0128,4804273.831
47600,18-053675,3/5/2018 8:21:00 PM,2018,3,5,20,21,0,Monday,544210.3142,4808751.121,-80.453774,43.430359,Other,2,P.D. only,Off highway,unknown,unknown,SMV unattended vehicle,Unknown,Dark,07 - Dark,Private property,No control,unknown,0,0,0,FALSE,FALSE,FALSE,Clear,,FALSE,DRIVEWAY; FIFTH AVE,1/30/2020 11:52:27 AM,544210.3142,4808751.121
47601,18-054268,3/10/2018 3:30:00 PM,2018,3,10,15,30,0,Saturday,541122.8252,4806835.795,-80.492064,43.413289,Intersection related,2,P.D. only,Thru lane,unknown,unknown,Approaching,Unknown,Daylight,01 - Daylight,Municipal (excl. Twp. Rd.),Stop sign,Functioning,0,0,0,FALSE,FALSE,FALSE,Clear,,FALSE,LAURENTIAN DR; RADCLIFFE DR,1/30/2020 11:52:26 AM,541122.8252,4806835.795
47602,18-055025,3/11/2018 7:28:00 PM,2018,3,11,19,28,0,Sunday,542582.1002,4810126.092,-80.473783,43.442833,At/near private drive,2,P.D. only,Thru lane,unknown,unknown,Turning movement,Unknown,Daylight,01 - Daylight,Regional municipality,No control,unknown,0,0,0,FALSE,FALSE,FALSE,Clear,,FALSE,BORDEN AVE N; KING ST E; Near; 15 M,1/30/2020 11:52:25 AM,542582.1002,4810126.092
47603,18-056233,3/13/2018 11:34:00 AM,2018,3,13,11,34,0,Tuesday,539191.866,4811620.691,-80.51557,43.456476,At/near private drive,2,P.D. only,Thru lane,unknown,unknown,Other,Unknown,Daylight,01 - Daylight,Municipal (excl. Twp. Rd.),No control,unknown,0,0,0,FALSE,FALSE,FALSE,Clear,,FALSE,PARK ST; PARK ST ; At; 1 M,1/30/2020 11:52:24 AM,539191.866,4811620.691
47604,18-056239,3/13/2018 11:45:00 AM,2018,3,13,11,45,0,Tuesday,538985.7377,4811064.613,-80.518158,43.45148,Non intersection,2,P.D. only,Not on roadway - right side,unknown,unknown,SMV other,Unknown,Daylight,01 - Daylight,Municipal (excl. Twp. Rd.),No control,unknown,0,0,0,FALSE,FALSE,FALSE,Clear,,FALSE,BELMONT AVE W; GLASGOW ST ; Near; 100 M,1/30/2020 11:52:23 AM,538985.7377,4811064.613
47605,18-056410,2/3/2018 6:45:00 PM,2018,2,3,18,45,0,Saturday,539699.5282,4810681.444,-80.509364,43.447992,Intersection related,2,P.D. only,Thru lane,unknown,unknown,Turning movement,Unknown,"Dark, artificial","08 - Dark, artificial",Municipal (excl. Twp. Rd.),No control,unknown,0,0,0,FALSE,FALSE,FALSE,Snow,,FALSE,GAGE AVE; WAVERLY RD,1/30/2020 11:52:22 AM,539699.5282,4810681.444
47606,18-057300,3/14/2018 6:00:00 PM,2018,3,14,18,0,0,Wednesday,539338.0163,4806749.045,-80.514115,43.412603,Non intersection,2,P.D. only,Thru lane,unknown,unknown,SMV unattended vehicle,Unknown,Daylight,01 - Daylight,Regional municipality,No control,unknown,0,0,0,FALSE,FALSE,FALSE,Clear,,FALSE,GREY FOX DR ; GREY FOX DR ; At,1/30/2020 11:52:21 AM,539338.0163,4806749.045
47607,18-057812,3/14/2018 9:15:00 PM,2018,3,14,21,15,0,Wednesday,539368.5028,4810477.069,-80.513469,43.446169,At/near private drive,2,P.D. only,Thru lane,unknown,unknown,Turning movement,Unknown,"Dark, artificial","08 - Dark, artificial",Municipal (excl. Twp. Rd.),No control,unknown,0,0,0,FALSE,FALSE,FALSE,Clear,,FALSE,BELMONT AVE W; BELMONT AVE W; At; 0 M,1/30/2020 11:52:20 AM,539368.5028,4810477.069
47608,18-057937,3/15/2018 4:34:00 PM,2018,3,15,16,34,0,Thursday,542313.9572,4810287.891,-80.477084,43.444305,Non intersection,1,Non-fatal injury,Thru lane,unknown,unknown,Rear end,Unknown,Daylight,01 - Daylight,Regional municipality,No control,unknown,0,0,0,FALSE,FALSE,FALSE,Clear,,FALSE,KING ST E; STIRLING AVE N; At; 15 M,1/30/2020 11:52:19 AM,542313.9572,4810287.891
47609,18-058075,3/15/2018 8:35:00 PM,2018,3,15,20,35,0,Thursday,544609.4289,4809094.123,-80.448815,43.433423,At intersection,2,P.D. only,Within intersection,unknown,unknown,Approaching,Unknown,"Dark, artificial","08 - Dark, artificial",Regional municipality,Traffic signal,Functioning,0,0,1,FALSE,FALSE,FALSE,Clear,,FALSE,KINGSWAY DR ; FRANKLIN ST S; 2 M,1/30/2020 11:52:18 AM,544609.4289,4809094.123
47610,18-058148,3/15/2018 10:50:00 PM,2018,3,15,22,50,0,Thursday,543248.1756,4804517.7,-80.465996,43.392297,Intersection related,2,P.D. only,Thru lane,unknown,unknown,Turning movement,Unknown,"Daylight, artificial","02 - Daylight, artificial",Regional municipality,Yield sign,Functioning,0,0,0,FALSE,FALSE,FALSE,Clear,,FALSE,HURON RD; STRASBURG RD; At,1/30/2020 11:52:17 AM,543248.1756,4804517.701
47611,18-058278,3/16/2018 4:30:00 AM,2018,3,16,4,30,0,Friday,541348.6852,4808393.499,-80.489156,43.427302,At/near private drive,2,P.D. only,Off highway,unknown,unknown,SMV other,Unknown,"Daylight, artificial","02 - Daylight, artificial",Municipal (excl. Twp. Rd.),No control,unknown,0,0,0,FALSE,FALSE,FALSE,Snow,,FALSE,AVALON PL; AVALON PL ; Near; 30 M,1/30/2020 11:52:16 AM,541348.6852,4808393.499
47612,18-059452,3/17/2018 9:45:00 AM,2018,3,17,9,45,0,Saturday,540552.498,4807057.197,-80.499092,43.415313,At/near private drive,2,Non-reportable,Thru lane,unknown,unknown,Other,Unknown,Daylight,01 - Daylight,Municipal (excl. Twp. Rd.),No control,unknown,0,0,0,FALSE,FALSE,FALSE,Clear,,FALSE,DUNSMERE CRT; DUNSMERE CRT,1/30/2020 11:52:15 AM,540552.498,4807057.197
47613,18-059590,3/17/2018 2:01:00 PM,2018,3,17,14,1,0,Saturday,543066.2863,4809704,-80.467833,43.439005,Non intersection,2,P.D. only,Not on roadway - right side,unknown,unknown,SMV other,Unknown,Daylight,01 - Daylight,Municipal (excl. Twp. Rd.),No control,unknown,0,0,0,FALSE,FALSE,FALSE,Clear,,FALSE,FLORAL CRES; PRESTON ST ; Near; 50 M,1/30/2020 11:52:14 AM,543066.2863,4809704
47614,18-059662,3/17/2018 12:30:00 PM,2018,3,17,12,30,0,Saturday,547124.1687,4808317.644,-80.417812,43.426278,At/near private drive,2,P.D. only,Right shoulder,unknown,unknown,SMV unattended vehicle,Unknown,Dark,07 - Dark,Municipal (excl. Twp. Rd.),No control,unknown,0,0,0,FALSE,FALSE,FALSE,Clear,,FALSE,MANOR DR; MANOR DR ; Near; 5 M,1/30/2020 11:52:13 AM,547124.1687,4808317.644
47615,18-059701,3/17/2018 2:00:00 PM,2018,3,17,14,0,0,Saturday,542465.9396,4810522.963,-80.475188,43.446413,At intersection,2,P.D. only,Within intersection,unknown,unknown,Turning movement,Unknown,Daylight,01 - Daylight,Regional municipality,Stop sign,Functioning,0,0,0,FALSE,FALSE,FALSE,Clear,,FALSE,STIRLING AVE N; WEBER ST E,1/30/2020 11:52:13 AM,542465.9396,4810522.963
47616,18-060965,3/17/2018 7:00:00 PM,2018,3,17,19,0,0,Saturday,543271.0629,4811932.42,-80.465126,43.459058,Non intersection,2,P.D. only,Right shoulder,unknown,unknown,SMV unattended vehicle,Unknown,Daylight,01 - Daylight,Municipal (excl. Twp. Rd.),No control,unknown,0,0,0,FALSE,FALSE,FALSE,Clear,,FALSE,ETON DR; ETON DR,1/30/2020 11:52:12 AM,543271.0629,4811932.42
47617,18-061060,3/17/2018 4:45:00 PM,2018,3,17,16,45,0,Saturday,540022.4642,4806737.908,-80.505662,43.412467,At/near private drive,2,Non-reportable,Thru lane,unknown,unknown,SMV unattended vehicle,Unknown,Daylight,01 - Daylight,Municipal (excl. Twp. Rd.),No control,unknown,0,0,0,FALSE,FALSE,FALSE,Clear,,FALSE,DINISON CRES; DINISON CRES,1/30/2020 11:52:11 AM,540022.4642,4806737.908
47618,18-061136,3/17/2018 11:00:00 AM,2018,3,17,11,0,0,Saturday,549444.7778,4806007.237,-80.389353,43.405326,Intersection related,1,Non-fatal injury,Thru lane,unknown,unknown,Rear end,Unknown,Daylight,01 - Daylight,Regional municipality,Traffic signal,Functioning,0,0,0,FALSE,FALSE,FALSE,Clear,,FALSE,KING ST E; TU LANE ST,1/30/2020 11:52:10 AM,549444.7778,4806007.237
47619,18-061751,3/18/2018 7:30:00 PM,2018,3,18,19,30,0,Sunday,542337.9725,4811882.911,-80.476664,43.458665,Non intersection,2,P.D. only,Right shoulder,unknown,unknown,SMV unattended vehicle,Unknown,Dark,07 - Dark,Municipal (excl. Twp. Rd.),No control,unknown,0,0,0,FALSE,FALSE,FALSE,Clear,,FALSE,DUNHAM AVE; DUNHAM AVE,1/30/2020 11:52:09 AM,542337.9725,4811882.911
47620,18-061854,3/19/2018 2:45:00 PM,2018,3,19,14,45,0,Monday,547783.6911,4804385.723,-80.410008,43.390833,At/near private drive,1,Non-fatal injury,Thru lane,unknown,unknown,Turning movement,Unknown,Daylight,01 - Daylight,Regional municipality,No control,unknown,0,0,0,FALSE,FALSE,FALSE,Clear,,FALSE,CONESTOGA COLLEGE BLVD ; DOON VALLET DRIVE KITCHENER; Near; 7 M,1/30/2020 11:52:08 AM,547783.6911,4804385.723
47621,18-061933,3/19/2018 3:45:00 PM,2018,3,19,15,45,0,Monday,539503.6309,4810145.822,-80.511823,43.44318,Non intersection,2,P.D. only,Thru lane,unknown,unknown,Sideswipe,Unknown,Daylight,01 - Daylight,Regional municipality,No control,unknown,0,0,0,FALSE,FALSE,FALSE,Clear,,FALSE,BELMONT AVE W; VICTORIA ST S,1/30/2020 11:52:07 AM,539503.6309,4810145.822
47622,18-062429,3/20/2018 6:30:00 AM,2018,3,20,6,30,0,Tuesday,541657.111,4807894.547,-80.485384,43.422792,At/near private drive,2,P.D. only,Thru lane,unknown,unknown,SMV unattended vehicle,Unknown,"Dark, artificial","08 - Dark, artificial",Municipal (excl. Twp. Rd.),No control,unknown,0,0,0,FALSE,FALSE,FALSE,Clear,,FALSE,ROBERTS CRES; ROBERTS CRES,1/30/2020 11:52:06 AM,541657.111,4807894.547
47623,18-062852,3/20/2018 3:35:00 PM,2018,3,20,15,35,0,Tuesday,539733.5798,4806766.938,-80.509228,43.412744,At/near private drive,2,P.D. only,Thru lane,unknown,unknown,Other,Unknown,Daylight,01 - Daylight,Municipal (excl. Twp. Rd.),No control,unknown,0,0,0,FALSE,FALSE,FALSE,Clear,,FALSE,ACTIVA AVE; ACTIVA AVE,1/30/2020 11:52:05 AM,539733.5797,4806766.938
47624,18-063571,5/21/2018 3:20:00 PM,2018,5,21,15,20,0,Monday,542111.6386,4812323.107,-80.479427,43.462642,Intersection related,1,Non-fatal injury,Within intersection,unknown,unknown,Turning movement,Unknown,Daylight,01 - Daylight,Regional municipality,Stop sign,Functioning,0,0,0,FALSE,FALSE,FALSE,Clear,,FALSE,WELLINGTON ST N; SPRING VALLEY RD ; At,1/30/2020 11:52:04 AM,542111.6386,4812323.107
47625,18-063600,3/21/2018 8:00:00 AM,2018,3,21,8,0,0,Wednesday,542680.7865,4803966.576,-80.473045,43.387367,At/near private drive,2,P.D. only,Thru lane,unknown,unknown,SMV unattended vehicle,Unknown,Daylight,01 - Daylight,Municipal (excl. Twp. Rd.),No control,unknown,0,0,0,FALSE,FALSE,FALSE,Clear,,FALSE,CRANSHAW ST; CRANSHAW ST; Near,1/30/2020 11:52:03 AM,542680.7865,4803966.576
47626,18-063690,3/21/2018 5:41:00 PM,2018,3,21,17,41,0,Wednesday,538220.1195,4806515.443,-80.527938,43.410558,At intersection,1,Non-fatal injury,Within intersection,unknown,unknown,Angle,Unknown,Daylight,01 - Daylight,Municipal (excl. Twp. Rd.),Stop sign,Functioning,0,0,0,FALSE,FALSE,FALSE,Clear,,FALSE,PROSPERITY DR; FOXGLOVE CRES,1/30/2020 11:52:02 AM,538220.1195,4806515.443
47627,18-065046,3/23/2018 11:06:00 AM,2018,3,23,11,6,0,Friday,541495.9113,4810152.564,-80.487204,43.443132,Non intersection,1,Non-fatal injury,Not on roadway - right side,unknown,unknown,SMV other,Unknown,Daylight,01 - Daylight,Regional municipality,No control,unknown,0,0,0,FALSE,FALSE,FALSE,Clear,,FALSE,CEDAR ST S; COURTLAND AVE E; Near; 43 M,1/30/2020 11:52:01 AM,541495.9113,4810152.564
47628,18-065354,3/23/2018 6:19:00 PM,2018,3,23,18,19,0,Friday,542065.423,4810447.741,-80.480143,43.445758,At/near private drive,2,P.D. only,Thru lane,unknown,unknown,Turning movement,Unknown,Daylight,01 - Daylight,Regional municipality,No control,unknown,0,0,0,FALSE,FALSE,FALSE,Clear,,FALSE,KING ST E; KING ST E; 0 M,1/30/2020 11:52:00 AM,542065.423,4810447.741
47629,18-066139,3/24/2018 5:46:00 PM,2018,3,24,17,46,0,Saturday,539112.8246,4811655.201,-80.516545,43.456791,At intersection,2,P.D. only,Within intersection,unknown,unknown,Angle,Unknown,Daylight,01 - Daylight,Municipal (excl. Twp. Rd.),Traffic signal,Functioning,0,0,0,FALSE,FALSE,FALSE,Clear,,FALSE,UNION BLVD ; PARK  ST,1/30/2020 11:51:59 AM,539112.8246,4811655.201
47630,18-066605,3/24/2018 4:30:00 PM,2018,3,24,16,30,0,Saturday,545095.3336,4810850.111,-80.442667,43.449205,Non intersection,2,P.D. only,Thru lane,unknown,unknown,Sideswipe,Unknown,Daylight,01 - Daylight,Municipal (excl. Twp. Rd.),No control,unknown,0,0,0,FALSE,FALSE,FALSE,Clear,,FALSE,RIVER RD E; HOLBORN DR; Near; 50 M,1/30/2020 11:51:59 AM,545095.3336,4810850.111
47631,18-066607,3/25/2018 5:30:00 AM,2018,3,25,5,30,0,Sunday,539607.5618,4811882.129,-80.510413,43.458808,At/near private drive,2,P.D. only,Thru lane,unknown,unknown,SMV other,Unknown,Dark,07 - Dark,Municipal (excl. Twp. Rd.),No control,unknown,0,0,0,FALSE,FALSE,FALSE,Clear,,FALSE,PINE ST ; PINE ST ; At; 0 M,1/30/2020 11:51:58 AM,539607.5618,4811882.129
47632,18-066627,3/24/2018 12:45:00 PM,2018,3,24,12,45,0,Saturday,538682.5305,4805531.502,-80.522297,43.401675,At/near private drive,2,P.D. only,Thru lane,unknown,unknown,Other,Unknown,Daylight,01 - Daylight,Municipal (excl. Twp. Rd.),No control,unknown,0,0,0,FALSE,FALSE,FALSE,Clear,,FALSE,ISAIAH DR; ISAIAH DR ; Near; 3 M,1/30/2020 11:51:57 AM,538682.5305,4805531.502
47633,18-067179,3/26/2018 7:06:00 AM,2018,3,26,7,6,0,Monday,540113.6727,4809363.456,-80.504342,43.436103,At/near private drive,1,Non-fatal injury,Not on roadway - right side,unknown,unknown,SMV other,Unknown,Daylight,01 - Daylight,Municipal (excl. Twp. Rd.),No control,unknown,0,0,0,TRUE,FALSE,FALSE,Clear,,FALSE,QUEENS BLVD ; QUEENS BLVD ; At; 1 M,1/30/2020 11:51:56 AM,540113.6727,4809363.456
47634,18-067334,3/25/2018 12:30:00 PM,2018,3,25,12,30,0,Sunday,545433.0461,4808343.998,-80.438702,43.42662,At/near private drive,2,Non-reportable,Thru lane,unknown,unknown,Turning movement,Unknown,Daylight,01 - Daylight,Municipal (excl. Twp. Rd.),No control,unknown,0,0,0,FALSE,FALSE,FALSE,Clear,,FALSE,CEDARWOODS CRES; KINGSWAY DR ; Near; 10 M,1/30/2020 11:51:55 AM,545433.0461,4808343.998
47635,18-067335,3/26/2018 9:26:00 AM,2018,3,26,9,26,0,Monday,545146.182,4807123.5,-80.442347,43.415648,Intersection related,2,P.D. only,Right turn lane,unknown,unknown,Turning movement,Unknown,Daylight,01 - Daylight,Municipal (excl. Twp. Rd.),Stop sign,Functioning,0,0,0,FALSE,FALSE,FALSE,Clear,,FALSE,GOODRICH DR; WILSON AVE ; 1 M,1/30/2020 11:51:54 AM,545146.182,4807123.5
47636,18-067378,3/26/2018 10:00:00 AM,2018,3,26,10,0,0,Monday,545293.7587,4803388.128,-80.440833,43.382005,Other,2,P.D. only,Off highway,unknown,unknown,Other,Unknown,Daylight,01 - Daylight,Private property,No control,unknown,0,0,0,FALSE,FALSE,FALSE,Clear,,FALSE,FOREST CREEK DR; FOREST CREEK DR ; 1 M,1/30/2020 11:51:53 AM,545293.7587,4803388.128
47637,18-068134,3/26/2018 1:00:00 AM,2018,3,26,1,0,0,Monday,544936.1826,4811345.323,-80.444593,43.453673,Non intersection,2,P.D. only,Thru lane,unknown,unknown,SMV unattended vehicle,Unknown,"Dark, artificial","08 - Dark, artificial",Municipal (excl. Twp. Rd.),No control,unknown,0,0,0,FALSE,FALSE,FALSE,Clear,,FALSE,BRECKENRIDGE DR; BRECKENRIDGE DR; Near,1/30/2020 11:51:52 AM,544936.1826,4811345.323
47638,18-068179,3/26/2018 4:00:00 PM,2018,3,26,16,0,0,Monday,541789.0207,4810797.68,-80.483532,43.448925,At intersection,2,P.D. only,Within intersection,unknown,unknown,Turning movement,Unknown,Daylight,01 - Daylight,Municipal (excl. Twp. Rd.),Stop sign,Functioning,0,0,0,FALSE,FALSE,FALSE,Clear,,FALSE,DUKE ST E; EBY ST N,1/30/2020 11:51:51 AM,541789.0207,4810797.68
47639,18-068426,3/27/2018 3:15:00 PM,2018,3,27,15,15,0,Tuesday,544184.2956,4807689.869,-80.454182,43.420805,At/near private drive,2,P.D. only,Thru lane,unknown,unknown,SMV unattended vehicle,Unknown,Daylight,01 - Daylight,Municipal (excl. Twp. Rd.),No control,unknown,0,0,0,FALSE,FALSE,FALSE,Rain,,FALSE,TRAYNOR AVE; TRAYNOR AVE; At,1/30/2020 11:51:50 AM,544184.2956,4807689.869
47640,18-068542,3/27/2018 5:20:00 PM,2018,3,27,17,20,0,Tuesday,542141.3856,4807090.752,-80.479463,43.415528,At/near private drive,2,P.D. only,Right turn lane,unknown,unknown,Turning movement,Unknown,Daylight,01 - Daylight,Regional municipality,No control,unknown,0,0,0,FALSE,FALSE,FALSE,Rain,,FALSE,BLOCK LINE RD ; STRASBURG RD; At,1/30/2020 11:51:49 AM,542141.3856,4807090.752
47641,18-069361,3/27/2018 8:45:00 AM,2018,3,27,8,45,0,Tuesday,542469.0099,4807218.174,-80.475407,43.416657,At/near private drive,2,P.D. only,Thru lane,unknown,unknown,Turning movement,Unknown,Daylight,01 - Daylight,Municipal (excl. Twp. Rd.),No control,unknown,0,0,0,FALSE,FALSE,FALSE,Rain,,FALSE,COUNTRY HILL DR; COUNTRY HILL DR,1/30/2020 11:51:48 AM,542469.0099,4807218.175
47642,18-070016,3/29/2018 12:12:00 PM,2018,3,29,12,12,0,Thursday,545099.5617,4807759.395,-80.44287,43.421376,At/near private drive,2,P.D. only,Thru lane,unknown,unknown,Turning movement,Unknown,Daylight,01 - Daylight,Municipal (excl. Twp. Rd.),No control,unknown,0,0,0,FALSE,FALSE,FALSE,Rain,,FALSE,WILSON AVE; WILSON AVE ; At; 1 M,1/30/2020 11:51:47 AM,545099.5617,4807759.395
47643,18-070017,3/29/2018 12:15:00 PM,2018,3,29,12,15,0,Thursday,540736.7153,4811136.404,-80.496512,43.452033,Other,2,P.D. only,Thru lane,unknown,unknown,Rear end,Unknown,Daylight,01 - Daylight,Municipal (excl. Twp. Rd.),No control,unknown,0,0,0,FALSE,FALSE,FALSE,Rain,,FALSE,FRANCIS ST S; KING ST W; 32 M,1/30/2020 11:51:47 AM,540736.7153,4811136.404
47644,18-070277,3/29/2018 4:20:00 PM,2018,3,29,16,20,0,Thursday,541229.6803,4810750.071,-80.490448,43.448527,At intersection,2,P.D. only,Within intersection,unknown,unknown,Turning movement,Unknown,Daylight,01 - Daylight,Municipal (excl. Twp. Rd.),Stop sign,Functioning,0,0,0,FALSE,FALSE,FALSE,Rain,,FALSE,QUEEN ST S; CHURCH ST,1/30/2020 11:51:46 AM,541229.6803,4810750.071
47645,18-071499,3/7/2018 11:00:00 AM,2018,3,7,11,0,0,Wednesday,541068,4811108,0,0,At/near private drive,2,P.D. only,Thru lane,unknown,unknown,Angle,Unknown,Daylight,01 - Daylight,Municipal (excl. Twp. Rd.),No control,unknown,0,0,0,FALSE,FALSE,FALSE,Clear,,FALSE,CAROLINE; CAROLINE; At; 10 M,1/30/2020 11:51:45 AM,541068,4811108
47646,18-071540,3/29/2018 9:30:00 AM,2018,3,29,9,30,0,Thursday,541613.1084,4810899.512,-80.485698,43.449851,Non intersection,2,P.D. only,Thru lane,unknown,unknown,Turning movement,Unknown,Daylight,01 - Daylight,Municipal (excl. Twp. Rd.),No control,unknown,0,0,0,FALSE,FALSE,FALSE,"Fog, mist, smoke, dust",,FALSE,DUKE ST E; SCOTT ST; Near,1/30/2020 11:51:43 AM,541613.1084,4810899.512
47647,18-072551,4/1/2018 8:21:00 PM,2018,4,1,20,21,0,Sunday,542406.2938,4806614.353,-80.476228,43.411223,Intersection related,2,P.D. only,Thru lane,unknown,unknown,Rear end,Unknown,Dark,07 - Dark,Municipal (excl. Twp. Rd.),Stop sign,Functioning,0,0,0,FALSE,FALSE,FALSE,Clear,,FALSE,STRASBURG RD; OLD COUNTRY DR; Near; 20 M,1/30/2020 11:51:43 AM,542406.2938,4806614.353
47648,18-072816,4/2/2018 8:20:00 AM,2018,4,2,8,20,0,Monday,541257.7966,4812529.43,-80.489966,43.464547,At intersection,2,P.D. only,Within intersection,unknown,unknown,Angle,Unknown,Daylight,01 - Daylight,Municipal (excl. Twp. Rd.),Stop sign,Functioning,0,0,0,FALSE,FALSE,FALSE,Clear,,FALSE,ST LEGER ST; GUELPH ST,1/30/2020 11:51:42 AM,541257.7966,4812529.43
47649,18-072841,3/9/2018 10:30:00 AM,2018,3,9,10,30,0,Friday,541068,4811108,0,0,Non intersection,2,Non-reportable,Thru lane,unknown,unknown,SMV unattended vehicle,Unknown,Daylight,01 - Daylight,Municipal (excl. Twp. Rd.),No control,unknown,0,0,0,FALSE,FALSE,FALSE,Snow,,FALSE,VALLEYSCAPE DR; VALLEYSCAPE DR; Near,1/30/2020 11:51:41 AM,541068,4811108
47650,18-072937,4/1/2018 10:00:00 AM,2018,4,1,10,0,0,Sunday,545757.6992,4803930.813,-80.43506,43.386864,At/near private drive,2,P.D. only,Thru lane,unknown,unknown,SMV unattended vehicle,Unknown,Daylight,01 - Daylight,Municipal (excl. Twp. Rd.),No control,unknown,0,0,0,FALSE,FALSE,FALSE,Clear,,FALSE,APPLE RIDGE DR; APPLE RIDGE DR,1/30/2020 11:51:40 AM,545757.6992,4803930.813
47651,18-073068,4/2/2018 1:00:00 AM,2018,4,2,1,0,0,Monday,541068,4811108,0,0,Non intersection,2,P.D. only,Thru lane,unknown,unknown,SMV unattended vehicle,Unknown,"Dark, artificial","08 - Dark, artificial",Municipal (excl. Twp. Rd.),No control,unknown,0,0,0,FALSE,FALSE,FALSE,Clear,,FALSE,NETHERWOOD RD; NETHERWOOD RD; At,1/30/2020 11:51:39 AM,541068,4811108
47652,18-074683,4/4/2018 2:11:00 PM,2018,4,4,14,11,0,Wednesday,543073.8146,4812800.98,-80.467496,43.46689,Intersection related,1,Non-fatal injury,Off highway,unknown,unknown,SMV other,Unknown,Daylight,01 - Daylight,Municipal (excl. Twp. Rd.),Traffic signal,Functioning,0,0,0,FALSE,FALSE,FALSE,Clear,,FALSE,WELLINGTON ST N; RIVERBEND DR,1/30/2020 11:51:38 AM,543073.8146,4812800.98
47653,18-074839,4/4/2018 1:30:00 PM,2018,4,4,13,30,0,Wednesday,541068,4811108,0,0,At/near private drive,2,P.D. only,Right shoulder,unknown,unknown,SMV unattended vehicle,Unknown,Daylight,01 - Daylight,Municipal (excl. Twp. Rd.),No control,unknown,0,0,0,FALSE,FALSE,FALSE,Strong wind,,FALSE,WORDSWORTH PL; WORDSWORTH PL ; At,1/30/2020 11:51:37 AM,541068,4811108
47654,18-074925,4/4/2018 4:40:00 PM,2018,4,4,16,40,0,Wednesday,542629.6088,4803998.753,-80.473674,43.38766,At intersection,1,Non-fatal injury,Within intersection,unknown,unknown,Turning movement,Unknown,Daylight,01 - Daylight,Municipal (excl. Twp. Rd.),Stop sign,Functioning,0,0,0,FALSE,FALSE,FALSE,Clear,,FALSE,HURON RD; CRANSHAW ST,1/30/2020 11:51:36 AM,542629.6088,4803998.753
47655,18-075563,4/5/2018 3:34:00 PM,2018,4,5,15,34,0,Thursday,543799.8865,4805041.786,-80.459142,43.396984,Non intersection,2,P.D. only,Thru lane,unknown,unknown,SMV other,Unknown,Daylight,01 - Daylight,Municipal (excl. Twp. Rd.),No control,unknown,0,0,0,FALSE,FALSE,FALSE,Clear,,FALSE,OLD HURON RD; BATTLER RD ; 250 M,1/30/2020 11:51:35 AM,543799.8865,4805041.786
47656,18-075617,4/5/2018 4:52:00 PM,2018,4,5,16,52,0,Thursday,543074.8565,4812800.833,-80.467483,43.466888,Intersection related,2,P.D. only,Thru lane,unknown,unknown,Rear end,Unknown,Daylight,01 - Daylight,Municipal (excl. Twp. Rd.),Traffic signal,Functioning,0,0,0,FALSE,FALSE,FALSE,Clear,,FALSE,RIVERBEND DR; WELLINGTON ST N; Near; 75 M,1/30/2020 11:51:34 AM,543074.8565,4812800.833
47657,18-075619,4/5/2018 4:54:00 PM,2018,4,5,16,54,0,Thursday,544463.2317,4810706.392,-80.45049,43.447949,At/near private drive,2,P.D. only,Thru lane,unknown,unknown,Turning movement,Unknown,Daylight,01 - Daylight,Municipal (excl. Twp. Rd.),No control,unknown,0,0,0,FALSE,FALSE,FALSE,Clear,,FALSE,FRANKLIN ST N; FRANKLIN ST N; 5 M,1/30/2020 11:51:33 AM,544463.2317,4810706.392