OBJECTID,ACCIDENTNUM,ACCIDENTDATE,ACCIDENT_YEAR,ACCIDENT_MONTH,ACCIDENT_DAY,ACCIDENT_HOUR,ACCIDENT_MINUTE,ACCIDENT_SECOND,ACCIDENT_WEEKDAY,XCOORD,YCOORD,LONGITUDE,LATITUDE,ACCIDENTLOCATION,COLLISIONTYPE,CLASSIFICATIONOFACCIDENT,IMPACTLOCATION,INITIALDIRECTIONOFTRAVELONE,INITIALDIRECTIONOFTRAVELTWO,INITIALIMPACTTYPE,INTTRAFFICCONTROL,LIGHT,LIGHTFORREPORT,ROADJURISDICTION,TRAFFICCONTROL,TRAFFICCONTROLCONDITION,THRULANENO,NORTHBOUNDDISOBEYCOUNT,SOUTHBOUNDDISOBEYCOUNT,PEDESTRIANINVOLVED,CYCLISTINVOLVED,MOTORCYCLISTINVOLVED,ENVIRONMENTCONDITION1,ENVIRONMENTCONDITION2,SELFREPORTED,XMLIMPORTNOTES,LASTEDITEDDATE,x,y
47658,18-075629,4/5/2018 5:11:00 PM,2018,4,5,17,11,0,Thursday,541117.299,4813863.781,-80.491602,43.476569,Non intersection,2,P.D. only,Not on roadway - right side,unknown,unknown,SMV other,Unknown,Daylight,01 - Daylight,Municipal (excl. Twp. Rd.),No control,unknown,0,0,0,FALSE,FALSE,FALSE,Clear,,FALSE,LANG CRES; SPRINGDALE DR; Near; 15 M,1/30/2020 11:51:32 AM,541117.299,4813863.781
47659,18-076043,4/6/2018 7:57:00 AM,2018,4,6,7,57,0,Friday,539870.0338,4810633.831,-80.50726,43.447554,At intersection,2,P.D. only,Within intersection,unknown,unknown,Angle,Unknown,Daylight,01 - Daylight,Municipal (excl. Twp. Rd.),Stop sign,Functioning,0,0,0,FALSE,FALSE,FALSE,Snow,,FALSE,CHERRY ST; STRANGE ST,1/30/2020 11:51:31 AM,539870.0338,4810633.831
47660,18-076059,4/6/2018 8:10:00 AM,2018,4,6,8,10,0,Friday,543247.2131,4804517.694,-80.466008,43.392297,Intersection related,2,P.D. only,Thru lane,unknown,unknown,SMV other,Unknown,Daylight,01 - Daylight,Municipal (excl. Twp. Rd.),Yield sign,Functioning,0,0,0,FALSE,FALSE,FALSE,Snow,,FALSE,HURON RD ; STRASBURG RD ; Near; 20 M,1/30/2020 11:51:30 AM,543247.2131,4804517.694
47661,18-076085,4/6/2018 8:20:00 AM,2018,4,6,8,20,0,Friday,542626.7091,4804000.653,-80.47371,43.387677,Intersection related,2,P.D. only,Not on roadway - left side,unknown,unknown,SMV other,Unknown,Daylight,01 - Daylight,Regional municipality,Stop sign,Functioning,0,0,0,FALSE,FALSE,FALSE,Snow,,FALSE,HURON RD; CRANSHAW ST; 18 M,1/30/2020 11:51:29 AM,542626.7091,4804000.653
47662,18-076128,4/6/2018 8:44:00 AM,2018,4,6,8,44,0,Friday,541916.6272,4811618.072,-80.481892,43.456304,Intersection related,1,Non-fatal injury,Thru lane,unknown,unknown,Rear end,Unknown,Daylight,01 - Daylight,Municipal (excl. Twp. Rd.),Stop sign,Functioning,0,0,0,FALSE,FALSE,FALSE,Snow,,FALSE,LANCASTER ST E; MANSION ST ; Near; 5 M,1/30/2020 11:51:28 AM,541916.6272,4811618.072
47663,18-076197,4/6/2018 9:20:00 AM,2018,4,6,9,20,0,Friday,540569.7685,4812712.658,-80.498458,43.466234,Intersection related,2,P.D. only,Not on roadway - right side,unknown,unknown,SMV other,Stop sign,Daylight,01 - Daylight,Municipal (excl. Twp. Rd.),Yield sign,Functioning,0,0,0,FALSE,FALSE,FALSE,Snow,,FALSE,MARGARET AVE S; UNION ST E; At; 10 M,1/30/2020 11:51:28 AM,540569.7685,4812712.658
47664,18-076209,4/6/2018 9:40:00 AM,2018,4,6,9,40,0,Friday,541726.6599,4810509.546,-80.484325,43.446334,Non intersection,2,P.D. only,Right shoulder,unknown,unknown,SMV other,Unknown,Daylight,01 - Daylight,Municipal (excl. Twp. Rd.),No control,unknown,0,0,0,FALSE,FALSE,FALSE,Snow,,FALSE,CEDAR ST S; CEDAR ST S; Near; 8 M,1/30/2020 11:51:27 AM,541726.6599,4810509.547
47665,18-076238,4/6/2018 9:20:00 AM,2018,4,6,9,20,0,Friday,541945.9434,4810961.161,-80.48158,43.450388,Non intersection,2,P.D. only,Thru lane,unknown,unknown,Rear end,Unknown,Daylight,01 - Daylight,unknown,Stop sign,Functioning,0,0,0,FALSE,FALSE,FALSE,Snow,,FALSE,LANCASTER ST E; BRUBACHER ST ; Near,2/19/2019 2:08:42 PM,541945.9434,4810961.161
47666,18-076248,4/6/2018 10:20:00 AM,2018,4,6,10,20,0,Friday,541633.7833,4811413.683,-80.485404,43.45448,At intersection,2,P.D. only,Within intersection,unknown,unknown,Rear end,Unknown,Daylight,01 - Daylight,Municipal (excl. Twp. Rd.),Traffic signal,Functioning,0,0,0,FALSE,FALSE,FALSE,Snow,,FALSE,QUEEN ST N; MARGARET AVE,1/30/2020 11:51:25 AM,541633.7833,4811413.683
47667,18-076261,4/6/2018 8:40:00 AM,2018,4,6,8,40,0,Friday,543067.9838,4807435.279,-80.467991,43.418577,Intersection related,2,P.D. only,Thru lane,unknown,unknown,Rear end,Unknown,Daylight,01 - Daylight,Regional municipality,Yield sign,Functioning,0,0,0,FALSE,FALSE,FALSE,Snow,,FALSE,BLOCK LINE RD; FALLOWFIELD DR,1/30/2020 11:51:24 AM,543067.9838,4807435.279
47668,18-076324,4/6/2018 9:10:00 AM,2018,4,6,9,10,0,Friday,542812.9094,4808127.21,-80.471088,43.424822,Intersection related,2,P.D. only,Thru lane,unknown,unknown,Turning movement,Stop sign,Daylight,01 - Daylight,Municipal (excl. Twp. Rd.),Stop sign,Functioning,0,0,0,FALSE,FALSE,FALSE,Snow,,FALSE,HAYWARD AVE; HANSON AVE; At,1/30/2020 11:51:23 AM,542812.9094,4808127.21
47669,18-076352,4/6/2018 1:02:00 PM,2018,4,6,13,2,0,Friday,543405.8855,4812190.193,-80.463439,43.461371,At/near private drive,1,Non-fatal injury,Thru lane,unknown,unknown,Turning movement,Unknown,Daylight,01 - Daylight,Regional municipality,No control,unknown,0,0,0,FALSE,FALSE,FALSE,Snow,,FALSE,FREDERICK ST; FREDERICK ST ; At; 3 M,1/30/2020 11:51:22 AM,543405.8855,4812190.193
47670,18-076356,4/6/2018 8:00:00 AM,2018,4,6,8,0,0,Friday,537234.3123,4806789.35,-80.540095,43.413074,Non intersection,2,P.D. only,Thru lane,unknown,unknown,SMV unattended vehicle,Unknown,Daylight,01 - Daylight,Municipal (excl. Twp. Rd.),No control,unknown,0,0,0,FALSE,FALSE,FALSE,Snow,,FALSE,YELLOW BIRCH DR; DRIFTWOOD DR; Near; 50 M,1/30/2020 11:51:21 AM,537234.3123,4806789.35
47671,18-076413,4/6/2018 8:40:00 AM,2018,4,6,8,40,0,Friday,541916.0539,4811616.73,-80.481899,43.456292,Non intersection,2,P.D. only,Thru lane,unknown,unknown,Rear end,Unknown,Daylight,01 - Daylight,unknown,No control,unknown,0,0,0,FALSE,FALSE,FALSE,Snow,,FALSE,LANCASTER ST E; MANSION ST; Near,2/19/2019 2:08:41 PM,541916.0539,4811616.73
47672,18-076454,4/6/2018 3:21:00 PM,2018,4,6,15,21,0,Friday,544760.6756,4811448.414,-80.446754,43.454612,Intersection related,2,P.D. only,Thru lane,unknown,unknown,Other,Unknown,Daylight,01 - Daylight,Municipal (excl. Twp. Rd.),Traffic signal,Functioning,0,0,0,FALSE,FALSE,FALSE,Clear,,FALSE,HICKSON DR; RIVER RD E,1/30/2020 11:51:21 AM,544760.6756,4811448.414
47673,18-076475,4/6/2018 8:00:00 AM,2018,4,6,8,0,0,Friday,543570.5734,4804971.488,-80.461979,43.396364,Intersection related,1,Non-fatal injury,Thru lane,unknown,unknown,Rear end,Unknown,Daylight,01 - Daylight,Regional municipality,Traffic signal,Functioning,0,0,0,FALSE,FALSE,FALSE,Snow,,FALSE,HURON RD; BATTLER RD,1/30/2020 11:51:20 AM,543570.5734,4804971.488
47674,18-076495,4/6/2018 2:20:00 PM,2018,4,6,14,20,0,Friday,542942.4696,4811341.083,-80.469234,43.453752,Intersection related,2,Non-reportable,Thru lane,unknown,unknown,Rear end,Unknown,Daylight,01 - Daylight,Municipal (excl. Twp. Rd.),Stop sign,Functioning,0,0,0,FALSE,FALSE,FALSE,Clear,,FALSE,KRUG ST; DUMFRIES AVE; Near; 15 M,1/30/2020 11:51:19 AM,542942.4696,4811341.083
47675,18-076560,4/6/2018 5:21:00 PM,2018,4,6,17,21,0,Friday,543073.8891,4812801.785,-80.467495,43.466897,Non intersection,2,P.D. only,Thru lane,unknown,unknown,Rear end,Unknown,Daylight,01 - Daylight,Regional municipality,No control,unknown,0,0,0,FALSE,FALSE,FALSE,Snow,,FALSE,WELLINGTON ST N; RIVERBEND DR ; Near; 2 M,1/30/2020 11:51:17 AM,543073.8891,4812801.785
47676,18-076591,4/6/2018 8:50:00 AM,2018,4,6,8,50,0,Friday,540570.2621,4812710.505,-80.498452,43.466215,Intersection related,2,Non-reportable,Thru lane,unknown,unknown,Rear end,Stop sign,Daylight,01 - Daylight,Municipal (excl. Twp. Rd.),Yield sign,Functioning,0,0,0,FALSE,FALSE,FALSE,Snow,,FALSE,MARGARET AVE; UNION ST; At,1/30/2020 11:51:17 AM,540570.2621,4812710.505
47677,18-076624,4/6/2018 4:45:00 PM,2018,4,6,16,45,0,Friday,540340.1638,4811080.495,-80.501417,43.451551,At/near private drive,2,P.D. only,Thru lane,unknown,unknown,Turning movement,Unknown,Daylight,01 - Daylight,Municipal (excl. Twp. Rd.),No control,unknown,0,0,0,FALSE,FALSE,FALSE,Clear,,FALSE,JOSEPH ST; JOSEPH ST ; At,1/30/2020 11:51:16 AM,540340.1638,4811080.495
47678,18-076803,4/6/2018 10:53:00 PM,2018,4,6,22,53,0,Friday,544976.6775,4807893.119,-80.444377,43.422587,At/near private drive,2,P.D. only,Thru lane,unknown,unknown,Rear end,Unknown,"Dusk, artificial","06 - Dusk, artificial",Municipal (excl. Twp. Rd.),Other,Functioning,0,0,0,FALSE,FALSE,FALSE,Snow,,FALSE,WILSON AVE; WILSON AVE ; 0 M,1/30/2020 11:51:15 AM,544976.6775,4807893.119
47679,18-076983,4/7/2018 7:15:00 AM,2018,4,7,7,15,0,Saturday,539686.9692,4811407.753,-80.509466,43.454532,Intersection related,2,P.D. only,Not on roadway - left side,unknown,unknown,SMV other,Unknown,Daylight,01 - Daylight,Municipal (excl. Twp. Rd.),Traffic signal,Functioning,0,0,0,FALSE,FALSE,FALSE,Clear,,FALSE,GLASGOW ST ; GRUHN ST ; 25 M,1/30/2020 11:51:14 AM,539686.9692,4811407.753
47680,18-077120,4/7/2018 9:00:00 AM,2018,4,7,9,0,0,Saturday,540570.7457,4812710.029,-80.498446,43.466211,Non intersection,2,P.D. only,Not on roadway - right side,unknown,unknown,SMV other,Unknown,Daylight,01 - Daylight,Municipal (excl. Twp. Rd.),No control,unknown,0,0,0,FALSE,FALSE,FALSE,Strong wind,,FALSE,MARGARET AVE ; UNION ST E; At; 3 M,1/30/2020 11:51:13 AM,540570.7457,4812710.029
47681,18-078604,4/8/2018 11:15:00 AM,2018,4,8,11,15,0,Sunday,540788.9737,4809066.672,-80.496021,43.433394,At/near private drive,2,P.D. only,Thru lane,unknown,unknown,Other,Unknown,Daylight,01 - Daylight,Regional municipality,No control,unknown,0,0,0,FALSE,FALSE,FALSE,Clear,,FALSE,STIRLING AVE S; STIRLING AVE S,1/30/2020 11:51:12 AM,540788.9737,4809066.672
47682,18-078894,4/9/2018 4:30:00 PM,2018,4,9,16,30,0,Monday,536913.3319,4808268.031,-80.54396,43.426404,At/near private drive,2,P.D. only,Thru lane,unknown,unknown,SMV unattended vehicle,Unknown,Daylight,01 - Daylight,Municipal (excl. Twp. Rd.),No control,unknown,0,0,0,FALSE,FALSE,FALSE,Clear,,FALSE,BANKSIDE DR; BANKSIDE DR; At,1/30/2020 11:51:11 AM,536913.3319,4808268.031
47683,18-079316,4/9/2018 3:10:00 PM,2018,4,9,15,10,0,Monday,545456.0526,4804567.185,-80.438732,43.392612,Non intersection,2,P.D. only,Thru lane,unknown,unknown,Turning movement,Unknown,Daylight,01 - Daylight,Municipal (excl. Twp. Rd.),No control,unknown,0,0,0,FALSE,FALSE,FALSE,Clear,,FALSE,BECHTEL DR; BECHTEL DR,1/30/2020 11:51:10 AM,545456.0526,4804567.185
47684,18-079370,4/10/2018 10:24:00 AM,2018,4,10,10,24,0,Tuesday,546109.8465,4804415.937,-80.430672,43.39121,Non intersection,2,P.D. only,Thru lane,unknown,unknown,SMV unattended vehicle,Unknown,Dark,07 - Dark,Municipal (excl. Twp. Rd.),No control,unknown,0,0,0,FALSE,FALSE,FALSE,Clear,,FALSE,OLD CARRIAGE DR; OLD CARRIAGE DR ; Near; 22 M,1/30/2020 11:51:09 AM,546109.8465,4804415.937
47685,18-079536,4/10/2018 2:24:00 PM,2018,4,10,14,24,0,Tuesday,543888.7467,4810919.857,-80.457573,43.449905,Non intersection,2,P.D. only,Not on roadway - right side,unknown,unknown,SMV other,Unknown,Daylight,01 - Daylight,Municipal (excl. Twp. Rd.),No control,unknown,0,0,0,FALSE,FALSE,FALSE,Clear,,FALSE,MANCHESTER RD; MANCHESTER RD ; At; 1 M,1/30/2020 11:51:08 AM,543888.7467,4810919.857
47686,18-079553,4/10/2018 2:50:00 PM,2018,4,10,14,50,0,Tuesday,539698.8142,4811083.626,-80.509343,43.451613,At intersection,2,P.D. only,Within intersection,unknown,unknown,Turning movement,Stop sign,Daylight,01 - Daylight,Municipal (excl. Twp. Rd.),Stop sign,Functioning,0,0,0,FALSE,FALSE,FALSE,Clear,,FALSE,STRANGE ST; DOMINION ST,1/30/2020 11:51:07 AM,539698.8142,4811083.626
47687,18-079587,4/10/2018 3:30:00 PM,2018,4,10,15,30,0,Tuesday,543160.6366,4812079.181,-80.466479,43.460386,Intersection related,2,P.D. only,Thru lane,unknown,unknown,Rear end,Unknown,Daylight,01 - Daylight,Municipal (excl. Twp. Rd.),Stop sign,Functioning,0,0,0,FALSE,FALSE,FALSE,Clear,,FALSE,FREDERICK ST; ETHEL ST; Near; 10 M,1/30/2020 11:51:06 AM,543160.6366,4812079.181
47688,18-079619,2/28/2018 4:30:00 PM,2018,2,28,16,30,0,Wednesday,539748.0115,4811232.387,-80.508724,43.45295,At/near private drive,2,P.D. only,Thru lane,unknown,unknown,Other,Unknown,Daylight,01 - Daylight,Municipal (excl. Twp. Rd.),No control,unknown,0,0,0,FALSE,FALSE,FALSE,Clear,,FALSE,PARK ST; PARK ST; At; 0 M,1/30/2020 11:51:05 AM,539748.0115,4811232.387
47689,18-080220,4/11/2018 11:30:00 AM,2018,4,11,11,30,0,Wednesday,547241.8357,4808369.874,-80.416354,43.426741,At/near private drive,2,P.D. only,Thru lane,unknown,unknown,SMV unattended vehicle,Unknown,Daylight,01 - Daylight,Municipal (excl. Twp. Rd.),No control,unknown,0,0,0,FALSE,FALSE,FALSE,Rain,,FALSE,LEWIS CRES; LEWIS CRES,1/30/2020 11:51:04 AM,547241.8357,4808369.874
47690,18-080738,4/12/2018 5:51:00 AM,2018,4,12,5,51,0,Thursday,549119.2258,4806321.333,-80.393345,43.408175,At intersection,2,P.D. only,Within intersection,unknown,unknown,Angle,Unknown,Dark,07 - Dark,Private property,Stop sign,Functioning,0,1,0,FALSE,FALSE,FALSE,Clear,,FALSE,HELDMANN RD; 50 SPORTSWORLD CROSSING RD,1/30/2020 11:51:03 AM,549119.2258,4806321.333
47691,18-081006,4/11/2018 8:06:00 AM,2018,4,11,8,6,0,Wednesday,543096.2904,4804781.783,-80.467851,43.394683,At/near private drive,2,P.D. only,Thru lane,unknown,unknown,Turning movement,Unknown,Daylight,01 - Daylight,Municipal (excl. Twp. Rd.),No control,unknown,0,0,0,FALSE,FALSE,FALSE,Clear,,FALSE,STRASBURG RD; STRASBURG RD ; 1 M,1/30/2020 11:51:02 AM,543096.2904,4804781.783
47692,18-081026,4/11/2018 5:00:00 PM,2018,4,11,17,0,0,Wednesday,541068,4811108,0,0,Non intersection,2,P.D. only,Thru lane,unknown,unknown,SMV unattended vehicle,Unknown,"Dusk, artificial","06 - Dusk, artificial",Municipal (excl. Twp. Rd.),No control,unknown,0,0,0,FALSE,FALSE,FALSE,Clear,,FALSE,RIVERTRAIL AVE; RIVERTRAIL AVE ; Near,1/30/2020 11:51:01 AM,541068,4811108
47693,18-081061,4/12/2018 2:10:00 PM,2018,4,12,14,10,0,Thursday,542230.3759,4807935.096,-80.478299,43.423125,At/near private drive,2,P.D. only,Thru lane,unknown,unknown,Other,Unknown,Daylight,01 - Daylight,Municipal (excl. Twp. Rd.),No control,unknown,0,0,0,FALSE,FALSE,FALSE,Clear,,FALSE,ALPINE COURT; ALPINE COURT; Near; 1 M,1/30/2020 11:51:00 AM,542230.3758,4807935.096
47694,18-081123,4/12/2018 3:25:00 PM,2018,4,12,15,25,0,Thursday,538752.0232,4808939.405,-80.521197,43.432356,Non intersection,1,Non-fatal injury,Thru lane,unknown,unknown,SMV other,Unknown,Daylight,01 - Daylight,Municipal (excl. Twp. Rd.),No control,unknown,0,0,0,TRUE,FALSE,FALSE,Clear,,FALSE,EAGEN DR; EAGEN DR; Near; 10 M,1/30/2020 11:50:59 AM,538752.0232,4808939.405
47695,18-081196,4/12/2018 3:15:00 PM,2018,4,12,15,15,0,Thursday,538619.1037,4807227.664,-80.52296,43.41695,At/near private drive,2,P.D. only,Thru lane,unknown,unknown,Other,Unknown,Daylight,01 - Daylight,Municipal (excl. Twp. Rd.),No control,unknown,0,0,0,FALSE,FALSE,FALSE,Clear,,FALSE,GLEN LAKE CRES; GLEN LAKE CRES; At,1/30/2020 11:50:58 AM,538619.1037,4807227.664
47696,18-081233,4/12/2018 5:10:00 PM,2018,4,12,17,10,0,Thursday,541068,4811108,0,0,At/near private drive,2,P.D. only,Off highway,unknown,unknown,Other,Unknown,Daylight,01 - Daylight,Private property,No control,unknown,0,0,0,FALSE,FALSE,FALSE,Clear,,FALSE,BLUE LACE CRES; BLUE LACE CRES,1/30/2020 11:50:57 AM,541068,4811108
47697,18-081260,4/12/2018 5:30:00 PM,2018,4,12,17,30,0,Thursday,545170.8982,4804576.554,-80.442252,43.392713,At intersection,2,P.D. only,Within intersection,unknown,unknown,Rear end,Unknown,Daylight,01 - Daylight,Municipal (excl. Twp. Rd.),Stop sign,Functioning,0,0,0,FALSE,FALSE,FALSE,Clear,,FALSE,DOON VILLAGE RD; HARVEST CRT,1/30/2020 11:50:56 AM,545170.8982,4804576.554
47698,18-081617,4/13/2018 9:30:00 AM,2018,4,13,9,30,0,Friday,542521.3843,4812529.21,-80.474346,43.464474,Non intersection,2,P.D. only,Left turn lane,unknown,unknown,Rear end,Unknown,Daylight,01 - Daylight,Regional municipality,Traffic signal,Functioning,0,0,0,FALSE,FALSE,FALSE,Clear,,FALSE,WELLINGTON ST N; 85 S OFF TO WELLINGTON ST N,1/30/2020 11:50:55 AM,542521.3843,4812529.21
47699,18-082359,4/14/2018 3:47:00 AM,2018,4,14,3,47,0,Saturday,543129.3011,4809992.468,-80.467032,43.441599,Non intersection,2,P.D. only,Not on roadway - right side,unknown,unknown,SMV other,Unknown,"Daylight, artificial","02 - Daylight, artificial",Municipal (excl. Twp. Rd.),Stop sign,Functioning,0,0,0,FALSE,FALSE,FALSE,Rain,,FALSE,SYDNEY ST N; ROSEDALE AVE; Near; 75 M,1/30/2020 11:50:55 AM,543129.3011,4809992.468
47700,18-082620,4/14/2018 2:19:00 PM,2018,4,14,14,19,0,Saturday,543944.3565,4809150.627,-80.457028,43.433971,Non intersection,1,Non-fatal injury,Thru lane,unknown,unknown,Turning movement,Unknown,Daylight,01 - Daylight,Municipal (excl. Twp. Rd.),No control,unknown,0,0,0,FALSE,FALSE,FALSE,Freezing Rain,,FALSE,FIRST AVE; ECKERT ST; At; 4 M,1/30/2020 11:50:53 AM,543944.3565,4809150.627
47701,18-082621,4/14/2018 2:21:00 PM,2018,4,14,14,21,0,Saturday,539990.4939,4811358.642,-80.505718,43.454074,At intersection,2,P.D. only,Within intersection,unknown,unknown,Angle,Unknown,Daylight,01 - Daylight,Municipal (excl. Twp. Rd.),Stop sign,Functioning,0,0,0,FALSE,FALSE,FALSE,Freezing Rain,,FALSE,AGNES ST ; WALTER ST,1/30/2020 11:50:52 AM,539990.4939,4811358.642
47702,18-083004,4/15/2018 2:43:00 AM,2018,4,15,2,43,0,Sunday,543141.5615,4809725.19,-80.466901,43.439191,Non intersection,2,P.D. only,Thru lane,unknown,unknown,Rear end,Unknown,Dark,07 - Dark,Regional municipality,No control,unknown,0,0,0,FALSE,FALSE,FALSE,Snow,,FALSE,CHARLES ST E; PRESTON ST ; Near; 100 M,1/30/2020 11:50:51 AM,543141.5615,4809725.19
47703,18-083125,4/14/2018 1:15:00 PM,2018,4,14,13,15,0,Saturday,540274.5197,4811745.036,-80.502179,43.457538,At/near private drive,2,Non-reportable,Thru lane,unknown,unknown,SMV unattended vehicle,Unknown,Daylight,01 - Daylight,Municipal (excl. Twp. Rd.),No control,unknown,0,0,0,FALSE,FALSE,FALSE,Freezing Rain,,FALSE,BRIAR AVE; BRIAR AVE; Near,1/30/2020 11:50:51 AM,540274.5197,4811745.036
47704,18-083368,4/15/2018 5:44:00 PM,2018,4,15,17,44,0,Sunday,539044.3835,4808744.869,-80.517599,43.430589,Non intersection,2,P.D. only,Not on roadway - right side,unknown,unknown,SMV other,Unknown,Daylight,01 - Daylight,Municipal (excl. Twp. Rd.),No control,unknown,0,0,0,FALSE,FALSE,FALSE,Snow,,FALSE,QUEENS BLVD; SILVERSPRING CRES; Near; 3 M,1/30/2020 11:50:50 AM,539044.3835,4808744.869
47705,18-083425,4/15/2018 7:08:00 PM,2018,4,15,19,8,0,Sunday,544720.0055,4809743.618,-80.447396,43.439265,Non intersection,2,P.D. only,Left turn lane,unknown,unknown,SMV other,Unknown,Daylight,01 - Daylight,Municipal (excl. Twp. Rd.),No control,unknown,0,0,0,FALSE,FALSE,FALSE,Rain,,FALSE,FRANKLIN ST N; TRAFALGAR AVE ; Near; 100 M,1/30/2020 11:50:49 AM,544720.0055,4809743.618
47706,18-083476,4/15/2018 8:29:00 PM,2018,4,15,20,29,0,Sunday,546145.741,4802616.962,-80.43038,43.37501,Non intersection,1,Non-fatal injury,Thru lane,unknown,unknown,Sideswipe,Unknown,"Dark, artificial","08 - Dark, artificial",Municipal (excl. Twp. Rd.),No control,unknown,0,0,0,FALSE,FALSE,FALSE,Freezing Rain,,FALSE,THOMAS SLEE DR ; SOUTHRIDGE DR ; 100 M,1/30/2020 11:50:48 AM,546145.741,4802616.962
47707,18-083485,4/15/2018 8:54:00 PM,2018,4,15,20,54,0,Sunday,543128.4216,4808280.673,-80.467178,43.426186,Non intersection,2,P.D. only,Not on roadway - right side,unknown,unknown,SMV other,Unknown,Dark,07 - Dark,Regional municipality,No control,unknown,0,0,0,FALSE,FALSE,FALSE,Freezing Rain,,FALSE,HAYWARD AVE ; HANSON AVE ; 350 M,1/30/2020 11:50:47 AM,543128.4216,4808280.673
47708,18-084025,4/16/2018 2:58:00 PM,2018,4,16,14,58,0,Monday,544611.7889,4809092.147,-80.448786,43.433405,At intersection,1,Non-fatal injury,Within intersection,unknown,unknown,Angle,Unknown,Daylight,01 - Daylight,Municipal (excl. Twp. Rd.),Traffic signal,Functioning,0,0,1,FALSE,FALSE,FALSE,Clear,,FALSE,FRANKLIN ST S; KINGSWAY DR,1/30/2020 11:50:46 AM,544611.7889,4809092.147
47709,18-084194,4/16/2018 7:23:00 PM,2018,4,16,19,23,0,Monday,542014.6589,4809135.095,-80.480872,43.433942,Non intersection,2,P.D. only,Not on roadway - right side,unknown,unknown,SMV other,Unknown,Dark,07 - Dark,Regional municipality,No control,unknown,0,0,0,FALSE,FALSE,FALSE,Clear,,FALSE,PATTANDON AVE; PATTANDON AVE ; At; 3 M,1/30/2020 11:50:45 AM,542014.6589,4809135.095
47710,18-084482,4/17/2018 8:28:00 AM,2018,4,17,8,28,0,Tuesday,547676.604,4810855.234,-80.410766,43.449091,Non intersection,2,P.D. only,Thru lane,unknown,unknown,SMV unattended vehicle,Unknown,Daylight,01 - Daylight,Municipal (excl. Twp. Rd.),No control,unknown,0,0,0,FALSE,FALSE,FALSE,Clear,,FALSE,VENTURIN ST; PEBBLECREEK DR; 1 M,1/30/2020 11:50:44 AM,547676.604,4810855.234
47711,18-084878,4/6/2018 10:00:00 PM,2018,4,6,22,0,0,Friday,545227.9057,4810891.829,-80.441025,43.449573,Non intersection,2,P.D. only,Thru lane,unknown,unknown,SMV unattended vehicle,Unknown,Dark,07 - Dark,Municipal (excl. Twp. Rd.),No control,unknown,0,0,0,FALSE,FALSE,FALSE,Clear,,FALSE,HOLBORN CRT ; HOLBORN DR ; 10 M,1/30/2020 11:50:43 AM,545227.9057,4810891.83
47712,18-085480,4/14/2018 4:15:00 PM,2018,4,14,16,15,0,Saturday,547875.4372,4804560.022,-80.40886,43.392397,Non intersection,2,P.D. only,Right shoulder,unknown,unknown,SMV unattended vehicle,Unknown,Daylight,01 - Daylight,Municipal (excl. Twp. Rd.),No control,unknown,0,0,0,FALSE,FALSE,FALSE,Snow,,FALSE,ORCHARD MILL CRES; ORCHARD MILL CRES,1/30/2020 11:50:42 AM,547875.4372,4804560.022
47713,18-085512,4/18/2018 2:40:00 PM,2018,4,18,14,40,0,Wednesday,540970.9579,4810154.468,-80.49369,43.443179,Non intersection,2,P.D. only,Right shoulder,unknown,unknown,SMV other,Unknown,Daylight,01 - Daylight,Municipal (excl. Twp. Rd.),No control,unknown,0,0,0,FALSE,FALSE,FALSE,Clear,,FALSE,MILL ST; QUEEN ST S; Near; 150 M,1/30/2020 11:50:41 AM,540970.9579,4810154.469
47714,18-085638,4/18/2018 5:22:00 PM,2018,4,18,17,22,0,Wednesday,539746.2383,4805758.083,-80.509145,43.403659,Intersection related,2,P.D. only,Not on roadway - right side,unknown,unknown,SMV other,Unknown,Daylight,01 - Daylight,Municipal (excl. Twp. Rd.),Stop sign,Functioning,0,0,0,FALSE,FALSE,FALSE,Clear,,FALSE,LEMONBALM ST; MAX BECKER DR; Near; 20 M,1/30/2020 11:50:40 AM,539746.2383,4805758.083
47715,18-085674,4/18/2018 6:09:00 PM,2018,4,18,18,9,0,Wednesday,542448.3933,4807283.716,-80.475656,43.417248,At intersection,2,P.D. only,Within intersection,unknown,unknown,Angle,Unknown,Daylight,01 - Daylight,Municipal (excl. Twp. Rd.),Stop sign,Functioning,0,0,0,FALSE,FALSE,FALSE,Clear,,FALSE,BLOCK LINE RD; COUNTRY HILL DR,1/30/2020 11:50:39 AM,542448.3933,4807283.716
47716,18-086152,4/18/2018 7:00:00 PM,2018,4,18,19,0,0,Wednesday,543980.1745,4803814.349,-80.457015,43.385921,At/near private drive,2,P.D. only,Thru lane,unknown,unknown,SMV unattended vehicle,Unknown,Daylight,01 - Daylight,Regional municipality,No control,unknown,0,0,0,FALSE,FALSE,FALSE,Clear,,FALSE,BIEHN DR; BIEHN DR; At,1/30/2020 11:50:39 AM,543980.1745,4803814.349
47717,18-086356,4/19/2018 11:45:00 AM,2018,4,19,11,45,0,Thursday,542145.5746,4807085.922,-80.479412,43.415484,At/near private drive,2,P.D. only,Left turn lane,unknown,unknown,Turning movement,Unknown,Daylight,01 - Daylight,Regional municipality,No control,unknown,0,0,0,FALSE,FALSE,FALSE,Clear,,FALSE,STRASBURG RD; STRASBURG RD; At,1/30/2020 11:50:38 AM,542145.5746,4807085.922
47718,18-086408,4/19/2018 10:00:00 AM,2018,4,19,10,0,0,Thursday,537292.5404,4810047.014,-80.539154,43.442403,At/near private drive,2,P.D. only,Right shoulder,unknown,unknown,SMV unattended vehicle,Unknown,Daylight,01 - Daylight,Regional municipality,No control,unknown,0,0,0,FALSE,FALSE,FALSE,Clear,,FALSE,WESTWOOD DR; WESTWOOD DR,1/30/2020 11:50:37 AM,537292.5404,4810047.014