OBJECTID,ACCIDENTNUM,ACCIDENTDATE,ACCIDENT_YEAR,ACCIDENT_MONTH,ACCIDENT_DAY,ACCIDENT_HOUR,ACCIDENT_MINUTE,ACCIDENT_SECOND,ACCIDENT_WEEKDAY,XCOORD,YCOORD,LONGITUDE,LATITUDE,ACCIDENTLOCATION,COLLISIONTYPE,CLASSIFICATIONOFACCIDENT,IMPACTLOCATION,INITIALDIRECTIONOFTRAVELONE,INITIALDIRECTIONOFTRAVELTWO,INITIALIMPACTTYPE,INTTRAFFICCONTROL,LIGHT,LIGHTFORREPORT,ROADJURISDICTION,TRAFFICCONTROL,TRAFFICCONTROLCONDITION,THRULANENO,NORTHBOUNDDISOBEYCOUNT,SOUTHBOUNDDISOBEYCOUNT,PEDESTRIANINVOLVED,CYCLISTINVOLVED,MOTORCYCLISTINVOLVED,ENVIRONMENTCONDITION1,ENVIRONMENTCONDITION2,SELFREPORTED,XMLIMPORTNOTES,LASTEDITEDDATE,x,y
47719,18-086818,4/19/2018 1:15:00 PM,2018,4,19,13,15,0,Thursday,538682.4104,4805339.323,-80.522312,43.399944,At/near private drive,2,P.D. only,Thru lane,unknown,unknown,SMV unattended vehicle,Unknown,Daylight,01 - Daylight,Municipal (excl. Twp. Rd.),No control,unknown,0,0,0,FALSE,FALSE,FALSE,Clear,,FALSE,ISAIAH DR; ISAIAH DR,1/30/2020 11:50:36 AM,538682.4104,4805339.323
47720,18-086909,4/20/2018 12:00:00 AM,2018,4,20,0,0,0,Friday,536331.9112,4809426.04,-80.551066,43.436859,At/near private drive,2,P.D. only,Thru lane,unknown,unknown,Other,Unknown,"Dark, artificial","08 - Dark, artificial",Regional municipality,No control,unknown,0,0,0,FALSE,FALSE,FALSE,Clear,,FALSE,BEECHMANOR CRES ; BEECHMANOR CRES ; Near; 4 M,1/30/2020 11:50:35 AM,536331.9112,4809426.04
47721,18-086987,4/20/2018 8:00:00 AM,2018,4,20,8,0,0,Friday,539188.762,4810149.702,-80.515714,43.443231,At/near private drive,2,Non-reportable,Thru lane,unknown,unknown,SMV unattended vehicle,Unknown,Daylight,01 - Daylight,Municipal (excl. Twp. Rd.),No control,unknown,0,0,0,FALSE,FALSE,FALSE,Clear,,FALSE,LAWRENCE AVE; LAWRENCE AVE; At,1/30/2020 11:50:35 AM,539188.762,4810149.702
47722,18-087247,4/20/2018 5:30:00 PM,2018,4,20,17,30,0,Friday,547513.7955,4811402.214,-80.41273,43.454027,At/near private drive,2,Non-reportable,Thru lane,unknown,unknown,Other,Unknown,Daylight,01 - Daylight,Municipal (excl. Twp. Rd.),No control,unknown,0,0,0,FALSE,FALSE,FALSE,Clear,,FALSE,ZELLER DR; ZELLER DR,1/30/2020 11:50:33 AM,547513.7955,4811402.214
47723,18-087607,4/21/2018 7:15:00 AM,2018,4,21,7,15,0,Saturday,544098.9729,4804677.163,-80.455479,43.393683,At/near private drive,2,P.D. only,Thru lane,unknown,unknown,SMV unattended vehicle,Unknown,Daylight,01 - Daylight,Municipal (excl. Twp. Rd.),No control,unknown,0,0,0,FALSE,FALSE,FALSE,Clear,,FALSE,BIEHN DR; BIEHN DR ; Near; 1 M,1/30/2020 11:50:33 AM,544098.9729,4804677.163
47724,18-087650,4/20/2018 5:30:00 PM,2018,4,20,17,30,0,Friday,541068,4811108,0,0,At/near private drive,2,P.D. only,Thru lane,unknown,unknown,SMV unattended vehicle,Unknown,Daylight,01 - Daylight,Municipal (excl. Twp. Rd.),No control,unknown,0,0,0,FALSE,FALSE,FALSE,Clear,,FALSE,CROSSWINDS DR; CROSSWINDS DR,1/30/2020 11:50:32 AM,541068,4811108
47725,18-087715,4/21/2018 10:35:00 AM,2018,4,21,10,35,0,Saturday,543129.1286,4812067.395,-80.46687,43.460281,Non intersection,2,P.D. only,Thru lane,unknown,unknown,Rear end,Unknown,Daylight,01 - Daylight,Regional municipality,No control,unknown,0,0,0,FALSE,FALSE,FALSE,Clear,,FALSE,FREDERICK ST; FREDERICK ST ; Near; 5 M,1/30/2020 11:50:31 AM,543129.1286,4812067.396
47726,18-087798,4/20/2018 7:00:00 PM,2018,4,20,19,0,0,Friday,541336.0733,4810880.131,-80.489124,43.449692,Non intersection,2,P.D. only,Thru lane,unknown,unknown,Sideswipe,Unknown,Daylight,01 - Daylight,Regional municipality,No control,unknown,0,0,0,FALSE,FALSE,FALSE,Clear,,FALSE,QUEEN ST S; QUEEN ST S,1/30/2020 11:50:30 AM,541336.0733,4810880.131
47727,18-087809,4/21/2018 1:09:00 PM,2018,4,21,13,9,0,Saturday,543937.1133,4806605.955,-80.457322,43.411059,At/near private drive,1,Non-fatal injury,Thru lane,unknown,unknown,Rear end,Unknown,Daylight,01 - Daylight,Municipal (excl. Twp. Rd.),No control,unknown,0,0,0,FALSE,FALSE,FALSE,Clear,,FALSE,FALLOWFIELD DR ; BLEAMS RD; 2 M,1/30/2020 11:50:29 AM,543937.1133,4806605.955
47728,18-087829,4/21/2018 9:30:00 AM,2018,4,21,9,30,0,Saturday,545150.2441,4813078.193,-80.441804,43.469263,At/near private drive,2,P.D. only,Thru lane,unknown,unknown,SMV unattended vehicle,Unknown,Daylight,01 - Daylight,Municipal (excl. Twp. Rd.),No control,unknown,0,0,0,FALSE,FALSE,FALSE,Clear,,FALSE,SUNRISE PL; SUNRISE PL,1/30/2020 11:50:28 AM,545150.2441,4813078.193
47729,18-087889,4/21/2018 2:57:00 PM,2018,4,21,14,57,0,Saturday,539566.3601,4811424.816,-80.510955,43.454692,Intersection related,2,Non-reportable,Thru lane,unknown,unknown,Rear end,Unknown,Daylight,01 - Daylight,Municipal (excl. Twp. Rd.),Stop sign,Functioning,0,0,0,FALSE,FALSE,FALSE,Clear,,FALSE,GREEN ST ; PARK ST ; At; 5 M,1/30/2020 11:50:27 AM,539566.3601,4811424.816
47730,18-087891,4/21/2018 12:15:00 PM,2018,4,21,12,15,0,Saturday,539939.9588,4806561.117,-80.506694,43.410879,At/near private drive,2,Non-reportable,Thru lane,unknown,unknown,SMV unattended vehicle,Unknown,Daylight,01 - Daylight,Municipal (excl. Twp. Rd.),No control,unknown,0,0,0,FALSE,FALSE,FALSE,Clear,,FALSE,BUSH CLOVER CRES; BUSH CLOVER CRES; At,1/30/2020 11:50:26 AM,539939.9588,4806561.117
47731,18-087934,4/21/2018 3:52:00 PM,2018,4,21,15,52,0,Saturday,549462.5783,4806106.04,-80.389124,43.406214,At/near private drive,1,Non-fatal injury,Thru lane,unknown,unknown,Turning movement,Unknown,Daylight,01 - Daylight,Regional municipality,No control,unknown,0,0,0,FALSE,FALSE,FALSE,Clear,,FALSE,TU LANE ST ; KING ST. E; Near; 100 M,1/30/2020 11:50:25 AM,549462.5783,4806106.04
47732,18-088473,4/22/2018 11:07:00 AM,2018,4,22,11,7,0,Sunday,545247.8834,4812108.804,-80.440677,43.460529,At/near private drive,1,Non-fatal injury,Thru lane,unknown,unknown,Turning movement,Unknown,Daylight,01 - Daylight,Municipal (excl. Twp. Rd.),No control,unknown,0,0,0,FALSE,FALSE,FALSE,Clear,,FALSE,LORRAINE AVE; LORRAINE AVE ; 3 M,1/30/2020 11:50:24 AM,545247.8834,4812108.804
47733,18-088531,4/22/2018 12:39:00 PM,2018,4,22,12,39,0,Sunday,541068,4811108,0,0,At/near private drive,2,P.D. only,Off highway,unknown,unknown,SMV other,Unknown,Daylight,01 - Daylight,Municipal (excl. Twp. Rd.),No control,unknown,0,0,0,FALSE,FALSE,FALSE,Clear,,FALSE,KINGSWOOD DR; KINGSWOOD DR ; At; 15 M,1/30/2020 11:50:24 AM,541068,4811108
47734,18-088689,4/22/2018 3:56:00 PM,2018,4,22,15,56,0,Sunday,541068,4811108,0,0,At/near private drive,2,P.D. only,Thru lane,unknown,unknown,Turning movement,Unknown,Daylight,01 - Daylight,Municipal (excl. Twp. Rd.),No control,unknown,0,0,0,FALSE,FALSE,FALSE,Clear,,FALSE,QUEENS BLVD; QUEENS BLVD ; 2 M,1/30/2020 11:50:23 AM,541068,4811108
47735,18-088786,4/22/2018 6:27:00 PM,2018,4,22,18,27,0,Sunday,543440.9181,4811580.93,-80.463055,43.455883,Non intersection,1,Non-fatal injury,Not on roadway - right side,unknown,unknown,SMV other,Unknown,Daylight,01 - Daylight,Municipal (excl. Twp. Rd.),No control,unknown,0,0,0,FALSE,FALSE,TRUE,Clear,,FALSE,KRUG ST; ETON DR ; 4 M,1/30/2020 11:50:22 AM,543440.9181,4811580.93
47736,18-089093,4/23/2018 8:30:00 AM,2018,4,23,8,30,0,Monday,541271.6989,4810716.769,-80.489932,43.448225,At/near private drive,2,Non-reportable,Thru lane,unknown,unknown,Other,Unknown,Daylight,01 - Daylight,Municipal (excl. Twp. Rd.),No control,unknown,0,0,0,FALSE,FALSE,FALSE,Clear,,FALSE,CHURCH ST ; CHURCH ST,1/30/2020 11:50:21 AM,541271.6989,4810716.769
47737,18-089130,4/23/2018 7:10:00 AM,2018,4,23,7,10,0,Monday,541068,4811108,0,0,Other,2,P.D. only,Off highway,unknown,unknown,SMV other,Unknown,Daylight,01 - Daylight,Private property,No control,unknown,0,0,0,FALSE,FALSE,FALSE,Clear,,FALSE,GAS PUMPS LOT; STRASBURG RD ; At,1/30/2020 11:50:20 AM,541068,4811108
47738,18-089627,4/23/2018 1:00:00 PM,2018,4,23,13,0,0,Monday,540356.3574,4809215.867,-80.501355,43.434761,Non intersection,2,P.D. only,Thru lane,unknown,unknown,SMV unattended vehicle,Unknown,Daylight,01 - Daylight,Municipal (excl. Twp. Rd.),No control,unknown,0,0,0,FALSE,FALSE,FALSE,Clear,,FALSE,BELMONT AVE E; BELMONT AVE E; At,1/30/2020 11:50:19 AM,540356.3574,4809215.867
47739,18-089936,4/24/2018 8:34:00 AM,2018,4,24,8,34,0,Tuesday,546171.6063,4814123.784,-80.429088,43.478615,Non intersection,1,Non-fatal injury,Not on roadway - left side,unknown,unknown,SMV other,Unknown,Daylight,01 - Daylight,Municipal (excl. Twp. Rd.),No control,unknown,0,0,0,FALSE,FALSE,FALSE,Clear,,FALSE,SHIRLEY DR; SHIRLEY DR ; At; 20 M,1/30/2020 11:50:18 AM,546171.6063,4814123.784
47740,18-090072,4/24/2018 11:49:00 AM,2018,4,24,11,49,0,Tuesday,543777.6125,4805442.947,-80.459385,43.400597,At/near private drive,2,P.D. only,Thru lane,unknown,unknown,Turning movement,Unknown,"Daylight, artificial","02 - Daylight, artificial",Municipal (excl. Twp. Rd.),No control,unknown,0,0,0,FALSE,FALSE,FALSE,Clear,,FALSE,TRILLIUM DR; TRILLIUM DR ; At; 1 M,1/30/2020 11:50:17 AM,543777.6125,4805442.947
47741,18-090300,4/24/2018 4:40:00 PM,2018,4,24,16,40,0,Tuesday,542314.9189,4810287.897,-80.477072,43.444305,At intersection,1,Non-fatal injury,Within intersection,unknown,unknown,Angle,Unknown,Daylight,01 - Daylight,Municipal (excl. Twp. Rd.),Traffic signal,Functioning,0,0,0,FALSE,FALSE,FALSE,Clear,,FALSE,STIRLING AVE N; KING ST E,1/30/2020 11:50:16 AM,542314.9189,4810287.897
47742,18-090996,4/25/2018 3:00:00 PM,2018,4,25,15,0,0,Wednesday,541817.0008,4811728.578,-80.483115,43.457305,Non intersection,2,P.D. only,Not on roadway - left side,unknown,unknown,SMV other,Unknown,Daylight,01 - Daylight,Municipal (excl. Twp. Rd.),No control,unknown,0,0,0,FALSE,FALSE,FALSE,Rain,,FALSE,QUEEN ST N; LANCASTER ST W; Near; 120 M,1/30/2020 11:50:15 AM,541817.0008,4811728.578
47743,18-091038,4/25/2018 2:05:00 PM,2018,4,25,14,5,0,Wednesday,543570.1136,4804977.587,-80.461985,43.396419,Intersection related,2,P.D. only,Thru lane,unknown,unknown,Rear end,Unknown,Daylight,01 - Daylight,Regional municipality,Traffic signal,Functioning,0,0,0,FALSE,FALSE,FALSE,Rain,,FALSE,BATTLER RD; HURON RD; Near,1/30/2020 11:50:14 AM,543570.1136,4804977.587
47744,18-091051,4/25/2018 4:15:00 PM,2018,4,25,16,15,0,Wednesday,546553.3554,4808668.711,-80.424834,43.429475,At/near private drive,1,Non-fatal injury,Thru lane,unknown,unknown,Turning movement,Unknown,Daylight,01 - Daylight,Municipal (excl. Twp. Rd.),No control,unknown,0,0,0,FALSE,FALSE,FALSE,Rain,,FALSE,PEPPERWOOD CRES; PEPPERWOOD CRES; At; 1 M,1/30/2020 11:50:14 AM,546553.3554,4808668.711
47745,18-091068,4/25/2018 12:25:00 PM,2018,4,25,12,25,0,Wednesday,540215.5692,4810757.82,-80.502981,43.448652,Non intersection,2,P.D. only,Thru lane,unknown,unknown,Rear end,Unknown,Daylight,01 - Daylight,Regional municipality,No control,unknown,0,0,0,FALSE,FALSE,FALSE,Rain,,FALSE,PARK ST; PARK ST; Near,1/30/2020 11:50:12 AM,540215.5692,4810757.82
47746,18-091108,4/25/2018 4:30:00 PM,2018,4,25,16,30,0,Wednesday,544388.4923,4806570.654,-80.45175,43.410715,At/near private drive,2,P.D. only,Thru lane,unknown,unknown,Turning movement,Unknown,Daylight,01 - Daylight,Municipal (excl. Twp. Rd.),No control,unknown,0,0,0,FALSE,FALSE,FALSE,Clear,,FALSE,OTONABEE DR; OTONABEE DR; At; 0 M,1/30/2020 11:50:11 AM,544388.4923,4806570.655
47747,18-091126,4/25/2018 6:19:00 PM,2018,4,25,18,19,0,Wednesday,540025.5947,4805773.808,-80.505694,43.403786,At/near private drive,1,Non-fatal injury,Thru lane,unknown,unknown,Turning movement,Unknown,Daylight,01 - Daylight,Regional municipality,No control,unknown,0,0,0,FALSE,FALSE,FALSE,Clear,,FALSE,MAX BECKER DR; MAX BECKER DR ; Near; 8 M,1/30/2020 11:50:10 AM,540025.5947,4805773.809
47748,18-091205,4/25/2018 8:45:00 PM,2018,4,25,20,45,0,Wednesday,543376.0982,4807671.862,-80.464167,43.42069,Non intersection,2,P.D. only,Thru lane,unknown,unknown,SMV other,Unknown,"Dark, artificial","08 - Dark, artificial",Municipal (excl. Twp. Rd.),No control,unknown,0,0,0,FALSE,FALSE,FALSE,Clear,,FALSE,BLOCK LINE RD; LENNOX LEWIS WAY ; 100 M,1/30/2020 11:50:10 AM,543376.0982,4807671.863
47749,18-091329,4/26/2018 2:19:00 AM,2018,4,26,2,19,0,Thursday,536753.6657,4807770.727,-80.545966,43.421934,Non intersection,2,P.D. only,Not on roadway - right side,unknown,unknown,SMV other,Unknown,"Dark, artificial","08 - Dark, artificial",Municipal (excl. Twp. Rd.),No control,unknown,0,0,0,FALSE,FALSE,FALSE,Clear,,FALSE,ROLLING MEADOWS DR ; ROLLING MEADOWS DR ; Near; 6 M,1/30/2020 11:50:08 AM,536753.6657,4807770.727
47750,18-091420,4/26/2018 8:18:00 AM,2018,4,26,8,18,0,Thursday,544077.5613,4811908.119,-80.455159,43.458792,Non intersection,1,Non-fatal injury,Thru lane,unknown,unknown,Sideswipe,Unknown,Daylight,01 - Daylight,Regional municipality,No control,unknown,0,0,0,FALSE,TRUE,FALSE,Clear,,FALSE,RIVER RD E; MANCHESTER RD; Near; 40 M,1/30/2020 11:50:07 AM,544077.5613,4811908.119
47751,18-091778,4/26/2018 3:30:00 PM,2018,4,26,15,30,0,Thursday,539744.3079,4805758.588,-80.509169,43.403664,Intersection related,2,P.D. only,Thru lane,unknown,unknown,Turning movement,Unknown,Daylight,01 - Daylight,Regional municipality,Stop sign,Functioning,0,0,0,FALSE,FALSE,FALSE,Clear,,FALSE,MAX BECKER DR; LEMONBALM ST,1/30/2020 11:50:06 AM,539744.3079,4805758.588
47752,18-091809,4/26/2018 2:00:00 PM,2018,4,26,14,0,0,Thursday,539080.0846,4807931.668,-80.517216,43.423265,At/near private drive,2,P.D. only,Thru lane,unknown,unknown,SMV unattended vehicle,Unknown,Daylight,01 - Daylight,Municipal (excl. Twp. Rd.),No control,unknown,0,0,0,FALSE,FALSE,FALSE,Clear,,FALSE,UPLANDS DR; UPLANDS DR; At; 0 M,1/30/2020 11:50:05 AM,539080.0846,4807931.668
47753,18-092324,4/27/2018 9:00:00 AM,2018,4,27,9,0,0,Friday,540245.6727,4809922.146,-80.50267,43.441126,Non intersection,2,P.D. only,Thru lane,unknown,unknown,SMV unattended vehicle,Unknown,Daylight,01 - Daylight,unknown,No control,unknown,0,0,0,FALSE,FALSE,FALSE,Clear,,FALSE,WEST AVE; HIGHLAND RD W; Near; 50 M,2/19/2019 2:08:39 PM,540245.6727,4809922.146
47754,18-093286,4/28/2018 9:30:00 AM,2018,4,28,9,30,0,Saturday,539730.7197,4805626.748,-80.509346,43.402477,At/near private drive,2,P.D. only,Thru lane,unknown,unknown,Sideswipe,Unknown,Daylight,01 - Daylight,Municipal (excl. Twp. Rd.),No control,unknown,0,0,0,FALSE,FALSE,FALSE,Clear,,FALSE,DONNENWERTH DR; DONNENWERTH DR ; 1 M,1/30/2020 11:50:04 AM,539730.7197,4805626.748
47755,18-093390,4/28/2018 6:00:00 AM,2018,4,28,6,0,0,Saturday,544004.3591,4809033.785,-80.456296,43.432916,Non intersection,2,P.D. only,Right shoulder,unknown,unknown,SMV unattended vehicle,Unknown,Dawn,03 - Dawn,Regional municipality,No control,unknown,0,0,0,FALSE,FALSE,FALSE,Clear,,FALSE,SECOND AVE; SECOND AVE,1/30/2020 11:50:03 AM,544004.3591,4809033.785
47756,18-094314,4/29/2018 4:48:00 PM,2018,4,29,16,48,0,Sunday,541068,4811108,0,0,Other,1,Non-fatal injury,Off highway,unknown,unknown,SMV other,Unknown,Daylight,01 - Daylight,Private property,No control,unknown,0,0,0,FALSE,FALSE,FALSE,Clear,,FALSE,PRIVATE PROPERTY; ROSEMOUNT DR ; At; 36 M,1/30/2020 11:50:03 AM,541068,4811108
47757,18-094712,4/29/2018 12:00:00 PM,2018,4,29,12,0,0,Sunday,539349.2671,4809159.398,-80.513802,43.434306,Non intersection,2,P.D. only,Thru lane,unknown,unknown,SMV other,Unknown,Daylight,01 - Daylight,Municipal (excl. Twp. Rd.),No control,unknown,0,0,0,FALSE,FALSE,TRUE,Clear,,FALSE,OVERLEA DR; OVERLEA DR; Near,1/30/2020 11:50:01 AM,539349.2671,4809159.398
47758,18-094772,4/27/2018 4:00:00 PM,2018,4,27,16,0,0,Friday,546063.9523,4809492.02,-80.430811,43.436918,At intersection,1,Non-fatal injury,Within intersection,unknown,unknown,SMV other,Unknown,Daylight,01 - Daylight,Regional municipality,Traffic signal,Functioning,0,0,0,TRUE,FALSE,FALSE,Clear,,FALSE,RIVER RD E; KINZIE AVE,1/30/2020 11:50:00 AM,546063.9523,4809492.02
47759,18-094790,4/29/2018 5:30:00 PM,2018,4,29,17,30,0,Sunday,543060.9645,4810389.716,-80.467845,43.445179,Non intersection,2,P.D. only,Thru lane,unknown,unknown,SMV unattended vehicle,Unknown,Daylight,01 - Daylight,Municipal (excl. Twp. Rd.),No control,unknown,0,0,0,FALSE,FALSE,FALSE,Clear,,FALSE,EAST AVE; EAST AVE; Near,1/30/2020 11:49:59 AM,543060.9645,4810389.716
47760,18-094796,4/30/2018 11:00:00 AM,2018,4,30,11,0,0,Monday,542035.7356,4810132.646,-80.480534,43.442923,Non intersection,1,Non-fatal injury,Thru lane,unknown,unknown,Turning movement,Unknown,Daylight,01 - Daylight,Municipal (excl. Twp. Rd.),No control,unknown,0,0,0,FALSE,FALSE,FALSE,Clear,,FALSE,STIRLING AVE S; STIRLING AVE S; At; 110 M,1/30/2020 11:49:58 AM,542035.7356,4810132.646
47761,18-094858,4/30/2018 9:50:00 AM,2018,4,30,9,50,0,Monday,538209.1152,4808767.512,-80.527917,43.430836,At/near private drive,2,P.D. only,Thru lane,unknown,unknown,Sideswipe,Unknown,Daylight,01 - Daylight,Regional municipality,No control,unknown,0,0,0,FALSE,FALSE,FALSE,Clear,,FALSE,QUEENS BLVD; 875 HIGHLAND RD W; Near,1/30/2020 11:49:57 AM,538209.1152,4808767.512
47762,18-094868,4/21/2018 3:00:00 PM,2018,4,21,15,0,0,Saturday,540977.3043,4808915.839,-80.493705,43.432025,At/near private drive,2,P.D. only,Thru lane,unknown,unknown,SMV unattended vehicle,Unknown,Daylight,01 - Daylight,Municipal (excl. Twp. Rd.),No control,unknown,0,0,0,FALSE,FALSE,FALSE,Clear,,FALSE,GOTTSCHEER CRT; GOTTSCHEER CRT; At,1/30/2020 11:49:56 AM,540977.3043,4808915.839
47763,18-095184,4/30/2018 6:00:00 PM,2018,4,30,18,0,0,Monday,539617.3727,4811373.899,-80.510329,43.454231,Intersection related,2,P.D. only,Right turn lane,unknown,unknown,Approaching,Unknown,Daylight,01 - Daylight,Municipal (excl. Twp. Rd.),Traffic signal,Functioning,0,0,0,FALSE,FALSE,FALSE,Clear,,FALSE,GLASGOW ST; PARK ST; 16 M,1/30/2020 11:49:55 AM,539617.3727,4811373.899
47764,18-096177,5/1/2018 5:30:00 PM,2018,5,1,17,30,0,Tuesday,542146.371,4814331.151,-80.478842,43.48072,Non intersection,1,Non-fatal injury,Thru lane,unknown,unknown,Rear end,Unknown,Daylight,01 - Daylight,Regional municipality,No control,unknown,0,0,0,FALSE,FALSE,FALSE,Clear,,FALSE,BRIDGE ST E; TYSON DR; Near; 100 M,1/30/2020 11:49:54 AM,542146.371,4814331.151
47765,18-096197,5/1/2018 6:00:00 PM,2018,5,1,18,0,0,Tuesday,546223.7569,4810167.148,-80.428779,43.442987,At/near private drive,2,P.D. only,Right shoulder,unknown,unknown,SMV unattended vehicle,Unknown,Daylight,01 - Daylight,Regional municipality,No control,unknown,0,0,0,FALSE,FALSE,FALSE,Clear,,FALSE,DAIMLER DR; DAIMLER DR,1/30/2020 11:49:53 AM,546223.7569,4810167.148
47766,18-096212,5/1/2018 7:16:00 PM,2018,5,1,19,16,0,Tuesday,540551.3796,4807889.714,-80.499044,43.422809,Non intersection,2,P.D. only,Right shoulder,unknown,unknown,SMV unattended vehicle,Unknown,Daylight,01 - Daylight,Municipal (excl. Twp. Rd.),No control,unknown,0,0,0,FALSE,FALSE,FALSE,Clear,,FALSE,CHANDLER DR; CHANDLER DR ; Near; 10 M,1/30/2020 11:49:52 AM,540551.3796,4807889.714
47767,18-096232,5/1/2018 5:45:00 PM,2018,5,1,17,45,0,Tuesday,543469.3158,4809528.162,-80.462867,43.437398,Intersection related,2,P.D. only,Not on roadway - right side,unknown,unknown,SMV other,Unknown,Daylight,01 - Daylight,Municipal (excl. Twp. Rd.),Stop sign,Functioning,0,0,0,FALSE,FALSE,FALSE,Clear,,FALSE,ROCKWAY DR; ROCKWAY DR ; At,1/30/2020 11:49:51 AM,543469.3158,4809528.162
47768,18-096834,5/1/2018 12:00:00 PM,2018,5,1,12,0,0,Tuesday,540026.0139,4808523.643,-80.505487,43.428546,Non intersection,2,P.D. only,Thru lane,unknown,unknown,SMV unattended vehicle,Unknown,Daylight,01 - Daylight,Municipal (excl. Twp. Rd.),No control,unknown,0,0,0,FALSE,FALSE,FALSE,Clear,,FALSE,GREENBROOK DR; GREENBROOK DR ; Near,1/30/2020 11:49:51 AM,540026.0139,4808523.643
47769,18-097136,5/2/2018 6:04:00 PM,2018,5,2,18,4,0,Wednesday,544815.9671,4809775.881,-80.446208,43.439549,Non intersection,2,P.D. only,Right shoulder,unknown,unknown,Sideswipe,Unknown,Daylight,01 - Daylight,Regional municipality,No control,unknown,0,0,0,FALSE,FALSE,FALSE,Clear,,FALSE,FRANKLIN ST N; TRAFALGAR AVE; 20 M,1/30/2020 11:49:50 AM,544815.9671,4809775.881
47770,18-097207,5/1/2018 8:00:00 PM,2018,5,1,20,0,0,Tuesday,541390.0407,4806897.997,-80.488759,43.413834,At/near private drive,2,P.D. only,Thru lane,unknown,unknown,SMV unattended vehicle,Unknown,Daylight,01 - Daylight,Municipal (excl. Twp. Rd.),No control,unknown,0,0,0,FALSE,FALSE,FALSE,Clear,,FALSE,BRIAR KNOLL PL; BRIAR KNOLL DR ; Near,1/30/2020 11:49:49 AM,541390.0407,4806897.997
47771,18-097663,5/3/2018 10:48:00 AM,2018,5,3,10,48,0,Thursday,541068,4811108,0,0,Non intersection,2,P.D. only,Thru lane,unknown,unknown,SMV unattended vehicle,Unknown,Daylight,01 - Daylight,Municipal (excl. Twp. Rd.),No control,unknown,0,0,0,FALSE,FALSE,FALSE,Clear,,FALSE,DAYLILY LANE; DAYLILY LANE ; 20 M,1/30/2020 11:49:48 AM,541068,4811108
47772,18-097965,5/3/2018 4:30:00 PM,2018,5,3,16,30,0,Thursday,544644.2374,4809078.197,-80.448387,43.433278,At/near private drive,2,P.D. only,Thru lane,unknown,unknown,Turning movement,Unknown,Daylight,01 - Daylight,Regional municipality,No control,unknown,0,0,0,FALSE,FALSE,FALSE,Rain,,FALSE,KINGSWAY DR ; KINGSWAY DR ; 1 M,1/30/2020 11:49:47 AM,544644.2374,4809078.197
47773,18-098039,5/3/2018 6:17:00 PM,2018,5,3,18,17,0,Thursday,544465.4163,4810701.82,-80.450464,43.447908,At/near private drive,2,P.D. only,Thru lane,unknown,unknown,Turning movement,Unknown,Daylight,01 - Daylight,Municipal (excl. Twp. Rd.),No control,unknown,0,0,0,FALSE,FALSE,FALSE,Clear,,FALSE,FRANKLIN ST N; FRANKLIN ST N; Near; 52 M,1/30/2020 11:49:46 AM,544465.4163,4810701.82
47774,18-098148,5/3/2018 3:58:00 PM,2018,5,3,15,58,0,Thursday,542669.2217,4810074.765,-80.472711,43.442366,Intersection related,1,Non-fatal injury,Thru lane,unknown,unknown,Rear end,Unknown,Daylight,01 - Daylight,Regional municipality,Stop sign,Functioning,0,0,0,FALSE,FALSE,FALSE,Rain,,FALSE,KING ST E; ONWARD AVE,1/30/2020 11:49:45 AM,542669.2217,4810074.765
47775,18-098453,5/4/2018 9:24:00 AM,2018,5,4,9,24,0,Friday,545275.1535,4806433.712,-80.440811,43.409429,At intersection,2,P.D. only,Within intersection,unknown,unknown,Angle,Stop sign,Daylight,01 - Daylight,Municipal (excl. Twp. Rd.),Stop sign,Functioning,0,0,0,FALSE,FALSE,FALSE,Clear,,FALSE,WILSON AVE; WABANAKI DR,1/30/2020 11:49:44 AM,545275.1535,4806433.712
47776,18-098602,5/3/2018 6:30:00 PM,2018,5,3,18,30,0,Thursday,540512.5621,4810786.554,-80.499308,43.448895,At/near private drive,2,P.D. only,Thru lane,unknown,unknown,SMV unattended vehicle,Unknown,Daylight,01 - Daylight,Municipal (excl. Twp. Rd.),No control,unknown,0,0,0,FALSE,FALSE,FALSE,Rain,,FALSE,MICHAEL ST; MICHAEL ST; At,1/30/2020 11:49:43 AM,540512.5621,4810786.554
47777,18-100203,5/5/2018 4:55:00 PM,2018,5,5,16,55,0,Saturday,544402.0849,4813272.66,-80.451037,43.471059,At/near private drive,1,Non-fatal injury,Thru lane,unknown,unknown,Turning movement,Unknown,Daylight,01 - Daylight,Municipal (excl. Twp. Rd.),No control,unknown,0,0,0,FALSE,FALSE,FALSE,Clear,,FALSE,BINGEMANS CENTRE DR; BINGEMANS CENTRE DR ; At; 10 M,1/30/2020 11:49:42 AM,544402.0849,4813272.66
47778,18-101148,5/6/2018 8:59:00 PM,2018,5,6,20,59,0,Sunday,538694.36,4811153.699,-80.521752,43.452297,Intersection related,2,P.D. only,Not on roadway - left side,unknown,unknown,SMV other,Unknown,"Dark, artificial","08 - Dark, artificial",Municipal (excl. Twp. Rd.),Stop sign,Functioning,0,1,0,FALSE,FALSE,FALSE,Clear,,FALSE,DUNBAR RD; DUNBAR RD ; At; 15 M,1/30/2020 11:49:41 AM,538694.36,4811153.699
47779,18-101471,5/7/2018 8:45:00 AM,2018,5,7,8,45,0,Monday,540637.2756,4809447.725,-80.497867,43.436833,At intersection,2,P.D. only,Within intersection,unknown,unknown,Angle,Unknown,Daylight,01 - Daylight,Municipal (excl. Twp. Rd.),Stop sign,Functioning,0,0,0,FALSE,FALSE,FALSE,Clear,,FALSE,GLEN RD; PLEASANT AVE,1/30/2020 11:49:41 AM,540637.2756,4809447.725