OBJECTID,ACCIDENTNUM,ACCIDENTDATE,ACCIDENT_YEAR,ACCIDENT_MONTH,ACCIDENT_DAY,ACCIDENT_HOUR,ACCIDENT_MINUTE,ACCIDENT_SECOND,ACCIDENT_WEEKDAY,XCOORD,YCOORD,LONGITUDE,LATITUDE,ACCIDENTLOCATION,COLLISIONTYPE,CLASSIFICATIONOFACCIDENT,IMPACTLOCATION,INITIALDIRECTIONOFTRAVELONE,INITIALDIRECTIONOFTRAVELTWO,INITIALIMPACTTYPE,INTTRAFFICCONTROL,LIGHT,LIGHTFORREPORT,ROADJURISDICTION,TRAFFICCONTROL,TRAFFICCONTROLCONDITION,THRULANENO,NORTHBOUNDDISOBEYCOUNT,SOUTHBOUNDDISOBEYCOUNT,PEDESTRIANINVOLVED,CYCLISTINVOLVED,MOTORCYCLISTINVOLVED,ENVIRONMENTCONDITION1,ENVIRONMENTCONDITION2,SELFREPORTED,XMLIMPORTNOTES,LASTEDITEDDATE,x,y
47780,18-101619,5/7/2018 2:25:00 PM,2018,5,7,14,25,0,Monday,545766.6772,4809226.994,-80.434506,43.43455,Non intersection,2,P.D. only,Not on roadway - left side,unknown,unknown,SMV other,Unknown,Daylight,01 - Daylight,Regional municipality,No control,unknown,0,0,0,FALSE,FALSE,FALSE,Clear,,FALSE,KINZIE AVE; KINZIE AVE ; 2 M,1/30/2020 11:49:40 AM,545766.6772,4809226.994
47781,18-101787,5/7/2018 7:50:00 AM,2018,5,7,7,50,0,Monday,541368.6682,4805821.911,-80.489104,43.404146,At/near private drive,2,P.D. only,Thru lane,unknown,unknown,Other,Unknown,Daylight,01 - Daylight,Municipal (excl. Twp. Rd.),No control,unknown,0,0,0,FALSE,FALSE,FALSE,Clear,,FALSE,RUSHBROOK DR; RUSHBROOK DR; At,1/30/2020 11:49:39 AM,541368.6682,4805821.911
47782,18-102160,5/7/2018 5:00:00 PM,2018,5,7,17,0,0,Monday,542948.4597,4812213.941,-80.469092,43.461611,At/near private drive,2,P.D. only,Thru lane,unknown,unknown,Turning movement,Unknown,Daylight,01 - Daylight,Regional municipality,Traffic signal,Functioning,0,0,0,FALSE,FALSE,FALSE,Clear,,FALSE,BRUCE ST; BRUCE ST ; Near,1/30/2020 11:49:38 AM,542948.4597,4812213.941
47783,18-102475,5/8/2018 1:53:00 PM,2018,5,8,13,53,0,Tuesday,542081.7773,4813702.699,-80.47969,43.475065,At/near private drive,1,Non-fatal injury,Thru lane,unknown,unknown,Rear end,Unknown,Daylight,01 - Daylight,Municipal (excl. Twp. Rd.),No control,unknown,0,0,0,FALSE,FALSE,FALSE,Clear,,FALSE,RIVERBEND DR; RIVERBEND DR ; Near; 8 M,1/30/2020 11:49:37 AM,542081.7773,4813702.699
47784,18-102529,5/8/2018 2:59:00 PM,2018,5,8,14,59,0,Tuesday,539455.9935,4808044.366,-80.512564,43.42426,At intersection,1,Non-fatal injury,Within intersection,unknown,unknown,Angle,Unknown,Daylight,01 - Daylight,Municipal (excl. Twp. Rd.),Stop sign,Functioning,0,0,0,FALSE,TRUE,FALSE,Clear,,FALSE,GREENBROOK DR; BIRCHCLIFF AVE; 3 M,1/30/2020 11:49:36 AM,539455.9935,4808044.366
47785,18-102643,5/7/2018 8:30:00 PM,2018,5,7,20,30,0,Monday,538610.3562,4805289.06,-80.523205,43.399495,Non intersection,2,P.D. only,Thru lane,unknown,unknown,SMV unattended vehicle,Unknown,Dusk,05 - Dusk,Municipal (excl. Twp. Rd.),No control,unknown,0,0,0,FALSE,FALSE,FALSE,Clear,,FALSE,ELIZA AVE; ELIZA AVE ; Near,1/30/2020 11:49:35 AM,538610.3562,4805289.06
47786,18-102698,5/8/2018 6:22:00 PM,2018,5,8,18,22,0,Tuesday,540404.4342,4805803.69,-80.501013,43.404035,Intersection related,2,P.D. only,Thru lane,unknown,unknown,Turning movement,Unknown,Daylight,01 - Daylight,Municipal (excl. Twp. Rd.),Stop sign,Functioning,0,0,0,FALSE,FALSE,FALSE,Clear,,FALSE,RIEHM ST; HELENA FEASBY ST,1/30/2020 11:49:34 AM,540404.4342,4805803.69
47787,18-103189,5/7/2018 10:30:00 PM,2018,5,7,22,30,0,Monday,537580.6619,4808574.369,-80.535695,43.429129,At intersection,2,P.D. only,Within intersection,unknown,unknown,SMV unattended vehicle,Unknown,"Dark, artificial","08 - Dark, artificial",Municipal (excl. Twp. Rd.),No control,unknown,0,0,0,FALSE,FALSE,FALSE,Clear,,FALSE,BANKSIDE DR; BANKSIDE CRES,1/30/2020 11:49:33 AM,537580.6619,4808574.369
47788,18-104312,5/10/2018 3:30:00 PM,2018,5,10,15,30,0,Thursday,537080.7266,4807975.407,-80.541912,43.423761,At/near private drive,2,P.D. only,Thru lane,unknown,unknown,SMV unattended vehicle,Unknown,Daylight,01 - Daylight,Municipal (excl. Twp. Rd.),No control,unknown,0,0,0,FALSE,FALSE,FALSE,Clear,,FALSE,SUMMERHILL CRES; SUMMERHILL CRES,1/30/2020 11:49:33 AM,537080.7266,4807975.408
47789,18-104758,5/11/2018 7:25:00 AM,2018,5,11,7,25,0,Friday,536531.2532,4807046.357,-80.548762,43.415422,Non intersection,2,P.D. only,Not on roadway - right side,unknown,unknown,SMV unattended vehicle,Unknown,Daylight,01 - Daylight,Municipal (excl. Twp. Rd.),No control,unknown,0,0,0,FALSE,FALSE,FALSE,Clear,,FALSE,HIGHVIEW DR; HIGHVIEW DR; At; 0 M,1/30/2020 11:49:31 AM,536531.2532,4807046.358
47790,18-105121,5/11/2018 2:12:00 PM,2018,5,11,14,12,0,Friday,536740.2001,4807421.322,-80.546156,43.418788,Intersection related,2,P.D. only,Thru lane,unknown,unknown,Turning movement,Unknown,Daylight,01 - Daylight,Municipal (excl. Twp. Rd.),Stop sign,Functioning,0,0,0,FALSE,FALSE,FALSE,Clear,,FALSE,ROLLING MEADOWS DR; TIMBERLANE CRES,1/30/2020 11:49:31 AM,536740.2001,4807421.322
47791,18-105141,5/11/2018 2:30:00 PM,2018,5,11,14,30,0,Friday,539044.7506,4811195.368,-80.517419,43.452654,At intersection,2,P.D. only,Within intersection,unknown,unknown,Turning movement,Unknown,Daylight,01 - Daylight,Municipal (excl. Twp. Rd.),Stop sign,Functioning,0,0,0,FALSE,FALSE,FALSE,Clear,,FALSE,BELMONT AVE W; ROCK AVE,1/30/2020 11:49:30 AM,539044.7506,4811195.368
47792,18-105274,5/11/2018 3:40:00 PM,2018,5,11,15,40,0,Friday,537300.2757,4809165.043,-80.539118,43.434461,Non intersection,2,P.D. only,Thru lane,unknown,unknown,SMV unattended vehicle,Unknown,Daylight,01 - Daylight,Municipal (excl. Twp. Rd.),No control,unknown,0,0,0,FALSE,FALSE,FALSE,Clear,,FALSE,BEECH ROYAL PL; BEECH ROYAL PL,1/30/2020 11:49:29 AM,537300.2757,4809165.043
47793,18-105831,5/9/2018 8:00:00 AM,2018,5,9,8,0,0,Wednesday,538553.7779,4806935.734,-80.523788,43.414325,Non intersection,2,P.D. only,Thru lane,unknown,unknown,SMV unattended vehicle,Unknown,Daylight,01 - Daylight,Municipal (excl. Twp. Rd.),No control,unknown,0,0,0,FALSE,FALSE,FALSE,Clear,,FALSE,WINDFLOWER CRES; WINDFLOWER CRES ; Near,1/30/2020 11:49:28 AM,538553.7779,4806935.734
47794,18-106660,5/13/2018 1:00:00 PM,2018,5,13,13,0,0,Sunday,537232.9685,4810211.46,-80.539879,43.443887,Non intersection,2,P.D. only,Off highway,unknown,unknown,SMV other,Unknown,Daylight,01 - Daylight,Regional municipality,No control,unknown,0,0,0,FALSE,FALSE,FALSE,Clear,,FALSE,GLASGOW ST; GLASGOW ST ; At; 10 M,1/30/2020 11:49:26 AM,537232.9685,4810211.46
47795,18-106755,5/13/2018 3:12:00 PM,2018,5,13,15,12,0,Sunday,541226.3046,4811867.509,-80.490406,43.458589,At intersection,1,Non-fatal injury,Within intersection,unknown,unknown,Angle,Unknown,Daylight,01 - Daylight,Municipal (excl. Twp. Rd.),Traffic signal,Functioning,0,1,0,FALSE,FALSE,FALSE,Clear,,FALSE,MARGARET AVE; WELLINGTON ST N,1/30/2020 11:49:26 AM,541226.3046,4811867.509
47796,18-106976,5/13/2018 8:03:00 PM,2018,5,13,20,3,0,Sunday,545383.4402,4803562.738,-80.439711,43.383572,Non intersection,2,P.D. only,Thru lane,unknown,unknown,SMV unattended vehicle,Unknown,Daylight,01 - Daylight,Municipal (excl. Twp. Rd.),No control,unknown,0,0,0,FALSE,FALSE,FALSE,Clear,,FALSE,APPLE RIDGE DR ; PINE VALLEY DR ; Near; 15 M,1/30/2020 11:49:25 AM,545383.4402,4803562.738
47797,18-107239,5/12/2018 2:00:00 PM,2018,5,12,14,0,0,Saturday,541068,4811108,0,0,At/near private drive,2,P.D. only,Thru lane,unknown,unknown,SMV unattended vehicle,Unknown,Daylight,01 - Daylight,Municipal (excl. Twp. Rd.),No control,unknown,0,0,0,FALSE,FALSE,FALSE,Rain,,FALSE,APPLEBY ST; APPLEBY ST ; Near,1/30/2020 11:49:24 AM,541068,4811108
47798,18-107728,5/14/2018 6:21:00 PM,2018,5,14,18,21,0,Monday,541275.976,4812726.337,-80.489727,43.466319,Intersection related,2,P.D. only,Not on roadway - right side,unknown,unknown,SMV other,Unknown,Daylight,01 - Daylight,Municipal (excl. Twp. Rd.),Stop sign,Functioning,0,0,1,FALSE,FALSE,FALSE,Clear,,FALSE,BOEHMER ST ; FAIRFIELD AVE,1/30/2020 11:49:23 AM,541275.976,4812726.337
47799,18-107753,5/14/2018 4:00:00 PM,2018,5,14,16,0,0,Monday,544884.1098,4804848.323,-80.44577,43.395178,At intersection,2,P.D. only,Within intersection,unknown,unknown,Rear end,Unknown,Daylight,01 - Daylight,Municipal (excl. Twp. Rd.),Traffic signal,Functioning,0,0,0,FALSE,FALSE,FALSE,Clear,,FALSE,DOON VILLAGE RD; PIONEER DR,1/30/2020 11:49:22 AM,544884.1098,4804848.323
47800,18-107914,5/14/2018 9:53:00 PM,2018,5,14,21,53,0,Monday,540948.0212,4808145.841,-80.494125,43.425094,Non intersection,2,P.D. only,Right shoulder,unknown,unknown,SMV other,Unknown,Dark,07 - Dark,Municipal (excl. Twp. Rd.),No control,unknown,0,0,0,FALSE,FALSE,FALSE,Clear,,FALSE,CHANDLER DR ; WOODFERN CRT ; Near; 25 M,1/30/2020 11:49:21 AM,540948.0212,4808145.841
47801,18-108115,5/10/2018 12:40:00 PM,2018,5,10,12,40,0,Thursday,543935.5933,4805079.154,-80.457464,43.397312,Intersection related,2,P.D. only,Right turn channel,unknown,unknown,Rear end,Unknown,Daylight,01 - Daylight,Regional municipality,Yield sign,Functioning,0,0,0,FALSE,FALSE,FALSE,Clear,,FALSE,OLD HURON RD OFF TO HURON RD; HURON RD,1/30/2020 11:49:20 AM,543935.5933,4805079.154
47802,18-108920,5/16/2018 2:48:00 AM,2018,5,16,2,48,0,Wednesday,545798.8121,4809255.83,-80.434107,43.434807,Intersection related,2,P.D. only,Thru lane,unknown,unknown,SMV other,Unknown,Dark,07 - Dark,Municipal (excl. Twp. Rd.),Stop sign,Functioning,0,0,0,FALSE,FALSE,FALSE,Clear,,FALSE,KINZIE AVE; RUTHERFORD DR; At,1/30/2020 11:49:19 AM,545798.8121,4809255.83
47803,18-108990,5/15/2018 6:30:00 PM,2018,5,15,18,30,0,Tuesday,547230.1991,4803201.519,-80.416944,43.380206,Non intersection,2,P.D. only,Thru lane,unknown,unknown,SMV unattended vehicle,Unknown,Daylight,01 - Daylight,Municipal (excl. Twp. Rd.),No control,unknown,0,0,0,FALSE,FALSE,FALSE,Clear,,FALSE,WOODCREST CRT; WOODCREST CRT,1/30/2020 11:49:18 AM,547230.1991,4803201.519
47804,18-109495,5/16/2018 3:00:00 PM,2018,5,16,15,0,0,Wednesday,541068,4811108,0,0,At/near private drive,2,P.D. only,Thru lane,unknown,unknown,SMV unattended vehicle,Unknown,Daylight,01 - Daylight,Municipal (excl. Twp. Rd.),No control,unknown,0,0,0,FALSE,FALSE,FALSE,Clear,,FALSE,PIETER VOS DR ; PIETER VOS DR ; Near,1/30/2020 11:49:17 AM,541068,4811108
47805,18-109503,5/16/2018 4:35:00 PM,2018,5,16,16,35,0,Wednesday,545118.5124,4807684.048,-80.442642,43.420696,At/near private drive,2,P.D. only,Right turn lane,unknown,unknown,Turning movement,Unknown,Daylight,01 - Daylight,Municipal (excl. Twp. Rd.),No control,unknown,0,0,0,FALSE,FALSE,FALSE,Clear,,FALSE,WILSON AVE; FAIRWAY RD S; At; 0 M,1/30/2020 11:49:16 AM,545118.5124,4807684.048
47806,18-109679,5/16/2018 7:57:00 PM,2018,5,16,19,57,0,Wednesday,541113.4947,4810747.238,-80.491884,43.448508,At intersection,2,P.D. only,Within intersection,unknown,unknown,Turning movement,Unknown,Daylight,01 - Daylight,Municipal (excl. Twp. Rd.),Stop sign,Functioning,0,0,0,FALSE,FALSE,FALSE,Clear,,FALSE,JOSEPH ST ; ONTARIO ST S,1/30/2020 11:49:15 AM,541113.4947,4810747.239
47807,18-110303,5/17/2018 1:20:00 PM,2018,5,17,13,20,0,Thursday,541068,4811108,0,0,Other,2,P.D. only,Off highway,unknown,unknown,SMV other,Unknown,Daylight,01 - Daylight,Municipal (excl. Twp. Rd.),No control,unknown,0,0,0,FALSE,FALSE,FALSE,Clear,,FALSE,QUEEN ST S; QUEEN ST S; At,1/30/2020 11:49:14 AM,541068,4811108
47808,18-110346,5/17/2018 2:13:00 PM,2018,5,17,14,13,0,Thursday,541218.4248,4808769.671,-80.490737,43.430696,Non intersection,2,P.D. only,Left turn lane,unknown,unknown,SMV unattended vehicle,Unknown,Daylight,01 - Daylight,Municipal (excl. Twp. Rd.),No control,unknown,0,0,0,FALSE,FALSE,FALSE,Clear,,FALSE,HUGO CRES; HUGO CRES ; 20 M,1/30/2020 11:49:13 AM,541218.4248,4808769.671
47809,18-111291,5/18/2018 11:30:00 AM,2018,5,18,11,30,0,Friday,540813.8831,4810433.134,-80.495611,43.445696,Non intersection,2,P.D. only,Thru lane,unknown,unknown,SMV unattended vehicle,Unknown,Daylight,01 - Daylight,Municipal (excl. Twp. Rd.),No control,unknown,0,0,0,FALSE,FALSE,FALSE,Clear,,FALSE,ROLAND ST; DAVID ST; Near,1/30/2020 11:49:12 AM,540813.8831,4810433.135
47810,18-111424,5/18/2018 4:51:00 PM,2018,5,18,16,51,0,Friday,537069.6397,4807150.263,-80.542105,43.416332,Non intersection,2,P.D. only,Thru lane,unknown,unknown,SMV other,Unknown,Daylight,01 - Daylight,Municipal (excl. Twp. Rd.),No control,unknown,0,0,0,FALSE,FALSE,FALSE,Clear,,FALSE,HIGHVIEW DR; HIGHVIEW DR ; 0 M,1/30/2020 11:49:11 AM,537069.6397,4807150.263
47811,18-111523,5/18/2018 4:30:00 PM,2018,5,18,16,30,0,Friday,542922.1154,4812274.606,-80.469412,43.462159,At/near private drive,1,Non-fatal injury,Thru lane,unknown,unknown,Turning movement,Unknown,Daylight,01 - Daylight,Municipal (excl. Twp. Rd.),Stop sign,Functioning,0,0,0,FALSE,FALSE,FALSE,Clear,,FALSE,BRUCE ST; BRUCE ST,1/30/2020 11:49:10 AM,542922.1154,4812274.606
47812,18-111735,5/18/2018 11:30:00 PM,2018,5,18,23,30,0,Friday,541068,4811108,0,0,Other,2,Non-reportable,Off highway,unknown,unknown,SMV other,Unknown,Dark,07 - Dark,Private property,No control,unknown,0,0,0,FALSE,FALSE,FALSE,Clear,,FALSE,PRIVATE PROPERTY; THE COUNTRY WAY,1/30/2020 11:49:09 AM,541068,4811108
47813,18-112037,5/19/2018 7:20:00 AM,2018,5,19,7,20,0,Saturday,541718.8001,4810691.655,-80.484408,43.447974,Non intersection,2,P.D. only,Right shoulder,unknown,unknown,SMV unattended vehicle,Unknown,Daylight,01 - Daylight,Regional municipality,No control,unknown,0,0,0,FALSE,FALSE,FALSE,Rain,,FALSE,EBY ST N; KING ST E,1/30/2020 11:49:08 AM,541718.8001,4810691.655
47814,18-113325,5/20/2018 11:21:00 PM,2018,5,20,23,21,0,Sunday,544355.5417,4813260.859,-80.451613,43.470955,At/near private drive,2,P.D. only,Thru lane,unknown,unknown,Rear end,Unknown,Dark,07 - Dark,Regional municipality,No control,unknown,0,0,0,FALSE,FALSE,FALSE,Clear,,FALSE,BINGEMANS CENTRE DR; BINGEMANS CENTRE DR ; At; 1 M,1/30/2020 11:49:07 AM,544355.5417,4813260.859
47815,18-114502,5/22/2018 12:47:00 PM,2018,5,22,12,47,0,Tuesday,539689.7729,4806563.477,-80.509784,43.410914,At intersection,1,Non-fatal injury,Within intersection,unknown,unknown,Turning movement,Unknown,Daylight,01 - Daylight,Municipal (excl. Twp. Rd.),Stop sign,Functioning,0,0,0,FALSE,FALSE,FALSE,Clear,,FALSE,ACTIVA AVE; BUSH CLOVER CRES,1/30/2020 11:49:06 AM,539689.7729,4806563.477
47816,18-115444,5/19/2018 12:00:00 PM,2018,5,19,12,0,0,Saturday,537067.8183,4808848.81,-80.542012,43.431626,At/near private drive,2,P.D. only,Thru lane,unknown,unknown,Other,Unknown,Daylight,01 - Daylight,Municipal (excl. Twp. Rd.),No control,unknown,0,0,0,FALSE,FALSE,FALSE,Clear,,FALSE,HIDDEN CREEK DR ; HIDDEN CREEK DR,1/30/2020 11:49:05 AM,537067.8183,4808848.81
47817,18-115551,5/16/2018 3:00:00 AM,2018,5,16,3,0,0,Wednesday,537658.6275,4808565.219,-80.534732,43.429043,At/near private drive,2,P.D. only,Thru lane,unknown,unknown,SMV unattended vehicle,Unknown,"Dark, artificial","08 - Dark, artificial",Municipal (excl. Twp. Rd.),No control,unknown,0,0,0,FALSE,FALSE,FALSE,Clear,,FALSE,BANKSIDE CRES; BANKSIDE CRES; At,1/30/2020 11:49:04 AM,537658.6275,4808565.219
47818,18-116219,5/22/2018 2:00:00 PM,2018,5,22,14,0,0,Tuesday,539775.0971,4805444.692,-80.508811,43.400836,At/near private drive,2,P.D. only,Thru lane,unknown,unknown,SMV unattended vehicle,Unknown,Daylight,01 - Daylight,Municipal (excl. Twp. Rd.),No control,unknown,0,0,0,FALSE,FALSE,FALSE,Clear,,FALSE,DONNENWERTH DR; DONNENWERTH DR ; Near,1/30/2020 11:49:03 AM,539775.0971,4805444.692
47819,18-117491,5/25/2018 4:26:00 PM,2018,5,25,16,26,0,Friday,548021.7127,4811114.204,-80.406478,43.451401,At/near private drive,2,P.D. only,Not on roadway - right side,unknown,unknown,SMV unattended vehicle,Unknown,Daylight,01 - Daylight,Municipal (excl. Twp. Rd.),No control,unknown,0,0,0,FALSE,FALSE,FALSE,Clear,,FALSE,WATERVALE DR; OLD ZELLER DR ; Near; 100 M,1/30/2020 11:49:02 AM,548021.7127,4811114.204
47820,18-117589,5/25/2018 5:25:00 PM,2018,5,25,17,25,0,Friday,542269.0102,4814380.482,-80.477322,43.481157,Intersection related,2,P.D. only,Thru lane,unknown,unknown,Rear end,Unknown,Daylight,01 - Daylight,Regional municipality,Yield sign,Functioning,0,0,0,FALSE,FALSE,TRUE,Clear,,FALSE,BLOOMINGDALE RD N; BLOOMINGDALE RD N; Near,1/30/2020 11:49:01 AM,542269.0102,4814380.482
47821,18-117761,5/25/2018 9:52:00 PM,2018,5,25,21,52,0,Friday,544509.6615,4809136.26,-80.450045,43.433809,Intersection related,2,P.D. only,Not on roadway - left side,unknown,unknown,SMV other,Unknown,"Dark, artificial","08 - Dark, artificial",Municipal (excl. Twp. Rd.),Stop sign,Functioning,0,0,0,FALSE,FALSE,FALSE,Clear,,FALSE,KINGSWAY DR ; SIXTH AVE ; 2 M,1/30/2020 11:48:59 AM,544509.6615,4809136.26
47822,18-117906,5/25/2018 9:45:00 PM,2018,5,25,21,45,0,Friday,543584.3242,4809442.17,-80.461453,43.436617,Non intersection,2,P.D. only,Thru lane,unknown,unknown,Sideswipe,Unknown,"Dark, artificial","08 - Dark, artificial",Municipal (excl. Twp. Rd.),No control,unknown,0,0,0,FALSE,FALSE,FALSE,Clear,,FALSE,ROCKWAY DR; DIXON ST ; 210 M,1/30/2020 11:48:58 AM,543584.3242,4809442.17
47823,18-118310,5/25/2018 4:45:00 PM,2018,5,25,16,45,0,Friday,538898.5025,4811472.039,-80.519207,43.455153,At intersection,2,P.D. only,Within intersection,unknown,unknown,Rear end,Unknown,Daylight,01 - Daylight,Municipal (excl. Twp. Rd.),Traffic signal,Functioning,0,0,0,FALSE,FALSE,FALSE,Clear,,FALSE,UNION BLVD; BELMONT AVE W,1/30/2020 11:48:58 AM,538898.5025,4811472.039
47824,18-118375,5/26/2018 12:00:00 PM,2018,5,26,12,0,0,Saturday,543206.1326,4804496.638,-80.466517,43.39211,At intersection,1,Non-fatal injury,Within intersection,unknown,unknown,Angle,Unknown,Daylight,01 - Daylight,Regional municipality,Yield sign,Functioning,0,0,0,FALSE,TRUE,FALSE,Clear,,FALSE,HURON RD; STRASBURG RD,1/30/2020 11:48:57 AM,543206.1326,4804496.638
47825,18-118689,5/26/2018 9:30:00 PM,2018,5,26,21,30,0,Saturday,538951.2806,4806138.66,-80.518935,43.407128,At/near private drive,2,P.D. only,Thru lane,unknown,unknown,SMV unattended vehicle,Unknown,Other,99 - Other,Municipal (excl. Twp. Rd.),No control,unknown,0,0,0,FALSE,FALSE,FALSE,Clear,,FALSE,DAVID BERGEY DR; DAVID BERGEY DR ; Near; 10 M,1/30/2020 11:48:55 AM,538951.2806,4806138.66
47826,18-119123,5/27/2018 11:09:00 AM,2018,5,27,11,9,0,Sunday,538948.0131,4805742.73,-80.519003,43.403563,Non intersection,1,Non-fatal injury,Thru lane,unknown,unknown,SMV other,Unknown,Daylight,01 - Daylight,Municipal (excl. Twp. Rd.),No control,unknown,0,0,0,FALSE,FALSE,FALSE,Clear,,FALSE,MOUNTAIN LAUREL CRES; MOUNTAIN LAUREL CRES ; At; 1 M,1/30/2020 11:48:55 AM,538948.0131,4805742.73
47827,18-119685,5/28/2018 4:30:00 AM,2018,5,28,4,30,0,Monday,543366.0806,4807349.122,-80.464316,43.417784,Non intersection,2,P.D. only,Thru lane,unknown,unknown,SMV unattended vehicle,Unknown,Dark,07 - Dark,Municipal (excl. Twp. Rd.),No control,unknown,0,0,0,FALSE,FALSE,FALSE,Clear,,FALSE,FALLOWFIELD DR; FALLOWFIELD DR; Near; 6 M,1/30/2020 11:48:54 AM,543366.0806,4807349.122
47828,18-119904,5/27/2018 6:30:00 PM,2018,5,27,18,30,0,Sunday,542660.7833,4811207.103,-80.472726,43.452562,Intersection related,1,Non-fatal injury,Thru lane,unknown,unknown,Rear end,Unknown,Daylight,01 - Daylight,Municipal (excl. Twp. Rd.),Traffic signal,Functioning,0,0,0,FALSE,FALSE,FALSE,Clear,,FALSE,KRUG ST; EAST AVE; At,1/30/2020 11:48:53 AM,542660.7833,4811207.103
47829,18-120156,5/26/2018 12:00:00 PM,2018,5,26,12,0,0,Saturday,539436.5566,4806671.663,-80.512903,43.411901,Non intersection,2,P.D. only,Right shoulder,unknown,unknown,SMV unattended vehicle,Unknown,Daylight,01 - Daylight,Municipal (excl. Twp. Rd.),No control,unknown,0,0,0,FALSE,FALSE,FALSE,Clear,,FALSE,QUEEN CHARLOTTE CRES; QUEEN CHARLOTTE CRES ; At,1/30/2020 11:48:52 AM,539436.5566,4806671.663
47830,18-120423,5/28/2018 8:00:00 PM,2018,5,28,20,0,0,Monday,537101.2475,4807806.241,-80.54167,43.422237,At/near private drive,2,P.D. only,Right shoulder,unknown,unknown,SMV unattended vehicle,Unknown,Daylight,01 - Daylight,Municipal (excl. Twp. Rd.),No control,unknown,0,0,0,FALSE,FALSE,FALSE,Clear,,FALSE,WESTHEIGHTS DR; WESTHEIGHTS DR ; At,1/30/2020 11:48:51 AM,537101.2475,4807806.241
47831,18-120545,5/28/2018 10:26:00 PM,2018,5,28,22,26,0,Monday,542346.2934,4810498.312,-80.476668,43.446198,At/near private drive,2,P.D. only,Right shoulder,unknown,unknown,SMV unattended vehicle,Unknown,"Daylight, artificial","02 - Daylight, artificial",Regional municipality,No control,unknown,0,0,0,FALSE,FALSE,FALSE,Clear,,FALSE,FAIRVIEW AVE; FAIRVIEW AVE ; At; 3 M,1/30/2020 11:48:50 AM,542346.2934,4810498.312
47832,18-120946,5/29/2018 8:00:00 AM,2018,5,29,8,0,0,Tuesday,542416.2273,4806992.917,-80.476076,43.414631,Non intersection,2,P.D. only,Thru lane,unknown,unknown,SMV unattended vehicle,Unknown,Daylight,01 - Daylight,Municipal (excl. Twp. Rd.),No control,unknown,0,0,0,FALSE,FALSE,FALSE,Clear,,FALSE,CEDARHILL CRES; CEDARHILL CRES; Near,1/30/2020 11:48:49 AM,542416.2273,4806992.917
47833,18-121133,5/29/2018 2:50:00 PM,2018,5,29,14,50,0,Tuesday,545033.6895,4807868.24,-80.443675,43.42236,At intersection,1,Non-fatal injury,Right turn lane,unknown,unknown,SMV other,Unknown,Daylight,01 - Daylight,Municipal (excl. Twp. Rd.),Traffic signal,Functioning,0,0,0,TRUE,FALSE,FALSE,Clear,,FALSE,KINGSWAY DR; WILSON AVE,1/30/2020 11:48:48 AM,545033.6895,4807868.24
47834,18-121248,5/29/2018 4:15:00 PM,2018,5,29,16,15,0,Tuesday,541343.3591,4809061.644,-80.489171,43.433318,At intersection,2,P.D. only,Within intersection,unknown,unknown,Rear end,Unknown,Daylight,01 - Daylight,Regional municipality,Traffic signal,Functioning,0,0,0,FALSE,FALSE,FALSE,Clear,,FALSE,HEIMAN ST; HIGHLAND RD E,1/30/2020 11:48:47 AM,541343.3591,4809061.644
47835,18-121340,5/29/2018 6:00:00 PM,2018,5,29,18,0,0,Tuesday,549120.2019,4806319.423,-80.393333,43.408158,At intersection,2,P.D. only,Within intersection,unknown,unknown,Turning movement,Unknown,Daylight,01 - Daylight,Regional municipality,Traffic signal,Functioning,0,0,0,FALSE,FALSE,FALSE,Clear,,FALSE,SPORTSWORLD DR; GATEWAY PARK DR,1/30/2020 11:48:47 AM,549120.2019,4806319.423
47836,18-121375,5/29/2018 7:34:00 PM,2018,5,29,19,34,0,Tuesday,539086.4287,4805853.084,-80.517286,43.404549,Non intersection,2,P.D. only,Thru lane,unknown,unknown,SMV unattended vehicle,Unknown,Daylight,01 - Daylight,Municipal (excl. Twp. Rd.),No control,unknown,0,0,0,FALSE,FALSE,FALSE,Clear,,FALSE,MOUNTAIN LAUREL CRES ; BERRY MOSS ST ; 65 M,1/30/2020 11:48:46 AM,539086.4287,4805853.084
47837,18-121414,5/29/2018 8:49:00 PM,2018,5,29,20,49,0,Tuesday,540892.0093,4805860.204,-80.494988,43.404517,At intersection,1,Non-fatal injury,Within intersection,unknown,unknown,SMV other,Unknown,Dusk,05 - Dusk,Municipal (excl. Twp. Rd.),Stop sign,Functioning,0,0,0,TRUE,FALSE,FALSE,Clear,,FALSE,ROCKWOOD RD; ERINBROOK DR; 5.9 M,1/30/2020 11:48:45 AM,540892.0093,4805860.204
47838,18-121804,5/30/2018 11:20:00 AM,2018,5,30,11,20,0,Wednesday,541068,4811108,0,0,At intersection,1,Non-fatal injury,Within intersection,unknown,unknown,Turning movement,Unknown,Daylight,01 - Daylight,Municipal (excl. Twp. Rd.),Traffic signal,Functioning,0,0,0,FALSE,FALSE,FALSE,Clear,,FALSE,PARK ST ; GLASGOW ST,1/30/2020 11:48:44 AM,541068,4811108
47839,18-121874,5/30/2018 11:45:00 AM,2018,5,30,11,45,0,Wednesday,539409.4246,4810369.318,-80.512971,43.445197,At/near private drive,2,P.D. only,Thru lane,unknown,unknown,Turning movement,Unknown,Daylight,01 - Daylight,Municipal (excl. Twp. Rd.),No control,unknown,0,0,0,FALSE,FALSE,FALSE,Clear,,FALSE,KARN ST ; BELMONT AVE W; At; 0 M,1/30/2020 11:48:43 AM,539409.4246,4810369.318
47840,18-121877,5/30/2018 11:30:00 AM,2018,5,30,11,30,0,Wednesday,542684.7879,4813277.053,-80.472268,43.471198,Non intersection,2,P.D. only,Thru lane,unknown,unknown,Sideswipe,Unknown,Daylight,01 - Daylight,Municipal (excl. Twp. Rd.),No control,unknown,0,0,0,FALSE,FALSE,FALSE,Clear,,FALSE,RIVERBEND DR; RIVERBEND DR,1/30/2020 11:48:42 AM,542684.7879,4813277.053