OBJECTID,ACCIDENTNUM,ACCIDENTDATE,ACCIDENT_YEAR,ACCIDENT_MONTH,ACCIDENT_DAY,ACCIDENT_HOUR,ACCIDENT_MINUTE,ACCIDENT_SECOND,ACCIDENT_WEEKDAY,XCOORD,YCOORD,LONGITUDE,LATITUDE,ACCIDENTLOCATION,COLLISIONTYPE,CLASSIFICATIONOFACCIDENT,IMPACTLOCATION,INITIALDIRECTIONOFTRAVELONE,INITIALDIRECTIONOFTRAVELTWO,INITIALIMPACTTYPE,INTTRAFFICCONTROL,LIGHT,LIGHTFORREPORT,ROADJURISDICTION,TRAFFICCONTROL,TRAFFICCONTROLCONDITION,THRULANENO,NORTHBOUNDDISOBEYCOUNT,SOUTHBOUNDDISOBEYCOUNT,PEDESTRIANINVOLVED,CYCLISTINVOLVED,MOTORCYCLISTINVOLVED,ENVIRONMENTCONDITION1,ENVIRONMENTCONDITION2,SELFREPORTED,XMLIMPORTNOTES,LASTEDITEDDATE,x,y
47841,18-121946,5/30/2018 2:02:00 PM,2018,5,30,14,2,0,Wednesday,543789.9718,4808567.812,-80.458982,43.428733,Non intersection,2,P.D. only,Thru lane,unknown,unknown,Turning movement,Unknown,Daylight,01 - Daylight,Municipal (excl. Twp. Rd.),No control,unknown,0,0,0,FALSE,FALSE,FALSE,Clear,,FALSE,WILSON AVE; WILSON AVE,1/30/2020 11:48:41 AM,543789.9718,4808567.812
47842,18-122029,5/30/2018 1:30:00 PM,2018,5,30,13,30,0,Wednesday,543341.4428,4812362.91,-80.464222,43.46293,At/near private drive,2,P.D. only,Thru lane,unknown,unknown,SMV unattended vehicle,Unknown,Daylight,01 - Daylight,Municipal (excl. Twp. Rd.),No control,unknown,0,0,0,FALSE,FALSE,TRUE,Clear,,FALSE,CORONET LANE; RIVER RD E; At,1/30/2020 11:48:40 AM,543341.4428,4812362.91
47843,18-122035,5/30/2018 3:20:00 PM,2018,5,30,15,20,0,Wednesday,543029.8716,4812024.154,-80.4681,43.459898,Non intersection,2,P.D. only,Thru lane,unknown,unknown,Rear end,Unknown,Daylight,01 - Daylight,unknown,No control,unknown,0,0,0,FALSE,FALSE,FALSE,Clear,,FALSE,FREDERICK ST; BRUCE ST,2/19/2019 2:08:38 PM,543029.8716,4812024.154
47844,18-122064,5/30/2018 12:15:00 PM,2018,5,30,12,15,0,Wednesday,538548.2101,4810805.94,-80.523583,43.449173,Non intersection,2,P.D. only,Thru lane,unknown,unknown,Sideswipe,Unknown,Daylight,01 - Daylight,Regional municipality,No control,unknown,0,0,0,FALSE,FALSE,FALSE,Clear,,FALSE,GLASGOW ST; WESTMOUNT RD W,1/30/2020 11:48:39 AM,538548.2101,4810805.94
47845,18-122625,5/30/2018 8:30:00 AM,2018,5,30,8,30,0,Wednesday,541615.7034,4808512.676,-80.485848,43.42836,Intersection related,2,P.D. only,Thru lane,unknown,unknown,SMV other,Unknown,Daylight,01 - Daylight,Regional municipality,No control,unknown,0,0,0,FALSE,FALSE,FALSE,Clear,,FALSE,HOMER WATSON BLVD; CONESTOGA PARKWAY  HWY 7 8,1/30/2020 11:48:38 AM,541615.7034,4808512.676
47846,18-122898,5/31/2018 4:27:00 PM,2018,5,31,16,27,0,Thursday,539296.029,4811574.216,-80.514286,43.456052,At intersection,2,P.D. only,Within intersection,unknown,unknown,Turning movement,Unknown,Daylight,01 - Daylight,Municipal (excl. Twp. Rd.),Stop sign,Functioning,0,0,0,FALSE,FALSE,FALSE,Clear,,FALSE,PARK ST ; MT HOPE ST,1/30/2020 11:48:37 AM,539296.029,4811574.216
47847,18-122930,5/31/2018 4:58:00 PM,2018,5,31,16,58,0,Thursday,540515.6611,4811537.312,-80.499214,43.455654,Intersection related,2,P.D. only,Not on roadway - right side,unknown,unknown,SMV other,Unknown,Daylight,01 - Daylight,Municipal (excl. Twp. Rd.),Stop sign,Functioning,0,0,0,FALSE,FALSE,FALSE,Clear,,FALSE,WELLINGTON ST N; WATERLOO ST; 1 M,1/30/2020 11:48:36 AM,540515.6611,4811537.313
47848,18-122985,5/31/2018 6:00:00 PM,2018,5,31,18,0,0,Thursday,540672.1221,4811637.901,-80.497273,43.456552,At/near private drive,2,P.D. only,Thru lane,unknown,unknown,Turning movement,Unknown,Daylight,01 - Daylight,Regional municipality,No control,unknown,0,0,0,FALSE,FALSE,FALSE,Rain,,FALSE,DUKE ST W; KING ST W; 1 M,1/30/2020 11:48:35 AM,540672.1221,4811637.901
47849,18-123617,6/1/2018 11:30:00 AM,2018,6,1,11,30,0,Friday,549287.3322,4806285.129,-80.391272,43.407838,At/near private drive,2,P.D. only,Thru lane,unknown,unknown,Turning movement,Unknown,Daylight,01 - Daylight,Regional municipality,No control,unknown,0,0,0,FALSE,FALSE,FALSE,Clear,,FALSE,GATEWAY PARK DR ; KING ST E,1/30/2020 11:48:34 AM,549287.3322,4806285.129
47850,18-123705,6/1/2018 1:30:00 PM,2018,6,1,13,30,0,Friday,544828.7374,4805005.257,-80.446441,43.396594,At intersection,2,P.D. only,Within intersection,unknown,unknown,Turning movement,Unknown,Daylight,01 - Daylight,Municipal (excl. Twp. Rd.),Stop sign,Functioning,0,0,0,FALSE,FALSE,FALSE,Clear,,FALSE,DOON VILLAGE RD; MILLWOOD CRES,1/30/2020 11:48:33 AM,544828.7374,4805005.257
47851,18-123754,6/1/2018 3:02:00 PM,2018,6,1,15,2,0,Friday,538443.7379,4810800.694,-80.524875,43.449131,Non intersection,2,P.D. only,Thru lane,unknown,unknown,Turning movement,Unknown,Daylight,01 - Daylight,Municipal (excl. Twp. Rd.),Traffic signal,Functioning,0,0,0,FALSE,FALSE,FALSE,Clear,,FALSE,GLASGOW ST ; GLASGOW ST ; Near; 1 M,1/30/2020 11:48:32 AM,538443.7379,4810800.694
47852,18-124435,5/28/2018 7:30:00 PM,2018,5,28,19,30,0,Monday,541947.2138,4810935.693,-80.481566,43.450159,Non intersection,2,P.D. only,Right shoulder,unknown,unknown,SMV unattended vehicle,Unknown,Daylight,01 - Daylight,unknown,No control,unknown,0,0,0,FALSE,FALSE,FALSE,Clear,,FALSE,LANCASTER ST E; IRVIN ST,2/19/2019 2:08:37 PM,541947.2138,4810935.693
47853,18-124547,6/2/2018 12:05:00 PM,2018,6,2,12,5,0,Saturday,546646.2523,4808101.52,-80.423735,43.424362,At/near private drive,2,P.D. only,Thru lane,unknown,unknown,SMV unattended vehicle,Unknown,Daylight,01 - Daylight,Municipal (excl. Twp. Rd.),No control,unknown,0,0,0,FALSE,FALSE,FALSE,Clear,,FALSE,CAMEO DR; KING ST E; Near; 10 M,1/30/2020 11:48:31 AM,546646.2523,4808101.52
47854,18-124901,6/2/2018 8:20:00 PM,2018,6,2,20,20,0,Saturday,543571.0821,4804976.635,-80.461973,43.39641,At intersection,2,P.D. only,Within intersection,unknown,unknown,Angle,Unknown,Daylight,01 - Daylight,Municipal (excl. Twp. Rd.),Traffic signal,Functioning,0,0,0,FALSE,FALSE,FALSE,Clear,,FALSE,HURON RD ; BATTLER RD,1/30/2020 11:48:30 AM,543571.0821,4804976.635
47855,18-125370,5/23/2018 2:00:00 PM,2018,5,23,14,0,0,Wednesday,546271.0437,4803520.269,-80.428757,43.383136,Non intersection,1,Non-fatal injury,Thru lane,unknown,unknown,Rear end,Unknown,Daylight,01 - Daylight,Municipal (excl. Twp. Rd.),No control,unknown,0,0,0,FALSE,FALSE,FALSE,Clear,,FALSE,DOON MILLS DR ; DOON SOUTH DR ; 100 M,1/30/2020 11:48:29 AM,546271.0437,4803520.269
47856,18-125424,6/2/2018 7:00:00 PM,2018,6,2,19,0,0,Saturday,542067.5655,4809773.795,-80.480169,43.43969,Intersection related,2,P.D. only,Not on roadway - right side,unknown,unknown,SMV other,Unknown,Daylight,01 - Daylight,Municipal (excl. Twp. Rd.),Stop sign,Functioning,0,0,0,FALSE,FALSE,FALSE,Clear,,FALSE,KENT AVE; KENNEDY AVE,1/30/2020 11:48:28 AM,542067.5655,4809773.795
47857,18-125964,6/4/2018 9:13:00 AM,2018,6,4,9,13,0,Monday,544339.39,4811034.701,-80.451994,43.450912,Intersection related,2,P.D. only,Thru lane,unknown,unknown,Turning movement,Unknown,Daylight,01 - Daylight,Municipal (excl. Twp. Rd.),Stop sign,Functioning,0,0,0,FALSE,FALSE,FALSE,Clear,,FALSE,CRAIG DR; HICKSON DR ; Near; 40 M,1/30/2020 11:48:27 AM,544339.39,4811034.701
47858,18-126060,6/4/2018 11:12:00 AM,2018,6,4,11,12,0,Monday,539123.1288,4805682.702,-80.516845,43.403013,At/near private drive,2,P.D. only,Thru lane,unknown,unknown,SMV unattended vehicle,Unknown,Daylight,01 - Daylight,Municipal (excl. Twp. Rd.),No control,unknown,0,0,0,FALSE,FALSE,FALSE,Clear,,FALSE,ACTIVA AVE; ACTIVA AVE; At; 1 M,1/30/2020 11:48:26 AM,539123.1288,4805682.703
47859,18-126126,6/4/2018 12:38:00 AM,2018,6,4,0,38,0,Monday,540892.574,4806247.454,-80.494952,43.408004,Non intersection,2,P.D. only,Thru lane,unknown,unknown,SMV unattended vehicle,Unknown,"Dark, artificial","08 - Dark, artificial",Municipal (excl. Twp. Rd.),No control,unknown,0,0,0,FALSE,FALSE,FALSE,Clear,,FALSE,RITTENHOUSE RD ; RITTENHOUSE RD ; At; 2 M,1/30/2020 11:48:25 AM,540892.574,4806247.454
47860,18-126240,6/4/2018 2:53:00 PM,2018,6,4,14,53,0,Monday,544653.3182,4806289.295,-80.448502,43.408166,At/near private drive,1,Non-fatal injury,Left turn lane,unknown,unknown,Turning movement,Unknown,Daylight,01 - Daylight,Municipal (excl. Twp. Rd.),No control,unknown,0,0,0,FALSE,FALSE,FALSE,Clear,,FALSE,WABANAKI DR ; MANITOU DR ; Near; 26 M,1/30/2020 11:48:24 AM,544653.3182,4806289.295
47861,18-126338,6/4/2018 4:42:00 PM,2018,6,4,16,42,0,Monday,542842.1794,4809871.884,-80.470589,43.440529,At intersection,2,P.D. only,Within intersection,unknown,unknown,Angle,Unknown,Daylight,01 - Daylight,Municipal (excl. Twp. Rd.),Stop sign,Functioning,0,0,0,FALSE,FALSE,FALSE,Clear,,FALSE,CHARLES ST E; SYDNEY ST S,1/30/2020 11:48:23 AM,542842.1794,4809871.884
47862,18-126379,6/4/2018 8:10:00 AM,2018,6,4,8,10,0,Monday,539568.2887,4811423.87,-80.510932,43.454684,Intersection related,2,P.D. only,Thru lane,unknown,unknown,Rear end,Unknown,Daylight,01 - Daylight,Municipal (excl. Twp. Rd.),Stop sign,Functioning,0,0,0,FALSE,FALSE,FALSE,Clear,,FALSE,PARK ST; GREEN ST; At,1/30/2020 11:48:22 AM,539568.2887,4811423.87
47863,18-127080,6/4/2018 7:00:00 PM,2018,6,4,19,0,0,Monday,543102.1593,4810025.895,-80.467365,43.441901,Non intersection,2,P.D. only,Thru lane,unknown,unknown,SMV unattended vehicle,Unknown,Daylight,01 - Daylight,Municipal (excl. Twp. Rd.),No control,unknown,0,0,0,FALSE,FALSE,FALSE,Clear,,FALSE,ROSEDALE AVE; ROSEDALE AVE ; Near,1/30/2020 11:48:21 AM,543102.1593,4810025.895
47864,18-127364,6/2/2018 4:00:00 PM,2018,6,2,16,0,0,Saturday,545929.7396,4804589.046,-80.432881,43.39278,At/near private drive,2,P.D. only,Thru lane,unknown,unknown,SMV unattended vehicle,Unknown,Daylight,01 - Daylight,Municipal (excl. Twp. Rd.),No control,unknown,0,0,0,FALSE,FALSE,FALSE,Clear,,FALSE,OLD CARRIAGE DR; OLD CARRIAGE DR; Near,1/30/2020 11:48:20 AM,545929.7396,4804589.046
47865,18-127819,6/6/2018 9:30:00 AM,2018,6,6,9,30,0,Wednesday,541635.5004,4807664.162,-80.485668,43.420719,Non intersection,2,P.D. only,Thru lane,unknown,unknown,Sideswipe,Unknown,Daylight,01 - Daylight,Regional municipality,No control,unknown,0,0,0,FALSE,FALSE,FALSE,Clear,,FALSE,STRASBURG RD; BARWOOD CRES; Near,1/30/2020 11:48:19 AM,541635.5004,4807664.162
47866,18-127891,6/5/2018 10:30:00 AM,2018,6,5,10,30,0,Tuesday,540608.29,4810628.013,-80.498137,43.447462,Intersection related,2,P.D. only,Thru lane,unknown,unknown,Turning movement,Unknown,Daylight,01 - Daylight,Municipal (excl. Twp. Rd.),Stop sign,Functioning,0,0,1,FALSE,FALSE,FALSE,Clear,,FALSE,JUBILEE DR; WATER ST S,1/30/2020 11:48:18 AM,540608.29,4810628.013
47867,18-128668,6/7/2018 12:20:00 PM,2018,6,7,12,20,0,Thursday,545856.53,4804739.603,-80.433772,43.39414,Intersection related,2,P.D. only,Thru lane,unknown,unknown,Turning movement,Unknown,Daylight,01 - Daylight,Municipal (excl. Twp. Rd.),Stop sign,Functioning,0,0,0,FALSE,FALSE,FALSE,Clear,,FALSE,PIONEER DR; OLD CARRIAGE DR; At,1/30/2020 11:48:17 AM,545856.53,4804739.603
47868,18-128753,6/7/2018 1:47:00 PM,2018,6,7,13,47,0,Thursday,536745.7648,4809156.655,-80.54597,43.434413,At/near private drive,2,P.D. only,Right shoulder,unknown,unknown,SMV unattended vehicle,Unknown,Daylight,01 - Daylight,Municipal (excl. Twp. Rd.),No control,unknown,0,0,0,FALSE,FALSE,FALSE,Clear,,FALSE,GREENCROFT CRT; GREENCROFT CRT ; Near; 2 M,1/30/2020 11:48:16 AM,536745.7648,4809156.655
47869,18-128791,6/7/2018 1:15:00 PM,2018,6,7,13,15,0,Thursday,542184.4123,4810205.123,-80.478691,43.443567,At/near private drive,2,P.D. only,Left turn lane,unknown,unknown,Other,Unknown,Daylight,01 - Daylight,unknown,Traffic signal,Functioning,0,0,0,FALSE,FALSE,FALSE,Clear,,FALSE,STIRLING AVE S; STIRLING AVE S,2/19/2019 2:08:36 PM,542184.4123,4810205.123
47870,18-128804,6/7/2018 2:33:00 PM,2018,6,7,14,33,0,Thursday,542501.4601,4810173.742,-80.474776,43.443267,Intersection related,1,Non-fatal injury,Thru lane,unknown,unknown,Rear end,Unknown,Daylight,01 - Daylight,Regional municipality,Stop sign,Functioning,0,0,0,FALSE,FALSE,FALSE,Clear,,FALSE,KING ST E; DANE ST; Near; 5 M,1/30/2020 11:48:15 AM,542501.4601,4810173.742
47871,18-128930,6/6/2018 7:00:00 AM,2018,6,6,7,0,0,Wednesday,537322.9654,4808839.463,-80.53886,43.431529,Non intersection,2,P.D. only,Thru lane,unknown,unknown,SMV unattended vehicle,Unknown,"Dark, artificial","08 - Dark, artificial",Municipal (excl. Twp. Rd.),No control,unknown,0,0,0,FALSE,FALSE,FALSE,Clear,,FALSE,WILDLARK CRES; WILDLARK CRES,1/30/2020 11:48:14 AM,537322.9654,4808839.463
47872,18-129418,6/8/2018 8:58:00 AM,2018,6,8,8,58,0,Friday,542496.7617,4810877.517,-80.474779,43.449604,At intersection,2,P.D. only,Within intersection,unknown,unknown,Angle,Unknown,Daylight,01 - Daylight,Municipal (excl. Twp. Rd.),Stop sign,Functioning,0,0,0,FALSE,FALSE,FALSE,Clear,,FALSE,SIMEON ST; CAMERON ST N,1/30/2020 11:48:14 AM,542496.7617,4810877.517
47873,18-129837,6/8/2018 8:30:00 AM,2018,6,8,8,30,0,Friday,542418.3263,4806993.829,-80.47605,43.414639,Non intersection,2,P.D. only,Thru lane,unknown,unknown,Other,Unknown,Daylight,01 - Daylight,Municipal (excl. Twp. Rd.),No control,unknown,0,0,0,FALSE,FALSE,FALSE,Clear,,FALSE,CENTURY HILL DR; CENTURY HILL DR; Near,1/30/2020 11:48:12 AM,542418.3263,4806993.829
47874,18-129998,6/8/2018 5:05:00 PM,2018,6,8,17,5,0,Friday,539581.7396,4805913.091,-80.511165,43.405063,At/near private drive,2,P.D. only,Thru lane,unknown,unknown,Other,Unknown,Daylight,01 - Daylight,Municipal (excl. Twp. Rd.),No control,unknown,0,0,0,FALSE,FALSE,FALSE,Clear,,FALSE,MAX BECKER DR; MAX BECKER DR ; At,1/30/2020 11:48:11 AM,539581.7396,4805913.091
47875,18-130068,6/8/2018 9:12:00 PM,2018,6,8,21,12,0,Friday,539771.5725,4809842.039,-80.508535,43.44043,At/near private drive,1,Non-fatal injury,Thru lane,unknown,unknown,Turning movement,Unknown,"Dusk, artificial","06 - Dusk, artificial",Municipal (excl. Twp. Rd.),No control,unknown,0,0,0,FALSE,TRUE,FALSE,Clear,,FALSE,BELMONT AVE W; BURN PLACE; 6 M,1/30/2020 11:48:10 AM,539771.5725,4809842.039
47876,18-130320,6/9/2018 4:57:00 AM,2018,6,9,4,57,0,Saturday,549280.5897,4806286.039,-80.391355,43.407847,At/near private drive,2,P.D. only,Off highway,unknown,unknown,SMV other,Unknown,Dawn,03 - Dawn,Private property,No control,unknown,0,0,0,FALSE,FALSE,FALSE,Clear,,FALSE,GATEWAY PARK DR; KING ST E; Near; 5 M,1/30/2020 11:48:09 AM,549280.5897,4806286.039
47877,18-130487,6/9/2018 11:10:00 AM,2018,6,9,11,10,0,Saturday,541358.0277,4808643.258,-80.489022,43.42955,Intersection related,1,Non-fatal injury,Thru lane,unknown,unknown,Rear end,Unknown,Daylight,01 - Daylight,Municipal (excl. Twp. Rd.),Stop sign,Functioning,0,0,0,FALSE,FALSE,FALSE,Clear,,FALSE,HOFFMAN ST ; HOMER WATSON BLVD ; Near; 25 M,1/30/2020 11:48:09 AM,541358.0277,4808643.258
47878,18-130581,6/9/2018 11:59:00 AM,2018,6,9,11,59,0,Saturday,544829.2122,4805006.219,-80.446435,43.396603,Non intersection,2,P.D. only,Thru lane,unknown,unknown,Rear end,Unknown,Daylight,01 - Daylight,Municipal (excl. Twp. Rd.),Ped. crossover,Functioning,0,0,0,FALSE,FALSE,FALSE,Clear,,FALSE,DOON VILLAGE RD; MILLWOOD CRES,1/30/2020 11:48:08 AM,544829.2122,4805006.219
47879,18-131307,6/10/2018 7:41:00 AM,2018,6,10,7,41,0,Sunday,539682.5326,4809082.897,-80.50969,43.433599,At/near private drive,2,P.D. only,Not on roadway - right side,unknown,unknown,SMV other,Unknown,Daylight,01 - Daylight,Private property,No control,unknown,0,0,0,FALSE,FALSE,FALSE,Clear,,FALSE,QUEENS BLVD; QUEENS BLVD ; At; 3 M,1/30/2020 11:48:07 AM,539682.5326,4809082.897
47880,18-131425,6/10/2018 11:01:00 AM,2018,6,10,11,1,0,Sunday,542866.2856,4810785.605,-80.47022,43.448755,At intersection,2,P.D. only,Within intersection,unknown,unknown,Turning movement,Unknown,Daylight,01 - Daylight,Municipal (excl. Twp. Rd.),Stop sign,Functioning,0,0,0,FALSE,FALSE,FALSE,Clear,,FALSE,EAST AVE; STIRLING AVE N,1/30/2020 11:48:06 AM,542866.2856,4810785.605
47881,18-131447,6/10/2018 11:21:00 AM,2018,6,10,11,21,0,Sunday,545365.5886,4811022.877,-80.439312,43.450744,At intersection,2,P.D. only,Within intersection,unknown,unknown,Angle,Unknown,Daylight,01 - Daylight,Municipal (excl. Twp. Rd.),Stop sign,Functioning,0,0,0,FALSE,FALSE,FALSE,Clear,,FALSE,HOLBORN DR; OLD CHICOPEE DR,1/30/2020 11:48:05 AM,545365.5886,4811022.877
47882,18-132307,6/11/2018 1:30:00 AM,2018,6,11,1,30,0,Monday,542522.7803,4807600.37,-80.474713,43.420095,At/near private drive,2,P.D. only,Thru lane,unknown,unknown,SMV unattended vehicle,Unknown,Dark,07 - Dark,Municipal (excl. Twp. Rd.),No control,unknown,0,0,0,FALSE,FALSE,FALSE,Clear,,FALSE,KINGSWOOD DR ; KINGSWOOD DR; At; 5 M,1/30/2020 11:48:04 AM,542522.7803,4807600.37
47883,18-132310,6/10/2018 5:45:00 PM,2018,6,10,17,45,0,Sunday,537311.8274,4808853.299,-80.538997,43.431654,At/near private drive,2,P.D. only,Thru lane,unknown,unknown,SMV unattended vehicle,Unknown,Daylight,01 - Daylight,Municipal (excl. Twp. Rd.),No control,unknown,0,0,0,FALSE,FALSE,FALSE,Clear,,FALSE,WILDLARK CRES; WILDLARK CRES; At,1/30/2020 11:48:03 AM,537311.8274,4808853.299
47884,18-132394,6/11/2018 12:49:00 PM,2018,6,11,12,49,0,Monday,539574.017,4806250.586,-80.511236,43.408103,At intersection,2,P.D. only,Within intersection,unknown,unknown,Turning movement,Unknown,Daylight,01 - Daylight,Municipal (excl. Twp. Rd.),Stop sign,Functioning,0,0,0,FALSE,FALSE,FALSE,Clear,,FALSE,ACTIVA AVE; COPPER LEAF ST,1/30/2020 11:48:02 AM,539574.017,4806250.586
47885,18-132601,6/11/2018 3:50:00 PM,2018,6,11,15,50,0,Monday,543046.759,4812835.138,-80.467827,43.467199,Non intersection,1,Non-fatal injury,Thru lane,unknown,unknown,Rear end,Unknown,Daylight,01 - Daylight,Municipal (excl. Twp. Rd.),No control,unknown,0,0,0,FALSE,FALSE,FALSE,Clear,,FALSE,RIVERBEND DR; SHELLEY DR,1/30/2020 11:48:01 AM,543046.759,4812835.138
47886,18-132685,6/11/2018 4:30:00 PM,2018,6,11,16,30,0,Monday,542162.88,4810382.811,-80.478944,43.445168,Intersection related,2,P.D. only,Thru lane,unknown,unknown,Rear end,Unknown,Daylight,01 - Daylight,Regional municipality,Stop sign,Functioning,0,0,0,FALSE,FALSE,FALSE,Clear,,FALSE,KING ST E; PANDORA AVE N; At,1/30/2020 11:48:00 AM,542162.88,4810382.811
47887,18-132719,6/10/2018 10:45:00 AM,2018,6,10,10,45,0,Sunday,544513.3966,4811426.137,-80.449812,43.454426,At/near private drive,2,P.D. only,Right shoulder,unknown,unknown,SMV unattended vehicle,Unknown,Daylight,01 - Daylight,Municipal (excl. Twp. Rd.),No control,unknown,0,0,0,FALSE,FALSE,FALSE,Clear,,FALSE,OWEN AVE; OWEN AVE,1/30/2020 11:47:59 AM,544513.3966,4811426.137
47888,18-132755,6/11/2018 7:36:00 PM,2018,6,11,19,36,0,Monday,543397.4626,4805617.875,-80.464066,43.402194,At/near private drive,2,P.D. only,Off highway,unknown,unknown,SMV other,Unknown,Daylight,01 - Daylight,Municipal (excl. Twp. Rd.),No control,unknown,0,0,0,FALSE,FALSE,FALSE,Clear,,FALSE,TRILLIUM DR; TRILLIUM DR ; At; 10 M,1/30/2020 11:47:58 AM,543397.4626,4805617.875
47889,18-133101,6/12/2018 9:03:00 AM,2018,6,12,9,3,0,Tuesday,540122.3031,4809465.592,-80.504228,43.437022,Intersection related,2,P.D. only,Thru lane,unknown,unknown,Rear end,Unknown,Daylight,01 - Daylight,Municipal (excl. Twp. Rd.),Stop sign,Functioning,0,0,0,FALSE,FALSE,FALSE,Clear,,FALSE,BELMONT AVE E; SPADINA RD W; At; 0 M,1/30/2020 11:47:57 AM,540122.3031,4809465.593
47890,18-133565,6/10/2018 7:00:00 PM,2018,6,10,19,0,0,Sunday,547302.9109,4805667.558,-80.415833,43.402405,At/near private drive,2,P.D. only,Right shoulder,unknown,unknown,SMV unattended vehicle,Unknown,Daylight,01 - Daylight,Municipal (excl. Twp. Rd.),No control,unknown,0,0,0,FALSE,FALSE,FALSE,Clear,,FALSE,JOSEPH SCHOERG CRES; JOSEPH SCHOERG CRES,1/30/2020 11:47:56 AM,547302.9109,4805667.558
47891,18-134091,6/13/2018 12:34:00 PM,2018,6,13,12,34,0,Wednesday,544233.0453,4808805.185,-80.453489,43.430844,At intersection,2,P.D. only,Within intersection,unknown,unknown,Angle,Unknown,Daylight,01 - Daylight,Municipal (excl. Twp. Rd.),Stop sign,Functioning,0,0,0,FALSE,FALSE,FALSE,Clear,,FALSE,FIFTH AVE; CONNAUGHT ST,1/30/2020 11:47:55 AM,544233.0453,4808805.185
47892,18-134208,6/13/2018 2:38:00 PM,2018,6,13,14,38,0,Wednesday,541501.7478,4811993.709,-80.486991,43.45971,At intersection,1,Non-fatal injury,Within intersection,unknown,unknown,Angle,Unknown,Daylight,01 - Daylight,Municipal (excl. Twp. Rd.),Stop sign,Functioning,0,0,0,FALSE,FALSE,FALSE,Clear,,FALSE,WELLINGTON ST N; ST LEGER ST,1/30/2020 11:47:54 AM,541501.7478,4811993.709
47893,18-134279,6/11/2018 10:00:00 AM,2018,6,11,10,0,0,Monday,543075.833,4812800.343,-80.467471,43.466884,Intersection related,1,Non-fatal injury,Thru lane,unknown,unknown,Rear end,Unknown,Daylight,01 - Daylight,Municipal (excl. Twp. Rd.),Traffic signal,Functioning,0,0,0,FALSE,FALSE,FALSE,Clear,,FALSE,SHIRLEY AVE; RIVERBEND DR,1/30/2020 11:47:54 AM,543075.833,4812800.343
47894,18-134429,6/13/2018 5:05:00 PM,2018,6,13,17,5,0,Wednesday,543339.5072,4812832.687,-80.464209,43.46716,Non intersection,2,P.D. only,Thru lane,unknown,unknown,Rear end,Unknown,Daylight,01 - Daylight,Municipal (excl. Twp. Rd.),No control,unknown,0,0,0,FALSE,FALSE,FALSE,Clear,,FALSE,SHIRLEY AVE; SHIRLEY AVE; Near,1/30/2020 11:47:52 AM,543339.5072,4812832.688
47895,18-134446,6/13/2018 3:45:00 PM,2018,6,13,15,45,0,Wednesday,547167.0208,4805717.777,-80.417507,43.402866,At/near private drive,1,Non-fatal injury,Thru lane,unknown,unknown,Other,Unknown,Daylight,01 - Daylight,Municipal (excl. Twp. Rd.),No control,unknown,0,0,0,FALSE,FALSE,FALSE,Clear,,FALSE,DEER RIDGE DR; DEER RIDGE DR; At,1/30/2020 11:47:51 AM,547167.0208,4805717.777
47896,18-134469,6/13/2018 8:00:00 PM,2018,6,13,20,0,0,Wednesday,541570.2834,4809408.066,-80.486341,43.436425,Non intersection,1,Non-fatal injury,Not on roadway - right side,unknown,unknown,SMV other,Unknown,Daylight,01 - Daylight,Municipal (excl. Twp. Rd.),No control,unknown,0,0,0,FALSE,FALSE,FALSE,Clear,,FALSE,MILL ST; MILL ST ; Near; 1 M,1/30/2020 11:47:51 AM,541570.2834,4809408.066
47897,18-135309,6/14/2018 5:40:00 PM,2018,6,14,17,40,0,Thursday,541868.5369,4806791.255,-80.482857,43.412846,At intersection,2,P.D. only,Within intersection,unknown,unknown,Turning movement,Unknown,Daylight,01 - Daylight,Municipal (excl. Twp. Rd.),Stop sign,Functioning,0,0,0,FALSE,FALSE,FALSE,Clear,,FALSE,RITTENHOUSE RD; BROOKFIELD CRES,1/30/2020 11:47:50 AM,541868.5369,4806791.255
47898,18-135825,6/15/2018 10:28:00 AM,2018,6,15,10,28,0,Friday,541344.315,4809062.608,-80.489159,43.433327,At intersection,2,P.D. only,Within intersection,unknown,unknown,Turning movement,Unknown,Daylight,01 - Daylight,Regional municipality,Stop sign,Functioning,0,0,0,FALSE,FALSE,FALSE,Clear,,FALSE,HIGHLAND RD E; HEIMAN S,1/30/2020 11:47:49 AM,541344.315,4809062.608
47899,18-135938,6/14/2018 5:15:00 PM,2018,6,14,17,15,0,Thursday,543857.0793,4805115.059,-80.45843,43.39764,Intersection related,2,P.D. only,Right turn channel,unknown,unknown,Rear end,Unknown,Daylight,01 - Daylight,Regional municipality,Yield sign,Functioning,0,0,0,FALSE,FALSE,FALSE,Clear,,FALSE,HURON RD; TRILLIUM DR,1/30/2020 11:47:48 AM,543857.0793,4805115.059
47900,18-136147,6/14/2018 4:00:00 PM,2018,6,14,16,0,0,Thursday,539356.6626,4811712.046,-80.513527,43.45729,Non intersection,2,P.D. only,Thru lane,unknown,unknown,SMV unattended vehicle,Unknown,Daylight,01 - Daylight,Municipal (excl. Twp. Rd.),No control,unknown,0,0,0,FALSE,FALSE,FALSE,Clear,,FALSE,MT HOPE ST; KING ST W; Near; 50 M,1/30/2020 11:47:47 AM,539356.6626,4811712.046
47901,18-136163,6/15/2018 5:46:00 PM,2018,6,15,17,46,0,Friday,543628.9495,4808733.702,-80.460958,43.430236,Non intersection,1,Non-fatal injury,Off highway,unknown,unknown,SMV other,Unknown,Daylight,01 - Daylight,Municipal (excl. Twp. Rd.),No control,unknown,0,0,0,FALSE,FALSE,FALSE,Clear,,FALSE,BONIFACE AVE; BONIFACE AVE ; 10 M,1/30/2020 11:47:46 AM,543628.9495,4808733.702
47902,18-136172,6/15/2018 5:58:00 PM,2018,6,15,17,58,0,Friday,541068,4811108,0,0,Intersection related,2,P.D. only,Thru lane,unknown,unknown,Other,Unknown,Daylight,01 - Daylight,Municipal (excl. Twp. Rd.),Stop sign,Functioning,0,0,0,FALSE,FALSE,FALSE,Clear,,FALSE,FALL HARVEST DR; PIONEER RIDGE DR; Near; 10 M,1/30/2020 11:47:45 AM,541068,4811108