OBJECTID,ACCIDENTNUM,ACCIDENTDATE,ACCIDENT_YEAR,ACCIDENT_MONTH,ACCIDENT_DAY,ACCIDENT_HOUR,ACCIDENT_MINUTE,ACCIDENT_SECOND,ACCIDENT_WEEKDAY,XCOORD,YCOORD,LONGITUDE,LATITUDE,ACCIDENTLOCATION,COLLISIONTYPE,CLASSIFICATIONOFACCIDENT,IMPACTLOCATION,INITIALDIRECTIONOFTRAVELONE,INITIALDIRECTIONOFTRAVELTWO,INITIALIMPACTTYPE,INTTRAFFICCONTROL,LIGHT,LIGHTFORREPORT,ROADJURISDICTION,TRAFFICCONTROL,TRAFFICCONTROLCONDITION,THRULANENO,NORTHBOUNDDISOBEYCOUNT,SOUTHBOUNDDISOBEYCOUNT,PEDESTRIANINVOLVED,CYCLISTINVOLVED,MOTORCYCLISTINVOLVED,ENVIRONMENTCONDITION1,ENVIRONMENTCONDITION2,SELFREPORTED,XMLIMPORTNOTES,LASTEDITEDDATE,x,y
47903,18-136178,6/15/2018 6:07:00 PM,2018,6,15,18,7,0,Friday,538473.2527,4807958.114,-80.52471,43.423535,At/near private drive,2,P.D. only,Thru lane,unknown,unknown,Turning movement,Unknown,Daylight,01 - Daylight,Municipal (excl. Twp. Rd.),No control,unknown,0,0,0,FALSE,FALSE,FALSE,Clear,,FALSE,ELM RIDGE DR; ELM RIDGE DR ; At; 2 M,1/30/2020 11:47:44 AM,538473.2527,4807958.114
47904,18-136303,6/15/2018 8:45:00 PM,2018,6,15,20,45,0,Friday,543201.8313,4812099.625,-80.465969,43.460567,At/near private drive,2,P.D. only,Right shoulder,unknown,unknown,SMV other,Unknown,Daylight,01 - Daylight,Municipal (excl. Twp. Rd.),No control,unknown,0,0,0,FALSE,FALSE,FALSE,Clear,,FALSE,FREDERICK ST; FREDERICK ST ; At; 5 M,1/30/2020 11:47:43 AM,543201.8313,4812099.625
47905,18-136746,6/16/2018 8:36:00 AM,2018,6,16,8,36,0,Saturday,543565.2442,4812259.016,-80.461464,43.461981,Intersection related,2,P.D. only,Right turn lane,unknown,unknown,Other,Unknown,Daylight,01 - Daylight,Regional municipality,Traffic signal,Functioning,0,0,0,FALSE,FALSE,FALSE,Clear,,FALSE,RIVER RD E; FREDERICK ST; 4 M,1/30/2020 11:47:42 AM,543565.2442,4812259.016
47906,18-137169,6/16/2018 6:15:00 PM,2018,6,16,18,15,0,Saturday,538216.932,4808357.797,-80.527849,43.427147,At intersection,1,Non-fatal injury,Within intersection,unknown,unknown,Angle,Unknown,Daylight,01 - Daylight,Municipal (excl. Twp. Rd.),Traffic signal,Functioning,0,0,0,FALSE,TRUE,FALSE,Clear,,FALSE,QUEENS BLVD; ELM RIDGE DR ; 5 M,1/30/2020 11:47:41 AM,538216.932,4808357.797
47907,18-138523,6/18/2018 10:50:00 AM,2018,6,18,10,50,0,Monday,545079.3135,4813535.388,-80.442643,43.473384,Intersection related,2,P.D. only,Right turn lane,unknown,unknown,Turning movement,Unknown,Daylight,01 - Daylight,Regional municipality,Stop sign,Functioning,0,0,0,FALSE,FALSE,FALSE,Clear,,FALSE,SHIRLEY DR ; BINGEMANS CENTRE DR ; At; 1 M,1/30/2020 11:47:40 AM,545079.3135,4813535.388
47908,18-138596,6/18/2018 11:55:00 AM,2018,6,18,11,55,0,Monday,544796.1454,4809836.678,-80.446447,43.440098,At/near private drive,1,Non-fatal injury,Right turn lane,unknown,unknown,SMV other,Unknown,Daylight,01 - Daylight,unknown,Stop sign,Functioning,0,0,0,TRUE,FALSE,FALSE,Clear,,FALSE,FRANKLIN ST N; FRANKLIN ST N; 1 M,2/19/2019 2:08:34 PM,544796.1454,4809836.678
47909,18-138616,6/17/2018 11:00:00 AM,2018,6,17,11,0,0,Sunday,541916.2609,4803575.688,-80.482514,43.38389,At/near private drive,2,P.D. only,Right shoulder,unknown,unknown,SMV unattended vehicle,Unknown,Daylight,01 - Daylight,Municipal (excl. Twp. Rd.),No control,unknown,0,0,0,FALSE,FALSE,FALSE,Clear,,FALSE,ROCHEFORT ST; ROCHEFORT ST ; At,1/30/2020 11:47:40 AM,541916.2609,4803575.688
47910,18-138702,6/18/2018 1:35:00 PM,2018,6,18,13,35,0,Monday,541108.9882,4810594.103,-80.491952,43.447129,Non intersection,1,Non-fatal injury,Right shoulder,unknown,unknown,SMV other,Unknown,Daylight,01 - Daylight,Municipal (excl. Twp. Rd.),No control,unknown,0,0,0,FALSE,FALSE,FALSE,Clear,,FALSE,QUEEN ST S; QUEEN ST S; At; 8 M,1/30/2020 11:47:38 AM,541108.9882,4810594.103
47911,18-138746,6/18/2018 2:12:00 PM,2018,6,18,14,12,0,Monday,543857.9479,4805115.631,-80.458419,43.397645,Intersection related,2,P.D. only,Thru lane,unknown,unknown,Rear end,Unknown,Daylight,01 - Daylight,unknown,Traffic signal,Functioning,0,0,0,FALSE,FALSE,FALSE,Clear,,FALSE,HURON RD; TRILLIUM DR,2/19/2019 2:08:33 PM,543857.9479,4805115.631
47912,18-138851,6/18/2018 3:15:00 PM,2018,6,18,15,15,0,Monday,543248.8089,4804517.486,-80.465988,43.392295,At intersection,2,P.D. only,Within intersection,unknown,unknown,Sideswipe,Unknown,Daylight,01 - Daylight,Regional municipality,Yield sign,Functioning,0,0,0,FALSE,FALSE,FALSE,Rain,,FALSE,HURON RD; STRASBURG RD,1/30/2020 11:47:38 AM,543248.8089,4804517.486
47913,18-138870,6/18/2018 12:35:00 PM,2018,6,18,12,35,0,Monday,543850.1222,4808094.106,-80.458277,43.424464,Non intersection,1,Non-fatal injury,Thru lane,unknown,unknown,SMV other,Unknown,Daylight,01 - Daylight,Municipal (excl. Twp. Rd.),No control,unknown,0,0,0,TRUE,FALSE,FALSE,Clear,,FALSE,CLARK AVE; CLARK AVE ; At; 1 M,1/30/2020 11:47:37 AM,543850.1222,4808094.106
47914,18-139122,6/18/2018 10:05:00 PM,2018,6,18,22,5,0,Monday,539161.6033,4811534.966,-80.51595,43.455705,Non intersection,2,P.D. only,Thru lane,unknown,unknown,SMV unattended vehicle,Unknown,"Dark, artificial","08 - Dark, artificial",Regional municipality,No control,unknown,0,0,0,FALSE,FALSE,FALSE,Clear,,FALSE,YORK ST; YORK ST ; At; 1 M,1/30/2020 11:47:36 AM,539161.6033,4811534.966
47915,18-139326,6/19/2018 8:36:00 AM,2018,6,19,8,36,0,Tuesday,544610.3971,4809093.171,-80.448803,43.433415,At intersection,1,Non-fatal injury,Within intersection,unknown,unknown,Turning movement,Unknown,Daylight,01 - Daylight,Municipal (excl. Twp. Rd.),Traffic signal,Functioning,0,0,0,FALSE,TRUE,FALSE,Clear,,FALSE,FRANKLIN ST S; KINGSWAY DR,1/30/2020 11:47:35 AM,544610.3971,4809093.171
47916,18-139350,6/19/2018 7:55:00 AM,2018,6,19,7,55,0,Tuesday,543246.8962,4804515.556,-80.466012,43.392278,Intersection related,1,Non-fatal injury,Thru lane,unknown,unknown,Rear end,Unknown,Daylight,01 - Daylight,Regional municipality,Yield sign,Functioning,0,0,0,FALSE,FALSE,FALSE,Clear,,FALSE,STRASBURG RD; HURON RD,1/30/2020 11:47:34 AM,543246.8962,4804515.556
47917,18-139621,6/19/2018 12:00:00 PM,2018,6,19,12,0,0,Tuesday,545267.2438,4803502.101,-80.441151,43.383033,Non intersection,2,Non-reportable,Right shoulder,unknown,unknown,SMV unattended vehicle,Unknown,Daylight,01 - Daylight,Municipal (excl. Twp. Rd.),No control,unknown,0,0,0,FALSE,FALSE,FALSE,Clear,,FALSE,APPLE RIDGE DR; FOREST CREEK DR,1/30/2020 11:47:33 AM,545267.2438,4803502.101
47918,18-140263,6/16/2018 9:15:00 AM,2018,6,16,9,15,0,Saturday,544116.8297,4811894.485,-80.454675,43.458667,Intersection related,2,P.D. only,Thru lane,unknown,unknown,Rear end,Unknown,Daylight,01 - Daylight,Municipal (excl. Twp. Rd.),Stop sign,Functioning,0,0,0,FALSE,FALSE,FALSE,Clear,,FALSE,MANCHESTER RD; RIVER RD E,1/30/2020 11:47:32 AM,544116.8297,4811894.485
47919,18-140404,6/20/2018 11:44:00 AM,2018,6,20,11,44,0,Wednesday,538495.678,4809648.816,-80.524314,43.438757,Non intersection,2,P.D. only,Thru lane,unknown,unknown,Rear end,Unknown,Daylight,01 - Daylight,Municipal (excl. Twp. Rd.),No control,unknown,0,0,0,FALSE,FALSE,FALSE,Clear,,FALSE,HAZELGLEN DR; HAZELGLEN DR ; At; 1 M,1/30/2020 11:47:31 AM,538495.678,4809648.816
47920,18-140415,6/20/2018 11:57:00 AM,2018,6,20,11,57,0,Wednesday,544883.1827,4804850.255,-80.445782,43.395195,Intersection related,1,Non-fatal injury,Thru lane,unknown,unknown,Rear end,Unknown,Daylight,01 - Daylight,Municipal (excl. Twp. Rd.),Traffic signal,Functioning,0,0,0,FALSE,FALSE,FALSE,Clear,,FALSE,DOON VILLAGE RD; PIONEER DR; Near; 25 M,1/30/2020 11:47:30 AM,544883.1827,4804850.255
47921,18-141025,6/21/2018 1:05:00 AM,2018,6,21,1,5,0,Thursday,543777.9869,4809844.886,-80.459028,43.440232,Non intersection,2,P.D. only,Thru lane,unknown,unknown,SMV unattended vehicle,Unknown,"Dark, artificial","08 - Dark, artificial",Municipal (excl. Twp. Rd.),No control,unknown,0,0,0,FALSE,FALSE,FALSE,Clear,,FALSE,BRENTWOOD AVE; BRENTWOOD AVE ; Near; 5 M,1/30/2020 11:47:29 AM,543777.9869,4809844.886
47922,18-141606,6/21/2018 4:20:00 PM,2018,6,21,16,20,0,Thursday,545364.3503,4811023.236,-80.439328,43.450748,At intersection,1,Non-fatal injury,Within intersection,unknown,unknown,SMV other,Unknown,Daylight,01 - Daylight,Regional municipality,Stop sign,Functioning,0,0,0,TRUE,FALSE,FALSE,Clear,,FALSE,HOLBORN DR; OLD CHICOPEE DR,1/30/2020 11:47:28 AM,545364.3503,4811023.236
47923,18-141797,6/21/2018 8:24:00 PM,2018,6,21,20,24,0,Thursday,540071.0123,4809624.453,-80.50485,43.438455,At/near private drive,2,P.D. only,Thru lane,unknown,unknown,SMV unattended vehicle,Unknown,Dusk,05 - Dusk,Municipal (excl. Twp. Rd.),No control,unknown,0,0,0,FALSE,TRUE,FALSE,Clear,,FALSE,NORTH DR; NORTH DR ; 2 M,1/30/2020 11:47:27 AM,540071.0123,4809624.453
47924,18-142467,6/22/2018 5:04:00 PM,2018,6,22,17,4,0,Friday,541068,4811108,0,0,Non intersection,2,P.D. only,Not on roadway - right side,unknown,unknown,SMV unattended vehicle,Unknown,Daylight,01 - Daylight,Municipal (excl. Twp. Rd.),No control,unknown,0,0,0,FALSE,FALSE,FALSE,Clear,,FALSE,SEABROOK DR; FALLING GREEN CRES ; Near; 3 M,1/30/2020 11:47:26 AM,541068,4811108
47925,18-142493,6/22/2018 5:42:00 PM,2018,6,22,17,42,0,Friday,539843.4607,4807417.639,-80.507823,43.418597,At/near private drive,2,P.D. only,Off highway,unknown,unknown,SMV other,Unknown,Daylight,01 - Daylight,Private property,No control,unknown,0,0,0,FALSE,FALSE,FALSE,Rain,,FALSE,WILLIAMSBURG RD; WILLIAMSBURG RD ; At; 5 M,1/30/2020 11:47:25 AM,539843.4607,4807417.639
47926,18-142589,6/22/2018 6:00:00 PM,2018,6,22,18,0,0,Friday,540109.5672,4807459.904,-80.504533,43.418963,Non intersection,2,P.D. only,Thru lane,unknown,unknown,SMV unattended vehicle,Unknown,Daylight,01 - Daylight,Municipal (excl. Twp. Rd.),No control,unknown,0,0,0,FALSE,FALSE,FALSE,Rain,,FALSE,PINEDALE DR ; PINEDALE DR,1/30/2020 11:47:24 AM,540109.5672,4807459.904
47927,18-142732,6/23/2018 12:16:00 AM,2018,6,23,0,16,0,Saturday,539407.5449,4809877.399,-80.51303,43.440768,Intersection related,1,Non-fatal injury,Not on roadway - right side,unknown,unknown,SMV other,Unknown,"Dark, artificial","08 - Dark, artificial",Municipal (excl. Twp. Rd.),Stop sign,Functioning,0,0,0,FALSE,FALSE,FALSE,Rain,,FALSE,LAWRENCE AVE; PAULANDER DR,1/30/2020 11:47:23 AM,539407.5449,4809877.399
47928,18-143236,6/23/2018 5:24:00 PM,2018,6,23,17,24,0,Saturday,544166.3521,4808902.419,-80.454305,43.431723,Non intersection,2,P.D. only,Thru lane,unknown,unknown,SMV unattended vehicle,Unknown,Daylight,01 - Daylight,Regional municipality,No control,unknown,0,0,0,FALSE,FALSE,FALSE,Clear,,FALSE,FOURTH AVE; FOURTH AVE ; 5 M,1/30/2020 11:47:22 AM,544166.3521,4808902.419
47929,18-143508,6/24/2018 12:36:00 AM,2018,6,24,0,36,0,Sunday,545072.8095,4810776.93,-80.442951,43.448547,Non intersection,1,Non-fatal injury,Not on roadway - right side,unknown,unknown,SMV other,Unknown,"Dark, artificial","08 - Dark, artificial",Regional municipality,No control,unknown,0,0,0,FALSE,FALSE,FALSE,Clear,,FALSE,RIVER RD E; HOLBORN DR; 65 M,1/30/2020 11:47:21 AM,545072.8094,4810776.93
47930,18-143937,6/24/2018 3:26:00 PM,2018,6,24,15,26,0,Sunday,542748.8729,4811584.556,-80.471608,43.455956,Non intersection,2,P.D. only,Not on roadway - right side,unknown,unknown,SMV other,Unknown,Daylight,01 - Daylight,Municipal (excl. Twp. Rd.),No control,unknown,0,0,0,FALSE,FALSE,FALSE,Rain,,FALSE,DUMFRIES AVE; CHAPEL ST; Near; 23 M,1/30/2020 11:47:20 AM,542748.8729,4811584.556
47931,18-144646,6/25/2018 8:13:00 AM,2018,6,25,8,13,0,Monday,544102.2598,4803375.296,-80.455543,43.381961,Non intersection,2,P.D. only,Thru lane,unknown,unknown,SMV unattended vehicle,Unknown,Daylight,01 - Daylight,Municipal (excl. Twp. Rd.),No control,unknown,0,0,0,FALSE,FALSE,FALSE,Clear,,FALSE,HEARTHWOOD CRES; HEARTHWOOD CRES ; Near,1/30/2020 11:47:19 AM,544102.2598,4803375.296
47932,18-144799,6/25/2018 3:22:00 PM,2018,6,25,15,22,0,Monday,549443.8296,4806005.312,-80.389365,43.405308,At/near private drive,2,P.D. only,Thru lane,unknown,unknown,Turning movement,Unknown,Daylight,01 - Daylight,Municipal (excl. Twp. Rd.),No control,unknown,0,0,0,FALSE,FALSE,FALSE,Clear,,FALSE,TU LANE ST ; KING ST E; Near; 3 M,1/30/2020 11:47:19 AM,549443.8296,4806005.312
47933,18-144881,6/25/2018 4:40:00 PM,2018,6,25,16,40,0,Monday,542738.7226,4810032.432,-80.471855,43.441981,Non intersection,2,P.D. only,Thru lane,unknown,unknown,Rear end,Unknown,Daylight,01 - Daylight,Regional municipality,Traffic signal,Functioning,0,0,0,FALSE,FALSE,FALSE,Clear,,FALSE,KING ST E; KING ST E,1/30/2020 11:47:18 AM,542738.7226,4810032.433
47934,18-145358,6/26/2018 8:53:00 AM,2018,6,26,8,53,0,Tuesday,541088.3892,4811019.719,-80.492174,43.450963,At intersection,1,Non-fatal injury,Within intersection,unknown,unknown,Turning movement,Unknown,Daylight,01 - Daylight,Regional municipality,Stop sign,Functioning,0,0,0,FALSE,TRUE,FALSE,Clear,,FALSE,KING ST W; YOUNG ST ; 0 M,1/30/2020 11:47:17 AM,541088.3892,4811019.719
47935,18-145466,6/26/2018 11:10:00 AM,2018,6,26,11,10,0,Tuesday,541819.1644,4810607.11,-80.483174,43.447207,At/near private drive,1,Non-fatal injury,Thru lane,unknown,unknown,Turning movement,Unknown,Daylight,01 - Daylight,Regional municipality,No control,unknown,0,0,0,FALSE,FALSE,FALSE,Clear,,FALSE,KING ST E; KING ST E; At; 15 M,1/30/2020 11:47:15 AM,541819.1644,4810607.11
47936,18-145650,6/26/2018 3:00:00 PM,2018,6,26,15,0,0,Tuesday,542942.4818,4811339.167,-80.469234,43.453735,At intersection,2,P.D. only,Within intersection,unknown,unknown,Turning movement,Unknown,Daylight,01 - Daylight,Municipal (excl. Twp. Rd.),Stop sign,Functioning,0,0,0,FALSE,FALSE,FALSE,Clear,,FALSE,KRUG ST; DUMFRIES AVE,1/30/2020 11:47:14 AM,542942.4818,4811339.167
47937,18-145668,6/26/2018 3:27:00 PM,2018,6,26,15,27,0,Tuesday,540350.0216,4811462.347,-80.501267,43.454988,At intersection,2,P.D. only,Within intersection,unknown,unknown,Angle,Unknown,Daylight,01 - Daylight,Municipal (excl. Twp. Rd.),Traffic signal,Functioning,0,0,0,FALSE,FALSE,FALSE,Clear,,FALSE,MOORE AVE; WELLINGTON ST N,1/30/2020 11:47:13 AM,540350.0216,4811462.347
47938,18-145713,6/26/2018 3:10:00 PM,2018,6,26,15,10,0,Tuesday,542314.1745,4810288.037,-80.477081,43.444306,Intersection related,1,Non-fatal injury,Thru lane,unknown,unknown,Rear end,Unknown,Daylight,01 - Daylight,Regional municipality,Traffic signal,Functioning,0,0,0,FALSE,FALSE,FALSE,Clear,,FALSE,KING ST E; STIRLING AVE N,1/30/2020 11:47:12 AM,542314.1745,4810288.037
47939,18-145718,6/26/2018 2:40:00 PM,2018,6,26,14,40,0,Tuesday,537817.1447,4808937.747,-80.532748,43.432389,At/near private drive,1,Non-fatal injury,Other,unknown,unknown,SMV other,Unknown,Daylight,01 - Daylight,Municipal (excl. Twp. Rd.),No control,unknown,0,0,0,TRUE,FALSE,FALSE,Clear,,FALSE,OPRINGTON PL; OPRINGTON PL ; At; 2 M,1/30/2020 11:47:11 AM,537817.1447,4808937.747
47940,18-146235,6/27/2018 8:30:00 AM,2018,6,27,8,30,0,Wednesday,538362.1919,4811255.766,-80.525851,43.453233,Non intersection,2,P.D. only,Right shoulder,unknown,unknown,SMV unattended vehicle,Unknown,Daylight,01 - Daylight,Municipal (excl. Twp. Rd.),No control,unknown,0,0,0,FALSE,FALSE,FALSE,Clear,,FALSE,RUSHOLME RD; RUSHOLME RD,1/30/2020 11:47:10 AM,538362.1919,4811255.766
47941,18-146406,6/27/2018 2:13:00 PM,2018,6,27,14,13,0,Wednesday,543569.1697,4804974.704,-80.461997,43.396393,At intersection,1,Non-fatal injury,Within intersection,unknown,unknown,Angle,Unknown,Daylight,01 - Daylight,Regional municipality,Traffic signal,Functioning,0,0,1,FALSE,FALSE,FALSE,Rain,,FALSE,HURON RD; BATTLER RD,1/30/2020 11:47:09 AM,543569.1697,4804974.704
47942,18-146734,6/27/2018 8:56:00 PM,2018,6,27,20,56,0,Wednesday,542841.2116,4809872.836,-80.470601,43.440538,At intersection,1,Non-fatal injury,Within intersection,unknown,unknown,Angle,Unknown,Dark,07 - Dark,Municipal (excl. Twp. Rd.),Stop sign,Functioning,0,0,0,FALSE,FALSE,FALSE,Rain,,FALSE,CHARLES ST E; SYDNEY ST S,1/30/2020 11:47:08 AM,542841.2116,4809872.836
47943,18-147146,6/28/2018 11:54:00 AM,2018,6,28,11,54,0,Thursday,542405.6312,4806621.31,-80.476236,43.411286,Intersection related,1,Non-fatal injury,Thru lane,unknown,unknown,Rear end,Unknown,Daylight,01 - Daylight,Municipal (excl. Twp. Rd.),Stop sign,Functioning,0,0,0,FALSE,FALSE,FALSE,Clear,,FALSE,STRASBURG RD ; OLD COUNTRY DR,1/30/2020 11:47:08 AM,542405.6312,4806621.31
47944,18-147898,6/26/2018 8:00:00 PM,2018,6,26,20,0,0,Tuesday,541681.3535,4811495.416,-80.484809,43.455213,Non intersection,2,P.D. only,Right shoulder,unknown,unknown,SMV unattended vehicle,Unknown,Dusk,05 - Dusk,Municipal (excl. Twp. Rd.),No control,unknown,0,0,0,FALSE,FALSE,FALSE,Clear,,FALSE,QUEEN ST N; QUEEN ST N,1/30/2020 11:47:07 AM,541681.3535,4811495.416
47945,18-148446,6/29/2018 6:15:00 PM,2018,6,29,18,15,0,Friday,542012.9164,4810483.075,-80.480789,43.44608,At intersection,2,P.D. only,Within intersection,unknown,unknown,Turning movement,Unknown,Daylight,01 - Daylight,Regional municipality,Stop sign,Functioning,0,0,0,FALSE,FALSE,FALSE,Clear,,FALSE,KING ST E; CAMERON ST N,1/30/2020 11:47:06 AM,542012.9164,4810483.075
47946,18-148834,6/30/2018 9:00:00 AM,2018,6,30,9,0,0,Saturday,544116.5799,4811895.92,-80.454678,43.45868,At intersection,2,P.D. only,Within intersection,unknown,unknown,Angle,Unknown,Daylight,01 - Daylight,Municipal (excl. Twp. Rd.),Stop sign,Functioning,0,0,0,FALSE,FALSE,FALSE,Clear,,FALSE,RIVER RD E; MANCHESTER RD,1/30/2020 11:47:05 AM,544116.5799,4811895.92
47947,18-149178,6/30/2018 5:54:00 PM,2018,6,30,17,54,0,Saturday,541677.0128,4808874.951,-80.485063,43.431619,At/near private drive,2,P.D. only,Right shoulder,unknown,unknown,SMV unattended vehicle,Unknown,Daylight,01 - Daylight,Municipal (excl. Twp. Rd.),No control,unknown,0,0,0,FALSE,FALSE,FALSE,Clear,,FALSE,KEHL ST; KEHL ST ; Near; 5 M,1/30/2020 11:47:04 AM,541677.0128,4808874.951
47948,18-149349,6/30/2018 9:49:00 PM,2018,6,30,21,49,0,Saturday,543516.2953,4808366.375,-80.462379,43.426935,Non intersection,2,P.D. only,Thru lane,unknown,unknown,SMV unattended vehicle,Unknown,Dark,07 - Dark,Municipal (excl. Twp. Rd.),No control,unknown,0,0,0,FALSE,FALSE,FALSE,Clear,,FALSE,VANIER DR; VANIER DR ; At; 21 M,1/30/2020 11:47:03 AM,543516.2953,4808366.375
47949,18-149821,7/1/2018 2:33:00 PM,2018,7,1,14,33,0,Sunday,540228.7567,4809503.04,-80.50291,43.437353,Intersection related,2,P.D. only,Thru lane,unknown,unknown,Sideswipe,Unknown,Daylight,01 - Daylight,Municipal (excl. Twp. Rd.),Stop sign,Functioning,0,0,0,FALSE,FALSE,FALSE,Clear,,FALSE,QUEENS BLVD; NORTH DR; Near; 5 M,1/30/2020 11:47:02 AM,540228.7567,4809503.04
47950,18-149853,7/1/2018 3:23:00 PM,2018,7,1,15,23,0,Sunday,537998.353,4806972.379,-80.530646,43.414683,At/near private drive,2,P.D. only,Thru lane,unknown,unknown,SMV unattended vehicle,Unknown,Daylight,01 - Daylight,Municipal (excl. Twp. Rd.),No control,unknown,0,0,0,FALSE,FALSE,FALSE,Clear,,FALSE,DEERWOOD CRES; DEERWOOD CRES; At; 0 M,1/30/2020 11:47:01 AM,537998.353,4806972.379
47951,18-151152,7/3/2018 12:00:00 AM,2018,7,3,0,0,0,Tuesday,543227.2408,4804480.162,-80.466258,43.39196,Intersection related,2,P.D. only,Other,unknown,unknown,SMV other,Unknown,"Dark, artificial","08 - Dark, artificial",Municipal (excl. Twp. Rd.),Yield sign,Functioning,0,0,0,FALSE,FALSE,FALSE,Clear,,FALSE,STRASBURG RD; HURON RD; Near; 30 M,1/30/2020 11:47:00 AM,543227.2408,4804480.162
47952,18-151527,7/3/2018 2:59:00 PM,2018,7,3,14,59,0,Tuesday,540385.7218,4810715.509,-80.500881,43.448262,Non intersection,1,Non-fatal injury,Other,unknown,unknown,SMV unattended vehicle,Unknown,Daylight,01 - Daylight,Municipal (excl. Twp. Rd.),No control,unknown,0,0,0,FALSE,FALSE,FALSE,Clear,,FALSE,THERESA ST; THERESA ST ; At; 8 M,1/30/2020 11:46:59 AM,540385.7218,4810715.509
47953,18-152306,7/4/2018 12:54:00 PM,2018,7,4,12,54,0,Wednesday,542087.5576,4810431.528,-80.479871,43.445611,Other,2,P.D. only,Not on roadway - right side,unknown,unknown,SMV other,Unknown,Daylight,01 - Daylight,Private property,No control,unknown,0,0,0,FALSE,FALSE,FALSE,Clear,,FALSE,KING ST E; BETZNER ST N; At; 6 M,1/30/2020 11:46:58 AM,542087.5576,4810431.528
47954,18-152402,7/4/2018 3:19:00 PM,2018,7,4,15,19,0,Wednesday,541557.9093,4810764.661,-80.486391,43.44864,Non intersection,2,P.D. only,Thru lane,unknown,unknown,Turning movement,Unknown,Daylight,01 - Daylight,Regional municipality,No control,unknown,0,0,0,FALSE,FALSE,FALSE,Clear,,FALSE,KING ST E; SCOTT ST; Near; 25 M,1/30/2020 11:46:57 AM,541557.9093,4810764.662
47955,18-152488,7/4/2018 4:48:00 PM,2018,7,4,16,48,0,Wednesday,547634.2049,4809745.643,-80.411387,43.439103,At/near private drive,2,P.D. only,Thru lane,unknown,unknown,Turning movement,Unknown,Daylight,01 - Daylight,Municipal (excl. Twp. Rd.),No control,unknown,0,0,0,FALSE,FALSE,FALSE,Clear,,FALSE,SIMS ESTATE DR ; SIMS ESTATE DR; At; 2 M,1/30/2020 11:46:56 AM,547634.2049,4809745.643
47956,18-152932,7/4/2018 12:00:00 PM,2018,7,4,12,0,0,Wednesday,545673.7726,4809264.401,-80.435651,43.434892,Non intersection,2,P.D. only,Thru lane,unknown,unknown,SMV unattended vehicle,Unknown,Daylight,01 - Daylight,Municipal (excl. Twp. Rd.),No control,unknown,0,0,0,FALSE,FALSE,FALSE,Clear,,FALSE,OBERMEYER DR; OBERMEYER DR; Near,1/30/2020 11:46:56 AM,545673.7726,4809264.401
47957,18-152971,7/5/2018 8:30:00 AM,2018,7,5,8,30,0,Thursday,538615.866,4810884.082,-80.522742,43.449873,Non intersection,2,P.D. only,Thru lane,unknown,unknown,Rear end,Unknown,Daylight,01 - Daylight,Municipal (excl. Twp. Rd.),No control,unknown,0,0,0,FALSE,FALSE,FALSE,Clear,,FALSE,GLASGOW ST; GLASGOW ST ; Near; 3 M,1/30/2020 11:46:55 AM,538615.866,4810884.082
47958,18-153086,7/3/2018 7:30:00 AM,2018,7,3,7,30,0,Tuesday,537540.6585,4808746.396,-80.536177,43.43068,At/near private drive,2,P.D. only,Thru lane,unknown,unknown,SMV unattended vehicle,Unknown,Daylight,01 - Daylight,Municipal (excl. Twp. Rd.),No control,unknown,0,0,0,FALSE,FALSE,FALSE,Clear,,FALSE,OLIVER CRT; OLIVER CRT,1/30/2020 11:46:54 AM,537540.6585,4808746.396
47959,18-153107,7/5/2018 11:23:00 AM,2018,7,5,11,23,0,Thursday,542554.5699,4815845.798,-80.473677,43.494335,Non intersection,2,P.D. only,Thru lane,unknown,unknown,Approaching,Unknown,Daylight,01 - Daylight,Regional municipality,No control,unknown,0,0,0,FALSE,FALSE,FALSE,Clear,,FALSE,KESTREL ST ; OLD COTTAGE PL ; Near; 50 M,1/30/2020 11:46:53 AM,542554.5699,4815845.798
47960,18-153182,7/5/2018 12:44:00 PM,2018,7,5,12,44,0,Thursday,541915.6657,4811618.066,-80.481904,43.456304,At intersection,1,Non-fatal injury,Within intersection,unknown,unknown,Turning movement,Unknown,Daylight,01 - Daylight,Municipal (excl. Twp. Rd.),Stop sign,Functioning,0,0,0,FALSE,TRUE,FALSE,Clear,,FALSE,LANCASTER ST E; MANSION ST,1/30/2020 11:46:52 AM,541915.6657,4811618.066
47961,18-153416,7/4/2018 5:30:00 PM,2018,7,4,17,30,0,Wednesday,536323.3804,4807175.696,-80.551321,43.416597,At/near private drive,2,P.D. only,Thru lane,unknown,unknown,SMV unattended vehicle,Unknown,Daylight,01 - Daylight,Municipal (excl. Twp. Rd.),No control,unknown,0,0,0,FALSE,FALSE,FALSE,Clear,,FALSE,OLD MAPLE LANE; OLD MAPLE LANE ; At,1/30/2020 11:46:51 AM,536323.3804,4807175.696
47962,18-154106,7/6/2018 1:41:00 PM,2018,7,6,13,41,0,Friday,542011.9608,4810482.11,-80.480801,43.446071,At intersection,2,P.D. only,Within intersection,unknown,unknown,Turning movement,Unknown,Daylight,01 - Daylight,Regional municipality,Stop sign,Functioning,0,0,0,FALSE,FALSE,FALSE,Clear,,FALSE,KING ST E; CAMERON ST N; 0 M,1/30/2020 11:46:50 AM,542011.9608,4810482.11
47963,18-154886,7/7/2018 8:45:00 AM,2018,7,7,8,45,0,Saturday,544169.3847,4809164.834,-80.454247,43.434086,Non intersection,2,P.D. only,Thru lane,unknown,unknown,SMV unattended vehicle,Unknown,Daylight,01 - Daylight,Municipal (excl. Twp. Rd.),No control,unknown,0,0,0,FALSE,FALSE,FALSE,Clear,,FALSE,THIRD AVE; THIRD AVE; At,1/30/2020 11:46:49 AM,544169.3847,4809164.834