OBJECTID,ACCIDENTNUM,ACCIDENTDATE,ACCIDENT_YEAR,ACCIDENT_MONTH,ACCIDENT_DAY,ACCIDENT_HOUR,ACCIDENT_MINUTE,ACCIDENT_SECOND,ACCIDENT_WEEKDAY,XCOORD,YCOORD,LONGITUDE,LATITUDE,ACCIDENTLOCATION,COLLISIONTYPE,CLASSIFICATIONOFACCIDENT,IMPACTLOCATION,INITIALDIRECTIONOFTRAVELONE,INITIALDIRECTIONOFTRAVELTWO,INITIALIMPACTTYPE,INTTRAFFICCONTROL,LIGHT,LIGHTFORREPORT,ROADJURISDICTION,TRAFFICCONTROL,TRAFFICCONTROLCONDITION,THRULANENO,NORTHBOUNDDISOBEYCOUNT,SOUTHBOUNDDISOBEYCOUNT,PEDESTRIANINVOLVED,CYCLISTINVOLVED,MOTORCYCLISTINVOLVED,ENVIRONMENTCONDITION1,ENVIRONMENTCONDITION2,SELFREPORTED,XMLIMPORTNOTES,LASTEDITEDDATE,x,y
47964,18-154901,7/7/2018 11:04:00 AM,2018,7,7,11,4,0,Saturday,540929.8647,4809745.503,-80.494229,43.439498,At/near private drive,2,P.D. only,Thru lane,unknown,unknown,Turning movement,Unknown,Daylight,01 - Daylight,Municipal (excl. Twp. Rd.),No control,unknown,0,0,0,FALSE,FALSE,FALSE,Clear,,FALSE,WOODSIDE AVE ; 110 HIGHLAND RD E; At; 2 M,1/30/2020 11:46:48 AM,540929.8647,4809745.503
47965,18-155142,7/7/2018 5:05:00 PM,2018,7,7,17,5,0,Saturday,540487.7821,4809732.503,-80.499693,43.439405,At intersection,2,P.D. only,Within intersection,unknown,unknown,Angle,Unknown,Daylight,01 - Daylight,Municipal (excl. Twp. Rd.),Stop sign,Functioning,0,0,0,FALSE,FALSE,FALSE,Clear,,FALSE,QUEENS BLVD ; SPADINA RD E,1/30/2020 11:46:47 AM,540487.7821,4809732.503
47966,18-156065,7/8/2018 6:52:00 PM,2018,7,8,18,52,0,Sunday,540900.7675,4810839.214,-80.494506,43.449348,At/near private drive,2,P.D. only,Thru lane,unknown,unknown,Turning movement,Unknown,Daylight,01 - Daylight,Municipal (excl. Twp. Rd.),No control,unknown,0,0,0,FALSE,FALSE,FALSE,Clear,,FALSE,JOSEPH ST; JOSEPH ST ; At; 2 M,1/30/2020 11:46:46 AM,540900.7675,4810839.214
47967,18-156449,7/9/2018 8:58:00 AM,2018,7,9,8,58,0,Monday,540850.3461,4809118.003,-80.495258,43.433853,At/near private drive,2,P.D. only,Thru lane,unknown,unknown,Other,Unknown,Daylight,01 - Daylight,unknown,No control,unknown,0,0,0,FALSE,FALSE,FALSE,Clear,,FALSE,MAUSSER AVE; MAUSSER AVE ; 50 M,2/19/2019 2:08:32 PM,540850.3461,4809118.003
47968,18-156657,7/9/2018 12:00:00 PM,2018,7,9,12,0,0,Monday,542467.2689,4807561.882,-80.475402,43.419751,Non intersection,2,P.D. only,Thru lane,unknown,unknown,SMV unattended vehicle,Unknown,Daylight,01 - Daylight,Municipal (excl. Twp. Rd.),No control,unknown,0,0,0,FALSE,FALSE,FALSE,Clear,,FALSE,GRACEFIELD CRES; GRACEFIELD CRES ; Near,1/30/2020 11:46:45 AM,542467.2689,4807561.882
47969,18-156768,7/9/2018 3:17:00 PM,2018,7,9,15,17,0,Monday,545400.9403,4808957.219,-80.439047,43.432143,At/near private drive,1,Non-fatal injury,Thru lane,unknown,unknown,Rear end,Unknown,Daylight,01 - Daylight,Municipal (excl. Twp. Rd.),No control,unknown,0,0,0,FALSE,FALSE,FALSE,Clear,,FALSE,KINZIE AVE ; WEBER ST E; Near; 50 M,1/30/2020 11:46:44 AM,545400.9403,4808957.219
47970,18-156779,7/9/2018 3:27:00 PM,2018,7,9,15,27,0,Monday,545723.2231,4803040.21,-80.43556,43.378847,At/near private drive,2,P.D. only,Thru lane,unknown,unknown,Sideswipe,Unknown,Daylight,01 - Daylight,Municipal (excl. Twp. Rd.),No control,unknown,0,0,0,FALSE,FALSE,FALSE,Clear,,FALSE,ROBERT FERRIE DR; ROBERT FERRIE DR ; 5 M,1/30/2020 11:46:43 AM,545723.2231,4803040.21
47971,18-156855,7/9/2018 3:50:00 PM,2018,7,9,15,50,0,Monday,542900.7529,4807430.602,-80.470057,43.418545,At/near private drive,2,P.D. only,Thru lane,unknown,unknown,Sideswipe,Unknown,Daylight,01 - Daylight,Regional municipality,No control,unknown,0,0,0,FALSE,FALSE,FALSE,Clear,,FALSE,BLOCK LINE RD; BLOCK LINE RD ; Near; 1 M,1/30/2020 11:46:43 AM,542900.7529,4807430.602
47972,18-157389,7/10/2018 10:08:00 AM,2018,7,10,10,8,0,Tuesday,541224.3759,4811868.455,-80.490429,43.458597,At intersection,2,P.D. only,Within intersection,unknown,unknown,Angle,Unknown,Daylight,01 - Daylight,Municipal (excl. Twp. Rd.),Traffic signal,Functioning,0,1,0,FALSE,FALSE,FALSE,Clear,,FALSE,MARGARET AVE; WELLINGTON ST N,1/30/2020 11:46:42 AM,541224.3759,4811868.455
47973,18-157625,7/10/2018 10:00:00 AM,2018,7,10,10,0,0,Tuesday,539084.5554,4811595.783,-80.516898,43.456257,At intersection,2,P.D. only,Within intersection,unknown,unknown,SMV unattended vehicle,Unknown,Daylight,01 - Daylight,Municipal (excl. Twp. Rd.),No control,unknown,0,0,0,FALSE,FALSE,FALSE,Clear,,FALSE,UNION BLVD; YORK ST,1/30/2020 11:46:41 AM,539084.5554,4811595.783
47974,18-158636,7/11/2018 5:31:00 PM,2018,7,11,17,31,0,Wednesday,545270.4461,4804852.188,-80.441,43.395189,At/near private drive,1,Non-fatal injury,Thru lane,unknown,unknown,Other,Unknown,Daylight,01 - Daylight,Municipal (excl. Twp. Rd.),No control,unknown,0,0,0,FALSE,FALSE,FALSE,Clear,,FALSE,UPPER CANADA DR; UPPER CANADA DR ; At; 1 M,1/30/2020 11:46:40 AM,545270.4461,4804852.188
47975,18-159000,7/12/2018 6:20:00 AM,2018,7,12,6,20,0,Thursday,542980.2678,4814265.927,-80.468537,43.480085,Non intersection,1,Non-fatal injury,Not on roadway - left side,unknown,unknown,SMV other,Unknown,Dawn,03 - Dawn,Municipal (excl. Twp. Rd.),No control,unknown,0,0,0,FALSE,FALSE,FALSE,Clear,,FALSE,STANLEY AVE ; STANLEY AVE ; At; 1 M,1/30/2020 11:46:39 AM,542980.2678,4814265.927
47976,18-159281,7/12/2018 12:00:00 PM,2018,7,12,12,0,0,Thursday,541068,4811108,0,0,At/near private drive,2,P.D. only,Right shoulder,unknown,unknown,SMV unattended vehicle,Unknown,Daylight,01 - Daylight,Municipal (excl. Twp. Rd.),No control,unknown,0,0,0,FALSE,FALSE,FALSE,Clear,,FALSE,WATERMILL ST; WATERMILL ST ; 2 M,1/30/2020 11:46:38 AM,541068,4811108
47977,18-159480,7/12/2018 6:10:00 PM,2018,7,12,18,10,0,Thursday,537579.9471,4810041.805,-80.535602,43.442342,Non intersection,2,P.D. only,Thru lane,unknown,unknown,SMV unattended vehicle,Unknown,Daylight,01 - Daylight,Regional municipality,No control,unknown,0,0,0,FALSE,FALSE,FALSE,Clear,,FALSE,WESTWOOD DR; WESTWOOD DR ; Near; 3 M,1/30/2020 11:46:37 AM,537579.9471,4810041.805
47978,18-159924,7/13/2018 8:06:00 AM,2018,7,13,8,6,0,Friday,545187.7559,4806605.447,-80.441876,43.410981,At/near private drive,2,P.D. only,Thru lane,unknown,unknown,Rear end,Unknown,Daylight,01 - Daylight,Municipal (excl. Twp. Rd.),No control,unknown,0,0,0,FALSE,FALSE,FALSE,Clear,,FALSE,WILSON AVE; WILSON AVE ; 4 M,1/30/2020 11:46:36 AM,545187.7559,4806605.447
47979,18-159964,7/13/2018 9:02:00 AM,2018,7,13,9,2,0,Friday,544065.4586,4804472.153,-80.455909,43.391839,At intersection,2,P.D. only,Within intersection,unknown,unknown,Turning movement,Unknown,Daylight,01 - Daylight,Municipal (excl. Twp. Rd.),Stop sign,Functioning,0,0,0,FALSE,FALSE,FALSE,Clear,,FALSE,BIEHN DR; MARL MEADOW DR,1/30/2020 11:46:35 AM,544065.4586,4804472.153
47980,18-160201,7/13/2018 1:05:00 PM,2018,7,13,13,5,0,Friday,547092.0759,4808414.579,-80.4182,43.427153,At/near private drive,2,P.D. only,Thru lane,unknown,unknown,Turning movement,Unknown,Daylight,01 - Daylight,Municipal (excl. Twp. Rd.),No control,unknown,0,0,0,FALSE,FALSE,FALSE,Clear,,FALSE,GRAND RIVER BLVD; GRAND RIVER BLVD; At; 0 M,1/30/2020 11:46:34 AM,547092.0759,4808414.579
47981,18-160239,7/12/2018 8:45:00 PM,2018,7,12,20,45,0,Thursday,540331.6294,4806360.101,-80.501871,43.409048,At/near private drive,2,P.D. only,Thru lane,unknown,unknown,SMV unattended vehicle,Unknown,Daylight,01 - Daylight,Municipal (excl. Twp. Rd.),No control,unknown,0,0,0,FALSE,FALSE,FALSE,Clear,,FALSE,HIGHBROOK CRT; HIGHBROOK CRT ; At; 1 M,1/30/2020 11:46:33 AM,540331.6294,4806360.101
47982,18-160396,7/13/2018 6:00:00 PM,2018,7,13,18,0,0,Friday,541619.5155,4808518.451,-80.485801,43.428412,Intersection related,2,P.D. only,Thru lane,unknown,unknown,Rear end,Unknown,Daylight,01 - Daylight,Regional municipality,Traffic signal,Functioning,0,0,0,FALSE,FALSE,FALSE,Clear,,FALSE,HOMER WATSON BLVD; 7 8 W OFF TO HOMER WATSON BLVD S,1/30/2020 11:46:32 AM,541619.5155,4808518.451
47983,18-160929,7/2/2018 5:00:00 PM,2018,7,2,17,0,0,Monday,539450.3855,4806672.103,-80.512732,43.411905,Non intersection,2,P.D. only,Thru lane,unknown,unknown,SMV unattended vehicle,Unknown,Daylight,01 - Daylight,Municipal (excl. Twp. Rd.),No control,unknown,0,0,0,FALSE,FALSE,FALSE,Clear,,FALSE,QUEEN CHARLOTTE CRES; QUEEN CHARLOTTE CRES ; Near,1/30/2020 11:46:31 AM,539450.3855,4806672.103
47984,18-161384,7/14/2018 10:57:00 PM,2018,7,14,22,57,0,Saturday,539936.8517,4809001.418,-80.506554,43.432852,At/near private drive,2,P.D. only,Off highway,unknown,unknown,SMV other,Unknown,Dark,07 - Dark,Municipal (excl. Twp. Rd.),No control,unknown,0,0,0,FALSE,FALSE,FALSE,Clear,,FALSE,BLUERIDGE AVE; BLUERIDGE AVE ; Near; 5 M,1/30/2020 11:46:29 AM,539936.8517,4809001.418
47985,18-161770,7/14/2018 4:10:00 PM,2018,7,14,16,10,0,Saturday,535550.8906,4809282.291,-80.560726,43.435602,At/near private drive,2,Non-reportable,Thru lane,unknown,unknown,Turning movement,Unknown,Daylight,01 - Daylight,Municipal (excl. Twp. Rd.),Stop sign,Functioning,0,0,0,FALSE,FALSE,FALSE,Clear,,FALSE,THE BOARDWALK; THE BOARDWALK; At,1/30/2020 11:46:28 AM,535550.8906,4809282.291
47986,18-161839,7/15/2018 11:30:00 AM,2018,7,15,11,30,0,Sunday,538728.6334,4810631.643,-80.521366,43.447594,At/near private drive,2,P.D. only,Thru lane,unknown,unknown,SMV unattended vehicle,Unknown,Daylight,01 - Daylight,Municipal (excl. Twp. Rd.),No control,unknown,0,0,0,FALSE,FALSE,FALSE,Clear,,FALSE,KATHERINE CRES; KATHERINE CRES; At; 1 M,1/30/2020 11:46:27 AM,538728.6334,4810631.643
47987,18-162101,7/15/2018 8:59:00 PM,2018,7,15,20,59,0,Sunday,541068,4811108,0,0,At intersection,2,P.D. only,Within intersection,unknown,unknown,Turning movement,Unknown,Daylight,01 - Daylight,Municipal (excl. Twp. Rd.),Stop sign,Functioning,0,0,0,FALSE,FALSE,FALSE,Clear,,FALSE,WATER ST N; BELL LANE,1/30/2020 11:46:26 AM,541068,4811108
47988,18-162341,7/16/2018 7:47:00 AM,2018,7,16,7,47,0,Monday,544436.1979,4808715.608,-80.450986,43.430025,Intersection related,2,P.D. only,Thru lane,unknown,unknown,Rear end,Unknown,Daylight,01 - Daylight,Municipal (excl. Twp. Rd.),Stop sign,Functioning,0,0,0,FALSE,FALSE,FALSE,Clear,,FALSE,FRANKLIN ST S; CONNAUGHT ST; 4 M,1/30/2020 11:46:25 AM,544436.1979,4808715.608
47989,18-162390,7/15/2018 2:00:00 PM,2018,7,15,14,0,0,Sunday,544127.8623,4812489.663,-80.454491,43.464025,At/near private drive,2,P.D. only,Thru lane,unknown,unknown,SMV unattended vehicle,Unknown,Daylight,01 - Daylight,Municipal (excl. Twp. Rd.),No control,unknown,0,0,0,FALSE,FALSE,FALSE,Clear,,FALSE,MONTEREY RD; MONTEREY RD,1/30/2020 11:46:25 AM,544127.8623,4812489.663
47990,18-162628,7/16/2018 12:30:00 PM,2018,7,16,12,30,0,Monday,541899.3358,4806677.664,-80.482485,43.411822,At/near private drive,1,Non-fatal injury,Thru lane,unknown,unknown,Rear end,Unknown,Daylight,01 - Daylight,Municipal (excl. Twp. Rd.),No control,unknown,0,0,0,FALSE,FALSE,FALSE,Clear,,FALSE,RITTENHOUSE RD; RITTENHOUSE RD,1/30/2020 11:46:23 AM,541899.3358,4806677.664
47991,18-163157,7/16/2018 6:45:00 PM,2018,7,16,18,45,0,Monday,543023.3069,4806129.099,-80.468646,43.406819,Non intersection,2,P.D. only,Not on roadway - left side,unknown,unknown,SMV other,Unknown,Daylight,01 - Daylight,Municipal (excl. Twp. Rd.),No control,unknown,0,0,0,FALSE,FALSE,FALSE,Rain,,FALSE,SHOEMAKER ST; SHOEMAKER ST ; At; 37 M,1/30/2020 11:46:22 AM,543023.3069,4806129.099
47992,18-163331,7/16/2018 4:15:00 PM,2018,7,16,16,15,0,Monday,539750.5696,4811229.477,-80.508693,43.452924,At/near private drive,2,P.D. only,Thru lane,unknown,unknown,Rear end,Unknown,Daylight,01 - Daylight,Municipal (excl. Twp. Rd.),No control,unknown,0,0,0,FALSE,FALSE,FALSE,Clear,,FALSE,PARK ST; PARK ST; Near,1/30/2020 11:46:21 AM,539750.5696,4811229.477
47993,18-163621,7/17/2018 5:20:00 PM,2018,7,17,17,20,0,Tuesday,541225.3373,4811868.461,-80.490417,43.458597,At intersection,2,P.D. only,Within intersection,unknown,unknown,Angle,Unknown,Daylight,01 - Daylight,Municipal (excl. Twp. Rd.),Traffic signal,Functioning,0,1,0,FALSE,FALSE,FALSE,Clear,,FALSE,WELLINGTON ST N; MARGARET AVE,1/30/2020 11:46:21 AM,541225.3373,4811868.461
47994,18-164021,7/18/2018 7:56:00 AM,2018,7,18,7,56,0,Wednesday,542313.846,4810286.891,-80.477086,43.444296,At intersection,2,P.D. only,Within intersection,unknown,unknown,Angle,Unknown,Daylight,01 - Daylight,Municipal (excl. Twp. Rd.),Traffic signal,Functioning,0,0,0,FALSE,FALSE,FALSE,Clear,,FALSE,KING ST E; STIRLING AVE N,1/30/2020 11:46:20 AM,542313.846,4810286.892
47995,18-164223,7/17/2018 7:15:00 PM,2018,7,17,19,15,0,Tuesday,544503.0413,4808083.116,-80.450212,43.424326,At/near private drive,2,P.D. only,Thru lane,unknown,unknown,SMV unattended vehicle,Unknown,Daylight,01 - Daylight,Municipal (excl. Twp. Rd.),No control,unknown,0,0,0,FALSE,FALSE,FALSE,Clear,,FALSE,BYRON AVE; BRYON AVE,1/30/2020 11:46:18 AM,544503.0413,4808083.116
47996,18-164452,7/18/2018 4:30:00 PM,2018,7,18,16,30,0,Wednesday,546528.4229,4806821.41,-80.425299,43.412843,Non intersection,2,P.D. only,Thru lane,unknown,unknown,Other,Unknown,Daylight,01 - Daylight,Municipal (excl. Twp. Rd.),No control,unknown,0,0,0,FALSE,FALSE,FALSE,Clear,,FALSE,HIDDEN VALLEY CRES; HIDDEN VALLEY CRES,1/30/2020 11:46:18 AM,546528.4229,4806821.41
47997,18-165343,7/18/2018 7:00:00 PM,2018,7,18,19,0,0,Wednesday,546535.4641,4806986.366,-80.425198,43.414328,At/near private drive,2,P.D. only,Thru lane,unknown,unknown,SMV unattended vehicle,Unknown,Daylight,01 - Daylight,Municipal (excl. Twp. Rd.),No control,unknown,0,0,0,FALSE,FALSE,FALSE,Clear,,FALSE,HIDDEN VALLEY CRES; HIDDEN VALLEY CRES,1/30/2020 11:46:16 AM,546535.4641,4806986.366
47998,18-165436,7/19/2018 8:00:00 AM,2018,7,19,8,0,0,Thursday,542498.474,4816311.719,-80.474334,43.498533,At/near private drive,2,P.D. only,Thru lane,unknown,unknown,Other,Unknown,Daylight,01 - Daylight,Municipal (excl. Twp. Rd.),No control,unknown,0,0,0,FALSE,FALSE,FALSE,Clear,,FALSE,FALCONRIDGE DR; FALCONRIDGE DR,1/30/2020 11:46:16 AM,542498.474,4816311.719
47999,18-165940,7/20/2018 12:42:00 PM,2018,7,20,12,42,0,Friday,540613.8821,4809913.604,-80.498121,43.441029,At/near private drive,1,Non-fatal injury,Thru lane,unknown,unknown,Turning movement,Unknown,Daylight,01 - Daylight,Regional municipality,Stop sign,Functioning,0,0,0,FALSE,FALSE,FALSE,Clear,,FALSE,QUEENS BLVD ; HIGHLAND RD W; At; 0 M,1/30/2020 11:46:15 AM,540613.8821,4809913.604
48000,18-165959,7/20/2018 12:50:00 PM,2018,7,20,12,50,0,Friday,538421.6143,4808462.851,-80.525313,43.428082,Non intersection,1,Non-fatal injury,Thru lane,unknown,unknown,Sideswipe,Unknown,Daylight,01 - Daylight,unknown,No control,unknown,0,0,0,FALSE,FALSE,FALSE,Clear,,FALSE,QUEENS BLVD; FISCHER HALLMAN RD ; Near; 150 M,2/19/2019 2:08:30 PM,538421.6143,4808462.851
48001,18-166059,7/20/2018 2:51:00 PM,2018,7,20,14,51,0,Friday,543726.6674,4810736.957,-80.459591,43.448267,At intersection,2,P.D. only,Within intersection,unknown,unknown,Turning movement,Unknown,Daylight,01 - Daylight,Municipal (excl. Twp. Rd.),Stop sign,Functioning,0,0,0,FALSE,FALSE,FALSE,Clear,,FALSE,NOTTINGHAM AVE; MANCHESTER RD,1/30/2020 11:46:13 AM,543726.6674,4810736.957
48002,18-166089,7/19/2018 1:20:00 PM,2018,7,19,13,20,0,Thursday,545318.7866,4802513.952,-80.440596,43.374133,At/near private drive,2,P.D. only,Off highway,unknown,unknown,Other,Unknown,Daylight,01 - Daylight,Municipal (excl. Twp. Rd.),No control,unknown,0,0,0,FALSE,FALSE,FALSE,Clear,,FALSE,MEADOWRIDGE ST; MEADOWRIDGE ST,1/30/2020 11:46:12 AM,545318.7866,4802513.952
48003,18-166270,7/20/2018 3:45:00 PM,2018,7,20,15,45,0,Friday,545158.6592,4807238.711,-80.442183,43.416684,Non intersection,2,P.D. only,Thru lane,unknown,unknown,SMV other,Unknown,Daylight,01 - Daylight,Municipal (excl. Twp. Rd.),Stop sign,Functioning,0,0,0,FALSE,FALSE,FALSE,Clear,,FALSE,WILSON AVE; WEBSTER RD; 100 M,1/30/2020 11:46:11 AM,545158.6592,4807238.711
48004,18-166556,7/20/2018 11:30:00 PM,2018,7,20,23,30,0,Friday,541034.6352,4812314.834,-80.492741,43.462627,Non intersection,2,P.D. only,Thru lane,unknown,unknown,SMV unattended vehicle,Unknown,Dark,07 - Dark,Municipal (excl. Twp. Rd.),No control,unknown,0,0,0,FALSE,FALSE,FALSE,Rain,,FALSE,BLUCHER ST ; BLUCHER ST ; At; 40 M,1/30/2020 11:46:11 AM,541034.6352,4812314.834
48005,18-167136,7/21/2018 9:12:00 PM,2018,7,21,21,12,0,Saturday,543988.6215,4807775.114,-80.456592,43.421584,Intersection related,2,P.D. only,Not on roadway - left side,unknown,unknown,SMV other,Unknown,Dusk,05 - Dusk,Municipal (excl. Twp. Rd.),Stop sign,Functioning,0,0,0,FALSE,FALSE,FALSE,Clear,,FALSE,VANIER DR; SIEBERT AVE; Near; 20 M,1/30/2020 11:46:09 AM,543988.6215,4807775.114
48006,18-167736,7/21/2018 2:00:00 PM,2018,7,21,14,0,0,Saturday,541053.3353,4805892.856,-80.492993,43.404802,Non intersection,2,P.D. only,Thru lane,unknown,unknown,SMV unattended vehicle,Unknown,Daylight,01 - Daylight,Municipal (excl. Twp. Rd.),No control,unknown,0,0,0,FALSE,FALSE,FALSE,Clear,,FALSE,TARA CRES; TARA CRES ; Near; 20 M,1/30/2020 11:46:09 AM,541053.3353,4805892.856
48007,18-167759,7/22/2018 5:36:00 PM,2018,7,22,17,36,0,Sunday,540677.3114,4809881.227,-80.49734,43.440734,Intersection related,2,Non-reportable,Thru lane,unknown,unknown,SMV unattended vehicle,Unknown,Daylight,01 - Daylight,Regional municipality,No control,unknown,0,0,0,FALSE,FALSE,FALSE,Clear,,FALSE,QUEENS BLVD; HIGHLAND RD W; 70 M,1/30/2020 11:46:08 AM,540677.3114,4809881.228
48008,18-168213,7/21/2018 11:45:00 AM,2018,7,21,11,45,0,Saturday,540619.9834,4810958.726,-80.497968,43.450439,Intersection related,2,P.D. only,Thru lane,unknown,unknown,Angle,Unknown,Daylight,01 - Daylight,Municipal (excl. Twp. Rd.),Stop sign,Functioning,0,0,0,FALSE,FALSE,FALSE,Clear,,FALSE,JOSEPH ST; LINDEN AVE,1/30/2020 11:46:07 AM,540619.9834,4810958.726
48009,18-168244,7/23/2018 9:50:00 AM,2018,7,23,9,50,0,Monday,541653.3021,4810709.859,-80.485216,43.448142,Non intersection,2,P.D. only,Other,unknown,unknown,SMV unattended vehicle,Unknown,Daylight,01 - Daylight,Regional municipality,No control,unknown,0,0,0,FALSE,FALSE,FALSE,Clear,,FALSE,KING ST E; KING ST E; At; 2 M,1/30/2020 11:46:06 AM,541653.3021,4810709.859
48010,18-169122,7/24/2018 12:11:00 PM,2018,7,24,12,11,0,Tuesday,541068,4811108,0,0,At/near private drive,2,P.D. only,Thru lane,unknown,unknown,Other,Unknown,Daylight,01 - Daylight,Municipal (excl. Twp. Rd.),No control,unknown,0,0,0,FALSE,FALSE,FALSE,Clear,,FALSE,BEDFORD RD; BEDFORD RD ; At; 25 M,1/30/2020 11:46:05 AM,541068,4811108
48011,18-169230,7/24/2018 2:18:00 PM,2018,7,24,14,18,0,Tuesday,541068,4811108,0,0,At intersection,2,P.D. only,Within intersection,unknown,unknown,Angle,Unknown,Daylight,01 - Daylight,Municipal (excl. Twp. Rd.),Stop sign,Functioning,0,0,0,FALSE,FALSE,FALSE,Clear,,FALSE,CHARLES ST E; PRESTON ST,1/30/2020 11:46:04 AM,541068,4811108
48012,18-169380,7/22/2018 1:30:00 AM,2018,7,22,1,30,0,Sunday,541944.7195,4813016.473,-80.481437,43.468894,Non intersection,2,P.D. only,Thru lane,unknown,unknown,SMV unattended vehicle,Unknown,"Dark, artificial","08 - Dark, artificial",Municipal (excl. Twp. Rd.),No control,unknown,0,0,0,FALSE,FALSE,FALSE,Rain,,FALSE,ARNOLD ST; ARNOLD ST; Near,1/30/2020 11:46:03 AM,541944.7195,4813016.473
48013,18-169397,7/24/2018 12:00:00 PM,2018,7,24,12,0,0,Tuesday,547659.7644,4811451.491,-80.410922,43.454461,Non intersection,2,P.D. only,Right shoulder,unknown,unknown,SMV unattended vehicle,Unknown,Daylight,01 - Daylight,Municipal (excl. Twp. Rd.),No control,unknown,0,0,0,FALSE,FALSE,FALSE,Clear,,FALSE,OLD ZELLER DR; OLD ZELLER DR,1/30/2020 11:46:02 AM,547659.7644,4811451.491
48014,18-169579,7/24/2018 11:00:00 PM,2018,7,24,23,0,0,Tuesday,541854.469,4803512.193,-80.483281,43.383322,Intersection related,2,P.D. only,Not on roadway - left side,unknown,unknown,SMV other,Unknown,Dark,07 - Dark,Regional municipality,Yield sign,Functioning,0,0,0,FALSE,FALSE,FALSE,Clear,,FALSE,HURON RD; WOODBINE AVE,1/30/2020 11:46:01 AM,541854.469,4803512.193
48015,18-169633,7/25/2018 12:38:00 AM,2018,7,25,0,38,0,Wednesday,541315.969,4809722.084,-80.48946,43.439266,Other,2,P.D. only,Off highway,unknown,unknown,SMV other,Unknown,Dark,07 - Dark,Municipal (excl. Twp. Rd.),Stop sign,Functioning,0,0,0,FALSE,FALSE,FALSE,Clear,,FALSE,MILL ST; MILL ST ; At; 0 M,1/30/2020 11:46:00 AM,541315.969,4809722.084
48016,18-170084,7/25/2018 1:41:00 PM,2018,7,25,13,41,0,Wednesday,542313.2696,4810285.028,-80.477093,43.444279,Intersection related,2,P.D. only,Thru lane,unknown,unknown,Rear end,Unknown,Daylight,01 - Daylight,Regional municipality,Traffic signal,Functioning,0,0,0,FALSE,FALSE,FALSE,Clear,,FALSE,STIRLING AVE N; KING ST E,1/30/2020 11:45:59 AM,542313.2696,4810285.028
48017,18-170296,7/25/2018 5:20:00 PM,2018,7,25,17,20,0,Wednesday,542010.3118,4810481.834,-80.480822,43.446069,At intersection,1,Non-fatal injury,Within intersection,unknown,unknown,Turning movement,Unknown,Daylight,01 - Daylight,Municipal (excl. Twp. Rd.),Stop sign,Functioning,0,0,0,FALSE,FALSE,FALSE,Clear,,FALSE,KING ST E; CAMERON ST N,1/30/2020 11:45:58 AM,542010.3118,4810481.834
48018,18-170333,7/25/2018 5:00:00 PM,2018,7,25,17,0,0,Wednesday,538038.9587,4810095.119,-80.529927,43.442799,At/near private drive,2,P.D. only,Thru lane,unknown,unknown,SMV unattended vehicle,Unknown,Daylight,01 - Daylight,Municipal (excl. Twp. Rd.),No control,unknown,0,0,0,FALSE,FALSE,FALSE,Clear,,FALSE,MARKWOOD DR; MARKWOOD DR,1/30/2020 11:45:57 AM,538038.9587,4810095.119
48019,18-170827,7/24/2018 2:00:00 PM,2018,7,24,14,0,0,Tuesday,544883.6221,4804848.517,-80.445776,43.395179,Intersection related,1,Non-fatal injury,Thru lane,unknown,unknown,Rear end,Unknown,Daylight,01 - Daylight,Municipal (excl. Twp. Rd.),Traffic signal,Functioning,0,0,0,FALSE,FALSE,FALSE,Clear,,FALSE,PIONEER DR; DOON VILLAGE RD,1/30/2020 11:45:56 AM,544883.6221,4804848.517
48020,18-171221,7/26/2018 7:00:00 AM,2018,7,26,7,0,0,Thursday,540561.2942,4805558.953,-80.499094,43.401822,Intersection related,2,P.D. only,Thru lane,unknown,unknown,SMV unattended vehicle,Unknown,Daylight,01 - Daylight,Municipal (excl. Twp. Rd.),Stop sign,Functioning,0,0,0,FALSE,FALSE,FALSE,Clear,,FALSE,HELENA FEASBY ST; HARDING ST,1/30/2020 11:45:55 AM,540561.2942,4805558.953
48021,18-171769,7/27/2018 6:40:00 AM,2018,7,27,6,40,0,Friday,544775.2438,4808996.875,-80.446775,43.432538,At/near private drive,1,Non-fatal injury,Thru lane,unknown,unknown,Angle,Unknown,Daylight,01 - Daylight,Municipal (excl. Twp. Rd.),No control,unknown,0,0,0,FALSE,FALSE,FALSE,Clear,,FALSE,NINTH AVE ; KINGSWAY DR ; At,1/30/2020 11:45:54 AM,544775.2438,4808996.875
48022,18-172166,7/27/2018 7:45:00 PM,2018,7,27,19,45,0,Friday,544744.0736,4811439.459,-80.446959,43.454533,Other,2,P.D. only,Thru lane,unknown,unknown,Rear end,Unknown,Daylight,01 - Daylight,Regional municipality,Ped. crossover,Functioning,0,0,0,FALSE,FALSE,FALSE,Clear,,FALSE,RIVER RD E; HICKSON DR; Near,1/30/2020 11:45:53 AM,544744.0736,4811439.459
48023,18-172527,7/28/2018 8:31:00 AM,2018,7,28,8,31,0,Saturday,538898.5191,4811469.164,-80.519207,43.455127,At intersection,2,P.D. only,Within intersection,unknown,unknown,Sideswipe,Unknown,Daylight,01 - Daylight,Regional municipality,Traffic signal,Functioning,0,0,0,FALSE,FALSE,FALSE,Clear,,FALSE,UNION BLVD; BELMONT AVE W,1/30/2020 11:45:52 AM,538898.5191,4811469.164
48024,18-172837,7/28/2018 4:29:00 PM,2018,7,28,16,29,0,Saturday,542334.3931,4810753.672,-80.476795,43.448498,Non intersection,1,Non-fatal injury,Not on roadway - left side,unknown,unknown,SMV other,Unknown,Daylight,01 - Daylight,Municipal (excl. Twp. Rd.),No control,unknown,0,0,0,FALSE,FALSE,FALSE,Clear,,FALSE,CAMERON ST N; TROY ST ; Near; 46 M,1/30/2020 11:45:51 AM,542334.3931,4810753.672