OBJECTID,ACCIDENTNUM,ACCIDENTDATE,ACCIDENT_YEAR,ACCIDENT_MONTH,ACCIDENT_DAY,ACCIDENT_HOUR,ACCIDENT_MINUTE,ACCIDENT_SECOND,ACCIDENT_WEEKDAY,XCOORD,YCOORD,LONGITUDE,LATITUDE,ACCIDENTLOCATION,COLLISIONTYPE,CLASSIFICATIONOFACCIDENT,IMPACTLOCATION,INITIALDIRECTIONOFTRAVELONE,INITIALDIRECTIONOFTRAVELTWO,INITIALIMPACTTYPE,INTTRAFFICCONTROL,LIGHT,LIGHTFORREPORT,ROADJURISDICTION,TRAFFICCONTROL,TRAFFICCONTROLCONDITION,THRULANENO,NORTHBOUNDDISOBEYCOUNT,SOUTHBOUNDDISOBEYCOUNT,PEDESTRIANINVOLVED,CYCLISTINVOLVED,MOTORCYCLISTINVOLVED,ENVIRONMENTCONDITION1,ENVIRONMENTCONDITION2,SELFREPORTED,XMLIMPORTNOTES,LASTEDITEDDATE,x,y
48025,18-173212,7/29/2018 12:53:00 AM,2018,7,29,0,53,0,Sunday,543232.5265,4804484.346,-80.466192,43.391997,At intersection,2,P.D. only,Within intersection,unknown,unknown,SMV other,Unknown,Dark,07 - Dark,Regional municipality,Yield sign,Functioning,0,0,0,FALSE,FALSE,FALSE,Clear,,FALSE,HURON RD; STRASBURG RD,1/30/2020 11:45:50 AM,543232.5265,4804484.346
48026,18-174101,7/30/2018 8:31:00 AM,2018,7,30,8,31,0,Monday,540683.7996,4811615.274,-80.49713,43.456347,At intersection,2,P.D. only,Within intersection,unknown,unknown,Angle,Unknown,Daylight,01 - Daylight,Municipal (excl. Twp. Rd.),Stop sign,Functioning,0,0,0,FALSE,FALSE,FALSE,Clear,,FALSE,DUKE ST W; WELLINGTON ST N,1/30/2020 11:45:49 AM,540683.7996,4811615.274
48027,18-174253,7/30/2018 12:23:00 PM,2018,7,30,12,23,0,Monday,537208.7432,4807453.645,-80.540366,43.419056,Non intersection,2,P.D. only,Thru lane,unknown,unknown,Approaching,Unknown,Daylight,01 - Daylight,Municipal (excl. Twp. Rd.),No control,unknown,0,0,0,FALSE,FALSE,FALSE,Clear,,FALSE,BROKEN OAK CRES; BROKEN OAK CRES ; Near; 5 M,1/30/2020 11:45:48 AM,537208.7432,4807453.645
48028,18-174342,7/30/2018 2:08:00 PM,2018,7,30,14,8,0,Monday,541186.423,4810972.224,-80.490966,43.45053,At/near private drive,2,P.D. only,Not on roadway - left side,unknown,unknown,SMV other,Unknown,Daylight,01 - Daylight,Municipal (excl. Twp. Rd.),No control,unknown,0,0,0,FALSE,FALSE,FALSE,Clear,,FALSE,KING ST W; KING ST W; 10 M,1/30/2020 11:45:47 AM,541186.423,4810972.224
48029,18-175186,7/31/2018 12:30:00 PM,2018,7,31,12,30,0,Tuesday,542504.081,4815770.756,-80.474307,43.493662,Intersection related,2,P.D. only,Not on roadway - right side,unknown,unknown,SMV other,Unknown,Daylight,01 - Daylight,Municipal (excl. Twp. Rd.),Stop sign,Functioning,0,0,0,FALSE,FALSE,FALSE,Clear,,FALSE,OLD COTTAGE PL; OLD COTTAGE CLOSE; Near; 20 M,1/30/2020 11:45:46 AM,542504.081,4815770.756
48030,18-175500,7/31/2018 9:15:00 PM,2018,7,31,21,15,0,Tuesday,540297.0713,4809412.759,-80.502073,43.436537,Non intersection,2,P.D. only,Not on roadway - left side,unknown,unknown,SMV other,Unknown,Dark,07 - Dark,Municipal (excl. Twp. Rd.),No control,unknown,0,0,0,FALSE,FALSE,FALSE,Clear,,FALSE,SOUTH DR; SOUTH DR ; At; 0 M,1/30/2020 11:45:45 AM,540297.0713,4809412.759
48031,18-175950,7/31/2018 7:30:00 AM,2018,7,31,7,30,0,Tuesday,538043.9557,4809814.812,-80.529884,43.440275,At/near private drive,2,P.D. only,Thru lane,unknown,unknown,SMV unattended vehicle,Unknown,Daylight,01 - Daylight,Municipal (excl. Twp. Rd.),No control,unknown,0,0,0,FALSE,FALSE,FALSE,Clear,,FALSE,INGLESIDE DR; INGLESIDE DR,1/30/2020 11:45:44 AM,538043.9557,4809814.812
48032,18-176670,8/2/2018 9:08:00 AM,2018,8,2,9,8,0,Thursday,545407.8846,4808366.354,-80.439011,43.426822,At/near private drive,2,P.D. only,Thru lane,unknown,unknown,Turning movement,Unknown,Daylight,01 - Daylight,Municipal (excl. Twp. Rd.),No control,unknown,0,0,0,FALSE,FALSE,FALSE,Clear,,FALSE,CEDARWOODS CRES; CEDARWOODS CRES ; At; 5 M,1/30/2020 11:45:43 AM,545407.8846,4808366.354
48033,18-177166,8/2/2018 7:30:00 PM,2018,8,2,19,30,0,Thursday,540342.7928,4812003.63,-80.501316,43.459863,At/near private drive,2,P.D. only,Right shoulder,unknown,unknown,SMV unattended vehicle,Unknown,"Daylight, artificial","02 - Daylight, artificial",Municipal (excl. Twp. Rd.),No control,unknown,0,0,0,FALSE,FALSE,FALSE,Clear,,FALSE,DUKE ST W; DUKE ST W; Near; 2 M,1/30/2020 11:45:42 AM,540342.7928,4812003.63
48034,18-177600,8/3/2018 9:40:00 AM,2018,8,3,9,40,0,Friday,540670.4888,4807992.034,-80.497565,43.423724,Non intersection,1,Non-fatal injury,Not on roadway - left side,unknown,unknown,SMV other,Unknown,Daylight,01 - Daylight,Regional municipality,No control,unknown,0,0,0,FALSE,FALSE,FALSE,Clear,,FALSE,CHANDLER DRIVE; CHANDLER DR ; At; 10 M,1/30/2020 11:45:42 AM,540670.4888,4807992.035
48035,18-177609,7/29/2018 8:00:00 AM,2018,7,29,8,0,0,Sunday,544628.0129,4804593.699,-80.448953,43.3929,At/near private drive,2,P.D. only,Thru lane,unknown,unknown,SMV unattended vehicle,Unknown,Daylight,01 - Daylight,Municipal (excl. Twp. Rd.),No control,unknown,0,0,0,FALSE,FALSE,FALSE,Clear,,FALSE,NATHANIEL CRES; NATHANIEL CRES; At; 0 M,1/30/2020 11:45:41 AM,544628.0129,4804593.7
48036,18-177769,8/3/2018 1:00:00 PM,2018,8,3,13,0,0,Friday,543568.2011,4804975.657,-80.462008,43.396402,At intersection,1,Non-fatal injury,Within intersection,unknown,unknown,Turning movement,Unknown,Daylight,01 - Daylight,Regional municipality,Traffic signal,Functioning,0,0,0,FALSE,TRUE,FALSE,Clear,,FALSE,BATTLER RD; HURON RD,1/30/2020 11:45:40 AM,543568.2011,4804975.657
48037,18-178506,8/4/2018 10:00:00 AM,2018,8,4,10,0,0,Saturday,543043.246,4809759.062,-80.468114,43.439502,At intersection,2,P.D. only,Within intersection,unknown,unknown,Angle,Unknown,Daylight,01 - Daylight,Municipal (excl. Twp. Rd.),Stop sign,Functioning,0,0,0,FALSE,FALSE,FALSE,Clear,,FALSE,PRESTON ST; CHARLES ST E,1/30/2020 11:45:38 AM,543043.246,4809759.062
48038,18-178545,8/4/2018 10:48:00 AM,2018,8,4,10,48,0,Saturday,540228.5552,4810747.25,-80.502821,43.448556,At/near private drive,2,P.D. only,Left turn lane,unknown,unknown,Other,Unknown,Daylight,01 - Daylight,unknown,No control,unknown,0,0,0,FALSE,FALSE,FALSE,Clear,,FALSE,PARK ST; VICTORIA ST S; Near; 20 M,2/19/2019 2:08:26 PM,540228.5552,4810747.25
48039,18-179132,8/5/2018 1:03:00 AM,2018,8,5,1,3,0,Sunday,547446.2814,4809648.258,-80.413717,43.438238,Non intersection,2,P.D. only,Left shoulder,unknown,unknown,SMV unattended vehicle,Unknown,Dark,07 - Dark,Municipal (excl. Twp. Rd.),No control,unknown,0,0,0,FALSE,FALSE,FALSE,Clear,,FALSE,SIMS ESTATE DR; SIMS ESTATE DR ; 0 M,1/30/2020 11:45:36 AM,547446.2814,4809648.258
48040,18-179403,8/4/2018 8:00:00 PM,2018,8,4,20,0,0,Saturday,544856.2658,4811508.804,-80.445567,43.45515,Non intersection,2,P.D. only,Thru lane,unknown,unknown,SMV unattended vehicle,Unknown,Daylight,01 - Daylight,Municipal (excl. Twp. Rd.),No control,unknown,0,0,0,FALSE,FALSE,FALSE,Clear,,FALSE,BRECKENRIDGE DR; BRECKENRIDGE DR ; Near,1/30/2020 11:45:35 AM,544856.2658,4811508.804
48041,18-179405,8/5/2018 12:30:00 PM,2018,8,5,12,30,0,Sunday,540720.1102,4806038.486,-80.497097,43.406132,Non intersection,2,P.D. only,Thru lane,unknown,unknown,SMV unattended vehicle,Unknown,Dark,07 - Dark,Municipal (excl. Twp. Rd.),No control,unknown,0,0,0,FALSE,FALSE,FALSE,Clear,,FALSE,RIDGEWAY CRES; RIDGEWAY CRES ; 6 M,1/30/2020 11:45:34 AM,540720.1102,4806038.486
48042,18-179435,8/5/2018 1:27:00 PM,2018,8,5,13,27,0,Sunday,542338.0225,4810324.952,-80.476784,43.444638,At/near private drive,2,P.D. only,Thru lane,unknown,unknown,Other,Unknown,Daylight,01 - Daylight,Municipal (excl. Twp. Rd.),No control,unknown,0,0,0,FALSE,FALSE,FALSE,Clear,,FALSE,STIRLING AVE N; STIRLING AVE N; 4 M,1/30/2020 11:45:33 AM,542338.0225,4810324.952
48043,18-180745,8/3/2018 8:15:00 AM,2018,8,3,8,15,0,Friday,540986.9856,4805725.09,-80.493825,43.403295,At/near private drive,2,P.D. only,Thru lane,unknown,unknown,SMV unattended vehicle,Unknown,Daylight,01 - Daylight,Municipal (excl. Twp. Rd.),No control,unknown,0,0,0,FALSE,FALSE,FALSE,Clear,,FALSE,TAMVALE CRES; TAMVALE CRES,1/30/2020 11:45:32 AM,540986.9856,4805725.09
48044,18-180913,8/7/2018 12:26:00 PM,2018,8,7,12,26,0,Tuesday,539445.4878,4806050.032,-80.512838,43.406304,At intersection,2,P.D. only,Within intersection,unknown,unknown,Turning movement,Unknown,Daylight,01 - Daylight,Municipal (excl. Twp. Rd.),Stop sign,Functioning,0,0,0,FALSE,FALSE,FALSE,Clear,,FALSE,ACTIVA AVE; MAX BECKER DR,1/30/2020 11:45:31 AM,539445.4878,4806050.032
48045,18-181894,8/8/2018 3:15:00 PM,2018,8,8,15,15,0,Wednesday,542314.6553,4810288.04,-80.477076,43.444306,Intersection related,1,Non-fatal injury,Thru lane,unknown,unknown,Rear end,Unknown,Daylight,01 - Daylight,Regional municipality,Traffic signal,Functioning,0,0,0,FALSE,FALSE,FALSE,Clear,,FALSE,KING ST E; STIRLING AVE N,1/30/2020 11:45:30 AM,542314.6553,4810288.04
48046,18-182153,8/8/2018 10:32:00 PM,2018,8,8,22,32,0,Wednesday,545312.8294,4808196.529,-80.440199,43.425299,Intersection related,2,P.D. only,Thru lane,unknown,unknown,Rear end,Unknown,"Dark, artificial","08 - Dark, artificial",Municipal (excl. Twp. Rd.),Ped. crossover,Functioning,0,0,0,FALSE,FALSE,FALSE,Clear,,FALSE,KINGSWAY DR; KINGSWAY DR ; At; 6 M,1/30/2020 11:45:29 AM,545312.8294,4808196.529
48047,18-182684,8/6/2018 8:00:00 PM,2018,8,6,20,0,0,Monday,541068,4811108,0,0,At/near private drive,2,P.D. only,Off highway,unknown,unknown,SMV unattended vehicle,Unknown,"Dark, artificial","08 - Dark, artificial",Municipal (excl. Twp. Rd.),No control,unknown,0,0,0,FALSE,FALSE,FALSE,Clear,,FALSE,SHADY GLEN CRES; SHADY GLEN CRES,1/30/2020 11:45:28 AM,541068,4811108
48048,18-182929,8/9/2018 9:43:00 PM,2018,8,9,21,43,0,Thursday,543531.424,4804932.743,-80.462466,43.396017,At/near private drive,2,P.D. only,Thru lane,unknown,unknown,Turning movement,Unknown,"Dark, artificial","08 - Dark, artificial",Regional municipality,No control,unknown,0,0,0,FALSE,FALSE,FALSE,Clear,,FALSE,HURON RD ; BATTLER RD; Near; 40 M,1/30/2020 11:45:27 AM,543531.424,4804932.743
48049,18-184024,8/10/2018 11:20:00 PM,2018,8,10,23,20,0,Friday,546075.8323,4804434.153,-80.43109,43.391376,Non intersection,2,P.D. only,Thru lane,unknown,unknown,Rear end,Unknown,Dark,07 - Dark,Regional municipality,No control,unknown,0,0,0,FALSE,FALSE,FALSE,Clear,,FALSE,OLD CARRIAGE DR; OLD CARRIAGE DR,1/30/2020 11:45:26 AM,546075.8323,4804434.153
48050,18-184919,8/11/2018 5:30:00 PM,2018,8,11,17,30,0,Saturday,542508.687,4810635.059,-80.474651,43.44742,Non intersection,2,P.D. only,Thru lane,unknown,unknown,SMV unattended vehicle,Unknown,Daylight,01 - Daylight,Municipal (excl. Twp. Rd.),No control,unknown,0,0,0,FALSE,FALSE,FALSE,Clear,,FALSE,STIRLING AVE N; SAMUEL ST,1/30/2020 11:45:25 AM,542508.687,4810635.059
48051,18-186083,8/12/2018 10:30:00 AM,2018,8,12,10,30,0,Sunday,539109.1804,4811299.803,-80.516615,43.453591,At/near private drive,2,P.D. only,Thru lane,unknown,unknown,SMV unattended vehicle,Unknown,Daylight,01 - Daylight,Municipal (excl. Twp. Rd.),No control,unknown,0,0,0,FALSE,FALSE,FALSE,Clear,,FALSE,EDEN AVE ; WOOD ST ; Near; 5 M,1/30/2020 11:45:24 AM,539109.1804,4811299.803
48052,18-186628,8/14/2018 11:15:00 AM,2018,8,14,11,15,0,Tuesday,544239.3072,4809071.586,-80.45339,43.433242,At/near private drive,2,P.D. only,Thru lane,unknown,unknown,SMV unattended vehicle,Unknown,Daylight,01 - Daylight,Municipal (excl. Twp. Rd.),No control,unknown,0,0,0,FALSE,FALSE,FALSE,Clear,,FALSE,FOURTH AVE; FOURTH AVE; At; 0 M,1/30/2020 11:45:23 AM,544239.3072,4809071.587
48053,18-186769,8/14/2018 4:50:00 PM,2018,8,14,16,50,0,Tuesday,540717.8994,4809861.204,-80.496839,43.440552,At/near private drive,2,P.D. only,Thru lane,unknown,unknown,Rear end,Unknown,Daylight,01 - Daylight,Municipal (excl. Twp. Rd.),No control,unknown,0,0,0,FALSE,FALSE,FALSE,Clear,,FALSE,HIGHLAND RD E; HIGHLAND RD E; At; 5 M,1/30/2020 11:45:22 AM,540717.8994,4809861.204
48054,18-186781,8/14/2018 5:06:00 PM,2018,8,14,17,6,0,Tuesday,545497.5268,4803417.953,-80.438315,43.382262,Non intersection,2,P.D. only,Thru lane,unknown,unknown,SMV unattended vehicle,Unknown,Daylight,01 - Daylight,Municipal (excl. Twp. Rd.),No control,unknown,0,0,0,FALSE,FALSE,FALSE,Clear,,FALSE,RIDGEMERE CRT; RIDGEMERE CRT ; 2 M,1/30/2020 11:45:21 AM,545497.5268,4803417.953
48055,18-186905,8/14/2018 6:30:00 PM,2018,8,14,18,30,0,Tuesday,545409.0743,4810966.6,-80.43878,43.450235,Non intersection,2,P.D. only,Thru lane,unknown,unknown,SMV unattended vehicle,Unknown,Daylight,01 - Daylight,Municipal (excl. Twp. Rd.),No control,unknown,0,0,0,FALSE,FALSE,FALSE,Clear,,FALSE,OLD CHICOPEE DR; OLD CHICOPEE DR,1/30/2020 11:45:20 AM,545409.0743,4810966.6
48056,18-187187,8/15/2018 7:31:00 AM,2018,8,15,7,31,0,Wednesday,541068,4811108,0,0,At intersection,1,Non-fatal injury,Within intersection,unknown,unknown,Angle,Unknown,Daylight,01 - Daylight,Municipal (excl. Twp. Rd.),Stop sign,Functioning,0,0,0,FALSE,TRUE,FALSE,Clear,,FALSE,AHRENS ST W; WILHELM ST,1/30/2020 11:45:19 AM,541068,4811108
48057,18-187247,8/15/2018 9:05:00 AM,2018,8,15,9,5,0,Wednesday,541556.3391,4811279.585,-80.486371,43.453277,Intersection related,2,P.D. only,Thru lane,unknown,unknown,Rear end,Unknown,Daylight,01 - Daylight,Municipal (excl. Twp. Rd.),Stop sign,Functioning,0,0,0,FALSE,FALSE,FALSE,Clear,,FALSE,QUEEN ST N; AHRENS ST E; At,1/30/2020 11:45:18 AM,541556.3391,4811279.585
48058,18-187559,8/15/2018 3:40:00 PM,2018,8,15,15,40,0,Wednesday,543971.8682,4808381.03,-80.45675,43.42704,Non intersection,2,P.D. only,Thru lane,unknown,unknown,SMV unattended vehicle,Unknown,Dark,07 - Dark,Municipal (excl. Twp. Rd.),No control,unknown,0,0,0,FALSE,FALSE,FALSE,Clear,,FALSE,CLARK AVE; CLARK AVE ; At; 1 M,1/30/2020 11:45:17 AM,543971.8682,4808381.03
48059,18-187672,8/15/2018 3:00:00 PM,2018,8,15,15,0,0,Wednesday,541520.207,4810518.879,-80.486875,43.446429,At/near private drive,2,P.D. only,Thru lane,unknown,unknown,SMV unattended vehicle,Unknown,Daylight,01 - Daylight,Municipal (excl. Twp. Rd.),No control,unknown,0,0,0,FALSE,FALSE,FALSE,Clear,,FALSE,CHURCH ST ; CHURCH ST ; Near; 10 M,1/30/2020 11:45:16 AM,541520.207,4810518.88
48060,18-187704,8/15/2018 6:48:00 PM,2018,8,15,18,48,0,Wednesday,540830.035,4805934.895,-80.495747,43.405193,Non intersection,2,P.D. only,Thru lane,unknown,unknown,SMV unattended vehicle,Unknown,Daylight,01 - Daylight,Municipal (excl. Twp. Rd.),No control,unknown,0,0,0,FALSE,FALSE,FALSE,Clear,,FALSE,ERINBROOK DR; ERINBROOK DR ; 2 M,1/30/2020 11:45:15 AM,540830.035,4805934.895
48061,18-187733,8/15/2018 5:00:00 PM,2018,8,15,17,0,0,Wednesday,541904.7875,4810551.395,-80.48212,43.446701,Intersection related,2,P.D. only,Thru lane,unknown,unknown,Rear end,Unknown,Daylight,01 - Daylight,Regional municipality,Stop sign,Functioning,0,0,0,FALSE,FALSE,FALSE,Clear,,FALSE,KING ST E; MADISON AVE N; At,1/30/2020 11:45:14 AM,541904.7875,4810551.395
48062,18-188337,8/16/2018 1:43:00 PM,2018,8,16,13,43,0,Thursday,545277.0001,4806433.559,-80.440788,43.409428,At intersection,1,Non-fatal injury,Within intersection,unknown,unknown,Angle,Stop sign,Daylight,01 - Daylight,Municipal (excl. Twp. Rd.),Stop sign,Functioning,0,0,0,FALSE,FALSE,FALSE,Clear,,FALSE,WILSON AVE; WABANAKI DR,1/30/2020 11:45:13 AM,545277.0001,4806433.559
48063,18-188405,8/16/2018 3:18:00 PM,2018,8,16,15,18,0,Thursday,545103.027,4807724.866,-80.44283,43.421065,At/near private drive,2,P.D. only,Thru lane,unknown,unknown,Turning movement,Unknown,Daylight,01 - Daylight,Municipal (excl. Twp. Rd.),No control,unknown,0,0,0,FALSE,FALSE,FALSE,Clear,,FALSE,WILSON AVE ; FAIRWAY RD S; At; 5 M,1/30/2020 11:45:12 AM,545103.027,4807724.866
48064,18-188429,8/16/2018 3:55:00 PM,2018,8,16,15,55,0,Thursday,545011.5348,4810924.037,-80.443696,43.449876,At/near private drive,2,P.D. only,Thru lane,unknown,unknown,Turning movement,Unknown,Daylight,01 - Daylight,unknown,No control,unknown,0,0,0,FALSE,FALSE,FALSE,Rain,,FALSE,RIVER RD E; OTTAWA ST N; 30 M,2/19/2019 2:08:25 PM,545011.5348,4810924.037
48065,18-188963,8/14/2018 9:57:00 AM,2018,8,14,9,57,0,Tuesday,539132.8002,4810999.24,-80.516345,43.450883,Non intersection,2,P.D. only,Thru lane,unknown,unknown,Sideswipe,Unknown,Daylight,01 - Daylight,Municipal (excl. Twp. Rd.),No control,unknown,0,0,0,FALSE,FALSE,FALSE,Clear,,FALSE,BELMONT AVE W; BELMONT AVE W; Near,1/30/2020 11:45:11 AM,539132.8001,4810999.24
48066,18-189021,8/17/2018 9:25:00 AM,2018,8,17,9,25,0,Friday,541223.4203,4811867.491,-80.490441,43.458589,Intersection related,2,P.D. only,Thru lane,unknown,unknown,Rear end,Unknown,Daylight,01 - Daylight,Municipal (excl. Twp. Rd.),Traffic signal,Functioning,0,0,0,FALSE,FALSE,FALSE,Clear,,FALSE,WELLINGTON ST N; MARGARET AVE,1/30/2020 11:45:10 AM,541223.4203,4811867.491
48067,18-189924,8/18/2018 9:00:00 AM,2018,8,18,9,0,0,Saturday,539318.7496,4805907.172,-80.514413,43.405024,Non intersection,2,P.D. only,Thru lane,unknown,unknown,SMV unattended vehicle,Unknown,Daylight,01 - Daylight,Municipal (excl. Twp. Rd.),No control,unknown,0,0,0,FALSE,FALSE,FALSE,Clear,,FALSE,MOUNTAIN LAUREL CRES; MOUNTAIN LAUREL CRES,1/30/2020 11:45:09 AM,539318.7496,4805907.172
48068,18-190081,8/18/2018 12:30:00 PM,2018,8,18,12,30,0,Saturday,545165.9576,4810925.606,-80.441788,43.449881,Non intersection,2,P.D. only,Thru lane,unknown,unknown,SMV unattended vehicle,Unknown,Daylight,01 - Daylight,Municipal (excl. Twp. Rd.),No control,unknown,0,0,0,FALSE,FALSE,FALSE,Clear,,FALSE,HOLBORN CRT; HOLBORN CRT ; Near,1/30/2020 11:45:08 AM,545165.9576,4810925.606
48069,18-190139,8/18/2018 4:42:00 PM,2018,8,18,16,42,0,Saturday,549194.5183,4806304.822,-80.392417,43.408022,Non intersection,1,Non-fatal injury,Thru lane,unknown,unknown,Turning movement,Unknown,Daylight,01 - Daylight,Municipal (excl. Twp. Rd.),No control,unknown,0,0,0,FALSE,FALSE,FALSE,Clear,,FALSE,GATEWAY PARK DR; GATEWAY PARK DR ; At; 5 M,1/30/2020 11:45:07 AM,549194.5183,4806304.822
48070,18-190866,8/19/2018 1:31:00 PM,2018,8,19,13,31,0,Sunday,545978.4889,4805451.049,-80.432207,43.400538,At intersection,2,P.D. only,Within intersection,unknown,unknown,Turning movement,Unknown,Daylight,01 - Daylight,Municipal (excl. Twp. Rd.),Stop sign,Functioning,0,0,0,FALSE,FALSE,FALSE,Clear,,FALSE,MILL PARK DR ; GREEN VALLEY DR ; 1.5 M,1/30/2020 11:45:06 AM,545978.4889,4805451.049
48071,18-190902,8/19/2018 2:30:00 PM,2018,8,19,14,30,0,Sunday,544430.221,4808446.145,-80.451082,43.4276,Non intersection,2,P.D. only,Right shoulder,unknown,unknown,SMV unattended vehicle,Unknown,Daylight,01 - Daylight,Municipal (excl. Twp. Rd.),No control,unknown,0,0,0,FALSE,FALSE,FALSE,Clear,,FALSE,EIGHTH AVE; GREENFIELD AVE; At; 20 M,1/30/2020 11:45:05 AM,544430.221,4808446.145
48072,18-191060,8/19/2018 6:54:00 PM,2018,8,19,18,54,0,Sunday,547170.7659,4809647.734,-80.417122,43.438251,At intersection,1,Non-fatal injury,Within intersection,unknown,unknown,Turning movement,Unknown,Daylight,01 - Daylight,Municipal (excl. Twp. Rd.),Stop sign,Functioning,0,0,0,FALSE,FALSE,FALSE,Clear,,FALSE,SIMS ESTATE DR; DESMOND ST,1/30/2020 11:45:04 AM,547170.7659,4809647.734
48073,18-191631,8/19/2018 10:50:00 AM,2018,8,19,10,50,0,Sunday,542624.2119,4810599.746,-80.473226,43.447096,At/near private drive,2,P.D. only,Thru lane,unknown,unknown,SMV unattended vehicle,Unknown,Daylight,01 - Daylight,Municipal (excl. Twp. Rd.),No control,unknown,0,0,0,FALSE,FALSE,FALSE,Clear,,FALSE,SIMEON ST; SIMEON ST ; Near,1/30/2020 11:45:03 AM,542624.2119,4810599.746
48074,18-191640,8/20/2018 2:06:00 PM,2018,8,20,14,6,0,Monday,541872.8201,4810743.301,-80.482501,43.44843,At intersection,2,P.D. only,Within intersection,unknown,unknown,Angle,Unknown,Daylight,01 - Daylight,Municipal (excl. Twp. Rd.),Stop sign,Functioning,0,0,0,FALSE,FALSE,FALSE,Clear,,FALSE,DUKE ST E; CEDAR ST N,1/30/2020 11:45:02 AM,541872.8201,4810743.301
48075,18-191762,8/11/2018 6:50:00 PM,2018,8,11,18,50,0,Saturday,543206.5623,4811716.704,-80.465941,43.457119,Non intersection,2,Non-reportable,Thru lane,unknown,unknown,SMV unattended vehicle,Unknown,Daylight,01 - Daylight,Municipal (excl. Twp. Rd.),No control,unknown,0,0,0,FALSE,FALSE,FALSE,Clear,,FALSE,BRUCE ST; BRUCE ST ; At,1/30/2020 11:45:01 AM,543206.5623,4811716.704
48076,18-191785,8/19/2018 9:00:00 AM,2018,8,19,9,0,0,Sunday,539176.8073,4810268.782,-80.515853,43.444304,At/near private drive,2,P.D. only,Thru lane,unknown,unknown,SMV unattended vehicle,Unknown,Daylight,01 - Daylight,Municipal (excl. Twp. Rd.),No control,unknown,0,0,0,FALSE,FALSE,FALSE,Clear,,FALSE,KARN ST; KARN ST ; At,1/30/2020 11:45:00 AM,539176.8072,4810268.782
48077,18-192131,8/21/2018 6:11:00 AM,2018,8,21,6,11,0,Tuesday,539112.8301,4811654.243,-80.516545,43.456782,At intersection,1,Non-fatal injury,Within intersection,unknown,unknown,Angle,Unknown,Daylight,01 - Daylight,Municipal (excl. Twp. Rd.),Traffic signal,Functioning,0,1,0,FALSE,FALSE,FALSE,Rain,,FALSE,PARK ST; UNION BLVD,1/30/2020 11:44:59 AM,539112.8301,4811654.243
48078,18-192397,8/21/2018 2:09:00 PM,2018,8,21,14,9,0,Tuesday,544541.7267,4807591.088,-80.449774,43.419894,At/near private drive,2,P.D. only,Thru lane,unknown,unknown,Rear end,Unknown,Daylight,01 - Daylight,Municipal (excl. Twp. Rd.),No control,unknown,0,0,0,FALSE,FALSE,FALSE,Rain,,FALSE,WABANAKI DR; WABANAKI DR ; Near; 10 M,1/30/2020 11:44:59 AM,544541.7267,4807591.088
48079,18-192450,8/17/2018 7:00:00 PM,2018,8,17,19,0,0,Friday,540586.062,4810081.891,-80.498452,43.442546,Non intersection,2,P.D. only,Thru lane,unknown,unknown,SMV unattended vehicle,Unknown,Daylight,01 - Daylight,Municipal (excl. Twp. Rd.),No control,unknown,0,0,0,FALSE,FALSE,FALSE,Clear,,FALSE,HOMEWOOD AVE; HOMEWOOD AVE ; Near,1/30/2020 11:44:58 AM,540586.062,4810081.891
48080,18-192477,8/21/2018 3:30:00 PM,2018,8,21,15,30,0,Tuesday,549249.7154,4806063.151,-80.391757,43.405842,Non intersection,2,P.D. only,Thru lane,unknown,unknown,Rear end,Unknown,Daylight,01 - Daylight,Regional municipality,Traffic signal,Functioning,0,0,0,FALSE,FALSE,FALSE,Clear,,FALSE,KING ST E;  KING ST ; Near,1/30/2020 11:44:57 AM,549249.7154,4806063.151
48081,18-192590,8/21/2018 6:22:00 PM,2018,8,21,18,22,0,Tuesday,543568.1826,4804978.534,-80.462008,43.396428,At intersection,2,P.D. only,Within intersection,unknown,unknown,Angle,Unknown,Daylight,01 - Daylight,Regional municipality,Traffic signal,Functioning,0,0,1,FALSE,FALSE,FALSE,Clear,,FALSE,BATTLER RD; HURON RD,1/30/2020 11:44:56 AM,543568.1826,4804978.534
48082,18-192966,8/22/2018 8:23:00 AM,2018,8,22,8,23,0,Wednesday,543922.0652,4805130.152,-80.457627,43.397772,Intersection related,1,Non-fatal injury,Thru lane,unknown,unknown,Turning movement,Unknown,Daylight,01 - Daylight,Municipal (excl. Twp. Rd.),Yield sign,Functioning,0,0,0,FALSE,FALSE,FALSE,Rain,,FALSE,HURON RD ; OLD HURON RD ; 30 M,1/30/2020 11:44:55 AM,543922.0652,4805130.152
48083,18-193070,8/20/2018 12:00:00 PM,2018,8,20,12,0,0,Monday,541563.6971,4810761.703,-80.486319,43.448613,Non intersection,2,P.D. only,Off highway,unknown,unknown,SMV unattended vehicle,Unknown,Daylight,01 - Daylight,Regional municipality,No control,unknown,0,0,0,FALSE,FALSE,FALSE,Clear,,FALSE,KING ST E; SCOTT ST; Near; 20 M,1/30/2020 11:44:54 AM,541563.6971,4810761.703
48084,18-193165,8/22/2018 1:01:00 PM,2018,8,22,13,1,0,Wednesday,540706.606,4812613.267,-80.496774,43.465332,Non intersection,1,Non-fatal injury,Thru lane,unknown,unknown,SMV other,Unknown,Daylight,01 - Daylight,unknown,No control,unknown,0,0,0,TRUE,FALSE,FALSE,Rain,,FALSE,MARGARET AVE; MARGARET AVE ; 30 M,2/19/2019 2:08:24 PM,540706.606,4812613.267
48085,18-193426,8/22/2018 7:23:00 PM,2018,8,22,19,23,0,Wednesday,544035.5896,4804262.907,-80.456295,43.389957,Intersection related,2,P.D. only,Thru lane,unknown,unknown,Turning movement,Unknown,Daylight,01 - Daylight,Municipal (excl. Twp. Rd.),No control,unknown,0,0,0,FALSE,FALSE,FALSE,Clear,,FALSE,BIEHN DR; MITTON PL ; At,1/30/2020 11:44:53 AM,544035.5896,4804262.908
48086,18-193835,8/22/2018 12:00:00 PM,2018,8,22,12,0,0,Wednesday,543054.7121,4804366.845,-80.468397,43.39095,Non intersection,2,P.D. only,Thru lane,unknown,unknown,Sideswipe,Unknown,Daylight,01 - Daylight,Municipal (excl. Twp. Rd.),No control,unknown,0,0,0,FALSE,FALSE,FALSE,Clear,,FALSE,STRASBURG RD; HURON RD; Near; 200 M,1/30/2020 11:44:52 AM,543054.7121,4804366.845