OBJECTID,ACCIDENTNUM,ACCIDENTDATE,ACCIDENT_YEAR,ACCIDENT_MONTH,ACCIDENT_DAY,ACCIDENT_HOUR,ACCIDENT_MINUTE,ACCIDENT_SECOND,ACCIDENT_WEEKDAY,XCOORD,YCOORD,LONGITUDE,LATITUDE,ACCIDENTLOCATION,COLLISIONTYPE,CLASSIFICATIONOFACCIDENT,IMPACTLOCATION,INITIALDIRECTIONOFTRAVELONE,INITIALDIRECTIONOFTRAVELTWO,INITIALIMPACTTYPE,INTTRAFFICCONTROL,LIGHT,LIGHTFORREPORT,ROADJURISDICTION,TRAFFICCONTROL,TRAFFICCONTROLCONDITION,THRULANENO,NORTHBOUNDDISOBEYCOUNT,SOUTHBOUNDDISOBEYCOUNT,PEDESTRIANINVOLVED,CYCLISTINVOLVED,MOTORCYCLISTINVOLVED,ENVIRONMENTCONDITION1,ENVIRONMENTCONDITION2,SELFREPORTED,XMLIMPORTNOTES,LASTEDITEDDATE,x,y
48087,18-193893,8/23/2018 12:24:00 PM,2018,8,23,12,24,0,Thursday,541068,4811108,0,0,Non intersection,2,P.D. only,Thru lane,unknown,unknown,SMV unattended vehicle,Unknown,Daylight,01 - Daylight,Municipal (excl. Twp. Rd.),No control,unknown,0,0,0,FALSE,FALSE,FALSE,Clear,,FALSE,LUDOLPH ST ; WEST OAK TRAIL ; 30 M,1/30/2020 11:44:51 AM,541068,4811108
48088,18-194140,8/23/2018 5:22:00 PM,2018,8,23,17,22,0,Thursday,540427.6707,4809612.88,-80.500444,43.438332,At/near private drive,2,P.D. only,Left turn lane,unknown,unknown,Turning movement,Unknown,Daylight,01 - Daylight,Municipal (excl. Twp. Rd.),No control,unknown,0,0,0,FALSE,FALSE,FALSE,Clear,,FALSE,QUEENS BLVD; QUEENS BLVD ; Near; 20 M,1/30/2020 11:44:50 AM,540427.6707,4809612.88
48089,18-194190,8/21/2018 4:40:00 PM,2018,8,21,16,40,0,Tuesday,541342.5198,4810661.903,-80.48906,43.447727,Intersection related,2,P.D. only,Thru lane,unknown,unknown,Angle,Unknown,Daylight,01 - Daylight,Municipal (excl. Twp. Rd.),Stop sign,Functioning,0,0,0,FALSE,FALSE,FALSE,Clear,,FALSE,CHURCH ST; BENTON ST,1/30/2020 11:44:49 AM,541342.5198,4810661.903
48090,18-194215,8/23/2018 5:00:00 PM,2018,8,23,17,0,0,Thursday,540093.8678,4806663.308,-80.504785,43.411791,Non intersection,2,P.D. only,Thru lane,unknown,unknown,SMV unattended vehicle,Unknown,Daylight,01 - Daylight,Regional municipality,No control,unknown,0,0,0,FALSE,FALSE,FALSE,Clear,,FALSE,DINISON CRES; DINISON CRES,1/30/2020 11:44:48 AM,540093.8678,4806663.308
48091,18-194516,8/23/2018 9:30:00 PM,2018,8,23,21,30,0,Thursday,539819.5797,4807840.7,-80.508087,43.422407,Non intersection,2,P.D. only,Thru lane,unknown,unknown,SMV unattended vehicle,Unknown,"Dark, artificial","08 - Dark, artificial",Municipal (excl. Twp. Rd.),No control,unknown,0,0,0,FALSE,FALSE,FALSE,Clear,,FALSE,SWEETBRIAR DR; DUNCAIRN AVE ; Near,1/30/2020 11:44:47 AM,539819.5797,4807840.7
48092,18-195445,8/25/2018 8:30:00 AM,2018,8,25,8,30,0,Saturday,539058.8956,4805939.114,-80.51762,43.405325,At/near private drive,2,P.D. only,Thru lane,unknown,unknown,Other,Unknown,Daylight,01 - Daylight,Municipal (excl. Twp. Rd.),No control,unknown,0,0,0,FALSE,FALSE,FALSE,Clear,,FALSE,ACTIVA AVE; ACTIVA AVE,1/30/2020 11:44:46 AM,539058.8956,4805939.114
48093,18-195952,8/25/2018 11:00:00 PM,2018,8,25,23,0,0,Saturday,544234.9753,4808804.239,-80.453465,43.430835,At intersection,2,P.D. only,Within intersection,unknown,unknown,Approaching,Unknown,Dark,07 - Dark,Municipal (excl. Twp. Rd.),Stop sign,Functioning,0,0,0,FALSE,FALSE,FALSE,Rain,,FALSE,FIFTH AVE; CONNAUGHT ST,1/30/2020 11:44:45 AM,544234.9753,4808804.239
48094,18-195960,8/26/2018 12:11:00 AM,2018,8,26,0,11,0,Sunday,544559.7852,4811738.779,-80.449213,43.457239,Intersection related,2,P.D. only,Thru lane,unknown,unknown,Rear end,Unknown,Dark,07 - Dark,Municipal (excl. Twp. Rd.),Traffic signal,Functioning,0,0,0,FALSE,FALSE,FALSE,Rain,,FALSE,LORRAINE AVE; RIVER RD E; At,1/30/2020 11:44:44 AM,544559.7852,4811738.779
48095,18-195965,8/26/2018 12:02:00 AM,2018,8,26,0,2,0,Sunday,544933.6757,4803053.669,-80.445306,43.379015,Non intersection,1,Non-fatal injury,Thru lane,unknown,unknown,Approaching,Unknown,Daylight,01 - Daylight,Municipal (excl. Twp. Rd.),No control,unknown,0,0,0,FALSE,FALSE,FALSE,Clear,,FALSE,EVENS POND CRES; EVENS POND CRES ; At; 0 M,1/30/2020 11:44:43 AM,544933.6757,4803053.669
48096,18-196141,8/25/2018 8:00:00 AM,2018,8,25,8,0,0,Saturday,543240.9973,4811481.71,-80.465534,43.455001,Non intersection,2,P.D. only,Thru lane,unknown,unknown,SMV unattended vehicle,Unknown,Daylight,01 - Daylight,Municipal (excl. Twp. Rd.),No control,unknown,0,0,0,FALSE,FALSE,FALSE,Clear,,FALSE,KRUG ST; KRUG ST; Near,1/30/2020 11:44:42 AM,543240.9973,4811481.71
48097,18-196260,8/25/2018 1:45:00 PM,2018,8,25,13,45,0,Saturday,542164.5509,4810383.142,-80.478923,43.445171,Intersection related,2,P.D. only,Thru lane,unknown,unknown,Rear end,Unknown,Daylight,01 - Daylight,Regional municipality,Stop sign,Functioning,0,0,0,FALSE,FALSE,FALSE,Clear,,FALSE,KING ST E; PANDORA AVE N; At,1/30/2020 11:44:41 AM,542164.5509,4810383.142
48098,18-197234,8/25/2018 12:00:00 AM,2018,8,25,0,0,0,Saturday,541723.0611,4808784.082,-80.484501,43.430798,At/near private drive,2,P.D. only,Right shoulder,unknown,unknown,SMV unattended vehicle,Unknown,Dark,07 - Dark,Municipal (excl. Twp. Rd.),No control,unknown,0,0,0,FALSE,FALSE,FALSE,Clear,,FALSE,KEHL ST ; KEHL ST,1/30/2020 11:44:40 AM,541723.0611,4808784.082
48099,18-197272,8/27/2018 10:30:00 AM,2018,8,27,10,30,0,Monday,542396.1412,4810717.619,-80.476035,43.44817,At/near private drive,2,P.D. only,Right shoulder,unknown,unknown,Other,Unknown,Daylight,01 - Daylight,Municipal (excl. Twp. Rd.),No control,unknown,0,0,0,FALSE,FALSE,FALSE,Clear,,FALSE,PANDORA AVE N; PANDORA AVE N,1/30/2020 11:44:39 AM,542396.1412,4810717.619
48100,18-197670,8/27/2018 8:55:00 PM,2018,8,27,20,55,0,Monday,544978.8562,4810993.766,-80.444094,43.450506,At/near private drive,1,Non-fatal injury,Off highway,unknown,unknown,SMV other,Unknown,"Dark, artificial","08 - Dark, artificial",unknown,Traffic signal,Functioning,0,0,0,TRUE,FALSE,FALSE,Clear,,FALSE,RIVER RD E; OTTAWA ST N; At; 0 M,2/19/2019 2:08:22 PM,544978.8562,4810993.766
48101,18-197712,8/28/2018 8:45:00 AM,2018,8,28,8,45,0,Tuesday,543177.4854,4804476.555,-80.466872,43.39193,Non intersection,2,P.D. only,Thru lane,unknown,unknown,Sideswipe,Unknown,Daylight,01 - Daylight,Regional municipality,No control,unknown,0,0,0,FALSE,FALSE,FALSE,Clear,,FALSE,HURON RD; STRASBURG RD; Near,1/30/2020 11:44:38 AM,543177.4854,4804476.555
48102,18-197852,8/28/2018 1:15:00 PM,2018,8,28,13,15,0,Tuesday,539079.5846,4811109.091,-80.516995,43.451875,At intersection,2,P.D. only,Within intersection,unknown,unknown,Angle,Unknown,Daylight,01 - Daylight,Municipal (excl. Twp. Rd.),Traffic signal,Functioning,0,0,0,FALSE,FALSE,FALSE,Clear,,FALSE,BELMONT AVE W; GLASGOW ST; 5 M,1/30/2020 11:44:37 AM,539079.5846,4811109.091
48103,18-197985,8/27/2018 5:13:00 PM,2018,8,27,17,13,0,Monday,541193.069,4811939.757,-80.490811,43.459241,Non intersection,2,P.D. only,Thru lane,unknown,unknown,Rear end,Unknown,Daylight,01 - Daylight,Municipal (excl. Twp. Rd.),No control,unknown,0,0,0,FALSE,FALSE,FALSE,Clear,,FALSE,MARGARET AVE; MARGARET AVE ; Near,1/30/2020 11:44:36 AM,541193.069,4811939.757
48104,18-198045,8/27/2018 5:05:00 PM,2018,8,27,17,5,0,Monday,545276.9936,4806434.518,-80.440788,43.409436,At intersection,2,P.D. only,Right turn lane,unknown,unknown,Turning movement,Stop sign,Daylight,01 - Daylight,Municipal (excl. Twp. Rd.),Yield sign,Functioning,0,0,0,FALSE,FALSE,FALSE,Clear,,FALSE,WILSON AVE; WABANAKI DR,1/30/2020 11:44:35 AM,545276.9936,4806434.518
48105,18-198072,8/28/2018 2:00:00 PM,2018,8,28,14,0,0,Tuesday,543130.9748,4811428.559,-80.466898,43.454529,At intersection,2,P.D. only,Within intersection,unknown,unknown,Turning movement,Unknown,Daylight,01 - Daylight,Municipal (excl. Twp. Rd.),Stop sign,Functioning,0,0,0,FALSE,FALSE,FALSE,Clear,,FALSE,KRUG ST; BECKER ST,1/30/2020 11:44:34 AM,543130.9748,4811428.559
48106,18-198789,8/28/2018 4:00:00 PM,2018,8,28,16,0,0,Tuesday,542092.7096,4810438.548,-80.479807,43.445674,Non intersection,2,P.D. only,Thru lane,unknown,unknown,SMV unattended vehicle,Unknown,Daylight,01 - Daylight,Municipal (excl. Twp. Rd.),No control,unknown,0,0,0,FALSE,FALSE,FALSE,Clear,,FALSE,BETZNER; BETZNER AVE N; Near,1/30/2020 11:44:33 AM,542092.7096,4810438.548
48107,18-198848,8/29/2018 12:00:00 PM,2018,8,29,12,0,0,Wednesday,540590.5064,4810002.889,-80.498403,43.441834,At/near private drive,2,P.D. only,Thru lane,unknown,unknown,SMV unattended vehicle,Unknown,Daylight,01 - Daylight,Municipal (excl. Twp. Rd.),No control,unknown,0,0,0,FALSE,FALSE,FALSE,Clear,,FALSE,BROCK ST; BROCK ST ; Near,1/30/2020 11:44:32 AM,540590.5064,4810002.889
48108,18-199120,8/29/2018 4:15:00 PM,2018,8,29,16,15,0,Wednesday,536897.9412,4808763.372,-80.544117,43.430865,At intersection,2,P.D. only,Within intersection,unknown,unknown,Turning movement,Unknown,Daylight,01 - Daylight,Municipal (excl. Twp. Rd.),Stop sign,Functioning,0,0,0,FALSE,FALSE,FALSE,Clear,,FALSE,HIDDEN CREEK DR; WESTFOREST TRAIL,1/30/2020 11:44:31 AM,536897.9412,4808763.372
48109,18-199411,8/30/2018 7:48:00 AM,2018,8,30,7,48,0,Thursday,541068,4811108,0,0,Intersection related,2,P.D. only,Right shoulder,unknown,unknown,SMV unattended vehicle,Unknown,"Daylight, artificial","02 - Daylight, artificial",Municipal (excl. Twp. Rd.),Stop sign,Functioning,0,0,0,FALSE,FALSE,FALSE,Clear,,FALSE,SANDRA AVE; PATRICIA AVE; Near; 20 M,1/30/2020 11:44:30 AM,541068,4811108
48110,18-199438,8/30/2018 8:40:00 AM,2018,8,30,8,40,0,Thursday,543073.9074,4812798.911,-80.467495,43.466871,Intersection related,2,P.D. only,Thru lane,unknown,unknown,Rear end,Unknown,Daylight,01 - Daylight,Regional municipality,Traffic signal,Functioning,0,0,0,FALSE,FALSE,FALSE,Clear,,FALSE,SHIRLEY AVE ; RIVERBEND DR,1/30/2020 11:44:29 AM,543073.9074,4812798.911
48111,18-199516,8/30/2018 10:03:00 AM,2018,8,30,10,3,0,Thursday,542488.4447,4811127.925,-80.474862,43.451859,At intersection,2,P.D. only,Within intersection,unknown,unknown,Angle,Unknown,Daylight,01 - Daylight,Municipal (excl. Twp. Rd.),Stop sign,Functioning,0,0,0,FALSE,FALSE,FALSE,Clear,,FALSE,KRUG ST; LYDIA ST,1/30/2020 11:44:28 AM,542488.4447,4811127.925
48112,18-199606,8/30/2018 11:24:00 AM,2018,8,30,11,24,0,Thursday,539266.5479,4808274.684,-80.514888,43.426344,Non intersection,2,P.D. only,Thru lane,unknown,unknown,SMV other,Unknown,Daylight,01 - Daylight,Municipal (excl. Twp. Rd.),No control,unknown,0,0,0,FALSE,FALSE,FALSE,Clear,,FALSE,RIPPLEWOOD CRES; RIPPLEWOOD CRES; Near; 5 M,1/30/2020 11:44:27 AM,539266.5479,4808274.684
48113,18-199661,8/30/2018 12:44:00 PM,2018,8,30,12,44,0,Thursday,543923.4963,4805132.08,-80.457609,43.397789,Intersection related,1,Non-fatal injury,Right turn channel,unknown,unknown,Rear end,Unknown,Daylight,01 - Daylight,Regional municipality,Yield sign,Functioning,0,0,0,FALSE,FALSE,FALSE,Clear,,FALSE,HURON RD; OLD HURON RD OFF TO HURON RD,1/30/2020 11:44:26 AM,543923.4963,4805132.08
48114,18-200523,8/31/2018 12:37:00 PM,2018,8,31,12,37,0,Friday,541068,4811108,0,0,Non intersection,2,P.D. only,Thru lane,unknown,unknown,Other,Unknown,Daylight,01 - Daylight,Regional municipality,No control,unknown,0,0,0,FALSE,FALSE,FALSE,Clear,,FALSE,KING ST E; EBY ST N; 20 M,1/30/2020 11:44:25 AM,541068,4811108
48115,18-200615,8/31/2018 2:45:00 PM,2018,8,31,14,45,0,Friday,545494.5096,4812247.755,-80.437617,43.461765,At/near private drive,1,Non-fatal injury,Thru lane,unknown,unknown,Other,Unknown,Daylight,01 - Daylight,Municipal (excl. Twp. Rd.),No control,unknown,0,0,0,FALSE,FALSE,FALSE,Clear,,FALSE,LORRAINE AVE ; LORRAINE AVE ; At; 5 M,1/30/2020 11:44:24 AM,545494.5096,4812247.755
48116,18-201768,9/1/2018 6:02:00 PM,2018,9,1,18,2,0,Saturday,541068,4811108,0,0,Non intersection,1,Non-fatal injury,Thru lane,unknown,unknown,Turning movement,Unknown,Daylight,01 - Daylight,unknown,Yield sign,Functioning,0,0,0,FALSE,FALSE,FALSE,Clear,,FALSE,BRIDGEPORT RD E; ERB ST E TO 85 S ON  ; Near; 200 M,2/19/2019 2:08:18 PM,541068,4811108
48117,18-202049,9/1/2018 11:55:00 PM,2018,9,1,23,55,0,Saturday,543760.1834,4811262.173,-80.459134,43.452994,Intersection related,2,P.D. only,Thru lane,unknown,unknown,SMV other,Unknown,Dark,07 - Dark,Municipal (excl. Twp. Rd.),Stop sign,Functioning,0,0,0,FALSE,FALSE,FALSE,Clear,,FALSE,KENWOOD DR; DONALD ST; Near; 15 M,1/30/2020 11:44:23 AM,543760.1834,4811262.173
48118,18-202235,9/2/2018 8:28:00 AM,2018,9,2,8,28,0,Sunday,541068,4811108,0,0,Intersection related,2,P.D. only,Thru lane,unknown,unknown,SMV unattended vehicle,Unknown,Daylight,01 - Daylight,Municipal (excl. Twp. Rd.),Stop sign,Functioning,0,0,0,FALSE,FALSE,FALSE,Clear,,FALSE,WEST OAK TRAIL; BLUE OAK ST ; 50 M,1/30/2020 11:44:23 AM,541068,4811108
48119,18-202304,9/1/2018 11:00:00 AM,2018,9,1,11,0,0,Saturday,545918.3047,4804634.011,-80.433019,43.393185,Non intersection,2,P.D. only,Thru lane,unknown,unknown,SMV unattended vehicle,Unknown,Daylight,01 - Daylight,Municipal (excl. Twp. Rd.),No control,unknown,0,0,0,FALSE,FALSE,FALSE,Clear,,FALSE,OLD CARRIAGE CRT; OLD CARRIAGE CRT,1/30/2020 11:44:21 AM,545918.3047,4804634.011
48120,18-202315,9/1/2018 4:30:00 PM,2018,9,1,16,30,0,Saturday,540698.4919,4809869.8,-80.497079,43.44063,At intersection,2,P.D. only,Within intersection,unknown,unknown,Rear end,Unknown,Daylight,01 - Daylight,Municipal (excl. Twp. Rd.),Stop sign,Functioning,0,0,0,FALSE,FALSE,FALSE,Clear,,FALSE,HIGHLAND RD E; WINSLOW DR,1/30/2020 11:44:20 AM,540698.4919,4809869.801
48121,18-203140,9/1/2018 9:00:00 PM,2018,9,1,21,0,0,Saturday,539606.5697,4806326.563,-80.510828,43.408785,Non intersection,2,P.D. only,Thru lane,unknown,unknown,SMV unattended vehicle,Unknown,"Dark, artificial","08 - Dark, artificial",Municipal (excl. Twp. Rd.),No control,unknown,0,0,0,FALSE,FALSE,FALSE,Clear,,FALSE,ACTIVA AVE; ACTIVA AVE ; Near,1/30/2020 11:44:19 AM,539606.5697,4806326.563
48122,18-203254,9/3/2018 1:49:00 PM,2018,9,3,13,49,0,Monday,538250.7878,4809879.527,-80.527324,43.440847,Intersection related,2,P.D. only,Not on roadway - right side,unknown,unknown,SMV other,Unknown,Daylight,01 - Daylight,Municipal (excl. Twp. Rd.),Stop sign,Functioning,0,0,0,FALSE,FALSE,FALSE,Clear,,FALSE,DALEGROVE DR; HAZELGLEN DR ; At; 20 M,1/30/2020 11:44:19 AM,538250.7878,4809879.527
48123,18-203831,9/4/2018 8:00:00 AM,2018,9,4,8,0,0,Tuesday,544887.8843,4804844.706,-80.445724,43.395145,Intersection related,2,P.D. only,Thru lane,unknown,unknown,Rear end,Unknown,Daylight,01 - Daylight,Municipal (excl. Twp. Rd.),Traffic signal,Functioning,0,0,0,FALSE,FALSE,FALSE,Clear,,FALSE,DOON VILLAGE RD; PIONEER DR ; Near; 50 M,1/30/2020 11:44:18 AM,544887.8843,4804844.706
48124,18-204294,9/4/2018 3:10:00 PM,2018,9,4,15,10,0,Tuesday,541658.179,4812068.395,-80.485052,43.460374,Non intersection,2,P.D. only,Thru lane,unknown,unknown,Rear end,Unknown,Daylight,01 - Daylight,Municipal (excl. Twp. Rd.),No control,unknown,0,0,0,FALSE,FALSE,FALSE,Clear,,FALSE,WELLINGTON ST N; MAJOR ST; Near,1/30/2020 11:44:17 AM,541658.179,4812068.395
48125,18-204353,9/2/2018 1:00:00 PM,2018,9,2,13,0,0,Sunday,541419.0359,4812093.426,-80.488006,43.460612,Non intersection,2,P.D. only,Thru lane,unknown,unknown,SMV unattended vehicle,Unknown,Daylight,01 - Daylight,Municipal (excl. Twp. Rd.),No control,unknown,0,0,0,FALSE,FALSE,FALSE,Clear,,FALSE,LOUISA ST; LOUISA ST,1/30/2020 11:44:16 AM,541419.0359,4812093.426
48126,18-205370,9/5/2018 5:05:00 PM,2018,9,5,17,5,0,Wednesday,541068,4811108,0,0,Intersection related,2,P.D. only,Thru lane,unknown,unknown,Rear end,Unknown,Daylight,01 - Daylight,Municipal (excl. Twp. Rd.),Stop sign,Functioning,0,0,0,FALSE,FALSE,FALSE,Clear,,FALSE,KRUG ST; DUMFRIES AVE,1/30/2020 11:44:15 AM,541068,4811108
48127,18-205479,9/5/2018 10:30:00 AM,2018,9,5,10,30,0,Wednesday,541640.8114,4807887.617,-80.485586,43.422731,Non intersection,2,P.D. only,Thru lane,unknown,unknown,SMV unattended vehicle,Unknown,Daylight,01 - Daylight,Municipal (excl. Twp. Rd.),No control,unknown,0,0,0,FALSE,FALSE,FALSE,Clear,,FALSE,ROBERTSON CRES; ROBERTSON CRES,1/30/2020 11:44:14 AM,541640.8114,4807887.617
48128,18-206048,9/5/2018 6:15:00 PM,2018,9,5,18,15,0,Wednesday,538810.9481,4807713.85,-80.520556,43.421318,At/near private drive,2,P.D. only,Thru lane,unknown,unknown,Other,Unknown,Daylight,01 - Daylight,Municipal (excl. Twp. Rd.),No control,unknown,0,0,0,FALSE,FALSE,FALSE,Clear,,FALSE,FOREST GLEN CRES; FOREST GLEN CRT; At,1/30/2020 11:44:13 AM,538810.9481,4807713.85
48129,18-206088,9/6/2018 8:30:00 AM,2018,9,6,8,30,0,Thursday,541788.3134,4804158.844,-80.484049,43.389148,Non intersection,2,Non-reportable,Thru lane,unknown,unknown,SMV unattended vehicle,Unknown,Daylight,01 - Daylight,Municipal (excl. Twp. Rd.),Traffic controller,unknown,0,0,0,FALSE,FALSE,FALSE,Clear,,FALSE,PARKVALE DR; PARKVALE CRT,1/30/2020 11:44:12 AM,541788.3134,4804158.844
48130,18-206951,9/7/2018 10:12:00 AM,2018,9,7,10,12,0,Friday,540750.7231,4811165.353,-80.496336,43.452293,Non intersection,2,P.D. only,Right shoulder,unknown,unknown,Sideswipe,Unknown,Daylight,01 - Daylight,unknown,No control,unknown,0,0,0,FALSE,FALSE,FALSE,Clear,,FALSE,FRANCIS ST N; KING ST W; 24 M,2/19/2019 2:08:16 PM,540750.7231,4811165.353
48131,18-207225,9/7/2018 12:55:00 PM,2018,9,7,12,55,0,Friday,542626.4926,4808160.113,-80.473388,43.425129,At/near private drive,1,Non-fatal injury,Thru lane,unknown,unknown,Rear end,Unknown,Daylight,01 - Daylight,Municipal (excl. Twp. Rd.),No control,unknown,0,0,0,FALSE,FALSE,FALSE,Clear,,FALSE,HANSON AVE; HANSON AVE; 10 M,1/30/2020 11:44:11 AM,542626.4926,4808160.113
48132,18-207515,9/7/2018 6:10:00 PM,2018,9,7,18,10,0,Friday,544882.0715,4804850.421,-80.445795,43.395197,At intersection,2,P.D. only,Within intersection,unknown,unknown,Rear end,Unknown,Daylight,01 - Daylight,Municipal (excl. Twp. Rd.),Traffic signal,Functioning,0,0,0,FALSE,FALSE,FALSE,Clear,,FALSE,DOON VILLAGE RD; PIONEER DR,1/30/2020 11:44:10 AM,544882.0715,4804850.421
48133,18-207992,9/8/2018 10:03:00 AM,2018,9,8,10,3,0,Saturday,545289.0705,4803405.363,-80.44089,43.382161,Non intersection,2,P.D. only,Thru lane,unknown,unknown,Approaching,Unknown,Daylight,01 - Daylight,Municipal (excl. Twp. Rd.),No control,unknown,0,0,0,FALSE,FALSE,FALSE,Clear,,FALSE,FOREST CREEK DR; APPLERIDGE; 100 M,1/30/2020 11:44:09 AM,545289.0705,4803405.363
48134,18-208151,9/8/2018 1:57:00 PM,2018,9,8,13,57,0,Saturday,542662.0994,4810077.826,-80.472798,43.442394,Intersection related,1,Non-fatal injury,Thru lane,unknown,unknown,Rear end,Unknown,Daylight,01 - Daylight,Regional municipality,No control,unknown,0,0,0,FALSE,FALSE,FALSE,Clear,,FALSE,KING ST E; ONWARD AVE ; Near; 20 M,1/30/2020 11:44:08 AM,542662.0994,4810077.826
48135,18-208516,9/8/2018 10:38:00 PM,2018,9,8,22,38,0,Saturday,542194.2213,4807026.847,-80.478816,43.414949,At/near private drive,2,P.D. only,Thru lane,unknown,unknown,Rear end,Unknown,Dark,07 - Dark,Municipal (excl. Twp. Rd.),Traffic signal,Functioning,0,0,0,FALSE,FALSE,FALSE,Clear,,FALSE,BLOCK LINE RD ; 700 STRASBURG RD ; Near; 150 M,1/30/2020 11:44:07 AM,542194.2213,4807026.847
48136,18-208582,9/8/2018 11:50:00 PM,2018,9,8,23,50,0,Saturday,541068,4811108,0,0,Non intersection,2,P.D. only,Not on roadway - left side,unknown,unknown,SMV other,Unknown,"Daylight, artificial","02 - Daylight, artificial",Municipal (excl. Twp. Rd.),No control,unknown,0,0,0,FALSE,FALSE,FALSE,Clear,,FALSE,THE COUNTRY WAY; THE COUNTRY WAY ; At; 3 M,1/30/2020 11:44:06 AM,541068,4811108
48137,18-209362,9/10/2018 5:22:00 AM,2018,9,10,5,22,0,Monday,542783.2857,4804147.748,-80.471765,43.388992,At intersection,2,P.D. only,Within intersection,unknown,unknown,Turning movement,Unknown,"Daylight, artificial","02 - Daylight, artificial",unknown,Stop sign,Functioning,0,0,0,FALSE,FALSE,FALSE,Rain,,FALSE,HURON RD ; PARKVALE DR,2/19/2019 2:08:14 PM,542783.2857,4804147.748
48138,18-209484,9/10/2018 9:24:00 AM,2018,9,10,9,24,0,Monday,545049.2555,4810838.304,-80.443237,43.449102,At intersection,2,P.D. only,Within intersection,unknown,unknown,Turning movement,Unknown,Daylight,01 - Daylight,Municipal (excl. Twp. Rd.),Traffic signal,Functioning,0,0,0,FALSE,FALSE,FALSE,Rain,,FALSE,HOLBORN DR; RIVER RD E,1/30/2020 11:44:05 AM,545049.2555,4810838.304
48139,18-209542,9/10/2018 10:50:00 AM,2018,9,10,10,50,0,Monday,541068,4811108,0,0,At intersection,2,P.D. only,Within intersection,unknown,unknown,Turning movement,Unknown,Daylight,01 - Daylight,Municipal (excl. Twp. Rd.),Stop sign,Functioning,0,0,0,FALSE,FALSE,FALSE,Rain,,FALSE,CHARLES ST E; SYDNEY ST S,1/30/2020 11:44:04 AM,541068,4811108
48140,18-209742,9/10/2018 3:38:00 PM,2018,9,10,15,38,0,Monday,545521.5088,4803693.844,-80.437996,43.384744,Non intersection,2,P.D. only,Thru lane,unknown,unknown,SMV unattended vehicle,Unknown,Daylight,01 - Daylight,Municipal (excl. Twp. Rd.),No control,unknown,0,0,0,FALSE,FALSE,FALSE,Rain,,FALSE,WOODFIELD ST; WOODFIELD ST ; At; 5 M,1/30/2020 11:44:03 AM,545521.5088,4803693.844
48141,18-209824,9/10/2018 5:24:00 PM,2018,9,10,17,24,0,Monday,540375.7775,4812111.608,-80.5009,43.460833,At/near private drive,2,P.D. only,Thru lane,unknown,unknown,SMV unattended vehicle,Unknown,Daylight,01 - Daylight,Municipal (excl. Twp. Rd.),No control,unknown,0,0,0,FALSE,FALSE,FALSE,Clear,,FALSE,GUELPH ST; GUELPH ST ; Near; 100 M,1/30/2020 11:44:02 AM,540375.7775,4812111.608
48142,18-209928,9/10/2018 8:02:00 PM,2018,9,10,20,2,0,Monday,542695.2083,4803595.832,-80.472896,43.384028,At/near private drive,2,P.D. only,Off highway,unknown,unknown,SMV other,Unknown,"Daylight, artificial","02 - Daylight, artificial",Private property,No control,unknown,0,0,0,FALSE,FALSE,FALSE,Rain,,FALSE,ROCKCLIFFE DR; ROCKCLIFFE DR ; At; 1 M,1/30/2020 11:44:01 AM,542695.2083,4803595.832
48143,18-210441,9/10/2018 10:30:00 AM,2018,9,10,10,30,0,Monday,539205.2693,4805379.728,-80.515853,43.400281,At/near private drive,2,P.D. only,Thru lane,unknown,unknown,SMV unattended vehicle,Unknown,Daylight,01 - Daylight,Municipal (excl. Twp. Rd.),No control,unknown,0,0,0,FALSE,FALSE,FALSE,Rain,,FALSE,RED CLOVER CRT; RED CLOVER CRT ; Near,1/30/2020 11:44:00 AM,539205.2693,4805379.728
48144,18-210682,9/11/2018 4:35:00 PM,2018,9,11,16,35,0,Tuesday,548115.9494,4804527.757,-80.405893,43.392091,At/near private drive,2,P.D. only,Thru lane,unknown,unknown,Turning movement,Unknown,Daylight,01 - Daylight,Municipal (excl. Twp. Rd.),Stop sign,Functioning,0,0,0,FALSE,FALSE,FALSE,Clear,,FALSE,DOON VALLEY DR; DOON VALLEY DR,1/30/2020 11:43:59 AM,548115.9494,4804527.757
48145,18-211050,9/12/2018 7:55:00 AM,2018,9,12,7,55,0,Wednesday,541138.8909,4809251.449,-80.491683,43.435038,Non intersection,1,Non-fatal injury,Right shoulder,unknown,unknown,SMV unattended vehicle,Unknown,Daylight,01 - Daylight,Municipal (excl. Twp. Rd.),No control,unknown,0,0,0,FALSE,FALSE,FALSE,Clear,,FALSE,HIGHLAND RD E; MAUSSER AVE; Near; 100 M,1/30/2020 11:43:58 AM,541138.8909,4809251.449
48146,18-211561,9/11/2018 8:15:00 PM,2018,9,11,20,15,0,Tuesday,537278.3167,4807402.405,-80.53951,43.418592,Non intersection,2,P.D. only,Thru lane,unknown,unknown,SMV unattended vehicle,Unknown,Dark,07 - Dark,Municipal (excl. Twp. Rd.),No control,unknown,0,0,0,FALSE,FALSE,FALSE,Clear,,FALSE,DRIFTWOOD DR; DRIFTWOOD DR,1/30/2020 11:43:57 AM,537278.3167,4807402.405
48147,18-211698,9/11/2018 9:10:00 PM,2018,9,11,21,10,0,Tuesday,541485.7538,4811231.691,-80.487247,43.45285,At/near private drive,2,P.D. only,Thru lane,unknown,unknown,SMV unattended vehicle,Unknown,"Dark, artificial","08 - Dark, artificial",Municipal (excl. Twp. Rd.),No control,unknown,0,0,0,FALSE,FALSE,FALSE,Clear,,FALSE,ROY ST; ROY ST; Near,1/30/2020 11:43:56 AM,541485.7538,4811231.691