OBJECTID,ACCIDENTNUM,ACCIDENTDATE,ACCIDENT_YEAR,ACCIDENT_MONTH,ACCIDENT_DAY,ACCIDENT_HOUR,ACCIDENT_MINUTE,ACCIDENT_SECOND,ACCIDENT_WEEKDAY,XCOORD,YCOORD,LONGITUDE,LATITUDE,ACCIDENTLOCATION,COLLISIONTYPE,CLASSIFICATIONOFACCIDENT,IMPACTLOCATION,INITIALDIRECTIONOFTRAVELONE,INITIALDIRECTIONOFTRAVELTWO,INITIALIMPACTTYPE,INTTRAFFICCONTROL,LIGHT,LIGHTFORREPORT,ROADJURISDICTION,TRAFFICCONTROL,TRAFFICCONTROLCONDITION,THRULANENO,NORTHBOUNDDISOBEYCOUNT,SOUTHBOUNDDISOBEYCOUNT,PEDESTRIANINVOLVED,CYCLISTINVOLVED,MOTORCYCLISTINVOLVED,ENVIRONMENTCONDITION1,ENVIRONMENTCONDITION2,SELFREPORTED,XMLIMPORTNOTES,LASTEDITEDDATE,x,y
48148,18-212007,9/13/2018 8:30:00 AM,2018,9,13,8,30,0,Thursday,541981.1978,4810677.709,-80.481166,43.447834,At intersection,2,P.D. only,Within intersection,unknown,unknown,Angle,Unknown,Daylight,01 - Daylight,unknown,Stop sign,Functioning,0,0,1,FALSE,FALSE,FALSE,Clear,,FALSE,DUKE ST E; MADISON AVE N,2/19/2019 2:08:13 PM,541981.1978,4810677.709
48149,18-212282,9/12/2018 6:30:00 PM,2018,9,12,18,30,0,Wednesday,539498.3596,4808134.68,-80.512034,43.425071,Intersection related,2,P.D. only,Thru lane,unknown,unknown,SMV other,Unknown,Daylight,01 - Daylight,Municipal (excl. Twp. Rd.),Stop sign,Functioning,0,0,0,FALSE,FALSE,FALSE,Clear,,FALSE,GREENBROOK DR; STONYBROOK DR,1/30/2020 11:43:55 AM,539498.3596,4808134.68
48150,18-212930,9/14/2018 9:05:00 AM,2018,9,14,9,5,0,Friday,543216.3407,4804529.006,-80.466388,43.3924,Intersection related,1,Non-fatal injury,Right turn lane,unknown,unknown,Sideswipe,Unknown,Daylight,01 - Daylight,Regional municipality,Yield sign,Functioning,0,0,0,FALSE,FALSE,FALSE,Clear,,FALSE,STRASBURG RD; HURON RD,1/30/2020 11:43:54 AM,543216.3407,4804529.006
48151,18-213303,9/13/2018 6:00:00 PM,2018,9,13,18,0,0,Thursday,540984.5217,4805734.664,-80.493854,43.403382,At/near private drive,2,P.D. only,Thru lane,unknown,unknown,SMV unattended vehicle,Unknown,Daylight,01 - Daylight,Municipal (excl. Twp. Rd.),No control,unknown,0,0,0,FALSE,FALSE,FALSE,Clear,,FALSE,TAMVALE CRES; TAMVALE CRES,1/30/2020 11:43:53 AM,540984.5216,4805734.665
48152,18-213384,9/13/2018 8:00:00 PM,2018,9,13,20,0,0,Thursday,540097.2958,4807328.441,-80.504694,43.41778,Non intersection,2,P.D. only,Thru lane,unknown,unknown,SMV unattended vehicle,Unknown,Dark,07 - Dark,Municipal (excl. Twp. Rd.),No control,unknown,0,0,0,FALSE,FALSE,FALSE,Clear,,FALSE,PINEDALE DR; PINEDALE DR,1/30/2020 11:43:52 AM,540097.2958,4807328.441
48153,18-213497,9/7/2018 5:15:00 PM,2018,9,7,17,15,0,Friday,544451.8366,4807214.423,-80.450915,43.416508,Non intersection,1,Non-fatal injury,Thru lane,unknown,unknown,Rear end,Unknown,Daylight,01 - Daylight,unknown,No control,unknown,0,0,0,FALSE,FALSE,FALSE,Clear,,FALSE,WEBSTER RD; MANITOU DR,2/19/2019 2:08:12 PM,544451.8366,4807214.423
48154,18-214240,9/15/2018 2:45:00 PM,2018,9,15,14,45,0,Saturday,544524.5556,4807805.169,-80.449969,43.421823,At/near private drive,2,P.D. only,Thru lane,unknown,unknown,SMV unattended vehicle,Unknown,Daylight,01 - Daylight,Municipal (excl. Twp. Rd.),No control,unknown,0,0,0,FALSE,FALSE,FALSE,Clear,,FALSE,TRAYNOR AVE; TRAYNOR AVE; At; 0 M,1/30/2020 11:43:51 AM,544524.5556,4807805.169
48155,18-214795,9/16/2018 3:29:00 AM,2018,9,16,3,29,0,Sunday,545925.3391,4805398.623,-80.432868,43.40007,Non intersection,2,P.D. only,Thru lane,unknown,unknown,SMV unattended vehicle,Unknown,"Dark, artificial","08 - Dark, artificial",Municipal (excl. Twp. Rd.),No control,unknown,0,0,0,FALSE,FALSE,FALSE,Clear,,FALSE,GREEN VALLEY DR; GREEN VALLEY DR ; Near; 20 M,1/30/2020 11:43:51 AM,545925.3391,4805398.623
48156,18-214965,9/16/2018 7:45:00 AM,2018,9,16,7,45,0,Sunday,541092.8624,4807198.871,-80.492406,43.416559,At/near private drive,2,P.D. only,Thru lane,unknown,unknown,SMV unattended vehicle,Unknown,Daylight,01 - Daylight,Municipal (excl. Twp. Rd.),No control,unknown,0,0,0,FALSE,FALSE,FALSE,Clear,,FALSE,ROSENEATH CRES; ROSENEATH CRES; At; 1 M,1/30/2020 11:43:49 AM,541092.8624,4807198.871
48157,18-214980,9/16/2018 11:07:00 AM,2018,9,16,11,7,0,Sunday,539673.8781,4806484.762,-80.509986,43.410206,At intersection,1,Non-fatal injury,Within intersection,unknown,unknown,Angle,Unknown,Daylight,01 - Daylight,Municipal (excl. Twp. Rd.),Stop sign,Functioning,0,1,0,FALSE,FALSE,FALSE,Clear,,FALSE,ACTIVA AVE ; BUSH CLOVER CRES,1/30/2020 11:43:49 AM,539673.8781,4806484.762
48158,18-215625,9/17/2018 8:09:00 AM,2018,9,17,8,9,0,Monday,547719.6626,4804222.647,-80.410813,43.389369,At/near private drive,2,P.D. only,Thru lane,unknown,unknown,Turning movement,Unknown,Daylight,01 - Daylight,unknown,Stop sign,Functioning,0,0,0,FALSE,FALSE,FALSE,Clear,,FALSE,DOON VALLEY DR; CONESTOGA COLLEGE BLVD; At; 2 M,2/19/2019 2:08:10 PM,547719.6626,4804222.647
48159,18-215775,9/17/2018 11:22:00 AM,2018,9,17,11,22,0,Monday,541956.7539,4815743.418,-80.481078,43.493447,At intersection,2,P.D. only,Within intersection,unknown,unknown,Angle,Unknown,Daylight,01 - Daylight,Municipal (excl. Twp. Rd.),Yield sign,Functioning,0,0,0,FALSE,FALSE,FALSE,Clear,,FALSE,WOOLWICH ST; FALCONRIDGE DR,1/30/2020 11:43:47 AM,541956.7539,4815743.418
48160,18-216169,9/16/2018 9:15:00 PM,2018,9,16,21,15,0,Sunday,541637.6262,4808950.807,-80.485544,43.432304,Non intersection,2,P.D. only,Thru lane,unknown,unknown,SMV unattended vehicle,Unknown,"Dark, artificial","08 - Dark, artificial",Municipal (excl. Twp. Rd.),No control,unknown,0,0,0,FALSE,FALSE,FALSE,Clear,,FALSE,KEHL ST; KEHL ST ; Near,1/30/2020 11:43:46 AM,541637.6262,4808950.807
48161,18-216289,9/17/2018 9:05:00 PM,2018,9,17,21,5,0,Monday,541579.5041,4810751.859,-80.486125,43.448524,Non intersection,2,Non-reportable,Thru lane,unknown,unknown,SMV unattended vehicle,Unknown,"Dark, artificial","08 - Dark, artificial",Regional municipality,No control,unknown,0,0,0,FALSE,FALSE,FALSE,Clear,,FALSE,KING ST E; SCOTT ST; Near,1/30/2020 11:43:45 AM,541579.5041,4810751.859
48162,18-216524,9/18/2018 8:21:00 AM,2018,9,18,8,21,0,Tuesday,542377.2005,4810247.561,-80.476306,43.443938,At/near private drive,2,P.D. only,Left turn lane,unknown,unknown,Turning movement,Unknown,Daylight,01 - Daylight,Regional municipality,No control,unknown,0,0,0,FALSE,FALSE,FALSE,Clear,,FALSE,KING ST E; KING ST E; At; 5 M,1/30/2020 11:43:44 AM,542377.2005,4810247.561
48163,18-216831,9/18/2018 2:32:00 PM,2018,9,18,14,32,0,Tuesday,541395.8154,4810448.913,-80.488418,43.445806,Non intersection,1,Non-fatal injury,Thru lane,unknown,unknown,SMV unattended vehicle,Unknown,Daylight,01 - Daylight,unknown,No control,unknown,0,0,0,FALSE,FALSE,FALSE,Clear,,FALSE,ST GEORGE ST; ST GEORGE ST ; At; 1 M,2/19/2019 2:08:09 PM,541395.8154,4810448.913
48164,18-216876,9/18/2018 3:25:00 PM,2018,9,18,15,25,0,Tuesday,544549.3966,4808980.416,-80.449566,43.432403,At/near private drive,2,Non-reportable,Right turn lane,unknown,unknown,Other,Unknown,Daylight,01 - Daylight,Regional municipality,No control,unknown,0,0,0,FALSE,FALSE,FALSE,Clear,,FALSE,FRANCIS ST S; FRANCIS ST S; 5 M,1/30/2020 11:43:43 AM,544549.3966,4808980.416
48165,18-217519,9/19/2018 10:00:00 AM,2018,9,19,10,0,0,Wednesday,539902.3996,4811151.42,-80.506822,43.452213,Non intersection,2,P.D. only,Thru lane,unknown,unknown,SMV unattended vehicle,Unknown,Daylight,01 - Daylight,Municipal (excl. Twp. Rd.),No control,unknown,0,0,0,FALSE,FALSE,FALSE,Clear,,FALSE,AGNES ST; AGNES ST ; 3 M,1/30/2020 11:43:42 AM,539902.3996,4811151.42
48166,18-217815,9/17/2018 9:50:00 AM,2018,9,17,9,50,0,Monday,549804.5208,4805865.336,-80.384923,43.404024,Non intersection,2,P.D. only,Thru lane,unknown,unknown,Rear end,Unknown,Daylight,01 - Daylight,Regional municipality,No control,unknown,0,0,0,FALSE,FALSE,FALSE,Clear,,FALSE,KING ST E; KING ST E; Near,1/30/2020 11:43:41 AM,549804.5208,4805865.337
48167,18-218667,9/20/2018 8:45:00 AM,2018,9,20,8,45,0,Thursday,543856.683,4805114.361,-80.458435,43.397634,Intersection related,1,Non-fatal injury,Right turn channel,unknown,unknown,Rear end,Unknown,Daylight,01 - Daylight,Regional municipality,Yield sign,Functioning,0,0,0,FALSE,FALSE,FALSE,Clear,,FALSE,HURON RD; TRILLIUM DR,1/30/2020 11:43:41 AM,543856.683,4805114.361
48168,18-219031,9/20/2018 10:30:00 PM,2018,9,20,22,30,0,Thursday,539801.4443,4811316.929,-80.508058,43.453708,Non intersection,2,P.D. only,Not on roadway - left side,unknown,unknown,SMV other,Unknown,Dark,07 - Dark,Municipal (excl. Twp. Rd.),No control,unknown,0,0,0,FALSE,FALSE,FALSE,Clear,,FALSE,GRUHN ST; GRUHN ST ; Near; 5 M,1/30/2020 11:43:39 AM,539801.4443,4811316.929
48169,18-219315,9/14/2018 3:00:00 PM,2018,9,14,15,0,0,Friday,539767.7932,4810163.372,-80.508558,43.443324,At/near private drive,2,P.D. only,Right shoulder,unknown,unknown,SMV unattended vehicle,Unknown,Daylight,01 - Daylight,Regional municipality,No control,unknown,0,0,0,FALSE,FALSE,FALSE,Clear,,FALSE,JACK AVE; JACK AVE,1/30/2020 11:43:39 AM,539767.7932,4810163.373
48170,18-219347,9/21/2018 8:05:00 AM,2018,9,21,8,5,0,Friday,543726.686,4810734.082,-80.459591,43.448242,At intersection,2,P.D. only,Within intersection,unknown,unknown,Turning movement,Unknown,Daylight,01 - Daylight,Municipal (excl. Twp. Rd.),Stop sign,Functioning,0,0,0,FALSE,FALSE,FALSE,Clear,,FALSE,MANCHESTER RD; NOTTINGHAM AVE,1/30/2020 11:43:38 AM,543726.686,4810734.082
48171,18-219476,9/21/2018 9:45:00 AM,2018,9,21,9,45,0,Friday,544603.114,4809259.197,-80.44888,43.43491,At/near private drive,2,P.D. only,Thru lane,unknown,unknown,Turning movement,Unknown,Daylight,01 - Daylight,unknown,No control,unknown,0,0,0,FALSE,FALSE,FALSE,Clear,,FALSE,KINZIE AVE ; WEBER ST E,2/19/2019 2:08:08 PM,544603.114,4809259.197
48172,18-219694,9/21/2018 3:00:00 AM,2018,9,21,3,0,0,Friday,539787.6589,4811122.155,-80.508242,43.451955,Non intersection,2,P.D. only,Thru lane,unknown,unknown,SMV unattended vehicle,Unknown,Dark,07 - Dark,Municipal (excl. Twp. Rd.),No control,unknown,0,0,0,FALSE,FALSE,FALSE,Clear,,FALSE,DOMINION ST; DOMINION ST ; Near,1/30/2020 11:43:37 AM,539787.6589,4811122.155
48173,18-219732,9/21/2018 6:36:00 PM,2018,9,21,18,36,0,Friday,538140.3847,4810653.278,-80.528634,43.447819,Intersection related,2,P.D. only,Not on roadway - right side,unknown,unknown,SMV other,Unknown,"Dusk, artificial","06 - Dusk, artificial",Municipal (excl. Twp. Rd.),Stop sign,Functioning,0,0,0,FALSE,FALSE,FALSE,Clear,,FALSE,INWOOD DR; GLASGOW ST; At,1/30/2020 11:43:36 AM,538140.3847,4810653.278
48174,18-220422,9/22/2018 2:30:00 PM,2018,9,22,14,30,0,Saturday,536837.4607,4808462.416,-80.544884,43.428158,At/near private drive,2,P.D. only,Thru lane,unknown,unknown,SMV unattended vehicle,Unknown,Daylight,01 - Daylight,Municipal (excl. Twp. Rd.),No control,unknown,0,0,0,FALSE,FALSE,FALSE,Clear,,FALSE,WESTMEADOW DR; WESTMEADOW DR ; At,1/30/2020 11:43:35 AM,536837.4607,4808462.416
48175,18-221079,9/23/2018 10:31:00 AM,2018,9,23,10,31,0,Sunday,545316.5795,4804469.798,-80.440462,43.391743,At intersection,1,Non-fatal injury,Within intersection,unknown,unknown,Angle,Unknown,Daylight,01 - Daylight,Municipal (excl. Twp. Rd.),Stop sign,Functioning,0,0,0,FALSE,FALSE,FALSE,Clear,,FALSE,DOON VILLAGE RD; BECHTEL DR,1/30/2020 11:43:35 AM,545316.5795,4804469.798
48176,18-221090,9/20/2018 2:45:00 PM,2018,9,20,14,45,0,Thursday,540389.9284,4812516.004,-80.500696,43.464473,At intersection,2,P.D. only,Within intersection,unknown,unknown,Turning movement,Unknown,Daylight,01 - Daylight,Municipal (excl. Twp. Rd.),Stop sign,Functioning,0,0,0,FALSE,FALSE,FALSE,Clear,,FALSE,ELLIS AVE; HARTWOOD AVE,1/30/2020 11:43:34 AM,540389.9284,4812516.005
48177,18-221295,9/23/2018 3:47:00 PM,2018,9,23,15,47,0,Sunday,545276.1157,4806433.719,-80.440799,43.409429,Intersection related,2,P.D. only,Thru lane,unknown,unknown,Sideswipe,Stop sign,Daylight,01 - Daylight,unknown,Stop sign,Functioning,0,0,0,FALSE,FALSE,FALSE,Clear,,FALSE,WILSON AVE; WABANAKI DR ; Near; 15.5 M,2/19/2019 2:08:06 PM,545276.1157,4806433.719
48178,18-221787,9/24/2018 9:06:00 AM,2018,9,24,9,6,0,Monday,542312.6464,4816397.265,-80.476626,43.499314,Non intersection,2,Non-reportable,Thru lane,unknown,unknown,SMV unattended vehicle,Unknown,Daylight,01 - Daylight,Municipal (excl. Twp. Rd.),No control,unknown,0,0,0,FALSE,FALSE,FALSE,Clear,,FALSE,HAWKSWOOD DR ; FALCONRIDGE DR; Near; 30 M,1/30/2020 11:43:33 AM,542312.6464,4816397.265
48179,18-222075,9/15/2018 2:30:00 PM,2018,9,15,14,30,0,Saturday,547285.7522,4811356.536,-80.415553,43.45363,At/near private drive,2,P.D. only,Thru lane,unknown,unknown,Other,Unknown,Daylight,01 - Daylight,Municipal (excl. Twp. Rd.),No control,unknown,0,0,0,FALSE,FALSE,FALSE,Clear,,FALSE,ZELLER DR; ZELLER DR,1/30/2020 11:43:32 AM,547285.7522,4811356.536
48180,18-222226,9/24/2018 4:45:00 PM,2018,9,24,16,45,0,Monday,541979.6981,4813761.107,-80.480947,43.475597,At/near private drive,2,P.D. only,Thru lane,unknown,unknown,Turning movement,Unknown,Daylight,01 - Daylight,Municipal (excl. Twp. Rd.),Stop sign,Functioning,0,0,0,FALSE,FALSE,FALSE,Clear,,FALSE,RIVERBEND DR; RIVERBEND DR; At; 0 M,1/30/2020 11:43:31 AM,541979.6981,4813761.107
48181,18-222247,9/24/2018 12:00:00 PM,2018,9,24,12,0,0,Monday,542448.3993,4807282.757,-80.475656,43.417239,At intersection,2,P.D. only,Within intersection,unknown,unknown,Turning movement,Unknown,Daylight,01 - Daylight,Municipal (excl. Twp. Rd.),Stop sign,Functioning,0,0,0,FALSE,FALSE,FALSE,Clear,,FALSE,BLOCK LINE RD; COUNTRY HILL DR,1/30/2020 11:43:30 AM,542448.3993,4807282.757
48182,18-222267,9/24/2018 3:40:00 PM,2018,9,24,15,40,0,Monday,541897.4539,4812992.172,-80.482023,43.468678,At intersection,2,P.D. only,Within intersection,unknown,unknown,Angle,Unknown,Daylight,01 - Daylight,Municipal (excl. Twp. Rd.),Stop sign,Functioning,0,0,0,FALSE,FALSE,FALSE,Clear,,FALSE,BIRCH AVE; ARNOLD ST,1/30/2020 11:43:29 AM,541897.4539,4812992.172
48183,18-222348,9/24/2018 7:30:00 AM,2018,9,24,7,30,0,Monday,543311.3008,4808500.954,-80.464901,43.428159,At/near private drive,2,Non-reportable,Right shoulder,unknown,unknown,Other,Unknown,Daylight,01 - Daylight,Municipal (excl. Twp. Rd.),No control,unknown,0,0,0,FALSE,FALSE,FALSE,Clear,,FALSE,WALTON AVE; WALTON AVE,1/30/2020 11:43:28 AM,543311.3008,4808500.954
48184,18-222896,9/25/2018 11:58:00 AM,2018,9,25,11,58,0,Tuesday,541068,4811108,0,0,At/near private drive,2,P.D. only,Right shoulder,unknown,unknown,SMV unattended vehicle,Unknown,Daylight,01 - Daylight,Municipal (excl. Twp. Rd.),No control,unknown,0,0,0,FALSE,FALSE,FALSE,Rain,,FALSE,WILSON AVE ; EIGHTH AVE ; Near; 20 M,1/30/2020 11:43:27 AM,541068,4811108
48185,18-223355,9/25/2018 10:14:00 PM,2018,9,25,22,14,0,Tuesday,541690.5288,4811511.393,-80.484695,43.455357,At intersection,2,P.D. only,Within intersection,unknown,unknown,Turning movement,Unknown,"Dark, artificial","08 - Dark, artificial",unknown,Stop sign,Functioning,0,0,0,FALSE,TRUE,FALSE,Rain,,FALSE,QUEEN ST N; ELLEN ST W,2/19/2019 2:08:05 PM,541690.5288,4811511.393
48186,18-223734,9/21/2018 9:00:00 PM,2018,9,21,21,0,0,Friday,541068,4811108,0,0,At/near private drive,2,P.D. only,Thru lane,unknown,unknown,SMV unattended vehicle,Unknown,Dark,07 - Dark,Municipal (excl. Twp. Rd.),No control,unknown,0,0,0,FALSE,FALSE,FALSE,Rain,,FALSE,SHADY GLEN CRES; SHADY GLEN CRES ; Near,1/30/2020 11:43:26 AM,541068,4811108
48187,18-223876,9/26/2018 2:54:00 PM,2018,9,26,14,54,0,Wednesday,542148.2398,4807082.823,-80.479379,43.415456,At/near private drive,2,P.D. only,Thru lane,unknown,unknown,Turning movement,Unknown,Daylight,01 - Daylight,Municipal (excl. Twp. Rd.),No control,unknown,0,0,0,FALSE,FALSE,FALSE,Clear,,FALSE,STRASBURG RD ; STRASBURG RD; 3 M,1/30/2020 11:43:25 AM,542148.2398,4807082.823
48188,18-224434,9/27/2018 7:30:00 AM,2018,9,27,7,30,0,Thursday,540426.4001,4809605.05,-80.50046,43.438261,Non intersection,2,P.D. only,Thru lane,unknown,unknown,Sideswipe,Unknown,Daylight,01 - Daylight,unknown,No control,unknown,0,0,0,FALSE,FALSE,FALSE,Clear,,FALSE,QUEENS BLVD; QUEENS BLVD ; At; 5 M,2/19/2019 2:08:04 PM,540426.4001,4809605.05
48189,18-224651,9/27/2018 9:30:00 AM,2018,9,27,9,30,0,Thursday,544549.8775,4808980.419,-80.44956,43.432403,Non intersection,2,P.D. only,Thru lane,unknown,unknown,Turning movement,Unknown,Daylight,01 - Daylight,Municipal (excl. Twp. Rd.),No control,unknown,0,0,0,FALSE,FALSE,FALSE,Clear,,FALSE,FRANCIS ST S; FRANCIS ST S,1/30/2020 11:43:24 AM,544549.8775,4808980.419
48190,18-224733,9/27/2018 11:50:00 AM,2018,9,27,11,50,0,Thursday,545364.6335,4811021.913,-80.439324,43.450736,At intersection,2,P.D. only,Within intersection,unknown,unknown,Angle,Unknown,Daylight,01 - Daylight,Municipal (excl. Twp. Rd.),Stop sign,Functioning,0,0,0,FALSE,FALSE,FALSE,Clear,,FALSE,OLD CHICOPEE DR; HOLBORN DR,1/30/2020 11:43:23 AM,545364.6335,4811021.913
48191,18-224757,9/27/2018 7:55:00 AM,2018,9,27,7,55,0,Thursday,545744.0815,4803034.355,-80.435303,43.378793,At/near private drive,2,P.D. only,Thru lane,unknown,unknown,Other,Unknown,Daylight,01 - Daylight,Municipal (excl. Twp. Rd.),No control,unknown,0,0,0,FALSE,FALSE,FALSE,Clear,,FALSE,ROBERT FERRIE DR; ROBERT FERRIE DR,1/30/2020 11:43:23 AM,545744.0815,4803034.355
48192,18-225276,9/28/2018 6:10:00 AM,2018,9,28,6,10,0,Friday,541068,4811108,0,0,Non intersection,2,P.D. only,Thru lane,unknown,unknown,SMV unattended vehicle,Unknown,"Daylight, artificial","02 - Daylight, artificial",Regional municipality,Stop sign,Functioning,0,0,0,FALSE,FALSE,FALSE,Clear,,FALSE,HOWE DR; WINDALE CRES ; 10 M,1/30/2020 11:43:22 AM,541068,4811108
48193,18-225296,9/28/2018 7:00:00 AM,2018,9,28,7,0,0,Friday,541793.7527,4812134.811,-80.483371,43.460964,At intersection,1,Non-fatal injury,Within intersection,unknown,unknown,Angle,Unknown,Dawn,03 - Dawn,unknown,Traffic signal,Functioning,0,0,0,FALSE,FALSE,FALSE,Clear,,FALSE,WELLINGTON ST N; LANCASTER ST W,2/19/2019 2:08:02 PM,541793.7527,4812134.811
48194,18-225368,9/26/2018 10:30:00 PM,2018,9,26,22,30,0,Wednesday,546543.6513,4812460.74,-80.42463,43.463618,At/near private drive,2,P.D. only,Thru lane,unknown,unknown,SMV unattended vehicle,Unknown,Dark,07 - Dark,Municipal (excl. Twp. Rd.),No control,unknown,0,0,0,FALSE,FALSE,FALSE,Clear,,FALSE,OTTERBEIN RD; OTTERBEIN RD ; Near,1/30/2020 11:43:21 AM,546543.6513,4812460.74
48195,18-225452,9/27/2018 10:15:00 PM,2018,9,27,22,15,0,Thursday,547883.8224,4807451.23,-80.408503,43.418429,Non intersection,2,P.D. only,Thru lane,unknown,unknown,SMV other,Unknown,"Dark, artificial","08 - Dark, artificial",Regional municipality,No control,unknown,0,0,0,FALSE,FALSE,FALSE,Clear,,FALSE,KING ST E; KING ST E; Near,1/30/2020 11:43:20 AM,547883.8224,4807451.23
48196,18-225553,9/28/2018 12:54:00 PM,2018,9,28,12,54,0,Friday,541068,4811108,0,0,At/near private drive,2,P.D. only,Right shoulder,unknown,unknown,SMV other,Unknown,Daylight,01 - Daylight,Municipal (excl. Twp. Rd.),No control,unknown,0,0,0,FALSE,FALSE,FALSE,Clear,,FALSE,PATRICIA AVE; PATRICIA AVE ; At; 1 M,1/30/2020 11:43:19 AM,541068,4811108
48197,18-225557,9/28/2018 1:00:00 PM,2018,9,28,13,0,0,Friday,544805.9371,4805155.871,-80.44671,43.397951,Intersection related,2,P.D. only,Thru lane,unknown,unknown,Rear end,Unknown,Daylight,01 - Daylight,unknown,Stop sign,Functioning,0,0,0,FALSE,FALSE,FALSE,Clear,,FALSE,DOON VILLAGE RD; FARRIER DR,2/19/2019 2:08:01 PM,544805.9371,4805155.871
48198,18-225670,9/28/2018 3:30:00 PM,2018,9,28,15,30,0,Friday,545781.7639,4803445.871,-80.434804,43.382496,Non intersection,2,P.D. only,Thru lane,unknown,unknown,Rear end,Unknown,Daylight,01 - Daylight,unknown,School bus,Functioning,0,0,0,FALSE,FALSE,FALSE,Clear,,FALSE,PINE VALLEY DR; PINE VALLEY DR ; Near; 2 M,2/19/2019 2:08:00 PM,545781.7639,4803445.871
48199,18-225778,9/28/2018 6:00:00 PM,2018,9,28,18,0,0,Friday,544113.4299,4812708.174,-80.454651,43.465993,Non intersection,2,P.D. only,Thru lane,unknown,unknown,SMV unattended vehicle,Unknown,Dusk,05 - Dusk,unknown,No control,unknown,0,0,0,FALSE,FALSE,FALSE,Rain,,FALSE,ROTHSAY AVE; ROTHSAY AVE ; 50 M,2/19/2019 2:07:59 PM,544113.4299,4812708.174
48200,18-225830,9/28/2018 7:48:00 PM,2018,9,28,19,48,0,Friday,545274.1656,4806437.541,-80.440823,43.409464,At intersection,1,Non-fatal injury,Within intersection,unknown,unknown,Angle,Stop sign,"Dusk, artificial","06 - Dusk, artificial",unknown,Stop sign,Functioning,0,0,0,FALSE,FALSE,FALSE,Rain,,FALSE,WILSON AVE; WABANAKI DR; 0 M,2/19/2019 2:07:57 PM,545274.1656,4806437.541
48201,18-227082,9/29/2018 8:51:00 PM,2018,9,29,20,51,0,Saturday,541068,4811108,0,0,At intersection,2,P.D. only,Within intersection,unknown,unknown,Turning movement,Unknown,Dark,07 - Dark,Regional municipality,Stop sign,Functioning,0,0,0,FALSE,FALSE,FALSE,Clear,,FALSE,LORRAINE AVE ; CONFEDERATION DR,1/30/2020 11:43:18 AM,541068,4811108
48202,18-227758,9/30/2018 3:00:00 PM,2018,9,30,15,0,0,Sunday,541068,4811108,0,0,At/near private drive,2,P.D. only,Right turn lane,unknown,unknown,Other,Unknown,Daylight,01 - Daylight,Regional municipality,Traffic signal,Functioning,0,0,0,FALSE,FALSE,FALSE,Clear,,FALSE,COURTLAND AVE E; COURTLAND AVE E; At; 5 M,1/30/2020 11:43:17 AM,541068,4811108
48203,18-227776,9/30/2018 3:42:00 PM,2018,9,30,15,42,0,Sunday,542020.6213,4807776.977,-80.480902,43.421713,Other,1,Non-fatal injury,Off highway,unknown,unknown,SMV unattended vehicle,Unknown,Daylight,01 - Daylight,unknown,No control,unknown,0,0,0,FALSE,TRUE,FALSE,Clear,,FALSE,SIDEWALK; APPALACHIAN CRES ; At,2/19/2019 2:07:55 PM,542020.6213,4807776.977
48204,18-228264,9/30/2018 4:00:00 PM,2018,9,30,16,0,0,Sunday,541045.7109,4810506.871,-80.49274,43.446347,At/near private drive,2,P.D. only,Thru lane,unknown,unknown,Other,Unknown,Daylight,01 - Daylight,unknown,Traffic signal,Functioning,0,0,0,FALSE,FALSE,FALSE,Clear,,FALSE,QUEEN ST S; QUEEN ST S; At,2/19/2019 2:07:53 PM,541045.7109,4810506.871
48205,18-228300,10/1/2018 11:00:00 AM,2018,10,1,11,0,0,Monday,545298.2769,4811404.02,-80.440113,43.45418,Non intersection,1,Non-fatal injury,Not on roadway - right side,unknown,unknown,SMV other,Unknown,Daylight,01 - Daylight,Municipal (excl. Twp. Rd.),No control,unknown,0,0,0,FALSE,FALSE,FALSE,Rain,,FALSE,MONTCALM DR; HAMPTON PL; 35 M,1/30/2020 11:43:16 AM,545298.2769,4811404.02
48206,18-228543,10/1/2018 4:42:00 PM,2018,10,1,16,42,0,Monday,541068,4811108,0,0,At intersection,2,P.D. only,Within intersection,unknown,unknown,Turning movement,Unknown,Daylight,01 - Daylight,Municipal (excl. Twp. Rd.),Traffic signal,Functioning,0,0,0,FALSE,FALSE,FALSE,Rain,,FALSE,SHIRLEY AVE ; RIVERBEND DR,1/30/2020 11:43:15 AM,541068,4811108
48207,18-229112,10/2/2018 11:05:00 AM,2018,10,2,11,5,0,Tuesday,542165.8615,4810382.593,-80.478907,43.445166,Intersection related,2,P.D. only,Thru lane,unknown,unknown,Sideswipe,Unknown,Daylight,01 - Daylight,unknown,Stop sign,Functioning,0,0,0,FALSE,FALSE,FALSE,Rain,,FALSE,KING ST E; PANDORA AVE N; 2 M,2/19/2019 2:07:52 PM,542165.8615,4810382.593
48208,18-229809,10/3/2018 8:55:00 AM,2018,10,3,8,55,0,Wednesday,541068,4811108,0,0,At/near private drive,1,Non-fatal injury,Thru lane,unknown,unknown,Other,Unknown,Daylight,01 - Daylight,Municipal (excl. Twp. Rd.),No control,unknown,0,0,0,FALSE,FALSE,FALSE,Clear,,FALSE,GLASGOW ST; GLASGOW ST ; At; 2 M,1/30/2020 11:43:14 AM,541068,4811108
48209,18-229915,10/3/2018 11:19:00 AM,2018,10,3,11,19,0,Wednesday,541068,4811108,0,0,Non intersection,2,P.D. only,Thru lane,unknown,unknown,Sideswipe,Unknown,Daylight,01 - Daylight,Regional municipality,No control,unknown,0,0,0,FALSE,FALSE,FALSE,Clear,,FALSE,FREDERICK ST; RIVER RD E; Near; 50 M,1/30/2020 11:43:13 AM,541068,4811108
48210,18-229942,10/3/2018 11:20:00 AM,2018,10,3,11,20,0,Wednesday,543563.8797,4812257.508,-80.461481,43.461968,Intersection related,2,P.D. only,Thru lane,unknown,unknown,Other,Unknown,Daylight,01 - Daylight,unknown,Traffic signal,Functioning,0,0,0,FALSE,FALSE,FALSE,Clear,,FALSE,FREDERICK ST; RIVER RD E; Near; 40 M,2/19/2019 2:07:50 PM,543563.8797,4812257.508