OBJECTID,ACCIDENTNUM,ACCIDENTDATE,ACCIDENT_YEAR,ACCIDENT_MONTH,ACCIDENT_DAY,ACCIDENT_HOUR,ACCIDENT_MINUTE,ACCIDENT_SECOND,ACCIDENT_WEEKDAY,XCOORD,YCOORD,LONGITUDE,LATITUDE,ACCIDENTLOCATION,COLLISIONTYPE,CLASSIFICATIONOFACCIDENT,IMPACTLOCATION,INITIALDIRECTIONOFTRAVELONE,INITIALDIRECTIONOFTRAVELTWO,INITIALIMPACTTYPE,INTTRAFFICCONTROL,LIGHT,LIGHTFORREPORT,ROADJURISDICTION,TRAFFICCONTROL,TRAFFICCONTROLCONDITION,THRULANENO,NORTHBOUNDDISOBEYCOUNT,SOUTHBOUNDDISOBEYCOUNT,PEDESTRIANINVOLVED,CYCLISTINVOLVED,MOTORCYCLISTINVOLVED,ENVIRONMENTCONDITION1,ENVIRONMENTCONDITION2,SELFREPORTED,XMLIMPORTNOTES,LASTEDITEDDATE,x,y
48211,18-230142,10/3/2018 8:00:00 AM,2018,10,3,8,0,0,Wednesday,544233.1497,4809057.169,-80.453467,43.433113,At/near private drive,2,P.D. only,Right shoulder,unknown,unknown,SMV unattended vehicle,Unknown,Dawn,03 - Dawn,unknown,No control,unknown,0,0,0,FALSE,FALSE,FALSE,Clear,,FALSE,FOURTH AVE; FOURTH AVE ; 2 M,2/19/2019 2:07:48 PM,544233.1497,4809057.169
48212,18-230283,10/3/2018 6:45:00 PM,2018,10,3,18,45,0,Wednesday,544559.2757,4811740.314,-80.449219,43.457252,At intersection,1,Non-fatal injury,Within intersection,unknown,unknown,Turning movement,Unknown,"Daylight, artificial","02 - Daylight, artificial",unknown,Traffic signal,Functioning,0,0,0,FALSE,FALSE,FALSE,Clear,,FALSE,RIVER RD E; LORRAINE AVE,2/19/2019 2:07:47 PM,544559.2757,4811740.314
48213,18-230329,10/3/2018 7:00:00 AM,2018,10,3,7,0,0,Wednesday,539568.2887,4811423.87,-80.510932,43.454684,At intersection,1,Non-fatal injury,Within intersection,unknown,unknown,SMV other,Unknown,Dawn,03 - Dawn,unknown,Stop sign,Functioning,0,0,0,TRUE,FALSE,FALSE,Clear,,FALSE,PARK ST; GREEN ST,2/19/2019 2:07:45 PM,539568.2887,4811423.87
48214,18-230915,10/3/2018 5:05:00 PM,2018,10,3,17,5,0,Wednesday,542110.4337,4812326.18,-80.479442,43.462669,Intersection related,2,P.D. only,Thru lane,unknown,unknown,Rear end,Unknown,Daylight,01 - Daylight,Municipal (excl. Twp. Rd.),Stop sign,Functioning,0,0,0,FALSE,FALSE,FALSE,Clear,,FALSE,WELLINGTON ST N; SPRING VALLEY RD,1/30/2020 11:43:12 AM,542110.4337,4812326.18
48215,18-231601,10/5/2018 8:50:00 AM,2018,10,5,8,50,0,Friday,539055.2262,4805938.282,-80.517665,43.405318,At/near private drive,2,P.D. only,Thru lane,unknown,unknown,Other,Unknown,Daylight,01 - Daylight,Municipal (excl. Twp. Rd.),No control,unknown,0,0,0,FALSE,FALSE,FALSE,Clear,,FALSE,ACTIVA AVE; ACTIVA AVE,1/30/2020 11:43:11 AM,539055.2262,4805938.282
48216,18-232532,10/1/2018 10:16:00 AM,2018,10,1,10,16,0,Monday,542866.3039,4810782.73,-80.47022,43.448729,At intersection,1,Non-fatal injury,Within intersection,unknown,unknown,SMV other,Unknown,Daylight,01 - Daylight,unknown,Stop sign,Functioning,0,0,0,TRUE,FALSE,FALSE,Clear,,FALSE,EAST AVE; STIRLING AVE N,2/19/2019 2:07:43 PM,542866.3039,4810782.73
48217,18-232823,10/6/2018 5:40:00 PM,2018,10,6,17,40,0,Saturday,539731.439,4809665.767,-80.509043,43.438845,At/near private drive,1,Non-fatal injury,Thru lane,unknown,unknown,Angle,Unknown,Daylight,01 - Daylight,unknown,Traffic signal,Functioning,0,0,0,FALSE,FALSE,FALSE,Rain,,FALSE,LAWRENCE AVE; HIGHLAND RD W; 200 M,2/19/2019 2:07:41 PM,539731.439,4809665.767
48218,18-232894,10/6/2018 7:16:00 PM,2018,10,6,19,16,0,Saturday,541068,4811108,0,0,Intersection related,2,P.D. only,Thru lane,unknown,unknown,SMV other,Unknown,Dark,07 - Dark,Municipal (excl. Twp. Rd.),Stop sign,Functioning,0,0,0,FALSE,FALSE,FALSE,Rain,,FALSE,DOON VILLAGE RD; ANVIL ST; 5 M,1/30/2020 11:43:10 AM,541068,4811108
48219,18-232947,10/6/2018 8:24:00 PM,2018,10,6,20,24,0,Saturday,544755.5935,4808022.665,-80.447097,43.423767,At intersection,2,P.D. only,Within intersection,unknown,unknown,Angle,Unknown,Dark,07 - Dark,unknown,Traffic signal,Functioning,0,1,0,FALSE,FALSE,FALSE,Rain,,FALSE,WILSON AVE; TRAYNOR AVE,2/19/2019 2:07:39 PM,544755.5935,4808022.665
48220,18-233258,10/7/2018 4:36:00 AM,2018,10,7,4,36,0,Sunday,541068,4811108,0,0,Non intersection,2,P.D. only,Not on roadway - right side,unknown,unknown,SMV other,Unknown,Dark,07 - Dark,Municipal (excl. Twp. Rd.),No control,unknown,0,0,0,FALSE,FALSE,FALSE,Rain,,FALSE,WILSON AVE; WILSON AVE ; Near; 15 M,1/30/2020 11:43:09 AM,541068,4811108
48221,18-233610,10/7/2018 4:08:00 PM,2018,10,7,16,8,0,Sunday,541068,4811108,0,0,Non intersection,2,P.D. only,Thru lane,unknown,unknown,SMV unattended vehicle,Unknown,Daylight,01 - Daylight,Municipal (excl. Twp. Rd.),No control,unknown,0,0,0,FALSE,FALSE,FALSE,Other,,FALSE,DOON SOUTH DR; DOON SOUTH DR ; Near; 12 M,1/30/2020 11:43:08 AM,541068,4811108
48222,18-234037,10/7/2018 6:40:00 AM,2018,10,7,6,40,0,Sunday,543358.3275,4814568.818,-80.463838,43.482791,Intersection related,1,Non-fatal injury,Right shoulder,unknown,unknown,SMV other,Unknown,Dark,07 - Dark,unknown,Stop sign,Functioning,0,0,0,TRUE,FALSE,FALSE,Clear,,FALSE,SCHWEITZER ST ; DANIEL AVE ; Near; 15 M,2/19/2019 2:07:38 PM,543358.3275,4814568.818
48223,18-234279,10/8/2018 2:00:00 PM,2018,10,8,14,0,0,Monday,547287.584,4809374.644,-80.415702,43.435785,At/near private drive,1,Non-fatal injury,Thru lane,unknown,unknown,SMV other,Unknown,Daylight,01 - Daylight,Municipal (excl. Twp. Rd.),No control,unknown,0,0,0,FALSE,FALSE,TRUE,Clear,,FALSE,MORRISON RD ; MORRISON RD ; At; 1 M,1/30/2020 11:43:07 AM,547287.584,4809374.645
48224,18-234919,10/9/2018 12:30:00 PM,2018,10,9,12,30,0,Tuesday,546298.9664,4804383.182,-80.42834,43.390903,At/near private drive,2,P.D. only,Thru lane,unknown,unknown,SMV unattended vehicle,Unknown,Daylight,01 - Daylight,unknown,No control,unknown,0,0,0,FALSE,FALSE,FALSE,Clear,,FALSE,OLD CARRIAGE DR; OLD CARRIAGE DR ; At; 1 M,2/19/2019 2:07:35 PM,546298.9664,4804383.182
48225,18-235207,10/9/2018 6:41:00 PM,2018,10,9,18,41,0,Tuesday,545636.0795,4808692.857,-80.436164,43.429748,At/near private drive,2,P.D. only,Two-way left turn lane,unknown,unknown,Turning movement,Unknown,Dawn,03 - Dawn,Regional municipality,No control,unknown,0,0,0,FALSE,FALSE,FALSE,Clear,,FALSE,KING ST E; KING ST E; At; 1 M,1/30/2020 11:43:06 AM,545636.0795,4808692.857
48226,18-235583,10/10/2018 7:30:00 AM,2018,10,10,7,30,0,Wednesday,541508.8722,4803883.419,-80.48752,43.386684,Intersection related,2,P.D. only,Thru lane,unknown,unknown,Sideswipe,Unknown,Daylight,01 - Daylight,unknown,Stop sign,Functioning,0,0,0,FALSE,FALSE,FALSE,Clear,,FALSE,CORSICA ST; SOPHIA CRES; Near; 20 M,2/19/2019 2:07:34 PM,541508.8722,4803883.419
48227,18-235626,10/10/2018 8:28:00 AM,2018,10,10,8,28,0,Wednesday,543728.5967,4810736.011,-80.459567,43.448259,At intersection,2,P.D. only,Within intersection,unknown,unknown,Turning movement,Unknown,Daylight,01 - Daylight,unknown,Stop sign,Functioning,0,0,0,FALSE,FALSE,FALSE,Clear,,FALSE,NOTTINGHAM AVE; MANCHESTER RD,2/19/2019 2:07:33 PM,543728.5967,4810736.011
48228,18-235950,10/10/2018 3:04:00 PM,2018,10,10,15,4,0,Wednesday,538355.3718,4809929.554,-80.526028,43.441292,Non intersection,1,Non-fatal injury,Off highway,unknown,unknown,SMV other,Unknown,Daylight,01 - Daylight,unknown,No control,unknown,0,0,0,FALSE,FALSE,FALSE,Clear,,FALSE,CHOPIN DR; CHOPIN DR; At; 2 M,2/19/2019 2:07:31 PM,538355.3718,4809929.554
48229,18-236183,10/10/2018 7:20:00 PM,2018,10,10,19,20,0,Wednesday,545075.7622,4812150.236,-80.442801,43.460912,At/near private drive,2,P.D. only,Thru lane,unknown,unknown,Turning movement,Unknown,"Dark, artificial","08 - Dark, artificial",unknown,No control,unknown,0,0,0,FALSE,FALSE,FALSE,Clear,,FALSE,CONFEDERATION DR ; CONFEDERATION DR; Near; 20 M,2/19/2019 2:07:30 PM,545075.7622,4812150.236
48230,18-236736,10/11/2018 11:45:00 AM,2018,10,11,11,45,0,Thursday,547018.497,4809847.298,-80.418986,43.440057,At/near private drive,2,P.D. only,Thru lane,unknown,unknown,Other,Unknown,Daylight,01 - Daylight,Municipal (excl. Twp. Rd.),No control,unknown,0,0,0,FALSE,FALSE,FALSE,Clear,,FALSE,BEAUMONT CRES; BEAUMONT CRES ; Near,1/30/2020 11:43:05 AM,547018.497,4809847.298
48231,18-237032,10/11/2018 6:19:00 PM,2018,10,11,18,19,0,Thursday,544563.9539,4808368.207,-80.449436,43.42689,Non intersection,2,P.D. only,Right shoulder,unknown,unknown,SMV unattended vehicle,Unknown,Dusk,05 - Dusk,unknown,No control,unknown,0,0,0,FALSE,FALSE,FALSE,Clear,,FALSE,GREENFIELD AVE; GREENFIELD AVE ; 0 M,2/19/2019 2:07:29 PM,544563.9539,4808368.207
48232,18-237461,10/11/2018 6:45:00 PM,2018,10,11,18,45,0,Thursday,537848.9606,4809102.766,-80.532343,43.433873,Other,2,P.D. only,Off highway,unknown,unknown,SMV other,Unknown,Dusk,05 - Dusk,unknown,No control,unknown,0,0,0,FALSE,FALSE,FALSE,Clear,,FALSE,PRIVATE DRIVE; OPRINGTON DR ; At; 75 M,2/19/2019 2:07:27 PM,537848.9606,4809102.766
48233,18-238623,10/13/2018 4:00:00 PM,2018,10,13,16,0,0,Saturday,541183.3232,4810691.293,-80.491026,43.448,Intersection related,2,P.D. only,Right shoulder,unknown,unknown,SMV other,Unknown,Daylight,01 - Daylight,unknown,Traffic signal,Functioning,0,0,0,FALSE,FALSE,FALSE,Clear,,FALSE,JOSEPH ST; QUEEN ST S,2/19/2019 2:07:26 PM,541183.3232,4810691.293
48234,18-239186,10/13/2018 5:00:00 PM,2018,10,13,17,0,0,Saturday,541068,4811108,0,0,Non intersection,2,P.D. only,Thru lane,unknown,unknown,SMV unattended vehicle,Unknown,Dark,07 - Dark,Municipal (excl. Twp. Rd.),No control,unknown,0,0,0,FALSE,FALSE,FALSE,Clear,,FALSE,SEABROOK DR; SEABROOK DR; At,1/30/2020 11:43:05 AM,541068,4811108
48235,18-239826,10/14/2018 2:30:00 PM,2018,10,14,14,30,0,Sunday,545567.4679,4809027.95,-80.436984,43.43277,At/near private drive,1,Non-fatal injury,Thru lane,unknown,unknown,Rear end,Unknown,Daylight,01 - Daylight,unknown,No control,unknown,0,0,0,FALSE,FALSE,FALSE,Clear,,FALSE,KINZIE AVE; KINZIE AVE ; Near; 1 M,2/19/2019 2:07:24 PM,545567.4679,4809027.95
48236,18-240576,10/16/2018 8:30:00 AM,2018,10,16,8,30,0,Tuesday,543515.4533,4811073.393,-80.462174,43.451309,Intersection related,1,Non-fatal injury,Thru lane,unknown,unknown,Sideswipe,Unknown,Daylight,01 - Daylight,unknown,Stop sign,Functioning,0,0,0,FALSE,TRUE,FALSE,Clear,,FALSE,ADA ST ; WEDGEWOOD DR ; Near; 1 M,2/19/2019 2:07:23 PM,543515.4533,4811073.393
48237,18-240762,10/16/2018 12:30:00 PM,2018,10,16,12,30,0,Tuesday,541343.3649,4809060.686,-80.489171,43.43331,At intersection,2,P.D. only,Within intersection,unknown,unknown,Angle,Unknown,Daylight,01 - Daylight,unknown,Stop sign,Functioning,0,0,1,FALSE,FALSE,FALSE,Clear,,FALSE,HIGHLAND RD E; HEIMAN ST,2/19/2019 2:07:22 PM,541343.3649,4809060.686
48238,18-240948,10/13/2018 12:37:00 PM,2018,10,13,12,37,0,Saturday,548792.8089,4806331.535,-80.397375,43.408288,Non intersection,2,P.D. only,Thru lane,unknown,unknown,Rear end,Unknown,Daylight,01 - Daylight,Regional municipality,No control,unknown,0,0,0,FALSE,FALSE,FALSE,Clear,,FALSE,KING ST E; KING ST E,1/30/2020 11:43:04 AM,548792.8089,4806331.535
48239,18-240976,10/16/2018 4:00:00 PM,2018,10,16,16,0,0,Tuesday,537649.8354,4807392.669,-80.534921,43.418485,Intersection related,2,P.D. only,Thru lane,unknown,unknown,SMV unattended vehicle,Unknown,Daylight,01 - Daylight,unknown,Stop sign,Functioning,0,0,0,FALSE,FALSE,FALSE,Clear,,FALSE,WESTHEIGHTS DR; DRIFTWOOD DR,2/19/2019 2:07:21 PM,537649.8354,4807392.669
48240,18-241512,10/15/2018 3:30:00 PM,2018,10,15,15,30,0,Monday,536486.9372,4807175.86,-80.549301,43.416591,At/near private drive,2,P.D. only,Thru lane,unknown,unknown,SMV unattended vehicle,Unknown,Daylight,01 - Daylight,Municipal (excl. Twp. Rd.),No control,unknown,0,0,0,FALSE,FALSE,FALSE,Clear,,FALSE,BENT WILLOW DR; BENT WILLOW DR ; Near,1/30/2020 11:43:03 AM,536486.9372,4807175.86
48241,18-241565,10/17/2018 11:00:00 AM,2018,10,17,11,0,0,Wednesday,544933.3122,4806326.176,-80.445041,43.408481,At/near private drive,2,P.D. only,Thru lane,unknown,unknown,Angle,Unknown,Daylight,01 - Daylight,Municipal (excl. Twp. Rd.),No control,unknown,0,0,0,FALSE,FALSE,FALSE,Clear,,FALSE,WABANAKI DR; WABANAKI DR; At; 0 M,1/30/2020 11:43:02 AM,544933.3122,4806326.176
48242,18-241607,10/16/2018 6:30:00 PM,2018,10,16,18,30,0,Tuesday,542145.7323,4807085.999,-80.47941,43.415485,At/near private drive,2,P.D. only,Thru lane,unknown,unknown,Turning movement,Unknown,Daylight,01 - Daylight,Municipal (excl. Twp. Rd.),Traffic signal,Functioning,0,0,0,FALSE,FALSE,FALSE,Clear,,FALSE,BLOCK LINE RD; STRASBURG RD,1/30/2020 11:43:01 AM,542145.7323,4807085.999
48243,18-241752,10/17/2018 4:46:00 PM,2018,10,17,16,46,0,Wednesday,542523.8768,4812526.404,-80.474315,43.464449,Non intersection,2,P.D. only,Thru lane,unknown,unknown,Rear end,Unknown,Daylight,01 - Daylight,unknown,No control,unknown,0,0,0,FALSE,FALSE,FALSE,Clear,,FALSE,WELLINGTON ST N; WELLINGTON ST N N TO 85 S ON; At; 3 M,2/19/2019 2:07:19 PM,542523.8768,4812526.404
48244,18-241785,10/17/2018 5:20:00 PM,2018,10,17,17,20,0,Wednesday,540471.9025,4809715.414,-80.49989,43.439252,At/near private drive,2,P.D. only,Not on roadway - right side,unknown,unknown,SMV other,Unknown,Daylight,01 - Daylight,unknown,Stop sign,Functioning,0,0,0,FALSE,FALSE,FALSE,Rain,,FALSE,QUEENS BLVD ; HIGHLAND RD W; At; 2 M,2/19/2019 2:07:18 PM,540471.9025,4809715.414
48245,18-242452,10/17/2018 7:10:00 PM,2018,10,17,19,10,0,Wednesday,541035.9516,4810977.397,-80.492825,43.450585,Non intersection,2,P.D. only,Not on roadway - left side,unknown,unknown,SMV other,Unknown,Daylight,01 - Daylight,Municipal (excl. Twp. Rd.),No control,unknown,0,0,0,FALSE,FALSE,FALSE,Clear,,FALSE,GAUKEL ST; HALLS LANE W; Near; 20 M,1/30/2020 11:43:00 AM,541035.9516,4810977.397
48246,18-243079,10/19/2018 9:03:00 AM,2018,10,19,9,3,0,Friday,545979.4577,4805450.097,-80.432195,43.40053,Non intersection,2,P.D. only,Thru lane,unknown,unknown,SMV other,Unknown,Daylight,01 - Daylight,unknown,No control,unknown,0,0,0,FALSE,FALSE,FALSE,Clear,,FALSE,MILL PARK DR; GREEN VALLEY DR; 22 M,2/19/2019 2:07:17 PM,545979.4577,4805450.097
48247,18-243108,10/18/2018 10:00:00 AM,2018,10,18,10,0,0,Thursday,546202.5004,4803649.215,-80.429593,43.384301,At/near private drive,2,P.D. only,Thru lane,unknown,unknown,Other,Unknown,Daylight,01 - Daylight,Municipal (excl. Twp. Rd.),No control,unknown,0,0,0,FALSE,FALSE,FALSE,Clear,,FALSE,DOON MILLS DR; DOON MILLS DR,1/30/2020 11:42:59 AM,546202.5004,4803649.215
48248,18-243113,10/17/2018 7:00:00 PM,2018,10,17,19,0,0,Wednesday,542276.7835,4810556.948,-80.477523,43.44673,Non intersection,2,P.D. only,Thru lane,unknown,unknown,SMV unattended vehicle,Unknown,"Dark, artificial","08 - Dark, artificial",Municipal (excl. Twp. Rd.),No control,unknown,0,0,0,FALSE,FALSE,FALSE,Clear,,FALSE,PANDORA AVE N; PANDORA AVE N,1/30/2020 11:42:58 AM,542276.7835,4810556.948
48249,18-243183,10/19/2018 11:29:00 AM,2018,10,19,11,29,0,Friday,546128.7862,4814092.578,-80.42962,43.478337,At/near private drive,2,P.D. only,Thru lane,unknown,unknown,Rear end,Unknown,Daylight,01 - Daylight,Municipal (excl. Twp. Rd.),No control,unknown,0,0,0,FALSE,FALSE,FALSE,Clear,,FALSE,SHIRLEY DR; SHIRLEY DR; Near,1/30/2020 11:42:57 AM,546128.7862,4814092.578
48250,18-243325,10/19/2018 8:10:00 AM,2018,10,19,8,10,0,Friday,541801.9846,4810017.191,-80.483432,43.441897,At/near private drive,1,Non-fatal injury,Off highway,unknown,unknown,SMV other,Unknown,Daylight,01 - Daylight,unknown,No control,unknown,0,0,0,TRUE,FALSE,FALSE,Clear,,FALSE,STIRLING AVE S; STIRLING AVE S; At; 1 M,2/19/2019 2:07:16 PM,541801.9846,4810017.191
48251,18-243370,10/19/2018 3:24:00 PM,2018,10,19,15,24,0,Friday,539593.8328,4806296.772,-80.510988,43.408518,At/near private drive,1,Non-fatal injury,Thru lane,unknown,unknown,SMV other,Unknown,Daylight,01 - Daylight,unknown,No control,unknown,0,0,0,TRUE,FALSE,FALSE,Clear,,FALSE,ACTIVA AVE; ACTIVA AVE ; Near; 8 M,2/19/2019 2:07:14 PM,539593.8328,4806296.772
48252,18-243561,10/19/2018 5:30:00 PM,2018,10,19,17,30,0,Friday,540164.5832,4805724.229,-80.503981,43.403332,Non intersection,2,P.D. only,Thru lane,unknown,unknown,SMV unattended vehicle,Unknown,Daylight,01 - Daylight,Municipal (excl. Twp. Rd.),No control,unknown,0,0,0,FALSE,FALSE,FALSE,Clear,,FALSE,COMMONWEALTH CRES; COMMONWEALTH CRES; Near,1/30/2020 11:42:55 AM,540164.5832,4805724.229
48253,18-243571,10/19/2018 7:24:00 PM,2018,10,19,19,24,0,Friday,538900.9433,4811471.077,-80.519177,43.455144,Intersection related,1,Non-fatal injury,Thru lane,unknown,unknown,Turning movement,Unknown,Dark,07 - Dark,unknown,Stop sign,Functioning,0,0,0,FALSE,TRUE,FALSE,Rain,,FALSE,BELMONT AVE W; UNION BLVD; Near; 10 M,2/19/2019 2:07:12 PM,538900.9433,4811471.077
48254,18-244033,10/19/2018 9:45:00 PM,2018,10,19,21,45,0,Friday,543157.2041,4810409.01,-80.466654,43.445348,Non intersection,2,P.D. only,Thru lane,unknown,unknown,SMV unattended vehicle,Unknown,"Dark, artificial","08 - Dark, artificial",Municipal (excl. Twp. Rd.),No control,unknown,0,0,0,FALSE,FALSE,FALSE,Rain,,FALSE,MCKENZIE AVE; MCKENZIE AVE,1/30/2020 11:42:54 AM,543157.2041,4810409.01
48255,18-244160,10/20/2018 3:15:00 PM,2018,10,20,15,15,0,Saturday,541068,4811108,0,0,Intersection related,1,Non-fatal injury,Thru lane,unknown,unknown,Sideswipe,Unknown,Daylight,01 - Daylight,unknown,Stop sign,Functioning,0,0,0,FALSE,TRUE,FALSE,Clear,,FALSE,LINCOLN RD; MAYFIELD AVE; 50 M,2/19/2019 2:07:10 PM,541068,4811108
48256,18-244196,10/20/2018 3:00:00 PM,2018,10,20,15,0,0,Saturday,542164.7632,4810543.123,-80.478908,43.446612,At intersection,2,P.D. only,Within intersection,unknown,unknown,Angle,Unknown,Daylight,01 - Daylight,Municipal (excl. Twp. Rd.),Stop sign,Functioning,0,0,0,FALSE,FALSE,FALSE,Clear,,FALSE,BETZNER AVE N; DUKE ST E,1/30/2020 11:42:54 AM,542164.7632,4810543.123
48257,18-244733,10/21/2018 1:00:00 AM,2018,10,21,1,0,0,Sunday,541247.1551,4807140.852,-80.490505,43.416029,Non intersection,2,P.D. only,Not on roadway - left side,unknown,unknown,SMV other,Unknown,Dark,07 - Dark,unknown,No control,unknown,0,0,0,FALSE,FALSE,FALSE,Clear,,FALSE,BLACKHORNE DR ; ROSENEATH CRES ; Near; 9 M,2/19/2019 2:07:09 PM,541247.1551,4807140.852
48258,18-244945,10/21/2018 8:30:00 AM,2018,10,21,8,30,0,Sunday,539582.9952,4810289.302,-80.510832,43.444467,Non intersection,2,P.D. only,Thru lane,unknown,unknown,SMV unattended vehicle,Unknown,Daylight,01 - Daylight,Municipal (excl. Twp. Rd.),No control,unknown,0,0,0,FALSE,FALSE,FALSE,Clear,,FALSE,TALBOT ST; TALBOT ST,1/30/2020 11:42:53 AM,539582.9952,4810289.302
48259,18-245473,10/22/2018 10:25:00 AM,2018,10,22,10,25,0,Monday,544423.9154,4807836.633,-80.45121,43.422112,Non intersection,2,P.D. only,Not on roadway - right side,unknown,unknown,SMV other,Unknown,Daylight,01 - Daylight,Municipal (excl. Twp. Rd.),No control,unknown,0,0,0,FALSE,FALSE,FALSE,Clear,,FALSE,BELWOOD CRES; BELWOOD CRES; Near; 1 M,1/30/2020 11:42:52 AM,544423.9154,4807836.633
48260,18-245726,10/22/2018 3:10:00 PM,2018,10,22,15,10,0,Monday,537622.5342,4807072.538,-80.535281,43.415604,Non intersection,2,Non-reportable,Thru lane,unknown,unknown,Sideswipe,Unknown,Daylight,01 - Daylight,unknown,No control,unknown,0,0,0,FALSE,FALSE,FALSE,Clear,,FALSE,PARKLAND CRES; PARKLAND CRES,2/19/2019 2:07:08 PM,537622.5342,4807072.539
48261,18-246116,10/23/2018 6:20:00 AM,2018,10,23,6,20,0,Tuesday,546697.2223,4802285.289,-80.423602,43.371989,Non intersection,2,P.D. only,Not on roadway - right side,unknown,unknown,SMV other,Unknown,Dark,07 - Dark,unknown,No control,unknown,0,0,0,FALSE,FALSE,FALSE,Clear,,FALSE,REICHERT DR ; NEW DUNDEE RD ; 100 M,2/19/2019 2:07:06 PM,546697.2223,4802285.289
48262,18-246442,10/23/2018 2:29:00 PM,2018,10,23,14,29,0,Tuesday,540516.2746,4811536.577,-80.499206,43.455648,Intersection related,1,Non-fatal injury,Thru lane,unknown,unknown,Turning movement,Unknown,Daylight,01 - Daylight,unknown,Stop sign,Functioning,0,0,0,FALSE,FALSE,TRUE,Clear,,FALSE,WATERLOO ST; WELLINGTON ST N,2/19/2019 2:07:05 PM,540516.2746,4811536.577
48263,18-246589,10/23/2018 3:50:00 PM,2018,10,23,15,50,0,Tuesday,541068,4811108,0,0,Intersection related,2,P.D. only,Thru lane,unknown,unknown,Rear end,Unknown,Daylight,01 - Daylight,Regional municipality,Stop sign,Functioning,0,0,0,FALSE,FALSE,FALSE,Clear,,FALSE,GLASGOW ST ; WESTWOOD DR,1/30/2020 11:42:50 AM,541068,4811108
48264,18-246997,10/24/2018 9:07:00 AM,2018,10,24,9,7,0,Wednesday,539176.0649,4810910.485,-80.515816,43.450082,At/near private drive,2,P.D. only,Thru lane,unknown,unknown,Rear end,Unknown,Daylight,01 - Daylight,unknown,No control,unknown,0,0,0,FALSE,FALSE,FALSE,Clear,,FALSE,BELMONT AVE W; BELMONT AVE W; Near; 10 M,2/19/2019 2:07:04 PM,539176.0649,4810910.485
48265,18-247049,10/23/2018 8:30:00 AM,2018,10,23,8,30,0,Tuesday,541439.7844,4803276.753,-80.488419,43.381225,Intersection related,2,P.D. only,Thru lane,unknown,unknown,Rear end,Unknown,Daylight,01 - Daylight,Regional municipality,Yield sign,Functioning,0,0,0,FALSE,FALSE,FALSE,Rain,,FALSE,HURON RD; FISCHER HALLMAN RD; Near; 100 M,1/30/2020 11:42:49 AM,541439.7844,4803276.753
48266,18-247433,10/13/2018 12:00:00 PM,2018,10,13,12,0,0,Saturday,539405.5968,4810202.019,-80.513031,43.443691,Non intersection,2,P.D. only,Thru lane,unknown,unknown,SMV unattended vehicle,Unknown,Daylight,01 - Daylight,Municipal (excl. Twp. Rd.),No control,unknown,0,0,0,FALSE,FALSE,FALSE,Clear,,FALSE,TALBOT ST; TALBOT ST; Near,1/30/2020 11:42:49 AM,539405.5968,4810202.019
48267,18-247861,10/24/2018 10:30:00 PM,2018,10,24,22,30,0,Wednesday,537876.7087,4808864.76,-80.532017,43.431729,Intersection related,2,P.D. only,Thru lane,unknown,unknown,SMV unattended vehicle,Unknown,"Dark, artificial","08 - Dark, artificial",Municipal (excl. Twp. Rd.),Stop sign,Functioning,0,0,0,FALSE,FALSE,FALSE,Clear,,FALSE,OPRINGTON DR ; BANKSIDE DR ; 20 M,1/30/2020 11:42:47 AM,537876.7087,4808864.76
48268,18-247862,10/25/2018 12:01:00 AM,2018,10,25,0,1,0,Thursday,541961.2098,4804297.206,-80.481903,43.390385,Non intersection,2,P.D. only,Thru lane,unknown,unknown,SMV unattended vehicle,Unknown,"Dark, artificial","08 - Dark, artificial",Municipal (excl. Twp. Rd.),No control,unknown,0,0,0,FALSE,FALSE,FALSE,Clear,,FALSE,SORRENTO ST; SORRENTO ST; Near,1/30/2020 11:42:47 AM,541961.2098,4804297.206
48269,18-248156,10/25/2018 4:17:00 PM,2018,10,25,16,17,0,Thursday,543248.6969,4804520.93,-80.46599,43.392326,At intersection,1,Non-fatal injury,Within intersection,unknown,unknown,Angle,Unknown,Daylight,01 - Daylight,unknown,Yield sign,Functioning,0,0,0,FALSE,FALSE,FALSE,Clear,,FALSE,HURON RD ; STRASBURG RD,2/19/2019 2:07:01 PM,543248.6969,4804520.93
48270,18-248223,10/25/2018 4:20:00 PM,2018,10,25,16,20,0,Thursday,546000.2699,4808536.216,-80.431678,43.428316,At/near private drive,2,P.D. only,Thru lane,unknown,unknown,Turning movement,Unknown,Daylight,01 - Daylight,Regional municipality,No control,unknown,0,0,0,FALSE,FALSE,FALSE,Clear,,FALSE,KING ST E; KING ST E,1/30/2020 11:42:46 AM,546000.2699,4808536.216
48271,18-248323,10/25/2018 8:30:00 PM,2018,10,25,20,30,0,Thursday,543295.7595,4809652.041,-80.465002,43.438524,Non intersection,2,P.D. only,Thru lane,unknown,unknown,SMV unattended vehicle,Unknown,"Dark, artificial","08 - Dark, artificial",Municipal (excl. Twp. Rd.),No control,unknown,0,0,0,FALSE,FALSE,FALSE,Clear,,FALSE,FLORAL CRES; FLORAL CRES,1/30/2020 11:42:45 AM,543295.7595,4809652.041
48272,18-248930,10/26/2018 4:46:00 PM,2018,10,26,16,46,0,Friday,545142.6004,4802787.271,-80.442749,43.376604,At intersection,2,P.D. only,Within intersection,unknown,unknown,Turning movement,Unknown,Daylight,01 - Daylight,unknown,Stop sign,Functioning,0,0,0,FALSE,FALSE,FALSE,Clear,,FALSE,SOUTH CREEK DR; ELMBANK TRAIL,2/19/2019 2:07:00 PM,545142.6004,4802787.271
48273,18-248936,10/26/2018 4:50:00 PM,2018,10,26,16,50,0,Friday,545035.0635,4807867.153,-80.443658,43.42235,Intersection related,2,P.D. only,Left turn lane,unknown,unknown,Rear end,Unknown,Dusk,05 - Dusk,unknown,Traffic signal,Functioning,0,0,0,FALSE,FALSE,FALSE,Strong wind,,FALSE,KINGSWAY DR; WILSON AVE; Near; 50 M,2/19/2019 2:06:59 PM,545035.0635,4807867.153