OBJECTID,ACCIDENTNUM,ACCIDENTDATE,ACCIDENT_YEAR,ACCIDENT_MONTH,ACCIDENT_DAY,ACCIDENT_HOUR,ACCIDENT_MINUTE,ACCIDENT_SECOND,ACCIDENT_WEEKDAY,XCOORD,YCOORD,LONGITUDE,LATITUDE,ACCIDENTLOCATION,COLLISIONTYPE,CLASSIFICATIONOFACCIDENT,IMPACTLOCATION,INITIALDIRECTIONOFTRAVELONE,INITIALDIRECTIONOFTRAVELTWO,INITIALIMPACTTYPE,INTTRAFFICCONTROL,LIGHT,LIGHTFORREPORT,ROADJURISDICTION,TRAFFICCONTROL,TRAFFICCONTROLCONDITION,THRULANENO,NORTHBOUNDDISOBEYCOUNT,SOUTHBOUNDDISOBEYCOUNT,PEDESTRIANINVOLVED,CYCLISTINVOLVED,MOTORCYCLISTINVOLVED,ENVIRONMENTCONDITION1,ENVIRONMENTCONDITION2,SELFREPORTED,XMLIMPORTNOTES,LASTEDITEDDATE,x,y
48274,18-249728,10/27/2018 3:25:00 PM,2018,10,27,15,25,0,Saturday,543170.8413,4811977.435,-80.466361,43.459469,Non intersection,1,Non-fatal injury,Thru lane,unknown,unknown,SMV unattended vehicle,Unknown,Daylight,01 - Daylight,unknown,No control,unknown,0,0,0,FALSE,FALSE,FALSE,Rain,,FALSE,ROSEMOUNT DR; ROSEMOUNT DR ; 2 M,2/19/2019 2:06:58 PM,543170.8413,4811977.435
48275,18-250242,10/28/2018 4:22:00 AM,2018,10,28,4,22,0,Sunday,546791.5491,4811214.157,-80.421673,43.452379,Non intersection,2,P.D. only,Not on roadway - right side,unknown,unknown,SMV other,Unknown,"Dark, artificial","08 - Dark, artificial",unknown,No control,unknown,0,0,0,FALSE,FALSE,FALSE,Rain,,FALSE,ZELLER DR; ZELLER DR; At; 2 M,2/19/2019 2:06:57 PM,546791.5491,4811214.157
48276,18-251178,10/26/2018 4:00:00 PM,2018,10,26,16,0,0,Friday,539608.5723,4805615.003,-80.510855,43.402378,Non intersection,2,P.D. only,Thru lane,unknown,unknown,SMV unattended vehicle,Unknown,Daylight,01 - Daylight,Municipal (excl. Twp. Rd.),No control,unknown,0,0,0,FALSE,FALSE,FALSE,Clear,,FALSE,DONNENWERTH DR ; ACTIVA AVE ; Near; 100 M,1/30/2020 11:42:44 AM,539608.5723,4805615.003
48277,18-251227,10/29/2018 2:00:00 PM,2018,10,29,14,0,0,Monday,548229.947,4806262.137,-80.404333,43.4077,At/near private drive,2,P.D. only,Thru lane,unknown,unknown,Sideswipe,Unknown,Daylight,01 - Daylight,Municipal (excl. Twp. Rd.),No control,unknown,0,0,0,FALSE,FALSE,FALSE,Clear,,FALSE,CANDLE CRES; CANDLE CRES ; At,1/30/2020 11:42:42 AM,548229.947,4806262.137
48278,18-251334,10/28/2018 4:00:00 AM,2018,10,28,4,0,0,Sunday,544512.1494,4808075.618,-80.4501,43.424258,Non intersection,2,P.D. only,Thru lane,unknown,unknown,SMV unattended vehicle,Unknown,"Dark, artificial","08 - Dark, artificial",Municipal (excl. Twp. Rd.),No control,unknown,0,0,0,FALSE,FALSE,FALSE,Rain,,FALSE,BYRON AVE; BYRON AVE; Near,1/30/2020 11:42:41 AM,544512.1494,4808075.618
48279,18-251444,10/23/2018 8:30:00 AM,2018,10,23,8,30,0,Tuesday,544829.7062,4805004.304,-80.446429,43.396585,At intersection,2,P.D. only,Within intersection,unknown,unknown,Turning movement,Unknown,Daylight,01 - Daylight,Municipal (excl. Twp. Rd.),Stop sign,Functioning,0,0,0,FALSE,FALSE,FALSE,Rain,,FALSE,MILLWOOD CRES; DOON VILLAGE RD,1/30/2020 11:42:40 AM,544829.7062,4805004.304
48280,18-251674,10/30/2018 6:45:00 AM,2018,10,30,6,45,0,Tuesday,540912.2022,4801276.344,-80.495081,43.363242,Other,2,P.D. only,Off highway,unknown,unknown,SMV other,Unknown,Dark,07 - Dark,unknown,No control,unknown,0,0,0,FALSE,FALSE,FALSE,Clear,,FALSE,PLAINS RD; At; 5 M,2/19/2019 2:06:55 PM,540912.2022,4801276.344
48281,18-251776,10/30/2018 9:05:00 AM,2018,10,30,9,5,0,Tuesday,547713.9689,4804211.097,-80.410884,43.389265,At/near private drive,1,Non-fatal injury,Right shoulder,unknown,unknown,Turning movement,Unknown,Daylight,01 - Daylight,unknown,No control,unknown,0,0,0,FALSE,TRUE,FALSE,Clear,,FALSE,DOON VALLEY DR; DOON VALLEY DR ; At; 5 M,2/19/2019 2:06:54 PM,547713.9689,4804211.097
48282,18-251819,10/30/2018 9:00:00 AM,2018,10,30,9,0,0,Tuesday,540172.92,4809412.339,-80.503607,43.43654,At intersection,1,Non-fatal injury,Within intersection,unknown,unknown,SMV other,Unknown,Daylight,01 - Daylight,unknown,Traffic signal,Functioning,0,0,0,TRUE,FALSE,FALSE,Clear,,FALSE,QUEENS BLVD; BELMONT AVE E,2/19/2019 2:06:53 PM,540172.92,4809412.339
48283,18-251831,10/30/2018 10:08:00 AM,2018,10,30,10,8,0,Tuesday,541001.4425,4809237.15,-80.493383,43.434917,Non intersection,2,P.D. only,Thru lane,unknown,unknown,SMV unattended vehicle,Unknown,Daylight,01 - Daylight,unknown,No control,unknown,0,0,0,FALSE,FALSE,FALSE,Clear,,FALSE,LORNE AVE ; LORNE AVE ; 1 M,2/19/2019 2:06:51 PM,541001.4425,4809237.15
48284,18-251889,10/29/2018 2:00:00 PM,2018,10,29,14,0,0,Monday,540799.1645,4812514.981,-80.495637,43.464442,Non intersection,2,P.D. only,Thru lane,unknown,unknown,SMV unattended vehicle,Unknown,Daylight,01 - Daylight,Municipal (excl. Twp. Rd.),No control,unknown,0,0,0,FALSE,FALSE,FALSE,Clear,,FALSE,MARGARET AVE; MARGARET AVE ; Near,1/30/2020 11:42:39 AM,540799.1645,4812514.981
48285,18-251952,10/30/2018 12:15:00 PM,2018,10,30,12,15,0,Tuesday,545409.2054,4809347.394,-80.438913,43.435656,At/near private drive,2,P.D. only,Thru lane,unknown,unknown,Turning movement,Unknown,Daylight,01 - Daylight,unknown,No control,unknown,0,0,0,FALSE,FALSE,FALSE,Clear,,FALSE,FERGUS AVE; FERGUS AVE ; Near; 5 M,2/19/2019 2:06:50 PM,545409.2054,4809347.394
48286,18-252507,10/30/2018 7:15:00 AM,2018,10,30,7,15,0,Tuesday,545272.1836,4811157.556,-80.440456,43.451963,At/near private drive,2,Non-reportable,Thru lane,unknown,unknown,Other,Unknown,Dawn,03 - Dawn,unknown,No control,unknown,0,0,0,FALSE,FALSE,FALSE,Clear,,FALSE,OLD CHICOPEE DR; OLD CHICOPEE DR ; At; 1 M,2/19/2019 2:06:49 PM,545272.1836,4811157.556
48287,18-253071,10/31/2018 6:55:00 PM,2018,10,31,18,55,0,Wednesday,538866.3918,4805710.033,-80.520014,43.403273,Non intersection,1,Non-fatal injury,Thru lane,unknown,unknown,SMV other,Unknown,Dark,07 - Dark,unknown,No control,unknown,0,0,0,TRUE,FALSE,FALSE,Clear,,FALSE,ACTIVA AVE; SNOWDROP CRES ; Near; 500 M,2/19/2019 2:06:48 PM,538866.3918,4805710.033
48288,18-253432,11/1/2018 7:55:00 AM,2018,11,1,7,55,0,Thursday,543896.5955,4811907.742,-80.457396,43.458799,At intersection,2,P.D. only,Within intersection,unknown,unknown,Turning movement,Unknown,Daylight,01 - Daylight,unknown,Traffic signal,Functioning,0,0,0,FALSE,FALSE,FALSE,Rain,,FALSE,KRUG ST; RIVER RD E,2/19/2019 2:06:47 PM,543896.5955,4811907.742
48289,18-253509,11/1/2018 8:43:00 AM,2018,11,1,8,43,0,Thursday,539664.8143,4805440.568,-80.510173,43.400804,At/near private drive,2,P.D. only,Thru lane,unknown,unknown,Other,Unknown,Daylight,01 - Daylight,Municipal (excl. Twp. Rd.),No control,unknown,0,0,0,FALSE,FALSE,FALSE,Rain,,FALSE,PERIWINKLE ST; PERIWINKLE ST,1/30/2020 11:42:38 AM,539664.8143,4805440.568
48290,18-253819,11/1/2018 1:30:00 PM,2018,11,1,13,30,0,Thursday,544560.2498,4811738.405,-80.449207,43.457235,Non intersection,2,P.D. only,Thru lane,unknown,unknown,Rear end,Unknown,Daylight,01 - Daylight,Municipal (excl. Twp. Rd.),Ped. crossover,Functioning,0,0,0,FALSE,FALSE,FALSE,Rain,,FALSE,RIVER RD E; LORRAINE AVE; Near,1/30/2020 11:42:38 AM,544560.2498,4811738.405
48291,18-254045,10/31/2018 2:00:00 PM,2018,10,31,14,0,0,Wednesday,541798.8907,4810619.92,-80.483424,43.447324,Non intersection,2,P.D. only,Thru lane,unknown,unknown,Other,Unknown,Daylight,01 - Daylight,Regional municipality,No control,unknown,0,0,0,FALSE,FALSE,FALSE,Clear,,FALSE,KING ST E; CEDAR ST N; Near,1/30/2020 11:42:37 AM,541798.8907,4810619.92
48292,18-254322,11/2/2018 7:45:00 AM,2018,11,2,7,45,0,Friday,546026.7371,4813465.278,-80.430935,43.472695,At/near private drive,2,P.D. only,Thru lane,unknown,unknown,SMV other,Unknown,"Dawn, artificial","04 - Dawn, artificial",unknown,No control,unknown,0,0,0,FALSE,FALSE,FALSE,Rain,,FALSE,CENTENNIAL RD; CENTENNIAL RD ; At; 2 M,2/19/2019 2:06:46 PM,546026.7371,4813465.278
48293,18-254389,11/2/2018 6:10:00 AM,2018,11,2,6,10,0,Friday,536912.9712,4808538.73,-80.543946,43.428841,At/near private drive,2,P.D. only,Thru lane,unknown,unknown,SMV unattended vehicle,Unknown,"Dark, artificial","08 - Dark, artificial",Municipal (excl. Twp. Rd.),No control,unknown,0,0,0,FALSE,FALSE,FALSE,Rain,,FALSE,HIDDEN CREEK DR; HIDDEN CREEK DR; At,1/30/2020 11:42:36 AM,536912.9712,4808538.731
48294,18-254444,11/1/2018 2:54:00 PM,2018,11,1,14,54,0,Thursday,544640.9573,4804560.343,-80.448796,43.392599,At/near private drive,2,P.D. only,Right shoulder,unknown,unknown,Other,Unknown,Daylight,01 - Daylight,Municipal (excl. Twp. Rd.),No control,unknown,0,0,0,FALSE,FALSE,FALSE,Rain,,FALSE,NATHANIEL CRES; NATHANIEL CRES; Near,1/30/2020 11:42:35 AM,544640.9573,4804560.343
48295,18-254687,11/2/2018 2:39:00 PM,2018,11,2,14,39,0,Friday,545434.4954,4808343.049,-80.438684,43.426611,At intersection,2,P.D. only,Within intersection,unknown,unknown,Rear end,Unknown,Daylight,01 - Daylight,unknown,Ped. crossover,Functioning,0,0,0,FALSE,FALSE,FALSE,Rain,,FALSE,KINGSWAY DR ; CEDARWOODS CRES,2/19/2019 2:06:45 PM,545434.4954,4808343.049
48296,18-254726,11/2/2018 1:45:00 PM,2018,11,2,13,45,0,Friday,539406.4196,4811272.396,-80.512943,43.453328,Non intersection,2,P.D. only,Thru lane,unknown,unknown,Sideswipe,Unknown,Daylight,01 - Daylight,Municipal (excl. Twp. Rd.),No control,unknown,0,0,0,FALSE,FALSE,FALSE,Rain,,FALSE,GLASGOW ST; YORK ST; Near,1/30/2020 11:42:34 AM,539406.4196,4811272.396
48297,18-254761,11/2/2018 3:59:00 PM,2018,11,2,15,59,0,Friday,540311.1638,4809615.86,-80.501884,43.438365,Intersection related,2,P.D. only,Thru lane,unknown,unknown,Sideswipe,Unknown,Daylight,01 - Daylight,unknown,Stop sign,Functioning,0,0,0,FALSE,FALSE,FALSE,Clear,,FALSE,QUEENS BLVD; PATRICIA AVE ; Near; 50 M,2/19/2019 2:06:43 PM,540311.1638,4809615.86
48298,18-254763,11/1/2018 7:25:00 PM,2018,11,1,19,25,0,Thursday,541578.4557,4811820.563,-80.486056,43.458147,At railway crossing,2,P.D. only,Thru lane,unknown,unknown,Other,Unknown,Dark,07 - Dark,Municipal (excl. Twp. Rd.),Traffic controller,unknown,0,0,0,FALSE,FALSE,FALSE,Rain,,FALSE,ST LEGER ST; CN RAIL,1/30/2020 11:42:34 AM,541578.4557,4811820.563
48299,18-254838,11/2/2018 5:50:00 PM,2018,11,2,17,50,0,Friday,542448.3993,4807282.757,-80.475656,43.417239,At intersection,1,Non-fatal injury,Within intersection,unknown,unknown,SMV other,Unknown,Daylight,01 - Daylight,Regional municipality,Stop sign,Functioning,0,0,0,TRUE,FALSE,FALSE,Clear,,FALSE,BLOCK LINE RD ; COUNTRY HILL DR,1/30/2020 11:42:33 AM,542448.3993,4807282.757
48300,18-255900,11/4/2018 1:21:00 AM,2018,11,4,1,21,0,Sunday,543895.1878,4811907.582,-80.457414,43.458798,Non intersection,2,P.D. only,Right shoulder,unknown,unknown,SMV unattended vehicle,Unknown,Dark,07 - Dark,unknown,Stop sign,Functioning,0,0,0,FALSE,FALSE,FALSE,Clear,,FALSE,KRUG ST ; RIVER RD E; Near; 100 M,2/19/2019 2:06:42 PM,543895.1878,4811907.582
48301,18-256706,11/4/2018 11:00:00 PM,2018,11,4,23,0,0,Sunday,539794.9495,4807569.553,-80.508411,43.419967,Non intersection,2,P.D. only,Thru lane,unknown,unknown,SMV unattended vehicle,Unknown,"Dark, artificial","08 - Dark, artificial",Municipal (excl. Twp. Rd.),No control,unknown,0,0,0,FALSE,FALSE,FALSE,Rain,,FALSE,WINDALE CRES; WINDALE CRES; Near,1/30/2020 11:42:32 AM,539794.9495,4807569.553
48302,18-256892,11/5/2018 1:29:00 PM,2018,11,5,13,29,0,Monday,545364.924,4811022.12,-80.439321,43.450738,At intersection,2,P.D. only,Within intersection,unknown,unknown,Angle,Unknown,Daylight,01 - Daylight,unknown,Stop sign,Functioning,0,0,0,FALSE,FALSE,FALSE,Rain,,FALSE,OLD CHICOPEE DR; HOLBORN DR,2/19/2019 2:06:40 PM,545364.924,4811022.12
48303,18-256911,11/5/2018 12:20:00 PM,2018,11,5,12,20,0,Monday,542858.0933,4806946.932,-80.470622,43.414192,Non intersection,2,P.D. only,Thru lane,unknown,unknown,Other,Unknown,Daylight,01 - Daylight,unknown,No control,unknown,0,0,0,FALSE,FALSE,FALSE,Rain,,FALSE,COUNTRY HILL DR ; COACH HILL DR ; Near; 10 M,2/19/2019 2:06:39 PM,542858.0933,4806946.932
48304,18-257749,11/5/2018 5:45:00 PM,2018,11,5,17,45,0,Monday,536851.1217,4808267.353,-80.544729,43.426401,At intersection,2,P.D. only,Within intersection,unknown,unknown,Turning movement,Unknown,Daylight,01 - Daylight,Municipal (excl. Twp. Rd.),Stop sign,Functioning,0,0,1,FALSE,FALSE,FALSE,Clear,,FALSE,BANKSIDE DR; WESTFOREST TRAIL,1/30/2020 11:42:30 AM,536851.1217,4808267.353
48305,18-258058,11/6/2018 8:55:00 PM,2018,11,6,20,55,0,Tuesday,543045.7731,4813849.669,-80.467759,43.476334,Non intersection,2,P.D. only,Not on roadway - left side,unknown,unknown,SMV other,Unknown,Dark,07 - Dark,unknown,No control,unknown,0,0,0,FALSE,FALSE,FALSE,Rain,,FALSE,PAIGE PL; PAIGE PL ; At; 1 M,2/19/2019 2:06:38 PM,543045.7731,4813849.67
48306,18-258489,11/6/2018 3:00:00 PM,2018,11,6,15,0,0,Tuesday,537579.3367,4808086.492,-80.535745,43.424736,Non intersection,2,P.D. only,Thru lane,unknown,unknown,SMV unattended vehicle,Unknown,Daylight,01 - Daylight,Municipal (excl. Twp. Rd.),No control,unknown,0,0,0,FALSE,FALSE,FALSE,Rain,,FALSE,LANARK CRES; LANARK CRES ; Near,1/30/2020 11:42:30 AM,537579.3367,4808086.492
48307,18-258513,11/7/2018 1:15:00 PM,2018,11,7,13,15,0,Wednesday,539404.3999,4810382.643,-80.513033,43.445317,Intersection related,2,P.D. only,Off highway,unknown,unknown,SMV other,Unknown,Daylight,01 - Daylight,unknown,No control,unknown,0,0,0,FALSE,FALSE,FALSE,Clear,,FALSE,BELMONT AVE W; KARN ST ; At; 9 M,2/19/2019 2:06:36 PM,539404.3999,4810382.643
48308,18-258707,11/7/2018 3:50:00 PM,2018,11,7,15,50,0,Wednesday,539024.3642,4805658.825,-80.518067,43.402803,At/near private drive,2,P.D. only,Thru lane,unknown,unknown,Turning movement,Unknown,Daylight,01 - Daylight,Municipal (excl. Twp. Rd.),No control,unknown,0,0,0,FALSE,FALSE,FALSE,Clear,,FALSE,ACTIVA AVE; ACTIVA AVE ; At,1/30/2020 11:42:29 AM,539024.3642,4805658.825
48309,18-258753,11/5/2018 3:00:00 PM,2018,11,5,15,0,0,Monday,540832.008,4812602.291,-80.495224,43.465226,Intersection related,2,P.D. only,Thru lane,unknown,unknown,SMV unattended vehicle,Unknown,Daylight,01 - Daylight,Municipal (excl. Twp. Rd.),Stop sign,Functioning,0,0,0,FALSE,FALSE,FALSE,Clear,,FALSE,FAIRFIELD AVE; WOODWARD AVE ; Near; 10 M,1/30/2020 11:42:28 AM,540832.008,4812602.291
48310,18-258791,11/7/2018 6:30:00 PM,2018,11,7,18,30,0,Wednesday,540225.8562,4811991.901,-80.502762,43.459763,At intersection,2,P.D. only,Within intersection,unknown,unknown,Turning movement,Unknown,"Dark, artificial","08 - Dark, artificial",Municipal (excl. Twp. Rd.),Stop sign,Functioning,0,0,0,FALSE,FALSE,FALSE,Clear,,FALSE,WATERLOO ST; GUELPH ST,1/30/2020 11:42:27 AM,540225.8562,4811991.901
48311,18-258849,11/7/2018 7:56:00 PM,2018,11,7,19,56,0,Wednesday,542216.1011,4812378.093,-80.478132,43.463131,Non intersection,1,Non-fatal injury,Thru lane,unknown,unknown,SMV unattended vehicle,Unknown,"Dark, artificial","08 - Dark, artificial",Regional municipality,No control,unknown,0,0,0,FALSE,FALSE,FALSE,Clear,,FALSE,WELLINGTON ST N; WELLINGTON ST N; At; 3 M,1/30/2020 11:42:26 AM,542216.1011,4812378.093
48312,18-260048,11/8/2018 4:00:00 PM,2018,11,8,16,0,0,Thursday,541841.183,4808906.673,-80.483032,43.431895,At intersection,1,Non-fatal injury,Within intersection,unknown,unknown,SMV other,Unknown,Daylight,01 - Daylight,unknown,Stop sign,Functioning,0,0,1,TRUE,FALSE,FALSE,Clear,,FALSE,MEINZINGER AVE; HOFFMAN ST; 7 M,2/19/2019 2:06:35 PM,541841.183,4808906.673
48313,18-260176,11/8/2018 1:00:00 PM,2018,11,8,13,0,0,Thursday,538312.7437,4807874.321,-80.526699,43.422789,At/near private drive,2,P.D. only,Thru lane,unknown,unknown,SMV unattended vehicle,Unknown,Daylight,01 - Daylight,Municipal (excl. Twp. Rd.),No control,unknown,0,0,0,FALSE,FALSE,FALSE,Clear,,FALSE,SILVER ASPEN CRES; SILVER ASPEN CRES; Near; 1 M,1/30/2020 11:42:25 AM,538312.7437,4807874.321
48314,18-260323,11/9/2018 4:26:00 PM,2018,11,9,16,26,0,Friday,542387.7793,4811333.305,-80.476091,43.453714,At intersection,2,P.D. only,Within intersection,unknown,unknown,Angle,Unknown,Daylight,01 - Daylight,unknown,Stop sign,Functioning,0,0,0,FALSE,FALSE,FALSE,Rain,,FALSE,LYDIA ST; CHAPEL ST,2/19/2019 2:06:34 PM,542387.7793,4811333.305
48315,18-260863,11/10/2018 8:50:00 AM,2018,11,10,8,50,0,Saturday,543563.8797,4812257.508,-80.461481,43.461968,At intersection,1,Non-fatal injury,Within intersection,unknown,unknown,Angle,Unknown,Daylight,01 - Daylight,unknown,Traffic signal,Functioning,0,0,0,FALSE,FALSE,FALSE,Snow,,FALSE,FREDERICK ST ; RIVER RD E,2/19/2019 2:06:32 PM,543563.8797,4812257.508
48316,18-260874,11/10/2018 9:12:00 AM,2018,11,10,9,12,0,Saturday,542482.3363,4812900.224,-80.4748,43.467817,Non intersection,2,P.D. only,Not on roadway - right side,unknown,unknown,SMV other,Unknown,Daylight,01 - Daylight,unknown,No control,unknown,0,0,0,FALSE,FALSE,FALSE,Snow,,FALSE,SPRING VALLEY RD; GUELPH ST ; Near; 25 M,2/19/2019 2:06:31 PM,542482.3363,4812900.224
48317,18-260877,11/10/2018 9:18:00 AM,2018,11,10,9,18,0,Saturday,541956.1492,4810866.364,-80.481461,43.449534,Intersection related,2,P.D. only,Thru lane,unknown,unknown,Rear end,Unknown,Daylight,01 - Daylight,unknown,Stop sign,Functioning,0,0,0,FALSE,FALSE,FALSE,Snow,,FALSE,KRUG ST; LANCASTER ST E,2/19/2019 2:06:30 PM,541956.1492,4810866.364
48318,18-260898,11/10/2018 9:05:00 AM,2018,11,10,9,5,0,Saturday,538220.3628,4808355.973,-80.527807,43.42713,At intersection,2,P.D. only,Within intersection,unknown,unknown,Angle,Unknown,Daylight,01 - Daylight,Regional municipality,Traffic signal,Functioning,0,0,0,FALSE,FALSE,FALSE,Clear,,FALSE,QUEENS BLVD; ELM RIDGE DR,1/30/2020 11:42:24 AM,538220.3628,4808355.973
48319,18-260901,11/10/2018 9:50:00 AM,2018,11,10,9,50,0,Saturday,542313.2429,4810287.384,-80.477093,43.444301,Non intersection,2,P.D. only,Off highway,unknown,unknown,SMV other,Unknown,Daylight,01 - Daylight,unknown,No control,unknown,0,0,0,FALSE,FALSE,FALSE,Snow,,FALSE,STIRLING AVE N; KING ST W; 20 M,2/19/2019 2:06:29 PM,542313.2429,4810287.384
48320,18-260914,11/10/2018 9:30:00 AM,2018,11,10,9,30,0,Saturday,543496.8272,4809571.881,-80.462524,43.43779,At intersection,2,P.D. only,Within intersection,unknown,unknown,Turning movement,Unknown,Daylight,01 - Daylight,unknown,Stop sign,Functioning,0,0,0,FALSE,FALSE,FALSE,Snow,,FALSE,DOON RD ; FLORAL CRES ; 1 M,2/19/2019 2:06:27 PM,543496.8272,4809571.881
48321,18-260921,11/10/2018 9:10:00 AM,2018,11,10,9,10,0,Saturday,544561.2112,4811738.411,-80.449195,43.457235,At intersection,2,P.D. only,Within intersection,unknown,unknown,Angle,Unknown,Daylight,01 - Daylight,Regional municipality,Traffic signal,Functioning,0,0,0,FALSE,FALSE,FALSE,Clear,,FALSE,LORRAINE AVE; RIVER RD E,1/30/2020 11:42:23 AM,544561.2112,4811738.411
48322,18-260948,11/10/2018 11:02:00 AM,2018,11,10,11,2,0,Saturday,537226.8458,4808083.148,-80.540099,43.424724,Non intersection,2,P.D. only,Right shoulder,unknown,unknown,SMV unattended vehicle,Unknown,Daylight,01 - Daylight,unknown,No control,unknown,0,0,0,FALSE,FALSE,FALSE,Snow,,FALSE,HIGH ACRES CRES; HIGH ACRES CRES ; 2 M,2/19/2019 2:06:26 PM,537226.8458,4808083.148
48323,18-260987,11/10/2018 11:00:00 AM,2018,11,10,11,0,0,Saturday,540920.067,4812367.083,-80.494153,43.463104,Intersection related,2,P.D. only,Thru lane,unknown,unknown,Rear end,Unknown,Daylight,01 - Daylight,Municipal (excl. Twp. Rd.),Traffic signal,Functioning,0,0,0,FALSE,FALSE,FALSE,Clear,,FALSE,GUELPH ST; MARGARET AVE,1/30/2020 11:42:22 AM,540920.067,4812367.083
48324,18-261042,11/9/2018 5:50:00 PM,2018,11,9,17,50,0,Friday,543074.6876,4812800.452,-80.467485,43.466885,Intersection related,2,P.D. only,Thru lane,unknown,unknown,Rear end,Unknown,Daylight,01 - Daylight,Regional municipality,Traffic signal,Functioning,0,0,0,FALSE,FALSE,FALSE,Rain,,FALSE,RIVERBEND DR; WELLINGTON ST N,1/30/2020 11:42:21 AM,543074.6876,4812800.452
48325,18-261191,11/10/2018 3:25:00 PM,2018,11,10,15,25,0,Saturday,542848.9485,4813075.845,-80.470254,43.469377,Intersection related,1,Non-fatal injury,Thru lane,unknown,unknown,Rear end,Unknown,Daylight,01 - Daylight,Municipal (excl. Twp. Rd.),Stop sign,Functioning,0,0,0,FALSE,FALSE,FALSE,Clear,,FALSE,RIVERBEND DR; GUELPH ST; At,1/30/2020 11:42:20 AM,542848.9485,4813075.845
48326,18-261201,11/10/2018 9:45:00 AM,2018,11,10,9,45,0,Saturday,544574.8805,4812075.052,-80.448999,43.460266,Intersection related,2,P.D. only,Thru lane,unknown,unknown,Turning movement,Unknown,Daylight,01 - Daylight,Municipal (excl. Twp. Rd.),Stop sign,Functioning,0,0,0,FALSE,FALSE,FALSE,Snow,,FALSE,CONFEDERATION DR; CARSON DR; At,1/30/2020 11:42:19 AM,544574.8805,4812075.052
48327,18-261788,11/10/2018 5:35:00 PM,2018,11,10,17,35,0,Saturday,545232.5715,4808099.586,-80.441199,43.424431,At intersection,2,P.D. only,Within intersection,unknown,unknown,Rear end,Unknown,"Dusk, artificial","06 - Dusk, artificial",Municipal (excl. Twp. Rd.),Stop sign,Functioning,0,0,0,FALSE,FALSE,FALSE,Clear,,FALSE,KINGSWAY DR; GREENFIELD AVE,1/30/2020 11:42:18 AM,545232.5715,4808099.586
48328,18-262387,11/11/2018 4:30:00 PM,2018,11,11,16,30,0,Sunday,545143.4686,4810864.434,-80.442071,43.449331,Non intersection,2,P.D. only,Thru lane,unknown,unknown,SMV unattended vehicle,Unknown,Daylight,01 - Daylight,Municipal (excl. Twp. Rd.),No control,unknown,0,0,0,FALSE,FALSE,FALSE,Clear,,FALSE,HOLBORN CRT; HOLBORN CRT,1/30/2020 11:42:17 AM,545143.4686,4810864.434
48329,18-262449,11/11/2018 4:30:00 PM,2018,11,11,16,30,0,Sunday,541871.0652,4810500.106,-80.482541,43.446241,At/near private drive,2,P.D. only,Thru lane,unknown,unknown,SMV other,Unknown,Daylight,01 - Daylight,Municipal (excl. Twp. Rd.),No control,unknown,0,0,0,FALSE,FALSE,FALSE,Clear,,FALSE,MADISON AVE S; MADISON AVE S; 1 M,1/30/2020 11:42:16 AM,541871.0652,4810500.106
48330,18-262649,11/12/2018 1:30:00 PM,2018,11,12,13,30,0,Monday,543073.9013,4812799.869,-80.467495,43.46688,At intersection,2,P.D. only,Within intersection,unknown,unknown,Sideswipe,Unknown,Daylight,01 - Daylight,Regional municipality,Traffic signal,Functioning,0,0,0,FALSE,FALSE,FALSE,Clear,,FALSE,SHIRLEY AVE; RIVERBEND DR,1/30/2020 11:42:16 AM,543073.9013,4812799.869
48331,18-262674,11/10/2018 9:45:00 AM,2018,11,10,9,45,0,Saturday,538061.8878,4808308.897,-80.529768,43.426714,At intersection,2,P.D. only,Within intersection,unknown,unknown,Rear end,Unknown,Daylight,01 - Daylight,Municipal (excl. Twp. Rd.),Stop sign,Functioning,0,0,0,FALSE,FALSE,FALSE,Clear,,FALSE,WESTHEIGHTS DR; QUEENS BLVD,1/30/2020 11:42:15 AM,538061.8878,4808308.897
48332,18-262811,11/12/2018 5:20:00 PM,2018,11,12,17,20,0,Monday,543067.0095,4807437.19,-80.468003,43.418594,At intersection,2,P.D. only,Within intersection,unknown,unknown,Rear end,Unknown,"Dark, artificial","08 - Dark, artificial",Municipal (excl. Twp. Rd.),Yield sign,Functioning,0,0,0,FALSE,FALSE,FALSE,Clear,,FALSE,BLOCK LINE RD; FALLOWFIELD DR,1/30/2020 11:42:14 AM,543067.0095,4807437.19
48333,18-263450,11/13/2018 4:05:00 PM,2018,11,13,16,5,0,Tuesday,542843.1289,4809873.807,-80.470577,43.440547,At intersection,1,Non-fatal injury,Within intersection,unknown,unknown,Angle,Unknown,Daylight,01 - Daylight,Regional municipality,Stop sign,Functioning,0,0,1,FALSE,FALSE,FALSE,Snow,,FALSE,CHARLES ST E; SYDNEY ST S,1/30/2020 11:42:12 AM,542843.1289,4809873.807
48334,18-263599,11/13/2018 8:01:00 PM,2018,11,13,20,1,0,Tuesday,537908.8399,4807484.473,-80.531716,43.419299,Non intersection,2,Non-reportable,Right shoulder,unknown,unknown,Rear end,Unknown,Dark,07 - Dark,unknown,No control,unknown,0,0,0,FALSE,FALSE,FALSE,Snow,,FALSE,WESTHEIGHTS DR; WESTHEIGHTS DR ; At; 3 M,2/19/2019 2:06:25 PM,537908.8399,4807484.473
48335,18-263607,11/13/2018 9:10:00 AM,2018,11,13,9,10,0,Tuesday,538706.4793,4810928.677,-80.521619,43.45027,Non intersection,2,P.D. only,Thru lane,unknown,unknown,Rear end,Unknown,Daylight,01 - Daylight,Municipal (excl. Twp. Rd.),Ped. crossover,Functioning,0,0,0,FALSE,FALSE,FALSE,Clear,,FALSE,GLASGOW ST; GLASGOW ST ; Near,1/30/2020 11:42:12 AM,538706.4793,4810928.677