OBJECTID,ACCIDENTNUM,ACCIDENTDATE,ACCIDENT_YEAR,ACCIDENT_MONTH,ACCIDENT_DAY,ACCIDENT_HOUR,ACCIDENT_MINUTE,ACCIDENT_SECOND,ACCIDENT_WEEKDAY,XCOORD,YCOORD,LONGITUDE,LATITUDE,ACCIDENTLOCATION,COLLISIONTYPE,CLASSIFICATIONOFACCIDENT,IMPACTLOCATION,INITIALDIRECTIONOFTRAVELONE,INITIALDIRECTIONOFTRAVELTWO,INITIALIMPACTTYPE,INTTRAFFICCONTROL,LIGHT,LIGHTFORREPORT,ROADJURISDICTION,TRAFFICCONTROL,TRAFFICCONTROLCONDITION,THRULANENO,NORTHBOUNDDISOBEYCOUNT,SOUTHBOUNDDISOBEYCOUNT,PEDESTRIANINVOLVED,CYCLISTINVOLVED,MOTORCYCLISTINVOLVED,ENVIRONMENTCONDITION1,ENVIRONMENTCONDITION2,SELFREPORTED,XMLIMPORTNOTES,LASTEDITEDDATE,x,y
48336,18-263630,11/13/2018 8:56:00 PM,2018,11,13,20,56,0,Tuesday,536763.8416,4807403.864,-80.545865,43.41863,Non intersection,2,P.D. only,Right shoulder,unknown,unknown,SMV unattended vehicle,Unknown,Dark,07 - Dark,unknown,No control,unknown,0,0,0,FALSE,FALSE,FALSE,Snow,,FALSE,ROLLING MEADOWS DR ; ROLLING MEADOWS DR; At; 1 M,2/19/2019 2:06:23 PM,536763.8416,4807403.864
48337,18-263649,11/13/2018 9:24:00 PM,2018,11,13,21,24,0,Tuesday,544612.327,4809092.225,-80.44878,43.433406,Intersection related,2,P.D. only,Right turn lane,unknown,unknown,Rear end,Unknown,"Dark, artificial","08 - Dark, artificial",unknown,Traffic signal,Functioning,0,0,0,FALSE,FALSE,FALSE,Clear,,FALSE,KINGSWAY DR; FRANKLIN ST S; 7 M,2/19/2019 2:06:22 PM,544612.327,4809092.225
48338,18-263749,11/14/2018 12:37:00 AM,2018,11,14,0,37,0,Wednesday,542345.1951,4807747.858,-80.476895,43.421433,Non intersection,2,P.D. only,Thru lane,unknown,unknown,SMV other,Unknown,Dark,07 - Dark,unknown,No control,unknown,0,0,0,FALSE,FALSE,FALSE,Snow,,FALSE,ALPINE ; KINGSWOOD DR ; 200 M,2/19/2019 2:06:21 PM,542345.1951,4807747.858
48339,18-263906,11/14/2018 8:10:00 AM,2018,11,14,8,10,0,Wednesday,545832.3843,4802614.447,-80.434249,43.375006,Intersection related,2,P.D. only,Thru lane,unknown,unknown,Rear end,Unknown,Daylight,01 - Daylight,Municipal (excl. Twp. Rd.),Stop sign,Functioning,0,0,0,FALSE,FALSE,FALSE,Snow,,FALSE,THOMAS SLEE DR; DOON SOUTH DR,1/30/2020 11:42:11 AM,545832.3843,4802614.447
48340,18-264039,11/14/2018 8:05:00 AM,2018,11,14,8,5,0,Wednesday,540783.9347,4806221.704,-80.496295,43.407778,Intersection related,2,P.D. only,Thru lane,unknown,unknown,Turning movement,Unknown,Daylight,01 - Daylight,Municipal (excl. Twp. Rd.),Stop sign,Functioning,0,0,0,FALSE,FALSE,FALSE,Clear,,FALSE,RITTENHOUSE RD; ERINBROOK DR; At,1/30/2020 11:42:10 AM,540783.9347,4806221.704
48341,18-264064,11/13/2018 8:05:00 PM,2018,11,13,20,5,0,Tuesday,537215.5565,4807578.523,-80.540273,43.42018,Intersection related,2,P.D. only,Thru lane,unknown,unknown,SMV other,Unknown,Daylight,01 - Daylight,Municipal (excl. Twp. Rd.),Stop sign,Functioning,0,0,0,FALSE,FALSE,FALSE,Clear,,FALSE,WESTHEIGHTS DR; BROKEN OAK CRES; Near,1/30/2020 11:42:09 AM,537215.5565,4807578.523
48342,18-264153,10/23/2018 11:00:00 PM,2018,10,23,23,0,0,Tuesday,541686.1947,4807738.231,-80.485036,43.421383,Non intersection,2,P.D. only,Thru lane,unknown,unknown,SMV unattended vehicle,Unknown,"Dark, artificial","08 - Dark, artificial",Municipal (excl. Twp. Rd.),No control,unknown,0,0,0,FALSE,FALSE,FALSE,Clear,,FALSE,KINGSWOOD DR; KINGSWOOD DR; Near,1/30/2020 11:42:08 AM,541686.1947,4807738.231
48343,18-264247,11/14/2018 1:45:00 PM,2018,11,14,13,45,0,Wednesday,541912.9455,4812111.998,-80.4819,43.460752,Non intersection,2,P.D. only,Thru lane,unknown,unknown,SMV unattended vehicle,Unknown,Daylight,01 - Daylight,Municipal (excl. Twp. Rd.),No control,unknown,0,0,0,FALSE,FALSE,FALSE,Clear,,FALSE,BREITHAUPT ST; BREITHAUPT ST ; Near,1/30/2020 11:42:07 AM,541912.9455,4812111.998
48344,18-264392,11/14/2018 2:00:00 AM,2018,11,14,2,0,0,Wednesday,538466.9553,4809921.542,-80.52465,43.441214,Non intersection,2,P.D. only,Thru lane,unknown,unknown,SMV unattended vehicle,Unknown,Dark,07 - Dark,Municipal (excl. Twp. Rd.),No control,unknown,0,0,0,FALSE,FALSE,FALSE,Snow,,FALSE,MOOREGATE CRES; MOOREGATE CRES,1/30/2020 11:42:06 AM,538466.9553,4809921.542
48345,18-264845,11/14/2018 9:00:00 PM,2018,11,14,21,0,0,Wednesday,548148.6635,4810392.32,-80.404973,43.444893,At/near private drive,2,P.D. only,Thru lane,unknown,unknown,SMV unattended vehicle,Unknown,"Dark, artificial","08 - Dark, artificial",Municipal (excl. Twp. Rd.),No control,unknown,0,0,0,FALSE,FALSE,FALSE,Clear,,FALSE,LOWER MERCER ST; LOWER MERCER ST,1/30/2020 11:42:05 AM,548148.6635,4810392.32
48346,18-264951,11/13/2018 7:00:00 AM,2018,11,13,7,0,0,Tuesday,536799.3433,4807831.9,-80.545398,43.422482,Non intersection,2,P.D. only,Thru lane,unknown,unknown,Approaching,Unknown,Dawn,03 - Dawn,Municipal (excl. Twp. Rd.),No control,unknown,0,0,0,FALSE,FALSE,FALSE,Snow,,FALSE,ROLLING MEADOWS DR; NEWBURY DR; Near; 50 M,1/30/2020 11:42:04 AM,536799.3433,4807831.9
48347,18-264974,11/14/2018 7:30:00 AM,2018,11,14,7,30,0,Wednesday,541068,4811108,0,0,At intersection,2,P.D. only,Within intersection,unknown,unknown,Angle,Unknown,Daylight,01 - Daylight,Municipal (excl. Twp. Rd.),Stop sign,Functioning,0,0,0,FALSE,FALSE,FALSE,Clear,,FALSE,STEEPLERIDGE ST; MARTINWOOD ST,1/30/2020 11:42:03 AM,541068,4811108
48348,18-265026,11/15/2018 3:40:00 PM,2018,11,15,15,40,0,Thursday,541068,4811108,0,0,Intersection related,2,Non-reportable,Thru lane,unknown,unknown,Rear end,Unknown,Daylight,01 - Daylight,Municipal (excl. Twp. Rd.),Stop sign,Functioning,0,0,0,FALSE,FALSE,FALSE,Snow,,FALSE,PLEASANT AVE ; GLEN RD ; Near,1/30/2020 11:42:03 AM,541068,4811108
48349,18-265033,11/15/2018 8:20:00 AM,2018,11,15,8,20,0,Thursday,543921.3462,4805134.264,-80.457635,43.397809,Non intersection,2,P.D. only,Right turn lane,unknown,unknown,Rear end,Unknown,Daylight,01 - Daylight,unknown,Yield sign,Functioning,0,0,0,FALSE,FALSE,FALSE,Clear,,FALSE,HURON RD; OLD HURON RD OFF TO HURON RD; Near; 0 M,2/19/2019 2:06:19 PM,543921.3462,4805134.264
48350,18-265275,11/15/2018 12:00:00 PM,2018,11,15,12,0,0,Thursday,539051.3256,4809777.098,-80.517439,43.439883,Non intersection,2,P.D. only,Thru lane,unknown,unknown,SMV unattended vehicle,Unknown,Daylight,01 - Daylight,Regional municipality,No control,unknown,0,0,0,FALSE,FALSE,FALSE,Snow,,FALSE,PAULANDER DR; PAULANDER DR,1/30/2020 11:42:02 AM,539051.3256,4809777.098
48351,18-265448,11/15/2018 11:15:00 PM,2018,11,15,23,15,0,Thursday,540351.7867,4806814.441,-80.501589,43.413138,At intersection,2,P.D. only,Right shoulder,unknown,unknown,SMV other,Unknown,Dark,07 - Dark,unknown,Stop sign,Functioning,0,0,0,FALSE,FALSE,FALSE,Snow,,FALSE,WILLIAMSBURG RD; DINISON CRES,2/19/2019 2:06:18 PM,540351.7867,4806814.441
48352,18-265617,11/15/2018 5:45:00 PM,2018,11,15,17,45,0,Thursday,540154.2657,4811287.201,-80.503699,43.453422,Intersection related,2,P.D. only,Thru lane,unknown,unknown,Turning movement,Unknown,"Dark, artificial","08 - Dark, artificial",Municipal (excl. Twp. Rd.),Stop sign,Functioning,0,0,0,FALSE,FALSE,FALSE,Snow,,FALSE,WALTER ST; WELLINGTON ST S,1/30/2020 11:42:02 AM,540154.2657,4811287.201
48353,18-265704,11/15/2018 6:30:00 PM,2018,11,15,18,30,0,Thursday,541014.1437,4809678.128,-80.493193,43.438887,Intersection related,2,P.D. only,Thru lane,unknown,unknown,SMV other,Unknown,"Dark, artificial","08 - Dark, artificial",Regional municipality,Traffic signal,Functioning,0,0,0,FALSE,FALSE,FALSE,Snow,,FALSE,HIGHLAND RD E; SPADINA RD E,1/30/2020 11:42:01 AM,541014.1437,4809678.128
48354,18-265761,11/16/2018 8:25:00 AM,2018,11,16,8,25,0,Friday,542523.6443,4805548.126,-80.474862,43.401616,Intersection related,2,P.D. only,Thru lane,unknown,unknown,Turning movement,Unknown,Daylight,01 - Daylight,Municipal (excl. Twp. Rd.),Stop sign,Functioning,0,0,0,FALSE,FALSE,FALSE,Snow,,FALSE,MCBRINE DR; MCBRINE PL,1/30/2020 11:42:01 AM,542523.6443,4805548.126
48355,18-266395,11/17/2018 6:30:00 AM,2018,11,17,6,30,0,Saturday,547890.1076,4811349.654,-80.408084,43.453529,Non intersection,2,P.D. only,Not on roadway - right side,unknown,unknown,SMV other,Unknown,"Dark, artificial","08 - Dark, artificial",unknown,No control,unknown,0,0,0,FALSE,FALSE,FALSE,Clear,,FALSE,OLD ZELLER DR; OLD ZELLER DR ; At; 1 M,2/19/2019 2:06:17 PM,547890.1076,4811349.654
48356,18-266448,11/17/2018 4:00:00 AM,2018,11,17,4,0,0,Saturday,541068,4811108,0,0,Non intersection,2,P.D. only,Thru lane,unknown,unknown,SMV unattended vehicle,Unknown,"Dark, artificial","08 - Dark, artificial",unknown,No control,unknown,0,0,0,FALSE,FALSE,FALSE,Clear,,FALSE,WEST OAK TRAIL; WEST OAK TRAIL ; At; 2 M,2/19/2019 2:06:15 PM,541068,4811108
48357,18-266451,11/15/2018 6:15:00 PM,2018,11,15,18,15,0,Thursday,541068,4811108,0,0,At intersection,2,P.D. only,Within intersection,unknown,unknown,Turning movement,Unknown,Dark,07 - Dark,Municipal (excl. Twp. Rd.),No control,unknown,0,0,0,FALSE,FALSE,FALSE,Snow,,FALSE,PARK ST ; JUBILEE DR,1/30/2020 11:42:00 AM,541068,4811108
48358,18-266532,11/15/2018 11:00:00 AM,2018,11,15,11,0,0,Thursday,541068,4811108,0,0,At/near private drive,2,P.D. only,Thru lane,unknown,unknown,Other,Unknown,Daylight,01 - Daylight,Municipal (excl. Twp. Rd.),No control,unknown,0,0,0,FALSE,FALSE,FALSE,Clear,,FALSE,PARK ST; PARK ST ; Near,1/30/2020 11:42:00 AM,541068,4811108
48359,18-267181,11/17/2018 8:30:00 PM,2018,11,17,20,30,0,Saturday,539552.8257,4809701.134,-80.511248,43.439173,At/near private drive,2,P.D. only,Thru lane,unknown,unknown,Turning movement,Unknown,"Dark, artificial","08 - Dark, artificial",unknown,No control,unknown,0,0,0,FALSE,FALSE,FALSE,Clear,,FALSE,LAWRENCE AVE ; HIGHLAND RD W; At; 0 M,2/19/2019 2:06:14 PM,539552.8257,4809701.134
48360,18-267213,11/17/2018 10:30:00 PM,2018,11,17,22,30,0,Saturday,545811.1454,4804718.352,-80.434335,43.393951,Non intersection,2,Non-reportable,Thru lane,unknown,unknown,SMV other,Unknown,"Dark, artificial","08 - Dark, artificial",unknown,No control,unknown,0,0,0,FALSE,FALSE,FALSE,Clear,,FALSE,PIONEER DR ; OLD CARRIAGE DR ; Near; 50 M,2/19/2019 2:06:12 PM,545811.1454,4804718.352
48361,18-267294,11/18/2018 11:28:00 AM,2018,11,18,11,28,0,Sunday,541068,4811108,0,0,Intersection related,2,P.D. only,Left turn lane,unknown,unknown,Sideswipe,Unknown,Daylight,01 - Daylight,Municipal (excl. Twp. Rd.),Stop sign,Functioning,0,0,0,FALSE,FALSE,FALSE,Clear,,FALSE,STRASBURG RD; OLD COUNTRY DR; Near; 20 M,1/30/2020 11:41:59 AM,541068,4811108
48362,18-267391,11/14/2018 8:55:00 AM,2018,11,14,8,55,0,Wednesday,541068,4811108,0,0,Non intersection,2,P.D. only,Thru lane,unknown,unknown,SMV unattended vehicle,Unknown,Daylight,01 - Daylight,Municipal (excl. Twp. Rd.),No control,unknown,0,0,0,FALSE,FALSE,FALSE,Snow,,FALSE,HAZELGLEN DR; HAZELGLEN DR ; Near; 15 M,1/30/2020 11:41:58 AM,541068,4811108
48363,18-267997,11/19/2018 9:44:00 AM,2018,11,19,9,44,0,Monday,541068,4811108,0,0,Non intersection,2,P.D. only,Thru lane,unknown,unknown,SMV unattended vehicle,Unknown,Daylight,01 - Daylight,Municipal (excl. Twp. Rd.),No control,unknown,0,0,0,FALSE,FALSE,FALSE,Clear,,FALSE,SHADY GLEN CRES; SHADY GLEN CRES; Near,1/30/2020 11:41:58 AM,541068,4811108
48364,18-268052,11/18/2018 6:40:00 PM,2018,11,18,18,40,0,Sunday,541068,4811108,0,0,At/near private drive,2,P.D. only,Thru lane,unknown,unknown,Rear end,Unknown,"Dark, artificial","08 - Dark, artificial",Municipal (excl. Twp. Rd.),No control,unknown,0,0,0,FALSE,FALSE,FALSE,Clear,,FALSE,STRASBURG RD; STRASBURG RD; At,1/30/2020 11:41:57 AM,541068,4811108
48365,18-268601,11/20/2018 8:12:00 AM,2018,11,20,8,12,0,Tuesday,543002.8863,4806162.529,-80.468896,43.407121,At/near private drive,2,P.D. only,Thru lane,unknown,unknown,Turning movement,Unknown,Daylight,01 - Daylight,unknown,No control,unknown,0,0,0,FALSE,FALSE,FALSE,Clear,,FALSE,SHOEMAKER ST; SHOEMAKER ST ; At; 1 M,2/19/2019 2:06:11 PM,543002.8863,4806162.529
48366,18-268637,11/20/2018 8:50:00 AM,2018,11,20,8,50,0,Tuesday,541651.3124,4810880.221,-80.485228,43.449676,At intersection,2,P.D. only,Within intersection,unknown,unknown,Turning movement,Unknown,Daylight,01 - Daylight,unknown,Traffic signal,Functioning,0,0,0,FALSE,FALSE,FALSE,Snow,,FALSE,SCOTT ST; DUKE ST E,2/19/2019 2:06:10 PM,541651.3124,4810880.221
48367,18-268649,11/20/2018 9:03:00 AM,2018,11,20,9,3,0,Tuesday,538600.679,4806699.744,-80.523225,43.412198,Intersection related,1,Non-fatal injury,Thru lane,unknown,unknown,Approaching,Unknown,Daylight,01 - Daylight,unknown,Stop sign,Functioning,0,0,0,FALSE,FALSE,FALSE,Snow,,FALSE,FOXGLOVE CRES; WINDFLOWER DR,2/19/2019 2:06:08 PM,538600.679,4806699.744
48368,18-268656,11/20/2018 8:00:00 AM,2018,11,20,8,0,0,Tuesday,541068,4811108,0,0,Intersection related,2,Non-reportable,Thru lane,unknown,unknown,Rear end,Unknown,Daylight,01 - Daylight,Municipal (excl. Twp. Rd.),Stop sign,Functioning,0,0,0,FALSE,FALSE,FALSE,Snow,,FALSE,BIEHN DR; MARL MEADOW DR,1/30/2020 11:41:56 AM,541068,4811108
48369,18-268699,11/20/2018 7:50:00 AM,2018,11,20,7,50,0,Tuesday,541068,4811108,0,0,At intersection,2,Non-reportable,Within intersection,unknown,unknown,Rear end,Unknown,Daylight,01 - Daylight,Regional municipality,Yield sign,Functioning,0,0,0,FALSE,FALSE,FALSE,Snow,,FALSE,HURON RD; STRASBURG RD,1/30/2020 11:41:56 AM,541068,4811108
48370,18-268726,11/20/2018 9:00:00 AM,2018,11,20,9,0,0,Tuesday,541068,4811108,0,0,At intersection,2,P.D. only,Within intersection,unknown,unknown,Rear end,Unknown,Daylight,01 - Daylight,Municipal (excl. Twp. Rd.),Stop sign,Functioning,0,0,0,FALSE,FALSE,FALSE,Snow,,FALSE,SUGAR MAPLE ST; HIGHVIEW DR,1/30/2020 11:41:55 AM,541068,4811108
48371,18-268740,11/20/2018 8:35:00 AM,2018,11,20,8,35,0,Tuesday,541068,4811108,0,0,Intersection related,2,P.D. only,Thru lane,unknown,unknown,Rear end,Unknown,Daylight,01 - Daylight,Municipal (excl. Twp. Rd.),Stop sign,Functioning,0,0,0,FALSE,FALSE,FALSE,Clear,,FALSE,APPLE RIDGE DR; DOON MILLS DR,1/30/2020 11:41:54 AM,541068,4811108
48372,18-268789,11/20/2018 9:00:00 AM,2018,11,20,9,0,0,Tuesday,541068,4811108,0,0,Non intersection,2,P.D. only,Thru lane,unknown,unknown,SMV unattended vehicle,Unknown,Daylight,01 - Daylight,Municipal (excl. Twp. Rd.),No control,unknown,0,0,0,FALSE,FALSE,FALSE,Clear,,FALSE,BROKEN OAK CRES; BROKEN OAK CRES; Near,1/30/2020 11:41:54 AM,541068,4811108
48373,18-268859,11/20/2018 8:30:00 AM,2018,11,20,8,30,0,Tuesday,541068,4811108,0,0,Intersection related,2,P.D. only,Thru lane,unknown,unknown,Rear end,Unknown,Daylight,01 - Daylight,Municipal (excl. Twp. Rd.),Stop sign,Functioning,0,0,0,FALSE,FALSE,FALSE,Snow,,FALSE,KARN ST; BELMONT AVE W,1/30/2020 11:41:53 AM,541068,4811108
48374,18-268899,11/15/2018 5:50:00 PM,2018,11,15,17,50,0,Thursday,541068,4811108,0,0,Intersection related,2,P.D. only,Thru lane,unknown,unknown,Rear end,Unknown,"Dark, artificial","08 - Dark, artificial",Municipal (excl. Twp. Rd.),Stop sign,Functioning,0,0,0,FALSE,FALSE,FALSE,Snow,,FALSE,MCINTYRE DR; STRASBURG RD,1/30/2020 11:41:53 AM,541068,4811108
48375,18-268940,11/20/2018 1:45:00 PM,2018,11,20,13,45,0,Tuesday,541068,4811108,0,0,At/near private drive,2,P.D. only,Thru lane,unknown,unknown,Other,Unknown,Daylight,01 - Daylight,Private property,No control,unknown,0,0,0,FALSE,FALSE,FALSE,Clear,,FALSE,HALLIWELL DR; HALLIWELL DR,1/30/2020 11:41:52 AM,541068,4811108
48376,18-268988,11/19/2018 6:00:00 PM,2018,11,19,18,0,0,Monday,541068,4811108,0,0,Non intersection,2,P.D. only,Thru lane,unknown,unknown,SMV unattended vehicle,Unknown,"Dusk, artificial","06 - Dusk, artificial",Municipal (excl. Twp. Rd.),No control,unknown,0,0,0,FALSE,FALSE,FALSE,Clear,,FALSE,HIGHBROOK ST; HIGHBROOK ST; Near,1/30/2020 11:41:52 AM,541068,4811108
48377,18-269012,11/20/2018 8:15:00 AM,2018,11,20,8,15,0,Tuesday,541068,4811108,0,0,Intersection related,1,Non-fatal injury,Thru lane,unknown,unknown,Rear end,Unknown,Daylight,01 - Daylight,Municipal (excl. Twp. Rd.),Stop sign,Functioning,0,0,0,FALSE,FALSE,FALSE,Clear,,FALSE,KARN ST; BELMONT AVE W,1/30/2020 11:41:51 AM,541068,4811108
48378,18-269086,11/20/2018 9:00:00 AM,2018,11,20,9,0,0,Tuesday,541068,4811108,0,0,At/near private drive,2,P.D. only,Thru lane,unknown,unknown,Other,Unknown,Daylight,01 - Daylight,Municipal (excl. Twp. Rd.),No control,unknown,0,0,0,FALSE,FALSE,FALSE,Clear,,FALSE,COMMONWEALTH ST; COMMONWEALTH ST,1/30/2020 11:41:50 AM,541068,4811108
48379,18-269125,11/13/2018 5:00:00 PM,2018,11,13,17,0,0,Tuesday,541068,4811108,0,0,At intersection,2,P.D. only,Within intersection,unknown,unknown,Angle,Unknown,Daylight,01 - Daylight,Regional municipality,Yield sign,Functioning,0,0,0,FALSE,FALSE,FALSE,Clear,,FALSE,HURON RD; STRASBURG RD,1/30/2020 11:41:50 AM,541068,4811108
48380,18-269130,11/20/2018 6:10:00 PM,2018,11,20,18,10,0,Tuesday,541068,4811108,0,0,Non intersection,2,Non-reportable,Thru lane,unknown,unknown,Rear end,Unknown,"Dark, artificial","08 - Dark, artificial",Municipal (excl. Twp. Rd.),Ped. crossover,Functioning,0,0,0,FALSE,FALSE,FALSE,Clear,,FALSE,KINGSWAY DR; KINGSWAY DR; Near,1/30/2020 11:41:49 AM,541068,4811108
48381,18-269357,11/20/2018 8:45:00 AM,2018,11,20,8,45,0,Tuesday,541068,4811108,0,0,At intersection,1,Non-fatal injury,Within intersection,unknown,unknown,Turning movement,Unknown,Daylight,01 - Daylight,Municipal (excl. Twp. Rd.),Stop sign,Functioning,0,0,0,FALSE,FALSE,FALSE,Snow,,FALSE,FOXGLOVE CRES; WINDFLOWER DR,1/30/2020 11:41:49 AM,541068,4811108
48382,18-269953,11/21/2018 9:16:00 PM,2018,11,21,21,16,0,Wednesday,545030.9077,4812002.664,-80.443368,43.459586,Intersection related,1,Non-fatal injury,Thru lane,unknown,unknown,Rear end,Unknown,Dark,07 - Dark,unknown,Stop sign,Functioning,0,0,0,FALSE,FALSE,FALSE,Clear,,FALSE,LORRAINE AVE; MONTCALM DR ; Near; 100 M,2/19/2019 2:06:06 PM,545030.9076,4812002.664
48383,18-270086,11/22/2018 5:55:00 AM,2018,11,22,5,55,0,Thursday,538246.527,4806533.776,-80.527611,43.410722,Non intersection,2,P.D. only,Thru lane,unknown,unknown,Approaching,Unknown,Daylight,01 - Daylight,unknown,No control,unknown,0,0,0,FALSE,FALSE,FALSE,Clear,,FALSE,FOXGLOVE CRES ; EVERGLADE CRES ; Near; 50 M,2/19/2019 2:06:05 PM,538246.527,4806533.776
48384,18-270187,11/22/2018 8:25:00 AM,2018,11,22,8,25,0,Thursday,541068,4811108,0,0,Intersection related,2,P.D. only,Thru lane,unknown,unknown,Rear end,Unknown,Daylight,01 - Daylight,Regional municipality,Stop sign,Functioning,0,0,0,FALSE,FALSE,FALSE,Clear,,FALSE,PARKVALE DR; HURON RD; At,1/30/2020 11:41:48 AM,541068,4811108
48385,18-270227,11/21/2018 3:05:00 PM,2018,11,21,15,5,0,Wednesday,541068,4811108,0,0,Intersection related,2,P.D. only,Thru lane,unknown,unknown,Other,Unknown,Daylight,01 - Daylight,Municipal (excl. Twp. Rd.),Stop sign,Functioning,0,0,0,FALSE,FALSE,FALSE,Clear,,FALSE,DOON SOUTH DR; THOMAS SLEE DR; Near,1/30/2020 11:41:48 AM,541068,4811108
48386,18-270403,11/20/2018 9:06:00 AM,2018,11,20,9,6,0,Tuesday,541068,4811108,0,0,At intersection,2,P.D. only,Within intersection,unknown,unknown,Rear end,Unknown,Daylight,01 - Daylight,Municipal (excl. Twp. Rd.),Stop sign,Functioning,0,0,0,FALSE,FALSE,FALSE,Clear,,FALSE,HIDDEN CREEK DR; WESTFOREST TRAIL,1/30/2020 11:41:47 AM,541068,4811108
48387,18-270427,11/22/2018 11:15:00 AM,2018,11,22,11,15,0,Thursday,541068,4811108,0,0,At/near private drive,2,P.D. only,Thru lane,unknown,unknown,Other,Unknown,Daylight,01 - Daylight,Municipal (excl. Twp. Rd.),No control,unknown,0,0,0,FALSE,FALSE,FALSE,Clear,,FALSE,HIDEAWAY CRT; HIDEAWAY CRT,1/30/2020 11:41:46 AM,541068,4811108
48388,18-270972,11/22/2018 3:35:00 PM,2018,11,22,15,35,0,Thursday,541068,4811108,0,0,Intersection related,2,P.D. only,Thru lane,unknown,unknown,Sideswipe,Unknown,Daylight,01 - Daylight,Municipal (excl. Twp. Rd.),School guard,Functioning,0,0,0,FALSE,FALSE,FALSE,Clear,,FALSE,PIONEER DR; BECHTEL DR,1/30/2020 11:41:46 AM,541068,4811108
48389,18-271258,11/23/2018 1:46:00 PM,2018,11,23,13,46,0,Friday,544937.7038,4807906.734,-80.444857,43.422712,At/near private drive,2,P.D. only,Two-way left turn lane,unknown,unknown,Turning movement,Unknown,Daylight,01 - Daylight,unknown,No control,unknown,0,0,0,FALSE,FALSE,FALSE,Clear,,FALSE,WILSON AVE ; FAIRWAY RD S; 300 M,2/19/2019 2:06:03 PM,544937.7038,4807906.734
48390,18-271364,11/23/2018 3:50:00 PM,2018,11,23,15,50,0,Friday,541300.1309,4812437.438,-80.48945,43.463716,At intersection,2,P.D. only,Within intersection,unknown,unknown,Angle,Unknown,"Daylight, artificial","02 - Daylight, artificial",unknown,Stop sign,Functioning,0,0,0,FALSE,FALSE,FALSE,Clear,,FALSE,ST LEGER ST; BLUCHER BLVD,2/19/2019 2:06:02 PM,541300.1309,4812437.438
48391,18-271386,11/22/2018 4:00:00 PM,2018,11,22,16,0,0,Thursday,541068,4811108,0,0,Non intersection,2,P.D. only,Thru lane,unknown,unknown,SMV unattended vehicle,Unknown,Daylight,01 - Daylight,Municipal (excl. Twp. Rd.),No control,unknown,0,0,0,FALSE,FALSE,FALSE,Clear,,FALSE,WEST AVE; HOMEWOOD AVE; Near,1/30/2020 11:41:45 AM,541068,4811108
48392,18-271406,11/23/2018 3:40:00 PM,2018,11,23,15,40,0,Friday,541068,4811108,0,0,At/near private drive,2,P.D. only,Thru lane,unknown,unknown,Other,Unknown,Daylight,01 - Daylight,Municipal (excl. Twp. Rd.),No control,unknown,0,0,0,FALSE,FALSE,FALSE,Clear,,FALSE,HOWLAND DR; HOWLAND DR ; Near,1/30/2020 11:41:45 AM,541068,4811108
48393,18-271442,11/22/2018 5:30:00 PM,2018,11,22,17,30,0,Thursday,541068,4811108,0,0,At/near private drive,2,P.D. only,Thru lane,unknown,unknown,SMV unattended vehicle,Unknown,"Dark, artificial","08 - Dark, artificial",Municipal (excl. Twp. Rd.),No control,unknown,0,0,0,FALSE,FALSE,FALSE,Clear,,FALSE,COACH HILL DR; COACH HILL DR,1/30/2020 11:41:44 AM,541068,4811108
48394,18-271981,11/23/2018 5:00:00 PM,2018,11,23,17,0,0,Friday,541068,4811108,0,0,At/near private drive,2,P.D. only,Thru lane,unknown,unknown,SMV unattended vehicle,Unknown,Daylight,01 - Daylight,Municipal (excl. Twp. Rd.),No control,unknown,0,0,0,FALSE,FALSE,FALSE,Clear,,FALSE,FOREST HILL DR; FOREST HILL DR ; Near,1/30/2020 11:41:43 AM,541068,4811108
48395,18-272008,11/24/2018 10:18:00 AM,2018,11,24,10,18,0,Saturday,539617.3783,4811372.94,-80.510329,43.454223,At intersection,2,P.D. only,Within intersection,unknown,unknown,Turning movement,Unknown,Daylight,01 - Daylight,unknown,Traffic signal,Functioning,0,0,0,FALSE,FALSE,FALSE,Rain,,FALSE,PARK ST; GLASGOW ST,2/19/2019 2:06:01 PM,539617.3783,4811372.941
48396,18-272060,11/24/2018 10:30:00 AM,2018,11,24,10,30,0,Saturday,541068,4811108,0,0,At/near private drive,2,P.D. only,Thru lane,unknown,unknown,Sideswipe,Unknown,Daylight,01 - Daylight,Municipal (excl. Twp. Rd.),No control,unknown,0,0,0,FALSE,FALSE,FALSE,Rain,,FALSE,GREENBROOK DR; GREENBROOK DR ; Near; 30 M,1/30/2020 11:41:42 AM,541068,4811108
48397,18-272274,11/24/2018 5:00:00 PM,2018,11,24,17,0,0,Saturday,541068,4811108,0,0,Non intersection,2,P.D. only,Thru lane,unknown,unknown,SMV other,Unknown,Dusk,05 - Dusk,Municipal (excl. Twp. Rd.),No control,unknown,0,0,0,FALSE,FALSE,FALSE,Rain,,FALSE,DOON SOUTH DR; DOON SOUTH DR,1/30/2020 11:41:40 AM,541068,4811108
48398,18-272379,11/24/2018 7:00:00 PM,2018,11,24,19,0,0,Saturday,540588.3665,4805565.449,-80.498759,43.401879,Non intersection,2,P.D. only,Thru lane,unknown,unknown,SMV unattended vehicle,Unknown,"Dark, artificial","08 - Dark, artificial",unknown,No control,unknown,0,0,0,FALSE,FALSE,FALSE,Rain,,FALSE,HARDING ST; HARDING ST ; Near; 13 M,2/19/2019 2:05:59 PM,540588.3665,4805565.449
48399,18-272835,11/24/2018 2:15:00 PM,2018,11,24,14,15,0,Saturday,541068,4811108,0,0,At/near private drive,2,P.D. only,Thru lane,unknown,unknown,Other,Unknown,Daylight,01 - Daylight,Regional municipality,No control,unknown,0,0,0,FALSE,FALSE,FALSE,Clear,,FALSE,WELLINGTON ST N; WELLINGTON ST N; At,1/30/2020 11:41:40 AM,541068,4811108
48400,18-272857,11/21/2018 10:00:00 AM,2018,11,21,10,0,0,Wednesday,541068,4811108,0,0,Intersection related,1,Non-fatal injury,Thru lane,unknown,unknown,Rear end,Unknown,Daylight,01 - Daylight,Regional municipality,Traffic signal,Functioning,0,0,0,FALSE,FALSE,FALSE,Clear,,FALSE,WELLINGTON ST N; SHIRLEY AVE,1/30/2020 11:41:39 AM,541068,4811108