OBJECTID,ACCIDENTNUM,ACCIDENTDATE,ACCIDENT_YEAR,ACCIDENT_MONTH,ACCIDENT_DAY,ACCIDENT_HOUR,ACCIDENT_MINUTE,ACCIDENT_SECOND,ACCIDENT_WEEKDAY,XCOORD,YCOORD,LONGITUDE,LATITUDE,ACCIDENTLOCATION,COLLISIONTYPE,CLASSIFICATIONOFACCIDENT,IMPACTLOCATION,INITIALDIRECTIONOFTRAVELONE,INITIALDIRECTIONOFTRAVELTWO,INITIALIMPACTTYPE,INTTRAFFICCONTROL,LIGHT,LIGHTFORREPORT,ROADJURISDICTION,TRAFFICCONTROL,TRAFFICCONTROLCONDITION,THRULANENO,NORTHBOUNDDISOBEYCOUNT,SOUTHBOUNDDISOBEYCOUNT,PEDESTRIANINVOLVED,CYCLISTINVOLVED,MOTORCYCLISTINVOLVED,ENVIRONMENTCONDITION1,ENVIRONMENTCONDITION2,SELFREPORTED,XMLIMPORTNOTES,LASTEDITEDDATE,x,y
48401,18-272932,11/25/2018 2:00:00 AM,2018,11,25,2,0,0,Sunday,541068,4811108,0,0,Non intersection,2,P.D. only,Thru lane,unknown,unknown,SMV unattended vehicle,Unknown,Dark,07 - Dark,Municipal (excl. Twp. Rd.),No control,unknown,0,0,0,FALSE,FALSE,FALSE,Clear,,FALSE,PATHFINDER CRES; PATHFINDER CRES ; At,1/30/2020 11:41:38 AM,541068,4811108
48402,18-273861,11/23/2018 3:00:00 PM,2018,11,23,15,0,0,Friday,541068,4811108,0,0,At intersection,2,P.D. only,Within intersection,unknown,unknown,Rear end,Unknown,Daylight,01 - Daylight,Regional municipality,Yield sign,Functioning,0,0,0,FALSE,FALSE,FALSE,Clear,,FALSE,FALLOWFIELD DR; BLOCK LINE RD,1/30/2020 11:41:37 AM,541068,4811108
48403,18-274461,11/26/2018 5:50:00 PM,2018,11,26,17,50,0,Monday,544631.2127,4806285.314,-80.448776,43.408131,Non intersection,2,Non-reportable,Thru lane,unknown,unknown,Sideswipe,Unknown,Dark,07 - Dark,unknown,No control,unknown,0,0,0,FALSE,FALSE,FALSE,Rain,,FALSE,WABANAKI DR; MANITOU DR,2/19/2019 2:05:58 PM,544631.2127,4806285.314
48404,18-274583,11/27/2018 3:38:00 PM,2018,11,27,15,38,0,Tuesday,539316.4905,4810615.939,-80.514102,43.447422,At intersection,1,Non-fatal injury,Within intersection,unknown,unknown,Turning movement,Unknown,Daylight,01 - Daylight,unknown,Traffic signal,Functioning,0,0,0,FALSE,FALSE,FALSE,Clear,,FALSE,BELMONT AVE W; GAGE AVE; 0 M,2/19/2019 2:05:57 PM,539316.4905,4810615.939
48405,18-275303,11/28/2018 1:00:00 PM,2018,11,28,13,0,0,Wednesday,541068,4811108,0,0,Intersection related,2,P.D. only,Thru lane,unknown,unknown,Turning movement,Unknown,Daylight,01 - Daylight,Municipal (excl. Twp. Rd.),Stop sign,Functioning,0,0,0,FALSE,FALSE,FALSE,Clear,,FALSE,HALLS LANE E; QUEEN ST S; At,1/30/2020 11:41:36 AM,541068,4811108
48406,18-275350,11/28/2018 2:36:00 PM,2018,11,28,14,36,0,Wednesday,545446.6878,4811768.253,-80.438248,43.457451,Intersection related,2,P.D. only,Thru lane,unknown,unknown,SMV unattended vehicle,Unknown,Daylight,01 - Daylight,unknown,Stop sign,Functioning,0,0,0,FALSE,FALSE,FALSE,Clear,,FALSE,QUEENSTON DR ; INDIAN RD ; Near; 25 M,2/19/2019 2:05:56 PM,545446.6878,4811768.253
48407,18-275459,11/28/2018 5:00:00 PM,2018,11,28,17,0,0,Wednesday,545874.0887,4808591.73,-80.433232,43.428823,At/near private drive,2,P.D. only,Thru lane,unknown,unknown,Turning movement,Unknown,Daylight,01 - Daylight,unknown,No control,unknown,0,0,0,FALSE,FALSE,FALSE,Clear,,FALSE,KING ST E; KING ST E; Near; 10 M,2/19/2019 2:05:54 PM,545874.0887,4808591.73
48408,18-275535,11/28/2018 6:53:00 PM,2018,11,28,18,53,0,Wednesday,538752.9007,4807715.484,-80.521273,43.421336,At/near private drive,2,Non-reportable,Thru lane,unknown,unknown,SMV unattended vehicle,Unknown,Dark,07 - Dark,unknown,No control,unknown,0,0,0,FALSE,FALSE,FALSE,Clear,,FALSE,FOREST GLEN CRES; FOREST GLEN CRES ; At; 1 M,2/19/2019 2:05:53 PM,538752.9007,4807715.484
48409,18-275560,11/28/2018 7:00:00 PM,2018,11,28,19,0,0,Wednesday,541068,4811108,0,0,Intersection related,2,P.D. only,Thru lane,unknown,unknown,Sideswipe,Unknown,"Dark, artificial","08 - Dark, artificial",Municipal (excl. Twp. Rd.),Stop sign,Functioning,0,0,0,FALSE,FALSE,FALSE,Clear,,FALSE,CHARLES ST E; CHARLES ST E; Near,1/30/2020 11:41:35 AM,541068,4811108
48410,18-275877,11/29/2018 8:28:00 AM,2018,11,29,8,28,0,Thursday,543071.3455,4805495.634,-80.468103,43.401112,At intersection,2,P.D. only,Within intersection,unknown,unknown,Angle,Unknown,Daylight,01 - Daylight,unknown,Stop sign,Functioning,0,0,0,FALSE,FALSE,FALSE,Clear,,FALSE,STRASBURG RD; TRILLIUM DR,2/19/2019 2:05:50 PM,543071.3455,4805495.634
48411,18-276089,11/28/2018 8:00:00 PM,2018,11,28,20,0,0,Wednesday,541068,4811108,0,0,At/near private drive,2,P.D. only,Thru lane,unknown,unknown,SMV unattended vehicle,Unknown,"Dark, artificial","08 - Dark, artificial",Municipal (excl. Twp. Rd.),No control,unknown,0,0,0,FALSE,FALSE,FALSE,Clear,,FALSE,THALER AVE; THALER AVE; At; 1 M,1/30/2020 11:41:34 AM,541068,4811108
48412,18-276141,11/29/2018 1:47:00 PM,2018,11,29,13,47,0,Thursday,546750.1079,4810408.001,-80.422254,43.445123,Intersection related,1,Non-fatal injury,Thru lane,unknown,unknown,Turning movement,Unknown,Daylight,01 - Daylight,unknown,Stop sign,Functioning,0,0,0,FALSE,FALSE,FALSE,Clear,,FALSE,DAIMLER DR; CORFIELD DR,2/19/2019 2:05:48 PM,546750.1079,4810408.001
48413,18-276222,11/28/2018 7:10:00 PM,2018,11,28,19,10,0,Wednesday,541068,4811108,0,0,At intersection,2,P.D. only,Within intersection,unknown,unknown,Turning movement,Unknown,"Dark, artificial","08 - Dark, artificial",Municipal (excl. Twp. Rd.),Stop sign,Functioning,0,0,0,FALSE,FALSE,FALSE,Rain,,FALSE,BLACKWELL DR; WESTHEIGHTS DR,1/30/2020 11:41:33 AM,541068,4811108
48414,18-276320,11/29/2018 6:00:00 PM,2018,11,29,18,0,0,Thursday,541068,4811108,0,0,At intersection,2,P.D. only,Within intersection,unknown,unknown,Turning movement,Unknown,Dark,07 - Dark,Municipal (excl. Twp. Rd.),Stop sign,Functioning,0,0,0,FALSE,FALSE,FALSE,Clear,,FALSE,WESTHEIGHTS DR; QUEENS BLVD,1/30/2020 11:41:32 AM,541068,4811108
48415,18-276678,11/30/2018 6:35:00 AM,2018,11,30,6,35,0,Friday,541068,4811108,0,0,Non intersection,2,P.D. only,Thru lane,unknown,unknown,SMV unattended vehicle,Unknown,"Dark, artificial","08 - Dark, artificial",Municipal (excl. Twp. Rd.),No control,unknown,0,0,0,FALSE,FALSE,FALSE,Clear,,TRUE,PARKVALE DR; PARKVALE DR,1/30/2020 11:41:31 AM,541068,4811108
48416,18-276861,11/29/2018 6:00:00 AM,2018,11,29,6,0,0,Thursday,541068,4811108,0,0,Non intersection,2,P.D. only,Thru lane,unknown,unknown,SMV unattended vehicle,Unknown,Daylight,01 - Daylight,Municipal (excl. Twp. Rd.),No control,unknown,0,0,0,FALSE,FALSE,FALSE,Clear,,FALSE,RALGREEN CRES; RALGREEN CRES ; Near,1/30/2020 11:41:30 AM,541068,4811108
48417,18-277149,11/30/2018 5:20:00 PM,2018,11,30,17,20,0,Friday,541068,4811108,0,0,Non intersection,2,P.D. only,Thru lane,unknown,unknown,Turning movement,Unknown,"Dusk, artificial","06 - Dusk, artificial",Municipal (excl. Twp. Rd.),No control,unknown,0,0,0,FALSE,FALSE,FALSE,Clear,,FALSE,PARK ST; PARK ST; Near,1/30/2020 11:41:29 AM,541068,4811108
48418,18-277775,12/1/2018 1:12:00 PM,2018,12,1,13,12,0,Saturday,541068,4811108,0,0,Non intersection,2,P.D. only,Thru lane,unknown,unknown,Rear end,Unknown,Daylight,01 - Daylight,Regional municipality,No control,unknown,0,0,0,FALSE,FALSE,FALSE,Clear,,FALSE,KING ST E; SCOTT ST; Near,1/30/2020 11:41:28 AM,541068,4811108
48419,18-278390,12/2/2018 9:53:00 AM,2018,12,2,9,53,0,Sunday,543280.0703,4811500.733,-80.465049,43.45517,Non intersection,1,Non-fatal injury,Thru lane,unknown,unknown,Sideswipe,Unknown,Daylight,01 - Daylight,unknown,No control,unknown,0,0,0,FALSE,FALSE,FALSE,Rain,,FALSE,KRUG ST; KRUG ST ; At; 80 M,2/19/2019 2:05:47 PM,543280.0703,4811500.733
48420,18-278391,12/2/2018 9:57:00 AM,2018,12,2,9,57,0,Sunday,541173.4193,4812721.172,-80.490995,43.466278,At intersection,1,Non-fatal injury,Within intersection,unknown,unknown,Angle,Unknown,Daylight,01 - Daylight,unknown,Stop sign,Functioning,0,0,0,FALSE,FALSE,FALSE,Clear,,FALSE,ST LEGER ST; FAIRFIELD AVE,2/19/2019 2:05:46 PM,541173.4193,4812721.172
48421,18-278417,11/23/2018 8:00:00 PM,2018,11,23,20,0,0,Friday,541068,4811108,0,0,At/near private drive,2,P.D. only,Thru lane,unknown,unknown,SMV unattended vehicle,Unknown,"Dark, artificial","08 - Dark, artificial",Municipal (excl. Twp. Rd.),No control,unknown,0,0,0,FALSE,FALSE,FALSE,Clear,,FALSE,ROSEWOOD DR; ROSEWOOD DR,1/30/2020 11:41:27 AM,541068,4811108
48422,18-279111,12/2/2018 5:30:00 PM,2018,12,2,17,30,0,Sunday,538979.3949,4808993.02,-80.518384,43.432827,At/near private drive,2,P.D. only,Thru lane,unknown,unknown,SMV unattended vehicle,Unknown,"Dusk, artificial","06 - Dusk, artificial",unknown,No control,unknown,0,0,0,FALSE,FALSE,FALSE,Clear,,FALSE,OVERLEA DR; OVERLEA DR,2/19/2019 2:05:43 PM,538979.3949,4808993.02
48423,18-279125,12/3/2018 9:22:00 AM,2018,12,3,9,22,0,Monday,539317.452,4810615.944,-80.51409,43.447422,At intersection,1,Non-fatal injury,Within intersection,unknown,unknown,Turning movement,Unknown,Daylight,01 - Daylight,unknown,Traffic signal,Functioning,0,0,0,FALSE,FALSE,FALSE,Clear,,FALSE,BELMONT AVE W; GAGE AVE,2/19/2019 2:05:41 PM,539317.452,4810615.944
48424,18-279578,12/3/2018 7:21:00 PM,2018,12,3,19,21,0,Monday,536958.8946,4808795.229,-80.543361,43.431149,Non intersection,2,P.D. only,Thru lane,unknown,unknown,SMV unattended vehicle,Unknown,"Dark, artificial","08 - Dark, artificial",unknown,No control,unknown,0,0,0,FALSE,FALSE,FALSE,Clear,,FALSE,HIDDEN CREEK DR; HIDDEN CREEK DR ; Near; 1 M,2/19/2019 2:05:40 PM,536958.8946,4808795.229
48425,18-280334,12/4/2018 6:21:00 PM,2018,12,4,18,21,0,Tuesday,538841.9981,4805768.386,-80.520311,43.403799,Intersection related,2,P.D. only,Right shoulder,unknown,unknown,SMV unattended vehicle,Unknown,Dark,07 - Dark,unknown,Stop sign,Functioning,0,0,0,FALSE,FALSE,FALSE,Clear,,FALSE,ACTIVA AVE; ISAIAH DR,2/19/2019 2:05:38 PM,538841.9981,4805768.386
48426,18-281087,12/3/2018 5:00:00 PM,2018,12,3,17,0,0,Monday,542549.8287,4811154.751,-80.474102,43.452097,Non intersection,2,P.D. only,Right shoulder,unknown,unknown,SMV unattended vehicle,Unknown,Daylight,01 - Daylight,unknown,No control,unknown,0,0,0,FALSE,FALSE,FALSE,Clear,,FALSE,KRUG ST; KRUG ST; Near,2/19/2019 2:05:37 PM,542549.8287,4811154.751
48427,18-281104,12/5/2018 3:15:00 PM,2018,12,5,15,15,0,Wednesday,541068,4811108,0,0,Non intersection,2,P.D. only,Right shoulder,unknown,unknown,SMV unattended vehicle,Unknown,Daylight,01 - Daylight,Regional municipality,No control,unknown,0,0,0,FALSE,FALSE,FALSE,Clear,,FALSE,MORGAN AVE; MORGAN AVE,1/30/2020 11:41:26 AM,541068,4811108
48428,18-281180,12/5/2018 2:30:00 PM,2018,12,5,14,30,0,Wednesday,546840.716,4804257.452,-80.421662,43.389738,Non intersection,2,P.D. only,Thru lane,unknown,unknown,Sideswipe,Unknown,Daylight,01 - Daylight,unknown,No control,unknown,0,0,0,FALSE,FALSE,FALSE,Clear,,FALSE,DOON SOUTH DR; HOMER WATSON BLVD,2/19/2019 2:05:36 PM,546840.716,4804257.452
48429,18-281536,12/6/2018 8:10:00 AM,2018,12,6,8,10,0,Thursday,541982.1773,4810674.841,-80.481154,43.447808,At intersection,2,P.D. only,Within intersection,unknown,unknown,Angle,Unknown,Daylight,01 - Daylight,unknown,Stop sign,Functioning,0,0,0,FALSE,FALSE,FALSE,Snow,,FALSE,MADISON AVE N; DUKE ST E,2/19/2019 2:05:34 PM,541982.1773,4810674.841
48430,18-281537,12/6/2018 8:10:00 AM,2018,12,6,8,10,0,Thursday,548085.1398,4804607.292,-80.406267,43.392809,Non intersection,2,P.D. only,Thru lane,unknown,unknown,Angle,Unknown,Daylight,01 - Daylight,unknown,No control,unknown,0,0,0,FALSE,FALSE,FALSE,Snow,,FALSE,OLD MILL RD ; DOON VALLEY DR ; Near; 75 M,2/19/2019 2:05:33 PM,548085.1398,4804607.292
48431,18-281736,12/6/2018 11:00:00 AM,2018,12,6,11,0,0,Thursday,542583.0528,4810127.535,-80.473771,43.442846,Intersection related,2,P.D. only,Right shoulder,unknown,unknown,SMV other,Unknown,"Daylight, artificial","02 - Daylight, artificial",unknown,Traffic signal,Functioning,0,0,0,FALSE,FALSE,FALSE,Snow,,FALSE,BORDEN AVE N; KING ST E; 30 M,2/19/2019 2:05:32 PM,542583.0528,4810127.535
48432,18-281846,12/6/2018 12:45:00 PM,2018,12,6,12,45,0,Thursday,541068,4811108,0,0,Intersection related,2,P.D. only,Thru lane,unknown,unknown,Other,Unknown,Daylight,01 - Daylight,Municipal (excl. Twp. Rd.),Stop sign,Functioning,0,0,0,FALSE,FALSE,FALSE,Snow,,FALSE,WATER ST S; HALLS LANE W,1/30/2020 11:41:25 AM,541068,4811108
48433,18-281924,12/6/2018 9:25:00 AM,2018,12,6,9,25,0,Thursday,537944.942,4810344.708,-80.531071,43.445051,Non intersection,2,P.D. only,Not on roadway - right side,unknown,unknown,SMV other,Unknown,Daylight,01 - Daylight,unknown,No control,unknown,0,0,0,FALSE,FALSE,FALSE,Snow,,FALSE,WESTWOOD DR; WESTWOOD DR ; Near; 30 M,2/19/2019 2:05:31 PM,537944.942,4810344.709
48434,18-281965,12/6/2018 4:21:00 PM,2018,12,6,16,21,0,Thursday,541129.3002,4812031.706,-80.491592,43.460073,Intersection related,2,P.D. only,Not on roadway - left side,unknown,unknown,SMV other,Unknown,"Dusk, artificial","06 - Dusk, artificial",unknown,Stop sign,Functioning,0,0,0,FALSE,FALSE,FALSE,Snow,,FALSE,MARGARET AVE ; ADAM ST ; Near; 7 M,2/19/2019 2:05:30 PM,541129.3002,4812031.706
48435,18-282080,12/6/2018 6:27:00 PM,2018,12,6,18,27,0,Thursday,544141.3234,4808843.612,-80.454619,43.431195,At intersection,1,Non-fatal injury,Within intersection,unknown,unknown,Angle,Unknown,Dark,07 - Dark,unknown,Stop sign,Functioning,0,0,0,FALSE,FALSE,FALSE,Snow,,FALSE,CONNAUGHT ST ; FOURTH AVE,2/19/2019 2:05:28 PM,544141.3234,4808843.612
48436,18-282244,12/6/2018 5:57:00 PM,2018,12,6,17,57,0,Thursday,540352.7316,4806817.323,-80.501577,43.413164,Intersection related,2,Non-reportable,Not on roadway - left side,unknown,unknown,SMV other,Unknown,"Dark, artificial","08 - Dark, artificial",unknown,No control,unknown,0,0,0,FALSE,FALSE,FALSE,Freezing Rain,,FALSE,WILLIAMSBURG RD; DINISON CRES; 30 M,2/19/2019 2:05:26 PM,540352.7316,4806817.323
48437,18-282502,12/6/2018 10:00:00 AM,2018,12,6,10,0,0,Thursday,542025.8074,4808915.488,-80.480751,43.431964,Non intersection,2,P.D. only,Not on roadway - right side,unknown,unknown,SMV other,Unknown,Daylight,01 - Daylight,unknown,Stop sign,Functioning,0,0,0,FALSE,FALSE,FALSE,Snow,,FALSE,DONLEY ST; HOFFMAN ST; Near; 10 M,2/19/2019 2:05:25 PM,542025.8074,4808915.488
48438,18-282705,12/7/2018 11:25:00 AM,2018,12,7,11,25,0,Friday,540912.1937,4807013.157,-80.494652,43.414897,At/near private drive,2,P.D. only,Thru lane,unknown,unknown,SMV unattended vehicle,Unknown,Daylight,01 - Daylight,unknown,No control,unknown,0,0,0,FALSE,FALSE,FALSE,Snow,,FALSE,BRIARGATE DR; BRIARGATE DR ; Near,2/19/2019 2:05:24 PM,540912.1937,4807013.157
48439,18-282708,12/7/2018 1:59:00 PM,2018,12,7,13,59,0,Friday,545144.2578,4807123.487,-80.44237,43.415648,At intersection,2,P.D. only,Within intersection,unknown,unknown,Turning movement,Unknown,Daylight,01 - Daylight,unknown,Stop sign,Functioning,0,0,0,FALSE,FALSE,FALSE,Clear,,FALSE,GOODRICH DR ; WILSON AVE ; 2 M,2/19/2019 2:05:23 PM,545144.2578,4807123.487
48440,18-282724,12/6/2018 9:30:00 PM,2018,12,6,21,30,0,Thursday,544178.1979,4803739.157,-80.454576,43.385233,Non intersection,2,P.D. only,Thru lane,unknown,unknown,SMV other,Unknown,Daylight,01 - Daylight,unknown,No control,unknown,0,0,0,FALSE,FALSE,FALSE,Clear,,FALSE,CARYNDALE DR; CHAPEL HILL DR; Near; 50 M,2/19/2019 2:05:21 PM,544178.1979,4803739.157
48441,18-282906,12/7/2018 6:01:00 PM,2018,12,7,18,1,0,Friday,545801.1001,4807888.658,-80.434193,43.422497,Non intersection,2,P.D. only,Thru lane,unknown,unknown,SMV other,Unknown,Dark,07 - Dark,unknown,No control,unknown,0,0,0,FALSE,FALSE,FALSE,Clear,,FALSE,HIDDEN VALLEY RD; WABANAKI DR ; 200 M,2/19/2019 2:05:20 PM,545801.1001,4807888.658
48442,18-282919,12/7/2018 6:00:00 PM,2018,12,7,18,0,0,Friday,540569.7858,4812709.784,-80.498458,43.466208,Intersection related,2,P.D. only,Thru lane,unknown,unknown,SMV other,Stop sign,"Dark, artificial","08 - Dark, artificial",unknown,Stop sign,Functioning,0,0,0,FALSE,FALSE,FALSE,Clear,,FALSE,UNION ST; MARGARET AVE,2/19/2019 2:05:19 PM,540569.7858,4812709.784
48443,18-283333,12/8/2018 10:00:00 AM,2018,12,8,10,0,0,Saturday,544842.7593,4808247.838,-80.446002,43.425789,Intersection related,1,Non-fatal injury,Not on roadway - left side,unknown,unknown,SMV other,Unknown,Dark,07 - Dark,unknown,Stop sign,Functioning,0,0,0,FALSE,FALSE,FALSE,Clear,,FALSE,GREENFIELD AVE; TRAYNOR AVE ; 10 M,2/19/2019 2:05:18 PM,544842.7593,4808247.839
48444,18-284182,12/9/2018 12:50:00 PM,2018,12,9,12,50,0,Sunday,542865.3074,4803678.922,-80.470789,43.384766,Non intersection,2,P.D. only,Thru lane,unknown,unknown,SMV unattended vehicle,Unknown,Daylight,01 - Daylight,unknown,No control,unknown,0,0,0,FALSE,FALSE,FALSE,Clear,,FALSE,ROCKCLIFFE DR; ROCKCLIFFE DR ; At; 2 M,2/19/2019 2:05:17 PM,542865.3074,4803678.922
48445,18-284652,12/10/2018 6:24:00 AM,2018,12,10,6,24,0,Monday,541068,4811108,0,0,Overpass or bridge,2,P.D. only,Right turn lane,unknown,unknown,Rear end,Unknown,Dawn,03 - Dawn,unknown,No control,unknown,0,0,0,FALSE,FALSE,FALSE,Clear,,FALSE,FOUNTAIN ST S TO 401 E ON  ; FOUNTAIN ST S TO 401 E ON  ; At; 15 M,2/19/2019 2:05:15 PM,541068,4811108
48446,18-284721,12/10/2018 8:48:00 AM,2018,12,10,8,48,0,Monday,541451.7,4812106.986,-80.487601,43.460733,At intersection,2,P.D. only,Within intersection,unknown,unknown,Angle,Unknown,Daylight,01 - Daylight,unknown,Stop sign,Functioning,0,0,0,FALSE,FALSE,FALSE,Clear,,FALSE,LOUISA ST; ST LEGER ST,2/19/2019 2:05:14 PM,541451.7,4812106.987
48447,18-284947,12/10/2018 2:40:00 PM,2018,12,10,14,40,0,Monday,541831.0471,4811990.323,-80.482921,43.459661,At/near private drive,2,P.D. only,Thru lane,unknown,unknown,Angle,Unknown,Daylight,01 - Daylight,unknown,No control,unknown,0,0,0,FALSE,FALSE,FALSE,Clear,,FALSE,LANCASTER ST W; LANCASTER ST W; At; 50 M,2/19/2019 2:05:13 PM,541831.0471,4811990.323
48448,18-285624,12/6/2018 2:30:00 PM,2018,12,6,14,30,0,Thursday,544883.0352,4804850.455,-80.445783,43.395197,Intersection related,2,P.D. only,Thru lane,unknown,unknown,Rear end,Unknown,Daylight,01 - Daylight,unknown,Traffic signal,Functioning,0,0,0,FALSE,FALSE,FALSE,Clear,,FALSE,DOON VILLAGE RD; PIONEER DR,2/19/2019 2:05:10 PM,544883.0352,4804850.455
48449,18-285656,11/24/2018 4:00:00 PM,2018,11,24,16,0,0,Saturday,541276.3655,4810925.668,-80.489858,43.450106,Non intersection,2,P.D. only,Thru lane,unknown,unknown,SMV unattended vehicle,Unknown,Daylight,01 - Daylight,unknown,No control,unknown,0,0,0,FALSE,FALSE,FALSE,Rain,,FALSE,KING ST W; KING ST W; Near,2/19/2019 2:05:09 PM,541276.3655,4810925.669
48450,18-286203,12/12/2018 6:16:00 AM,2018,12,12,6,16,0,Wednesday,541068,4811108,0,0,Intersection related,2,P.D. only,Not on roadway - left side,unknown,unknown,SMV other,Unknown,Dark,07 - Dark,unknown,Yield sign,Functioning,0,0,0,FALSE,FALSE,FALSE,Clear,,FALSE,AMAND DR ; SEABROOK DR ; At,2/19/2019 2:05:07 PM,541068,4811108
48451,18-286426,12/12/2018 9:00:00 AM,2018,12,12,9,0,0,Wednesday,536674.8288,4807971.416,-80.546926,43.423745,At/near private drive,2,P.D. only,Thru lane,unknown,unknown,Other,Unknown,Daylight,01 - Daylight,unknown,No control,unknown,0,0,0,FALSE,FALSE,FALSE,Clear,,FALSE,NEWBURY DR; NEWBURY DR ; Near,2/19/2019 2:05:06 PM,536674.8288,4807971.416
48452,18-286571,12/12/2018 8:15:00 AM,2018,12,12,8,15,0,Wednesday,539618.2188,4809620.298,-80.510446,43.438442,At/near private drive,2,P.D. only,Left turn lane,unknown,unknown,Sideswipe,Unknown,Daylight,01 - Daylight,unknown,No control,unknown,0,0,0,FALSE,FALSE,FALSE,Clear,,FALSE,LAWRENCE AVE ; HIGHLAND RD W,2/19/2019 2:05:05 PM,539618.2188,4809620.298
48453,18-286875,12/12/2018 5:00:00 PM,2018,12,12,17,0,0,Wednesday,546914.1222,4806977.869,-80.420522,43.414228,Non intersection,2,P.D. only,Right shoulder,unknown,unknown,SMV unattended vehicle,Unknown,Daylight,01 - Daylight,unknown,No control,unknown,0,0,0,FALSE,FALSE,FALSE,Clear,,FALSE,CANTERS CLOSE; HIDDEN VALLEY; At; 10 M,2/19/2019 2:05:01 PM,546914.1222,4806977.869
48454,18-287115,12/12/2018 10:00:00 PM,2018,12,12,22,0,0,Wednesday,547532.1914,4808083.19,-80.412792,43.424141,At/near private drive,2,P.D. only,Thru lane,unknown,unknown,Turning movement,Unknown,Dark,07 - Dark,unknown,Stop sign,Functioning,0,0,0,FALSE,FALSE,FALSE,Snow,,FALSE,KING ST E; KING ST E; Near,2/19/2019 2:05:00 PM,547532.1914,4808083.19
48455,18-287408,12/13/2018 1:30:00 PM,2018,12,13,13,30,0,Thursday,549489.66,4806210.853,-80.38878,43.407156,At intersection,2,P.D. only,Within intersection,unknown,unknown,Turning movement,Unknown,Daylight,01 - Daylight,unknown,Stop sign,Functioning,0,0,0,FALSE,FALSE,FALSE,Clear,,FALSE,TU LANE ST; GATEWAY PARK DR,2/19/2019 2:04:59 PM,549489.66,4806210.853
48456,18-287985,12/14/2018 9:22:00 AM,2018,12,14,9,22,0,Friday,541959.9523,4805246.762,-80.481846,43.398934,Non intersection,2,P.D. only,Not on roadway - left side,unknown,unknown,SMV other,Unknown,Daylight,01 - Daylight,unknown,No control,unknown,0,0,0,FALSE,FALSE,FALSE,Rain,,FALSE,TRILLIUM DR; TRILLIUM DR ; Near; 200 M,2/19/2019 2:04:58 PM,541959.9523,4805246.762
48457,18-288955,12/15/2018 2:00:00 PM,2018,12,15,14,0,0,Saturday,539701.1483,4806619.561,-80.509639,43.411418,At/near private drive,2,Non-reportable,Thru lane,unknown,unknown,Rear end,Unknown,Daylight,01 - Daylight,unknown,No control,unknown,0,0,0,FALSE,FALSE,FALSE,Clear,,FALSE,ACTIVA AVE; ACTIVA AVE,2/19/2019 2:04:56 PM,539701.1483,4806619.561
48458,18-288980,12/14/2018 12:00:00 PM,2018,12,14,12,0,0,Friday,541606.6206,4810798.738,-80.485786,43.448944,At/near private drive,2,P.D. only,Thru lane,unknown,unknown,Rear end,Unknown,Daylight,01 - Daylight,unknown,No control,unknown,0,0,0,FALSE,FALSE,FALSE,Clear,,FALSE,SCOTT ST; SCOTT ST,2/19/2019 2:04:55 PM,541606.6206,4810798.739
48459,18-289019,12/15/2018 1:15:00 PM,2018,12,15,13,15,0,Saturday,545164.8861,4808018.522,-80.442041,43.423705,Non intersection,2,P.D. only,Left turn lane,unknown,unknown,Turning movement,Unknown,Daylight,01 - Daylight,unknown,No control,unknown,0,0,0,FALSE,FALSE,FALSE,Clear,,FALSE,KINGSWAY DR; KINGSWAY DR,2/19/2019 2:04:54 PM,545164.8861,4808018.522
48460,18-290323,12/17/2018 9:00:00 AM,2018,12,17,9,0,0,Monday,544805.9371,4805155.871,-80.44671,43.397951,At intersection,2,P.D. only,Within intersection,unknown,unknown,Turning movement,Unknown,Daylight,01 - Daylight,unknown,Stop sign,Functioning,0,0,0,FALSE,FALSE,FALSE,Clear,,FALSE,DOON VILLAGE RD; FARRIER DR,2/19/2019 2:04:53 PM,544805.9371,4805155.871
48461,18-290385,12/12/2018 8:50:00 PM,2018,12,12,20,50,0,Wednesday,541528.7089,4810781.692,-80.48675,43.448795,Non intersection,2,P.D. only,Thru lane,unknown,unknown,Other,Unknown,Daylight,01 - Daylight,unknown,No control,unknown,0,0,0,FALSE,FALSE,FALSE,Clear,,FALSE,KING ST E; KING ST E; Near,2/19/2019 2:04:52 PM,541528.7089,4810781.692
48462,18-290518,12/17/2018 1:00:00 PM,2018,12,17,13,0,0,Monday,540738.2945,4810716.312,-80.496524,43.44825,Non intersection,2,P.D. only,Right shoulder,unknown,unknown,SMV unattended vehicle,Unknown,Daylight,01 - Daylight,unknown,No control,unknown,0,0,0,FALSE,FALSE,FALSE,Rain,,FALSE,WATER ST S; JUBILEE DR,2/19/2019 2:04:51 PM,540738.2945,4810716.313
48463,18-291441,12/18/2018 7:30:00 AM,2018,12,18,7,30,0,Tuesday,540037.5451,4809942.587,-80.505241,43.441321,Non intersection,2,P.D. only,Thru lane,unknown,unknown,SMV unattended vehicle,Unknown,Dawn,03 - Dawn,unknown,No control,unknown,0,0,0,FALSE,FALSE,FALSE,Clear,,FALSE,PATRICIA AVE; PATRICIA AVE,2/19/2019 2:04:49 PM,540037.5451,4809942.587
48464,18-291566,12/18/2018 9:37:00 PM,2018,12,18,21,37,0,Tuesday,543073.9587,4812798.121,-80.467494,43.466864,At intersection,1,Non-fatal injury,Within intersection,unknown,unknown,Approaching,Unknown,Dark,07 - Dark,unknown,Traffic signal,Functioning,0,0,0,FALSE,FALSE,FALSE,Clear,,FALSE,WELLINGTON ST N; RIVERBEND DR,2/19/2019 2:04:48 PM,543073.9587,4812798.121