OBJECTID,ACCIDENTNUM,ACCIDENTDATE,ACCIDENT_YEAR,ACCIDENT_MONTH,ACCIDENT_DAY,ACCIDENT_HOUR,ACCIDENT_MINUTE,ACCIDENT_SECOND,ACCIDENT_WEEKDAY,XCOORD,YCOORD,LONGITUDE,LATITUDE,ACCIDENTLOCATION,COLLISIONTYPE,CLASSIFICATIONOFACCIDENT,IMPACTLOCATION,INITIALDIRECTIONOFTRAVELONE,INITIALDIRECTIONOFTRAVELTWO,INITIALIMPACTTYPE,INTTRAFFICCONTROL,LIGHT,LIGHTFORREPORT,ROADJURISDICTION,TRAFFICCONTROL,TRAFFICCONTROLCONDITION,THRULANENO,NORTHBOUNDDISOBEYCOUNT,SOUTHBOUNDDISOBEYCOUNT,PEDESTRIANINVOLVED,CYCLISTINVOLVED,MOTORCYCLISTINVOLVED,ENVIRONMENTCONDITION1,ENVIRONMENTCONDITION2,SELFREPORTED,XMLIMPORTNOTES,LASTEDITEDDATE,x,y
48465,18-292183,12/19/2018 4:38:00 PM,2018,12,19,16,38,0,Wednesday,536853.0508,4808266.405,-80.544705,43.426392,Intersection related,1,Non-fatal injury,Not on roadway - right side,unknown,unknown,SMV other,Unknown,Dark,07 - Dark,unknown,Stop sign,Functioning,0,0,0,FALSE,FALSE,FALSE,Clear,,FALSE,WESTFOREST TRAIL; BANKSIDE DR ; Near; 50 M,2/19/2019 2:04:47 PM,536853.0508,4808266.405
48466,18-292277,12/19/2018 5:00:00 PM,2018,12,19,17,0,0,Wednesday,545017.3674,4808742.362,-80.443804,43.430232,Non intersection,2,P.D. only,Thru lane,unknown,unknown,SMV unattended vehicle,Unknown,"Dark, artificial","08 - Dark, artificial",unknown,No control,unknown,0,0,0,FALSE,FALSE,FALSE,Clear,,FALSE,ST JEROME CRES; ST JEROME CRES,2/19/2019 2:04:46 PM,545017.3674,4808742.363
48467,18-292895,12/20/2018 12:40:00 PM,2018,12,20,12,40,0,Thursday,543896.6953,4807891.722,-80.457718,43.422639,At/near private drive,2,P.D. only,Thru lane,unknown,unknown,Other,Unknown,Daylight,01 - Daylight,unknown,No control,unknown,0,0,0,FALSE,FALSE,FALSE,Clear,,FALSE,VANIER DR; VANIER DR; At; 0 M,2/19/2019 2:04:44 PM,543896.6953,4807891.722
48468,18-293041,12/20/2018 12:00:00 PM,2018,12,20,12,0,0,Thursday,540118.5951,4808512.347,-80.504344,43.428439,At/near private drive,2,P.D. only,Thru lane,unknown,unknown,SMV unattended vehicle,Unknown,Daylight,01 - Daylight,unknown,No control,unknown,0,0,0,FALSE,FALSE,FALSE,Clear,,FALSE,GREENBROOK DR; GREENBROOK DR; At; 1 M,2/19/2019 2:04:43 PM,540118.5951,4808512.347
48469,18-293106,12/20/2018 4:15:00 PM,2018,12,20,16,15,0,Thursday,545143.4654,4813471.463,-80.441855,43.472805,At railway crossing,2,P.D. only,Thru lane,unknown,unknown,Sideswipe,Unknown,Daylight,01 - Daylight,unknown,Traffic signal,Functioning,0,0,0,FALSE,FALSE,FALSE,Clear,,FALSE,BINGEMANS CENTRE DR; BINGEMANS CENTRE DR; Near,2/19/2019 2:04:42 PM,545143.4654,4813471.463
48470,18-293611,12/21/2018 1:00:00 PM,2018,12,21,13,0,0,Friday,539727.117,4811094.333,-80.508993,43.451708,Non intersection,2,P.D. only,Thru lane,unknown,unknown,Rear end,Unknown,Daylight,01 - Daylight,unknown,No control,unknown,0,0,0,FALSE,FALSE,FALSE,Clear,,FALSE,STRANGE ST; DOMINION ST; Near; 30 M,2/19/2019 2:04:41 PM,539727.117,4811094.333
48471,18-293621,12/21/2018 2:00:00 PM,2018,12,21,14,0,0,Friday,536801.1692,4810222.57,-80.545214,43.444008,Intersection related,2,P.D. only,Thru lane,unknown,unknown,Other,Unknown,Daylight,01 - Daylight,unknown,Traffic signal,Functioning,0,0,0,FALSE,FALSE,FALSE,Clear,,FALSE,UNIVERSITY AVE W; FISCHER HALLMAN RD ; 10 M,2/19/2019 2:04:38 PM,536801.1692,4810222.57
48472,18-293708,12/21/2018 2:45:00 PM,2018,12,21,14,45,0,Friday,545035.1183,4807869.23,-80.443657,43.422369,Intersection related,2,P.D. only,Thru lane,unknown,unknown,Turning movement,Unknown,Daylight,01 - Daylight,unknown,Traffic signal,Functioning,0,0,0,FALSE,FALSE,FALSE,Clear,,FALSE,WILSON AVE ; KINGSWAY DR ; At,2/19/2019 2:04:37 PM,545035.1183,4807869.23
48473,18-294211,12/21/2018 9:30:00 PM,2018,12,21,21,30,0,Friday,545869.1184,4809633.205,-80.433206,43.438201,At/near private drive,2,P.D. only,Thru lane,unknown,unknown,SMV unattended vehicle,Unknown,"Dark, artificial","08 - Dark, artificial",unknown,No control,unknown,0,0,0,FALSE,FALSE,FALSE,Clear,,FALSE,SCENIC WOOD CRES; SCENIC WOOD CRES,2/19/2019 2:04:36 PM,545869.1184,4809633.205
48474,18-294970,12/22/2018 4:30:00 PM,2018,12,22,16,30,0,Saturday,536558.3066,4808794.255,-80.548311,43.431159,At/near private drive,2,P.D. only,Thru lane,unknown,unknown,SMV unattended vehicle,Unknown,Daylight,01 - Daylight,unknown,No control,unknown,0,0,0,FALSE,FALSE,FALSE,Clear,,FALSE,LAUREL SPRINGS CRT; LAUREL SPRINGS CRT; At,2/19/2019 2:04:35 PM,536558.3066,4808794.255
48475,18-295243,12/23/2018 8:03:00 PM,2018,12,23,20,3,0,Sunday,538474.9024,4809666.432,-80.52457,43.438917,Intersection related,2,P.D. only,Thru lane,unknown,unknown,SMV other,Unknown,"Daylight, artificial","02 - Daylight, artificial",unknown,Stop sign,Functioning,0,0,0,FALSE,FALSE,FALSE,Snow,,FALSE,MOOREGATE CRES; HAZELGLEN DR ; Near; 5 M,2/19/2019 2:04:34 PM,538474.9024,4809666.432
48476,18-295392,12/24/2018 12:25:00 AM,2018,12,24,0,25,0,Monday,536877.7905,4806620.808,-80.54451,43.411574,At/near private drive,2,P.D. only,Not on roadway - right side,unknown,unknown,SMV other,Unknown,Dark,07 - Dark,unknown,No control,unknown,0,0,0,FALSE,FALSE,FALSE,Snow,,FALSE,YELLOW BIRCH DR; YELLOW BIRCH DR ; At; 3 M,2/19/2019 2:04:32 PM,536877.7905,4806620.808
48477,18-295411,12/24/2018 1:30:00 AM,2018,12,24,1,30,0,Monday,536462.4441,4809201.658,-80.549468,43.434832,Non intersection,2,P.D. only,Thru lane,unknown,unknown,SMV unattended vehicle,Unknown,Dark,07 - Dark,unknown,No control,unknown,0,0,0,FALSE,FALSE,FALSE,Rain,,FALSE,WESTFOREST TRAIL; WESTFOREST TRAIL ; At; 2 M,2/19/2019 2:04:31 PM,536462.4441,4809201.658
48478,18-295514,12/23/2018 6:00:00 PM,2018,12,23,18,0,0,Sunday,536821.3261,4807170.57,-80.545171,43.416527,Non intersection,2,P.D. only,Thru lane,unknown,unknown,SMV unattended vehicle,Unknown,Dark,07 - Dark,unknown,No control,unknown,0,0,0,FALSE,FALSE,FALSE,Clear,,FALSE,HIGHVIEW DR; HIGHVIEW DR ; Near,2/19/2019 2:04:30 PM,536821.3261,4807170.571
48479,18-295639,12/23/2018 1:00:00 AM,2018,12,23,1,0,0,Sunday,542175.3629,4810721.707,-80.478763,43.448219,Non intersection,2,P.D. only,Thru lane,unknown,unknown,SMV unattended vehicle,Unknown,Dark,07 - Dark,unknown,No control,unknown,0,0,0,FALSE,FALSE,FALSE,Clear,,FALSE,CAMERON ST N; CAMERON ST N; At,2/19/2019 2:04:28 PM,542175.3629,4810721.707
48480,18-295652,12/23/2018 11:30:00 AM,2018,12,23,11,30,0,Sunday,537880.7124,4810722.911,-80.531838,43.44846,Non intersection,2,P.D. only,Not on roadway - right side,unknown,unknown,SMV other,Unknown,Daylight,01 - Daylight,unknown,No control,unknown,0,0,0,FALSE,FALSE,FALSE,Clear,,FALSE,HUNTLEY CRES; INVERNESS DR; Near; 30 M,2/19/2019 2:04:27 PM,537880.7124,4810722.911
48481,18-297496,12/27/2018 1:30:00 PM,2018,12,27,13,30,0,Thursday,539213.5018,4806692.712,-80.515657,43.412103,At/near private drive,2,P.D. only,Thru lane,unknown,unknown,SMV unattended vehicle,Unknown,Daylight,01 - Daylight,unknown,No control,unknown,0,0,0,FALSE,FALSE,FALSE,Clear,,FALSE,GREY FOX DR; GREY FOX DR; At; 0 M,2/19/2019 2:04:26 PM,539213.5018,4806692.713
48482,18-297797,12/27/2018 9:41:00 PM,2018,12,27,21,41,0,Thursday,543569.145,4804978.54,-80.461997,43.396428,Intersection related,2,P.D. only,Thru lane,unknown,unknown,Turning movement,Unknown,"Dark, artificial","08 - Dark, artificial",unknown,Traffic signal,Functioning,0,0,0,FALSE,FALSE,FALSE,Rain,,FALSE,HURON RD ; BATTLER RD,2/19/2019 2:04:24 PM,543569.145,4804978.54
48483,18-298144,12/28/2018 12:15:00 PM,2018,12,28,12,15,0,Friday,545146.3718,4810416.696,-80.442072,43.4453,At intersection,1,Non-fatal injury,Within intersection,unknown,unknown,Turning movement,Unknown,Daylight,01 - Daylight,unknown,Stop sign,Functioning,0,0,0,FALSE,FALSE,FALSE,Clear,,FALSE,BRADLEY DR; DOOLEY DR,2/19/2019 2:04:23 PM,545146.3718,4810416.696
48484,18-298245,12/28/2018 2:33:00 PM,2018,12,28,14,33,0,Friday,543988.9032,4811911.546,-80.456255,43.458828,At/near private drive,2,P.D. only,Not on roadway - left side,unknown,unknown,SMV other,Unknown,Daylight,01 - Daylight,unknown,No control,unknown,0,0,0,FALSE,FALSE,FALSE,Clear,,FALSE,RIVER RD E; RIVER RD E; 3 M,2/19/2019 2:04:21 PM,543988.9032,4811911.546
48485,18-298299,12/28/2018 4:06:00 PM,2018,12,28,16,6,0,Friday,541560.0698,4810763.681,-80.486364,43.448631,Other,2,P.D. only,Off highway,unknown,unknown,Rear end,Unknown,Dusk,05 - Dusk,unknown,No control,unknown,0,0,0,FALSE,FALSE,FALSE,Clear,,FALSE,KING ST E; Near; 15 M,2/19/2019 2:04:20 PM,541560.0698,4810763.681
48486,18-298903,12/29/2018 2:08:00 PM,2018,12,29,14,8,0,Saturday,544780.3934,4805276.772,-80.447016,43.399042,At/near private drive,2,P.D. only,Right turn lane,unknown,unknown,Sideswipe,Unknown,Daylight,01 - Daylight,unknown,Traffic signal,Functioning,0,0,0,FALSE,FALSE,FALSE,Clear,,FALSE,HOMER WATSON BLVD ; DOON VILLAGE RD ; Near; 4 M,2/19/2019 2:04:18 PM,544780.3934,4805276.772
48487,18-299045,12/29/2018 5:45:00 PM,2018,12,29,17,45,0,Saturday,545676.1627,4803969.493,-80.436064,43.387217,At/near private drive,2,P.D. only,Thru lane,unknown,unknown,SMV unattended vehicle,Unknown,"Dark, artificial","08 - Dark, artificial",unknown,No control,unknown,0,0,0,FALSE,FALSE,FALSE,Clear,,FALSE,DOON MILLS DR; DOON MILLS DR ; At; 1 M,2/19/2019 2:04:16 PM,545676.1627,4803969.493
48488,18-299765,12/30/2018 7:26:00 PM,2018,12,30,19,26,0,Sunday,540217.3758,4805819.129,-80.503322,43.404184,At intersection,2,P.D. only,Within intersection,unknown,unknown,Angle,Unknown,Dark,07 - Dark,unknown,Stop sign,Functioning,0,0,0,FALSE,FALSE,FALSE,Clear,,FALSE,COMMONWEALTH ST; MAX BECKER DR,2/19/2019 2:04:15 PM,540217.3758,4805819.129
48489,18-300121,12/22/2018 10:30:00 PM,2018,12,22,22,30,0,Saturday,546689.9898,4804121.664,-80.423534,43.388525,Non intersection,2,P.D. only,Thru lane,unknown,unknown,SMV other,Unknown,"Dark, artificial","08 - Dark, artificial",unknown,No control,unknown,0,0,0,FALSE,FALSE,FALSE,Clear,,FALSE,DOON VILLAGE RD; DOON VILLAGE RD,2/19/2019 2:04:13 PM,546689.9898,4804121.664
48490,19-000461,1/1/2019 2:56:00 PM,2019,1,1,14,56,0,Tuesday,545898.2655,4809800.111,-80.432832,43.439702,Intersection related,2,P.D. only,Not on roadway - right side,unknown,unknown,SMV other,Unknown,Daylight,01 - Daylight,unknown,Stop sign,Functioning,0,0,0,FALSE,FALSE,FALSE,Clear,,FALSE,OLD CHICOPEE DR ; VERONICA DR,2/19/2019 2:04:12 PM,545898.2655,4809800.111
48491,19-000489,1/1/2019 3:34:00 PM,2019,1,1,15,34,0,Tuesday,540924.3249,4806992.643,-80.494504,43.414712,Non intersection,2,P.D. only,Not on roadway - left side,unknown,unknown,SMV other,Unknown,Daylight,01 - Daylight,unknown,No control,unknown,0,0,0,FALSE,FALSE,FALSE,Clear,,FALSE,RADCLIFFE DR; BRIARGATE DR ; Near; 200 M,2/19/2019 2:04:11 PM,540924.3249,4806992.643
48492,19-000937,1/2/2019 9:01:00 AM,2019,1,2,9,1,0,Wednesday,543217.4634,4808898.27,-80.466029,43.431741,Non intersection,2,P.D. only,Thru lane,unknown,unknown,SMV unattended vehicle,Unknown,Daylight,01 - Daylight,unknown,No control,unknown,0,0,0,FALSE,FALSE,FALSE,Clear,,FALSE,DIXON ST; DIXON ST ; 1 M,2/19/2019 2:04:09 PM,543217.4634,4808898.27
48493,19-000961,1/2/2019 6:00:00 AM,2019,1,2,6,0,0,Wednesday,541258.7462,4812531.352,-80.489954,43.464564,At intersection,2,P.D. only,Within intersection,unknown,unknown,Angle,Unknown,Daylight,01 - Daylight,unknown,Stop sign,Functioning,0,0,0,FALSE,FALSE,FALSE,Clear,,FALSE,GUELPH ST ; ST LEGER ST,2/19/2019 2:04:08 PM,541258.7462,4812531.352
48494,19-001214,1/2/2019 2:40:00 PM,2019,1,2,14,40,0,Wednesday,541375.1661,4811025.618,-80.488629,43.451,At/near private drive,2,P.D. only,Thru lane,unknown,unknown,Other,Unknown,Daylight,01 - Daylight,unknown,No control,unknown,0,0,0,FALSE,FALSE,FALSE,Clear,,FALSE,DUKE ST W; DUKE ST W,2/19/2019 2:04:07 PM,541375.1661,4811025.618
48495,19-001394,1/2/2019 6:35:00 PM,2019,1,2,18,35,0,Wednesday,547783.9123,4811477.529,-80.409385,43.454687,Non intersection,2,P.D. only,Thru lane,unknown,unknown,SMV unattended vehicle,Unknown,"Dark, artificial","08 - Dark, artificial",unknown,No control,unknown,0,0,0,FALSE,FALSE,FALSE,Snow,,FALSE,OLD ZELLER DR; OLD ZELLER DR,2/19/2019 2:04:06 PM,547783.9123,4811477.529
48496,19-001920,1/3/2019 2:26:00 PM,2019,1,3,14,26,0,Thursday,539110.4422,4811044.436,-80.516618,43.451291,At/near private drive,2,P.D. only,Thru lane,unknown,unknown,Turning movement,Unknown,Daylight,01 - Daylight,unknown,No control,unknown,0,0,0,FALSE,FALSE,FALSE,Clear,,FALSE,GLASGOW ST ; BELMONT AVE W; At; 0 M,2/19/2019 2:04:05 PM,539110.4422,4811044.436
48497,19-002038,1/3/2019 4:30:00 PM,2019,1,3,16,30,0,Thursday,541044.4479,4807108.05,-80.493011,43.415744,At/near private drive,2,P.D. only,Thru lane,unknown,unknown,Other,Unknown,Daylight,01 - Daylight,unknown,No control,unknown,0,0,0,FALSE,FALSE,FALSE,Clear,,FALSE,LAURENTIAN DR; LAURENTIAN DR,2/19/2019 2:04:03 PM,541044.4479,4807108.05
48498,19-002080,1/3/2019 5:30:00 PM,2019,1,3,17,30,0,Thursday,541068,4811108,0,0,At/near private drive,2,P.D. only,Not on roadway - right side,unknown,unknown,SMV other,Unknown,"Daylight, artificial","02 - Daylight, artificial",unknown,No control,unknown,0,0,0,FALSE,FALSE,FALSE,Clear,,FALSE,PINEGLEN CRES; PINEGLEN CRES ; Near; 1 M,2/19/2019 2:04:02 PM,541068,4811108
48499,19-002319,1/4/2019 2:49:00 AM,2019,1,4,2,49,0,Friday,538418.4312,4810451.36,-80.525212,43.445987,Non intersection,1,Non-fatal injury,Thru lane,unknown,unknown,SMV unattended vehicle,Unknown,"Dark, artificial","08 - Dark, artificial",unknown,No control,unknown,0,0,0,FALSE,FALSE,FALSE,Snow,,FALSE,WESTWOOD DR; WESTWOOD DR ; 10 M,2/19/2019 2:04:00 PM,538418.4312,4810451.36
48500,19-002501,1/4/2019 10:46:00 AM,2019,1,4,10,46,0,Friday,541752.2459,4810337.84,-80.484022,43.444786,Other,2,P.D. only,Other,unknown,unknown,SMV other,Unknown,Daylight,01 - Daylight,unknown,No control,unknown,0,0,0,FALSE,FALSE,FALSE,Clear,,FALSE,CHURCH ST,2/19/2019 2:03:59 PM,541752.2459,4810337.84
48501,19-002563,1/4/2019 12:00:00 PM,2019,1,4,12,0,0,Friday,540150.0514,4808611.805,-80.503948,43.429333,Non intersection,2,P.D. only,Not on roadway - right side,unknown,unknown,SMV other,Unknown,Daylight,01 - Daylight,unknown,No control,unknown,0,0,0,FALSE,FALSE,FALSE,Clear,,FALSE,SHADYWOOD CR.; SHADYWOOD CR.; At; 15 M,2/19/2019 2:03:58 PM,540150.0514,4808611.805
48502,19-002910,1/4/2019 8:26:00 PM,2019,1,4,20,26,0,Friday,545832.5186,4802615.019,-80.434247,43.375011,At intersection,2,P.D. only,Within intersection,unknown,unknown,Angle,Unknown,"Daylight, artificial","02 - Daylight, artificial",unknown,Stop sign,Functioning,0,0,0,FALSE,FALSE,FALSE,Clear,,FALSE,DOON SOUTH DR; THOMAS SLEE DR,2/19/2019 2:03:57 PM,545832.5186,4802615.019
48503,19-003274,1/4/2019 7:00:00 PM,2019,1,4,19,0,0,Friday,540983.1993,4811064.73,-80.493471,43.451374,At intersection,2,P.D. only,Within intersection,unknown,unknown,Turning movement,Unknown,Dark,07 - Dark,unknown,Stop sign,Functioning,0,0,0,FALSE,FALSE,FALSE,Clear,,FALSE,KING ST W; COLLEGE ST,2/19/2019 2:03:55 PM,540983.1993,4811064.73
48504,19-003398,1/4/2019 11:35:00 AM,2019,1,4,11,35,0,Friday,538369.2513,4806724.588,-80.526082,43.412433,Other,2,P.D. only,Off highway,unknown,unknown,SMV unattended vehicle,Unknown,Daylight,01 - Daylight,unknown,No control,unknown,0,0,0,FALSE,FALSE,FALSE,Clear,,FALSE,DRIVEWAY; PROSPERITY DR,2/19/2019 2:03:54 PM,538369.2513,4806724.588
48505,19-003555,1/5/2019 4:19:00 PM,2019,1,5,16,19,0,Saturday,545482.166,4804349.959,-80.438427,43.390654,At intersection,2,P.D. only,Within intersection,unknown,unknown,SMV other,Unknown,"Daylight, artificial","02 - Daylight, artificial",unknown,Stop sign,Functioning,0,0,0,FALSE,FALSE,FALSE,Clear,,FALSE,DOON VILLAGE RD ; ANVIL ST,2/19/2019 2:03:52 PM,545482.166,4804349.959
48506,19-003632,1/5/2019 6:30:00 PM,2019,1,5,18,30,0,Saturday,543192.1567,4806496.515,-80.466532,43.410117,Non intersection,2,P.D. only,Thru lane,unknown,unknown,SMV unattended vehicle,Unknown,Dark,07 - Dark,unknown,No control,unknown,0,0,0,FALSE,FALSE,FALSE,Clear,,FALSE,CENTURY HILL DR; CENTURY HILL DR ; Near; 20 M,2/19/2019 2:03:51 PM,543192.1567,4806496.515
48507,19-003679,1/5/2019 7:23:00 PM,2019,1,5,19,23,0,Saturday,545713.851,4807703.05,-80.435286,43.420831,At intersection,2,P.D. only,Within intersection,unknown,unknown,Angle,Unknown,Dark,07 - Dark,unknown,Stop sign,Functioning,0,0,0,FALSE,FALSE,FALSE,Clear,,FALSE,HIDDEN VALLEY RD; WABANAKI DR; 2.5 M,2/19/2019 2:03:49 PM,545713.851,4807703.05
48508,19-004705,1/7/2019 6:30:00 AM,2019,1,7,6,30,0,Monday,546123.9651,4804408.476,-80.430498,43.391142,At/near private drive,2,P.D. only,Thru lane,unknown,unknown,SMV other,Unknown,Dark,07 - Dark,unknown,No control,unknown,0,0,0,FALSE,FALSE,FALSE,Clear,,FALSE, OLD CARRIAGE DR; OLD CARRIAGE DR ; At; 1 M,2/19/2019 2:03:47 PM,546123.9651,4804408.476
48509,19-004828,1/6/2019 8:00:00 PM,2019,1,6,20,0,0,Sunday,542343.5578,4814233.692,-80.476412,43.479831,Non intersection,2,P.D. only,Thru lane,unknown,unknown,SMV other,Unknown,"Dark, artificial","08 - Dark, artificial",unknown,No control,unknown,0,0,0,FALSE,FALSE,FALSE,Clear,,FALSE,BRIDGE ST W; BRIDGE ST W,2/19/2019 2:03:44 PM,542343.5578,4814233.692
48510,19-005087,1/7/2019 2:30:00 PM,2019,1,7,14,30,0,Monday,542488.1935,4811126.487,-80.474866,43.451846,At intersection,2,P.D. only,Within intersection,unknown,unknown,Angle,Unknown,Daylight,01 - Daylight,unknown,Stop sign,Functioning,0,0,0,FALSE,FALSE,FALSE,Clear,,FALSE,KRUG ST; LYDIA ST,2/19/2019 2:03:43 PM,542488.1935,4811126.487
48511,19-005116,1/7/2019 4:13:00 PM,2019,1,7,16,13,0,Monday,547453.0257,4810630.264,-80.413548,43.44708,At/near private drive,2,P.D. only,Right shoulder,unknown,unknown,SMV unattended vehicle,Unknown,Daylight,01 - Daylight,unknown,No control,unknown,0,0,0,FALSE,FALSE,FALSE,Clear,,FALSE,COUNTRY CLAIR ST; COUNTRY CLAIR ST; At; 1 M,2/19/2019 2:03:41 PM,547453.0257,4810630.264
48512,19-005145,1/7/2019 4:45:00 PM,2019,1,7,16,45,0,Monday,545482.1789,4804348.04,-80.438427,43.390637,Non intersection,2,P.D. only,Other,unknown,unknown,SMV other,Unknown,Daylight,01 - Daylight,unknown,No control,unknown,0,0,0,FALSE,FALSE,FALSE,Clear,,FALSE,DOON VILLAGE RD; ANVIL ST; 20 M,2/19/2019 2:03:40 PM,545482.1789,4804348.04
48513,19-005721,1/7/2019 1:00:00 PM,2019,1,7,13,0,0,Monday,539884.7928,4806007.137,-80.507416,43.405894,At/near private drive,2,P.D. only,Thru lane,unknown,unknown,Other,Unknown,Daylight,01 - Daylight,unknown,No control,unknown,0,0,0,FALSE,FALSE,FALSE,Snow,,FALSE,COTTON GRASS ST; COTTON GRASS ST,2/19/2019 2:03:39 PM,539884.7928,4806007.137
48514,19-006016,1/8/2019 4:30:00 PM,2019,1,8,16,30,0,Tuesday,544908.8379,4804860.706,-80.445464,43.395288,At/near private drive,1,Non-fatal injury,Thru lane,unknown,unknown,Rear end,Unknown,Daylight,01 - Daylight,unknown,No control,unknown,0,0,0,FALSE,FALSE,FALSE,Rain,,FALSE,PIONEER DR; PIONEER DR; At,2/19/2019 2:03:38 PM,544908.8379,4804860.706
48515,19-006643,1/1/2019 3:00:00 PM,2019,1,1,15,0,0,Tuesday,538986.2185,4807419.201,-80.518412,43.418656,At/near private drive,2,P.D. only,Thru lane,unknown,unknown,SMV unattended vehicle,Unknown,Daylight,01 - Daylight,unknown,No control,unknown,0,0,0,FALSE,FALSE,FALSE,Clear,,FALSE,GLEN AVON CRES; GLEN AVON CRES,2/19/2019 2:03:36 PM,538986.2185,4807419.201
48516,19-006828,1/9/2019 4:17:00 PM,2019,1,9,16,17,0,Wednesday,547715.9074,4804209.193,-80.410861,43.389248,At/near private drive,2,P.D. only,Thru lane,unknown,unknown,Turning movement,Unknown,Dark,07 - Dark,unknown,Stop sign,Functioning,0,0,0,FALSE,FALSE,FALSE,Snow,,FALSE,DOON VALLEY DR; DOON VALLEY DR ; Near; 1 M,2/19/2019 2:03:35 PM,547715.9074,4804209.193
48517,19-007262,1/10/2019 8:56:00 AM,2019,1,10,8,56,0,Thursday,542584.0448,4810122.75,-80.473759,43.442803,At intersection,2,P.D. only,Within intersection,unknown,unknown,Angle,Unknown,Daylight,01 - Daylight,unknown,Traffic signal,Functioning,0,0,1,FALSE,FALSE,FALSE,Snow,,FALSE,KING ST E; BORDEN AVE N,2/19/2019 2:03:34 PM,542584.0448,4810122.75
48518,19-007269,1/9/2019 9:00:00 AM,2019,1,9,9,0,0,Wednesday,540174.4523,4809412.936,-80.503588,43.436545,Intersection related,2,P.D. only,Thru lane,unknown,unknown,Rear end,Unknown,Daylight,01 - Daylight,unknown,Traffic signal,Functioning,0,0,0,FALSE,FALSE,FALSE,Clear,,FALSE,BELMONT AVE E; QUEENS BLVD; At,2/19/2019 2:03:32 PM,540174.4523,4809412.936
48519,19-007271,1/10/2019 9:10:00 AM,2019,1,10,9,10,0,Thursday,541749.1804,4813073.049,-80.48385,43.469414,At/near private drive,2,P.D. only,Thru lane,unknown,unknown,Other,Unknown,Daylight,01 - Daylight,unknown,No control,unknown,0,0,0,FALSE,FALSE,FALSE,Clear,,FALSE,ASH ST; ASH ST ; At; 1 M,2/19/2019 2:03:31 PM,541749.1804,4813073.049
48520,19-007334,1/10/2019 9:20:00 AM,2019,1,10,9,20,0,Thursday,544608.7298,4809090.764,-80.448824,43.433393,At intersection,2,P.D. only,Within intersection,unknown,unknown,Sideswipe,Unknown,Daylight,01 - Daylight,unknown,Traffic signal,Functioning,0,0,0,FALSE,FALSE,FALSE,Snow,,FALSE,FRANKLIN ST S; KINGSWAY DR,2/19/2019 2:03:30 PM,544608.7298,4809090.764
48521,19-007469,1/10/2019 9:30:00 AM,2019,1,10,9,30,0,Thursday,539174.6073,4810913.111,-80.515834,43.450106,At/near private drive,2,P.D. only,Thru lane,unknown,unknown,Other,Unknown,Daylight,01 - Daylight,unknown,No control,unknown,0,0,0,FALSE,FALSE,FALSE,Clear,,FALSE,BELMONT AVE W; BELMONT AVE W; At; 0 M,2/19/2019 2:03:29 PM,539174.6073,4810913.111
48522,19-007632,1/10/2019 4:11:00 PM,2019,1,10,16,11,0,Thursday,541858.0047,4806094.884,-80.48304,43.406577,At intersection,2,P.D. only,Within intersection,unknown,unknown,Turning movement,Unknown,Daylight,01 - Daylight,unknown,Stop sign,Functioning,0,0,0,FALSE,FALSE,FALSE,Clear,,FALSE,THE COUNTRY WAY ; NICHOLE CRES,2/19/2019 2:03:27 PM,541858.0047,4806094.884
48523,19-008000,1/11/2019 12:00:00 AM,2019,1,11,0,0,0,Friday,542403.0363,4803765.213,-80.47649,43.38557,Non intersection,2,P.D. only,Thru lane,unknown,unknown,SMV other,Unknown,Dark,07 - Dark,Municipal (excl. Twp. Rd.),No control,unknown,0,0,0,FALSE,FALSE,TRUE,Clear,,FALSE,HURON RD; HURON RD; ; 1 M,10/24/2019 10:05:57 AM,542403.0363,4803765.213
48524,19-008158,1/11/2019 7:38:00 AM,2019,1,11,7,38,0,Friday,540288.2518,4809880.579,-80.502147,43.440749,At/near private drive,2,P.D. only,Thru lane,unknown,unknown,SMV unattended vehicle,Unknown,Daylight,01 - Daylight,unknown,No control,unknown,0,0,0,FALSE,FALSE,FALSE,Clear,,FALSE,VANCAMP AVE; VANCAMP AVE,2/19/2019 2:03:26 PM,540288.2518,4809880.579
48525,19-008489,1/11/2019 4:14:00 PM,2019,1,11,16,14,0,Friday,545035.0763,4807865.236,-80.443658,43.422333,At intersection,1,Non-fatal injury,Within intersection,unknown,unknown,SMV other,Unknown,Daylight,01 - Daylight,unknown,Traffic signal,Functioning,0,0,0,TRUE,FALSE,FALSE,Clear,,FALSE,KINGSWAY DR; WILSON AVE,2/19/2019 2:03:25 PM,545035.0763,4807865.236
48526,19-008564,1/11/2019 5:45:00 PM,2019,1,11,17,45,0,Friday,549470.7401,4805998.96,-80.389033,43.405249,Non intersection,2,P.D. only,Thru lane,unknown,unknown,Rear end,Unknown,"Dark, artificial","08 - Dark, artificial",unknown,No control,unknown,0,0,0,FALSE,FALSE,FALSE,Clear,,FALSE,KING ST E; KING ST E,2/19/2019 2:03:23 PM,549470.7401,4805998.96
48527,19-008591,1/11/2019 6:48:00 PM,2019,1,11,18,48,0,Friday,545910.1471,4809343.683,-80.432724,43.435592,At intersection,2,P.D. only,Within intersection,unknown,unknown,Angle,Unknown,Dark,07 - Dark,unknown,Stop sign,Functioning,0,0,0,FALSE,FALSE,FALSE,Clear,,FALSE,KINZIE AVE; THALER AVE,2/19/2019 2:03:22 PM,545910.1471,4809343.683
48528,19-009018,1/12/2019 9:55:00 AM,2019,1,12,9,55,0,Saturday,541136.0562,4812027.436,-80.491509,43.460034,Other,2,P.D. only,Off highway,unknown,unknown,SMV other,Unknown,Daylight,01 - Daylight,unknown,No control,unknown,0,0,0,FALSE,FALSE,FALSE,Clear,,FALSE,MARGARET AVE ; MARGARET AVE ; At,2/19/2019 2:03:21 PM,541136.0562,4812027.436