OBJECTID,ACCIDENTNUM,ACCIDENTDATE,ACCIDENT_YEAR,ACCIDENT_MONTH,ACCIDENT_DAY,ACCIDENT_HOUR,ACCIDENT_MINUTE,ACCIDENT_SECOND,ACCIDENT_WEEKDAY,XCOORD,YCOORD,LONGITUDE,LATITUDE,ACCIDENTLOCATION,COLLISIONTYPE,CLASSIFICATIONOFACCIDENT,IMPACTLOCATION,INITIALDIRECTIONOFTRAVELONE,INITIALDIRECTIONOFTRAVELTWO,INITIALIMPACTTYPE,INTTRAFFICCONTROL,LIGHT,LIGHTFORREPORT,ROADJURISDICTION,TRAFFICCONTROL,TRAFFICCONTROLCONDITION,THRULANENO,NORTHBOUNDDISOBEYCOUNT,SOUTHBOUNDDISOBEYCOUNT,PEDESTRIANINVOLVED,CYCLISTINVOLVED,MOTORCYCLISTINVOLVED,ENVIRONMENTCONDITION1,ENVIRONMENTCONDITION2,SELFREPORTED,XMLIMPORTNOTES,LASTEDITEDDATE,x,y
48529,19-009030,1/10/2019 3:45:00 PM,2019,1,10,15,45,0,Thursday,540367.0084,4806368.746,-80.501434,43.409124,At/near private drive,2,P.D. only,Thru lane,unknown,unknown,SMV unattended vehicle,Unknown,Daylight,01 - Daylight,unknown,No control,unknown,0,0,0,FALSE,FALSE,FALSE,Clear,,FALSE,HIGHBROOK CRT; HIGHBROOK CRT ; Near,2/19/2019 2:03:20 PM,540367.0084,4806368.746
48530,19-009049,1/12/2019 10:00:00 AM,2019,1,12,10,0,0,Saturday,538134.597,4807509.086,-80.528925,43.419509,Intersection related,2,P.D. only,Thru lane,unknown,unknown,Rear end,Unknown,Daylight,01 - Daylight,unknown,No control,unknown,0,0,0,FALSE,FALSE,FALSE,Clear,,FALSE,MCGARRY DR; ROYAL ORCHARD DR; At,2/19/2019 2:03:19 PM,538134.597,4807509.086
48531,19-009115,1/11/2019 1:30:00 PM,2019,1,11,13,30,0,Friday,543941.2439,4804980.217,-80.457402,43.396421,At/near private drive,2,P.D. only,Thru lane,unknown,unknown,Other,Unknown,Daylight,01 - Daylight,unknown,No control,unknown,0,0,0,FALSE,FALSE,FALSE,Clear,,FALSE,CALVERT CLOSE; CALVERT CLOSE,2/19/2019 2:03:17 PM,543941.2439,4804980.217
48532,19-010004,1/13/2019 9:15:00 AM,2019,1,13,9,15,0,Sunday,541012.5897,4809676.833,-80.493212,43.438876,Intersection related,1,Non-fatal injury,Thru lane,unknown,unknown,Rear end,Unknown,Daylight,01 - Daylight,unknown,Traffic signal,Functioning,0,0,0,FALSE,FALSE,FALSE,Clear,,FALSE,HIGHLAND RD E; SPADINA RD E,2/19/2019 2:03:16 PM,541012.5897,4809676.833
48533,19-010860,1/14/2019 2:45:00 PM,2019,1,14,14,45,0,Monday,543258.6938,4804361.102,-80.465879,43.390886,Non intersection,1,Non-fatal injury,Thru lane,unknown,unknown,Turning movement,Unknown,Daylight,01 - Daylight,unknown,No control,unknown,0,0,0,FALSE,FALSE,FALSE,Clear,,FALSE,STRASBURG RD; STRASBURG RD,2/19/2019 2:03:14 PM,543258.6938,4804361.102
48534,19-011896,1/13/2019 12:45:00 PM,2019,1,13,12,45,0,Sunday,545039.7284,4811248.819,-80.443321,43.452798,At/near private drive,2,P.D. only,Thru lane,unknown,unknown,Other,Unknown,Daylight,01 - Daylight,unknown,No control,unknown,0,0,0,FALSE,FALSE,FALSE,Clear,,FALSE,BRECKENRIDGE DR; BRECKENRIDGE DR,2/19/2019 2:03:12 PM,545039.7284,4811248.819
48535,19-012228,1/16/2019 4:06:00 AM,2019,1,16,4,6,0,Wednesday,545875.2312,4808927.068,-80.43319,43.431843,Non intersection,2,P.D. only,Right shoulder,unknown,unknown,SMV other,Unknown,Dark,07 - Dark,unknown,No control,unknown,0,0,0,FALSE,FALSE,FALSE,Freezing Rain,,FALSE,JANSEN AVE; JANSEN AVE ; At; 1 M,2/19/2019 2:03:11 PM,545875.2312,4808927.068
48536,19-012242,1/16/2019 5:37:00 AM,2019,1,16,5,37,0,Wednesday,540591.7448,4809504.472,-80.498425,43.437347,Non intersection,2,P.D. only,Not on roadway - left side,unknown,unknown,SMV other,Unknown,Dark,07 - Dark,unknown,No control,unknown,0,0,0,FALSE,FALSE,FALSE,Freezing Rain,,FALSE,PLEASANT AVE; PLEASANT AVE ; At; 10 M,2/19/2019 2:03:10 PM,540591.7448,4809504.472
48537,19-012252,1/16/2019 6:18:00 AM,2019,1,16,6,18,0,Wednesday,539731.2843,4810958.298,-80.508951,43.450483,At railway crossing,2,P.D. only,Thru lane,unknown,unknown,SMV other,Unknown,"Dawn, artificial","04 - Dawn, artificial",unknown,Traffic gate,Functioning,0,0,1,FALSE,FALSE,FALSE,Snow,,FALSE,STRANGE ST; CN RAIL; At; 1 M,2/19/2019 2:03:09 PM,539731.2843,4810958.299
48538,19-012256,1/16/2019 6:40:00 AM,2019,1,16,6,40,0,Wednesday,542769.5876,4803928.051,-80.471952,43.387015,At intersection,2,P.D. only,Within intersection,unknown,unknown,Angle,Unknown,"Dark, artificial","08 - Dark, artificial",unknown,Stop sign,Functioning,0,0,0,FALSE,FALSE,FALSE,Freezing Rain,,FALSE,CRANSHAW ST; BANFFSHIRE ST,2/19/2019 2:03:07 PM,542769.5876,4803928.051
48539,19-012418,1/16/2019 8:30:00 AM,2019,1,16,8,30,0,Wednesday,536852.0731,4808269.275,-80.544717,43.426418,At intersection,2,P.D. only,Within intersection,unknown,unknown,Turning movement,Unknown,Daylight,01 - Daylight,unknown,Stop sign,Functioning,0,0,0,FALSE,FALSE,FALSE,Snow,,FALSE,WESTMEADOW DR; WESTFOREST TRAIL,2/19/2019 2:03:06 PM,536852.0731,4808269.275
48540,19-012513,1/16/2019 1:22:00 PM,2019,1,16,13,22,0,Wednesday,541228.1483,4811868.827,-80.490383,43.458601,At intersection,1,Non-fatal injury,Within intersection,unknown,unknown,SMV other,Unknown,Daylight,01 - Daylight,unknown,Traffic signal,Functioning,0,0,0,TRUE,FALSE,FALSE,Clear,,FALSE,WELLINGTON ST N; MARGARET AVE,2/19/2019 2:03:05 PM,541228.1483,4811868.827
48541,19-012528,1/15/2019 12:30:00 PM,2019,1,15,12,30,0,Tuesday,541847.6016,4805284.184,-80.483231,43.399278,Non intersection,2,P.D. only,Right shoulder,unknown,unknown,SMV other,Unknown,Daylight,01 - Daylight,unknown,No control,unknown,0,0,0,FALSE,FALSE,FALSE,Clear,,FALSE,TRILLIUM DR; TRILLIUM DR; Near; 100 M,2/19/2019 2:03:03 PM,541847.6016,4805284.184
48542,19-012648,1/16/2019 4:11:00 PM,2019,1,16,16,11,0,Wednesday,547176.7649,4809013.26,-80.417102,43.432538,Non intersection,2,P.D. only,Thru lane,unknown,unknown,SMV unattended vehicle,Unknown,Daylight,01 - Daylight,unknown,No control,unknown,0,0,0,FALSE,FALSE,FALSE,Clear,,FALSE,QUINTE CRES; QUINTE CRT ; Near; 68 M,2/19/2019 2:03:01 PM,547176.7649,4809013.26
48543,19-012730,1/16/2019 5:30:00 AM,2019,1,16,5,30,0,Wednesday,545098.7956,4813022.382,-80.442444,43.468764,Non intersection,2,P.D. only,Thru lane,unknown,unknown,SMV other,Unknown,Dark,07 - Dark,unknown,No control,unknown,0,0,0,FALSE,FALSE,FALSE,Snow,,FALSE,SMETANA DR ; SMETANA DR,2/19/2019 2:02:59 PM,545098.7956,4813022.382
48544,19-013165,1/17/2019 12:05:00 AM,2019,1,17,0,5,0,Thursday,541466.9145,4808997.331,-80.48765,43.432732,Non intersection,2,P.D. only,Thru lane,unknown,unknown,SMV unattended vehicle,Unknown,"Dark, artificial","08 - Dark, artificial",unknown,No control,unknown,0,0,0,FALSE,FALSE,FALSE,Clear,,FALSE,SOUTHDALE AVE; SOUTHDALE AVE; Near,2/19/2019 2:02:58 PM,541466.9145,4808997.331
48545,19-013203,1/17/2019 10:04:00 AM,2019,1,17,10,4,0,Thursday,541181.0559,4809391.041,-80.491152,43.436293,At intersection,2,P.D. only,Within intersection,unknown,unknown,Angle,Unknown,Daylight,01 - Daylight,unknown,Traffic signal,Functioning,0,0,0,FALSE,FALSE,FALSE,Clear,,FALSE,STIRLING AVE S; HIGHLAND RD E,2/19/2019 2:02:57 PM,541181.0559,4809391.041
48546,19-013936,1/18/2019 8:00:00 AM,2019,1,18,8,0,0,Friday,545924.9701,4812088.737,-80.432309,43.460307,At/near private drive,2,P.D. only,Not on roadway - left side,unknown,unknown,SMV other,Unknown,Daylight,01 - Daylight,unknown,No control,unknown,0,0,0,FALSE,FALSE,FALSE,Clear,,FALSE,ROSE GARDEN ST; ROSE GARDEN ST ; Near; 20 M,2/19/2019 2:02:56 PM,545924.9701,4812088.737
48547,19-014015,1/18/2019 9:30:00 AM,2019,1,18,9,30,0,Friday,541957.3811,4815743.95,-80.48107,43.493451,At intersection,2,P.D. only,Within intersection,unknown,unknown,Turning movement,Unknown,Daylight,01 - Daylight,unknown,Yield sign,Functioning,0,0,0,FALSE,FALSE,FALSE,Clear,,FALSE,WOOLWICH ST; FALCONRIDGE DR,2/19/2019 2:02:54 PM,541957.3811,4815743.95
48548,19-014365,1/18/2019 4:12:00 PM,2019,1,18,16,12,0,Friday,545875.6062,4802791.832,-80.4337,43.376601,At intersection,2,P.D. only,Within intersection,unknown,unknown,Angle,Unknown,Daylight,01 - Daylight,unknown,Stop sign,Functioning,0,0,0,FALSE,FALSE,FALSE,Clear,,FALSE,DOON SOUTH DR; CRANBROOK ST,2/19/2019 2:02:53 PM,545875.6062,4802791.832
48549,19-014460,1/18/2019 5:59:00 PM,2019,1,18,17,59,0,Friday,544035.8797,4807717.919,-80.456013,43.421066,Other,2,P.D. only,Off highway,unknown,unknown,SMV other,Unknown,"Daylight, artificial","02 - Daylight, artificial",unknown,No control,unknown,0,0,0,FALSE,FALSE,FALSE,Clear,,FALSE,VANIER DR ; VANIER; Near; 20 M,2/19/2019 2:02:52 PM,544035.8797,4807717.919
48550,19-014792,1/19/2019 12:38:00 AM,2019,1,19,0,38,0,Saturday,541342.3984,4809274.041,-80.489167,43.435231,Non intersection,2,P.D. only,Off highway,unknown,unknown,SMV other,Unknown,Dark,07 - Dark,unknown,No control,unknown,0,0,0,FALSE,FALSE,FALSE,Clear,,FALSE,CHARLES BEST PL; CHARLES BEST PL ; 4 M,2/19/2019 2:02:51 PM,541342.3984,4809274.041
48551,19-015048,1/19/2019 10:57:00 AM,2019,1,19,10,57,0,Saturday,547517.4906,4804532.897,-80.413282,43.392175,Non intersection,2,Non-reportable,Off highway,unknown,unknown,SMV unattended vehicle,Unknown,"Dark, artificial","08 - Dark, artificial",unknown,No control,unknown,0,0,0,FALSE,FALSE,FALSE,Snow,,FALSE,AMHERST DR ; AMHERST DR ; At; 50 M,2/19/2019 2:02:49 PM,547517.4906,4804532.897
48552,19-015090,1/19/2019 11:56:00 AM,2019,1,19,11,56,0,Saturday,542839.2699,4809875.699,-80.470625,43.440564,At intersection,2,P.D. only,Within intersection,unknown,unknown,Angle,Unknown,Daylight,01 - Daylight,unknown,Stop sign,Functioning,0,1,0,FALSE,FALSE,FALSE,Snow,,FALSE,CHARLES ST E; SYDNEY ST S,2/19/2019 2:02:48 PM,542839.2699,4809875.699
48553,19-015188,1/18/2019 9:00:00 PM,2019,1,18,21,0,0,Friday,542368.0723,4806375.183,-80.476719,43.409072,Non intersection,2,P.D. only,Thru lane,unknown,unknown,SMV unattended vehicle,Unknown,"Dark, artificial","08 - Dark, artificial",unknown,No control,unknown,0,0,0,FALSE,FALSE,FALSE,Clear,,FALSE,TUERR DR; THE COUNTRY WAY; Near; 50 M,2/19/2019 2:02:47 PM,542368.0723,4806375.183
48554,19-015694,1/20/2019 7:20:00 AM,2019,1,20,7,20,0,Sunday,545070.0479,4807716.801,-80.443238,43.420994,Non intersection,1,Non-fatal injury,Thru lane,unknown,unknown,SMV other,Unknown,Dawn,03 - Dawn,unknown,No control,unknown,0,0,0,TRUE,FALSE,FALSE,Snow,,FALSE,WILSON AVE; FAIRWAY RD S; 38 M,2/19/2019 2:02:45 PM,545070.0479,4807716.801
48555,19-015714,1/20/2019 8:18:00 AM,2019,1,20,8,18,0,Sunday,545350.3308,4806453.348,-80.439881,43.409601,Non intersection,2,P.D. only,Off highway,unknown,unknown,SMV other,Unknown,Daylight,01 - Daylight,unknown,No control,unknown,0,0,0,FALSE,FALSE,FALSE,Clear,,FALSE,WABANAKI DR ; WILSON AVE ; 75 M,2/19/2019 2:02:43 PM,545350.3308,4806453.348
48556,19-015831,1/20/2019 11:00:00 AM,2019,1,20,11,0,0,Sunday,541181.6677,4809393.226,-80.491144,43.436313,At intersection,1,Non-fatal injury,Within intersection,unknown,unknown,Turning movement,Unknown,Daylight,01 - Daylight,unknown,Traffic signal,Functioning,0,0,0,FALSE,FALSE,FALSE,Clear,,FALSE,HIGHLAND RD E; STIRLING AVE S,2/19/2019 2:02:41 PM,541181.6677,4809393.226
48557,19-015856,1/20/2019 12:00:00 AM,2019,1,20,0,0,0,Sunday,540991.8672,4812248.983,-80.493275,43.462036,Non intersection,2,P.D. only,Not on roadway - left side,unknown,unknown,SMV other,Unknown,Dark,07 - Dark,Municipal (excl. Twp. Rd.),No control,unknown,0,0,0,FALSE,FALSE,FALSE,Snow,,FALSE,223 MARGARET AVE; MARGARET AVE; At; 3 M,10/24/2019 10:06:00 AM,540991.8672,4812248.983
48558,19-015953,1/19/2019 4:30:00 PM,2019,1,19,16,30,0,Saturday,541068,4811108,0,0,Intersection related,2,P.D. only,Left turn lane,unknown,unknown,Rear end,Unknown,Daylight,01 - Daylight,unknown,Stop sign,Functioning,0,0,0,FALSE,FALSE,FALSE,Snow,,FALSE,UNIVERSITY AVE W; BAKER ST; At,2/19/2019 2:02:37 PM,541068,4811108
48559,19-015986,1/20/2019 2:32:00 PM,2019,1,20,14,32,0,Sunday,540337.5799,4805511.074,-80.50186,43.401403,Intersection related,2,P.D. only,Not on roadway - right side,unknown,unknown,SMV other,Unknown,Daylight,01 - Daylight,unknown,Stop sign,Functioning,0,0,0,FALSE,FALSE,FALSE,Snow,,FALSE,COMMONWEALTH CRES; COMMONWEALTH ST; At; 1 M,2/19/2019 2:02:36 PM,540337.5799,4805511.074
48560,19-016050,1/19/2019 7:00:00 PM,2019,1,19,19,0,0,Saturday,536574.9346,4807474.102,-80.548194,43.419272,Intersection related,2,P.D. only,Not on roadway - right side,unknown,unknown,SMV other,Unknown,"Dark, artificial","08 - Dark, artificial",unknown,Stop sign,Functioning,0,0,0,FALSE,FALSE,FALSE,Snow,,FALSE,TRADEWINDS PL; ROLLING MEADOWS DR ; Near,2/19/2019 2:02:34 PM,536574.9346,4807474.102
48561,19-016066,1/20/2019 4:46:00 PM,2019,1,20,16,46,0,Sunday,540797.6023,4809181.694,-80.495905,43.434429,At intersection,2,P.D. only,Within intersection,unknown,unknown,Turning movement,Stop sign,Dusk,05 - Dusk,unknown,Stop sign,Functioning,0,0,0,FALSE,FALSE,FALSE,Clear,,FALSE,STIRLING AVE S; PLEASANT AVE ; 5 M,2/19/2019 2:02:33 PM,540797.6023,4809181.694
48562,19-016120,1/20/2019 4:45:00 PM,2019,1,20,16,45,0,Sunday,537223.5565,4809364.136,-80.540053,43.436258,Intersection related,2,P.D. only,Right shoulder,unknown,unknown,SMV other,Unknown,Daylight,01 - Daylight,unknown,Stop sign,Functioning,0,0,0,FALSE,FALSE,FALSE,Snow,,FALSE,LYNNVALLEY CRES ; TRELAWNEY ST,2/19/2019 2:02:31 PM,537223.5565,4809364.136
48563,19-016592,1/21/2019 11:05:00 AM,2019,1,21,11,5,0,Monday,548582.3756,4806623.898,-80.399948,43.410934,At/near private drive,2,P.D. only,Not on roadway - right side,unknown,unknown,SMV other,Unknown,Daylight,01 - Daylight,unknown,Stop sign,Functioning,0,0,0,FALSE,FALSE,FALSE,Clear,,FALSE,DEER RIDGE DR; KING ST E; Near; 12 M,2/19/2019 2:02:28 PM,548582.3756,4806623.898
48564,19-033873,2/11/2019 12:00:00 AM,2019,2,11,0,0,0,Monday,542627.6232,4803998.127,-80.473699,43.387654,Non intersection,1,Non-fatal injury,Thru lane,unknown,unknown,Turning movement,Unknown,Daylight,01 - Daylight,Municipal (excl. Twp. Rd.),No control,unknown,0,0,0,FALSE,FALSE,FALSE,Clear,,FALSE,HURON RD; HURON RD; Near; 2 M,10/24/2019 10:05:58 AM,542627.6232,4803998.127
48565,19-035659,2/13/2019 12:00:00 AM,2019,2,13,0,0,0,Wednesday,542962.9431,4814158.655,-80.468759,43.47912,At/near private drive,1,Non-fatal injury,Thru lane,unknown,unknown,Sideswipe,Unknown,Dark,07 - Dark,Municipal (excl. Twp. Rd.),No control,unknown,0,0,0,FALSE,FALSE,FALSE,Clear,,FALSE,TAGGE ST; TAGGE ST; Near; 1 M,10/24/2019 10:06:03 AM,542962.9431,4814158.655
48566,19-040014,2/19/2019 12:00:00 AM,2019,2,19,0,0,0,Tuesday,548117.638,4804527.387,-80.405873,43.392087,At intersection,2,P.D. only,Within intersection,unknown,unknown,Angle,Unknown,Daylight,01 - Daylight,Regional municipality,unknown,Functioning,0,0,0,FALSE,FALSE,FALSE,Clear,,FALSE,DOON VALLEY DR; OLD MILL RD; ; 5 M,10/24/2019 10:06:05 AM,548117.638,4804527.387
48567,19-040043,2/19/2019 12:00:00 AM,2019,2,19,0,0,0,Tuesday,545095.4648,4813568.497,-80.44244,43.473681,Non intersection,2,P.D. only,Not on roadway - right side,unknown,unknown,SMV other,Unknown,Daylight,01 - Daylight,Municipal (excl. Twp. Rd.),No control,unknown,0,0,0,FALSE,FALSE,FALSE,Clear,,FALSE,SHIRLEY DR; BINGEMANS CENTRE DR; ; 37 M,10/24/2019 10:06:07 AM,545095.4648,4813568.497
48568,19-040379,2/19/2019 12:00:00 AM,2019,2,19,0,0,0,Tuesday,545273.7007,4806434.409,-80.440829,43.409435,At intersection,2,P.D. only,Within intersection,unknown,unknown,Angle,Stop sign,Dark,07 - Dark,Regional municipality,unknown,Functioning,0,0,0,FALSE,FALSE,FALSE,Clear,,FALSE,WABANAKI DR; WILSON AVE,10/24/2019 10:06:09 AM,545273.7007,4806434.409
48569,19-041206,2/20/2019 12:00:00 AM,2019,2,20,0,0,0,Wednesday,542631.195,4803745.71,-80.473674,43.385381,At/near private drive,2,P.D. only,Right shoulder,unknown,unknown,SMV other,Unknown,Dark,07 - Dark,Municipal (excl. Twp. Rd.),No control,unknown,0,0,0,FALSE,FALSE,FALSE,Freezing Rain,,FALSE,BANFFSHIRE ST; BANFFSHIRE ST; At; 1 M,10/24/2019 10:06:13 AM,542631.195,4803745.71
48570,19-041218,2/20/2019 12:00:00 AM,2019,2,20,0,0,0,Wednesday,540949.5842,4816468.367,-80.49348,43.50003,Intersection related,2,P.D. only,Thru lane,unknown,unknown,Sideswipe,Unknown,"Dark, artificial","08 - Dark, artificial",Municipal (excl. Twp. Rd.),No control,unknown,0,0,0,FALSE,FALSE,FALSE,Freezing Rain,,FALSE,WOOLWICH ST; KIWANIS PARK DR,10/24/2019 10:05:54 AM,540949.5842,4816468.367
48571,19-042606,2/22/2019 12:00:00 AM,2019,2,22,0,0,0,Friday,546019.7017,4803252.286,-80.431883,43.380738,At/near private drive,2,P.D. only,Thru lane,unknown,unknown,SMV unattended vehicle,Unknown,Daylight,01 - Daylight,Township,No control,unknown,0,0,0,FALSE,FALSE,FALSE,Clear,,FALSE,DOON SOUTH DR; DOON SOUTH DR; At; 1 M,10/24/2019 10:06:15 AM,546019.7017,4803252.286
48572,19-044298,2/24/2019 12:00:00 AM,2019,2,24,0,0,0,Sunday,538196.5016,4809023.548,-80.528055,43.433142,At intersection,2,P.D. only,Within intersection,unknown,unknown,SMV other,Unknown,Daylight,01 - Daylight,Municipal (excl. Twp. Rd.),unknown,Functioning,0,0,0,FALSE,FALSE,FALSE,Clear,,FALSE,BANKSIDE DR; BENESFORT DR,10/24/2019 10:06:18 AM,538196.5016,4809023.548
48573,19-045399,2/26/2019 12:00:00 AM,2019,2,26,0,0,0,Tuesday,541444.4765,4810410.959,-80.48782,43.445462,At intersection,2,P.D. only,Within intersection,unknown,unknown,SMV other,Unknown,Dawn,03 - Dawn,Regional municipality,unknown,Functioning,0,0,0,FALSE,FALSE,FALSE,Clear,,FALSE,ST GEORGE ST; PETER ST,10/24/2019 10:06:19 AM,541444.4765,4810410.959
48574,19-046322,2/27/2019 12:00:00 AM,2019,2,27,0,0,0,Wednesday,540294.1756,4806732.395,-80.502306,43.412403,Intersection related,2,P.D. only,Not on roadway - right side,unknown,unknown,SMV other,Unknown,Daylight,01 - Daylight,Municipal (excl. Twp. Rd.),unknown,Functioning,0,0,0,FALSE,FALSE,FALSE,Snow,,FALSE,RISTAU CRES; DINISON CRES; At,10/24/2019 10:06:20 AM,540294.1756,4806732.395
48575,19-047515,2/27/2019 12:00:00 AM,2019,2,27,0,0,0,Wednesday,543238.7207,4807282.91,-80.465894,43.417195,At/near private drive,2,P.D. only,Other,unknown,unknown,SMV unattended vehicle,Unknown,"Daylight, artificial","02 - Daylight, artificial",Regional municipality,No control,unknown,0,0,0,FALSE,FALSE,FALSE,Snow,,FALSE,BRITTON PL; BRITTON PL; Near; 1 M,10/24/2019 10:06:22 AM,543238.7207,4807282.91
48576,19-047898,3/1/2019 12:00:00 AM,2019,3,1,0,0,0,Friday,539002.515,4811281.201,-80.517935,43.453429,At intersection,1,Non-fatal injury,Within intersection,unknown,unknown,Sideswipe,Unknown,Daylight,01 - Daylight,Municipal (excl. Twp. Rd.),unknown,Functioning,0,0,0,FALSE,FALSE,FALSE,Clear,,FALSE,BELMONT AVE W; CLAREMONT AVE,10/24/2019 10:06:23 AM,539002.515,4811281.201
48577,19-048180,3/1/2019 12:00:00 AM,2019,3,1,0,0,0,Friday,543568.7175,4804978.094,-80.462002,43.396424,At intersection,2,P.D. only,Within intersection,unknown,unknown,Angle,Unknown,Daylight,01 - Daylight,Regional municipality,unknown,Functioning,0,0,0,FALSE,FALSE,FALSE,Clear,,FALSE,HURON RD; BATTLER RD,10/24/2019 10:06:24 AM,543568.7175,4804978.094
48578,19-049744,3/3/2019 12:00:00 AM,2019,3,3,0,0,0,Sunday,543548.3374,4811200.634,-80.461757,43.452453,At/near private drive,2,P.D. only,Right shoulder,unknown,unknown,SMV unattended vehicle,Unknown,Daylight,01 - Daylight,Municipal (excl. Twp. Rd.),No control,unknown,0,0,0,FALSE,FALSE,FALSE,Clear,,FALSE,DONALD ST; DONALD ST; At; 0 M,10/24/2019 10:06:26 AM,543548.3374,4811200.634
48579,19-052649,3/7/2019 12:00:00 AM,2019,3,7,0,0,0,Thursday,543463.7981,4804693.808,-80.46332,43.39387,At/near private drive,2,P.D. only,Thru lane,unknown,unknown,Rear end,Unknown,Daylight,01 - Daylight,Municipal (excl. Twp. Rd.),No control,unknown,0,0,0,FALSE,FALSE,FALSE,Clear,,FALSE,TEMPLEWOOD DR; TEMPLEWOOD DR; At; 1 M,10/24/2019 10:05:49 AM,543463.7981,4804693.808
48580,19-053681,3/8/2019 12:00:00 AM,2019,3,8,0,0,0,Friday,536537.9627,4808249.513,-80.548599,43.426255,At/near private drive,2,P.D. only,Right shoulder,unknown,unknown,SMV unattended vehicle,Unknown,Daylight,01 - Daylight,Municipal (excl. Twp. Rd.),No control,unknown,0,0,0,FALSE,FALSE,FALSE,Clear,,FALSE,WESTMEADOW DR; WESTMEADOW DR; ; 4 M,10/24/2019 10:06:27 AM,536537.9627,4808249.513
48581,19-055641,3/10/2019 12:00:00 AM,2019,3,10,0,0,0,Sunday,543545.997,4809132.624,-80.461951,43.433833,Non intersection,2,P.D. only,Right shoulder,unknown,unknown,SMV unattended vehicle,Unknown,Dark,07 - Dark,Municipal (excl. Twp. Rd.),No control,unknown,0,0,0,FALSE,FALSE,FALSE,Clear,,FALSE,CORNELL AVE; CORNELL AVE; ; 7 M,10/24/2019 10:06:28 AM,543545.997,4809132.624
48582,19-060349,3/16/2019 12:00:00 AM,2019,3,16,0,0,0,Saturday,541649.9355,4809313.253,-80.485364,43.435567,At intersection,2,P.D. only,Within intersection,unknown,unknown,Angle,Unknown,Daylight,01 - Daylight,Regional municipality,unknown,Functioning,0,1,0,FALSE,FALSE,FALSE,Clear,,FALSE,MILL ST; HEIMAN ST,10/24/2019 10:06:29 AM,541649.9355,4809313.253
48583,19-062187,3/17/2019 12:00:00 AM,2019,3,17,0,0,0,Sunday,540005.0136,4810954.669,-80.505568,43.450436,At/near private drive,1,Non-fatal injury,Thru lane,unknown,unknown,Angle,Unknown,Daylight,01 - Daylight,Municipal (excl. Twp. Rd.),No control,unknown,0,0,0,FALSE,FALSE,FALSE,Clear,,FALSE,PARK ST; STEWART ST; ; 50 M,10/24/2019 10:06:31 AM,540005.0136,4810954.669
48584,19-064777,3/20/2019 12:00:00 AM,2019,3,20,0,0,0,Wednesday,540830.2596,4811684.694,-80.495315,43.456964,Non intersection,2,P.D. only,Within intersection,unknown,unknown,Angle,Unknown,Daylight,01 - Daylight,Municipal (excl. Twp. Rd.),No control,unknown,0,0,0,FALSE,TRUE,FALSE,Clear,,FALSE,LOUISA ST; WEBER ST W; ; 15 M,10/24/2019 10:06:32 AM,540830.2596,4811684.694
48585,19-064915,3/20/2019 12:00:00 AM,2019,3,20,0,0,0,Wednesday,542240.6552,4809532.798,-80.478048,43.43751,Non intersection,2,P.D. only,Thru lane,unknown,unknown,Rear end,Unknown,Dark,07 - Dark,Regional municipality,No control,unknown,0,0,0,FALSE,FALSE,FALSE,Rain,,FALSE,COURTLAND AVE E; ; At; 15 M,10/24/2019 10:06:33 AM,542240.6552,4809532.798
48586,19-080693,4/8/2019 12:00:00 AM,2019,4,8,0,0,0,Monday,540639.5543,4800793.773,-80.498481,43.358912,Non intersection,1,Non-fatal injury,Not on roadway - left side,unknown,unknown,SMV other,Unknown,Daylight,01 - Daylight,Municipal (excl. Twp. Rd.),No control,unknown,0,0,0,FALSE,FALSE,FALSE,Clear,,FALSE,PLAINS RD; PLAINS RD; ; 10 M,10/24/2019 10:06:35 AM,540639.5543,4800793.773
48587,19-096983,4/27/2019 12:00:00 AM,2019,4,27,0,0,0,Saturday,544755.1743,4808023.478,-80.447102,43.423775,At intersection,1,Non-fatal injury,Within intersection,unknown,unknown,Turning movement,Unknown,Dark,07 - Dark,Regional municipality,unknown,Functioning,0,0,0,FALSE,FALSE,FALSE,Clear,,FALSE,WILSON AVE; TRAYNOR AVE,10/24/2019 10:06:37 AM,544755.1743,4808023.478
48588,19-097248,4/28/2019 12:00:00 AM,2019,4,28,0,0,0,Sunday,542466.2149,4807015.055,-80.475457,43.414828,At/near private drive,2,P.D. only,Thru lane,unknown,unknown,SMV unattended vehicle,Unknown,Dawn,03 - Dawn,Municipal (excl. Twp. Rd.),No control,unknown,0,0,0,FALSE,FALSE,FALSE,Clear,,FALSE,CENTURY HILL DR; CENTURY HILL DR; ; 13 M,10/24/2019 10:06:39 AM,542466.2149,4807015.055
48589,19-103255,5/5/2019 12:00:00 AM,2019,5,5,0,0,0,Sunday,545116.7083,4812046.428,-80.442304,43.459975,Non intersection,2,P.D. only,Not on roadway - right side,unknown,unknown,SMV other,Unknown,Daylight,01 - Daylight,Regional municipality,No control,unknown,0,0,0,FALSE,FALSE,FALSE,Clear,,FALSE,LORRAINE AVE; CONFEDERATION DR; ; 10 M,10/24/2019 10:06:40 AM,545116.7083,4812046.428
48590,19-110198,5/13/2019 12:00:00 AM,2019,5,13,0,0,0,Monday,542784.7315,4804145.448,-80.471748,43.388972,Intersection related,1,Non-fatal injury,Within intersection,unknown,unknown,Angle,Unknown,Daylight,01 - Daylight,Municipal (excl. Twp. Rd.),unknown,Functioning,0,0,0,FALSE,FALSE,FALSE,Rain,,FALSE,HURON RD; PARKVALE DR; At; 5 M,10/24/2019 10:06:42 AM,542784.7315,4804145.448
48591,19-110984,5/14/2019 12:00:00 AM,2019,5,14,0,0,0,Tuesday,541151.5722,4810990.908,-80.491395,43.4507,Other,1,Non-fatal injury,Right shoulder,unknown,unknown,SMV unattended vehicle,Unknown,Daylight,01 - Daylight,Regional municipality,No control,unknown,0,0,0,FALSE,FALSE,FALSE,Clear,,FALSE,KING ST W; YOUNG ST; ; 70 M,10/24/2019 10:06:44 AM,541151.5722,4810990.908