OBJECTID,ACCIDENTNUM,ACCIDENTDATE,ACCIDENT_YEAR,ACCIDENT_MONTH,ACCIDENT_DAY,ACCIDENT_HOUR,ACCIDENT_MINUTE,ACCIDENT_SECOND,ACCIDENT_WEEKDAY,XCOORD,YCOORD,LONGITUDE,LATITUDE,ACCIDENTLOCATION,COLLISIONTYPE,CLASSIFICATIONOFACCIDENT,IMPACTLOCATION,INITIALDIRECTIONOFTRAVELONE,INITIALDIRECTIONOFTRAVELTWO,INITIALIMPACTTYPE,INTTRAFFICCONTROL,LIGHT,LIGHTFORREPORT,ROADJURISDICTION,TRAFFICCONTROL,TRAFFICCONTROLCONDITION,THRULANENO,NORTHBOUNDDISOBEYCOUNT,SOUTHBOUNDDISOBEYCOUNT,PEDESTRIANINVOLVED,CYCLISTINVOLVED,MOTORCYCLISTINVOLVED,ENVIRONMENTCONDITION1,ENVIRONMENTCONDITION2,SELFREPORTED,XMLIMPORTNOTES,LASTEDITEDDATE,x,y
48653,19-169706,7/20/2019 12:00:00 AM,2019,7,20,0,0,0,Saturday,540824.1023,4811303.177,-80.495419,43.45353,Non intersection,1,Non-fatal injury,Not on roadway - right side,unknown,unknown,SMV other,Unknown,Daylight,01 - Daylight,Regional municipality,No control,unknown,0,0,0,FALSE,FALSE,FALSE,Clear,,FALSE,DUKE ST W; VICTORIA ST N; Near; 75 M,10/24/2019 10:08:16 AM,540824.1023,4811303.177
48654,19-169713,7/20/2019 12:00:00 AM,2019,7,20,0,0,0,Saturday,538627.4809,4807727.084,-80.522822,43.421447,At intersection,1,Non-fatal injury,Thru lane,unknown,unknown,Rear end,Unknown,Daylight,01 - Daylight,Regional municipality,unknown,unknown,0,0,0,FALSE,FALSE,FALSE,Clear,,FALSE,MCGARRY DR; PINEHURST CRES,10/24/2019 10:08:18 AM,538627.4809,4807727.084
48655,19-170335,7/21/2019 12:00:00 AM,2019,7,21,0,0,0,Sunday,542670.1672,4806929.115,-80.472945,43.414042,At intersection,1,Non-fatal injury,Off highway,unknown,unknown,SMV other,Unknown,"Dark, artificial","08 - Dark, artificial",Municipal (excl. Twp. Rd.),unknown,Functioning,0,0,0,FALSE,FALSE,FALSE,Clear,,FALSE,OLD COUNTRY DR; COUNTRY HILL DR,10/24/2019 10:08:20 AM,542670.1672,4806929.115
48656,19-170751,7/21/2019 12:00:00 AM,2019,7,21,0,0,0,Sunday,539640.2019,4807404.395,-80.510335,43.418488,At/near private drive,2,P.D. only,Thru lane,unknown,unknown,Rear end,Unknown,Daylight,01 - Daylight,Regional municipality,No control,unknown,0,0,0,FALSE,FALSE,FALSE,Clear,,FALSE,VALLEYVIEW RD; VALLEYVIEW RD; At; 10 M,10/24/2019 10:08:21 AM,539640.2019,4807404.395
48657,19-171657,7/22/2019 12:00:00 AM,2019,7,22,0,0,0,Monday,546857.4946,4811246.608,-80.420855,43.452667,Non intersection,2,P.D. only,Thru lane,unknown,unknown,Sideswipe,Unknown,Daylight,01 - Daylight,Regional municipality,No control,unknown,0,0,0,FALSE,FALSE,FALSE,Clear,,FALSE,ZELLER DR; JANET CRT; ; 30 M,10/24/2019 10:08:22 AM,546857.4946,4811246.608
48658,19-173088,7/24/2019 12:00:00 AM,2019,7,24,0,0,0,Wednesday,548346.8428,4804583.127,-80.403038,43.392575,Non intersection,1,Non-fatal injury,Thru lane,unknown,unknown,Turning movement,Unknown,Daylight,01 - Daylight,Municipal (excl. Twp. Rd.),No control,unknown,0,0,0,FALSE,FALSE,FALSE,Clear,,FALSE,DOON VALLEY DR; DOON VALLEY DR; At; 2 M,10/24/2019 10:08:06 AM,548346.8428,4804583.127
48659,19-173400,7/24/2019 12:00:00 AM,2019,7,24,0,0,0,Wednesday,537355.2583,4809950.867,-80.538385,43.441534,At/near private drive,1,Non-fatal injury,Thru lane,unknown,unknown,SMV unattended vehicle,Unknown,Daylight,01 - Daylight,Municipal (excl. Twp. Rd.),No control,unknown,0,0,0,TRUE,FALSE,FALSE,Clear,,FALSE,WESTWOOD DR; WESTWOOD DR; At; 1 M,10/24/2019 10:08:23 AM,537355.2583,4809950.867
48660,19-173928,7/25/2019 12:00:00 AM,2019,7,25,0,0,0,Thursday,537511.4627,4808815.997,-80.536533,43.431308,At/near private drive,2,P.D. only,Off highway,unknown,unknown,SMV other,Unknown,Daylight,01 - Daylight,Private property,No control,unknown,0,0,0,FALSE,FALSE,FALSE,Clear,,FALSE,EASTFOREST TRAIL; EASTFOREST TRAIL; ; 9 M,10/24/2019 10:08:25 AM,537511.4627,4808815.997
48661,19-176123,7/27/2019 12:00:00 AM,2019,7,27,0,0,0,Saturday,548005.5212,4806203.428,-80.40711,43.407186,Non intersection,2,P.D. only,Thru lane,unknown,unknown,SMV unattended vehicle,Unknown,Daylight,01 - Daylight,Municipal (excl. Twp. Rd.),No control,unknown,0,0,0,FALSE,FALSE,FALSE,Clear,,FALSE,DEER RIDGE DR; DEER RIDGE DR; At; 1 M,10/24/2019 10:08:29 AM,548005.5212,4806203.428
48662,19-176312,7/27/2019 12:00:00 AM,2019,7,27,0,0,0,Saturday,538369.3814,4809770.229,-80.525866,43.439857,Non intersection,2,P.D. only,Right shoulder,unknown,unknown,SMV unattended vehicle,Unknown,Dark,07 - Dark,Municipal (excl. Twp. Rd.),No control,unknown,0,0,0,FALSE,FALSE,FALSE,Clear,,FALSE,HAZELGLEN DR; HAZELGLEN DR; At; 6 M,10/24/2019 10:08:30 AM,538369.3814,4809770.229
48663,19-176682,7/28/2019 12:00:00 AM,2019,7,28,0,0,0,Sunday,543584.4789,4804802.096,-80.461821,43.394838,Intersection related,2,P.D. only,Thru lane,unknown,unknown,SMV unattended vehicle,Unknown,Dawn,03 - Dawn,Municipal (excl. Twp. Rd.),unknown,Functioning,0,0,0,FALSE,FALSE,FALSE,Clear,,FALSE,OLD HURON RD; MARIANNE DORN TRAIL; At,10/24/2019 10:08:31 AM,543584.4789,4804802.096
48664,19-177734,7/29/2019 12:00:00 AM,2019,7,29,0,0,0,Monday,541074.6592,4813134.195,-80.492184,43.470002,Non intersection,2,P.D. only,Right shoulder,unknown,unknown,SMV unattended vehicle,Unknown,Daylight,01 - Daylight,Municipal (excl. Twp. Rd.),No control,unknown,0,0,0,FALSE,FALSE,FALSE,Clear,,FALSE,UNION ST; UNION ST; Near; 1 M,10/24/2019 10:08:33 AM,541074.6592,4813134.195
48665,19-177887,7/29/2019 12:00:00 AM,2019,7,29,0,0,0,Monday,542581.4422,4810126.708,-80.473791,43.442839,Intersection related,2,P.D. only,Within intersection,unknown,unknown,Rear end,Unknown,"Dark, artificial","08 - Dark, artificial",Regional municipality,unknown,Functioning,0,0,0,FALSE,FALSE,FALSE,Rain,,FALSE,KING ST E; BORDEN AVE N; At,10/24/2019 10:08:34 AM,542581.4422,4810126.708
48666,19-179973,8/1/2019 12:00:00 AM,2019,8,1,0,0,0,Thursday,542905.5876,4812718.048,-80.469582,43.466153,At intersection,1,Non-fatal injury,Within intersection,unknown,unknown,Angle,Unknown,Daylight,01 - Daylight,Municipal (excl. Twp. Rd.),unknown,Functioning,0,0,1,FALSE,FALSE,FALSE,Clear,,FALSE,WELLINGTON ST N; 85 N OFF TO WELLINGTON ST N N,10/24/2019 10:08:37 AM,542905.5876,4812718.048
48667,19-180519,8/1/2019 12:00:00 AM,2019,8,1,0,0,0,Thursday,539675.8373,4806484.958,-80.509961,43.410208,At intersection,1,Non-fatal injury,Within intersection,unknown,unknown,Angle,Unknown,Daylight,01 - Daylight,Township,unknown,Functioning,0,1,0,FALSE,TRUE,FALSE,Clear,,FALSE,WILDERNESS DR; ACTIVA AVE,10/24/2019 10:08:38 AM,539675.8373,4806484.958
48668,19-181902,8/3/2019 12:00:00 AM,2019,8,3,0,0,0,Saturday,541359.6462,4808641.96,-80.489002,43.429538,At intersection,1,Non-fatal injury,Within intersection,unknown,unknown,Turning movement,Unknown,Daylight,01 - Daylight,Regional municipality,unknown,Functioning,0,0,0,FALSE,FALSE,FALSE,Clear,,FALSE,HOMER WATSON BLVD; HOFFMAN ST,10/24/2019 10:08:39 AM,541359.6462,4808641.96
48669,19-186676,8/9/2019 12:00:00 AM,2019,8,9,0,0,0,Friday,541509.1578,4809198.951,-80.487112,43.434545,Intersection related,1,Non-fatal injury,Thru lane,unknown,unknown,Rear end,Unknown,Daylight,01 - Daylight,Municipal (excl. Twp. Rd.),unknown,unknown,0,0,0,FALSE,FALSE,FALSE,Clear,,FALSE,KEHL ST; HEIMAN ST; ; 20 M,10/24/2019 10:08:41 AM,541509.1578,4809198.951
48670,19-187927,8/11/2019 12:00:00 AM,2019,8,11,0,0,0,Sunday,542855.9795,4803897.478,-80.470887,43.386735,Non intersection,2,P.D. only,Thru lane,unknown,unknown,SMV unattended vehicle,Unknown,Dark,07 - Dark,Regional municipality,No control,unknown,0,0,0,FALSE,FALSE,FALSE,Clear,,FALSE,TUDOR ST; TUDOR ST; Near; 30 M,10/24/2019 10:08:42 AM,542855.9795,4803897.478
48671,19-188290,8/11/2019 12:00:00 AM,2019,8,11,0,0,0,Sunday,546063.1918,4809493.42,-80.43082,43.436931,At intersection,2,P.D. only,Within intersection,unknown,unknown,Angle,Unknown,Daylight,01 - Daylight,Regional municipality,unknown,Functioning,0,0,0,FALSE,FALSE,FALSE,Clear,,FALSE,KINZIE AVE; RIVER RD E; ; 0 M,10/24/2019 10:08:43 AM,546063.1918,4809493.42
48672,19-188911,8/12/2019 12:00:00 AM,2019,8,12,0,0,0,Monday,542626.5511,4804000.231,-80.473712,43.387673,At intersection,2,P.D. only,Within intersection,unknown,unknown,Rear end,Unknown,Daylight,01 - Daylight,Regional municipality,unknown,Functioning,0,0,0,FALSE,FALSE,FALSE,Clear,,FALSE,HURON RD; FEATHERSTONE ST,10/24/2019 10:08:46 AM,542626.5511,4804000.231
48673,19-188967,8/12/2019 12:00:00 AM,2019,8,12,0,0,0,Monday,544778.9168,4804997.654,-80.447057,43.396528,Non intersection,2,P.D. only,Thru lane,unknown,unknown,Rear end,Unknown,Daylight,01 - Daylight,Municipal (excl. Twp. Rd.),No control,unknown,0,0,0,FALSE,FALSE,FALSE,Clear,,FALSE,MILLWOOD CRES; DOON VALLEY DR; ; 50 M,10/24/2019 10:08:47 AM,544778.9168,4804997.654
48674,19-190812,8/14/2019 12:00:00 AM,2019,8,14,0,0,0,Wednesday,541662.3169,4810408.969,-80.485128,43.445432,At intersection,2,P.D. only,Within intersection,unknown,unknown,Angle,Unknown,Daylight,01 - Daylight,Regional municipality,unknown,Functioning,0,0,0,FALSE,FALSE,FALSE,Clear,,FALSE,CEDAR ST S; CHURCH ST,10/24/2019 10:08:48 AM,541662.3169,4810408.97
48675,19-191351,8/15/2019 12:00:00 AM,2019,8,15,0,0,0,Thursday,541256.4078,4811455.629,-80.490065,43.454879,Intersection related,1,Non-fatal injury,Not on roadway - right side,unknown,unknown,SMV other,Unknown,Daylight,01 - Daylight,Municipal (excl. Twp. Rd.),unknown,Functioning,0,0,0,FALSE,FALSE,FALSE,Clear,,FALSE,AHRENS ST W; MAYNARD AVE,10/24/2019 10:08:49 AM,541256.4078,4811455.629
48676,19-191413,8/15/2019 12:00:00 AM,2019,8,15,0,0,0,Thursday,542444.2344,4811614.471,-80.475371,43.456242,Non intersection,2,P.D. only,Not on roadway - right side,unknown,unknown,SMV other,Unknown,Daylight,01 - Daylight,Regional municipality,No control,unknown,0,0,0,FALSE,FALSE,FALSE,Clear,,FALSE,EAST AVE; EAST AVE; ; 6 M,10/24/2019 10:08:50 AM,542444.2344,4811614.471
48677,19-192367,8/16/2019 12:00:00 AM,2019,8,16,0,0,0,Friday,541829.4922,4807821.108,-80.48326,43.422121,Intersection related,1,Non-fatal injury,Off highway,unknown,unknown,SMV other,Unknown,Daylight,01 - Daylight,Township,unknown,unknown,0,0,0,FALSE,FALSE,FALSE,Clear,,FALSE,KINGSWOOD DR; ROBERTS CRES; Near; 1 M,10/24/2019 10:08:51 AM,541829.4922,4807821.108
48678,19-194025,8/18/2019 12:00:00 AM,2019,8,18,0,0,0,Sunday,542763.6704,4811565.355,-80.471427,43.455782,Intersection related,1,Non-fatal injury,Right shoulder,unknown,unknown,SMV other,Unknown,Daylight,01 - Daylight,Regional municipality,unknown,Functioning,0,0,0,FALSE,FALSE,TRUE,Clear,,FALSE,DUMFRIES AVE; CHAPEL ST; ; 8 M,10/24/2019 10:08:52 AM,542763.6704,4811565.355
48679,19-194235,8/18/2019 12:00:00 AM,2019,8,18,0,0,0,Sunday,546062.6789,4809490.637,-80.430827,43.436906,At intersection,1,Non-fatal injury,Within intersection,unknown,unknown,Angle,Unknown,Daylight,01 - Daylight,Regional municipality,unknown,Functioning,0,0,0,FALSE,FALSE,FALSE,Clear,,FALSE,KINZIE AVE; RIVER RD E,10/24/2019 10:08:44 AM,546062.6789,4809490.637
48680,19-194467,8/19/2019 12:00:00 AM,2019,8,19,0,0,0,Monday,546098.3938,4811085.533,-80.430251,43.451264,At/near private drive,2,P.D. only,Not on roadway - left side,unknown,unknown,SMV other,Unknown,Daylight,01 - Daylight,Municipal (excl. Twp. Rd.),No control,unknown,0,0,0,FALSE,FALSE,FALSE,Clear,,FALSE,OLDFIELD DR; OLDFIELD DR; At; 3 M,10/24/2019 10:08:53 AM,546098.3938,4811085.533
48681,19-197531,8/22/2019 12:00:00 AM,2019,8,22,0,0,0,Thursday,545575.7153,4808931.87,-80.43689,43.431904,Non intersection,2,P.D. only,Thru lane,unknown,unknown,SMV unattended vehicle,Unknown,Daylight,01 - Daylight,Municipal (excl. Twp. Rd.),No control,unknown,0,0,0,FALSE,FALSE,FALSE,Clear,,FALSE,HUBER ST; HUBER ST; At; 4 M,10/24/2019 10:08:55 AM,545575.7153,4808931.87
48682,19-202241,8/28/2019 12:00:00 AM,2019,8,28,0,0,0,Wednesday,542453.8478,4807263.6,-80.475591,43.417066,At/near private drive,2,P.D. only,Right shoulder,unknown,unknown,SMV other,Unknown,"Dark, artificial","08 - Dark, artificial",Township,No control,unknown,0,0,0,FALSE,FALSE,FALSE,Clear,,FALSE,COUNTRY HILL DR; COUNTRY HILL DR; Near; 20 M,10/24/2019 10:08:56 AM,542453.8478,4807263.6
48683,19-204428,8/31/2019 12:00:00 AM,2019,8,31,0,0,0,Saturday,542581.9382,4810126.447,-80.473785,43.442836,Intersection related,1,Non-fatal injury,Thru lane,unknown,unknown,Rear end,Unknown,Daylight,01 - Daylight,Regional municipality,unknown,unknown,0,0,0,FALSE,FALSE,FALSE,Clear,,FALSE,KING ST E; KING ST E; At; 1 M,10/24/2019 10:08:36 AM,542581.9382,4810126.447
48684,19000461,1/1/2019 2:56:00 PM,2019,1,1,14,56,0,Tuesday,545897.4859,4809799.152,-80.432842,43.439694,Intersection related,2,P.D. only,Not on roadway - right side,unknown,unknown,SMV other,Unknown,Daylight,01 - Daylight,Municipal (excl. Twp. Rd.),Stop sign,Functioning,0,0,0,FALSE,FALSE,FALSE,Clear,,FALSE,Road 1: OLD CHICOPEE DR (50 km/h); Road 2: VERONICA DR (50 km/h); Vehicle #1     Make: NISS     Model: PFI     Colour: BLK     Style: TY,4/9/2021 4:26:57 PM,545897.4859,4809799.152
48685,19000489,1/1/2019 3:34:00 PM,2019,1,1,15,34,0,Tuesday,540923.2678,4806988.985,-80.494517,43.414679,Non intersection,2,P.D. only,Not on roadway - left side,unknown,unknown,SMV other,Unknown,Daylight,01 - Daylight,Municipal (excl. Twp. Rd.),No control,unknown,0,0,0,FALSE,FALSE,FALSE,Clear,,FALSE,Road 1: RADCLIFFE DR (50 km/h); Road 2: BRIARGATE DR; Distance: 200.0 M S; Vehicle #1     Make: MAZD     Model: M3I     Colour: WHI     Style: 4D,4/9/2021 4:25:29 PM,540923.2678,4806988.985
48686,19000937,1/2/2019 9:01:00 AM,2019,1,2,9,1,0,Wednesday,543218.0296,4808898.026,-80.466022,43.431739,Non intersection,2,P.D. only,Thru lane,unknown,unknown,SMV unattended vehicle,Unknown,Daylight,01 - Daylight,Municipal (excl. Twp. Rd.),No control,unknown,1,0,0,FALSE,FALSE,FALSE,Clear,,FALSE,Road 1: 307 DIXON ST (50 km/h); Road 2: DIXON ST; Distance: 1.0 M E; Vehicle #1     Make: VOLK     Model: JGS     Colour: BLK     Style: 4D; Vehicle #2     Make: JEEP     Model: CPT     Colour: RED     Style: TY,4/9/2021 4:25:36 PM,543218.0296,4808898.026
48687,19000961,1/2/2019 6:00:00 AM,2019,1,2,6,0,0,Wednesday,541257.1618,4812530.705,-80.489974,43.464558,At intersection,2,P.D. only,Within intersection,unknown,unknown,Angle,Unknown,Dark,07 - Dark,Municipal (excl. Twp. Rd.),Stop sign,Functioning,0,0,0,FALSE,FALSE,FALSE,Clear,,FALSE,Road 1: GUELPH ST (50 km/h); Road 2: ST LEGER ST (50 km/h); Vehicle #1     Make: CHEV     Model: SIL     Colour: RED     Style: PK; Vehicle #2     Make: HOND     Model: UDY     Colour: BLU     Style: TY; Vehicle #3     Make: PONT     Model: GTP     Colour,4/9/2021 4:28:24 PM,541257.1618,4812530.705
48688,19001214,1/2/2019 2:40:00 PM,2019,1,2,14,40,0,Wednesday,541372.4105,4811026.387,-80.488663,43.451007,At/near private drive,2,P.D. only,Thru lane,unknown,unknown,Other,Unknown,Daylight,01 - Daylight,Regional municipality,No control,unknown,1,0,0,FALSE,FALSE,FALSE,Clear,,TRUE,Road 1: 7 DUKE ST W (50 km/h); Road 2: DUKE ST W; Vehicle #1     Make: WORK     Model: W31     Colour: BRN     Style: PD; Vehicle #2     Make: FORD     Model: COF     Colour: BLK     Style: PK,4/9/2021 4:29:25 PM,541372.4105,4811026.387
48689,19001394,1/2/2019 6:35:00 PM,2019,1,2,18,35,0,Wednesday,547786.9338,4811477.351,-80.409348,43.454686,Non intersection,2,P.D. only,Thru lane,unknown,unknown,SMV unattended vehicle,Unknown,"Dark, artificial","08 - Dark, artificial",Municipal (excl. Twp. Rd.),No control,unknown,1,0,0,FALSE,FALSE,FALSE,Snow,,TRUE,Road 1: 1278 OLD ZELLER DR (50 km/h); Road 2: OLD ZELLER DR; Vehicle #1     Make: NISS     Model: MSV     Colour: BRN     Style: 4D; Vehicle #2     Make: NISS     Model: LFS     Colour: RED     Style: 4B,4/9/2021 4:25:38 PM,547786.9338,4811477.351
48690,19001920,1/3/2019 2:26:00 PM,2019,1,3,14,26,0,Thursday,539110.0727,4811045.2,-80.516622,43.451298,At/near private drive,2,P.D. only,Thru lane,unknown,unknown,Sideswipe,Unknown,Daylight,01 - Daylight,Municipal (excl. Twp. Rd.),No control,unknown,1,0,0,FALSE,FALSE,FALSE,Clear,,FALSE,Road 1: 604 GLASGOW ST (50 km/h); Road 2: BELMONT AVE W; Distance: 0.0 M S; Vehicle #1     Make: TOYT     Model: MTL     Colour: RED     Style: 4D; Vehicle #2     Make: HYUN     Model: TUC     Colour: RED     Style: TY,4/9/2021 4:29:08 PM,539110.0727,4811045.2
48691,19002038,1/3/2019 4:30:00 PM,2019,1,3,16,30,0,Thursday,541043.6483,4807109.527,-80.493021,43.415758,At/near private drive,2,P.D. only,Thru lane,unknown,unknown,Other,Unknown,Daylight,01 - Daylight,Municipal (excl. Twp. Rd.),No control,unknown,1,0,0,FALSE,FALSE,FALSE,Clear,,TRUE,Road 1: 191 LAURENTIAN DR (50 km/h); Road 2: LAURENTIAN DR; Vehicle #1     Make: ACUR     Model: AWT     Colour: BLK     Style: 4D; Vehicle #2     Make: HYUN     Model: ESM     Colour: BLU     Style: 4D,4/9/2021 4:29:25 PM,541043.6483,4807109.527
48692,19002319,1/4/2019 2:49:00 AM,2019,1,4,2,49,0,Friday,538418.7616,4810451.216,-80.525208,43.445986,Non intersection,1,Non-fatal injury,Thru lane,unknown,unknown,SMV unattended vehicle,Unknown,"Dark, artificial","08 - Dark, artificial",Municipal (excl. Twp. Rd.),No control,unknown,1,0,0,FALSE,FALSE,FALSE,Snow,,FALSE,Road 1: 57 WESTWOOD DR (50 km/h); Road 2: WESTWOOD DR; Distance: 10.0 M W; Vehicle #1     Make: NISS     Model: VSL     Colour: BLK     Style: 4B; Vehicle #2     Make: TOYT     Model: MTL     Colour: BLU     Style: 4D,4/9/2021 4:25:37 PM,538418.7616,4810451.216
48693,19002563,1/4/2019 12:00:00 PM,2019,1,4,12,0,0,Friday,540149.5485,4808611.258,-80.503954,43.429328,Non intersection,2,P.D. only,Not on roadway - right side,unknown,unknown,SMV other,Unknown,Daylight,01 - Daylight,Municipal (excl. Twp. Rd.),No control,unknown,0,0,0,FALSE,FALSE,FALSE,Clear,,FALSE,Road 1: 96 SHADYWOOD CR. (50 km/h); Road 2: SHADYWOOD CR.; Distance: 15.0 M S; Vehicle #1     Make: FORD     Model: EPR     Colour: GRY     Style: TY,3/26/2021 11:53:07 AM,540149.5485,4808611.258
48694,19002910,1/4/2019 8:26:00 PM,2019,1,4,20,26,0,Friday,545834.149,4802617.183,-80.434227,43.375031,At intersection,2,P.D. only,Within intersection,unknown,unknown,Angle,Unknown,Dark,07 - Dark,Municipal (excl. Twp. Rd.),unknown,Functioning,0,0,0,FALSE,FALSE,FALSE,Clear,,FALSE,Road 1: DOON SOUTH DR (50 km/h); Road 2: THOMAS SLEE DR (50 km/h); Vehicle #1     Make: HYUN     Model: ESM     Colour: GRY     Style: 4D; Vehicle #2     Make: KIA     Model: OPTI     Colour: GRY     Style: PAS,4/9/2021 4:28:11 PM,545834.149,4802617.183
48695,19003274,1/4/2019 7:00:00 PM,2019,1,4,19,0,0,Friday,540982.8136,4811065.423,-80.493475,43.45138,At intersection,2,P.D. only,Within intersection,unknown,unknown,Turning movement,Unknown,Dark,07 - Dark,Municipal (excl. Twp. Rd.),unknown,Functioning,0,0,0,FALSE,FALSE,FALSE,Clear,,FALSE,Road 1: KING ST W (50 km/h); Road 2: COLLEGE ST (50 km/h); Vehicle #1     Make: NISS     Model: VNR     Colour: BLK     Style: 4B; Vehicle #2     Make: CHEV     Model: BSS     Colour: BLK     Style: 4D,4/27/2022 10:38:52 AM,540982.8136,4811065.423
48696,19003429,1/5/2019 1:20:00 PM,2019,1,5,13,20,0,Saturday,543761.6986,4807836.26,-80.45939,43.422147,At/near private drive,2,P.D. only,Not on roadway - right side,unknown,unknown,Angle,Unknown,Daylight,01 - Daylight,Municipal (excl. Twp. Rd.),No control,unknown,0,0,0,FALSE,TRUE,FALSE,Clear,,FALSE,Road 1: SHELLEY DR (50 km/h); Road 2: COURTLAND AVE E; Distance: 85.0 M N; Vehicle #1     Make: HOND     Model: CRV     Colour: GRY     Style: 4W; Vehicle #2     Make:      Model: BICY     Colour:      Style:,4/9/2021 4:29:15 PM,543761.6986,4807836.26
48697,19003555,1/5/2019 4:19:00 PM,2019,1,5,16,19,0,Saturday,545483.6349,4804349.33,-80.438409,43.390649,At intersection,2,Non-reportable,Within intersection,unknown,unknown,SMV other,Unknown,"Daylight, artificial","02 - Daylight, artificial",Municipal (excl. Twp. Rd.),Stop sign,Functioning,0,0,0,FALSE,FALSE,FALSE,Clear,,FALSE,Road 1: DOON VILLAGE RD (50 km/h); Road 2: ANVIL ST (50 km/h); Vehicle #1     Make: FORD     Model: COF     Colour: WHI     Style: PK,4/9/2021 4:28:24 PM,545483.6349,4804349.331
48698,19003632,1/5/2019 6:30:00 PM,2019,1,5,18,30,0,Saturday,543120.4695,4806548.97,-80.467413,43.410594,Non intersection,2,P.D. only,Thru lane,unknown,unknown,SMV unattended vehicle,Unknown,Dark,07 - Dark,Municipal (excl. Twp. Rd.),No control,unknown,1,0,0,FALSE,FALSE,FALSE,Clear,,FALSE,Road 1: 160 CENTURY HILL DR (50 km/h); Road 2: CENTURY HILL DR; Distance: 20.0 M N; Vehicle #1     Make: CHEV     Model: CAL     Colour: WHI     Style: PK; Vehicle #2     Make: VOLK     Model: CJS     Colour: GRY     Style: 4D; Vehicle #3     Make: FORD  ,4/9/2021 4:25:30 PM,543120.4695,4806548.97
48699,19003679,1/5/2019 7:23:00 PM,2019,1,5,19,23,0,Saturday,545855.612,4807129.562,-80.433583,43.415659,At intersection,2,P.D. only,Within intersection,unknown,unknown,Angle,Unknown,Dark,07 - Dark,Municipal (excl. Twp. Rd.),unknown,Functioning,0,0,0,FALSE,FALSE,FALSE,Clear,,FALSE,Road 1: HIDDEN VALLEY RD (50 km/h); Road 2: WABANAKI DR (50 km/h); Vehicle #1     Make: HOND     Model: CRV     Colour: RED     Style: 4W; Vehicle #2     Make: NISS     Model: PFI     Colour: SIL     Style: TY,4/9/2021 4:28:22 PM,545855.612,4807129.562
48700,19004705,1/7/2019 6:30:00 AM,2019,1,7,6,30,0,Monday,546113.0596,4804413.037,-80.430633,43.391184,At/near private drive,2,P.D. only,Thru lane,unknown,unknown,SMV other,Unknown,Dark,07 - Dark,Municipal (excl. Twp. Rd.),No control,unknown,1,0,0,FALSE,FALSE,FALSE,Clear,,FALSE,Road 1: 170 OLD CARRIAGE DR (50 km/h); Road 2: OLD CARRIAGE DR; Distance: 1.0 M S; Vehicle #1     Make: BMW     Model: 28X     Colour: GRY     Style: 4D,4/9/2021 4:29:23 PM,546113.0596,4804413.037
48701,19005087,1/7/2019 2:30:00 PM,2019,1,7,14,30,0,Monday,542488.8838,4811127.425,-80.474857,43.451854,At intersection,2,P.D. only,Within intersection,unknown,unknown,Angle,Unknown,Daylight,01 - Daylight,Municipal (excl. Twp. Rd.),Stop sign,Functioning,0,0,0,FALSE,FALSE,FALSE,Clear,,FALSE,Road 1: KRUG ST (50 km/h); Road 2: LYDIA ST (50 km/h); Vehicle #1     Make: HOND     Model: UDY     Colour: SIL     Style: TY; Vehicle #2     Make: HOND     Model: UCL     Colour: WHI     Style: 4D,4/9/2021 4:28:03 PM,542488.8838,4811127.425
48702,19005116,1/7/2019 4:13:00 PM,2019,1,7,16,13,0,Monday,547448.3822,4810632.706,-80.413606,43.447102,At/near private drive,2,P.D. only,Right shoulder,unknown,unknown,SMV unattended vehicle,Unknown,Daylight,01 - Daylight,Municipal (excl. Twp. Rd.),No control,unknown,0,0,0,FALSE,FALSE,FALSE,Clear,,FALSE,Road 1: 82 COUNTRY CLAIR ST (50 km/h); Road 2: COUNTRY CLAIR ST; Distance: 1.0 M S; Vehicle #1     Make: INTL     Model: PB1     Colour: YEL     Style: BU; Vehicle #2     Make: ACUR     Model: CCS     Colour: WHI     Style: 4D,4/9/2021 4:29:17 PM,547448.3822,4810632.706
48703,19005145,1/7/2019 4:45:00 PM,2019,1,7,16,45,0,Monday,545464.8691,4804361.86,-80.43864,43.390763,Non intersection,2,P.D. only,Other,unknown,unknown,SMV other,Unknown,Dusk,05 - Dusk,Municipal (excl. Twp. Rd.),No control,unknown,0,0,0,FALSE,FALSE,FALSE,Clear,,FALSE,Road 1: DOON VILLAGE RD (50 km/h); Road 2: ANVIL ST; Distance: 20.0 M N; Vehicle #1     Make: FORD     Model: EPR     Colour: GRY     Style: TY,3/26/2021 11:53:24 AM,545464.8691,4804361.86
48704,19005721,1/7/2019 1:00:00 PM,2019,1,7,13,0,0,Monday,539880.5817,4806005.831,-80.507468,43.405883,At/near private drive,2,P.D. only,Thru lane,unknown,unknown,Other,Unknown,Daylight,01 - Daylight,Regional municipality,No control,unknown,1,0,0,FALSE,FALSE,FALSE,Snow,,TRUE,Road 1: 152 COTTON GRASS ST (50 km/h); Road 2: COTTON GRASS ST; Vehicle #1     Make: FORD     Model: FE     Colour: BLK     Style: 4D; Vehicle #2     Make: FORD     Model: SPE     Colour: BLK     Style: TY,4/9/2021 4:29:05 PM,539880.5817,4806005.831
48705,19006016,1/8/2019 4:30:00 PM,2019,1,8,16,30,0,Tuesday,544917.7004,4804865.309,-80.445354,43.395329,At/near private drive,1,Non-fatal injury,Thru lane,unknown,unknown,Rear end,Unknown,Daylight,01 - Daylight,Municipal (excl. Twp. Rd.),No control,unknown,1,0,0,FALSE,FALSE,FALSE,Rain,,TRUE,Road 1: 450 PIONEER DR (50 km/h); Road 2: PIONEER DR; Vehicle #1     Make: HOND     Model: CCL     Colour: WHI     Style: 4D; Vehicle #2     Make: HYUN     Model: SFT     Colour: GRY     Style: TY,4/9/2021 4:29:06 PM,544917.7004,4804865.309