OBJECTID,ACCIDENTNUM,ACCIDENTDATE,ACCIDENT_YEAR,ACCIDENT_MONTH,ACCIDENT_DAY,ACCIDENT_HOUR,ACCIDENT_MINUTE,ACCIDENT_SECOND,ACCIDENT_WEEKDAY,XCOORD,YCOORD,LONGITUDE,LATITUDE,ACCIDENTLOCATION,COLLISIONTYPE,CLASSIFICATIONOFACCIDENT,IMPACTLOCATION,INITIALDIRECTIONOFTRAVELONE,INITIALDIRECTIONOFTRAVELTWO,INITIALIMPACTTYPE,INTTRAFFICCONTROL,LIGHT,LIGHTFORREPORT,ROADJURISDICTION,TRAFFICCONTROL,TRAFFICCONTROLCONDITION,THRULANENO,NORTHBOUNDDISOBEYCOUNT,SOUTHBOUNDDISOBEYCOUNT,PEDESTRIANINVOLVED,CYCLISTINVOLVED,MOTORCYCLISTINVOLVED,ENVIRONMENTCONDITION1,ENVIRONMENTCONDITION2,SELFREPORTED,XMLIMPORTNOTES,LASTEDITEDDATE,x,y
48706,19006643,1/1/2019 3:00:00 PM,2019,1,1,15,0,0,Tuesday,538987.6172,4807420.257,-80.518395,43.418665,At/near private drive,2,P.D. only,Thru lane,unknown,unknown,SMV unattended vehicle,Unknown,Daylight,01 - Daylight,Municipal (excl. Twp. Rd.),No control,unknown,1,0,0,FALSE,FALSE,FALSE,Clear,,TRUE,Road 1: 51 GLEN AVON CRES (50 km/h); Road 2: GLEN AVON CRES; Vehicle #1     Make: CHEV     Model: MAL     Colour:      Style: 4D; Vehicle #2     Make: CHEV     Model: TRL     Colour: GRY     Style: TY,4/9/2021 4:29:12 PM,538987.6172,4807420.257
48707,19006828,1/9/2019 4:17:00 PM,2019,1,9,16,17,0,Wednesday,548239.1363,4804558.932,-80.40437,43.392364,At/near private drive,2,P.D. only,Thru lane,unknown,unknown,Angle,Unknown,Dusk,05 - Dusk,Regional municipality,No control,unknown,1,0,0,FALSE,FALSE,FALSE,Snow,,FALSE,Road 1: 299 DOON VALLEY DR (50 km/h); Road 2: DOON VALLEY DR; Distance: 1.0 M E; Vehicle #1     Make: MAZD     Model: 3TR     Colour: BLU     Style: 4D; Vehicle #2     Make: JEEP     Model: CHK     Colour: GRY     Style: TY,4/9/2021 4:29:04 PM,548239.1363,4804558.932
48708,19007269,1/9/2019 9:00:00 AM,2019,1,9,9,0,0,Wednesday,540174.9617,4809411.659,-80.503582,43.436533,Intersection related,2,P.D. only,Thru lane,unknown,unknown,Rear end,Unknown,Daylight,01 - Daylight,Municipal (excl. Twp. Rd.),Traffic signal,Functioning,1,0,0,FALSE,FALSE,FALSE,Clear,,TRUE,Road 1: BELMONT AVE E (50 km/h); Road 2: QUEENS BLVD (50 km/h); Vehicle #1     Make: DODG     Model: JOU     Colour: RED     Style: TY; Vehicle #2     Make: DODG     Model: RPC     Colour: RED     Style: PK,4/9/2021 4:26:59 PM,540174.9617,4809411.659
48709,19007271,1/10/2019 9:10:00 AM,2019,1,10,9,10,0,Thursday,541748.3112,4813072.279,-80.483861,43.469408,At/near private drive,2,P.D. only,Thru lane,unknown,unknown,Other,Unknown,Daylight,01 - Daylight,Municipal (excl. Twp. Rd.),No control,unknown,1,0,0,FALSE,FALSE,FALSE,Clear,,FALSE,Road 1: 11 ASH ST (50 km/h); Road 2: ASH ST; Distance: 1.0 M N; Vehicle #1     Make: HYUN     Model: ETG     Colour: GRY     Style: 4B; Vehicle #2     Make: DODG     Model: RPC     Colour: WHI     Style: CT,4/9/2021 4:29:13 PM,541748.3112,4813072.279
48710,19007334,1/10/2019 9:20:00 AM,2019,1,10,9,20,0,Thursday,544611.222,4809092.38,-80.448793,43.433407,At intersection,2,P.D. only,Within intersection,unknown,unknown,Sideswipe,Unknown,Daylight,01 - Daylight,Municipal (excl. Twp. Rd.),Traffic signal,Functioning,0,0,0,FALSE,FALSE,FALSE,Snow,,TRUE,Road 1: FRANKLIN ST S (50 km/h); Road 2: KINGSWAY DR (50 km/h); Vehicle #1     Make: HYUN     Model: SFT     Colour: SIL     Style: TY; Vehicle #2     Make: HYUN     Model: CFE     Colour: SIL     Style: TY,4/9/2021 4:28:09 PM,544611.222,4809092.38
48711,19007469,1/10/2019 9:30:00 AM,2019,1,10,9,30,0,Thursday,539174.7373,4810914.68,-80.515832,43.45012,At/near private drive,2,P.D. only,Thru lane,unknown,unknown,Other,Unknown,Daylight,01 - Daylight,Municipal (excl. Twp. Rd.),No control,unknown,2,0,0,FALSE,FALSE,FALSE,Clear,,FALSE,Road 1: 564 BELMONT AVE W (50 km/h); Road 2: BELMONT AVE W; Distance: 0.0 M E; Vehicle #1     Make: CHEV     Model: EQU     Colour: BRN     Style: TY; Vehicle #2     Make: LINC     Model: MSA     Colour: BLK     Style: 4D,4/9/2021 4:29:08 PM,539174.7373,4810914.68
48712,19007632,1/10/2019 4:11:00 PM,2019,1,10,16,11,0,Thursday,541751.154,4806103.815,-80.484359,43.406663,At intersection,2,P.D. only,Within intersection,unknown,unknown,Sideswipe,Unknown,Daylight,01 - Daylight,Municipal (excl. Twp. Rd.),Stop sign,Functioning,0,0,0,FALSE,FALSE,FALSE,Clear,,FALSE,Road 1: THE COUNTRY WAY (40 km/h); Road 2: NICHOLE CRES (50 km/h); Vehicle #1     Make: FORD     Model: TST     Colour: WHI     Style: FV; Vehicle #2     Make: FORD     Model: FE     Colour: BLK     Style: 4D,4/9/2021 4:28:02 PM,541751.154,4806103.815
48713,19007903,1/10/2019 10:06:00 PM,2019,1,10,22,6,0,Thursday,541670.12,4803583.3,-80.485552,43.383973,Non intersection,2,P.D. only,Right shoulder,unknown,unknown,SMV unattended vehicle,Unknown,Dark,07 - Dark,Municipal (excl. Twp. Rd.),No control,unknown,0,0,0,FALSE,FALSE,FALSE,Clear,,FALSE,Road 1: FRANKFURT ST (50 km/h); Road 2: 23 FRANKFURT ST; Distance: 1.0 M S; Vehicle #1     Make: PETE     Model:      Colour:      Style: ; Vehicle #2     Make: HYUN     Model: GN2     Colour: GRY     Style: 2D,4/9/2021 4:25:29 PM,541670.12,4803583.3
48714,19008000,1/11/2019 1:09:00 AM,2019,1,11,1,9,0,Friday,542403.6336,4803764.733,-80.476482,43.385565,Non intersection,2,P.D. only,Thru lane,unknown,unknown,SMV other,Unknown,Dark,07 - Dark,Municipal (excl. Twp. Rd.),No control,unknown,1,0,0,FALSE,FALSE,TRUE,Clear,,FALSE,Road 1: 731 HURON RD (60 km/h); Road 2: HURON RD; Distance: 1.0 M W; Vehicle #1     Make: HOND     Model: VCA     Colour: GRY     Style: MS,4/9/2021 4:25:29 PM,542403.6336,4803764.733
48715,19008158,1/11/2019 7:38:00 AM,2019,1,11,7,38,0,Friday,540288.8566,4809881.617,-80.50214,43.440759,At/near private drive,2,P.D. only,Thru lane,unknown,unknown,SMV unattended vehicle,Unknown,Dawn,03 - Dawn,Municipal (excl. Twp. Rd.),No control,unknown,1,0,0,FALSE,FALSE,FALSE,Clear,,TRUE,Road 1: 58 VANCAMP AVE (50 km/h); Road 2: VANCAMP AVE; Vehicle #1     Make: DODG     Model: CAR     Colour: WHI     Style: VN; Vehicle #2     Make: LEXS     Model: E33     Colour: GRY     Style: 4D,4/9/2021 4:29:10 PM,540288.8566,4809881.617
48716,19008489,1/11/2019 4:14:00 PM,2019,1,11,16,14,0,Friday,545035.6451,4807866.014,-80.443651,43.42234,At intersection,1,Non-fatal injury,Within intersection,unknown,unknown,SMV other,Unknown,Daylight,01 - Daylight,Municipal (excl. Twp. Rd.),Traffic signal,Functioning,0,0,0,TRUE,FALSE,FALSE,Clear,,FALSE,Road 1: KINGSWAY DR (50 km/h); Road 2: WILSON AVE (50 km/h); Vehicle #1     Make: NISS     Model: SBL     Colour: RED     Style: 4D,4/9/2021 4:28:02 PM,545035.6451,4807866.014
48717,19008591,1/11/2019 6:48:00 PM,2019,1,11,18,48,0,Friday,545907.8346,4809344.005,-80.432752,43.435595,At intersection,2,Non-reportable,Within intersection,unknown,unknown,Angle,Unknown,Dark,07 - Dark,Municipal (excl. Twp. Rd.),unknown,Functioning,0,0,0,FALSE,FALSE,FALSE,Clear,,FALSE,Road 1: KINZIE AVE (50 km/h); Road 2: THALER AVE (50 km/h); Vehicle #1     Make: HYUN     Model: SAN     Colour: RED     Style: TY; Vehicle #2     Make: FORD     Model: SPE     Colour: BLK     Style: TY,4/9/2021 4:28:20 PM,545907.8346,4809344.005
48718,19009018,1/12/2019 9:55:00 AM,2019,1,12,9,55,0,Saturday,541144.6254,4812021.965,-80.491403,43.459984,Other,2,Non-reportable,Off highway,unknown,unknown,SMV other,Unknown,Daylight,01 - Daylight,Municipal (excl. Twp. Rd.),No control,unknown,0,0,0,FALSE,FALSE,FALSE,Clear,,TRUE,Road 1: MARGARET AVE; Road 2: 147 MARGARET AVE; Vehicle #1     Make: HYUN     Model: PGS     Colour: RED     Style: 4D,4/9/2021 4:30:18 PM,541144.6254,4812021.965
48719,19009030,1/10/2019 3:45:00 PM,2019,1,10,15,45,0,Thursday,540366.4858,4806368.177,-80.50144,43.409119,At/near private drive,2,P.D. only,Thru lane,unknown,unknown,SMV unattended vehicle,Unknown,Daylight,01 - Daylight,Municipal (excl. Twp. Rd.),No control,unknown,1,0,0,FALSE,FALSE,FALSE,Clear,,TRUE,Road 1: 504 HIGHBROOK CRT (50 km/h); Road 2: HIGHBROOK CRT; Vehicle #1     Make: TOYT     Model: CEN     Colour: WHI     Style: TY; Vehicle #2     Make: NISS     Model: SBL     Colour: SIL     Style: 4D,4/9/2021 4:29:10 PM,540366.4858,4806368.177
48720,19009049,1/12/2019 10:00:00 AM,2019,1,12,10,0,0,Saturday,538134.2994,4807508.447,-80.528929,43.419503,Intersection related,2,P.D. only,Thru lane,unknown,unknown,Rear end,Unknown,Daylight,01 - Daylight,Municipal (excl. Twp. Rd.),Stop sign,unknown,1,0,0,FALSE,FALSE,FALSE,Clear,,TRUE,Road 1: MCGARRY DR (50 km/h); Road 2: ROYAL ORCHARD DR (50 km/h); Vehicle #1     Make: HOND     Model: AXL     Colour: GRY     Style: 4D; Vehicle #2     Make: MAZD     Model: M3S     Colour: GRY     Style: 4D,4/9/2021 4:27:00 PM,538134.2994,4807508.447
48721,19009115,1/11/2019 1:30:00 PM,2019,1,11,13,30,0,Friday,543939.0229,4804979.105,-80.457429,43.396411,At/near private drive,2,P.D. only,Thru lane,unknown,unknown,Other,Unknown,Daylight,01 - Daylight,Municipal (excl. Twp. Rd.),No control,unknown,1,0,0,FALSE,FALSE,FALSE,Clear,,TRUE,Road 1: 11 CALVERT CLOSE (50 km/h); Road 2: CALVERT CLOSE; Vehicle #1     Make: TOYT     Model: RV4     Colour: GRY     Style: TY; Vehicle #2     Make: NISS     Model: CXT     Colour: BLK     Style: TY,4/9/2021 4:29:08 PM,543939.0229,4804979.106
48722,19010004,1/13/2019 9:15:00 AM,2019,1,13,9,15,0,Sunday,541019.0966,4809678.409,-80.493131,43.438889,Intersection related,1,Non-fatal injury,Thru lane,unknown,unknown,Rear end,Unknown,Daylight,01 - Daylight,Municipal (excl. Twp. Rd.),Traffic signal,Functioning,1,0,0,FALSE,FALSE,FALSE,Clear,,FALSE,Road 1: HIGHLAND RD E (50 km/h); Road 2: SPADINA RD E (50 km/h); Vehicle #1     Make: CHEV     Model: CZT     Colour: RED     Style: 4D; Vehicle #2     Make: MAZD     Model: 3TR     Colour: BLU     Style: 4B,4/9/2021 4:27:15 PM,541019.0966,4809678.409
48723,19010720,1/14/2019 1:10:00 PM,2019,1,14,13,10,0,Monday,541636.1545,4811414.255,-80.485374,43.454485,Intersection related,1,Non-fatal injury,Thru lane,unknown,unknown,Rear end,Unknown,Daylight,01 - Daylight,Municipal (excl. Twp. Rd.),Traffic signal,Functioning,1,0,0,FALSE,FALSE,FALSE,Clear,,FALSE,Road 1: QUEEN ST N (50 km/h); Road 2: OTTO ST (50 km/h); Distance: 5.0 M S; Vehicle #1     Make: GMC     Model: TER     Colour: WHI     Style: TY; Vehicle #2     Make: MERZ     Model: SMA     Colour: SIL     Style: 2D,4/9/2021 4:27:14 PM,541636.1545,4811414.255
48724,19010860,1/14/2019 2:45:00 PM,2019,1,14,14,45,0,Monday,543106.6872,4804748.646,-80.467725,43.394384,Non intersection,1,Non-fatal injury,Thru lane,unknown,unknown,Sideswipe,Unknown,Daylight,01 - Daylight,Municipal (excl. Twp. Rd.),No control,unknown,1,0,0,FALSE,FALSE,FALSE,Clear,,TRUE,Road 1: 1825 STRASBURG RD (50 km/h); Road 2: STRASBURG RD; Vehicle #1     Make: TOYT     Model: CTR     Colour: WHI     Style: 4B; Vehicle #2     Make: HOND     Model: CRV     Colour: GRY     Style: TY,4/9/2021 4:25:26 PM,543106.6872,4804748.646
48725,19011806,1/15/2019 4:47:00 PM,2019,1,15,16,47,0,Tuesday,543073.5003,4812800.394,-80.4675,43.466884,At intersection,2,P.D. only,Within intersection,unknown,unknown,Turning movement,Unknown,Dusk,05 - Dusk,Municipal (excl. Twp. Rd.),unknown,Functioning,0,0,0,FALSE,FALSE,FALSE,Clear,,FALSE,Road 1: WELLINGTON ST N (60 km/h); Road 2: RIVERBEND DR (60 km/h); Distance:  K; Vehicle #1     Make: HOND     Model: UCL     Colour: SIL     Style: 4D; Vehicle #2     Make: TOYT     Model: CUB     Colour: GRY     Style: 4D; Vehicle #3     Make: CHEV     ,4/9/2021 4:28:12 PM,543073.5003,4812800.394
48726,19011859,1/15/2019 4:50:00 PM,2019,1,15,16,50,0,Tuesday,548246.1679,4804558.373,-80.404283,43.392358,At/near private drive,2,P.D. only,Thru lane,unknown,unknown,Angle,Unknown,"Dusk, artificial","06 - Dusk, artificial",Municipal (excl. Twp. Rd.),No control,unknown,1,0,0,FALSE,FALSE,FALSE,Clear,,TRUE,Road 1: 299 CONESTOGA COLLEGE BLVD (50 km/h); Road 2: DOON VALLEY DR; Vehicle #1     Make: TOYT     Model: MTL     Colour: GRY     Style: 4D; Vehicle #2     Make: TOYO     Model: COR     Colour: BRN     Style: 4D,4/9/2021 4:29:05 PM,548246.1679,4804558.373
48727,19011896,1/13/2019 12:45:00 PM,2019,1,13,12,45,0,Sunday,545036.4075,4811250.57,-80.443362,43.452814,At/near private drive,2,P.D. only,Thru lane,unknown,unknown,Other,Unknown,Daylight,01 - Daylight,Municipal (excl. Twp. Rd.),No control,unknown,1,0,0,FALSE,FALSE,FALSE,Clear,,TRUE,Road 1: 109 BRECKENRIDGE DR (50 km/h); Road 2: BRECKENRIDGE DR; Vehicle #1     Make: FORD     Model: FSL     Colour: GRY     Style: VN; Vehicle #2     Make: TOYT     Model: UCS     Colour: RED     Style: 4D,4/9/2021 4:29:09 PM,545036.4075,4811250.57
48728,19012228,1/16/2019 4:06:00 AM,2019,1,16,4,6,0,Wednesday,545877.8626,4808928.595,-80.433157,43.431856,Non intersection,1,Non-fatal injury,Right shoulder,unknown,unknown,SMV other,Unknown,Dark,07 - Dark,Municipal (excl. Twp. Rd.),No control,unknown,0,0,0,FALSE,FALSE,FALSE,Freezing Rain,,FALSE,Road 1: 117 JANSEN AVE (50 km/h); Road 2: JANSEN AVE; Distance: 1.0 M N; Vehicle #1     Make: HYUN     Model: EGM     Colour: WHI     Style: 4D,4/9/2021 4:25:31 PM,545877.8626,4808928.595
48729,19012242,1/16/2019 5:37:00 AM,2019,1,16,5,37,0,Wednesday,540590.3684,4809506.343,-80.498442,43.437363,Non intersection,2,Non-reportable,Not on roadway - left side,unknown,unknown,SMV other,Unknown,Dark,07 - Dark,Municipal (excl. Twp. Rd.),No control,unknown,0,0,0,FALSE,FALSE,FALSE,Freezing Rain,,FALSE,Road 1: 64 PLEASANT AVE (50 km/h); Road 2: PLEASANT AVE; Distance: 10.0 M W; Vehicle #1     Make: VOLK     Model: JBS     Colour: GRY     Style: 4D,4/9/2021 4:25:47 PM,540590.3684,4809506.343
48730,19012252,1/16/2019 6:18:00 AM,2019,1,16,6,18,0,Wednesday,539732.6306,4810959.694,-80.508934,43.450496,At railway crossing,2,Non-reportable,Thru lane,unknown,unknown,SMV other,Unknown,Dark,07 - Dark,Municipal (excl. Twp. Rd.),No control,unknown,1,0,1,FALSE,FALSE,FALSE,Snow,,FALSE,Road 1: STRANGE ST (50 km/h); Road 2: CN RAIL; Distance: 1.0 M W; Vehicle #1     Make: INTL     Model: 70S     Colour: WHI     Style: DP,4/9/2021 4:30:20 PM,539732.6306,4810959.694
48731,19012256,1/16/2019 6:40:00 AM,2019,1,16,6,40,0,Wednesday,542769.7593,4803928.699,-80.471949,43.387021,At intersection,2,P.D. only,Within intersection,unknown,unknown,Angle,Unknown,"Dark, artificial","08 - Dark, artificial",Municipal (excl. Twp. Rd.),Stop sign,Functioning,0,0,0,FALSE,FALSE,FALSE,Freezing Rain,,FALSE,Road 1: CRANSHAW ST (50 km/h); Road 2: BANFFSHIRE ST (50 km/h); Vehicle #1     Make: TRAC     Model: MT^     Colour: YEL     Style: PLO; Vehicle #2     Make: GMC     Model: SIE     Colour: BLK     Style: PK,4/9/2021 4:28:16 PM,542769.7593,4803928.699
48732,19012418,1/16/2019 8:30:00 AM,2019,1,16,8,30,0,Wednesday,536852.1003,4808267.362,-80.544716,43.426401,At intersection,2,P.D. only,Within intersection,unknown,unknown,Angle,Unknown,Daylight,01 - Daylight,Municipal (excl. Twp. Rd.),unknown,Functioning,0,0,0,FALSE,FALSE,FALSE,Snow,,TRUE,Road 1: WESTMEADOW DR (50 km/h); Road 2: WESTFOREST TRAIL (50 km/h); Vehicle #1     Make: MAZD     Model: M3I     Colour: SIL     Style: 4B; Vehicle #2     Make: HYUN     Model: SFT     Colour: BLK     Style: TY,4/9/2021 4:28:17 PM,536852.1003,4808267.362
48733,19012513,1/16/2019 1:22:00 PM,2019,1,16,13,22,0,Wednesday,541226.9591,4811868.475,-80.490397,43.458597,At intersection,1,Non-fatal injury,Within intersection,unknown,unknown,SMV other,Unknown,Daylight,01 - Daylight,Municipal (excl. Twp. Rd.),Traffic signal,Functioning,0,0,0,TRUE,FALSE,FALSE,Clear,,FALSE,Road 1: WELLINGTON ST N (50 km/h); Road 2: MARGARET AVE (50 km/h); Vehicle #1     Make: NISS     Model: VSL     Colour: SIL     Style: 4B,4/9/2021 4:28:22 PM,541226.9591,4811868.475
48734,19012528,1/15/2019 12:30:00 PM,2019,1,15,12,30,0,Tuesday,541839.8016,4805286.279,-80.483327,43.399297,Non intersection,2,P.D. only,Right shoulder,unknown,unknown,SMV other,Unknown,Daylight,01 - Daylight,Municipal (excl. Twp. Rd.),No control,unknown,0,0,0,FALSE,FALSE,FALSE,Clear,,FALSE,Road 1: 815 TRILLIUM DR (50 km/h); Road 2: TRILLIUM DR; Distance: 100.0 M E; Vehicle #1     Make: FORD     Model: TST     Colour: WHI     Style: FV,4/9/2021 4:25:33 PM,541839.8016,4805286.279
48735,19012648,1/16/2019 4:11:00 PM,2019,1,16,16,11,0,Wednesday,547277.2311,4809105.207,-80.415853,43.433359,Non intersection,2,P.D. only,Thru lane,unknown,unknown,SMV unattended vehicle,Unknown,Daylight,01 - Daylight,Municipal (excl. Twp. Rd.),No control,unknown,1,0,0,FALSE,FALSE,FALSE,Clear,,FALSE,Road 1: QUINTE CRES (50 km/h); Road 2: QUINTE CRT; Distance: 68.0 M W; Vehicle #1     Make: TOYT     Model: COR     Colour: GRY     Style: 4D; Vehicle #2     Make: HOND     Model: UDY     Colour: PLE     Style: TY,4/9/2021 4:25:38 PM,547277.2311,4809105.208
48736,19012730,1/16/2019 5:30:00 AM,2019,1,16,5,30,0,Wednesday,545081.2807,4813088.406,-80.442655,43.469359,Non intersection,2,P.D. only,Thru lane,unknown,unknown,SMV other,Unknown,Dark,07 - Dark,Municipal (excl. Twp. Rd.),No control,unknown,1,0,0,FALSE,FALSE,FALSE,Snow,,TRUE,Road 1: 17 SMETANA DR (50 km/h); Road 2: SMETANA DR; Vehicle #1     Make: MITS     Model: OUT     Colour: BLK     Style: TY,4/9/2021 4:25:33 PM,545081.2807,4813088.406
48737,19012774,1/16/2019 8:08:00 AM,2019,1,16,8,8,0,Wednesday,539532.7698,4810110.744,-80.511466,43.442862,Non intersection,2,P.D. only,Thru lane,unknown,unknown,Sideswipe,Unknown,Daylight,01 - Daylight,Municipal (excl. Twp. Rd.),No control,unknown,2,0,0,FALSE,FALSE,FALSE,Snow,,TRUE,Road 1: 297 BELMONT AVE W (50 km/h); Road 2: BELMONT AVE W; Vehicle #1     Make:      Model:      Colour:      Style: ; Vehicle #2     Make: HYUN     Model: TUC     Colour: GRY     Style: TY,4/9/2021 4:25:25 PM,539532.7698,4810110.744
48738,19013165,1/17/2019 12:05:00 AM,2019,1,17,0,5,0,Thursday,541465.9938,4808998.26,-80.487661,43.432741,Non intersection,2,P.D. only,Thru lane,unknown,unknown,SMV unattended vehicle,Unknown,"Dark, artificial","08 - Dark, artificial",Municipal (excl. Twp. Rd.),No control,unknown,1,0,0,FALSE,FALSE,FALSE,Clear,,TRUE,Road 1: 16 SOUTHDALE AVE (50 km/h); Road 2: SOUTHDALE AVE; Vehicle #1     Make:      Model:      Colour:      Style: ; Vehicle #2     Make: ACUR     Model: CCS     Colour: SIL     Style: 4D,4/9/2021 4:25:34 PM,541465.9938,4808998.26
48739,19013735,1/17/2019 10:05:00 PM,2019,1,17,22,5,0,Thursday,542314.0026,4810287.679,-80.477084,43.444303,At intersection,2,P.D. only,Within intersection,unknown,unknown,Angle,Unknown,"Dark, artificial","08 - Dark, artificial",Regional municipality,Traffic signal,Functioning,0,0,0,FALSE,FALSE,FALSE,Snow,,FALSE,Road 1: KING ST E (50 km/h); Road 2: STIRLING AVE N (50 km/h); Vehicle #1     Make: VOLK     Model: PTS     Colour: BLK     Style: 4D; Vehicle #2     Make: CHEV     Model: MAL     Colour: GRN     Style: 4D,4/9/2021 4:28:15 PM,542314.0026,4810287.679
48740,19013936,1/18/2019 8:00:00 AM,2019,1,18,8,0,0,Friday,545924.3743,4812085.504,-80.432317,43.460278,At/near private drive,2,P.D. only,Not on roadway - left side,unknown,unknown,SMV other,Unknown,Daylight,01 - Daylight,Municipal (excl. Twp. Rd.),No control,unknown,0,0,0,FALSE,FALSE,FALSE,Clear,,FALSE,Road 1: 46 ROSE GARDEN ST (50 km/h); Road 2: ROSE GARDEN ST; Distance: 20.0 M W; Vehicle #1     Make: HYUN     Model: GN4     Colour: GRY     Style: 4D,4/9/2021 4:29:23 PM,545924.3743,4812085.504
48741,19014015,1/18/2019 9:30:00 AM,2019,1,18,9,30,0,Friday,541954.3582,4815744.365,-80.481108,43.493455,At intersection,2,P.D. only,Within intersection,unknown,unknown,Angle,Unknown,Daylight,01 - Daylight,Municipal (excl. Twp. Rd.),Stop sign,Functioning,0,0,0,FALSE,FALSE,FALSE,Clear,,FALSE,Road 1: WOOLWICH ST (50 km/h); Road 2: FALCONRIDGE DR (50 km/h); Vehicle #1     Make: RAM     Model: RTR     Colour: BLK     Style: CW; Vehicle #2     Make: NISS     Model: ROG     Colour: RED     Style: 4W,4/9/2021 4:28:23 PM,541954.3582,4815744.365
48742,19014365,1/18/2019 4:12:00 PM,2019,1,18,16,12,0,Friday,545877.8846,4802790.408,-80.433672,43.376588,At intersection,2,Non-reportable,Within intersection,unknown,unknown,Angle,Unknown,Daylight,01 - Daylight,Municipal (excl. Twp. Rd.),Stop sign,Functioning,0,0,0,FALSE,FALSE,FALSE,Clear,,FALSE,Road 1: DOON SOUTH DR (50 km/h); Road 2: CRANBROOK ST (50 km/h); Vehicle #1     Make: HYUN     Model: ASE     Colour: GRY     Style: 4D; Vehicle #2     Make: DODG     Model: DUR     Colour: RED     Style: TY,4/9/2021 4:28:01 PM,545877.8846,4802790.408
48743,19014460,1/18/2019 5:59:00 PM,2019,1,18,17,59,0,Friday,543933.2981,4807652.277,-80.457285,43.420481,Other,2,P.D. only,Off highway,unknown,unknown,SMV other,Unknown,Dark,07 - Dark,Private property,No control,unknown,0,0,0,FALSE,FALSE,FALSE,Clear,,FALSE,Road 1: VANIER DR; Road 2: 553 VANIER; Distance: 20.0 M N; Vehicle #1     Make: DODG     Model: DAK     Colour: BLU     Style: PK,4/9/2021 4:30:19 PM,543933.2981,4807652.277
48744,19014792,1/19/2019 12:38:00 AM,2019,1,19,0,38,0,Saturday,541341.9977,4809273.915,-80.489172,43.43523,Non intersection,2,Non-reportable,Off highway,unknown,unknown,SMV other,Unknown,Dark,07 - Dark,Municipal (excl. Twp. Rd.),No control,unknown,0,0,0,FALSE,FALSE,FALSE,Clear,,FALSE,Road 1: 52 CHARLES BEST PL (50 km/h); Road 2: CHARLES BEST PL; Distance: 4.0 M W; Vehicle #1     Make: PONT     Model:      Colour: RED     Style: 2D,3/26/2021 11:53:27 AM,541341.9977,4809273.915
48745,19015046,1/19/2019 10:53:00 AM,2019,1,19,10,53,0,Saturday,540492.6936,4807838.054,-80.499772,43.422347,At intersection,2,P.D. only,Within intersection,unknown,unknown,SMV other,Unknown,Daylight,01 - Daylight,Municipal (excl. Twp. Rd.),Stop sign,Functioning,0,0,0,FALSE,FALSE,FALSE,Snow,,FALSE,Road 1: CHANDLER DR (50 km/h); Road 2: MOWAT BLVD (50 km/h); Vehicle #1     Make: FORD     Model: FE     Colour: GRY     Style: 4D,4/9/2021 4:28:17 PM,540492.6936,4807838.054
48746,19015048,1/19/2019 10:57:00 PM,2019,1,19,22,57,0,Saturday,547518.8265,4804533.037,-80.413266,43.392176,Non intersection,2,P.D. only,Off highway,unknown,unknown,SMV unattended vehicle,Unknown,"Dark, artificial","08 - Dark, artificial",Municipal (excl. Twp. Rd.),No control,unknown,0,0,0,FALSE,FALSE,FALSE,Snow,,FALSE,Road 1: 23 AMHERST DR (50 km/h); Road 2: AMHERST DR; Distance: 50.0 M S; Vehicle #1     Make:      Model:      Colour:      Style: ; Vehicle #2     Make: TOYT     Model: MTL     Colour: GRY     Style: 4D,4/9/2021 4:25:39 PM,547518.8265,4804533.037
48747,19015090,1/19/2019 11:56:00 AM,2019,1,19,11,56,0,Saturday,542842.1794,4809871.884,-80.470589,43.440529,At intersection,2,P.D. only,Within intersection,unknown,unknown,Angle,Unknown,Daylight,01 - Daylight,Regional municipality,unknown,Functioning,0,1,0,FALSE,FALSE,FALSE,Snow,,FALSE,Road 1: CHARLES ST E (60 km/h); Road 2: SYDNEY ST S (50 km/h); Vehicle #1     Make:      Model:      Colour:      Style: ; Vehicle #2     Make: MERZ     Model: B20     Colour: BLK     Style: 4W,4/27/2022 10:41:05 AM,542842.1794,4809871.884
48748,19015188,1/18/2019 9:00:00 PM,2019,1,18,21,0,0,Friday,542055.659,4806511.738,-80.480567,43.410319,Non intersection,2,P.D. only,Thru lane,unknown,unknown,SMV unattended vehicle,Unknown,"Dark, artificial","08 - Dark, artificial",Municipal (excl. Twp. Rd.),No control,unknown,1,0,0,FALSE,FALSE,FALSE,Clear,,TRUE,Road 1: TUERR DR (50 km/h); Road 2: THE COUNTRY WAY; Distance: 50.0 M N; Vehicle #1     Make:      Model:      Colour:      Style: ; Vehicle #2     Make: HYUN     Model: TUC     Colour: SIL     Style: TY,4/9/2021 4:25:38 PM,542055.659,4806511.738