OBJECTID,ACCIDENTNUM,ACCIDENTDATE,ACCIDENT_YEAR,ACCIDENT_MONTH,ACCIDENT_DAY,ACCIDENT_HOUR,ACCIDENT_MINUTE,ACCIDENT_SECOND,ACCIDENT_WEEKDAY,XCOORD,YCOORD,LONGITUDE,LATITUDE,ACCIDENTLOCATION,COLLISIONTYPE,CLASSIFICATIONOFACCIDENT,IMPACTLOCATION,INITIALDIRECTIONOFTRAVELONE,INITIALDIRECTIONOFTRAVELTWO,INITIALIMPACTTYPE,INTTRAFFICCONTROL,LIGHT,LIGHTFORREPORT,ROADJURISDICTION,TRAFFICCONTROL,TRAFFICCONTROLCONDITION,THRULANENO,NORTHBOUNDDISOBEYCOUNT,SOUTHBOUNDDISOBEYCOUNT,PEDESTRIANINVOLVED,CYCLISTINVOLVED,MOTORCYCLISTINVOLVED,ENVIRONMENTCONDITION1,ENVIRONMENTCONDITION2,SELFREPORTED,XMLIMPORTNOTES,LASTEDITEDDATE,x,y
48749,19015237,1/19/2019 3:43:00 PM,2019,1,19,15,43,0,Saturday,539079.85,4811110.859,-80.516991,43.451891,At intersection,2,P.D. only,Within intersection,unknown,unknown,Angle,Unknown,Daylight,01 - Daylight,Regional municipality,Traffic signal,Functioning,0,0,0,FALSE,FALSE,FALSE,Snow,,FALSE,Road 1: BELMONT AVE W (50 km/h); Road 2: GLASGOW ST (50 km/h); Vehicle #1     Make: HYUN     Model: SPL     Colour: GRY     Style: 4D; Vehicle #2     Make: VOLK     Model: GTI     Colour: BLK     Style: 4B,4/9/2021 4:28:34 PM,539079.85,4811110.859
48750,19015525,1/19/2019 10:52:00 PM,2019,1,19,22,52,0,Saturday,538664.1189,4806543.224,-80.522453,43.410785,Intersection related,2,P.D. only,Not on roadway - right side,unknown,unknown,SMV other,Unknown,Dark,07 - Dark,Municipal (excl. Twp. Rd.),Traffic signal,Functioning,0,0,0,FALSE,FALSE,FALSE,Snow,,FALSE,Road 1: DAVID BERGEY DR (50 km/h); Road 2: OTTAWA ST S (60 km/h); Vehicle #1     Make: KIA     Model: SOU     Colour: GRY     Style: TY,4/9/2021 4:27:01 PM,538664.1189,4806543.224
48751,19015694,1/20/2019 7:20:00 AM,2019,1,20,7,20,0,Sunday,545100.0024,4807763.775,-80.442864,43.421415,Non intersection,1,Non-fatal injury,Thru lane,unknown,unknown,SMV other,Unknown,Dawn,03 - Dawn,Municipal (excl. Twp. Rd.),No control,unknown,2,0,0,TRUE,FALSE,FALSE,Snow,,FALSE,Road 1: WILSON AVE (50 km/h); Road 2: FAIRWAY RD S; Distance: 38.0 M W; Vehicle #1     Make: HOND     Model: CRV     Colour: SIL     Style: 4W,3/26/2021 11:53:25 AM,545100.0024,4807763.775
48752,19015714,1/20/2019 8:18:00 AM,2019,1,20,8,18,0,Sunday,545348.9417,4806452.78,-80.439898,43.409596,Non intersection,2,P.D. only,Off highway,unknown,unknown,SMV other,Unknown,Daylight,01 - Daylight,Municipal (excl. Twp. Rd.),No control,unknown,0,0,0,FALSE,FALSE,FALSE,Clear,,FALSE,Road 1: 998 WABANAKI DR (50 km/h); Road 2: WILSON AVE; Distance: 75.0 M E; Vehicle #1     Make: VOLK     Model: JES     Colour: WHI     Style: 4D,4/9/2021 4:25:39 PM,545348.9417,4806452.78
48753,19015830,1/20/2019 11:00:00 AM,2019,1,20,11,0,0,Sunday,539467.205,4807813.195,-80.512442,43.422178,At/near private drive,2,P.D. only,Not on roadway - right side,unknown,unknown,SMV other,Unknown,Daylight,01 - Daylight,Municipal (excl. Twp. Rd.),No control,unknown,0,0,0,FALSE,FALSE,FALSE,Snow,,FALSE,Road 1: 525 GREENBROOK DR (50 km/h); Road 2: GREENBROOK DR; Distance: 2.0 K E; Vehicle #1     Make: DODG     Model: CAR     Colour: SIL     Style: VN,4/9/2021 4:29:14 PM,539467.205,4807813.195
48754,19015856,1/20/2019 11:31:00 PM,2019,1,20,23,31,0,Sunday,540991.5439,4812247.612,-80.493279,43.462024,Non intersection,2,P.D. only,Not on roadway - left side,unknown,unknown,SMV other,Unknown,Dark,07 - Dark,Municipal (excl. Twp. Rd.),No control,unknown,0,0,0,FALSE,FALSE,FALSE,Snow,,FALSE,Road 1: 223 MARGARET AVE (50 km/h); Road 2: MARGARET AVE; Distance: 3.0 M W; Vehicle #1     Make: FORD     Model: CVL     Colour:      Style: 4D,4/9/2021 4:25:31 PM,540991.5439,4812247.612
48755,19015986,1/20/2019 2:32:00 PM,2019,1,20,14,32,0,Sunday,540337.2243,4805513.152,-80.501865,43.401422,Intersection related,2,Non-reportable,Not on roadway - right side,unknown,unknown,SMV other,Unknown,Daylight,01 - Daylight,Regional municipality,Stop sign,Functioning,0,0,0,FALSE,FALSE,FALSE,Snow,,FALSE,Road 1: COMMONWEALTH CRES (50 km/h); Road 2: COMMONWEALTH ST (50 km/h); Distance: 1.0 M S; Vehicle #1     Make: DODG     Model: CTX     Colour: WHI     Style: 2D,4/9/2021 4:26:59 PM,540337.2243,4805513.153
48756,19016004,1/20/2019 1:00:00 PM,2019,1,20,13,0,0,Sunday,544563.4253,4808498.47,-80.449432,43.428063,At/near private drive,2,P.D. only,Thru lane,unknown,unknown,SMV unattended vehicle,Unknown,Daylight,01 - Daylight,Municipal (excl. Twp. Rd.),No control,unknown,1,0,0,FALSE,FALSE,FALSE,Clear,,FALSE,Road 1: 172 NINTH AVE (50 km/h); Road 2: NINTH AVE; Distance: 0.0 K S; Vehicle #1     Make: TOYT     Model: TAC     Colour: GRY     Style: PK; Vehicle #2     Make: VOLK     Model: JSA     Colour: GRY     Style: 4D,4/9/2021 4:29:11 PM,544563.4253,4808498.47
48757,19016050,1/19/2019 7:00:00 PM,2019,1,19,19,0,0,Saturday,536573.9806,4807475.702,-80.548205,43.419286,Intersection related,2,P.D. only,Not on roadway - right side,unknown,unknown,SMV other,Unknown,"Dark, artificial","08 - Dark, artificial",Municipal (excl. Twp. Rd.),Stop sign,Functioning,0,0,0,FALSE,FALSE,FALSE,Snow,,TRUE,Road 1: TRADEWINDS PL (50 km/h); Road 2: ROLLING MEADOWS DR (50 km/h); Vehicle #1     Make: NISS     Model: VNR     Colour: BLU     Style: 4B,4/9/2021 4:26:58 PM,536573.9806,4807475.702
48758,19016066,1/20/2019 4:46:00 PM,2019,1,20,16,46,0,Sunday,540794.5034,4809184.115,-80.495943,43.434451,At intersection,2,P.D. only,Within intersection,unknown,unknown,Angle,Stop sign,Dusk,05 - Dusk,Municipal (excl. Twp. Rd.),Stop sign,Functioning,0,0,0,FALSE,FALSE,FALSE,Clear,,FALSE,Road 1: STIRLING AVE S (50 km/h); Road 2: PLEASANT AVE (50 km/h); Distance: 5.0 M S; Vehicle #1     Make: TOYT     Model: MTL     Colour: RED     Style: 4D; Vehicle #2     Make: ACUR     Model: MDX     Colour: WHI     Style: TY,4/9/2021 4:28:09 PM,540794.5034,4809184.116
48759,19016120,1/20/2019 4:45:00 PM,2019,1,20,16,45,0,Sunday,537224.5491,4809361.587,-80.540041,43.436235,Intersection related,2,P.D. only,Right shoulder,unknown,unknown,SMV other,Unknown,Dusk,05 - Dusk,Municipal (excl. Twp. Rd.),Stop sign,Functioning,0,0,0,FALSE,FALSE,FALSE,Snow,,FALSE,Road 1: LYNNVALLEY CRES (50 km/h); Road 2: TRELAWNEY ST (50 km/h); Vehicle #1     Make: CHEV     Model: IMT     Colour: GRY     Style: 4D,4/9/2021 4:27:00 PM,537224.5491,4809361.587
48760,19016575,1/21/2019 9:15:00 AM,2019,1,21,9,15,0,Monday,539057.6933,4809319.706,-80.517393,43.435764,At/near private drive,2,P.D. only,Thru lane,unknown,unknown,Other,Unknown,Daylight,01 - Daylight,Municipal (excl. Twp. Rd.),No control,unknown,1,0,0,FALSE,FALSE,FALSE,Clear,,TRUE,Road 1: 61 HIGHLAND CRES (50 km/h); Road 2: HIGHLAND CRES; Vehicle #1     Make: TOYT     Model: CEN     Colour: BLK     Style: TY; Vehicle #2     Make: NISS     Model: ATS     Colour: BLU     Style: 4D,4/9/2021 4:29:07 PM,539057.6933,4809319.706
48761,19016592,1/21/2019 11:05:00 AM,2019,1,21,11,5,0,Monday,548497.4561,4806561.261,-80.401003,43.410376,At/near private drive,2,P.D. only,Not on roadway - right side,unknown,unknown,Other,Unknown,Daylight,01 - Daylight,Municipal (excl. Twp. Rd.),No control,unknown,0,0,0,FALSE,FALSE,FALSE,Clear,,FALSE,Road 1: 4195 DEER RIDGE DR (50 km/h); Road 2: KING ST E; Distance: 12.0 M S; Vehicle #1     Make: SUBA     Model: STI     Colour: BLU     Style: 4D; Vehicle #2     Make: RAM     Model: RTR     Colour: WHI     Style: CW,4/9/2021 4:29:09 PM,548497.4561,4806561.261
48762,19016632,1/31/2019 11:45:00 AM,2019,1,31,11,45,0,Thursday,544831.9127,4810445.512,-80.445955,43.445578,At intersection,2,P.D. only,Within intersection,unknown,unknown,Angle,Unknown,Daylight,01 - Daylight,Municipal (excl. Twp. Rd.),Stop sign,Functioning,0,0,0,FALSE,FALSE,FALSE,Clear,,FALSE,Road 1: MIDLAND DR (50 km/h); Road 2: BRADLEY DR (50 km/h); Distance:  K; Vehicle #1     Make: VOLK     Model: G37     Colour:      Style: 4DR; Vehicle #2     Make: VOLK     Model: JSA     Colour: GRY     Style: 4D,4/9/2021 4:28:11 PM,544831.9127,4810445.512
48763,19016650,1/31/2019 12:53:00 PM,2019,1,31,12,53,0,Thursday,539662.3595,4808510.717,-80.509981,43.428449,At/near private drive,2,P.D. only,Thru lane,unknown,unknown,SMV unattended vehicle,Unknown,Daylight,01 - Daylight,Municipal (excl. Twp. Rd.),No control,unknown,1,0,0,FALSE,FALSE,FALSE,Clear,,FALSE,Road 1: WARREN RD (50 km/h); Road 2: 177 WARREN RD; Distance: 0.0 K N; Vehicle #1     Make: TOYT     Model: LCW     Colour: WHI     Style: TY; Vehicle #2     Make: GMC     Model: SIE     Colour: BLK     Style: PK,4/9/2021 4:29:10 PM,539662.3595,4808510.717
48764,19017268,1/22/2019 8:40:00 AM,2019,1,22,8,40,0,Tuesday,544116.9913,4811895.93,-80.454673,43.45868,At intersection,2,P.D. only,Within intersection,unknown,unknown,Angle,Unknown,Daylight,01 - Daylight,Regional municipality,unknown,Functioning,0,0,0,FALSE,FALSE,FALSE,Clear,,FALSE,Road 1: RIVER RD E (50 km/h); Road 2: MANCHESTER RD (50 km/h); Vehicle #1     Make: VOLK     Model: JES     Colour: WHI     Style: 4D; Vehicle #2     Make: NFLY     Model: D8D     Colour: WHI     Style: BU,4/9/2021 4:28:18 PM,544116.9913,4811895.93
48765,19017668,1/21/2019 2:50:00 PM,2019,1,21,14,50,0,Monday,539080.7369,4811109.964,-80.51698,43.451883,Intersection related,2,Non-reportable,Thru lane,unknown,unknown,Other,Unknown,Daylight,01 - Daylight,Municipal (excl. Twp. Rd.),Traffic signal,Functioning,0,0,0,FALSE,FALSE,FALSE,Clear,,TRUE,Road 1: BELMONT AVE W; Road 2: GLASGOW ST; Vehicle #1     Make: TOYT     Model: HIG     Colour: WHI     Style: TY; Vehicle #2     Make:      Model:      Colour:      Style:,4/9/2021 4:27:15 PM,539080.7369,4811109.964
48766,19017758,1/22/2019 4:45:00 PM,2019,1,22,16,45,0,Tuesday,542842.6948,4809874.163,-80.470583,43.44055,At intersection,2,P.D. only,Within intersection,unknown,unknown,Angle,Unknown,Dusk,05 - Dusk,Regional municipality,unknown,Functioning,0,0,0,FALSE,FALSE,FALSE,Clear,,TRUE,Road 1: CHARLES ST E; Road 2: SYDNEY ST S; Vehicle #1     Make: NISS     Model: CXT     Colour: BLK     Style: TY; Vehicle #2     Make: TOYT     Model: UXS     Colour: BRN     Style: 4D,4/27/2022 10:41:08 AM,542842.6948,4809874.163
48767,19017791,1/22/2019 4:50:00 PM,2019,1,22,16,50,0,Tuesday,541661.6152,4810409.289,-80.485136,43.445435,At intersection,2,P.D. only,Within intersection,unknown,unknown,Angle,Unknown,Dusk,05 - Dusk,Municipal (excl. Twp. Rd.),unknown,Functioning,0,0,0,FALSE,FALSE,FALSE,Clear,,TRUE,Road 1: CEDAR ST S; Road 2: CHURCH ST; Vehicle #1     Make: PONT     Model: VIB     Colour: WHI     Style: 4B; Vehicle #2     Make: FORD     Model: FE     Colour: GRY     Style: 4D,4/27/2022 10:41:48 AM,541661.6152,4810409.289
48768,19018227,1/23/2019 9:45:00 AM,2019,1,23,9,45,0,Wednesday,544496.5167,4807782.585,-80.450317,43.421621,At/near private drive,2,P.D. only,Off highway,unknown,unknown,Sideswipe,Unknown,Daylight,01 - Daylight,Municipal (excl. Twp. Rd.),No control,unknown,0,0,0,FALSE,FALSE,FALSE,Snow,,TRUE,Road 1: TRAYNOR AVE (IN FRONT OF 249); Vehicle #1     Make: HYUN     Model: TUC     Colour: GRY     Style: TY; Vehicle #2     Make: BUIC     Model: AXS     Colour: BRN     Style: 4D,4/9/2021 4:29:17 PM,544496.5167,4807782.585
48769,19018327,1/23/2019 9:02:00 AM,2019,1,23,9,2,0,Wednesday,542108.4791,4807131.648,-80.479867,43.415898,Intersection related,2,P.D. only,Right turn lane,unknown,unknown,Rear end,Unknown,Daylight,01 - Daylight,Municipal (excl. Twp. Rd.),Traffic signal,Functioning,0,0,0,FALSE,FALSE,FALSE,Snow,,TRUE,Road 1: BLOCK LINE RD; Road 2: STRASBURG RD; Vehicle #1     Make: KIA     Model: SOU     Colour: WHI     Style: TY; Vehicle #2     Make: HYUN     Model: ESE     Colour: BLU     Style: 4D,4/9/2021 4:27:16 PM,542108.4791,4807131.648
48770,19018694,1/23/2019 6:45:00 PM,2019,1,23,18,45,0,Wednesday,539204.8699,4807795.304,-80.515684,43.422031,Non intersection,2,P.D. only,Thru lane,unknown,unknown,Angle,Unknown,Dark,07 - Dark,Municipal (excl. Twp. Rd.),No control,unknown,0,0,0,FALSE,FALSE,FALSE,Freezing Rain,,TRUE,Road 1: 91 UPLANDS DR; Vehicle #1     Make: SUBA     Model: IPR     Colour: BLK     Style: SW; Vehicle #2     Make: CHEV     Model: SIL     Colour: WHI     Style: PK,4/9/2021 4:25:55 PM,539204.8699,4807795.304
48771,19018907,2/23/2019 12:07:00 AM,2019,2,23,0,7,0,Saturday,541096.5252,4812890.843,-80.491933,43.46781,Intersection related,2,P.D. only,Not on roadway - left side,unknown,unknown,SMV other,Unknown,"Dark, artificial","08 - Dark, artificial",Municipal (excl. Twp. Rd.),Stop sign,Functioning,0,0,0,FALSE,FALSE,FALSE,Snow,,FALSE,Road 1: ST LEGER ST (40 km/h); Road 2: PRUETER AVE (40 km/h); Vehicle #1     Make: CHEV     Model: RAX     Colour: RED     Style: TY,4/9/2021 4:26:56 PM,541096.5252,4812890.843
48772,19019175,1/24/2019 8:55:00 AM,2019,1,24,8,55,0,Thursday,537421.1632,4806703.213,-80.537793,43.412289,At/near private drive,2,P.D. only,Thru lane,unknown,unknown,SMV unattended vehicle,Unknown,Daylight,01 - Daylight,Municipal (excl. Twp. Rd.),No control,unknown,0,0,0,FALSE,FALSE,FALSE,Clear,,TRUE,Road 1: 242 DRIFTWOOD DR; Vehicle #1     Make: BUIC     Model: CCU     Colour: GRY     Style: 4D; Vehicle #2     Make: FORD     Model: ESC     Colour: GRN     Style: 4D,4/9/2021 4:29:36 PM,537421.1632,4806703.213
48773,19019196,1/24/2019 8:30:00 AM,2019,1,24,8,30,0,Thursday,545296.2259,4813684.3,-80.439948,43.474712,Non intersection,2,P.D. only,Thru lane,unknown,unknown,Turning movement,Unknown,Daylight,01 - Daylight,Municipal (excl. Twp. Rd.),No control,unknown,0,0,0,FALSE,FALSE,FALSE,Clear,,TRUE,Road 1: SHIRLEY DR KITCHENER ON; Road 2: HESH CRESSCENT; Distance: 65.0 M W; Vehicle #1     Make: NISS     Model: NV2     Colour: WHI     Style: FV; Vehicle #2     Make: JEEP     Model: LIB     Colour: GRY     Style: TY,3/26/2021 11:53:11 AM,545296.2259,4813684.3
48774,19019277,1/24/2019 10:40:00 AM,2019,1,24,10,40,0,Thursday,547853.3553,4804459.787,-80.409142,43.391496,Non intersection,2,P.D. only,Thru lane,unknown,unknown,Rear end,Unknown,Daylight,01 - Daylight,Municipal (excl. Twp. Rd.),No control,unknown,0,0,0,FALSE,FALSE,FALSE,Clear,,TRUE,Road 1: DOON VALLEY DR (IFO 210); Road 2: ORCHARD MILL CRESCENT; Distance: 20.0 M E; Vehicle #1     Make: DODG     Model: CXT     Colour: WHI     Style: 4D; Vehicle #2     Make: SUZI     Model: H3N     Colour: BLU     Style: 4B,3/26/2021 11:53:13 AM,547853.3553,4804459.788
48775,19019482,1/24/2019 3:15:00 PM,2019,1,24,15,15,0,Thursday,539566.8017,4811350.354,-80.510955,43.454022,Non intersection,2,Non-reportable,Right turn lane,unknown,unknown,Sideswipe,Unknown,Daylight,01 - Daylight,Municipal (excl. Twp. Rd.),No control,unknown,0,0,0,FALSE,FALSE,FALSE,Clear,,TRUE,Road 1: GLASGOW ST; Road 2: PARK ST; Vehicle #1     Make: FORD     Model: FMS     Colour: GRY     Style: 4B; Vehicle #2     Make:      Model:      Colour:      Style:,4/9/2021 4:26:02 PM,539566.8017,4811350.354
48776,19019971,1/25/2019 7:00:00 AM,2019,1,25,7,0,0,Friday,546066.1793,4809148.59,-80.430812,43.433826,Non intersection,2,P.D. only,Thru lane,unknown,unknown,SMV unattended vehicle,Unknown,Dark,07 - Dark,Municipal (excl. Twp. Rd.),No control,unknown,0,0,0,FALSE,FALSE,FALSE,Clear,,TRUE,Road 1: 164 THALER AVE; Vehicle #1     Make:      Model:      Colour:      Style: ; Vehicle #2     Make: HOND     Model: AXL     Colour: BLK     Style: 2D,4/9/2021 4:26:08 PM,546066.1793,4809148.59
48777,19019980,1/25/2019 9:15:00 AM,2019,1,25,9,15,0,Friday,537538.3972,4810024.632,-80.536117,43.442189,At/near private drive,2,P.D. only,Thru lane,unknown,unknown,Other,Unknown,Daylight,01 - Daylight,Municipal (excl. Twp. Rd.),No control,unknown,0,0,0,FALSE,FALSE,FALSE,Clear,,TRUE,Road 1: WESTWOOD DR (IFO 313); Road 2: INADALE CT; Distance: 30.0 M E; Vehicle #1     Make: CHEV     Model: SIL     Colour: RED     Style: PK; Vehicle #2     Make: CHEV     Model: CZT     Colour: GRY     Style: 4D,4/9/2021 4:29:41 PM,537538.3972,4810024.632
48778,19020082,1/25/2019 8:15:00 AM,2019,1,25,8,15,0,Friday,548540.141,4806590.262,-80.400473,43.410634,Non intersection,2,P.D. only,Thru lane,unknown,unknown,Rear end,Unknown,Daylight,01 - Daylight,Municipal (excl. Twp. Rd.),No control,unknown,0,0,0,FALSE,FALSE,FALSE,Clear,,TRUE,Road 1: DEER RIDGE DR; Road 2: KING ST E; Vehicle #1     Make: HYUN     Model: ESS     Colour: GRY     Style: 4D; Vehicle #2     Make: TOYT     Model: RV4     Colour: WHI     Style: TY,4/9/2021 4:25:53 PM,548540.141,4806590.262
48779,19020269,1/25/2019 1:15:00 PM,2019,1,25,13,15,0,Friday,539534.7604,4809510.186,-80.511485,43.437455,At/near private drive,2,Non-reportable,Thru lane,unknown,unknown,Angle,Unknown,Daylight,01 - Daylight,Municipal (excl. Twp. Rd.),No control,unknown,0,0,0,FALSE,FALSE,FALSE,Clear,,TRUE,Road 1: 370 HIGHLAND RD W; Vehicle #1     Make: HYUN     Model: EGM     Colour: RED     Style: 4D; Vehicle #2     Make:      Model:      Colour:      Style:,4/27/2022 10:42:44 AM,539534.7604,4809510.186
48780,19020275,1/25/2019 1:50:00 PM,2019,1,25,13,50,0,Friday,541747.415,4810736.127,-80.484051,43.448373,At/near private drive,2,P.D. only,Thru lane,unknown,unknown,Other,Unknown,Daylight,01 - Daylight,Municipal (excl. Twp. Rd.),No control,unknown,0,0,0,FALSE,FALSE,FALSE,Snow,,TRUE,Road 1: EBY ST N; Road 2: MARKET LN; Vehicle #1     Make: HOND     Model: ULX     Colour: RED     Style: 2D; Vehicle #2     Make: DODG     Model: CAR     Colour: BLK     Style: VN,4/9/2021 4:29:43 PM,541747.415,4810736.127
48781,19020290,1/25/2019 12:30:00 PM,2019,1,25,12,30,0,Friday,537917.5403,4810038.458,-80.531431,43.442295,At/near private drive,2,P.D. only,Off highway,unknown,unknown,SMV unattended vehicle,Unknown,Daylight,01 - Daylight,Municipal (excl. Twp. Rd.),No control,unknown,0,0,0,FALSE,FALSE,FALSE,Snow,,TRUE,Road 1: 127 MARKWOOD DR; Vehicle #1     Make: DODG     Model: CHA     Colour: SIL     Style: 4D; Vehicle #2     Make: KIA     Model: CRO     Colour: WHI     Style: 4B,4/9/2021 4:29:47 PM,537917.5403,4810038.459
48782,19020356,1/25/2019 3:45:00 PM,2019,1,25,15,45,0,Friday,541373.2248,4808667.309,-80.488832,43.429766,At/near private drive,2,P.D. only,Thru lane,unknown,unknown,Other,Unknown,Daylight,01 - Daylight,Municipal (excl. Twp. Rd.),No control,unknown,0,0,0,FALSE,FALSE,FALSE,Clear,,TRUE,Road 1: HOFFMAN ST; Road 2: HOMER WATSON BV; Distance: 30.0 M N; Vehicle #1     Make: KIA     Model: SOR     Colour: RED     Style: TY; Vehicle #2     Make: MAZD     Model: M3I     Colour: WHI     Style: 4B,4/9/2021 4:29:48 PM,541373.2248,4808667.309
48783,19020491,1/26/2019 6:25:00 PM,2019,1,26,18,25,0,Saturday,545280.5557,4810744.322,-80.440386,43.448241,At/near private drive,2,P.D. only,Thru lane,unknown,unknown,SMV unattended vehicle,Unknown,"Dark, artificial","08 - Dark, artificial",Municipal (excl. Twp. Rd.),No control,unknown,1,0,0,FALSE,FALSE,FALSE,Snow,,FALSE,Road 1: 60 CONWAY DR (50 km/h); Road 2: CONWAY DR; Distance: 20.0 K E; Vehicle #1     Make: JEEP     Model: GCK     Colour: BLK     Style: TY; Vehicle #2     Make: GMC     Model: SIE     Colour: BLU     Style: PK,4/9/2021 4:29:14 PM,545280.5557,4810744.322
48784,19020523,1/25/2019 7:30:00 PM,2019,1,25,19,30,0,Friday,540217.8958,4805818.975,-80.503316,43.404182,At intersection,2,P.D. only,Within intersection,unknown,unknown,Angle,Unknown,Dark,07 - Dark,Municipal (excl. Twp. Rd.),unknown,Functioning,0,0,0,FALSE,FALSE,FALSE,Snow,,TRUE,Road 1: COMMONWEALTH ST; Road 2: MAX BECKER DR; Vehicle #1     Make: TOYT     Model: MTL     Colour: BLK     Style: 4D; Vehicle #2     Make: FORD     Model: COF     Colour: WHI     Style: PK,4/9/2021 4:28:47 PM,540217.8958,4805818.975
48785,19021078,1/26/2019 1:00:00 PM,2019,1,26,13,0,0,Saturday,546977.5803,4810001.012,-80.419478,43.441444,At/near private drive,2,P.D. only,Right shoulder,unknown,unknown,SMV unattended vehicle,Unknown,Daylight,01 - Daylight,Regional municipality,No control,unknown,0,0,0,FALSE,FALSE,FALSE,Clear,,FALSE,Road 1: 53 BRIARFIELD ST (50 km/h); Road 2: BRIARFIELD ST; Distance: 1.0 M W; Vehicle #1     Make: TOYT     Model: CHB     Colour: SIL     Style: 4D; Vehicle #2     Make: FORD     Model: COF     Colour: BLU     Style: CW,4/9/2021 4:29:15 PM,546977.5803,4810001.012
48786,19021761,1/27/2019 8:45:00 AM,2019,1,27,8,45,0,Sunday,545915.7326,4805543.015,-80.432974,43.40137,Intersection related,2,P.D. only,Thru lane,unknown,unknown,SMV other,Unknown,Daylight,01 - Daylight,Municipal (excl. Twp. Rd.),Stop sign,unknown,0,0,0,FALSE,FALSE,FALSE,Snow,,TRUE,Road 1: HURON RD; Road 2: MILL PARK DR; Vehicle #1     Make: HOND     Model: UAX     Colour: GRN     Style: 4D,4/9/2021 4:27:42 PM,545915.7326,4805543.015
48787,19021871,1/27/2019 3:30:00 PM,2019,1,27,15,30,0,Sunday,540576.0712,4809520.674,-80.498617,43.437493,At intersection,2,P.D. only,Thru lane,unknown,unknown,Approaching,Unknown,Daylight,01 - Daylight,Municipal (excl. Twp. Rd.),Stop sign,Functioning,1,0,0,FALSE,FALSE,FALSE,Clear,,FALSE,Road 1: PLEASANT AVE (50 km/h); Road 2: BINSCARTH RD (50 km/h); Distance: 5.0 M W; Vehicle #1     Make: VOLK     Model: GLF     Colour: SIL     Style: 4B; Vehicle #2     Make: NISS     Model: ATS     Colour: BLK     Style: 4D,4/9/2021 4:28:14 PM,540576.0712,4809520.674
48788,19021979,1/27/2019 6:00:00 PM,2019,1,27,18,0,0,Sunday,546840.4003,4804258.847,-80.421666,43.38975,At intersection,2,P.D. only,Thru lane,unknown,unknown,Rear end,Unknown,Dark,07 - Dark,Municipal (excl. Twp. Rd.),Traffic signal,Functioning,0,0,0,FALSE,FALSE,FALSE,Clear,,TRUE,Road 1: DOON VILLAGE RD; Road 2: DOON S DR; Distance: 10.0 M S; Vehicle #1     Make: STRN     Model: SI2     Colour: BLU     Style: 2D; Vehicle #2     Make: HOND     Model: CRV     Colour: BLU     Style: TY,4/9/2021 4:28:46 PM,546840.4003,4804258.847
48789,19022550,1/28/2019 1:30:00 PM,2019,1,28,13,30,0,Monday,540714.8678,4812606.628,-80.496672,43.465272,Non intersection,2,P.D. only,Right shoulder,unknown,unknown,SMV other,Unknown,Daylight,01 - Daylight,Municipal (excl. Twp. Rd.),No control,unknown,0,0,0,FALSE,FALSE,FALSE,Clear,,TRUE,Road 1: MARGARET AVE; Road 2: HARTWOOD AVE; Distance: 100.0 M E; Vehicle #1     Make: MAZD     Model: TRI     Colour: SIL     Style: TY,4/9/2021 4:26:39 PM,540714.8678,4812606.628
48790,19022599,1/28/2019 2:17:00 PM,2019,1,28,14,17,0,Monday,545035.1994,4807869.6,-80.443656,43.422372,Intersection related,2,Non-reportable,Thru lane,unknown,unknown,Rear end,Unknown,Daylight,01 - Daylight,Municipal (excl. Twp. Rd.),Traffic signal,Functioning,0,0,0,FALSE,FALSE,FALSE,Snow,,TRUE,Road 1: WILSON AVE; Road 2: KINGSWAY DR; Vehicle #1     Make: TOYT     Model: PRI     Colour: BLU     Style: 4B; Vehicle #2     Make:      Model:      Colour:      Style:,4/9/2021 4:27:21 PM,545035.1994,4807869.6
48791,19022645,1/28/2019 10:30:00 AM,2019,1,28,10,30,0,Monday,542414.5572,4816069.672,-80.475391,43.496358,Non intersection,2,P.D. only,Thru lane,unknown,unknown,Other,Unknown,Daylight,01 - Daylight,Municipal (excl. Twp. Rd.),No control,unknown,0,0,0,FALSE,FALSE,FALSE,Clear,,TRUE,Road 1: HAWKSWOOD DR; Road 2: RIVERLINK WAY; Distance: 20.0 M S; Vehicle #1     Make: HYUN     Model: ASE     Colour: GRY     Style: 4B; Vehicle #2     Make: TOYT     Model: RV4     Colour: WHI     Style: TY,4/9/2021 4:26:37 PM,542414.5572,4816069.672
48792,19022688,1/28/2019 5:30:00 PM,2019,1,28,17,30,0,Monday,541140.9787,4806765.391,-80.491845,43.412654,Intersection related,2,P.D. only,Thru lane,unknown,unknown,Rear end,Unknown,Dusk,05 - Dusk,Municipal (excl. Twp. Rd.),unknown,Functioning,0,0,0,FALSE,FALSE,FALSE,Snow,,TRUE,Road 1: BLOCK LINE RD; Road 2: LAURENTIAN DR; Vehicle #1     Make: STRN     Model: SI3     Colour: GRY     Style: 4D; Vehicle #2     Make: DODG     Model: JOU     Colour: ONG     Style: TY,4/9/2021 4:27:42 PM,541140.9787,4806765.391