OBJECTID,ACCIDENTNUM,ACCIDENTDATE,ACCIDENT_YEAR,ACCIDENT_MONTH,ACCIDENT_DAY,ACCIDENT_HOUR,ACCIDENT_MINUTE,ACCIDENT_SECOND,ACCIDENT_WEEKDAY,XCOORD,YCOORD,LONGITUDE,LATITUDE,ACCIDENTLOCATION,COLLISIONTYPE,CLASSIFICATIONOFACCIDENT,IMPACTLOCATION,INITIALDIRECTIONOFTRAVELONE,INITIALDIRECTIONOFTRAVELTWO,INITIALIMPACTTYPE,INTTRAFFICCONTROL,LIGHT,LIGHTFORREPORT,ROADJURISDICTION,TRAFFICCONTROL,TRAFFICCONTROLCONDITION,THRULANENO,NORTHBOUNDDISOBEYCOUNT,SOUTHBOUNDDISOBEYCOUNT,PEDESTRIANINVOLVED,CYCLISTINVOLVED,MOTORCYCLISTINVOLVED,ENVIRONMENTCONDITION1,ENVIRONMENTCONDITION2,SELFREPORTED,XMLIMPORTNOTES,LASTEDITEDDATE,x,y
48793,19022744,1/28/2019 4:35:00 PM,2019,1,28,16,35,0,Monday,545067.6254,4807839.308,-80.443258,43.422098,At railway crossing,2,P.D. only,Thru lane,unknown,unknown,Rear end,Unknown,Daylight,01 - Daylight,Municipal (excl. Twp. Rd.),No control,unknown,0,0,0,FALSE,FALSE,FALSE,Snow,,TRUE,Road 1: WILSON AVE (NEAR RAILWAY CROSSING); Road 2: KINGSWAY DR; Vehicle #1     Make: HYUN     Model: ESM     Colour: BLK     Style: 4D; Vehicle #2     Make: MAZD     Model: 3TR     Colour: RED     Style: 4D,4/9/2021 4:30:16 PM,545067.6254,4807839.308
48794,19023077,1/29/2019 6:30:00 AM,2019,1,29,6,30,0,Tuesday,544571.4751,4813350.532,-80.448936,43.47175,At/near private drive,2,P.D. only,Thru lane,unknown,unknown,Sideswipe,Unknown,"Dark, artificial","08 - Dark, artificial",Municipal (excl. Twp. Rd.),No control,unknown,0,0,0,FALSE,FALSE,FALSE,Clear,,TRUE,Road 1: BINGEMANS CENTRE DR (IFO 460); Road 2: SHIRLEY DR; Distance: 500.0 M W; Vehicle #1     Make: FORD     Model: DRW     Colour: WHI     Style: CB; Vehicle #2     Make: HOND     Model: CRV     Colour: SIL     Style: TY,4/9/2021 4:30:09 PM,544571.4751,4813350.532
48795,19023305,1/28/2019 5:30:00 PM,2019,1,28,17,30,0,Monday,541877.3936,4807412.565,-80.4827,43.41844,Non intersection,2,P.D. only,Thru lane,unknown,unknown,Sideswipe,Unknown,Dusk,05 - Dusk,Municipal (excl. Twp. Rd.),No control,unknown,0,0,0,FALSE,FALSE,FALSE,Snow,,TRUE,Road 1: STRASBURG RD; Road 2: SELKIRK DR; Distance: 30.0 M N; Vehicle #1     Make: DODG     Model: CAR     Colour: BGE     Style: VN; Vehicle #2     Make: HOND     Model: UCD     Colour: SIL     Style: 4D,4/9/2021 4:27:03 PM,541877.3936,4807412.565
48796,19023319,1/28/2019 4:30:00 PM,2019,1,28,16,30,0,Monday,540375.8807,4805919.224,-80.501357,43.405076,At intersection,2,Non-reportable,Thru lane,unknown,unknown,Rear end,Unknown,Daylight,01 - Daylight,Municipal (excl. Twp. Rd.),unknown,unknown,0,0,0,FALSE,FALSE,FALSE,Clear,,TRUE,Road 1: MAX BECKER DR; Road 2: FISCHER-HALLMAN RD; Distance: 5.0 M W; Vehicle #1     Make: TOYT     Model: SIE     Colour: GRY     Style: VN; Vehicle #2     Make: INFI     Model: XTR     Colour: BLU     Style: TY,8/16/2022 3:01:49 PM,540375.8807,4805919.224
48797,19023423,1/29/2019 9:13:00 AM,2019,1,29,9,13,0,Tuesday,543988.4095,4807776.911,-80.456594,43.4216,At intersection,2,P.D. only,Within intersection,unknown,unknown,Angle,Unknown,Daylight,01 - Daylight,Municipal (excl. Twp. Rd.),unknown,Functioning,0,0,0,FALSE,FALSE,FALSE,Clear,,TRUE,Road 1: VANIER DR; Road 2: SIEBERT AVE; Vehicle #1     Make: HYUN     Model: VEL     Colour: WHI     Style: 4D; Vehicle #2     Make:      Model:      Colour:      Style:,4/9/2021 4:28:49 PM,543988.4095,4807776.912
48798,19023439,1/29/2019 3:20:00 PM,2019,1,29,15,20,0,Tuesday,546751.5629,4804934.166,-80.422705,43.395836,Non intersection,2,P.D. only,Thru lane,unknown,unknown,SMV other,Unknown,Daylight,01 - Daylight,Municipal (excl. Twp. Rd.),No control,unknown,0,0,0,FALSE,FALSE,FALSE,Drifting Snow,,TRUE,Road 1: MILL PARK DR; Vehicle #1     Make: SUBA     Model: FOR     Colour: GRN     Style: 4W,4/9/2021 4:26:40 PM,546751.5629,4804934.166
48799,19023489,1/25/2019 8:00:00 AM,2019,1,25,8,0,0,Friday,547391.8023,4810111.768,-80.41435,43.442415,Intersection related,2,P.D. only,Thru lane,unknown,unknown,SMV other,Unknown,Daylight,01 - Daylight,Municipal (excl. Twp. Rd.),Stop sign,unknown,0,0,0,FALSE,FALSE,FALSE,Clear,,TRUE,Road 1: TREMAINE DR; Vehicle #1     Make: JEEP     Model: WUL     Colour: BRN     Style: TY,4/9/2021 4:27:46 PM,547391.8023,4810111.768
48800,19023506,1/29/2019 5:05:00 PM,2019,1,29,17,5,0,Tuesday,542570.6273,4805980.781,-80.474248,43.405509,Intersection related,2,Non-reportable,Thru lane,unknown,unknown,Angle,Unknown,Dusk,05 - Dusk,Municipal (excl. Twp. Rd.),Stop sign,unknown,0,0,0,FALSE,FALSE,FALSE,Snow,,TRUE,Road 1: STRASBURG RD; Road 2: SHOEMAKER ST; Vehicle #1     Make: MAZD     Model: CX5     Colour: GRY     Style: TY; Vehicle #2     Make: HYUN     Model: CAS     Colour: SIL     Style: 2B,4/9/2021 4:27:30 PM,542570.6273,4805980.781
48801,19023513,1/29/2019 5:20:00 PM,2019,1,29,17,20,0,Tuesday,545134.3878,4807616.607,-80.442451,43.420088,Non intersection,2,P.D. only,Thru lane,unknown,unknown,Angle,Unknown,Dusk,05 - Dusk,Municipal (excl. Twp. Rd.),No control,unknown,0,0,0,FALSE,FALSE,FALSE,Clear,,TRUE,Road 1: 509 WILSON AVE (NEAR BABIES R U PARKING ENTRACE); Vehicle #1     Make: VOLK     Model: TIG     Colour: BLU     Style: TY; Vehicle #2     Make: HINO     Model: 338     Colour: WHI     Style: FV,4/9/2021 4:26:33 PM,545134.3878,4807616.607
48802,19023561,1/29/2019 8:10:00 AM,2019,1,29,8,10,0,Tuesday,543391.4777,4804756.32,-80.464208,43.394437,Intersection related,2,Non-reportable,Thru lane,unknown,unknown,Rear end,Unknown,Daylight,01 - Daylight,Municipal (excl. Twp. Rd.),unknown,Functioning,0,0,0,FALSE,FALSE,FALSE,Clear,,TRUE,Road 1: HURON RD; Road 2: TEMPLEWOOD DR; Distance: 5.0 M S; Vehicle #1     Make:      Model:      Colour:      Style: ; Vehicle #2     Make: KIA     Model: SED     Colour: SIL     Style: VN,4/9/2021 4:27:29 PM,543391.4777,4804756.32
48803,19023839,1/30/2019 7:00:00 AM,2019,1,30,7,0,0,Wednesday,546129.0769,4804999.628,-80.430385,43.396464,At intersection,1,Non-fatal injury,Within intersection,unknown,unknown,SMV other,Unknown,Dawn,03 - Dawn,Municipal (excl. Twp. Rd.),Stop sign,Functioning,0,0,0,TRUE,FALSE,FALSE,Clear,,FALSE,Road 1: PIONEER DR (50 km/h); Road 2: GREEN VALLEY DR (50 km/h); Distance:  K; Vehicle #1     Make:      Model: -     Colour:      Style: ; Vehicle #2     Make:      Model: -     Colour:      Style:,4/9/2021 4:28:23 PM,546129.0769,4804999.629
48804,19024073,1/30/2019 10:00:00 AM,2019,1,30,10,0,0,Wednesday,541876.1914,4811808.99,-80.482377,43.458026,At intersection,2,P.D. only,Within intersection,unknown,unknown,Angle,Unknown,Daylight,01 - Daylight,Municipal (excl. Twp. Rd.),unknown,Functioning,0,0,0,FALSE,FALSE,FALSE,Clear,,TRUE,Road 1: LANCASTER ST E; Road 2: QUEEN ST N; Vehicle #1     Make: HYUN     Model: SFT     Colour: WHI     Style: TY; Vehicle #2     Make: HYUN     Model: SHL     Colour: GRY     Style: 4D,8/16/2022 3:03:18 PM,541876.1914,4811808.991
48805,19024157,1/29/2019 6:43:00 PM,2019,1,29,18,43,0,Tuesday,538354.6301,4805449.25,-80.526352,43.400951,Non intersection,2,Non-reportable,Right shoulder,unknown,unknown,SMV unattended vehicle,Unknown,"Dark, artificial","08 - Dark, artificial",Municipal (excl. Twp. Rd.),No control,unknown,0,0,0,FALSE,FALSE,FALSE,Snow,,TRUE,Road 1: GRAVEL RIDGE TRAIL; Road 2: ELIZA AVE; Distance: 120.0 M N; Vehicle #1     Make:      Model:      Colour:      Style: ; Vehicle #2     Make: PONT     Model: GAS     Colour: WHI     Style: 4D,4/9/2021 4:26:19 PM,538354.6301,4805449.25
48806,19024361,1/30/2019 6:10:00 PM,2019,1,30,18,10,0,Wednesday,545851.4161,4809756.511,-80.433415,43.439312,Intersection related,2,P.D. only,Not on roadway - left side,unknown,unknown,Turning movement,Unknown,Dark,07 - Dark,Municipal (excl. Twp. Rd.),Traffic signal,Functioning,0,0,0,FALSE,FALSE,FALSE,Clear,,TRUE,Road 1: RIVER RD E; Road 2: OLD CHICOPEE DR; Vehicle #1     Make:      Model:      Colour:      Style: ; Vehicle #2     Make: FORD     Model: RNG     Colour: BLU     Style: PK,4/9/2021 4:27:29 PM,545851.4161,4809756.511
48807,19024366,1/26/2019 2:15:00 PM,2019,1,26,14,15,0,Saturday,540930.7944,4810828.91,-80.494136,43.449253,Non intersection,2,P.D. only,Thru lane,unknown,unknown,Sideswipe,Unknown,Daylight,01 - Daylight,Municipal (excl. Twp. Rd.),No control,unknown,0,0,0,FALSE,FALSE,FALSE,Clear,,TRUE,Road 1: JOSEPH ST; Road 2: GAUKEL ST; Vehicle #1     Make: HOND     Model: UCL     Colour: SIL     Style: 4D; Vehicle #2     Make:      Model:      Colour:      Style:,4/9/2021 4:26:40 PM,540930.7944,4810828.91
48808,19024735,1/31/2019 8:03:00 AM,2019,1,31,8,3,0,Thursday,543100.2894,4804770.621,-80.467802,43.394583,At/near private drive,2,P.D. only,Left turn lane,unknown,unknown,Sideswipe,Unknown,Daylight,01 - Daylight,Municipal (excl. Twp. Rd.),No control,unknown,0,0,0,FALSE,FALSE,FALSE,Clear,,FALSE,Road 1: 1825 STRASBURG RD (50 km/h); Road 2: STRASBURG RD; Distance: 1.0 M S; Vehicle #1     Make: CHEV     Model: SSC     Colour: BLK     Style: 2D; Vehicle #2     Make: CHEV     Model: VTL     Colour: BLU     Style: 4B,4/9/2021 4:29:07 PM,543100.2894,4804770.621
48809,19024754,1/31/2019 8:32:00 AM,2019,1,31,8,32,0,Thursday,540390.3595,4812517.048,-80.50069,43.464483,At intersection,2,P.D. only,Within intersection,unknown,unknown,Angle,Unknown,Daylight,01 - Daylight,Municipal (excl. Twp. Rd.),Stop sign,Functioning,0,0,0,FALSE,FALSE,FALSE,Clear,,FALSE,Road 1: HARTWOOD AVE (50 km/h); Road 2: ELLIS AVE (50 km/h); Vehicle #1     Make: BMW     Model: MI5     Colour: BLK     Style: 2D; Vehicle #2     Make: PONT     Model: TOR     Colour: BRN     Style: TY,4/9/2021 4:28:13 PM,540390.3595,4812517.048
48810,19024765,1/31/2019 8:30:00 AM,2019,1,31,8,30,0,Thursday,545275.7376,4806435.416,-80.440803,43.409444,Intersection related,2,Non-reportable,Right turn channel,unknown,unknown,Sideswipe,Stop sign,Daylight,01 - Daylight,Municipal (excl. Twp. Rd.),Stop sign,Functioning,0,0,0,FALSE,FALSE,FALSE,Snow,,TRUE,Road 1: WILSON AVE; Road 2: WABANAKI DR; Vehicle #1     Make: TOYT     Model: CTR     Colour: GRY     Style: 4B; Vehicle #2     Make: TOYT     Model: CH4     Colour: GRY     Style: 4D,4/9/2021 4:27:30 PM,545275.7376,4806435.416
48811,19024783,1/31/2019 9:10:00 AM,2019,1,31,9,10,0,Thursday,538902.4989,4811024.061,-80.519189,43.451119,At intersection,2,Non-reportable,Within intersection,unknown,unknown,Angle,Unknown,Daylight,01 - Daylight,Municipal (excl. Twp. Rd.),Stop sign,unknown,0,0,0,FALSE,FALSE,FALSE,Clear,,TRUE,Road 1: GLASGOW ST; Road 2: MARINA RD; Vehicle #1     Make: FORD     Model: SPE     Colour: RED     Style: TY; Vehicle #2     Make:      Model:      Colour:      Style:,4/9/2021 4:28:39 PM,538902.4989,4811024.061
48812,19024788,1/31/2019 9:10:00 AM,2019,1,31,9,10,0,Thursday,545314.9373,4804469.414,-80.440482,43.39174,Intersection related,2,P.D. only,Thru lane,unknown,unknown,Sideswipe,Unknown,Daylight,01 - Daylight,Municipal (excl. Twp. Rd.),unknown,Functioning,0,0,0,FALSE,FALSE,FALSE,Clear,,TRUE,Road 1: BECHTEL DR; Road 2: DOON VILLAGE RD; Vehicle #1     Make: NISS     Model: A2B     Colour: BLK     Style: 4D; Vehicle #2     Make: LEXS     Model: RX5     Colour: GRY     Style: TY,4/9/2021 4:27:27 PM,545314.9373,4804469.414
48813,19024839,1/31/2019 10:20:00 AM,2019,1,31,10,20,0,Thursday,540682.8493,4811615.744,-80.497142,43.456352,At intersection,2,P.D. only,Within intersection,unknown,unknown,Angle,Unknown,Daylight,01 - Daylight,Municipal (excl. Twp. Rd.),unknown,Functioning,0,0,0,FALSE,FALSE,FALSE,Clear,,TRUE,Road 1: WELLINGTON ST N; Road 2: DUKE ST W; Vehicle #1     Make: HOND     Model: UCL     Colour: SIL     Style: 4D; Vehicle #2     Make: GMC     Model: SIE     Colour: RED     Style: PK,4/9/2021 4:28:43 PM,540682.8493,4811615.744
48814,19025521,2/1/2019 9:49:00 PM,2019,2,1,21,49,0,Friday,549012.7024,4806206.943,-80.394671,43.407152,Non intersection,2,Non-reportable,Thru lane,unknown,unknown,Rear end,Unknown,Dark,07 - Dark,Municipal (excl. Twp. Rd.),No control,unknown,0,0,0,FALSE,FALSE,FALSE,Clear,,TRUE,Road 1: SPORTSWORLD DR; Road 2: KING ST E; Distance: 80.0 M N; Vehicle #1     Make: TOYT     Model: RV4     Colour: GRY     Style: TY; Vehicle #2     Make:      Model:      Colour:      Style:,8/16/2022 3:04:30 PM,549012.7024,4806206.943
48815,19025547,2/1/2019 8:00:00 AM,2019,2,1,8,0,0,Friday,547877.214,4806852.702,-80.408638,43.41304,Non intersection,2,P.D. only,Thru lane,unknown,unknown,Other,Unknown,Daylight,01 - Daylight,Municipal (excl. Twp. Rd.),No control,unknown,0,0,0,FALSE,FALSE,FALSE,Clear,,TRUE,Road 1: GRAND HILL DR (@ THE END OF DRIVEWAY FOR 54 GRAND HILL); Road 2: THE KIRKSWAY; Distance: 120.0 M W; Vehicle #1     Make: HOND     Model: CVT     Colour: BLU     Style: 4D; Vehicle #2     Make: JEEP     Model: CMP     Colour: WHI     Style: TY,4/9/2021 4:26:41 PM,547877.214,4806852.702
48816,19025641,2/1/2019 8:55:00 AM,2019,2,1,8,55,0,Friday,540265.6904,4805500.516,-80.502749,43.401312,Non intersection,2,Non-reportable,Thru lane,unknown,unknown,Sideswipe,Unknown,Daylight,01 - Daylight,Municipal (excl. Twp. Rd.),No control,unknown,0,0,0,FALSE,FALSE,FALSE,Clear,,TRUE,Road 1: COMMONWEALTH CRESCENT; Vehicle #1     Make: DODG     Model: CAR     Colour: GRY     Style: VN; Vehicle #2     Make: HYUN     Model: SFT     Colour: GRY     Style: TY,4/9/2021 4:26:11 PM,540265.6904,4805500.516
48817,19025827,2/1/2019 1:30:00 PM,2019,2,1,13,30,0,Friday,545147.4631,4807559.567,-80.442295,43.419574,At/near private drive,2,P.D. only,Thru lane,unknown,unknown,Angle,Unknown,Daylight,01 - Daylight,Municipal (excl. Twp. Rd.),No control,unknown,0,0,0,FALSE,FALSE,FALSE,Clear,,TRUE,Road 1: WILSON AVE (IFO 696 WILSON AVE); Road 2: FAIRWAY RD S; Vehicle #1     Make: BMW     Model: 52X     Colour: SIL     Style: 4D; Vehicle #2     Make: MAZD     Model: 3TR     Colour: SIL     Style: 4D,4/9/2021 4:30:08 PM,545147.4631,4807559.568
48818,19025830,2/1/2019 1:45:00 PM,2019,2,1,13,45,0,Friday,542473.0839,4812922.47,-80.474913,43.468018,At intersection,2,P.D. only,Within intersection,unknown,unknown,Angle,Unknown,Daylight,01 - Daylight,Municipal (excl. Twp. Rd.),Stop sign,Missing/Damaged,0,0,0,FALSE,FALSE,FALSE,Clear,,TRUE,Road 1: SPRING VALLEY RD; Road 2: 111 TORYORK DR; Vehicle #1     Make: FORD     Model: FPH     Colour: BLK     Style: 4D; Vehicle #2     Make: FORD     Model: TST     Colour: WHI     Style: FV,4/9/2021 4:28:48 PM,542473.0839,4812922.47
48819,19026075,2/1/2019 8:58:00 PM,2019,2,1,20,58,0,Friday,540802.3238,4811143.382,-80.4957,43.452092,Non intersection,2,P.D. only,Thru lane,unknown,unknown,Rear end,Unknown,Dark,07 - Dark,Municipal (excl. Twp. Rd.),No control,unknown,0,0,0,FALSE,FALSE,FALSE,Clear,,TRUE,Road 1: KING ST W; Road 2: WATER ST S; Distance: 100.0 M W; Vehicle #1     Make: HYUN     Model: TUC     Colour: BLK     Style: TY; Vehicle #2     Make: DODG     Model: JOU     Colour: BLK     Style: TY,4/27/2022 10:39:21 AM,540802.3238,4811143.382
48820,19026084,2/1/2019 4:30:00 PM,2019,2,1,16,30,0,Friday,542152.2072,4810391.936,-80.479075,43.445251,Non intersection,2,P.D. only,Thru lane,unknown,unknown,Rear end,Unknown,Daylight,01 - Daylight,Municipal (excl. Twp. Rd.),No control,unknown,0,0,0,FALSE,FALSE,FALSE,Clear,,TRUE,Road 1: PANDORA AVE S; Road 2: KING ST EAST KITCHENER; Distance: 15.0 M E; Vehicle #1     Make: TOYT     Model: CHR     Colour: BLU     Style: 4W; Vehicle #2     Make: TOYT     Model: CBA     Colour: WHI     Style: 4D,4/9/2021 4:26:42 PM,542152.2072,4810391.937
48821,19026270,2/1/2019 6:40:00 PM,2019,2,1,18,40,0,Friday,545364.5857,4811022.306,-80.439325,43.450739,At intersection,2,P.D. only,Thru lane,unknown,unknown,Rear end,Unknown,Dark,07 - Dark,Municipal (excl. Twp. Rd.),unknown,Functioning,1,0,0,FALSE,FALSE,FALSE,Clear,,FALSE,Road 1: OLD CHICOPEE DR (50 km/h); Road 2: HOLBORN DR (50 km/h); Vehicle #1     Make: HOND     Model: UCL     Colour: SIL     Style: 2D; Vehicle #2     Make: TOYT     Model: YAR     Colour: BLU     Style: 4B,4/9/2021 4:28:18 PM,545364.5857,4811022.306
48822,19026625,1/30/2019 10:00:00 AM,2019,1,30,10,0,0,Wednesday,539823.3715,4805602.75,-80.508204,43.402256,Non intersection,2,Non-reportable,Thru lane,unknown,unknown,SMV unattended vehicle,Unknown,Daylight,01 - Daylight,Municipal (excl. Twp. Rd.),No control,unknown,0,0,0,FALSE,FALSE,FALSE,Clear,,TRUE,Road 1: 1122 COPPER LEAF CRESCENT (IN FRONT OF 1122 COPPER LEAF CRESCENT); Road 2: MAX BECKER DR; Distance: 50.0 M W; Vehicle #1     Make:      Model:      Colour:      Style: ; Vehicle #2     Make: HYUN     Model: EGM     Colour: RED     Style: 4D,4/9/2021 4:26:19 PM,539823.3715,4805602.75
48823,19027109,2/2/2019 10:00:00 PM,2019,2,2,22,0,0,Saturday,539396.3164,4808472.961,-80.51327,43.428123,At/near private drive,2,P.D. only,Thru lane,unknown,unknown,SMV unattended vehicle,Unknown,Dark,07 - Dark,Municipal (excl. Twp. Rd.),No control,unknown,0,0,0,FALSE,FALSE,FALSE,Clear,,TRUE,Road 1: FOREST HILL DR (IFO 377 FOREST HILL DR); Road 2: DEERPARK CRESCENT; Distance: 30.0 M N; Vehicle #1     Make:      Model:      Colour:      Style: ; Vehicle #2     Make: MAZD     Model: M3I     Colour: GRY     Style: 4D,4/9/2021 4:29:57 PM,539396.3164,4808472.961
48824,19027470,1/26/2019 1:15:00 PM,2019,1,26,13,15,0,Saturday,538365.6029,4810426.551,-80.525867,43.445766,At/near private drive,2,P.D. only,Thru lane,unknown,unknown,Other,Unknown,Daylight,01 - Daylight,Municipal (excl. Twp. Rd.),No control,unknown,0,0,0,FALSE,FALSE,FALSE,Clear,,TRUE,Road 1: 69 WESTWOOD DR; Vehicle #1     Make: FORD     Model: FSL     Colour: RED     Style: VN; Vehicle #2     Make: ACUR     Model: RLA     Colour: GRY     Style: 4D,4/9/2021 4:30:06 PM,538365.6029,4810426.551
48825,19027552,2/1/2019 3:30:00 PM,2019,2,1,15,30,0,Friday,545201.8732,4810469.217,-80.441382,43.445769,Non intersection,2,P.D. only,Thru lane,unknown,unknown,Rear end,Unknown,Daylight,01 - Daylight,Municipal (excl. Twp. Rd.),No control,unknown,0,0,0,FALSE,FALSE,FALSE,Clear,,TRUE,Road 1: RIVER RD E; Road 2: BRADLEY DR; Distance: 20.0 M N; Vehicle #1     Make: HOND     Model: CTU     Colour: SIL     Style: 4D; Vehicle #2     Make:      Model:      Colour:      Style:,4/9/2021 4:26:41 PM,545201.8732,4810469.217
48826,19027587,2/3/2019 3:00:00 PM,2019,2,3,15,0,0,Sunday,542582.0928,4810126.155,-80.473783,43.442834,At intersection,2,P.D. only,Within intersection,unknown,unknown,Angle,Unknown,Daylight,01 - Daylight,Municipal (excl. Twp. Rd.),Traffic signal,Functioning,0,0,0,FALSE,FALSE,FALSE,Clear,,TRUE,Road 1: KING ST E; Road 2: BORDEN AVE S; Vehicle #1     Make: MERZ     Model: MS6     Colour: WHI     Style: TY; Vehicle #2     Make: HOND     Model: UCC     Colour: SIL     Style: 2B,4/9/2021 4:27:58 PM,542582.0928,4810126.155
48827,19027721,2/3/2019 4:30:00 PM,2019,2,3,16,30,0,Sunday,543620.9565,4812489.712,-80.460757,43.464055,Other,2,P.D. only,Off highway,unknown,unknown,SMV unattended vehicle,Unknown,Daylight,01 - Daylight,Private property,No control,unknown,0,0,0,FALSE,FALSE,FALSE,Clear,,TRUE,Road 1: 49 TURNER AVE (DRIVEWAY); Vehicle #1     Make:      Model:      Colour:      Style: ; Vehicle #2     Make: JEEP     Model: CHK     Colour: BLU     Style: TY,4/9/2021 4:30:17 PM,543620.9565,4812489.712
48828,19027870,2/3/2019 8:58:00 PM,2019,2,3,20,58,0,Sunday,538888.0316,4810240.572,-80.519424,43.444065,Non intersection,2,P.D. only,Thru lane,unknown,unknown,Approaching,Unknown,Dark,07 - Dark,Municipal (excl. Twp. Rd.),No control,unknown,1,0,0,FALSE,FALSE,FALSE,Clear,,FALSE,Road 1: 111 BRYBECK CRES (40 km/h); Road 2: BRYBECK CRES; Distance: 5.0 M N; Vehicle #1     Make: HYUN     Model: SAN     Colour: GRY     Style: TY; Vehicle #2     Make: TOYT     Model: ECH     Colour: GRY     Style: 4D,3/26/2021 11:53:13 AM,538888.0316,4810240.572
48829,19028265,2/3/2019 10:00:00 AM,2019,2,3,10,0,0,Sunday,543356.4646,4809214.763,-80.464287,43.434583,At/near private drive,2,P.D. only,Not on roadway - right side,unknown,unknown,SMV unattended vehicle,Unknown,Daylight,01 - Daylight,Municipal (excl. Twp. Rd.),No control,unknown,0,0,0,FALSE,FALSE,FALSE,Clear,,TRUE,Road 1: CARWOOD CRESCENT; Road 2: DOON RD; Distance: 100.0 M W; Vehicle #1     Make:      Model:      Colour:      Style: ; Vehicle #2     Make: DODG     Model: CAR     Colour: GRY     Style: VN,4/9/2021 4:29:00 PM,543356.4646,4809214.763
48830,19028317,2/1/2019 12:14:00 PM,2019,2,1,12,14,0,Friday,539582.8459,4805790.428,-80.51116,43.403959,At/near private drive,2,Non-reportable,Off highway,unknown,unknown,SMV unattended vehicle,Unknown,Daylight,01 - Daylight,Municipal (excl. Twp. Rd.),No control,unknown,0,0,0,FALSE,FALSE,FALSE,Clear,,TRUE,Road 1: DONNENWERTH DR (IFO 2 DONNENWERTH DR); Road 2: BRIDLEWREATH ST; Vehicle #1     Make:      Model:      Colour:      Style: ; Vehicle #2     Make: TOYT     Model: RV4     Colour: WHI     Style: TY,4/9/2021 4:30:02 PM,539582.8459,4805790.428
48831,19028351,2/4/2019 11:05:00 AM,2019,2,4,11,5,0,Monday,545214.51,4810450.927,-80.441227,43.445604,Intersection related,2,Non-reportable,Thru lane,unknown,unknown,Other,Unknown,Daylight,01 - Daylight,Municipal (excl. Twp. Rd.),Stop sign,Functioning,0,0,0,FALSE,FALSE,FALSE,Clear,,TRUE,Road 1: BRADLEY DR; Road 2: RIVER RD E; Distance: 10.0 M N; Vehicle #1     Make: MITS     Model: LANC     Colour: WHI     Style: 4D; Vehicle #2     Make:      Model:      Colour:      Style:,4/9/2021 4:26:56 PM,545214.51,4810450.927
48832,19028485,2/4/2019 3:45:00 PM,2019,2,4,15,45,0,Monday,543568.4539,4804977.837,-80.462005,43.396421,Intersection related,2,P.D. only,Thru lane,unknown,unknown,Rear end,Unknown,Daylight,01 - Daylight,Municipal (excl. Twp. Rd.),Traffic signal,Functioning,0,0,0,FALSE,FALSE,FALSE,Clear,,TRUE,Road 1: HURON RD; Road 2: BATTLER RD; Vehicle #1     Make: RAM     Model: RTR     Colour: RED     Style: PK; Vehicle #2     Make: BMW     Model: BX6     Colour: RED     Style: TY,4/9/2021 4:26:54 PM,543568.4539,4804977.837
48833,19029110,2/5/2019 10:02:00 AM,2019,2,5,10,2,0,Tuesday,545275.7537,4806433.015,-80.440803,43.409423,At intersection,2,Non-reportable,Right turn lane,unknown,unknown,Rear end,Stop sign,Daylight,01 - Daylight,Municipal (excl. Twp. Rd.),Stop sign,unknown,0,0,0,FALSE,FALSE,FALSE,Clear,,TRUE,Road 1: WILSON AVE; Road 2: WABANAKI DR; Vehicle #1     Make: NEWF     Model: XD4     Colour: WHI     Style: BU; Vehicle #2     Make: MERZ     Model: C30     Colour: SIL     Style: 4D,4/9/2021 4:27:49 PM,545275.7537,4806433.015
48834,19029115,2/5/2019 10:20:00 AM,2019,2,5,10,20,0,Tuesday,536425.9002,4808711.473,-80.549952,43.43042,Non intersection,2,P.D. only,Thru lane,unknown,unknown,Other,Unknown,Daylight,01 - Daylight,Municipal (excl. Twp. Rd.),No control,unknown,0,0,0,FALSE,FALSE,FALSE,Clear,,TRUE,Road 1: HUCK CRESCENT; Road 2: HIGHGATE RD; Distance: 50.0 M W; Vehicle #1     Make: TOYT     Model: RG4     Colour: GRY     Style: TY; Vehicle #2     Make:      Model:      Colour:      Style:,3/26/2021 11:53:21 AM,536425.9002,4808711.473
48835,19029260,2/5/2019 2:47:00 PM,2019,2,5,14,47,0,Tuesday,545274.1365,4806434.605,-80.440823,43.409437,At intersection,2,P.D. only,Within intersection,unknown,unknown,Angle,Stop sign,Daylight,01 - Daylight,Municipal (excl. Twp. Rd.),Stop sign,Functioning,0,0,0,FALSE,FALSE,FALSE,Clear,,TRUE,Road 1: WABANAKI DR; Road 2: WILSON AVE; Vehicle #1     Make: FORD     Model: TST     Colour: WHI     Style: FV; Vehicle #2     Make: TOYT     Model: VEN     Colour: BRN     Style: TY,4/9/2021 4:27:48 PM,545274.1365,4806434.605
48836,19029824,1/23/2019 8:30:00 PM,2019,1,23,20,30,0,Wednesday,547479.5356,4803815.347,-80.413813,43.385717,Non intersection,2,P.D. only,Thru lane,unknown,unknown,Approaching,Unknown,Dark,07 - Dark,Regional municipality,No control,unknown,0,0,0,FALSE,FALSE,FALSE,Clear,,TRUE,Road 1: PINNACLE DR; Road 2: CONESTOGA COLLEGE BLVD; Distance: 100.0 M S; Vehicle #1     Make: GMC     Model: SIE     Colour: GRY     Style: PK; Vehicle #2     Make:      Model:      Colour:      Style:,4/9/2021 4:27:06 PM,547479.5356,4803815.347