OBJECTID,ACCIDENTNUM,ACCIDENTDATE,ACCIDENT_YEAR,ACCIDENT_MONTH,ACCIDENT_DAY,ACCIDENT_HOUR,ACCIDENT_MINUTE,ACCIDENT_SECOND,ACCIDENT_WEEKDAY,XCOORD,YCOORD,LONGITUDE,LATITUDE,ACCIDENTLOCATION,COLLISIONTYPE,CLASSIFICATIONOFACCIDENT,IMPACTLOCATION,INITIALDIRECTIONOFTRAVELONE,INITIALDIRECTIONOFTRAVELTWO,INITIALIMPACTTYPE,INTTRAFFICCONTROL,LIGHT,LIGHTFORREPORT,ROADJURISDICTION,TRAFFICCONTROL,TRAFFICCONTROLCONDITION,THRULANENO,NORTHBOUNDDISOBEYCOUNT,SOUTHBOUNDDISOBEYCOUNT,PEDESTRIANINVOLVED,CYCLISTINVOLVED,MOTORCYCLISTINVOLVED,ENVIRONMENTCONDITION1,ENVIRONMENTCONDITION2,SELFREPORTED,XMLIMPORTNOTES,LASTEDITEDDATE,x,y
48837,19030013,1/23/2019 8:00:00 AM,2019,1,23,8,0,0,Wednesday,545996.9458,4803218.491,-80.432167,43.380435,Non intersection,2,P.D. only,Thru lane,unknown,unknown,Rear end,Unknown,Daylight,01 - Daylight,Municipal (excl. Twp. Rd.),No control,unknown,0,0,0,FALSE,FALSE,FALSE,Clear,,TRUE,Road 1: 436 DOON SOUTH DR; Road 2: DOON SOUTH DR; Vehicle #1     Make: VOLK     Model: PTS     Colour: GRY     Style: 4D; Vehicle #2     Make: RAM     Model: RTR     Colour: GRN     Style: PK,4/9/2021 4:25:55 PM,545996.9458,4803218.491
48838,19030689,2/7/2019 11:55:00 AM,2019,2,7,11,55,0,Thursday,541808.782,4810637.228,-80.4833,43.447479,Non intersection,2,Non-reportable,Thru lane,unknown,unknown,SMV unattended vehicle,Unknown,Daylight,01 - Daylight,Municipal (excl. Twp. Rd.),No control,unknown,0,0,0,FALSE,FALSE,FALSE,Clear,,TRUE,Road 1: KING ST E; Road 2: CEDAR ST S; Distance: 20.0 M N; Vehicle #1     Make:      Model:      Colour:      Style: ; Vehicle #2     Make: CHEV     Model: ETV     Colour: WHI     Style: CB,3/26/2021 11:53:23 AM,541808.782,4810637.228
48839,19031427,2/8/2019 8:30:00 AM,2019,2,8,8,30,0,Friday,544644.4703,4805071.177,-80.448711,43.397199,Non intersection,2,Non-reportable,Thru lane,unknown,unknown,SMV other,Unknown,Daylight,01 - Daylight,Municipal (excl. Twp. Rd.),No control,unknown,0,0,0,FALSE,FALSE,FALSE,Clear,,TRUE,Road 1: HARCOURT CRESCENT; Road 2: MILLWOOD CRESCENT; Distance: 100.0 M W; Vehicle #1     Make: CHEV     Model: ML     Colour: GRY     Style: 4D,3/26/2021 11:53:09 AM,544644.4703,4805071.177
48840,19031528,2/7/2019 7:00:00 PM,2019,2,7,19,0,0,Thursday,540995.2214,4806802.534,-80.493642,43.412996,At/near private drive,2,Non-reportable,Thru lane,unknown,unknown,SMV unattended vehicle,Unknown,Dark,07 - Dark,Private property,No control,unknown,0,0,0,FALSE,FALSE,FALSE,Clear,,TRUE,Road 1: 39 RADCLIFFE DR; Vehicle #1     Make:      Model:      Colour:      Style: ; Vehicle #2     Make: CHEV     Model: SIL     Colour: RED     Style: CW,4/9/2021 4:28:51 PM,540995.2214,4806802.534
48841,19031578,2/8/2019 12:42:00 PM,2019,2,8,12,42,0,Friday,542484.5021,4809357.332,-80.475049,43.435917,Other,2,P.D. only,Off highway,unknown,unknown,SMV other,Unknown,Daylight,01 - Daylight,Private property,No control,unknown,0,0,0,FALSE,FALSE,FALSE,Clear,,FALSE,Road 1: 244 SYDNEY ST S; Road 2: SYDNEY ST S; Vehicle #1     Make: TOYT     Model: CXL     Colour: GRY     Style: 4D,4/9/2021 4:30:17 PM,542484.5021,4809357.332
48842,19031643,2/8/2019 12:50:00 PM,2019,2,8,12,50,0,Friday,542247.2572,4810235.871,-80.477912,43.443841,Non intersection,2,P.D. only,Thru lane,unknown,unknown,Sideswipe,Unknown,Daylight,01 - Daylight,Municipal (excl. Twp. Rd.),No control,unknown,0,0,0,FALSE,FALSE,FALSE,Clear,,TRUE,Road 1: 32 STIRLING AVE S; Vehicle #1     Make: ACUR     Model: RDX     Colour: BRN     Style: TY; Vehicle #2     Make: MAZD     Model: X3T     Colour: RED     Style: 4W,3/26/2021 11:53:21 AM,542247.2572,4810235.871
48843,19031673,2/8/2019 2:20:00 PM,2019,2,8,14,20,0,Friday,538921.8746,4810084.291,-80.519017,43.442656,At/near private drive,2,Non-reportable,Off highway,unknown,unknown,SMV unattended vehicle,Unknown,Daylight,01 - Daylight,Private property,No control,unknown,0,0,0,FALSE,FALSE,FALSE,Clear,,TRUE,Road 1: 12 WEICHEL ST (STREET PARKING); Vehicle #1     Make:      Model:      Colour:      Style: ; Vehicle #2     Make: HOND     Model: CCL     Colour: BLK     Style: 4D,4/9/2021 4:28:52 PM,538921.8746,4810084.292
48844,19031779,2/8/2019 8:00:00 AM,2019,2,8,8,0,0,Friday,537386.9018,4810286.765,-80.537971,43.444557,Other,2,Non-reportable,Off highway,unknown,unknown,Angle,Unknown,Daylight,01 - Daylight,Private property,No control,unknown,0,0,0,FALSE,FALSE,FALSE,Clear,,TRUE,Road 1: 754 GLASGOW ST (DRIVE WAY); Vehicle #1     Make: TOYT     Model: HIG     Colour: BLK     Style: TY; Vehicle #2     Make:      Model:      Colour:      Style:,4/9/2021 4:30:17 PM,537386.9018,4810286.765
48845,19032405,2/9/2019 7:45:00 PM,2019,2,9,19,45,0,Saturday,540360.6417,4806982.268,-80.501467,43.414649,At/near private drive,2,P.D. only,Thru lane,unknown,unknown,SMV unattended vehicle,Unknown,Dark,07 - Dark,Municipal (excl. Twp. Rd.),No control,unknown,1,0,0,FALSE,FALSE,FALSE,Clear,,FALSE,Road 1: 39 LITTLEFIELD CRES (50 km/h); Road 2: LITTLEFIELD CRES; Distance: 2.0 M S; Vehicle #1     Make: DODG     Model: RPC     Colour: BLK     Style: PK; Vehicle #2     Make: MERZ     Model: E32     Colour: GRN     Style: 4D,4/9/2021 4:29:04 PM,540360.6417,4806982.268
48846,19032503,2/9/2019 2:45:00 PM,2019,2,9,14,45,0,Saturday,543230.6165,4804478.425,-80.466216,43.391944,At intersection,2,P.D. only,Within intersection,unknown,unknown,SMV other,Unknown,Daylight,01 - Daylight,Municipal (excl. Twp. Rd.),Stop sign,unknown,0,0,0,FALSE,FALSE,FALSE,Clear,,TRUE,Road 1: HURON RD @; Road 2: STRASBURG RD; Vehicle #1     Make: INFI     Model: Q5S     Colour: BLK     Style: 4D,4/9/2021 4:27:45 PM,543230.6165,4804478.425
48847,19032934,2/10/2019 2:08:00 AM,2019,2,10,2,8,0,Sunday,542239.2692,4810497.5,-80.477991,43.446197,Intersection related,2,P.D. only,Off highway,unknown,unknown,SMV other,Unknown,Dark,07 - Dark,Regional municipality,Stop sign,unknown,0,0,0,FALSE,FALSE,FALSE,Clear,,FALSE,Road 1: PANDORA AVE N (50 km/h); Road 2: DUKE ST E (50 km/h); Vehicle #1     Make: DODG     Model: CHS     Colour: RED     Style: 4D,4/9/2021 4:26:50 PM,542239.2692,4810497.5
48848,19033078,2/9/2019 6:30:00 PM,2019,2,9,18,30,0,Saturday,539059.1196,4806886.255,-80.51755,43.413853,Intersection related,2,P.D. only,Thru lane,unknown,unknown,Rear end,Unknown,Dark,07 - Dark,Municipal (excl. Twp. Rd.),Stop sign,Functioning,0,0,0,FALSE,FALSE,FALSE,Clear,,TRUE,Road 1: WAKE ROBIN DR; Road 2: INTERNATIONAL PL; Vehicle #1     Make: HYUN     Model: TUC     Colour: GRY     Style: TY; Vehicle #2     Make:      Model:      Colour:      Style:,4/9/2021 4:26:50 PM,539059.1196,4806886.255
48849,19033126,2/8/2019 4:55:00 PM,2019,2,8,16,55,0,Friday,543584.502,4808934.608,-80.461491,43.432047,At/near private drive,2,Non-reportable,Thru lane,unknown,unknown,Other,Unknown,Daylight,01 - Daylight,Municipal (excl. Twp. Rd.),No control,unknown,0,0,0,FALSE,FALSE,FALSE,Clear,,TRUE,Road 1: 197 DIXON ST; Vehicle #1     Make: MAZD     Model: PDS     Colour: BLK     Style: 4D; Vehicle #2     Make:      Model:      Colour:      Style:,4/9/2021 4:29:00 PM,543584.502,4808934.608
48850,19033334,2/9/2019 6:00:00 PM,2019,2,9,18,0,0,Saturday,539058.6907,4806885.641,-80.517555,43.413848,At intersection,2,P.D. only,Within intersection,unknown,unknown,Rear end,Unknown,Dusk,05 - Dusk,Municipal (excl. Twp. Rd.),Stop sign,Functioning,0,0,0,FALSE,FALSE,FALSE,Clear,,TRUE,Road 1: MILFOIL CRESCENT; Road 2: INTERNATIONAL PL; Vehicle #1     Make: HOND     Model: RID     Colour: SIL     Style: PK; Vehicle #2     Make:      Model:      Colour:      Style:,4/9/2021 4:27:49 PM,539058.6907,4806885.641
48851,19033391,2/10/2019 6:41:00 PM,2019,2,10,18,41,0,Sunday,542793.5165,4811268.88,-80.471081,43.453111,Non intersection,2,P.D. only,Thru lane,unknown,unknown,SMV unattended vehicle,Unknown,"Dark, artificial","08 - Dark, artificial",Regional municipality,No control,unknown,1,0,0,FALSE,FALSE,FALSE,Clear,,FALSE,Road 1: 250 KRUG ST (50 km/h); Road 2: KRUG ST; Distance: 4.0 M E; Vehicle #1     Make: STRN     Model: SI2     Colour: GRY     Style: 2D; Vehicle #2     Make: MAZD     Model: X3T     Colour: RED     Style: SW,3/26/2021 11:53:08 AM,542793.5165,4811268.88
48852,19033873,2/11/2019 11:22:00 AM,2019,2,11,11,22,0,Monday,542487.1852,4803863.484,-80.475443,43.38645,Non intersection,2,P.D. only,Thru lane,unknown,unknown,Turning movement,Unknown,Daylight,01 - Daylight,Municipal (excl. Twp. Rd.),No control,unknown,1,0,0,FALSE,FALSE,FALSE,Clear,,FALSE,Road 1: 655 HURON RD (60 km/h); Road 2: HURON RD; Distance: 2.0 M S; Vehicle #1     Make: KIA     Model: RIL     Colour: SIL     Style: 4D; Vehicle #2     Make: LEXS     Model: A35     Colour: WHI     Style: 4D,3/26/2021 11:53:14 AM,542487.1852,4803863.485
48853,19034013,2/11/2019 2:08:00 PM,2019,2,11,14,8,0,Monday,542753.2531,4816228.085,-80.471189,43.497766,Non intersection,2,P.D. only,Thru lane,unknown,unknown,SMV unattended vehicle,Unknown,Daylight,01 - Daylight,Municipal (excl. Twp. Rd.),No control,unknown,1,0,0,FALSE,FALSE,FALSE,Clear,,FALSE,Road 1: EAGLECREST ST (50 km/h); Road 2: KESTREL ST; Distance: 100.0 M N; Vehicle #1     Make: BMW     Model: BX3     Colour: WHI     Style: TY; Vehicle #2     Make: LEXS     Model: IS3     Colour: WHI     Style: 4D,3/26/2021 11:53:08 AM,542753.2531,4816228.085
48854,19034516,2/12/2019 8:53:00 AM,2019,2,12,8,53,0,Tuesday,538632.6375,4806607.033,-80.522837,43.411361,At intersection,2,P.D. only,Left turn lane,unknown,unknown,SMV other,Unknown,Daylight,01 - Daylight,Municipal (excl. Twp. Rd.),Stop sign,unknown,0,0,0,FALSE,FALSE,FALSE,Snow,,TRUE,Road 1: WINDFLOWER DR; Road 2: WAKE ROBIN DR; Vehicle #1     Make: FORD     Model: SPE     Colour: SIL     Style: TY,4/9/2021 4:27:52 PM,538632.6375,4806607.033
48855,19034608,2/8/2019 7:46:00 AM,2019,2,8,7,46,0,Friday,537351.0791,4810268.49,-80.538415,43.444394,Non intersection,2,Non-reportable,Thru lane,unknown,unknown,Angle,Unknown,Daylight,01 - Daylight,Municipal (excl. Twp. Rd.),No control,unknown,0,0,0,FALSE,FALSE,FALSE,Clear,,TRUE,Road 1: 768 GLASGOW ST; Vehicle #1     Make: MACK     Model: 800     Colour: BLU     Style: CT; Vehicle #2     Make:      Model:      Colour:      Style:,3/26/2021 11:53:10 AM,537351.0791,4810268.49
48856,19034645,1/25/2019 6:25:00 PM,2019,1,25,18,25,0,Friday,537024.2868,4809365.208,-80.542515,43.436277,Non intersection,2,P.D. only,Thru lane,unknown,unknown,SMV unattended vehicle,Unknown,Dark,07 - Dark,Municipal (excl. Twp. Rd.),No control,unknown,0,0,0,FALSE,FALSE,FALSE,Clear,,TRUE,Road 1: 48 LYNNVALLEY CRESCENT (ROAD SIDE PARKING); Vehicle #1     Make:      Model:      Colour:      Style: ; Vehicle #2     Make: HOND     Model: UDY     Colour: BLU     Style: TY,4/9/2021 4:26:35 PM,537024.2868,4809365.208
48857,19034757,2/12/2019 3:15:00 PM,2019,2,12,15,15,0,Tuesday,540796.6596,4809182.95,-80.495917,43.43444,At intersection,2,P.D. only,Thru lane,unknown,unknown,Rear end,Stop sign,Daylight,01 - Daylight,Municipal (excl. Twp. Rd.),Stop sign,Functioning,1,0,0,FALSE,FALSE,FALSE,Freezing Rain,,FALSE,Road 1: STIRLING AVE S (50 km/h); Road 2: PLEASANT AVE (50 km/h); Distance:  K; Vehicle #1     Make: HOND     Model: ACT     Colour: BLK     Style: TY; Vehicle #2     Make: HOND     Model: UDY     Colour: WHI     Style: TY,4/9/2021 4:27:57 PM,540796.6596,4809182.95
48858,19034829,2/12/2019 9:35:00 AM,2019,2,12,9,35,0,Tuesday,540571.7615,4812710.152,-80.498433,43.466212,At intersection,2,Non-reportable,Within intersection,unknown,unknown,SMV other,Stop sign,Daylight,01 - Daylight,Municipal (excl. Twp. Rd.),Stop sign,unknown,0,0,0,FALSE,FALSE,FALSE,Snow,,TRUE,Road 1: MARGARET AVE S; Road 2: UNION ST; Vehicle #1     Make: FORD     Model: FSE     Colour: YEL     Style: 4D,4/9/2021 4:27:57 PM,540571.7615,4812710.152
48859,19034855,2/12/2019 6:02:00 PM,2019,2,12,18,2,0,Tuesday,544296.6723,4813255.949,-80.452342,43.470915,Non intersection,2,P.D. only,Not on roadway - right side,unknown,unknown,SMV other,Unknown,Dark,07 - Dark,Municipal (excl. Twp. Rd.),No control,unknown,0,0,0,FALSE,FALSE,FALSE,Freezing Rain,,FALSE,Road 1: 400 BINGEMANS CENTRE DR (50 km/h); Road 2: BINGEMANS CENTRE DR; Distance: 30.0 M E; Vehicle #1     Make: NISS     Model: SML     Colour: BLK     Style: 4D,3/26/2021 11:53:15 AM,544296.6723,4813255.949
48860,19034903,2/12/2019 2:40:00 PM,2019,2,12,14,40,0,Tuesday,545188.537,4813354.736,-80.441307,43.471751,Intersection related,2,Non-reportable,Thru lane,unknown,unknown,Sideswipe,Unknown,Daylight,01 - Daylight,Municipal (excl. Twp. Rd.),Traffic signal,Functioning,0,0,0,FALSE,FALSE,FALSE,Freezing Rain,,TRUE,Road 1: BINGEMANS CENTRE DR; Road 2: VICTORIA ST N; Vehicle #1     Make: TOYT     Model: RG4     Colour: WHI     Style: TY; Vehicle #2     Make:      Model:      Colour:      Style:,4/9/2021 4:26:54 PM,545188.537,4813354.736
48861,19035358,2/13/2019 12:12:00 PM,2019,2,13,12,12,0,Wednesday,543248.1414,4804518.951,-80.465997,43.392308,Intersection related,1,Non-fatal injury,Thru lane,unknown,unknown,Approaching,Unknown,Daylight,01 - Daylight,Regional municipality,Stop sign,Functioning,1,0,0,FALSE,FALSE,FALSE,Snow,,FALSE,Road 1: HURON RD (50 km/h); Road 2: STRASBURG RD (50 km/h); Distance: 20.0 M E; Vehicle #1     Make: VOLK     Model: GLF     Colour: WHI     Style: 2B; Vehicle #2     Make: CHEV     Model: CAV     Colour: RED     Style: 4D,4/9/2021 4:26:48 PM,543248.1414,4804518.951
48862,19035443,2/13/2019 10:40:00 AM,2019,2,13,10,40,0,Wednesday,540288.2956,4810698.531,-80.502086,43.448114,Non intersection,2,Non-reportable,Thru lane,unknown,unknown,Rear end,Unknown,Daylight,01 - Daylight,Municipal (excl. Twp. Rd.),No control,unknown,0,0,0,FALSE,FALSE,FALSE,Snow,,TRUE,Road 1: PARK ST; Road 2: VICTORIA ST S; Distance: 50.0 M S; Vehicle #1     Make: FORD     Model: VAN     Colour: WHI     Style: FV; Vehicle #2     Make:      Model:      Colour:      Style:,3/26/2021 11:53:20 AM,540288.2956,4810698.531
48863,19035477,2/3/2019 12:00:00 AM,2019,2,3,0,0,0,Sunday,538910.8046,4810023.802,-80.519158,43.442112,At/near private drive,2,P.D. only,Thru lane,unknown,unknown,SMV unattended vehicle,Unknown,Dark,07 - Dark,Municipal (excl. Twp. Rd.),No control,unknown,0,0,0,FALSE,FALSE,FALSE,Clear,,TRUE,Road 1: BELTON DR (IFO 11); Vehicle #1     Make:      Model:      Colour:      Style: ; Vehicle #2     Make: MERZ     Model: MG3     Colour: GRY     Style: TY,4/9/2021 4:29:57 PM,538910.8046,4810023.802
48864,19035511,2/13/2019 4:20:00 PM,2019,2,13,16,20,0,Wednesday,545146.7399,4807126.134,-80.442339,43.415671,At intersection,2,Non-reportable,Thru lane,unknown,unknown,Rear end,Unknown,Daylight,01 - Daylight,Municipal (excl. Twp. Rd.),Stop sign,unknown,0,0,0,FALSE,FALSE,FALSE,Snow,,TRUE,Road 1: WILSON AVE; Road 2: GOODRICH DR; Vehicle #1     Make: FORD     Model: FE     Colour: RED     Style: 4D; Vehicle #2     Make: CHEV     Model: SIL     Colour: WHI     Style: CB,4/9/2021 4:27:58 PM,545146.7399,4807126.134
48865,19035517,2/13/2019 4:21:00 PM,2019,2,13,16,21,0,Wednesday,542116.0267,4811415.596,-80.479443,43.45447,At/near private drive,2,P.D. only,Thru lane,unknown,unknown,Other,Unknown,Daylight,01 - Daylight,Municipal (excl. Twp. Rd.),No control,unknown,0,0,0,FALSE,FALSE,FALSE,Clear,,TRUE,Road 1: SAMUEL ST (IFO 11 SAMUEL ST); Road 2: FREDERICK ST; Vehicle #1     Make: DODG     Model: CAR     Colour: RED     Style: VN; Vehicle #2     Make:      Model:      Colour:      Style:,4/9/2021 4:28:53 PM,542116.0267,4811415.596
48866,19035581,2/12/2019 7:30:00 PM,2019,2,12,19,30,0,Tuesday,541548.7021,4811886.686,-80.486419,43.458744,At intersection,2,P.D. only,Within intersection,unknown,unknown,Angle,Unknown,Dark,07 - Dark,Municipal (excl. Twp. Rd.),Stop sign,Functioning,0,0,0,FALSE,FALSE,FALSE,Freezing Rain,,TRUE,Road 1: BREITHAUPT ST; Road 2: ST LEGER ST; Vehicle #1     Make: MERZ     Model: GL3     Colour: BLK     Style: TY; Vehicle #2     Make:      Model:      Colour:      Style:,4/9/2021 4:27:52 PM,541548.7021,4811886.686
48867,19035653,2/13/2019 7:00:00 PM,2019,2,13,19,0,0,Wednesday,545274.1312,4806435.405,-80.440823,43.409444,At intersection,2,P.D. only,Right turn channel,unknown,unknown,Rear end,Stop sign,Dark,07 - Dark,Municipal (excl. Twp. Rd.),Stop sign,Functioning,0,0,0,FALSE,FALSE,FALSE,Snow,,TRUE,Road 1: WILSON AVE; Road 2: WABANAKI DR; Distance: 0.0 M W; Vehicle #1     Make: NISS     Model: SML     Colour: BLK     Style: 4D; Vehicle #2     Make: CHEV     Model: UPL     Colour: GRY     Style: VN,4/9/2021 4:27:48 PM,545274.1312,4806435.405
48868,19035659,3/25/2019 7:20:00 AM,2019,3,25,7,20,0,Monday,542962.5388,4814157.842,-80.468764,43.479113,At/near private drive,2,P.D. only,Thru lane,unknown,unknown,Sideswipe,Unknown,Daylight,01 - Daylight,Municipal (excl. Twp. Rd.),No control,unknown,1,0,0,FALSE,FALSE,FALSE,Clear,,FALSE,Road 1: TAGGE ST (50 km/h); Road 2: TAGGE ST; Distance: 1.0 M W; Vehicle #1     Make: GMC     Model: SIE     Colour: RED     Style: PK; Vehicle #2     Make:      Model:      Colour:      Style: 4D,4/9/2021 4:29:17 PM,542962.5388,4814157.842
48869,19035985,2/14/2019 9:20:00 AM,2019,2,14,9,20,0,Thursday,539316.6627,4810616.199,-80.5141,43.447425,Intersection related,2,P.D. only,Right turn channel,unknown,unknown,Other,Unknown,Daylight,01 - Daylight,Municipal (excl. Twp. Rd.),Traffic signal,unknown,0,0,0,FALSE,FALSE,FALSE,Clear,,TRUE,Road 1: BELMONT ST KITCHENER; Road 2: GAGE ST KITCHENER; Vehicle #1     Make: TOYT     Model: HIG     Colour: BLK     Style: TY; Vehicle #2     Make: MAZD     Model: M3S     Colour: SIL     Style: 4D,4/9/2021 4:26:52 PM,539316.6627,4810616.199
48870,19036023,2/14/2019 9:10:00 AM,2019,2,14,9,10,0,Thursday,542410.709,4807653.55,-80.476093,43.42058,Non intersection,2,Non-reportable,Thru lane,unknown,unknown,SMV unattended vehicle,Unknown,Daylight,01 - Daylight,Municipal (excl. Twp. Rd.),No control,unknown,0,0,0,FALSE,FALSE,FALSE,Clear,,TRUE,Road 1: GRACEFIELD CRESCENT; Vehicle #1     Make: DODG     Model: CAR     Colour: SIL     Style: VN; Vehicle #2     Make: TOYT     Model: RV4     Colour: WHI     Style: TY,3/26/2021 11:53:19 AM,542410.709,4807653.55
48871,19036034,2/14/2019 8:10:00 AM,2019,2,14,8,10,0,Thursday,544116.8269,4811895.974,-80.454675,43.45868,At intersection,2,Non-reportable,Thru lane,unknown,unknown,Rear end,Unknown,Daylight,01 - Daylight,Municipal (excl. Twp. Rd.),unknown,Functioning,0,0,0,FALSE,FALSE,FALSE,Clear,,TRUE,Road 1: MANCHESTER RD; Road 2: RIVER RD E; Vehicle #1     Make: HOND     Model: ELE     Colour: BLK     Style: TY; Vehicle #2     Make:      Model:      Colour:      Style:,4/9/2021 4:27:59 PM,544116.8269,4811895.974
48872,19036342,2/14/2019 12:30:00 PM,2019,2,14,12,30,0,Thursday,548535.7406,4806587.829,-80.400528,43.410613,Non intersection,2,Non-reportable,Thru lane,unknown,unknown,Angle,Unknown,Daylight,01 - Daylight,Municipal (excl. Twp. Rd.),No control,unknown,0,0,0,FALSE,FALSE,FALSE,Clear,,TRUE,Road 1: DEER RIDGE DR; Road 2: KING ST E; Distance: 60.0 M N; Vehicle #1     Make: HOND     Model: CIV     Colour: GRY     Style: 4D; Vehicle #2     Make:      Model:      Colour:      Style:,3/26/2021 11:53:22 AM,548535.7406,4806587.829
48873,19036347,2/14/2019 8:00:00 AM,2019,2,14,8,0,0,Thursday,545666.1187,4803703.44,-80.43621,43.384822,At/near private drive,2,Non-reportable,Thru lane,unknown,unknown,Other,Unknown,Daylight,01 - Daylight,Municipal (excl. Twp. Rd.),No control,unknown,0,0,0,FALSE,FALSE,FALSE,Clear,,TRUE,Road 1: 80 APPLE RIDGE DR; Vehicle #1     Make: GMC     Model: SAV     Colour: WHI     Style: FV; Vehicle #2     Make:      Model:      Colour:      Style:,4/9/2021 4:29:00 PM,545666.1187,4803703.44
48874,19036403,2/14/2019 2:20:00 PM,2019,2,14,14,20,0,Thursday,545907.2924,4809345.685,-80.432759,43.43561,At intersection,2,P.D. only,Within intersection,unknown,unknown,Angle,Unknown,Daylight,01 - Daylight,Municipal (excl. Twp. Rd.),unknown,Functioning,0,0,0,FALSE,FALSE,FALSE,Clear,,TRUE,Road 1: KINZIE AVE; Road 2: THALER AVE; Vehicle #1     Make: HYUN     Model: SGL     Colour: BLK     Style: 4D; Vehicle #2     Make: TOYT     Model: UCS     Colour: BLU     Style: 4D,4/9/2021 4:27:51 PM,545907.2924,4809345.685
48875,19036799,2/15/2019 6:59:00 AM,2019,2,15,6,59,0,Friday,546734.7557,4802140.199,-80.423151,43.370681,Non intersection,2,P.D. only,Right shoulder,unknown,unknown,SMV other,Unknown,Dawn,03 - Dawn,Municipal (excl. Twp. Rd.),No control,unknown,0,0,0,FALSE,FALSE,FALSE,Rain,,FALSE,Road 1: REICHERT DR (80 km/h); Road 2: NEW DUNDEE RD; Distance: 250.0 K S; Vehicle #1     Make: KIA     Model: SOR     Colour: BLK     Style: TY,3/26/2021 11:53:09 AM,546734.7557,4802140.199
48876,19036807,2/15/2019 6:59:00 AM,2019,2,15,6,59,0,Friday,546733.9492,4802140.594,-80.423161,43.370684,Non intersection,2,P.D. only,Right shoulder,unknown,unknown,SMV other,Unknown,Dawn,03 - Dawn,Municipal (excl. Twp. Rd.),No control,unknown,0,0,0,FALSE,FALSE,FALSE,Rain,,FALSE,Road 1: REICHERT DR (80 km/h); Road 2: NEW DUNDEE RD; Distance: 250.0 M S; Vehicle #1     Make: TOYT     Model: CTX     Colour: BLK     Style: 4B,3/26/2021 11:53:09 AM,546733.9492,4802140.594
48877,19036939,2/15/2019 10:00:00 AM,2019,2,15,10,0,0,Friday,542452.4871,4811201.837,-80.475301,43.452527,At intersection,2,P.D. only,Within intersection,unknown,unknown,SMV other,Unknown,Daylight,01 - Daylight,Municipal (excl. Twp. Rd.),Stop sign,Functioning,0,0,0,FALSE,FALSE,FALSE,Snow,,FALSE,Road 1: BRUBACHER ST (50 km/h); Road 2: LYDIA ST (50 km/h); Vehicle #1     Make: HOND     Model: UDV     Colour: BLU     Style: 4D,4/9/2021 4:27:47 PM,542452.4871,4811201.837
48878,19037002,2/13/2019 6:30:00 PM,2019,2,13,18,30,0,Wednesday,540218.0589,4805818.876,-80.503314,43.404181,At intersection,2,P.D. only,Thru lane,unknown,unknown,Rear end,Unknown,Dark,07 - Dark,Municipal (excl. Twp. Rd.),unknown,Functioning,0,0,0,FALSE,FALSE,FALSE,Snow,,TRUE,Road 1: MAX BECKER DR; Road 2: COMMONWEALTH ST; Vehicle #1     Make: MERZ     Model: CW3     Colour: WHI     Style: 4D; Vehicle #2     Make:      Model:      Colour:      Style:,4/9/2021 4:27:50 PM,540218.0589,4805818.876
48879,19037039,2/14/2019 2:45:00 PM,2019,2,14,14,45,0,Thursday,538025.8385,4807056.87,-80.5303,43.415443,Non intersection,2,P.D. only,Thru lane,unknown,unknown,SMV other,Unknown,Daylight,01 - Daylight,Municipal (excl. Twp. Rd.),No control,unknown,0,0,0,FALSE,FALSE,FALSE,Snow,,TRUE,Road 1: ROYAL ORCHARD DR; Road 2: DEERWOOD CRESCENT; Vehicle #1     Make: HOND     Model: CS3     Colour: BLU     Style: 4D,3/26/2021 11:53:16 AM,538025.8385,4807056.87
48880,19037154,2/15/2019 8:35:00 AM,2019,2,15,8,35,0,Friday,542212.2648,4806728.089,-80.478616,43.412258,Non intersection,2,Non-reportable,Thru lane,unknown,unknown,Sideswipe,Unknown,Daylight,01 - Daylight,Municipal (excl. Twp. Rd.),No control,unknown,0,0,0,FALSE,FALSE,FALSE,Clear,,TRUE,Road 1: 60 THE COUNTRY WAY; Vehicle #1     Make: HOND     Model: PIL     Colour: BGE     Style: TY; Vehicle #2     Make: CHEV     Model: MBL     Colour: WHI     Style: 4D,3/26/2021 11:53:19 AM,542212.2648,4806728.089
48881,19037923,2/14/2019 8:45:00 AM,2019,2,14,8,45,0,Thursday,545314.4192,4810772.742,-80.439966,43.448495,Non intersection,2,Non-reportable,Thru lane,unknown,unknown,Angle,Unknown,Daylight,01 - Daylight,Municipal (excl. Twp. Rd.),No control,unknown,0,0,0,FALSE,FALSE,FALSE,Clear,,TRUE,Road 1: CONWAY DR; Road 2: GAY CRESCENT; Distance: 100.0 M W; Vehicle #1     Make: TOYO     Model: COR     Colour: GRY     Style: 4D; Vehicle #2     Make:      Model:      Colour:      Style:,3/26/2021 11:53:20 AM,545314.4192,4810772.742