OBJECTID,ACCIDENTNUM,ACCIDENTDATE,ACCIDENT_YEAR,ACCIDENT_MONTH,ACCIDENT_DAY,ACCIDENT_HOUR,ACCIDENT_MINUTE,ACCIDENT_SECOND,ACCIDENT_WEEKDAY,XCOORD,YCOORD,LONGITUDE,LATITUDE,ACCIDENTLOCATION,COLLISIONTYPE,CLASSIFICATIONOFACCIDENT,IMPACTLOCATION,INITIALDIRECTIONOFTRAVELONE,INITIALDIRECTIONOFTRAVELTWO,INITIALIMPACTTYPE,INTTRAFFICCONTROL,LIGHT,LIGHTFORREPORT,ROADJURISDICTION,TRAFFICCONTROL,TRAFFICCONTROLCONDITION,THRULANENO,NORTHBOUNDDISOBEYCOUNT,SOUTHBOUNDDISOBEYCOUNT,PEDESTRIANINVOLVED,CYCLISTINVOLVED,MOTORCYCLISTINVOLVED,ENVIRONMENTCONDITION1,ENVIRONMENTCONDITION2,SELFREPORTED,XMLIMPORTNOTES,LASTEDITEDDATE,x,y
48882,19037928,2/15/2019 11:50:00 PM,2019,2,15,23,50,0,Friday,538915.6863,4810255.64,-80.519081,43.444199,Non intersection,2,P.D. only,Thru lane,unknown,unknown,Rear end,Unknown,Dark,07 - Dark,Municipal (excl. Twp. Rd.),No control,unknown,0,0,0,FALSE,FALSE,FALSE,Clear,,TRUE,Road 1: BRYBECK CRESCENT; Road 2: WESTMOUNT RD W; Distance: 300.0 M E; Vehicle #1     Make: NISS     Model: ATS     Colour: GRY     Style: 4D; Vehicle #2     Make:      Model:      Colour:      Style:,3/26/2021 11:53:12 AM,538915.6863,4810255.64
48883,19038549,2/17/2019 6:30:00 AM,2019,2,17,6,30,0,Sunday,544393.6651,4802922.323,-80.451982,43.377865,Non intersection,2,P.D. only,Not on roadway - right side,unknown,unknown,SMV other,Unknown,Dark,07 - Dark,Municipal (excl. Twp. Rd.),No control,unknown,0,0,0,FALSE,FALSE,FALSE,Snow,,FALSE,Road 1: CARYNDALE DR (50 km/h); Road 2: ROBERT FERRIE DR; Distance: 50.0 M S; Vehicle #1     Make: SUBA     Model: ISE     Colour: BLU     Style: SW,3/26/2021 11:53:11 AM,544393.6651,4802922.323
48884,19038992,2/18/2019 1:00:00 AM,2019,2,18,1,0,0,Monday,542108.784,4807131.05,-80.479863,43.415892,At intersection,2,P.D. only,Within intersection,unknown,unknown,Angle,Unknown,Dark,07 - Dark,Municipal (excl. Twp. Rd.),Traffic signal,Functioning,0,0,0,FALSE,FALSE,FALSE,Snow,,TRUE,Road 1: BLOCK LINE RD; Road 2: STRASBURG RD; Vehicle #1     Make: HOND     Model: UCD     Colour: RED     Style: 4D; Vehicle #2     Make: HOND     Model: UDY     Colour: BLK     Style: VN,4/9/2021 4:27:45 PM,542108.784,4807131.05
48885,19039856,2/19/2019 8:50:00 AM,2019,2,19,8,50,0,Tuesday,549339.5655,4805843.61,-80.390667,43.403859,Intersection related,2,P.D. only,Thru lane,unknown,unknown,Other,Unknown,Daylight,01 - Daylight,Municipal (excl. Twp. Rd.),Stop sign,unknown,0,0,0,FALSE,FALSE,FALSE,Clear,,TRUE,Road 1: EDGEHILL DR; Road 2: STANSON CLOSE; Vehicle #1     Make: LNDR     Model: DIS     Colour: BLK     Style: TY; Vehicle #2     Make:      Model:      Colour:      Style:,4/9/2021 4:26:51 PM,549339.5655,4805843.61
48886,19039889,2/17/2019 6:55:00 PM,2019,2,17,18,55,0,Sunday,543073.6549,4812799.218,-80.467498,43.466874,Intersection related,2,P.D. only,Thru lane,unknown,unknown,Rear end,Unknown,"Dark, artificial","08 - Dark, artificial",Municipal (excl. Twp. Rd.),unknown,Functioning,0,0,0,FALSE,FALSE,FALSE,Clear,,TRUE,Road 1: SHIRLEY AVE; Road 2: RIVERBEND DR; Vehicle #1     Make: HYUN     Model: ESS     Colour: RED     Style: 4D; Vehicle #2     Make: FORD     Model: EDG     Colour: GRY     Style: TY,4/9/2021 4:26:53 PM,543073.6549,4812799.218
48887,19039905,2/16/2019 1:00:00 PM,2019,2,16,13,0,0,Saturday,538688.3082,4807649.179,-80.522076,43.420742,Non intersection,2,P.D. only,Not on roadway - right side,unknown,unknown,SMV unattended vehicle,Unknown,Daylight,01 - Daylight,Municipal (excl. Twp. Rd.),No control,unknown,0,0,0,FALSE,FALSE,FALSE,Clear,,TRUE,Road 1: PINEHURST CRESCENT; Road 2: MCGARRY DR; Distance: 100.0 M N; Vehicle #1     Make: FORD     Model: SPE     Colour: WHI     Style: TY; Vehicle #2     Make: TOYT     Model: RV4     Colour: GRY     Style: TY,3/26/2021 11:53:18 AM,538688.3082,4807649.179
48888,19040014,2/19/2019 1:00:00 PM,2019,2,19,13,0,0,Tuesday,548117.8601,4804527.785,-80.40587,43.392091,At intersection,2,P.D. only,Within intersection,unknown,unknown,Angle,Unknown,Daylight,01 - Daylight,Regional municipality,Stop sign,Functioning,0,0,0,FALSE,FALSE,FALSE,Clear,,FALSE,Road 1: DOON VALLEY DR (50 km/h); Road 2: OLD MILL RD (50 km/h); Distance: 5.0 M S; Vehicle #1     Make: DODG     Model: CTX     Colour: YEL     Style: 2D; Vehicle #2     Make: TOYT     Model: CCX     Colour: GRY     Style: 4D,4/9/2021 4:27:50 PM,548117.8601,4804527.785
48889,19040043,2/19/2019 2:15:00 PM,2019,2,19,14,15,0,Tuesday,544231.3018,4813253.956,-80.45315,43.470901,Non intersection,2,P.D. only,Not on roadway - right side,unknown,unknown,SMV other,Unknown,Daylight,01 - Daylight,Municipal (excl. Twp. Rd.),No control,unknown,0,0,0,FALSE,FALSE,FALSE,Clear,,FALSE,Road 1: SHIRLEY AVE (60 km/h); Road 2: BINGEMANS CENTRE DR; Distance: 37.0 M E; Vehicle #1     Make: MACK     Model: 600     Colour: BLU     Style: CB,3/26/2021 11:53:14 AM,544231.3018,4813253.956
48890,19040158,2/19/2019 6:05:00 AM,2019,2,19,6,5,0,Tuesday,539268.2967,4810592.157,-80.514699,43.447211,At/near private drive,2,Non-reportable,Thru lane,unknown,unknown,Angle,Unknown,Dark,07 - Dark,Municipal (excl. Twp. Rd.),No control,unknown,0,0,0,FALSE,FALSE,FALSE,Clear,,TRUE,Road 1: GAGE AVE; Road 2: BELMONT AVE W; Vehicle #1     Make: CHEV     Model: SIL     Colour: WHI     Style: PK; Vehicle #2     Make: INFI     Model: EXA     Colour: WHI     Style: SW,4/9/2021 4:29:02 PM,539268.2967,4810592.157
48891,19040379,2/19/2019 10:21:00 PM,2019,2,19,22,21,0,Tuesday,545274.8074,4806435.334,-80.440815,43.409444,At intersection,2,P.D. only,Within intersection,unknown,unknown,Angle,Stop sign,Dark,07 - Dark,Regional municipality,Stop sign,Functioning,0,0,0,FALSE,FALSE,FALSE,Clear,,FALSE,Road 1: WABANAKI DR (50 km/h); Road 2: WILSON AVE (50 km/h); Vehicle #1     Make: VOLK     Model: CGD     Colour: SIL     Style: 4B; Vehicle #2     Make: LEXS     Model: HS2     Colour: GRY     Style: 4D,4/9/2021 4:27:48 PM,545274.8074,4806435.334
48892,19040600,2/20/2019 9:23:00 AM,2019,2,20,9,23,0,Wednesday,543045.295,4809760.617,-80.468088,43.439516,At intersection,2,Non-reportable,Within intersection,unknown,unknown,Rear end,Unknown,Daylight,01 - Daylight,Municipal (excl. Twp. Rd.),Stop sign,Obscured,0,0,0,FALSE,FALSE,FALSE,Clear,,TRUE,Road 1: PRESTON ST; Road 2: CHARLES ST E; Vehicle #1     Make: HOND     Model: UCD     Colour: GRY     Style: 4D; Vehicle #2     Make: HYUN     Model: TUC     Colour: BLK     Style: TY,4/9/2021 4:28:00 PM,543045.295,4809760.617
48893,19040885,2/20/2019 2:50:00 PM,2019,2,20,14,50,0,Wednesday,540487.4218,4809736.478,-80.499697,43.439441,At intersection,2,P.D. only,Within intersection,unknown,unknown,Angle,Unknown,Daylight,01 - Daylight,Municipal (excl. Twp. Rd.),Stop sign,Functioning,0,0,0,FALSE,FALSE,FALSE,Clear,,TRUE,Road 1: SPADINA RD W; Road 2: QUEEN'S BLVD; Vehicle #1     Make: CHEV     Model: CZT     Colour: RED     Style: 4D; Vehicle #2     Make: DODG     Model: CAR     Colour: GRY     Style: VN,4/9/2021 4:27:54 PM,540487.4218,4809736.478
48894,19041060,2/20/2019 6:48:00 PM,2019,2,20,18,48,0,Wednesday,541001.3845,4810880.792,-80.49326,43.449717,At/near private drive,1,Non-fatal injury,Right shoulder,unknown,unknown,SMV other,Unknown,Dark,07 - Dark,Municipal (excl. Twp. Rd.),No control,unknown,0,0,0,TRUE,FALSE,FALSE,Rain,,FALSE,Road 1: 15 CHARLES ST E (50 km/h); Road 2: CHARLES ST E; Distance: 1.0 M N; Vehicle #1     Make: ALEX     Model: ENV     Colour: GRN     Style: BU,4/27/2022 10:42:30 AM,541001.3845,4810880.792
48895,19041071,2/16/2019 11:00:00 AM,2019,2,16,11,0,0,Saturday,539891.6031,4807659.633,-80.507211,43.420773,Non intersection,2,P.D. only,Thru lane,unknown,unknown,SMV unattended vehicle,Unknown,Daylight,01 - Daylight,Municipal (excl. Twp. Rd.),No control,unknown,0,0,0,FALSE,FALSE,FALSE,Clear,,TRUE,Road 1: 147 WINDALE CRESCENT; Vehicle #1     Make:      Model:      Colour:      Style: ; Vehicle #2     Make: CADI     Model: CT     Colour: RED     Style: 4D,3/26/2021 11:53:17 AM,539891.6031,4807659.633
48896,19041206,2/20/2019 10:01:00 PM,2019,2,20,22,1,0,Wednesday,542632.1918,4803742.947,-80.473662,43.385356,At/near private drive,2,P.D. only,Right shoulder,unknown,unknown,SMV other,Unknown,Dark,07 - Dark,Municipal (excl. Twp. Rd.),No control,unknown,0,0,0,FALSE,FALSE,FALSE,Freezing Rain,,FALSE,Road 1: 130 BANFFSHIRE ST (50 km/h); Road 2: BANFFSHIRE ST; Distance: 1.0 M N; Vehicle #1     Make: HYUN     Model: ESM     Colour: BLK     Style: 4D,4/9/2021 4:28:52 PM,542632.1918,4803742.947
48897,19041218,2/20/2019 10:41:00 PM,2019,2,20,22,41,0,Wednesday,541936.8675,4816313.698,-80.48128,43.498583,Intersection related,2,P.D. only,Thru lane,unknown,unknown,Approaching,Unknown,"Dark, artificial","08 - Dark, artificial",Municipal (excl. Twp. Rd.),Stop sign,unknown,1,0,0,FALSE,FALSE,FALSE,Freezing Rain,,FALSE,Road 1: WOOLWICH ST (50 km/h); Road 2: KIWANIS PARK DR (50 km/h); Vehicle #1     Make: AUDI     Model: CQ5     Colour: GRY     Style: TY; Vehicle #2     Make: CHEV     Model: MZ     Colour: BLK     Style: 4D,4/9/2021 4:26:50 PM,541936.8675,4816313.698
48898,19041707,2/21/2019 3:00:00 PM,2019,2,21,15,0,0,Thursday,545906.8869,4809346.282,-80.432764,43.435615,At intersection,2,P.D. only,Within intersection,unknown,unknown,Angle,Unknown,Daylight,01 - Daylight,Municipal (excl. Twp. Rd.),unknown,Functioning,0,0,0,FALSE,FALSE,FALSE,Clear,,TRUE,Road 1: KINZIE AVE; Road 2: THALER AVE; Vehicle #1     Make: HYUN     Model: AGS     Colour: WHI     Style: 4B; Vehicle #2     Make: VOLK     Model: JBS     Colour: WHI     Style: 4D,4/9/2021 4:27:51 PM,545906.8869,4809346.282
48899,19042606,2/22/2019 5:17:00 PM,2019,2,22,17,17,0,Friday,546019.7163,4803252.594,-80.431883,43.380741,At/near private drive,2,P.D. only,Thru lane,unknown,unknown,SMV unattended vehicle,Unknown,Dusk,05 - Dusk,Township,No control,unknown,1,0,0,FALSE,FALSE,FALSE,Clear,,FALSE,Road 1: 424 DOON SOUTH DR (50 km/h); Road 2: DOON SOUTH DR; Distance: 1.0 K S; Vehicle #1     Make: NISS     Model: SBL     Colour: BLK     Style: 4D; Vehicle #2     Make: CHEV     Model: EQU     Colour: BLK     Style: TY,4/9/2021 4:28:53 PM,546019.7163,4803252.594
48900,19042622,2/22/2019 5:40:00 PM,2019,2,22,17,40,0,Friday,546063.4734,4809492.295,-80.430817,43.43692,Intersection related,2,P.D. only,Thru lane,unknown,unknown,Sideswipe,Unknown,Dusk,05 - Dusk,Municipal (excl. Twp. Rd.),Traffic signal,Functioning,0,0,0,FALSE,FALSE,FALSE,Clear,,TRUE,Road 1: RIVER RD E; Road 2: KINZIE AVE; Vehicle #1     Make: KIA     Model: SOR     Colour: WHI     Style: TY; Vehicle #2     Make: MERZ     Model: C23     Colour: BLK     Style: 4D,4/9/2021 4:26:55 PM,546063.4734,4809492.295
48901,19043105,2/21/2019 4:30:00 PM,2019,2,21,16,30,0,Thursday,543185.8556,4804484.866,-80.466768,43.392005,Non intersection,2,P.D. only,Thru lane,unknown,unknown,Rear end,Unknown,Daylight,01 - Daylight,Municipal (excl. Twp. Rd.),No control,unknown,0,0,0,FALSE,FALSE,FALSE,Clear,,TRUE,Road 1: HURON RD (STRASBURG ROAD); Vehicle #1     Make: MERZ     Model: 4M4     Colour: BLK     Style: 4D; Vehicle #2     Make: CHEV     Model: RAX     Colour: WHI     Style: TY,3/26/2021 11:53:29 AM,543185.8556,4804484.866
48902,19043184,2/23/2019 10:00:00 AM,2019,2,23,10,0,0,Saturday,541142.5924,4806764.2,-80.491825,43.412643,Intersection related,2,P.D. only,Thru lane,unknown,unknown,Rear end,Unknown,Daylight,01 - Daylight,Municipal (excl. Twp. Rd.),unknown,Functioning,0,0,0,FALSE,FALSE,FALSE,Clear,,TRUE,Road 1: BLOCK LINE RD; Road 2: LAURENTIAN DR; Vehicle #1     Make: HYUN     Model: ETG     Colour: BLU     Style: 4B; Vehicle #2     Make: RAM     Model: RTR     Colour: BLU     Style: PK,4/9/2021 4:27:33 PM,541142.5924,4806764.2
48903,19044052,2/24/2019 10:33:00 AM,2019,2,24,10,33,0,Sunday,540799.8319,4806481.796,-80.49608,43.410119,At/near private drive,2,P.D. only,Thru lane,unknown,unknown,SMV unattended vehicle,Unknown,Daylight,01 - Daylight,Municipal (excl. Twp. Rd.),No control,unknown,0,0,0,FALSE,FALSE,FALSE,Clear,,TRUE,Road 1: 3 DUNEDIN COURT (IFO 3 DUNEDUN COURT); Vehicle #1     Make: HOND     Model: UAX     Colour: BLK     Style: 4D; Vehicle #2     Make: KIA     Model: RES     Colour: GRY     Style: 4D,4/9/2021 4:29:59 PM,540799.8319,4806481.796
48904,19044298,2/24/2019 5:00:00 PM,2019,2,24,17,0,0,Sunday,538196.4776,4809022.573,-80.528055,43.433133,At intersection,2,P.D. only,Within intersection,unknown,unknown,SMV other,Unknown,Daylight,01 - Daylight,Municipal (excl. Twp. Rd.),Stop sign,Functioning,0,0,0,FALSE,FALSE,FALSE,Clear,,FALSE,Road 1: BANKSIDE DR (50 km/h); Road 2: BENESFORT DR (50 km/h); Vehicle #1     Make: LEXS     Model: E35     Colour: BRN     Style: 4D,4/9/2021 4:28:20 PM,538196.4776,4809022.573
48905,19044399,2/24/2019 8:13:00 PM,2019,2,24,20,13,0,Sunday,542108.8909,4807131.446,-80.479862,43.415896,At intersection,1,Non-fatal injury,Within intersection,unknown,unknown,Angle,Unknown,Dark,07 - Dark,Municipal (excl. Twp. Rd.),Traffic signal,Functioning,0,0,0,FALSE,FALSE,FALSE,Snow,,FALSE,Road 1: BLOCK LINE RD (50 km/h); Road 2: STRASBURG RD (50 km/h); Vehicle #1     Make: TOYT     Model: MTL     Colour: RED     Style: 4D; Vehicle #2     Make: HYUN     Model: SAN     Colour: BRN     Style: TY,4/9/2021 4:28:21 PM,542108.8909,4807131.447
48906,19044764,2/24/2019 1:00:00 AM,2019,2,24,1,0,0,Sunday,547425.0453,4809731.801,-80.413972,43.438992,Non intersection,2,Non-reportable,Right shoulder,unknown,unknown,SMV unattended vehicle,Unknown,Dark,07 - Dark,Municipal (excl. Twp. Rd.),No control,unknown,0,0,0,FALSE,FALSE,FALSE,Clear,,TRUE,Road 1: 14 GRASSWOOD ST (IN FRONT OF 14 GRASSWOOD); Road 2: WATERBEND CRES; Distance: 40.0 M E; Vehicle #1     Make:      Model:      Colour:      Style: ; Vehicle #2     Make: TOYT     Model: RG4     Colour: GRN     Style: TY,4/9/2021 4:26:22 PM,547425.0453,4809731.801
48907,19044827,2/25/2019 8:45:00 AM,2019,2,25,8,45,0,Monday,541620.9097,4805593.842,-80.486006,43.402079,Non intersection,2,P.D. only,Thru lane,unknown,unknown,SMV other,Unknown,Daylight,01 - Daylight,Municipal (excl. Twp. Rd.),No control,unknown,0,0,0,FALSE,FALSE,FALSE,Snow,,TRUE,Road 1: TRILLIUM DR; Road 2: WASHBURN DR; Vehicle #1     Make: FORD     Model: FHY     Colour: WHI     Style: 4D,4/9/2021 4:26:30 PM,541620.9097,4805593.842
48908,19044840,2/25/2019 11:57:00 AM,2019,2,25,11,57,0,Monday,542303.37,4810268.936,-80.477216,43.444135,At/near private drive,2,P.D. only,Thru lane,unknown,unknown,Angle,Unknown,Daylight,01 - Daylight,Municipal (excl. Twp. Rd.),No control,unknown,1,0,0,FALSE,FALSE,FALSE,Other,,FALSE,Road 1: STIRLING AVE N (50 km/h); Road 2: KING ST E; Distance: 20.0 M S; Vehicle #1     Make:      Model:      Colour:      Style: ; Vehicle #2     Make: HYUN     Model: ELA     Colour: BLU     Style: 4D,4/9/2021 4:29:24 PM,542303.37,4810268.936
48909,19044841,2/25/2019 11:30:00 AM,2019,2,25,11,30,0,Monday,542988.8259,4807932.811,-80.46893,43.423062,Non intersection,2,P.D. only,Within intersection,unknown,unknown,Angle,Unknown,Daylight,01 - Daylight,Private property,No control,unknown,0,0,0,FALSE,FALSE,FALSE,Snow,,TRUE,Road 1: LENNOX LEWIS WAY KITCHENER; Road 2: ACTIVA SPORTS CENTRE; Vehicle #1     Make: MAZD     Model: 3TR     Colour: GRY     Style: 4B; Vehicle #2     Make: HOND     Model: HRV     Colour: WHI     Style: TY,4/9/2021 4:26:31 PM,542988.8259,4807932.811
48910,19044866,2/25/2019 12:25:00 PM,2019,2,25,12,25,0,Monday,545092.954,4807789.562,-80.442949,43.421648,Non intersection,2,Non-reportable,Thru lane,unknown,unknown,Rear end,Unknown,Daylight,01 - Daylight,Municipal (excl. Twp. Rd.),No control,unknown,0,0,0,FALSE,FALSE,FALSE,Drifting Snow,,TRUE,Road 1: WILSON AVE; Road 2: KINGSWAY DR; Distance: 100.0 M S; Vehicle #1     Make: DODG     Model: CAR     Colour: RED     Style: VN; Vehicle #2     Make: HOND     Model: UDY     Colour: GRY     Style: TY,4/9/2021 4:26:00 PM,545092.954,4807789.562
48911,19045007,2/25/2019 4:00:00 PM,2019,2,25,16,0,0,Monday,544884.0451,4804849.824,-80.445771,43.395191,At intersection,2,P.D. only,Within intersection,unknown,unknown,Turning movement,Unknown,Daylight,01 - Daylight,Municipal (excl. Twp. Rd.),Traffic signal,Functioning,0,0,0,FALSE,FALSE,FALSE,Clear,,TRUE,Road 1: DOON VILLAGE RD; Road 2: PIONEER DR; Vehicle #1     Make: AUDI     Model: 41Q     Colour: GRN     Style: 4D; Vehicle #2     Make: TOYT     Model: MTL     Colour: GRY     Style: 4D,4/9/2021 4:28:45 PM,544884.0451,4804849.824
48912,19045177,2/25/2019 9:30:00 AM,2019,2,25,9,30,0,Monday,542076.0389,4807373.795,-80.480249,43.41808,At/near private drive,2,P.D. only,Thru lane,unknown,unknown,SMV unattended vehicle,Unknown,Daylight,01 - Daylight,Municipal (excl. Twp. Rd.),No control,unknown,0,0,0,FALSE,FALSE,FALSE,Strong wind,,TRUE,Road 1: SELKIRK DR (IFO 141); Vehicle #1     Make:      Model:      Colour:      Style: ; Vehicle #2     Make: CHEV     Model: EXP     Colour: WHI     Style: FV,4/9/2021 4:30:01 PM,542076.0389,4807373.795
48913,19045399,3/21/2019 7:35:00 AM,2019,3,21,7,35,0,Thursday,541444.724,4810410.305,-80.487816,43.445456,At intersection,2,P.D. only,Within intersection,unknown,unknown,SMV other,Unknown,Daylight,01 - Daylight,Regional municipality,Stop sign,Functioning,0,0,0,FALSE,FALSE,FALSE,Clear,,FALSE,Road 1: ST GEORGE ST (50 km/h); Road 2: PETER ST (50 km/h); Vehicle #1     Make:      Model:      Colour:      Style:,4/9/2021 4:28:22 PM,541444.724,4810410.305
48914,19045726,2/23/2019 8:45:00 AM,2019,2,23,8,45,0,Saturday,548002.0325,4811102.468,-80.406722,43.451297,At intersection,2,Non-reportable,Within intersection,unknown,unknown,Sideswipe,Unknown,Daylight,01 - Daylight,Municipal (excl. Twp. Rd.),Stop sign,Functioning,0,0,0,FALSE,FALSE,FALSE,Clear,,TRUE,Road 1: PEBBLECREEK DR; Road 2: OLD ZELLER DR; Distance: 5.0 M W; Vehicle #1     Make: TOYT     Model: TIM     Colour: BLK     Style: 4B; Vehicle #2     Make:      Model:      Colour:      Style:,4/9/2021 4:28:00 PM,548002.0325,4811102.468
48915,19045728,2/24/2019 12:40:00 PM,2019,2,24,12,40,0,Sunday,547416.6107,4809731.802,-80.414076,43.438992,Non intersection,2,Non-reportable,Thru lane,unknown,unknown,Other,Unknown,Daylight,01 - Daylight,Private property,No control,unknown,0,0,0,FALSE,FALSE,FALSE,Clear,,TRUE,Road 1: 10 GRASSWOOD ST (STREET PARKING); Vehicle #1     Make: CHEV     Model: CZT     Colour: ONG     Style: 4D; Vehicle #2     Make:      Model:      Colour:      Style:,4/9/2021 4:26:00 PM,547416.6107,4809731.802
48916,19045865,2/26/2019 5:10:00 PM,2019,2,26,17,10,0,Tuesday,541630.6915,4810890.019,-80.485482,43.449765,Non intersection,2,P.D. only,Thru lane,unknown,unknown,Angle,Unknown,Daylight,01 - Daylight,Municipal (excl. Twp. Rd.),No control,unknown,0,0,0,FALSE,FALSE,FALSE,Clear,,TRUE,Road 1: 50 DUKE ST E CITY COMMERCIAL CORE (PARKING EXIT RAMP); Vehicle #1     Make: CHEV     Model: IMT     Colour: SIL     Style: 4D; Vehicle #2     Make: DODG     Model: CAR     Colour: RED     Style: VN,4/9/2021 4:26:31 PM,541630.6915,4810890.019
48917,19045892,2/26/2019 5:46:00 PM,2019,2,26,17,46,0,Tuesday,538343.6868,4808420.926,-80.526279,43.427709,At/near private drive,2,P.D. only,Thru lane,unknown,unknown,Angle,Unknown,Dusk,05 - Dusk,Municipal (excl. Twp. Rd.),No control,unknown,0,0,0,FALSE,FALSE,FALSE,Clear,,TRUE,Road 1: QUEEN'S BLVD (IFO 204); Vehicle #1     Make: DODG     Model: CAR     Colour: GRY     Style: VN; Vehicle #2     Make: CHEV     Model: BLT     Colour: RED     Style: 4D,4/9/2021 4:29:01 PM,538343.6868,4808420.926
48918,19045979,2/26/2019 3:40:00 PM,2019,2,26,15,40,0,Tuesday,547780.744,4804386.688,-80.410045,43.390842,Intersection related,2,P.D. only,Thru lane,unknown,unknown,Other,Unknown,Daylight,01 - Daylight,Municipal (excl. Twp. Rd.),Stop sign,unknown,0,0,0,FALSE,FALSE,FALSE,Clear,,TRUE,Road 1: CONESTOGA COLLEGE BLVD; Road 2: DOON VALLEY DRIVE; Vehicle #1     Make: LEXS     Model: RX5     Colour: WHI     Style: TY; Vehicle #2     Make:      Model:      Colour:      Style:,4/9/2021 4:27:37 PM,547780.744,4804386.688
48919,19046300,2/26/2019 3:30:00 PM,2019,2,26,15,30,0,Tuesday,541986.7281,4807720.351,-80.481325,43.421205,Non intersection,2,P.D. only,Thru lane,unknown,unknown,Other,Unknown,Daylight,01 - Daylight,Municipal (excl. Twp. Rd.),No control,unknown,0,0,0,FALSE,FALSE,FALSE,Clear,,TRUE,Road 1: APPALACHIAN CRESCENT; Road 2: KINGSWOOD DR; Distance: 200.0 M S; Vehicle #1     Make: MAZD     Model: TRI     Colour: GRY     Style: TY; Vehicle #2     Make: DODG     Model: AVN     Colour: RED     Style: 4D,4/9/2021 4:26:33 PM,541986.7281,4807720.351
48920,19046322,2/27/2019 11:00:00 AM,2019,2,27,11,0,0,Wednesday,540292.3148,4806729.822,-80.502329,43.41238,Intersection related,2,P.D. only,Not on roadway - right side,unknown,unknown,SMV other,Unknown,Daylight,01 - Daylight,Municipal (excl. Twp. Rd.),Stop sign,Functioning,0,0,0,FALSE,FALSE,FALSE,Snow,,FALSE,Road 1: RISTAU CRESCENT (50 km/h); Road 2: DINISON CRESCENT (50 km/h); Distance:  K; Vehicle #1     Make:      Model: -     Colour:      Style:,4/9/2021 4:27:17 PM,540292.3148,4806729.822
48921,19046344,2/27/2019 11:30:00 AM,2019,2,27,11,30,0,Wednesday,539316.7236,4810616.036,-80.514099,43.447423,At intersection,2,P.D. only,Within intersection,unknown,unknown,Turning movement,Unknown,Daylight,01 - Daylight,Municipal (excl. Twp. Rd.),Traffic signal,Functioning,0,0,0,FALSE,FALSE,FALSE,Snow,,TRUE,Road 1: BELMONT AVE W; Road 2: GAGE AVE; Vehicle #1     Make: TOYT     Model: CBL     Colour: RED     Style: 4D; Vehicle #2     Make: FORD     Model: CVI     Colour: GRN     Style: 4D; Vehicle #3     Make:      Model:      Colour:      Style: ; Vehicle #4,4/9/2021 4:27:53 PM,539316.7236,4810616.036
48922,19046370,2/27/2019 11:00:00 AM,2019,2,27,11,0,0,Wednesday,539991.4544,4811358.21,-80.505706,43.45407,At intersection,2,P.D. only,Within intersection,unknown,unknown,Rear end,Unknown,Daylight,01 - Daylight,Municipal (excl. Twp. Rd.),unknown,Functioning,0,0,0,FALSE,FALSE,FALSE,Snow,,TRUE,Road 1: AGNES ST; Road 2: WALTER ST; Vehicle #1     Make: TOYT     Model: RG4     Colour: GRY     Style: TY; Vehicle #2     Make: FORD     Model: FSE     Colour: GRY     Style: 4B,4/9/2021 4:27:59 PM,539991.4544,4811358.211
48923,19046433,2/27/2019 1:30:00 PM,2019,2,27,13,30,0,Wednesday,545121.7023,4807672.731,-80.442604,43.420594,Non intersection,2,P.D. only,Thru lane,unknown,unknown,Rear end,Unknown,Daylight,01 - Daylight,Municipal (excl. Twp. Rd.),No control,unknown,0,0,0,FALSE,FALSE,FALSE,Snow,,TRUE,Road 1: WILSON AVE; Road 2: FAIRWAY RD S; Vehicle #1     Make: ACUR     Model: CEP     Colour: SIL     Style: 4D; Vehicle #2     Make:      Model:      Colour:      Style: ; Vehicle #3     Make: FORD     Model: COF     Colour: BLU     Style: PK,3/26/2021 11:53:15 AM,545121.7023,4807672.731
48924,19046528,2/27/2019 3:00:00 PM,2019,2,27,15,0,0,Wednesday,543131.9509,4805308.854,-80.467369,43.399427,At/near private drive,2,P.D. only,Thru lane,unknown,unknown,Sideswipe,Unknown,Daylight,01 - Daylight,Regional municipality,No control,unknown,0,0,0,FALSE,FALSE,FALSE,Snow,,TRUE,Road 1: STRASBURG RD (IFO 1548); Road 2: BLEAMS; Vehicle #1     Make: AMER     Model: A45     Colour: WHI     Style: FV; Vehicle #2     Make: VOLK     Model: TOUA     Colour: GRY     Style: MUL,4/9/2021 4:29:03 PM,543131.9509,4805308.854
48925,19046587,2/27/2019 4:15:00 PM,2019,2,27,16,15,0,Wednesday,541217.3822,4811273.325,-80.490561,43.453239,At intersection,2,P.D. only,Not on roadway - right side,unknown,unknown,SMV other,Unknown,Daylight,01 - Daylight,Township,Traffic signal,Functioning,0,0,0,FALSE,FALSE,FALSE,Snow,,FALSE,Road 1: YOUNG ST (50 km/h); Road 2: PRINCESS ST E (50 km/h); Vehicle #1     Make:      Model: -     Colour:      Style:,4/9/2021 4:28:21 PM,541217.3822,4811273.325