OBJECTID,ACCIDENTNUM,ACCIDENTDATE,ACCIDENT_YEAR,ACCIDENT_MONTH,ACCIDENT_DAY,ACCIDENT_HOUR,ACCIDENT_MINUTE,ACCIDENT_SECOND,ACCIDENT_WEEKDAY,XCOORD,YCOORD,LONGITUDE,LATITUDE,ACCIDENTLOCATION,COLLISIONTYPE,CLASSIFICATIONOFACCIDENT,IMPACTLOCATION,INITIALDIRECTIONOFTRAVELONE,INITIALDIRECTIONOFTRAVELTWO,INITIALIMPACTTYPE,INTTRAFFICCONTROL,LIGHT,LIGHTFORREPORT,ROADJURISDICTION,TRAFFICCONTROL,TRAFFICCONTROLCONDITION,THRULANENO,NORTHBOUNDDISOBEYCOUNT,SOUTHBOUNDDISOBEYCOUNT,PEDESTRIANINVOLVED,CYCLISTINVOLVED,MOTORCYCLISTINVOLVED,ENVIRONMENTCONDITION1,ENVIRONMENTCONDITION2,SELFREPORTED,XMLIMPORTNOTES,LASTEDITEDDATE,x,y
48970,19055641,3/10/2019 9:00:00 PM,2019,3,10,21,0,0,Sunday,543545.9324,4809138.741,-80.461952,43.433888,Non intersection,2,P.D. only,Right shoulder,unknown,unknown,SMV unattended vehicle,Unknown,Dark,07 - Dark,Municipal (excl. Twp. Rd.),No control,unknown,0,0,0,FALSE,FALSE,FALSE,Clear,,FALSE,Road 1: 75 CORNELL AVE (50 km/h); Road 2: CORNELL AVE; Distance: 7.0 M S; Vehicle #1     Make: SUBA     Model: FOR     Colour: WHI     Style: TY; Vehicle #2     Make: CHEV     Model: CZZ     Colour: BLK     Style: 4D,4/9/2021 4:25:36 PM,543545.9324,4809138.741
48971,19056159,3/11/2019 12:30:00 PM,2019,3,11,12,30,0,Monday,543040.0692,4812843.384,-80.467909,43.467273,Non intersection,2,Non-reportable,Thru lane,unknown,unknown,Rear end,Unknown,Daylight,01 - Daylight,Municipal (excl. Twp. Rd.),No control,unknown,0,0,0,FALSE,FALSE,FALSE,Clear,,TRUE,Road 1: RIVERBEND DR; Road 2: WELLINGTON ST N; Vehicle #1     Make: MERZ     Model: CSP     Colour: WHI     Style: FV; Vehicle #2     Make: MAZD     Model: CX5     Colour: GRY     Style: TY,4/9/2021 4:26:15 PM,543040.0692,4812843.384
48972,19056289,3/17/2019 9:00:00 PM,2019,3,17,21,0,0,Sunday,540655.297,4807978.127,-80.497753,43.4236,At/near private drive,2,P.D. only,Thru lane,unknown,unknown,SMV unattended vehicle,Unknown,Dark,07 - Dark,Municipal (excl. Twp. Rd.),No control,unknown,0,0,0,FALSE,FALSE,FALSE,Clear,,TRUE,Road 1: CHANDLER DR; Road 2: ELMSDALE DR; Distance: 100.0 M S; Vehicle #1     Make:      Model:      Colour:      Style: ; Vehicle #2     Make: FORD     Model: SPE     Colour: BLK     Style: TY,4/9/2021 4:29:54 PM,540655.297,4807978.127
48973,19056993,3/22/2019 6:10:00 AM,2019,3,22,6,10,0,Friday,545342.3364,4802519.433,-80.440305,43.374181,Non intersection,2,Non-reportable,Thru lane,unknown,unknown,SMV unattended vehicle,Unknown,Dark,07 - Dark,Municipal (excl. Twp. Rd.),No control,unknown,0,0,0,FALSE,FALSE,FALSE,Clear,,TRUE,Road 1: 16 MEDOWRIDGE ST KITCHENER; Vehicle #1     Make:      Model:      Colour:      Style: ; Vehicle #2     Make: TOYT     Model: UCS     Colour: GRY     Style: 4D,4/9/2021 4:25:44 PM,545342.3364,4802519.433
48974,19057178,3/12/2019 5:40:00 PM,2019,3,12,17,40,0,Tuesday,545300.268,4811279.899,-80.440098,43.453062,At/near private drive,2,Non-reportable,Thru lane,unknown,unknown,SMV unattended vehicle,Unknown,Daylight,01 - Daylight,Municipal (excl. Twp. Rd.),No control,unknown,0,0,0,FALSE,FALSE,FALSE,Clear,,TRUE,Road 1: BISHOP COURT (IFO 12); Vehicle #1     Make:      Model:      Colour:      Style: ; Vehicle #2     Make: HOND     Model: UCS     Colour: GRY     Style: 2D,4/9/2021 4:29:39 PM,545300.268,4811279.899
48975,19057726,3/8/2019 9:30:00 PM,2019,3,8,21,30,0,Friday,543982.8614,4803441.655,-80.457012,43.382565,At/near private drive,2,P.D. only,Thru lane,unknown,unknown,SMV unattended vehicle,Unknown,Dark,07 - Dark,Municipal (excl. Twp. Rd.),No control,unknown,0,0,0,FALSE,FALSE,FALSE,Clear,,TRUE,Road 1: HEARTHBRIDGE ST (IFO 23); Vehicle #1     Make:      Model:      Colour:      Style: ; Vehicle #2     Make: FORD     Model: COF     Colour: GRY     Style: PK,4/9/2021 4:29:37 PM,543982.8614,4803441.655
48976,19057956,1/28/2019 9:00:00 PM,2019,1,28,21,0,0,Monday,544250.7354,4809096.51,-80.453247,43.433466,Non intersection,2,Non-reportable,Thru lane,unknown,unknown,SMV unattended vehicle,Unknown,Dark,07 - Dark,Municipal (excl. Twp. Rd.),No control,unknown,0,0,0,FALSE,FALSE,FALSE,Clear,,TRUE,Road 1: 47 4TH AVE; Vehicle #1     Make:      Model:      Colour:      Style: ; Vehicle #2     Make: TOYT     Model: YAR     Colour: GRY     Style: 4D,4/9/2021 4:26:03 PM,544250.7354,4809096.51
48977,19058605,3/11/2019 3:00:00 PM,2019,3,11,15,0,0,Monday,540150.3047,4808613.257,-80.503945,43.429346,At/near private drive,2,P.D. only,Off highway,unknown,unknown,SMV unattended vehicle,Unknown,Daylight,01 - Daylight,Private property,No control,unknown,0,0,0,FALSE,FALSE,FALSE,Clear,,TRUE,Road 1: 96 SHADYWOOD CRESCENT; Vehicle #1     Make:      Model:      Colour:      Style: ; Vehicle #2     Make: TOYT     Model: RV4     Colour: GRY     Style: TY,4/9/2021 4:29:22 PM,540150.3047,4808613.257
48978,19059281,3/14/2019 1:15:00 PM,2019,3,14,13,15,0,Thursday,544860.2801,4806308.597,-80.445945,43.408327,Non intersection,2,Non-reportable,Thru lane,unknown,unknown,Turning movement,Unknown,Daylight,01 - Daylight,Municipal (excl. Twp. Rd.),No control,unknown,0,0,0,FALSE,FALSE,FALSE,Clear,,TRUE,Road 1: WABANAKI DR (IFO 610); Vehicle #1     Make: NISS     Model: VSL     Colour: RED     Style: 4B; Vehicle #2     Make: ACUR     Model: CSX     Colour: GRY     Style: 4D,4/9/2021 4:26:23 PM,544860.2801,4806308.597
48979,19059312,3/14/2019 9:30:00 AM,2019,3,14,9,30,0,Thursday,537045.2601,4807738.609,-80.542366,43.42163,At/near private drive,2,Non-reportable,Thru lane,unknown,unknown,SMV unattended vehicle,Unknown,Daylight,01 - Daylight,Municipal (excl. Twp. Rd.),No control,unknown,0,0,0,FALSE,FALSE,FALSE,Clear,,TRUE,Road 1: WESTVIEW COURT (IFO 210); Vehicle #1     Make: DODG     Model: CAR     Colour: GRY     Style: VN; Vehicle #2     Make: CHEV     Model: EXP     Colour: WHI     Style: VN,4/9/2021 4:29:53 PM,537045.2601,4807738.609
48980,19059883,3/15/2019 10:24:00 PM,2019,3,15,22,24,0,Friday,542760.7185,4811005.063,-80.471507,43.450737,At intersection,2,P.D. only,Thru lane,unknown,unknown,Rear end,Unknown,Dark,07 - Dark,Municipal (excl. Twp. Rd.),Traffic signal,Functioning,1,0,0,FALSE,FALSE,FALSE,Snow,,FALSE,Road 1: EAST AVE (50 km/h); Road 2: CAMERON ST N (50 km/h); Vehicle #1     Make: OLDS     Model: AG     Colour: WHI     Style: 4D; Vehicle #2     Make: TOYT     Model: CTX     Colour: GRY     Style: 4B; Vehicle #3     Make: JEEP     Model: CHK     Colour:,4/9/2021 4:28:03 PM,542760.7185,4811005.063
48981,19060019,4/23/2019 1:30:00 AM,2019,4,23,1,30,0,Tuesday,544046.5833,4808883.971,-80.455786,43.431564,Intersection related,2,P.D. only,Off highway,unknown,unknown,SMV other,Unknown,Dark,07 - Dark,Municipal (excl. Twp. Rd.),Stop sign,Functioning,0,0,0,FALSE,FALSE,FALSE,Snow,,FALSE,Road 1: 207 CONNAUGHT ST (50 km/h); Road 2: CONNAUGHT ST (50 km/h); Distance:  K; Vehicle #1     Make: HOND     Model: PILO     Colour:      Style:,4/9/2021 4:27:15 PM,544046.5833,4808883.971
48982,19060349,3/16/2019 12:08:00 PM,2019,3,16,12,8,0,Saturday,541651.4126,4809314.494,-80.485346,43.435578,At intersection,2,P.D. only,Within intersection,unknown,unknown,Angle,Unknown,Daylight,01 - Daylight,Regional municipality,Stop sign,Functioning,0,1,0,FALSE,FALSE,FALSE,Clear,,FALSE,Road 1: MILL ST (50 km/h); Road 2: HEIMAN ST (50 km/h); Vehicle #1     Make: BMW     Model: 43X     Colour: BLK     Style: 2D; Vehicle #2     Make: VOLK     Model: ATL     Colour: SIL     Style: TY,4/9/2021 4:28:21 PM,541651.4126,4809314.494
48983,19060431,3/16/2019 2:07:00 PM,2019,3,16,14,7,0,Saturday,544761.5787,4811448.008,-80.446742,43.454609,At intersection,2,P.D. only,Thru lane,unknown,unknown,Rear end,Unknown,Daylight,01 - Daylight,Municipal (excl. Twp. Rd.),Traffic signal,Functioning,1,0,0,FALSE,FALSE,FALSE,Clear,,FALSE,Road 1: RIVER RD E (60 km/h); Road 2: HICKSON DR (40 km/h); Vehicle #1     Make: HOND     Model: UCL     Colour: BLU     Style: 4D; Vehicle #2     Make: TOYT     Model: UCS     Colour: GRY     Style: 4D; Vehicle #3     Make: GMC     Model: DEN     Colour:,4/9/2021 4:28:13 PM,544761.5787,4811448.008
48984,19062187,3/17/2019 6:28:00 PM,2019,3,17,18,28,0,Sunday,540016.3325,4811011.451,-80.505424,43.450946,At/near private drive,2,P.D. only,Thru lane,unknown,unknown,Angle,Unknown,Dark,07 - Dark,Municipal (excl. Twp. Rd.),No control,unknown,1,0,0,FALSE,FALSE,FALSE,Clear,,FALSE,Road 1: STEWART ST (50 km/h); Road 2: PARK ST; Distance: 50.0 M W; Vehicle #1     Make: NISS     Model: PFI     Colour: BLK     Style: TY; Vehicle #2     Make: TOYT     Model: RV4     Colour: WHI     Style: TY,4/9/2021 4:29:04 PM,540016.3325,4811011.451
48985,19062391,3/17/2019 10:13:00 PM,2019,3,17,22,13,0,Sunday,542581.9655,4810126.066,-80.473785,43.442833,Intersection related,2,P.D. only,Within intersection,unknown,unknown,Angle,Unknown,Dark,07 - Dark,Regional municipality,Traffic signal,Functioning,0,0,0,FALSE,TRUE,FALSE,Clear,,FALSE,Road 1: BORDEN AVE N (50 km/h); Road 2: KING ST E (50 km/h); Distance:  K; Vehicle #1     Make: PETE     Model:      Colour:      Style: BIC; Vehicle #2     Make: DODG     Model: DAS     Colour: BLK     Style: 4D,4/9/2021 4:26:57 PM,542581.9655,4810126.066
48986,19063034,3/18/2019 3:15:00 PM,2019,3,18,15,15,0,Monday,541687.5285,4811102.497,-80.484763,43.451675,Non intersection,2,Non-reportable,Thru lane,unknown,unknown,Other,Unknown,Daylight,01 - Daylight,Municipal (excl. Twp. Rd.),No control,unknown,0,0,0,FALSE,FALSE,FALSE,Clear,,TRUE,Road 1: SPETZ ST; Road 2: FREDERICK ST; Distance: 40.0 M S; Vehicle #1     Make: HYUN     Model: ESS     Colour: BLU     Style: 4D; Vehicle #2     Make: SUBA     Model: ITS     Colour: GRN     Style: 4W,4/9/2021 4:26:25 PM,541687.5285,4811102.497
48987,19063614,3/19/2019 10:00:00 AM,2019,3,19,10,0,0,Tuesday,541603.9206,4810793.496,-80.48582,43.448897,Non intersection,2,P.D. only,Thru lane,unknown,unknown,SMV unattended vehicle,Unknown,Daylight,01 - Daylight,Municipal (excl. Twp. Rd.),No control,unknown,0,0,0,FALSE,FALSE,FALSE,Clear,,TRUE,Road 1: SCOTT ST; Road 2: MARKET LN; Distance: 30.0 M S; Vehicle #1     Make: DODG     Model: RPC     Colour: WHI     Style: PK; Vehicle #2     Make: HOND     Model: UCD     Colour: BGE     Style: 4D,4/9/2021 4:26:08 PM,541603.9206,4810793.496
48988,19063698,3/19/2019 10:30:00 AM,2019,3,19,10,30,0,Tuesday,541637.8575,4810719.346,-80.485406,43.448228,Non intersection,2,P.D. only,Thru lane,unknown,unknown,Rear end,Unknown,Daylight,01 - Daylight,Municipal (excl. Twp. Rd.),No control,unknown,0,0,0,FALSE,FALSE,FALSE,Clear,,TRUE,Road 1: 235 KING ST EAST KITCHENER; Vehicle #1     Make: TOYT     Model: CBS     Colour: GRY     Style: 4D; Vehicle #2     Make: HOND     Model: UCL     Colour: WHI     Style: 2D,4/27/2022 10:40:08 AM,541637.8575,4810719.346
48989,19063857,3/19/2019 3:24:00 PM,2019,3,19,15,24,0,Tuesday,546468.1683,4808919.282,-80.425865,43.431736,Non intersection,2,P.D. only,Not on roadway - right side,unknown,unknown,SMV other,Unknown,Daylight,01 - Daylight,Regional municipality,No control,unknown,0,0,0,FALSE,FALSE,FALSE,Clear,,FALSE,Road 1: RIVER RD E (50 km/h); Road 2: SCENIC DR; Distance: 100.0 M S; Vehicle #1     Make: HYUN     Model: CSN     Colour: WHI     Style: 4D,3/26/2021 11:53:25 AM,546468.1683,4808919.282
48990,19064694,3/20/2019 2:50:00 PM,2019,3,20,14,50,0,Wednesday,544861.4261,4804898.51,-80.446046,43.395631,Non intersection,2,Non-reportable,Thru lane,unknown,unknown,Rear end,Unknown,Daylight,01 - Daylight,Regional municipality,No control,unknown,0,0,0,FALSE,FALSE,FALSE,Clear,,TRUE,Road 1: DOON VILLAGE RD; Road 2: PIONEER DR; Distance:  K N; Vehicle #1     Make: KIA     Model: FLX     Colour: WHI     Style: 4D; Vehicle #2     Make: CHEV     Model: RAX     Colour: BLK     Style: TY,4/9/2021 4:25:40 PM,544861.4261,4804898.51
48991,19064729,3/20/2019 11:10:00 AM,2019,3,20,11,10,0,Wednesday,539828.4377,4809154.939,-80.507882,43.43424,At/near private drive,2,P.D. only,Thru lane,unknown,unknown,Angle,Unknown,Daylight,01 - Daylight,Municipal (excl. Twp. Rd.),No control,unknown,0,0,0,FALSE,FALSE,FALSE,Clear,,TRUE,Road 1: QUEEN'S BLVD; Road 2: WESTMOUNT RD; Distance: 200.0 M E; Vehicle #1     Make: KIA     Model: SPO     Colour: BLU     Style: TY; Vehicle #2     Make: HOND     Model: UDY     Colour: BLU     Style: VN,4/9/2021 4:29:26 PM,539828.4377,4809154.939
48992,19064915,3/20/2019 7:56:00 PM,2019,3,20,19,56,0,Wednesday,542241.2941,4809511.598,-80.478042,43.43732,Non intersection,2,P.D. only,Thru lane,unknown,unknown,Rear end,Unknown,Dark,07 - Dark,Regional municipality,No control,unknown,1,0,0,FALSE,FALSE,FALSE,Rain,,FALSE,Road 1: GRENVILLE AVE (50 km/h); Road 2: COURTLAND AVE E; Distance: 15.0 M W; Vehicle #1     Make: MAZD     Model: 3SP     Colour: GRY     Style: 4D; Vehicle #2     Make: TESL     Model: 3     Colour: GRY     Style: 4D,4/9/2021 4:25:35 PM,542241.2941,4809511.598
48993,19064973,3/20/2019 9:15:00 PM,2019,3,20,21,15,0,Wednesday,543074.8534,4812800.025,-80.467483,43.466881,At intersection,2,P.D. only,Within intersection,unknown,unknown,Turning movement,Unknown,"Dark, artificial","08 - Dark, artificial",Municipal (excl. Twp. Rd.),unknown,Functioning,0,0,0,FALSE,FALSE,FALSE,Rain,,FALSE,Road 1: WELLINGTON ST N (50 km/h); Road 2: RIVERBEND DR (50 km/h); Vehicle #1     Make: DODG     Model: CXA     Colour: GRY     Style: 4D; Vehicle #2     Make: HOND     Model: UDY     Colour: SIL     Style: VN,4/9/2021 4:28:03 PM,543074.8534,4812800.025
48994,19065393,3/21/2019 12:15:00 PM,2019,3,21,12,15,0,Thursday,540938.5944,4811216.851,-80.494011,43.452746,At intersection,1,Non-fatal injury,Within intersection,unknown,unknown,SMV other,Unknown,Daylight,01 - Daylight,Regional municipality,Traffic signal,Functioning,0,0,0,TRUE,FALSE,FALSE,Clear,,FALSE,Road 1: WATER ST N (50 km/h); Road 2: DUKE ST W (50 km/h); Distance:  K; Vehicle #1     Make: KIA     Model: FEX     Colour: SIL     Style: 4D,4/9/2021 4:28:01 PM,540938.5944,4811216.851
48995,19065581,3/21/2019 4:34:00 PM,2019,3,21,16,34,0,Thursday,539079.7023,4811110.258,-80.516993,43.451886,At intersection,2,P.D. only,Within intersection,unknown,unknown,Angle,Unknown,Daylight,01 - Daylight,Regional municipality,Traffic signal,Functioning,0,0,1,FALSE,FALSE,FALSE,Clear,,FALSE,Road 1: GLASGOW ST (40 km/h); Road 2: BELMONT AVE W (50 km/h); Distance: 0.0 K; Vehicle #1     Make: NISS     Model: ROG     Colour: BLK     Style: TY; Vehicle #2     Make: HOND     Model: CCL     Colour: BLK     Style: 4D,4/9/2021 4:28:19 PM,539079.7023,4811110.258
48996,19066386,3/22/2019 12:15:00 PM,2019,3,22,12,15,0,Friday,538413.9517,4810448.215,-80.525268,43.445959,Non intersection,2,Non-reportable,Other,unknown,unknown,SMV unattended vehicle,Unknown,Daylight,01 - Daylight,Private property,No control,unknown,0,0,0,FALSE,FALSE,FALSE,Clear,,TRUE,Road 1: 57 WESTWOOD DR WESTMOUNT; Vehicle #1     Make: KIA     Model: RBL     Colour: BLK     Style: 4D; Vehicle #2     Make: MAZD     Model: MCX     Colour: BLK     Style: TY,4/9/2021 4:25:37 PM,538413.9517,4810448.215
48997,19066569,3/22/2019 6:30:00 PM,2019,3,22,18,30,0,Friday,545034.3511,4802589.466,-80.444101,43.37483,At/near private drive,2,P.D. only,Thru lane,unknown,unknown,SMV unattended vehicle,Unknown,Dark,07 - Dark,Municipal (excl. Twp. Rd.),No control,unknown,0,0,0,FALSE,FALSE,FALSE,Clear,,TRUE,Road 1: 274 MOORLANDS CRESCENT; Vehicle #1     Make: KIA     Model: RIE     Colour: WHI     Style: 4B; Vehicle #2     Make: HYUN     Model: EGM     Colour: BLK     Style: 4D,4/9/2021 4:29:30 PM,545034.3511,4802589.466
48998,19067175,3/23/2019 2:00:00 PM,2019,3,23,14,0,0,Saturday,545998.7792,4805181.726,-80.431979,43.398112,At/near private drive,2,P.D. only,Thru lane,unknown,unknown,Sideswipe,Unknown,Daylight,01 - Daylight,Municipal (excl. Twp. Rd.),No control,unknown,0,0,0,FALSE,FALSE,FALSE,Clear,,TRUE,Road 1: 35 GREEN VALLEY DR; Vehicle #1     Make: HYUN     Model: ASE     Colour: GRY     Style: 2B; Vehicle #2     Make: BMW     Model: 28X     Colour: SIL     Style: 4D,4/9/2021 4:29:33 PM,545998.7792,4805181.726
48999,19067252,3/23/2019 1:40:00 PM,2019,3,23,13,40,0,Saturday,538797.6611,4808844.055,-80.52064,43.431495,At/near private drive,2,Non-reportable,Thru lane,unknown,unknown,SMV unattended vehicle,Unknown,Daylight,01 - Daylight,Municipal (excl. Twp. Rd.),No control,unknown,0,0,0,FALSE,FALSE,FALSE,Clear,,TRUE,Road 1: 55 EAGEN DR; Vehicle #1     Make: DODG     Model: CAR     Colour: BGE     Style: VN; Vehicle #2     Make:      Model:      Colour:      Style:,4/9/2021 4:29:33 PM,538797.6611,4808844.055
49000,19067278,3/23/2019 4:00:00 PM,2019,3,23,16,0,0,Saturday,543569.6589,4804977.845,-80.46199,43.396421,Intersection related,2,P.D. only,Thru lane,unknown,unknown,Sideswipe,Unknown,Daylight,01 - Daylight,Municipal (excl. Twp. Rd.),Traffic signal,Functioning,0,0,0,FALSE,FALSE,FALSE,Clear,,TRUE,Road 1: HURON RD; Road 2: BATTLER RD; Vehicle #1     Make: HYUN     Model: ESM     Colour: WHI     Style: 4D; Vehicle #2     Make: BUIC     Model: ENR     Colour: BLK     Style: TY,4/9/2021 4:27:22 PM,543569.6589,4804977.845
49001,19067395,3/23/2019 7:30:00 PM,2019,3,23,19,30,0,Saturday,548539.5443,4806589.457,-80.40048,43.410627,Non intersection,2,P.D. only,Thru lane,unknown,unknown,Sideswipe,Unknown,Dark,07 - Dark,Municipal (excl. Twp. Rd.),No control,unknown,0,0,0,FALSE,FALSE,FALSE,Clear,,TRUE,Road 1: DEER RIDGE DR; Road 2: KING ST E; Vehicle #1     Make: HOND     Model: UCL     Colour: WHI     Style: 2D; Vehicle #2     Make: MERZ     Model: M35     Colour: SIL     Style: TY,4/9/2021 4:25:52 PM,548539.5443,4806589.457
49002,19067861,3/23/2019 10:00:00 AM,2019,3,23,10,0,0,Saturday,540888.9332,4808512.835,-80.494827,43.428402,At/near private drive,2,P.D. only,Thru lane,unknown,unknown,SMV unattended vehicle,Unknown,Daylight,01 - Daylight,Municipal (excl. Twp. Rd.),No control,unknown,0,0,0,FALSE,FALSE,FALSE,Clear,,TRUE,Road 1: SOUTHMOOR DR (IN FRONT OF 23 SOUTHMOOR DR); Road 2: YAGER AVE; Distance:  N; Vehicle #1     Make: FORD     Model: FSE     Colour: BLK     Style: 4B; Vehicle #2     Make: HYUN     Model: SAN     Colour: BLK     Style: TY,4/9/2021 4:29:30 PM,540888.9332,4808512.835
49003,19068501,3/25/2019 9:45:00 AM,2019,3,25,9,45,0,Monday,541296.8012,4811068.469,-80.489595,43.45139,Intersection related,2,P.D. only,Thru lane,unknown,unknown,Rear end,Unknown,Daylight,01 - Daylight,Municipal (excl. Twp. Rd.),Traffic signal,Functioning,0,0,0,FALSE,FALSE,FALSE,Clear,,TRUE,Road 1: DUKE ST W; Road 2: ONTARIO ST N; Vehicle #1     Make: VOLK     Model: JBS     Colour: WHI     Style: 4D; Vehicle #2     Make: TOYT     Model: UCS     Colour: RED     Style: 4D,4/9/2021 4:27:35 PM,541296.8012,4811068.469
49004,19068778,3/25/2019 3:30:00 PM,2019,3,25,15,30,0,Monday,541073.0816,4811028.799,-80.492363,43.451045,Non intersection,2,P.D. only,Thru lane,unknown,unknown,Rear end,Unknown,Daylight,01 - Daylight,Municipal (excl. Twp. Rd.),No control,unknown,0,0,0,FALSE,FALSE,FALSE,Clear,,TRUE,Road 1: KING ST W; Road 2: YOUNG ST; Distance:  K W; Vehicle #1     Make:      Model:      Colour:      Style: ; Vehicle #2     Make: CHEV     Model: EXP     Colour: WHI     Style: FV,4/9/2021 4:26:10 PM,541073.0816,4811028.799
49005,19068906,3/25/2019 5:55:00 PM,2019,3,25,17,55,0,Monday,540642.6797,4811703.751,-80.497632,43.457146,At intersection,2,P.D. only,Within intersection,unknown,unknown,Angle,Unknown,Daylight,01 - Daylight,Municipal (excl. Twp. Rd.),Stop sign,Functioning,0,0,0,FALSE,FALSE,FALSE,Clear,,FALSE,Road 1: DUKE ST W (50 km/h); Road 2: LOUISA ST (50 km/h); Vehicle #1     Make: FORD     Model: FSE     Colour: WHI     Style: 4D; Vehicle #2     Make: TOYT     Model: YAR     Colour: BLU     Style: 2B,4/9/2021 4:28:09 PM,540642.6797,4811703.752
49006,19068981,3/25/2019 8:00:00 PM,2019,3,25,20,0,0,Monday,545136.7781,4804513.755,-80.442678,43.39215,At/near private drive,2,P.D. only,Thru lane,unknown,unknown,SMV unattended vehicle,Unknown,Dark,07 - Dark,Municipal (excl. Twp. Rd.),No control,unknown,0,0,0,FALSE,FALSE,FALSE,Clear,,TRUE,Road 1: HARVEST COURT (PULLING OUT OF DRIVEWAY); Vehicle #1     Make: CHEV     Model: BLT     Colour: RED     Style: 4D; Vehicle #2     Make: VOLK     Model: RAB     Colour: BLK     Style: 4B,4/9/2021 4:29:51 PM,545136.7781,4804513.755
49007,19068991,3/25/2019 1:20:00 PM,2019,3,25,13,20,0,Monday,540920.6681,4810497.32,-80.494286,43.446268,Non intersection,2,Non-reportable,Thru lane,unknown,unknown,SMV unattended vehicle,Unknown,Daylight,01 - Daylight,Municipal (excl. Twp. Rd.),No control,unknown,0,0,0,FALSE,FALSE,FALSE,Clear,,TRUE,Road 1: HILDA PL; Road 2: DAVID ST; Distance:  K E; Vehicle #1     Make: DODG     Model: DAK     Colour: GRY     Style: PK; Vehicle #2     Make:      Model:      Colour:      Style:,4/9/2021 4:26:09 PM,540920.6681,4810497.32
49008,19069190,3/26/2019 1:00:00 PM,2019,3,26,13,0,0,Tuesday,549172.9448,4806309.88,-80.392683,43.408069,Non intersection,2,P.D. only,Thru lane,unknown,unknown,Sideswipe,Unknown,Daylight,01 - Daylight,Municipal (excl. Twp. Rd.),No control,unknown,0,0,0,FALSE,FALSE,FALSE,Clear,,TRUE,Road 1: GATEWAY DRIVE KITCHENER; Road 2: SPORTSWORLD DRIVE KITCHENER; Vehicle #1     Make: FORD     Model: FE     Colour: GRY     Style: 4D; Vehicle #2     Make: CHEV     Model: VKG     Colour: GRY     Style: PK,4/9/2021 4:26:21 PM,549172.9448,4806309.88
49009,19069237,3/26/2019 8:09:00 AM,2019,3,26,8,9,0,Tuesday,548583.4628,4806119.936,-80.39998,43.406397,Non intersection,2,P.D. only,Thru lane,unknown,unknown,Rear end,Unknown,Daylight,01 - Daylight,Municipal (excl. Twp. Rd.),No control,unknown,1,0,0,FALSE,FALSE,FALSE,Clear,,FALSE,Road 1: 98 PIONEER TOWER RD (50 km/h); Road 2: PIONEER TOWER RD; Distance: 2.0 M N; Vehicle #1     Make: KIA     Model: FLX     Colour: SIL     Style: 4D; Vehicle #2     Make: ACUR     Model: RDX     Colour: WHI     Style: TY,4/9/2021 4:25:26 PM,548583.4628,4806119.936
49010,19069545,3/19/2019 5:00:00 PM,2019,3,19,17,0,0,Tuesday,547623.9633,4803949.849,-80.412018,43.386919,Intersection related,2,P.D. only,Right turn channel,unknown,unknown,Rear end,Unknown,Daylight,01 - Daylight,Regional municipality,Traffic signal,Functioning,0,0,0,FALSE,FALSE,FALSE,Clear,,TRUE,Road 1: CONESTOGA COLLEGE BLVD; Road 2: HOMER WATSON BLVD; Distance: 0.0 M W; Vehicle #1     Make: KIA     Model: OLX     Colour: SIL     Style: 4D; Vehicle #2     Make: MAZD     Model: 3TR     Colour: GRY     Style: 4D,4/9/2021 4:27:28 PM,547623.9633,4803949.849
49011,19069854,3/26/2019 9:02:00 PM,2019,3,26,21,2,0,Tuesday,542313.8453,4810287.451,-80.477086,43.444301,Intersection related,2,P.D. only,Within intersection,unknown,unknown,Angle,Unknown,"Dark, artificial","08 - Dark, artificial",Regional municipality,Traffic signal,Functioning,0,1,0,FALSE,FALSE,FALSE,Clear,,FALSE,Road 1: KING ST E (50 km/h); Road 2: STIRLING AVE N (50 km/h); Vehicle #1     Make: KIA     Model: OLX     Colour: SIL     Style: 4D; Vehicle #2     Make: TOYT     Model: CBS     Colour: BLU     Style: 4D,4/9/2021 4:26:59 PM,542313.8453,4810287.451
49012,19070225,3/27/2019 10:30:00 AM,2019,3,27,10,30,0,Wednesday,541874.8662,4810744.025,-80.482475,43.448437,At intersection,2,P.D. only,Within intersection,unknown,unknown,Angle,Unknown,Daylight,01 - Daylight,Municipal (excl. Twp. Rd.),unknown,Functioning,0,0,0,FALSE,FALSE,FALSE,Clear,,TRUE,Road 1: CEDAR ST N; Road 2: DUKE ST E; Vehicle #1     Make: KIA     Model: RIL     Colour: SIL     Style: 4B; Vehicle #2     Make: NISS     Model: ASL     Colour: BRN     Style: 4D,4/9/2021 4:28:37 PM,541874.8662,4810744.025
49013,19070377,3/27/2019 2:04:00 PM,2019,3,27,14,4,0,Wednesday,541797.8779,4810621.536,-80.483436,43.447338,At intersection,1,Non-fatal injury,Within intersection,unknown,unknown,Angle,Unknown,Daylight,01 - Daylight,Regional municipality,Traffic signal,Functioning,0,1,0,FALSE,FALSE,FALSE,Clear,,FALSE,Road 1: KING ST E (50 km/h); Road 2: CEDAR ST N (50 km/h); Distance:  K; Vehicle #1     Make: RAM     Model: RTR     Colour: WHI     Style: PK; Vehicle #2     Make: HOND     Model: UDY     Colour: BLU     Style: TY,4/9/2021 4:28:25 PM,541797.8779,4810621.536