OBJECTID,ACCIDENTNUM,ACCIDENTDATE,ACCIDENT_YEAR,ACCIDENT_MONTH,ACCIDENT_DAY,ACCIDENT_HOUR,ACCIDENT_MINUTE,ACCIDENT_SECOND,ACCIDENT_WEEKDAY,XCOORD,YCOORD,LONGITUDE,LATITUDE,ACCIDENTLOCATION,COLLISIONTYPE,CLASSIFICATIONOFACCIDENT,IMPACTLOCATION,INITIALDIRECTIONOFTRAVELONE,INITIALDIRECTIONOFTRAVELTWO,INITIALIMPACTTYPE,INTTRAFFICCONTROL,LIGHT,LIGHTFORREPORT,ROADJURISDICTION,TRAFFICCONTROL,TRAFFICCONTROLCONDITION,THRULANENO,NORTHBOUNDDISOBEYCOUNT,SOUTHBOUNDDISOBEYCOUNT,PEDESTRIANINVOLVED,CYCLISTINVOLVED,MOTORCYCLISTINVOLVED,ENVIRONMENTCONDITION1,ENVIRONMENTCONDITION2,SELFREPORTED,XMLIMPORTNOTES,LASTEDITEDDATE,x,y
49014,19071177,3/14/2019 9:20:00 AM,2019,3,14,9,20,0,Thursday,544865.567,4809190.822,-80.445643,43.434279,Non intersection,2,Non-reportable,Off highway,unknown,unknown,SMV unattended vehicle,Unknown,Daylight,01 - Daylight,Municipal (excl. Twp. Rd.),No control,unknown,0,0,0,FALSE,FALSE,FALSE,Clear,,TRUE,Road 1: ARLINGTON BLVD (IFO 50); Vehicle #1     Make:      Model:      Colour:      Style: ; Vehicle #2     Make: CHEV     Model: CZS     Colour: BLK     Style: 4D,3/26/2021 11:53:23 AM,544865.567,4809190.823
49015,19071196,3/27/2019 3:30:00 PM,2019,3,27,15,30,0,Wednesday,539279.7253,4802875.411,-80.515113,43.377728,Non intersection,2,Non-reportable,Thru lane,unknown,unknown,Rear end,Unknown,Daylight,01 - Daylight,Municipal (excl. Twp. Rd.),No control,unknown,0,0,0,FALSE,FALSE,FALSE,Clear,,TRUE,Road 1: HURON RD; Road 2: TRUSSLER RD; Distance: 30.0 M E; Vehicle #1     Make: FORD     Model: TST     Colour: WHI     Style: FV; Vehicle #2     Make:      Model:      Colour:      Style:,4/9/2021 4:26:06 PM,539279.7253,4802875.411
49016,19071240,3/28/2019 2:06:00 PM,2019,3,28,14,6,0,Thursday,541922.3574,4810539.677,-80.481904,43.446594,At/near private drive,2,P.D. only,Not on roadway - right side,unknown,unknown,Angle,Unknown,Daylight,01 - Daylight,Regional municipality,No control,unknown,0,0,0,FALSE,TRUE,FALSE,Clear,,FALSE,Road 1: waterloo regional road 15 (IFO 450) (50 km/h); Road 2: MADISON AVE NORTH; Distance: 3.0 M E; Vehicle #1     Make: BICY     Model:      Colour:      Style: ; Vehicle #2     Make:      Model:      Colour:      Style: BK,4/27/2022 10:42:27 AM,541922.3574,4810539.677
49017,19072022,3/29/2019 11:00:00 AM,2019,3,29,11,0,0,Friday,539946.7061,4811684.799,-80.506235,43.457013,Non intersection,2,P.D. only,Thru lane,unknown,unknown,SMV unattended vehicle,Unknown,Daylight,01 - Daylight,Municipal (excl. Twp. Rd.),No control,unknown,0,0,0,FALSE,FALSE,FALSE,Clear,,TRUE,Road 1: 53 BRAUN ST; Vehicle #1     Make: BUIC     Model: AXL     Colour: GRY     Style: 4D; Vehicle #2     Make: NISS     Model: USE     Colour: BLU     Style: 4D,4/9/2021 4:26:01 PM,539946.7061,4811684.8
49018,19072274,3/25/2019 5:30:00 PM,2019,3,25,17,30,0,Monday,540140.4171,4808330.057,-80.504088,43.426796,At/near private drive,2,Non-reportable,Thru lane,unknown,unknown,SMV unattended vehicle,Unknown,Daylight,01 - Daylight,Municipal (excl. Twp. Rd.),No control,unknown,0,0,0,FALSE,FALSE,FALSE,Clear,,TRUE,Road 1: 114 VILLAGE RD; Vehicle #1     Make:      Model:      Colour:      Style: ; Vehicle #2     Make: FORD     Model: MUS     Colour: GRY     Style: CV,4/9/2021 4:29:12 PM,540140.4171,4808330.057
49019,19072314,3/29/2019 5:45:00 PM,2019,3,29,17,45,0,Friday,545547.9676,4804672.686,-80.437588,43.393556,Intersection related,2,P.D. only,Thru lane,unknown,unknown,Rear end,Stop sign,Daylight,01 - Daylight,unknown,Stop sign,Functioning,0,0,0,FALSE,FALSE,FALSE,Clear,,TRUE,Road 1: PIONEER DR; Road 2: BECHTEL DR; Vehicle #1     Make: TOYT     Model: MTL     Colour: WHI     Style: 4D; Vehicle #2     Make: TOYT     Model: RV4     Colour: GRY     Style: TY,4/9/2021 4:27:09 PM,545547.9676,4804672.686
49020,19072862,3/30/2019 12:26:00 PM,2019,3,30,12,26,0,Saturday,544925.86,4811105.677,-80.44474,43.451516,At/near private drive,1,Non-fatal injury,Thru lane,unknown,unknown,Angle,Unknown,Daylight,01 - Daylight,Municipal (excl. Twp. Rd.),No control,unknown,1,0,0,FALSE,FALSE,FALSE,Rain,,FALSE,Road 1: 1020 RIVER RD E (50 km/h); Road 2: OTTAWA ST N; Distance: 3.0 K W; Vehicle #1     Make: TOYT     Model: MTL     Colour: GRY     Style: 4D; Vehicle #2     Make: TOYT     Model: HIG     Colour: GRY     Style: TY,4/9/2021 4:29:15 PM,544925.86,4811105.677
49021,19072924,3/30/2019 11:00:00 AM,2019,3,30,11,0,0,Saturday,539772.8777,4805748.716,-80.508816,43.403573,Non intersection,2,Non-reportable,Thru lane,unknown,unknown,SMV unattended vehicle,Unknown,Daylight,01 - Daylight,Municipal (excl. Twp. Rd.),No control,unknown,0,0,0,FALSE,FALSE,FALSE,Rain,,TRUE,Road 1: MAX BECKER DR; Road 2: ACTIVA AVE; Vehicle #1     Make:      Model:      Colour:      Style: ; Vehicle #2     Make: MAZD     Model: M3I     Colour: RED     Style: 4B,4/9/2021 4:26:01 PM,539772.8777,4805748.716
49022,19072945,3/30/2019 1:34:00 PM,2019,3,30,13,34,0,Saturday,541402.2208,4809503.923,-80.488411,43.437297,Non intersection,2,P.D. only,Thru lane,unknown,unknown,Rear end,Unknown,Daylight,01 - Daylight,Regional municipality,No control,unknown,0,0,0,FALSE,FALSE,FALSE,Rain,,TRUE,Road 1: STIRLING (COURTLAND); Vehicle #1     Make: NISS     Model: ROG     Colour: WHI     Style: TY; Vehicle #2     Make: TOYT     Model: HIG     Colour: BRN     Style: TY,4/9/2021 4:26:05 PM,541402.2208,4809503.923
49023,19073386,3/31/2019 12:24:00 AM,2019,3,31,0,24,0,Sunday,539483.3324,4805583.242,-80.512404,43.402099,Non intersection,2,P.D. only,Right shoulder,unknown,unknown,SMV unattended vehicle,Unknown,Dark,07 - Dark,Municipal (excl. Twp. Rd.),No control,unknown,0,0,0,FALSE,FALSE,FALSE,Snow,,FALSE,Road 1: activa ave (50 km/h); Road 2: PERIWINKLE ST; Distance: 25.0 K S; Vehicle #1     Make: VOLK     Model: JES     Colour: WHI     Style: 4D; Vehicle #2     Make: HYUN     Model: SFT     Colour: GRY     Style: TY,4/9/2021 4:25:32 PM,539483.3324,4805583.242
49024,19073440,3/31/2019 2:09:00 AM,2019,3,31,2,9,0,Sunday,536583.2795,4809634.793,-80.547946,43.438727,Non intersection,2,P.D. only,Thru lane,unknown,unknown,SMV other,Unknown,"Dark, artificial","08 - Dark, artificial",Municipal (excl. Twp. Rd.),No control,unknown,1,0,0,FALSE,FALSE,FALSE,Snow,,FALSE,Road 1: RESURRECTION DR (50 km/h); Road 2: NORTHMANOR CRESCENT; Distance: 150.0 M E; Vehicle #1     Make: MERZ     Model: 24M     Colour: GRY     Style: 4D,3/26/2021 11:53:27 AM,536583.2795,4809634.793
49025,19073528,3/31/2019 1:30:00 AM,2019,3,31,1,30,0,Sunday,545223.8762,4810435.268,-80.441113,43.445462,Non intersection,2,P.D. only,Not on roadway - left side,unknown,unknown,SMV other,Unknown,Dark,07 - Dark,Regional municipality,No control,unknown,0,0,0,FALSE,FALSE,FALSE,Snow,,FALSE,Road 1: RIVER RD E (60 km/h); Road 2: BRADLEY DR; Distance: 18.0 M E; Vehicle #1     Make: MAZD     Model: M3I     Colour: BLU     Style: 4D,3/26/2021 11:53:26 AM,545223.8762,4810435.268
49026,19073585,3/31/2019 9:30:00 AM,2019,3,31,9,30,0,Sunday,536819.046,4807483.202,-80.545178,43.419342,At/near private drive,2,Non-reportable,Thru lane,unknown,unknown,Other,Unknown,Daylight,01 - Daylight,Municipal (excl. Twp. Rd.),No control,unknown,0,0,0,FALSE,FALSE,FALSE,Snow,,TRUE,Road 1: TIMBERLANE CRESCENT (AT DRIVEWAY OF 84 TIMBERLANE CRES); Road 2: ROLLING MEADOWS DR; Distance: 50.0 M N; Vehicle #1     Make: STRN     Model: SI2     Colour: WHI     Style: 4D; Vehicle #2     Make: DODG     Model: DAK     Colour: RED     Style: PK,4/9/2021 4:29:11 PM,536819.046,4807483.202
49027,19073629,3/30/2019 4:00:00 PM,2019,3,30,16,0,0,Saturday,540335.2562,4805885.201,-80.501861,43.404772,Intersection related,2,P.D. only,Thru lane,unknown,unknown,Rear end,Unknown,Daylight,01 - Daylight,Municipal (excl. Twp. Rd.),Stop sign,Functioning,0,0,0,FALSE,FALSE,FALSE,Clear,,TRUE,Road 1: HELENA FEASBY ST; Road 2: MAX BECKER DR; Vehicle #1     Make: NISS     Model: SML     Colour: GRY     Style: 4D; Vehicle #2     Make:      Model:      Colour:      Style:,4/9/2021 4:27:44 PM,540335.2562,4805885.201
49028,19073682,3/31/2019 12:15:00 PM,2019,3,31,12,15,0,Sunday,540228.0055,4809505.126,-80.502919,43.437372,Intersection related,2,P.D. only,Thru lane,unknown,unknown,Angle,Unknown,Daylight,01 - Daylight,Municipal (excl. Twp. Rd.),Stop sign,unknown,0,0,0,FALSE,FALSE,FALSE,Clear,,TRUE,Road 1: QUEEN'S BLVD; Road 2: NORTH DR; Vehicle #1     Make: MAZD     Model: M3I     Colour: BLK     Style: 4D; Vehicle #2     Make:      Model:      Colour:      Style:,4/9/2021 4:27:02 PM,540228.0055,4809505.126
49029,19074154,4/1/2019 6:25:00 AM,2019,4,1,6,25,0,Monday,536912.5904,4807920.605,-80.543993,43.423276,Non intersection,2,P.D. only,Thru lane,unknown,unknown,Other,Unknown,Dawn,03 - Dawn,Municipal (excl. Twp. Rd.),No control,unknown,1,0,0,FALSE,FALSE,FALSE,Clear,,FALSE,Road 1: CONNELLY DR (50 km/h); Road 2: WESTHEIGHTS DR; Distance: 81.0 K E; Vehicle #1     Make: FRHT     Model: FM2     Colour: WHI     Style: DP; Vehicle #2     Make: CHEV     Model: CZT     Colour: RED     Style: 4D,4/9/2021 4:25:27 PM,536912.5904,4807920.605
49030,19074211,4/1/2019 8:09:00 AM,2019,4,1,8,9,0,Monday,541185.9256,4810971.506,-80.490972,43.450523,Non intersection,2,P.D. only,Thru lane,unknown,unknown,Other,Unknown,Daylight,01 - Daylight,Regional municipality,No control,unknown,1,0,0,FALSE,FALSE,FALSE,Clear,,FALSE,Road 1: KING ST W (50 km/h); Road 2: ONTARIO ST N; Distance: 50.0 M W; Vehicle #1     Make: STRN     Model: AXR     Colour: BLK     Style: 4D; Vehicle #2     Make: NOVA     Model: LFS     Colour: WHI     Style: BU,4/27/2022 10:39:33 AM,541185.9256,4810971.506
49031,19074314,3/29/2019 3:40:00 PM,2019,3,29,15,40,0,Friday,539567.9013,4811425.143,-80.510936,43.454695,Intersection related,2,P.D. only,Thru lane,unknown,unknown,Sideswipe,Unknown,Daylight,01 - Daylight,Municipal (excl. Twp. Rd.),Stop sign,Functioning,0,0,0,FALSE,FALSE,FALSE,Clear,,TRUE,Road 1: PARK ST KITCHENER WATERLOO REGIONAL MUNICIPALITY; Road 2: GREEN ST; Vehicle #1     Make: TOYT     Model: CBL     Colour: GRY     Style: 4D; Vehicle #2     Make: KIA     Model: SOU     Colour: WHI     Style: TY,4/9/2021 4:27:01 PM,539567.9013,4811425.143
49032,19074533,4/1/2019 2:52:00 PM,2019,4,1,14,52,0,Monday,540417.0581,4810595.08,-80.500503,43.447176,Non intersection,2,P.D. only,Right shoulder,unknown,unknown,SMV other,Unknown,Daylight,01 - Daylight,Municipal (excl. Twp. Rd.),No control,unknown,0,0,0,FALSE,FALSE,FALSE,Clear,,FALSE,Road 1: PARK ST (50 km/h); Road 2: JUBILEE DR; Distance: 1.0 K W; Vehicle #1     Make:      Model:      Colour:      Style:,4/9/2021 4:25:27 PM,540417.0581,4810595.08
49033,19074575,4/1/2019 3:45:00 PM,2019,4,1,15,45,0,Monday,538492.4369,4810824.024,-80.524271,43.449339,Non intersection,2,P.D. only,Thru lane,unknown,unknown,Rear end,Unknown,Daylight,01 - Daylight,Regional municipality,No control,unknown,0,0,0,FALSE,FALSE,FALSE,Clear,,TRUE,Road 1: GLASGOW ST; Road 2: WESTMOUNT RD W; Vehicle #1     Make: DODG     Model: CAR     Colour: BLU     Style: VN; Vehicle #2     Make: CHEV     Model: SIL     Colour: BLK     Style: PK,4/9/2021 4:25:28 PM,538492.4369,4810824.024
49034,19074586,4/1/2019 3:53:00 PM,2019,4,1,15,53,0,Monday,546042.1756,4803281.738,-80.431603,43.381002,Other,2,P.D. only,Off highway,unknown,unknown,SMV other,Unknown,Daylight,01 - Daylight,Regional municipality,No control,unknown,0,0,0,FALSE,FALSE,FALSE,Clear,,FALSE,Road 1: 412 DOON SOUTH DR; Road 2: DOON SOUTH DR; Vehicle #1     Make: TOYT     Model: UCS     Colour: GRN     Style: 4D,4/9/2021 4:30:19 PM,546042.1756,4803281.738
49035,19074907,4/2/2019 12:07:00 AM,2019,4,2,0,7,0,Tuesday,545671.5899,4811895.795,-80.435457,43.458585,At/near private drive,2,P.D. only,Not on roadway - right side,unknown,unknown,SMV other,Unknown,Dark,07 - Dark,Municipal (excl. Twp. Rd.),No control,unknown,0,0,0,FALSE,FALSE,FALSE,Clear,,FALSE,Road 1: 124 OAKHURST CRESCENT (50 km/h); Road 2: OAKHURST CRES; Distance: 0.0 K N; Vehicle #1     Make: FORD     Model: SPE     Colour: BLU     Style: TY,4/9/2021 4:29:55 PM,545671.5899,4811895.795
49036,19075464,4/1/2019 11:45:00 AM,2019,4,1,11,45,0,Monday,540431.5301,4809652.287,-80.500394,43.438686,At intersection,2,P.D. only,Within intersection,unknown,unknown,Angle,Unknown,Daylight,01 - Daylight,Municipal (excl. Twp. Rd.),Stop sign,Functioning,0,0,0,FALSE,FALSE,FALSE,Clear,,TRUE,Road 1: QUEEN'S BLVD; Road 2: REX DR; Vehicle #1     Make: CHEV     Model: CZT     Colour: BLU     Style: 4D; Vehicle #2     Make: GMC     Model: ACA     Colour: BLK     Style: TY,4/9/2021 4:28:51 PM,540431.5301,4809652.287
49037,19076278,3/1/2019 7:45:00 AM,2019,3,1,7,45,0,Friday,543418.0803,4810298.254,-80.463439,43.444335,At/near private drive,2,P.D. only,Thru lane,unknown,unknown,SMV unattended vehicle,Unknown,Daylight,01 - Daylight,Municipal (excl. Twp. Rd.),No control,unknown,0,0,0,FALSE,FALSE,FALSE,Clear,,TRUE,Road 1: 51 RANDERSON AVE; Vehicle #1     Make:      Model:      Colour:      Style: ; Vehicle #2     Make: HOND     Model: UCL     Colour: BLK     Style: 4D,4/9/2021 4:29:27 PM,543418.0803,4810298.254
49038,19076320,2/23/2019 3:00:00 PM,2019,2,23,15,0,0,Saturday,546115.7792,4809538.112,-80.430166,43.43733,Intersection related,2,Non-reportable,Within intersection,unknown,unknown,Rear end,Unknown,Daylight,01 - Daylight,Municipal (excl. Twp. Rd.),Stop sign,Functioning,0,0,0,FALSE,FALSE,FALSE,Clear,,TRUE,Road 1: VERONICA DR; Road 2: KINZIE AVE; Vehicle #1     Make: TOYT     Model: HIG     Colour: GRY     Style: TY; Vehicle #2     Make:      Model:      Colour:      Style:,4/9/2021 4:26:49 PM,546115.7792,4809538.112
49039,19076417,2/23/2019 3:00:00 PM,2019,2,23,15,0,0,Saturday,541358.0631,4813265.067,-80.488671,43.471165,Intersection related,2,P.D. only,Thru lane,unknown,unknown,Rear end,Stop sign,Daylight,01 - Daylight,Municipal (excl. Twp. Rd.),Stop sign,Functioning,0,0,0,FALSE,FALSE,FALSE,Clear,,TRUE,Road 1: UNION ST; Road 2: EDWIN ST; Vehicle #1     Make: CHRY     Model: 3TR     Colour: BLK     Style: 4D; Vehicle #2     Make:      Model:      Colour:      Style:,4/9/2021 4:26:52 PM,541358.0631,4813265.067
49040,19076459,4/2/2019 12:45:00 PM,2019,4,2,12,45,0,Tuesday,542406.5578,4806619.664,-80.476225,43.411271,Intersection related,2,P.D. only,Thru lane,unknown,unknown,Other,Unknown,Daylight,01 - Daylight,Municipal (excl. Twp. Rd.),unknown,Functioning,0,0,0,FALSE,FALSE,FALSE,Clear,,TRUE,Road 1: OLD COUNTRY DR; Road 2: STRASBURG; Distance: 25.0 M S; Vehicle #1     Make: KIA     Model: FNG     Colour: BLK     Style: 4D; Vehicle #2     Make: SUBA     Model: ISP     Colour: WHI     Style: 2D,4/9/2021 4:27:25 PM,542406.5578,4806619.664
49041,19076481,2/22/2019 10:15:00 PM,2019,2,22,22,15,0,Friday,545191.6653,4811620.672,-80.441412,43.456137,At/near private drive,2,P.D. only,Thru lane,unknown,unknown,SMV unattended vehicle,Unknown,Dark,07 - Dark,Municipal (excl. Twp. Rd.),No control,unknown,0,0,0,FALSE,FALSE,FALSE,Clear,,TRUE,Road 1: 59 TECUMSEH CRESCENT; Vehicle #1     Make:      Model:      Colour:      Style: ; Vehicle #2     Make: VOLK     Model: JSA     Colour: BLK     Style: 4D,4/9/2021 4:28:58 PM,545191.6653,4811620.672
49042,19077054,4/3/2019 1:30:00 PM,2019,4,3,13,30,0,Wednesday,547945.4137,4810758.597,-80.407452,43.448204,At/near private drive,2,Non-reportable,Thru lane,unknown,unknown,SMV unattended vehicle,Unknown,Daylight,01 - Daylight,Municipal (excl. Twp. Rd.),No control,unknown,0,0,0,FALSE,FALSE,FALSE,Clear,,TRUE,Road 1: 66 COLTON CIRCLE; Vehicle #1     Make: FORD     Model: VAN     Colour: WHI     Style: VN; Vehicle #2     Make: INFI     Model: G3S     Colour: BLK     Style: 2D,4/9/2021 4:29:40 PM,547945.4137,4810758.597
49043,19077433,4/5/2019 10:38:00 PM,2019,4,5,22,38,0,Friday,545657.8938,4813286.482,-80.43551,43.471108,At intersection,1,Non-fatal injury,Within intersection,unknown,unknown,Angle,Unknown,Dark,07 - Dark,Municipal (excl. Twp. Rd.),Stop sign,Functioning,0,0,0,FALSE,FALSE,FALSE,Clear,,FALSE,Road 1: FORWELL RD (50 km/h); Road 2: CENTENNIAL RD (50 km/h); Distance:  K; Vehicle #1     Make: TOYT     Model: CSM     Colour: BLU     Style: 4B; Vehicle #2     Make: TOYT     Model: RV4     Colour: RED     Style: TY,4/9/2021 4:28:13 PM,545657.8938,4813286.482
49044,19077890,4/5/2019 9:15:00 AM,2019,4,5,9,15,0,Friday,542333.3471,4810987.107,-80.47679,43.4506,At/near private drive,2,Non-reportable,Thru lane,unknown,unknown,Angle,Unknown,Daylight,01 - Daylight,Municipal (excl. Twp. Rd.),No control,unknown,0,0,0,FALSE,FALSE,FALSE,Clear,,TRUE,Road 1: 127 SAMUEL ST KITCHNER; Road 2: KRUG ST; Distance: 50.0 M W; Vehicle #1     Make: FORD     Model: 5LM     Colour: WHI     Style: 4D; Vehicle #2     Make:      Model:      Colour:      Style:,4/9/2021 4:29:42 PM,542333.3471,4810987.107
49045,19077992,4/5/2019 2:56:00 PM,2019,4,5,14,56,0,Friday,545754.7987,4808642.169,-80.434702,43.429285,Non intersection,2,P.D. only,Thru lane,unknown,unknown,Sideswipe,Unknown,Daylight,01 - Daylight,Municipal (excl. Twp. Rd.),No control,unknown,0,0,0,FALSE,FALSE,FALSE,Clear,,TRUE,Road 1: 2934 KING ST E; Vehicle #1     Make: INTL     Model: PRO     Colour: RED     Style: CT; Vehicle #2     Make: VOLK     Model: JES     Colour: BLK     Style: 4D,4/9/2021 4:26:12 PM,545754.7987,4808642.169
49046,19078109,4/3/2019 4:00:00 AM,2019,4,3,4,0,0,Wednesday,541021.1896,4813526.679,-80.492816,43.473539,Non intersection,2,P.D. only,Thru lane,unknown,unknown,Other,Unknown,Dark,07 - Dark,Municipal (excl. Twp. Rd.),No control,unknown,0,0,0,FALSE,FALSE,FALSE,Clear,,TRUE,Road 1: CONESTOGA PKWY (HIGHWAY 85); Road 2: WELLINGTON ST N (OVERPASS); Vehicle #1     Make: TOYT     Model: RG4     Colour: BRN     Style: TY; Vehicle #2     Make:      Model:      Colour:      Style:,4/9/2021 4:25:51 PM,541021.1896,4813526.679
49047,19078595,4/6/2019 8:58:00 AM,2019,4,6,8,58,0,Saturday,542489.1837,4811125.068,-80.474854,43.451833,At intersection,2,Non-reportable,Within intersection,unknown,unknown,Angle,Unknown,Daylight,01 - Daylight,Municipal (excl. Twp. Rd.),Stop sign,Functioning,0,0,0,FALSE,FALSE,FALSE,Clear,,TRUE,Road 1: KRUG ST; Road 2: LYDIA ST; Distance: 0.0 M E; Vehicle #1     Make: TOYT     Model: CBS     Colour: BLU     Style: 4D; Vehicle #2     Make:      Model:      Colour:      Style:,4/9/2021 4:28:36 PM,542489.1837,4811125.068
49048,19078812,4/6/2019 10:00:00 AM,2019,4,6,10,0,0,Saturday,543467.5425,4807315.414,-80.463065,43.417475,At/near private drive,2,P.D. only,Thru lane,unknown,unknown,Sideswipe,Unknown,Daylight,01 - Daylight,Municipal (excl. Twp. Rd.),No control,unknown,0,0,0,FALSE,FALSE,FALSE,Clear,,TRUE,Road 1: 141 FALLOWFIELD DR; Vehicle #1     Make: ACUR     Model: AWT     Colour: WHI     Style: 4D; Vehicle #2     Make: CHEV     Model: EQU     Colour: BLU     Style: TY,4/9/2021 4:29:37 PM,543467.5425,4807315.414
49049,19080145,4/8/2019 8:30:00 AM,2019,4,8,8,30,0,Monday,541362.3878,4808641.53,-80.488968,43.429534,At intersection,2,P.D. only,Within intersection,unknown,unknown,Turning movement,Unknown,Daylight,01 - Daylight,Municipal (excl. Twp. Rd.),Traffic signal,Functioning,0,0,0,FALSE,FALSE,FALSE,Clear,,TRUE,Road 1: HOMER WATSON BLVD KITCHENER; Road 2: HOFFMAN ST KITCHENER; Vehicle #1     Make: NISS     Model: NNV     Colour: WHI     Style: FV; Vehicle #2     Make: TOYT     Model: MTL     Colour: GRY     Style: 4D,4/9/2021 4:28:48 PM,541362.3878,4808641.53
49050,19080218,4/1/2019 12:00:00 PM,2019,4,1,12,0,0,Monday,544140.5341,4808844.285,-80.454629,43.431202,At intersection,2,Non-reportable,Within intersection,unknown,unknown,Angle,Unknown,Daylight,01 - Daylight,Municipal (excl. Twp. Rd.),Stop sign,Functioning,0,0,0,FALSE,FALSE,FALSE,Clear,,TRUE,Road 1: CONNAUGHT ST; Road 2: 4TH AVE; Distance: 0.0 M N; Vehicle #1     Make: VOLK     Model: 25P     Colour: SIL     Style: 4D; Vehicle #2     Make:      Model:      Colour:      Style:,4/9/2021 4:28:40 PM,544140.5341,4808844.285
49051,19080227,4/1/2019 3:30:00 PM,2019,4,1,15,30,0,Monday,540171.8964,4809415.29,-80.503619,43.436566,Intersection related,2,Non-reportable,Within intersection,unknown,unknown,Sideswipe,Unknown,Daylight,01 - Daylight,Municipal (excl. Twp. Rd.),Traffic signal,Functioning,0,0,0,FALSE,FALSE,FALSE,Clear,,TRUE,Road 1: QUEEN'S BLVD; Road 2: BELMONT AVE W; Vehicle #1     Make: FORD     Model: EDG     Colour: WHI     Style: TY; Vehicle #2     Make: TOYT     Model: HIG     Colour: MRN     Style: TY,4/9/2021 4:27:26 PM,540171.8964,4809415.291
49052,19080305,4/2/2019 7:20:00 PM,2019,4,2,19,20,0,Tuesday,542263.7967,4811648.393,-80.477599,43.456558,Non intersection,2,P.D. only,Thru lane,unknown,unknown,SMV unattended vehicle,Unknown,Daylight,01 - Daylight,Municipal (excl. Twp. Rd.),No control,unknown,0,0,0,FALSE,FALSE,FALSE,Clear,,TRUE,Road 1: LOCUST ST; Road 2: FREDERICK ST; Vehicle #1     Make:      Model:      Colour:      Style: ; Vehicle #2     Make: TOYT     Model: MTL     Colour: BLK     Style: 4D,4/9/2021 4:26:12 PM,542263.7967,4811648.393
49053,19080584,4/8/2019 4:25:00 PM,2019,4,8,16,25,0,Monday,545832.6782,4802616.678,-80.434245,43.375026,At intersection,2,P.D. only,Within intersection,unknown,unknown,Angle,Unknown,Daylight,01 - Daylight,Regional municipality,unknown,Functioning,0,1,0,FALSE,FALSE,FALSE,Clear,,FALSE,Road 1: THOMAS SLEE DR (50 km/h); Road 2: DOON SOUTH DR (50 km/h); Vehicle #1     Make: JEEP     Model: CMP     Colour: RED     Style: TY; Vehicle #2     Make: HYUN     Model: SFT     Colour: GRY     Style: TY,4/9/2021 4:28:10 PM,545832.6782,4802616.678
49054,19080630,2/25/2019 7:30:00 AM,2019,2,25,7,30,0,Monday,539690.2093,4806563.79,-80.509778,43.410917,Intersection related,2,Non-reportable,Thru lane,unknown,unknown,Sideswipe,Unknown,Daylight,01 - Daylight,Municipal (excl. Twp. Rd.),Stop sign,unknown,0,0,0,FALSE,FALSE,FALSE,Snow,,TRUE,Road 1: ACTIVA AVE; Road 2: BUSH CLOVER CRESCENT; Vehicle #1     Make: KIA     Model: ROE     Colour: SIL     Style: SW; Vehicle #2     Make:      Model:      Colour:      Style:,4/9/2021 4:26:54 PM,539690.2093,4806563.79
49055,19080659,4/16/2019 8:47:00 AM,2019,4,16,8,47,0,Tuesday,541468.2757,4810562.167,-80.487514,43.446822,At/near private drive,2,P.D. only,Thru lane,unknown,unknown,SMV unattended vehicle,Unknown,Daylight,01 - Daylight,Municipal (excl. Twp. Rd.),No control,unknown,1,0,0,FALSE,FALSE,FALSE,Clear,,FALSE,Road 1: 81 CHURCH ST (50 km/h); Road 2: CHURCH ST; Distance: 3.0 M N; Vehicle #1     Make: INTL     Model: PB1     Colour: YEL     Style: BU; Vehicle #2     Make: FORD     Model: MUS     Colour: BLK     Style: 2D,4/9/2021 4:29:13 PM,541468.2757,4810562.167
49056,19080665,2/20/2019 8:30:00 AM,2019,2,20,8,30,0,Wednesday,539079.5283,4811110.756,-80.516995,43.45189,At intersection,2,Non-reportable,Thru lane,unknown,unknown,Rear end,Unknown,Daylight,01 - Daylight,Municipal (excl. Twp. Rd.),Traffic signal,Functioning,0,0,0,FALSE,FALSE,FALSE,Clear,,TRUE,Road 1: GLASGOW; Road 2: BELMONT; Vehicle #1     Make: NISS     Model: SBL     Colour: BRN     Style: 4D; Vehicle #2     Make:      Model:      Colour:      Style:,4/9/2021 4:27:53 PM,539079.5283,4811110.757
49057,19080693,4/8/2019 6:47:00 PM,2019,4,8,18,47,0,Monday,540715.8786,4800931.029,-80.497529,43.360144,Non intersection,2,P.D. only,Not on roadway - left side,unknown,unknown,SMV other,Unknown,Daylight,01 - Daylight,Regional municipality,No control,unknown,0,0,0,FALSE,FALSE,FALSE,Clear,,FALSE,Road 1: 836 PLAINS RD (60 km/h); Road 2: PLAINS RD; Distance: 10.0 M W; Vehicle #1     Make: TOYT     Model: VEN     Colour: BLK     Style: TY,3/26/2021 11:53:26 AM,540715.8786,4800931.029