OBJECTID,ACCIDENTNUM,ACCIDENTDATE,ACCIDENT_YEAR,ACCIDENT_MONTH,ACCIDENT_DAY,ACCIDENT_HOUR,ACCIDENT_MINUTE,ACCIDENT_SECOND,ACCIDENT_WEEKDAY,XCOORD,YCOORD,LONGITUDE,LATITUDE,ACCIDENTLOCATION,COLLISIONTYPE,CLASSIFICATIONOFACCIDENT,IMPACTLOCATION,INITIALDIRECTIONOFTRAVELONE,INITIALDIRECTIONOFTRAVELTWO,INITIALIMPACTTYPE,INTTRAFFICCONTROL,LIGHT,LIGHTFORREPORT,ROADJURISDICTION,TRAFFICCONTROL,TRAFFICCONTROLCONDITION,THRULANENO,NORTHBOUNDDISOBEYCOUNT,SOUTHBOUNDDISOBEYCOUNT,PEDESTRIANINVOLVED,CYCLISTINVOLVED,MOTORCYCLISTINVOLVED,ENVIRONMENTCONDITION1,ENVIRONMENTCONDITION2,SELFREPORTED,XMLIMPORTNOTES,LASTEDITEDDATE,x,y
49058,19080779,4/8/2019 5:00:00 PM,2019,4,8,17,0,0,Monday,541973.4612,4806537.532,-80.48158,43.410556,Other,2,Non-reportable,Other,unknown,unknown,SMV unattended vehicle,Unknown,Daylight,01 - Daylight,Municipal (excl. Twp. Rd.),No control,unknown,0,0,0,FALSE,FALSE,FALSE,Clear,,TRUE,Road 1: 101 TUERR DR; Vehicle #1     Make:      Model:      Colour:      Style: ; Vehicle #2     Make: TOYT     Model: AXP     Colour: GRY     Style: 4D,4/9/2021 4:30:20 PM,541973.4612,4806537.532
49059,19081006,4/9/2019 7:57:00 AM,2019,4,9,7,57,0,Tuesday,539910.6244,4808493.846,-80.506915,43.428283,Intersection related,2,P.D. only,Left turn lane,unknown,unknown,Angle,Unknown,Daylight,01 - Daylight,Private property,Traffic signal,Functioning,0,0,0,FALSE,FALSE,FALSE,Clear,,FALSE,Road 1: 219 GREENBROOK DR (50 km/h); Road 2: GREENBROOK DR (50 km/h); Distance:  K E; Vehicle #1     Make: FRHT     Model: FM2     Colour: WHI     Style: CT; Vehicle #2     Make: CHEV     Model: ETV     Colour: YEL     Style: BU,4/9/2021 4:27:16 PM,539910.6244,4808493.846
49060,19081058,4/8/2019 7:05:00 AM,2019,4,8,7,5,0,Monday,540488.2222,4809736.883,-80.499687,43.439445,At intersection,2,Non-reportable,Within intersection,unknown,unknown,Turning movement,Unknown,Daylight,01 - Daylight,Regional municipality,Stop sign,Functioning,0,0,0,FALSE,FALSE,FALSE,Clear,,TRUE,Road 1: SPADINA RD E; Road 2: QUEEN'S BLVD; Vehicle #1     Make: SUBA     Model: I25     Colour: BLK     Style: 4D; Vehicle #2     Make:      Model:      Colour:      Style:,4/9/2021 4:28:37 PM,540488.2222,4809736.883
49061,19081069,4/6/2019 6:00:00 PM,2019,4,6,18,0,0,Saturday,540771.2399,4810376.426,-80.496142,43.445188,At/near private drive,2,P.D. only,Thru lane,unknown,unknown,SMV unattended vehicle,Unknown,Daylight,01 - Daylight,Municipal (excl. Twp. Rd.),No control,unknown,0,0,0,FALSE,FALSE,FALSE,Clear,,TRUE,Road 1: 133 DAVID ST; Road 2: SCHNEIDER AVE; Vehicle #1     Make: MAZD     Model: M3I     Colour: BLK     Style: 4D; Vehicle #2     Make: HOND     Model: UCL     Colour: RED     Style: 4D,4/9/2021 4:30:08 PM,540771.2399,4810376.426
49062,19081308,2/18/2019 9:50:00 AM,2019,2,18,9,50,0,Monday,547868.253,4805969.671,-80.408826,43.40509,Non intersection,2,Non-reportable,Thru lane,unknown,unknown,Sideswipe,Unknown,Daylight,01 - Daylight,Municipal (excl. Twp. Rd.),No control,unknown,0,0,0,FALSE,FALSE,FALSE,Clear,,TRUE,Road 1: PIONEER RIDGE DR (IFO 20); Vehicle #1     Make:      Model: JOHN     Colour:      Style: ; Vehicle #2     Make:      Model:      Colour:      Style:,3/26/2021 11:53:17 AM,547868.253,4805969.671
49063,19081499,4/9/2019 2:00:00 PM,2019,4,9,14,0,0,Tuesday,542416.7989,4806566.318,-80.476102,43.41079,Non intersection,2,P.D. only,Thru lane,unknown,unknown,Rear end,Unknown,Daylight,01 - Daylight,Regional municipality,No control,unknown,0,0,0,FALSE,FALSE,FALSE,Clear,,TRUE,Road 1: STRASBURG RD; Road 2: OLD COUNTRY DR; Vehicle #1     Make: HOND     Model: UCL     Colour: BLK     Style: 4D; Vehicle #2     Make: MITS     Model: LES     Colour: BLK     Style: 4D,4/9/2021 4:26:37 PM,542416.7989,4806566.318
49064,19081549,2/16/2019 9:34:00 AM,2019,2,16,9,34,0,Saturday,539540.2683,4806072.138,-80.511666,43.406498,At/near private drive,2,P.D. only,Thru lane,unknown,unknown,SMV unattended vehicle,Unknown,Daylight,01 - Daylight,Municipal (excl. Twp. Rd.),No control,unknown,0,0,0,FALSE,FALSE,FALSE,Clear,,TRUE,Road 1: 15 BRIDLEWREATH ST; Vehicle #1     Make: MAZD     Model: 3TR     Colour: RED     Style: 4D; Vehicle #2     Make: TOYT     Model: CMS     Colour: WHI     Style: 4B,4/9/2021 4:28:59 PM,539540.2683,4806072.138
49065,19082416,4/10/2019 5:00:00 PM,2019,4,10,17,0,0,Wednesday,541506.1433,4811310.188,-80.486989,43.453555,At/near private drive,2,Non-reportable,Thru lane,unknown,unknown,Other,Unknown,Daylight,01 - Daylight,Regional municipality,No control,unknown,0,0,0,FALSE,FALSE,FALSE,Clear,,TRUE,Road 1: AHRENS ST W; Road 2: QUEEN ST N; Vehicle #1     Make: TOYT     Model: MTL     Colour: WHI     Style: 4D; Vehicle #2     Make:      Model:      Colour:      Style:,4/9/2021 4:29:41 PM,541506.1433,4811310.188
49066,19082608,4/10/2019 10:30:00 PM,2019,4,10,22,30,0,Wednesday,546545.8566,4809973.359,-80.424815,43.441222,Non intersection,2,P.D. only,Off highway,unknown,unknown,SMV unattended vehicle,Unknown,Dark,07 - Dark,Municipal (excl. Twp. Rd.),No control,unknown,0,0,0,FALSE,FALSE,FALSE,Clear,,TRUE,Road 1: BRIARMEADOW DR (IFO 245); Vehicle #1     Make:      Model:      Colour:      Style: ; Vehicle #2     Make: FORD     Model: COF     Colour: BLK     Style: PK,3/26/2021 11:53:24 AM,546545.8566,4809973.359
49067,19083043,4/11/2019 1:00:00 PM,2019,4,11,13,0,0,Thursday,541548.7058,4811886.086,-80.486419,43.458738,At intersection,2,P.D. only,Within intersection,unknown,unknown,Approaching,Unknown,Daylight,01 - Daylight,Municipal (excl. Twp. Rd.),Stop sign,unknown,0,0,0,FALSE,FALSE,FALSE,Clear,,TRUE,Road 1: ST LEGER ST; Road 2: BREITHAUPT ST; Vehicle #1     Make: NISS     Model: ASL     Colour: SIL     Style: 4D; Vehicle #2     Make: CHEV     Model: ML     Colour: BLU     Style: 4D,4/9/2021 4:28:47 PM,541548.7058,4811886.087
49068,19083103,4/9/2019 2:00:00 PM,2019,4,9,14,0,0,Tuesday,541408.8055,4810851.247,-80.488227,43.449428,Non intersection,2,Non-reportable,Thru lane,unknown,unknown,Sideswipe,Unknown,Daylight,01 - Daylight,Municipal (excl. Twp. Rd.),No control,unknown,0,0,0,FALSE,FALSE,FALSE,Clear,,TRUE,Road 1: KING ST E; Road 2: BENTON ST; Vehicle #1     Make: CHEV     Model: SIL     Colour: WHI     Style: CT; Vehicle #2     Make:      Model:      Colour:      Style:,8/16/2022 3:00:51 PM,541408.8055,4810851.247
49069,19083170,1/31/2019 5:54:00 PM,2019,1,31,17,54,0,Thursday,545525.12,4808995.093,-80.43751,43.432477,At intersection,2,Non-reportable,Within intersection,unknown,unknown,Angle,Unknown,Dark,07 - Dark,Municipal (excl. Twp. Rd.),Stop sign,Functioning,0,0,0,FALSE,FALSE,FALSE,Clear,,TRUE,Road 1: KINZIE AVE; Road 2: HUBER ST; Vehicle #1     Make: RAM     Model: RTR     Colour: BLK     Style: CW; Vehicle #2     Make:      Model:      Colour:      Style:,4/9/2021 4:27:55 PM,545525.12,4808995.093
49070,19083806,4/10/2019 2:06:00 PM,2019,4,10,14,6,0,Wednesday,547268.7837,4811352.463,-80.415763,43.453594,Intersection related,2,P.D. only,Within intersection,unknown,unknown,Sideswipe,Unknown,Daylight,01 - Daylight,Municipal (excl. Twp. Rd.),Stop sign,unknown,0,0,0,FALSE,FALSE,FALSE,Clear,,TRUE,Road 1: ZELLER DR; Road 2: BRIDGEMILL CT; Vehicle #1     Make: ACUR     Model: RDX     Colour: GRY     Style: TY; Vehicle #2     Make: VOLV     Model: VHD     Colour: WHI     Style: MX,4/9/2021 4:27:43 PM,547268.7837,4811352.463
49071,19083932,4/12/2019 1:40:00 PM,2019,4,12,13,40,0,Friday,538944.4307,4809262.179,-80.518797,43.435252,At/near private drive,2,P.D. only,Thru lane,unknown,unknown,Other,Unknown,Daylight,01 - Daylight,Municipal (excl. Twp. Rd.),No control,unknown,0,0,0,FALSE,FALSE,FALSE,Clear,,TRUE,Road 1: HIGHLAND RD W; Road 2: HIGHLAND CRESCENT (IFO 88 HIGHLAND CRES); Vehicle #1     Make: FORD     Model: FE     Colour: GRN     Style: 4D; Vehicle #2     Make: NISS     Model: PFI     Colour: BLK     Style: TY,8/16/2022 2:59:14 PM,538944.4307,4809262.179
49072,19084170,4/12/2019 5:10:00 PM,2019,4,12,17,10,0,Friday,543668.6063,4812364.585,-80.460178,43.462926,At/near private drive,2,P.D. only,Thru lane,unknown,unknown,Rear end,Unknown,Daylight,01 - Daylight,Municipal (excl. Twp. Rd.),No control,unknown,0,0,0,FALSE,FALSE,FALSE,Clear,,TRUE,Road 1: 793 FREDERICK ST; Vehicle #1     Make: DODG     Model: CAR     Colour: GRY     Style: VN; Vehicle #2     Make: TOYT     Model: UCS     Colour: BRN     Style: 4D,8/16/2022 2:57:30 PM,543668.6063,4812364.585
49073,19084190,4/12/2019 5:00:00 PM,2019,4,12,17,0,0,Friday,540940.1291,4811083.364,-80.494002,43.451544,Non intersection,2,P.D. only,Thru lane,unknown,unknown,SMV unattended vehicle,Unknown,Daylight,01 - Daylight,Municipal (excl. Twp. Rd.),No control,unknown,0,0,0,FALSE,FALSE,FALSE,Clear,,TRUE,Road 1: KING ST W; Road 2: COLLEGE ST; Vehicle #1     Make: TOYT     Model: RG4     Colour: WHI     Style: TY; Vehicle #2     Make: FRHT     Model: MCV     Colour: RED     Style: CT,4/27/2022 10:38:57 AM,540940.1291,4811083.364
49074,19085026,4/13/2019 2:15:00 PM,2019,4,13,14,15,0,Saturday,545732.7586,4807748.748,-80.435049,43.421242,Non intersection,2,P.D. only,Thru lane,unknown,unknown,SMV other,Unknown,Daylight,01 - Daylight,Municipal (excl. Twp. Rd.),No control,unknown,0,0,0,FALSE,FALSE,FALSE,Clear,,TRUE,Road 1: HIDDEN VALLEY RD; Road 2: WABANAKI DR; Vehicle #1     Make: TOYT     Model: AXP     Colour: BLK     Style: 4D,4/9/2021 4:27:09 PM,545732.7586,4807748.748
49075,19085225,4/13/2019 7:51:00 PM,2019,4,13,19,51,0,Saturday,541116.6217,4810208.269,-80.491886,43.443655,Non intersection,2,P.D. only,Thru lane,unknown,unknown,Rear end,Unknown,Dusk,05 - Dusk,Municipal (excl. Twp. Rd.),No control,unknown,0,0,0,FALSE,FALSE,FALSE,Clear,,TRUE,Road 1: 24 WHITNEY PLACE; Vehicle #1     Make: MAZD     Model: M5T     Colour: RED     Style: 4W; Vehicle #2     Make:      Model:      Colour:      Style:,4/9/2021 4:26:34 PM,541116.6217,4810208.269
49076,19085609,4/13/2019 3:20:00 PM,2019,4,13,15,20,0,Saturday,536250.0002,4809695.941,-80.55206,43.439293,At/near private drive,2,P.D. only,Thru lane,unknown,unknown,SMV unattended vehicle,Unknown,Daylight,01 - Daylight,Municipal (excl. Twp. Rd.),No control,unknown,0,0,0,FALSE,FALSE,FALSE,Clear,,TRUE,Road 1: 2134 COUNTRYSTONE PLACE; Vehicle #1     Make: CHEV     Model: ILT     Colour: GRY     Style: 4D; Vehicle #2     Make: FORD     Model: COF     Colour: BLK     Style: PK,4/9/2021 4:29:47 PM,536250.0002,4809695.941
49077,19085803,4/14/2019 2:00:00 PM,2019,4,14,14,0,0,Sunday,545316.3393,4804470.216,-80.440465,43.391747,Intersection related,2,P.D. only,Within intersection,unknown,unknown,Angle,Unknown,Daylight,01 - Daylight,Municipal (excl. Twp. Rd.),unknown,Functioning,0,0,0,FALSE,FALSE,FALSE,Rain,,TRUE,Road 1: BECHTEL DR; Road 2: DOON VILLAGE RD; Vehicle #1     Make: HOND     Model: CRV     Colour: GRN     Style: TY; Vehicle #2     Make: JEEP     Model: WUL     Colour: SIL     Style: TY,4/9/2021 4:27:44 PM,545316.3393,4804470.216
49078,19085817,4/13/2019 2:45:00 PM,2019,4,13,14,45,0,Saturday,544503.6025,4808361.11,-80.450183,43.42683,At/near private drive,2,P.D. only,Thru lane,unknown,unknown,SMV unattended vehicle,Unknown,Daylight,01 - Daylight,Municipal (excl. Twp. Rd.),No control,unknown,0,0,0,FALSE,FALSE,FALSE,Clear,,TRUE,Road 1: 9TH AVE; Road 2: GREENFIELD; Vehicle #1     Make: FORD     Model: EDG     Colour: RED     Style: TY; Vehicle #2     Make: MITS     Model: LST     Colour: BLU     Style: 4D,4/9/2021 4:29:57 PM,544503.6025,4808361.11
49079,19085847,4/14/2019 10:45:00 AM,2019,4,14,10,45,0,Sunday,543840.0514,4805572.403,-80.458604,43.401759,At/near private drive,2,Non-reportable,Thru lane,unknown,unknown,Angle,Unknown,Daylight,01 - Daylight,Regional municipality,No control,unknown,0,0,0,FALSE,FALSE,FALSE,Rain,,TRUE,Road 1: 45 BEASLEY DR; Road 2: HOMER WATSON; Vehicle #1     Make: DODG     Model: RMV     Colour: WHI     Style: FV; Vehicle #2     Make:      Model:      Colour:      Style:,4/9/2021 4:29:42 PM,543840.0514,4805572.403
49080,19086387,4/15/2019 11:45:00 AM,2019,4,15,11,45,0,Monday,545094.2809,4807780.182,-80.442933,43.421564,At/near private drive,2,P.D. only,Left turn lane,unknown,unknown,Angle,Unknown,Daylight,01 - Daylight,Regional municipality,No control,unknown,0,0,0,FALSE,FALSE,FALSE,Clear,,TRUE,Road 1: WILSON AVE; Road 2: FAIRWAY RD S; Vehicle #1     Make: HOND     Model: CRV     Colour: WHI     Style: TY; Vehicle #2     Make: JEEP     Model: WUL     Colour: BLU     Style: TY,4/9/2021 4:30:09 PM,545094.2809,4807780.182
49081,19086434,4/15/2019 12:10:00 PM,2019,4,15,12,10,0,Monday,539999.3745,4811660.925,-80.505586,43.456795,At/near private drive,2,P.D. only,Thru lane,unknown,unknown,Other,Unknown,Daylight,01 - Daylight,Municipal (excl. Twp. Rd.),No control,unknown,0,0,0,FALSE,FALSE,FALSE,Clear,,TRUE,Road 1: 37 BRAUN ST; Road 2: ANDREW ST; Vehicle #1     Make: TOYT     Model: RG4     Colour: BLK     Style: TY; Vehicle #2     Make: HYUN     Model: SFT     Colour: BLK     Style: TY,4/9/2021 4:29:59 PM,539999.3745,4811660.925
49082,19086709,4/15/2019 6:00:00 PM,2019,4,15,18,0,0,Monday,546077.4498,4802935.69,-80.431197,43.377884,At/near private drive,2,P.D. only,Thru lane,unknown,unknown,Turning movement,Unknown,Daylight,01 - Daylight,Municipal (excl. Twp. Rd.),No control,unknown,0,0,0,FALSE,FALSE,FALSE,Clear,,TRUE,Road 1: 462 ROBERT FERRIE DR; Vehicle #1     Make: HOND     Model: UAX     Colour: SIL     Style: 4D; Vehicle #2     Make: ACUR     Model: 2TL     Colour: WHI     Style: 4D,4/9/2021 4:30:00 PM,546077.4498,4802935.69
49083,19087046,4/15/2019 8:15:00 AM,2019,4,15,8,15,0,Monday,536926.6199,4807165.553,-80.54387,43.416476,At/near private drive,2,Non-reportable,Thru lane,unknown,unknown,SMV unattended vehicle,Unknown,Daylight,01 - Daylight,Municipal (excl. Twp. Rd.),No control,unknown,0,0,0,FALSE,FALSE,FALSE,Clear,,TRUE,Road 1: HIGHVIEW DR (IFO 59); Vehicle #1     Make: DODG     Model: NIT     Colour: BLK     Style: TY; Vehicle #2     Make: TOYT     Model: ECH     Colour: BLU     Style: 4D,4/9/2021 4:29:34 PM,536926.6199,4807165.553
49084,19087272,4/16/2019 11:39:00 AM,2019,4,16,11,39,0,Tuesday,540681.4058,4811003.419,-80.497205,43.450838,Non intersection,2,P.D. only,Thru lane,unknown,unknown,Other,Unknown,Daylight,01 - Daylight,Municipal (excl. Twp. Rd.),No control,unknown,0,0,0,FALSE,FALSE,FALSE,Clear,,TRUE,Road 1: FRANCIS ST S; Road 2: CHARLES ST W WATERLOO; Vehicle #1     Make: MAZD     Model: 3TR     Colour: WHI     Style: 4B; Vehicle #2     Make:      Model:      Colour:      Style:,4/9/2021 4:25:39 PM,540681.4058,4811003.419
49085,19087386,4/16/2019 10:30:00 AM,2019,4,16,10,30,0,Tuesday,546666.393,4808512.635,-80.423451,43.428062,At/near private drive,2,P.D. only,Thru lane,unknown,unknown,SMV unattended vehicle,Unknown,Daylight,01 - Daylight,Municipal (excl. Twp. Rd.),No control,unknown,0,0,0,FALSE,FALSE,FALSE,Clear,,TRUE,Road 1: 127 GREENDALE CRESCENT (AT/NEAR 127 GREENDALE CR); Vehicle #1     Make: HYUN     Model: ASE     Colour: RED     Style: 2B; Vehicle #2     Make: FORD     Model: TST     Colour: WHI     Style: FV,4/9/2021 4:30:01 PM,546666.393,4808512.635
49086,19087537,4/16/2019 5:15:00 PM,2019,4,16,17,15,0,Tuesday,539742.664,4805575.505,-80.509202,43.402015,At/near private drive,2,P.D. only,Thru lane,unknown,unknown,Sideswipe,Unknown,Daylight,01 - Daylight,Municipal (excl. Twp. Rd.),No control,unknown,0,0,0,FALSE,FALSE,FALSE,Clear,,TRUE,Road 1: 104 DONNENWERTH DR; Vehicle #1     Make: HOND     Model: YF4     Colour: BLK     Style: 4W; Vehicle #2     Make: HOND     Model: CRV     Colour: WHI     Style: TY,4/9/2021 4:30:02 PM,539742.664,4805575.505
49087,19087628,4/16/2019 3:15:00 PM,2019,4,16,15,15,0,Tuesday,541465.9411,4809537.082,-80.487621,43.437592,At intersection,2,P.D. only,Within intersection,unknown,unknown,Turning movement,Unknown,Daylight,01 - Daylight,Municipal (excl. Twp. Rd.),Traffic signal,Functioning,0,0,0,FALSE,FALSE,FALSE,Rain,,TRUE,Road 1: STIRLING ST N; Road 2: STIRLING AVE S; Vehicle #1     Make: VOLV     Model: 8G     Colour: GRN     Style: 4D; Vehicle #2     Make: TOYT     Model: CBL     Colour: BRN     Style: 4D,4/9/2021 4:28:32 PM,541465.9411,4809537.082
49088,19087651,4/16/2019 8:36:00 PM,2019,4,16,20,36,0,Tuesday,543230.4019,4804481.708,-80.466219,43.391974,At intersection,2,P.D. only,Within intersection,unknown,unknown,Angle,Unknown,"Dark, artificial","08 - Dark, artificial",Municipal (excl. Twp. Rd.),Stop sign,Functioning,0,0,0,FALSE,FALSE,FALSE,Rain,,FALSE,Road 1: HURON RD (50 km/h); Road 2: STRASBURG RD (50 km/h); Distance:  K; Vehicle #1     Make: FORD     Model: COF     Colour: GRY     Style: PK; Vehicle #2     Make: CHEV     Model: CZT     Colour: BLU     Style: 4D,4/9/2021 4:28:15 PM,543230.4019,4804481.708
49089,19087666,4/16/2019 8:45:00 PM,2019,4,16,20,45,0,Tuesday,541500.2508,4811996.558,-80.48701,43.459736,At intersection,2,P.D. only,Within intersection,unknown,unknown,Rear end,Unknown,Dark,07 - Dark,Municipal (excl. Twp. Rd.),Stop sign,Functioning,0,0,0,FALSE,FALSE,FALSE,Rain,,TRUE,Road 1: WELLINGTON ST N; Road 2: ST LEGER ST; Vehicle #1     Make: NISS     Model: ABS     Colour: BLU     Style: 4D; Vehicle #2     Make: VOLK     Model: GEL     Colour: RED     Style: 4D,4/9/2021 4:28:44 PM,541500.2508,4811996.558
49090,19087697,4/16/2019 2:00:00 PM,2019,4,16,14,0,0,Tuesday,544761.6676,4811447.553,-80.446741,43.454604,At intersection,2,Non-reportable,Thru lane,unknown,unknown,Rear end,Unknown,Daylight,01 - Daylight,Municipal (excl. Twp. Rd.),Traffic signal,Functioning,0,0,0,FALSE,FALSE,FALSE,Rain,,TRUE,Road 1: RIVER RD E; Road 2: HICKSON DR; Vehicle #1     Make: GMC     Model: SAV     Colour: WHI     Style: CB; Vehicle #2     Make: HOND     Model: ULX     Colour: RED     Style: 4D,4/9/2021 4:28:40 PM,544761.6676,4811447.553
49091,19087700,4/16/2019 4:30:00 PM,2019,4,16,16,30,0,Tuesday,537306.4983,4808700.332,-80.539073,43.430277,At/near private drive,2,Non-reportable,Thru lane,unknown,unknown,SMV unattended vehicle,Unknown,Daylight,01 - Daylight,Municipal (excl. Twp. Rd.),No control,unknown,0,0,0,FALSE,FALSE,FALSE,Rain,,TRUE,Road 1: HIDDEN CREEK DR (IFO 302); Vehicle #1     Make: CHRY     Model: TWC     Colour: WHI     Style: VN; Vehicle #2     Make: VOLK     Model: C36     Colour: GRY     Style: 4B,4/9/2021 4:29:49 PM,537306.4983,4808700.332
49092,19087702,4/16/2019 8:46:00 PM,2019,4,16,20,46,0,Tuesday,543665.6722,4808178.853,-80.460549,43.425238,Non intersection,2,P.D. only,Thru lane,unknown,unknown,SMV other,Unknown,"Dark, artificial","08 - Dark, artificial",Municipal (excl. Twp. Rd.),No control,unknown,1,0,0,FALSE,FALSE,FALSE,Clear,,FALSE,Road 1: VANIER DR (50 km/h); Road 2: KIPLING AVE; Distance: 5.0 M E; Vehicle #1     Make: BMW     Model: 323     Colour: BLK     Style: 4D,4/9/2021 4:25:35 PM,543665.6722,4808178.853
49093,19088084,4/17/2019 7:05:00 AM,2019,4,17,7,5,0,Wednesday,541551.2721,4812018.745,-80.486377,43.459933,At/near private drive,2,Non-reportable,Thru lane,unknown,unknown,Other,Unknown,Daylight,01 - Daylight,Municipal (excl. Twp. Rd.),No control,unknown,0,0,0,FALSE,FALSE,FALSE,Clear,,TRUE,Road 1: 343 WELLINGTON ST N; Vehicle #1     Make: RAM     Model: RTR     Colour: BLU     Style: CW; Vehicle #2     Make:      Model:      Colour:      Style:,4/9/2021 4:29:50 PM,541551.2721,4812018.745
49094,19088124,4/17/2019 12:50:00 PM,2019,4,17,12,50,0,Wednesday,541376.7271,4809732.18,-80.488708,43.439354,Non intersection,2,Non-reportable,Thru lane,unknown,unknown,SMV unattended vehicle,Unknown,Daylight,01 - Daylight,Municipal (excl. Twp. Rd.),No control,unknown,0,0,0,FALSE,FALSE,FALSE,Clear,,TRUE,Road 1: MADISON AVE S; Road 2: MILL ST; Vehicle #1     Make: PONT     Model: TOR     Colour: BLK     Style: 4D; Vehicle #2     Make:      Model:      Colour:      Style:,4/9/2021 4:25:45 PM,541376.7271,4809732.18
49095,19088173,4/17/2019 8:55:00 AM,2019,4,17,8,55,0,Wednesday,544560.1966,4811740.766,-80.449207,43.457257,Intersection related,2,P.D. only,Thru lane,unknown,unknown,Rear end,Unknown,Daylight,01 - Daylight,Municipal (excl. Twp. Rd.),Traffic signal,Functioning,0,0,0,FALSE,FALSE,FALSE,Clear,,TRUE,Road 1: RIVER RD E; Road 2: LORRAINE AVE; Vehicle #1     Make: MAZD     Model: MCX     Colour: BLK     Style: TY; Vehicle #2     Make: CHEV     Model: ETV     Colour: WHI     Style: CB,4/9/2021 4:27:34 PM,544560.1966,4811740.766
49096,19089027,2/5/2019 3:10:00 PM,2019,2,5,15,10,0,Tuesday,545310.9751,4803321.419,-80.440626,43.381404,Non intersection,2,P.D. only,Right shoulder,unknown,unknown,SMV unattended vehicle,Unknown,Daylight,01 - Daylight,Municipal (excl. Twp. Rd.),No control,unknown,0,0,0,FALSE,FALSE,FALSE,Clear,,TRUE,Road 1: FOREST CREEK DR; Road 2: CREEK RIDGE ST; Distance: 20.0 M S; Vehicle #1     Make:      Model:      Colour:      Style: ; Vehicle #2     Make: TOYT     Model: MTL     Colour: RED     Style: 4D,3/26/2021 11:53:18 AM,545310.9751,4803321.419
49097,19089028,2/19/2019 8:00:00 AM,2019,2,19,8,0,0,Tuesday,539750.4721,4811105.713,-80.508703,43.451809,Non intersection,2,P.D. only,Thru lane,unknown,unknown,SMV unattended vehicle,Unknown,Daylight,01 - Daylight,Municipal (excl. Twp. Rd.),No control,unknown,0,0,0,FALSE,FALSE,FALSE,Clear,,TRUE,Road 1: DOMINION ST; Road 2: STRANGE ST; Vehicle #1     Make:      Model:      Colour:      Style: ; Vehicle #2     Make: MAZD     Model: M3I     Colour: WHI     Style: 4B,3/26/2021 11:53:28 AM,539750.4721,4811105.713
49098,19089055,2/19/2019 9:00:00 AM,2019,2,19,9,0,0,Tuesday,549337.7662,4805842.496,-80.390689,43.403849,Intersection related,2,P.D. only,Thru lane,unknown,unknown,Other,Unknown,Daylight,01 - Daylight,Municipal (excl. Twp. Rd.),Stop sign,unknown,0,0,0,FALSE,FALSE,FALSE,Clear,,TRUE,Road 1: STANSON CLOSE; Road 2: EDGEHILL DR; Vehicle #1     Make: MERZ     Model: CWC     Colour: SIL     Style: 4D; Vehicle #2     Make:      Model:      Colour:      Style:,4/9/2021 4:26:51 PM,549337.7662,4805842.496
49099,19089057,2/19/2019 8:45:00 AM,2019,2,19,8,45,0,Tuesday,541740.2742,4803628.851,-80.484682,43.384379,At/near private drive,2,P.D. only,Thru lane,unknown,unknown,Other,Unknown,Daylight,01 - Daylight,Municipal (excl. Twp. Rd.),No control,unknown,0,0,0,FALSE,FALSE,FALSE,Clear,,TRUE,Road 1: 34 VERONA ST; Vehicle #1     Make: HOND     Model: UCL     Colour: GRY     Style: 4D; Vehicle #2     Make:      Model:      Colour:      Style:,4/9/2021 4:28:59 PM,541740.2742,4803628.851
49100,19089394,4/18/2019 8:06:00 PM,2019,4,18,20,6,0,Thursday,545681.3472,4805489.002,-80.435873,43.400898,Overpass or bridge,2,P.D. only,Right shoulder,unknown,unknown,SMV other,Unknown,Dark,07 - Dark,Regional municipality,No control,unknown,0,0,0,FALSE,FALSE,FALSE,Rain,,FALSE,Road 1: HURON RD (50 km/h); Road 2: MILL PARK DR; Distance: 500.0 K W; Vehicle #1     Make: GMC     Model: C45     Colour: WHI     Style: DP,4/9/2021 4:30:16 PM,545681.3472,4805489.002
49101,19090036,4/17/2019 4:30:00 PM,2019,4,17,16,30,0,Wednesday,544792.4211,4811545.022,-80.446353,43.45548,At/near private drive,2,P.D. only,Thru lane,unknown,unknown,Other,Unknown,Daylight,01 - Daylight,Municipal (excl. Twp. Rd.),No control,unknown,0,0,0,FALSE,FALSE,FALSE,Clear,,TRUE,Road 1: BAIRD AVE; Road 2: GIBSON DR; Vehicle #1     Make: NISS     Model: S18     Colour: BLU     Style: 4D; Vehicle #2     Make: TOYT     Model: TIM     Colour: BLU     Style: 4B,4/9/2021 4:30:03 PM,544792.4211,4811545.022
49102,19090526,4/18/2019 4:25:00 PM,2019,4,18,16,25,0,Thursday,545384.8725,4804699.14,-80.4396,43.393804,At/near private drive,2,Non-reportable,Thru lane,unknown,unknown,SMV other,Unknown,Daylight,01 - Daylight,Regional municipality,No control,unknown,0,0,0,FALSE,FALSE,FALSE,Clear,,TRUE,Road 1: PIONER DRIVE; Road 2: HOMER WATSON; Vehicle #1     Make: MITS     Model: LRL     Colour: RED     Style: 4D,4/9/2021 4:29:32 PM,545384.8725,4804699.14