OBJECTID,ACCIDENTNUM,ACCIDENTDATE,ACCIDENT_YEAR,ACCIDENT_MONTH,ACCIDENT_DAY,ACCIDENT_HOUR,ACCIDENT_MINUTE,ACCIDENT_SECOND,ACCIDENT_WEEKDAY,XCOORD,YCOORD,LONGITUDE,LATITUDE,ACCIDENTLOCATION,COLLISIONTYPE,CLASSIFICATIONOFACCIDENT,IMPACTLOCATION,INITIALDIRECTIONOFTRAVELONE,INITIALDIRECTIONOFTRAVELTWO,INITIALIMPACTTYPE,INTTRAFFICCONTROL,LIGHT,LIGHTFORREPORT,ROADJURISDICTION,TRAFFICCONTROL,TRAFFICCONTROLCONDITION,THRULANENO,NORTHBOUNDDISOBEYCOUNT,SOUTHBOUNDDISOBEYCOUNT,PEDESTRIANINVOLVED,CYCLISTINVOLVED,MOTORCYCLISTINVOLVED,ENVIRONMENTCONDITION1,ENVIRONMENTCONDITION2,SELFREPORTED,XMLIMPORTNOTES,LASTEDITEDDATE,x,y
49103,19090553,4/17/2019 9:10:00 AM,2019,4,17,9,10,0,Wednesday,545116.544,4807693.503,-80.442666,43.420782,Non intersection,2,P.D. only,Thru lane,unknown,unknown,Rear end,Unknown,Daylight,01 - Daylight,Regional municipality,No control,unknown,0,0,0,FALSE,FALSE,FALSE,Clear,,TRUE,Road 1: WILSON AVE; Road 2: FAIRWAY RD S; Distance: 30.0 M S; Vehicle #1     Make: DODG     Model: CAR     Colour: WHI     Style: FV; Vehicle #2     Make: LNDR     Model: RSP     Colour: BLK     Style: TY,4/9/2021 4:26:32 PM,545116.544,4807693.503
49104,19090703,4/20/2019 3:59:00 PM,2019,4,20,15,59,0,Saturday,545315.754,4804469.095,-80.440472,43.391737,At intersection,2,P.D. only,Within intersection,unknown,unknown,Angle,Unknown,Daylight,01 - Daylight,Municipal (excl. Twp. Rd.),unknown,Functioning,0,0,1,FALSE,FALSE,FALSE,Rain,,FALSE,Road 1: DOON VILLAGE RD (50 km/h); Road 2: BECHTEL DR (50 km/h); Vehicle #1     Make: HOND     Model: UCL     Colour: GRY     Style: 4D; Vehicle #2     Make: DODG     Model: CAR     Colour: RED     Style: VN,4/9/2021 4:28:15 PM,545315.754,4804469.095
49105,19090862,4/20/2019 8:54:00 PM,2019,4,20,20,54,0,Saturday,536518.8526,4807613.096,-80.548877,43.420526,At intersection,1,Non-fatal injury,Within intersection,unknown,unknown,SMV other,Unknown,Dark,07 - Dark,Municipal (excl. Twp. Rd.),Stop sign,Functioning,0,0,0,TRUE,FALSE,FALSE,Clear,,FALSE,Road 1: NEWBURY DR (50 km/h); Road 2: COVINGTON CRESCENT (50 km/h); Distance:  K; Vehicle #1     Make: KIA     Model: RES     Colour: GRY     Style: 4D,4/9/2021 4:28:18 PM,536518.8526,4807613.096
49106,19090914,4/21/2019 12:27:00 AM,2019,4,21,0,27,0,Sunday,545680.3224,4809118.165,-80.435582,43.433575,At intersection,1,Non-fatal injury,Within intersection,unknown,unknown,SMV other,Unknown,Dark,07 - Dark,Municipal (excl. Twp. Rd.),Stop sign,unknown,0,0,0,TRUE,FALSE,FALSE,Rain,,FALSE,Road 1: KINZIE AVE (50 km/h); Road 2: HAROLD AVE (50 km/h); Vehicle #1     Make:      Model:      Colour:      Style:,4/9/2021 4:28:41 PM,545680.3224,4809118.165
49107,19091191,4/21/2019 8:15:00 AM,2019,4,21,8,15,0,Sunday,539112.5746,4811655.635,-80.516548,43.456794,At intersection,2,P.D. only,Within intersection,unknown,unknown,Angle,Unknown,Daylight,01 - Daylight,Municipal (excl. Twp. Rd.),Traffic signal,Functioning,0,0,0,FALSE,FALSE,FALSE,Clear,,TRUE,Road 1: PARK ST; Road 2: UNION ST; Vehicle #1     Make: TOYT     Model: SIE     Colour: RED     Style: VN; Vehicle #2     Make: MITS     Model: LES     Colour: BLU     Style: 4D,4/9/2021 4:28:50 PM,539112.5746,4811655.635
49108,19091245,4/19/2019 5:50:00 PM,2019,4,19,17,50,0,Friday,542051.6793,4806610.831,-80.480608,43.411212,At/near private drive,2,Non-reportable,Thru lane,unknown,unknown,SMV unattended vehicle,Unknown,Daylight,01 - Daylight,Private property,No control,unknown,0,0,0,FALSE,FALSE,FALSE,Rain,,TRUE,Road 1: 83 SETTLERS DR; Road 2: THE COUNTRY WAY; Distance:  S; Vehicle #1     Make: DODG     Model: CAR     Colour: WHI     Style: VN; Vehicle #2     Make:      Model:      Colour:      Style:,4/9/2021 4:29:32 PM,542051.6793,4806610.831
49109,19091247,4/19/2019 4:20:00 PM,2019,4,19,16,20,0,Friday,537848.482,4809108.111,-80.532349,43.433921,Intersection related,2,P.D. only,Within intersection,unknown,unknown,Sideswipe,Unknown,Daylight,01 - Daylight,Regional municipality,Stop sign,unknown,0,0,0,FALSE,FALSE,FALSE,Clear,,TRUE,Road 1: OPRINGTON DR; Road 2: BENESFORT DR; Distance:  S; Vehicle #1     Make: VOLK     Model: CFT     Colour: BLK     Style: 4D; Vehicle #2     Make:      Model:      Colour:      Style:,4/9/2021 4:27:32 PM,537848.482,4809108.111
49110,19091461,4/20/2019 5:30:00 PM,2019,4,20,17,30,0,Saturday,542108.4797,4807131.548,-80.479867,43.415897,Intersection related,2,P.D. only,Thru lane,unknown,unknown,Sideswipe,Unknown,Daylight,01 - Daylight,Municipal (excl. Twp. Rd.),Traffic signal,Functioning,0,0,0,FALSE,FALSE,FALSE,Rain,,TRUE,Road 1: BLOCK LINE RD; Road 2: STRASBURG RD; Vehicle #1     Make: CHEV     Model: EQU     Colour: RED     Style: TY; Vehicle #2     Make:      Model:      Colour:      Style: ; Vehicle #3     Make: TOYT     Model: MTL     Colour: GRY     Style: 4D,4/9/2021 4:27:44 PM,542108.4797,4807131.548
49111,19091482,4/21/2019 3:00:00 PM,2019,4,21,15,0,0,Sunday,539353.8511,4811707.412,-80.513562,43.457248,Non intersection,2,Non-reportable,Thru lane,unknown,unknown,SMV unattended vehicle,Unknown,Daylight,01 - Daylight,Municipal (excl. Twp. Rd.),No control,unknown,0,0,0,FALSE,FALSE,FALSE,Clear,,TRUE,Road 1: MT HOPE ST; Road 2: KING ST W; Vehicle #1     Make:      Model:      Colour:      Style: ; Vehicle #2     Make: TOYT     Model: CBL     Colour: GRY     Style: 4D,4/9/2021 4:25:52 PM,539353.8511,4811707.412
49112,19092076,4/18/2019 10:00:00 PM,2019,4,18,22,0,0,Thursday,546026.3044,4808907.069,-80.431325,43.431653,At/near private drive,2,P.D. only,Thru lane,unknown,unknown,SMV unattended vehicle,Unknown,Dark,07 - Dark,Regional municipality,No control,unknown,0,0,0,FALSE,FALSE,FALSE,Clear,,TRUE,Road 1: JANSEN AVE; Road 2: FAIRWAY RD N; Vehicle #1     Make:      Model:      Colour:      Style: ; Vehicle #2     Make: TOYT     Model: UCS     Colour: RED     Style: 4D,4/9/2021 4:30:14 PM,546026.3044,4808907.069
49113,19092743,4/22/2019 3:50:00 PM,2019,4,22,15,50,0,Monday,540922.2912,4810569.829,-80.494261,43.446921,At intersection,2,P.D. only,Thru lane,unknown,unknown,Rear end,Unknown,Daylight,01 - Daylight,Municipal (excl. Twp. Rd.),unknown,Functioning,0,0,0,FALSE,FALSE,FALSE,Clear,,TRUE,Road 1: JUBILEE DR; Road 2: DAVID ST; Vehicle #1     Make: MAZD     Model: M3I     Colour: SIL     Style: 4D; Vehicle #2     Make: HYUN     Model: ESM     Colour: RED     Style: 4D,4/9/2021 4:28:42 PM,540922.2912,4810569.829
49114,19092762,4/23/2019 9:20:00 AM,2019,4,23,9,20,0,Tuesday,544780.665,4805276.953,-80.447013,43.399043,Intersection related,2,P.D. only,Thru lane,unknown,unknown,Turning movement,Unknown,Daylight,01 - Daylight,Regional municipality,Traffic signal,Functioning,0,0,0,FALSE,FALSE,FALSE,Clear,,TRUE,Road 1: DOON VILLAGE RD; Road 2: HOMER WATSON BLVD; Vehicle #1     Make: TOYT     Model: CBL     Colour: RED     Style: 4D; Vehicle #2     Make:      Model:      Colour:      Style:,4/9/2021 4:27:32 PM,544780.665,4805276.953
49115,19092803,4/3/2019 2:45:00 PM,2019,4,3,14,45,0,Wednesday,541695.7033,4810228.059,-80.484729,43.443801,At/near private drive,2,Non-reportable,Thru lane,unknown,unknown,SMV unattended vehicle,Unknown,Daylight,01 - Daylight,Municipal (excl. Twp. Rd.),No control,unknown,0,0,0,FALSE,FALSE,FALSE,Clear,,TRUE,Road 1: 111 MADISON AVE S; Vehicle #1     Make: CHEV     Model: EQU     Colour: BLU     Style: TY; Vehicle #2     Make:      Model:      Colour:      Style:,4/9/2021 4:29:38 PM,541695.7033,4810228.059
49116,19092878,4/23/2019 11:30:00 AM,2019,4,23,11,30,0,Tuesday,542582.166,4810126.092,-80.473782,43.442833,At intersection,1,Non-fatal injury,Within intersection,unknown,unknown,SMV other,Unknown,Daylight,01 - Daylight,Regional municipality,Traffic signal,Functioning,0,0,0,TRUE,FALSE,FALSE,Rain,,FALSE,Road 1: KING ST E (50 km/h); Road 2: BORDEN AVE S (50 km/h); Vehicle #1     Make: HOND     Model: UCL     Colour: BLU     Style: 2D,4/9/2021 4:28:08 PM,542582.166,4810126.092
49117,19093012,4/23/2019 1:40:00 PM,2019,4,23,13,40,0,Tuesday,539652.156,4811392.473,-80.509897,43.454397,Non intersection,2,P.D. only,Thru lane,unknown,unknown,Other,Unknown,Daylight,01 - Daylight,Municipal (excl. Twp. Rd.),No control,unknown,0,0,0,FALSE,FALSE,FALSE,Clear,,TRUE,Road 1: GLASGOW ST; Road 2: GRUHN ST; Vehicle #1     Make: HOND     Model: CCL     Colour: BLK     Style: 4D; Vehicle #2     Make: INTL     Model: PRO     Colour: WHI     Style: CT,4/9/2021 4:27:04 PM,539652.156,4811392.473
49118,19093247,4/23/2019 3:06:00 PM,2019,4,23,15,6,0,Tuesday,545035.2343,4807869.069,-80.443655,43.422367,Intersection related,2,Non-reportable,Thru lane,unknown,unknown,Rear end,Unknown,Daylight,01 - Daylight,Municipal (excl. Twp. Rd.),Traffic signal,Functioning,0,0,0,FALSE,FALSE,FALSE,Clear,,TRUE,Road 1: WILSON AVE; Road 2: KINGS WAY DRIVE; Vehicle #1     Make: STRN     Model: AXR     Colour: BRN     Style: 4D; Vehicle #2     Make: CHRY     Model: 3TR     Colour: BLU     Style: 4D,4/9/2021 4:27:19 PM,545035.2343,4807869.069
49119,19093583,4/24/2019 7:30:00 AM,2019,4,24,7,30,0,Wednesday,546993.4556,4808375.499,-80.419422,43.426807,At intersection,2,P.D. only,Thru lane,unknown,unknown,Sideswipe,Unknown,Daylight,01 - Daylight,Municipal (excl. Twp. Rd.),Stop sign,unknown,0,0,0,FALSE,FALSE,FALSE,Clear,,TRUE,Road 1: RIVER RD E; Road 2: GRAND RIVER BLVD; Distance: 10.0 M S; Vehicle #1     Make: HOND     Model: HRV     Colour: WHI     Style: TY; Vehicle #2     Make: HOND     Model: CRV     Colour: BRN     Style: TY,4/9/2021 4:28:50 PM,546993.4556,4808375.499
49120,19093998,4/24/2019 3:30:00 PM,2019,4,24,15,30,0,Wednesday,542387.9826,4806692.158,-80.476449,43.411925,Non intersection,2,Non-reportable,Thru lane,unknown,unknown,Turning movement,Unknown,Daylight,01 - Daylight,Municipal (excl. Twp. Rd.),No control,unknown,0,0,0,FALSE,FALSE,FALSE,Clear,,TRUE,Road 1: 842 STRASBURG RD (IFO); Vehicle #1     Make: TOYT     Model: RG4     Colour: GRY     Style: TY; Vehicle #2     Make:      Model:      Colour:      Style:,4/9/2021 4:25:52 PM,542387.9826,4806692.158
49121,19094073,4/21/2019 3:00:00 PM,2019,4,21,15,0,0,Sunday,541027.1575,4813044.683,-80.492778,43.469199,At/near private drive,2,P.D. only,Thru lane,unknown,unknown,SMV unattended vehicle,Unknown,Daylight,01 - Daylight,Municipal (excl. Twp. Rd.),No control,unknown,0,0,0,FALSE,FALSE,FALSE,Clear,,TRUE,Road 1: SAINT LEGER ST (IFO 468); Vehicle #1     Make: HOND     Model: UEX     Colour: GRY     Style: 4D; Vehicle #2     Make: HYUN     Model: ESS     Colour: RED     Style: 4D,4/9/2021 4:29:35 PM,541027.1575,4813044.683
49122,19094104,4/24/2019 4:50:00 PM,2019,4,24,16,50,0,Wednesday,543074.8534,4812800.025,-80.467483,43.466881,At intersection,2,P.D. only,Within intersection,unknown,unknown,Angle,Unknown,Daylight,01 - Daylight,Municipal (excl. Twp. Rd.),unknown,Functioning,0,0,0,FALSE,FALSE,FALSE,Clear,,TRUE,Road 1: SHIRLEY AVE; Road 2: RIVERBEND DR; Vehicle #1     Make: DODG     Model: CAR     Colour: BLU     Style: VN; Vehicle #2     Make: HYUN     Model: SFT     Colour: GRY     Style: TY,4/9/2021 4:28:49 PM,543074.8534,4812800.025
49123,19094665,3/17/2019 5:33:00 PM,2019,3,17,17,33,0,Sunday,540134.9996,4809513.881,-80.504068,43.437456,At/near private drive,2,P.D. only,Thru lane,unknown,unknown,SMV unattended vehicle,Unknown,Daylight,01 - Daylight,Municipal (excl. Twp. Rd.),No control,unknown,0,0,0,FALSE,FALSE,FALSE,Clear,,TRUE,Road 1: SPADINA RD W; Road 2: NORTH DR; Vehicle #1     Make:      Model:      Colour:      Style: ; Vehicle #2     Make: TOYT     Model: CEP     Colour: GRY     Style: 4D,4/9/2021 4:29:39 PM,540134.9996,4809513.881
49124,19094684,3/1/2019 4:15:00 PM,2019,3,1,16,15,0,Friday,536472.4544,4809555.744,-80.549321,43.43802,At/near private drive,2,Non-reportable,Thru lane,unknown,unknown,SMV unattended vehicle,Unknown,Daylight,01 - Daylight,Municipal (excl. Twp. Rd.),No control,unknown,0,0,0,FALSE,FALSE,FALSE,Clear,,TRUE,Road 1: 229 NORTHMANOR CRESCENT; Vehicle #1     Make:      Model:      Colour:      Style: ; Vehicle #2     Make: DODG     Model: CAR     Colour: GRY     Style: VN,4/9/2021 4:29:51 PM,536472.4544,4809555.744
49125,19094688,3/1/2019 3:30:00 PM,2019,3,1,15,30,0,Friday,539618.6239,4811375.853,-80.510313,43.454249,At intersection,2,P.D. only,Thru lane,unknown,unknown,Rear end,Unknown,Daylight,01 - Daylight,Municipal (excl. Twp. Rd.),Traffic signal,Functioning,0,0,0,FALSE,FALSE,FALSE,Clear,,TRUE,Road 1: GLASGOW ST; Road 2: PARK ST; Vehicle #1     Make: KIA     Model: RIO     Colour: BLU     Style: 4D; Vehicle #2     Make:      Model:      Colour:      Style:,4/9/2021 4:28:41 PM,539618.6239,4811375.853
49126,19094706,2/27/2019 1:00:00 PM,2019,2,27,13,0,0,Wednesday,540172.5021,4809414.694,-80.503612,43.436561,At intersection,2,P.D. only,Within intersection,unknown,unknown,Angle,Unknown,Daylight,01 - Daylight,Municipal (excl. Twp. Rd.),Traffic signal,Functioning,0,0,0,FALSE,FALSE,FALSE,Snow,,TRUE,Road 1: BELMONT AVE W; Road 2: QUEEN'S BLVD; Vehicle #1     Make: HOND     Model: UCD     Colour: WHI     Style: 4D; Vehicle #2     Make: HYUN     Model: ESM     Colour: GRY     Style: 4D,4/9/2021 4:27:56 PM,540172.5021,4809414.694
49127,19094711,2/27/2019 7:30:00 PM,2019,2,27,19,30,0,Wednesday,546247.1729,4809408.705,-80.428554,43.436156,At/near private drive,2,Non-reportable,Thru lane,unknown,unknown,SMV unattended vehicle,Unknown,Dark,07 - Dark,Municipal (excl. Twp. Rd.),No control,unknown,0,0,0,FALSE,FALSE,FALSE,Snow,,TRUE,Road 1: 298 VERONICA DR; Vehicle #1     Make:      Model:      Colour:      Style: ; Vehicle #2     Make: TOYT     Model: SCM     Colour: WHI     Style: 4B,4/9/2021 4:29:50 PM,546247.1729,4809408.705
49128,19094720,2/27/2019 10:45:00 AM,2019,2,27,10,45,0,Wednesday,540171.0935,4809415.286,-80.503629,43.436566,At intersection,2,P.D. only,Thru lane,unknown,unknown,Rear end,Unknown,Daylight,01 - Daylight,Municipal (excl. Twp. Rd.),Traffic signal,Functioning,0,0,0,FALSE,FALSE,FALSE,Clear,,TRUE,Road 1: BELMOUNT AVE; Road 2: QUEENS BLVD; Vehicle #1     Make: GMC     Model: SIE     Colour: WHI     Style: PK; Vehicle #2     Make:      Model:      Colour:      Style:,4/9/2021 4:27:56 PM,540171.0935,4809415.286
49129,19094723,2/27/2019 9:00:00 AM,2019,2,27,9,0,0,Wednesday,543067.7111,4807436.858,-80.467995,43.418591,Intersection related,2,Non-reportable,Thru lane,unknown,unknown,Rear end,Unknown,Daylight,01 - Daylight,Municipal (excl. Twp. Rd.),Stop sign,Functioning,0,0,0,FALSE,FALSE,FALSE,Clear,,TRUE,Road 1: FALLOWFIELD DR; Road 2: BLOCK LINE RD; Vehicle #1     Make: NISS     Model: MSV     Colour: BLK     Style: 4D; Vehicle #2     Make: FORD     Model: EDG     Colour: BLK     Style: TY,4/9/2021 4:27:23 PM,543067.7111,4807436.858
49130,19094730,2/26/2019 9:15:00 AM,2019,2,26,9,15,0,Tuesday,545381.6608,4803510.735,-80.439738,43.383104,At/near private drive,2,Non-reportable,Thru lane,unknown,unknown,SMV unattended vehicle,Unknown,Daylight,01 - Daylight,Municipal (excl. Twp. Rd.),No control,unknown,0,0,0,FALSE,FALSE,FALSE,Clear,,TRUE,Road 1: PINE VALLEY DR (IFO 382); Vehicle #1     Make:      Model:      Colour:      Style: ; Vehicle #2     Make: NISS     Model: SBL     Colour: BLU     Style: 4D,4/9/2021 4:28:54 PM,545381.6608,4803510.735
49131,19094742,2/28/2019 2:30:00 PM,2019,2,28,14,30,0,Thursday,545183.1873,4813374.69,-80.441372,43.471931,Non intersection,2,P.D. only,Thru lane,unknown,unknown,Turning movement,Unknown,Daylight,01 - Daylight,Municipal (excl. Twp. Rd.),No control,unknown,0,0,0,FALSE,FALSE,FALSE,Clear,,TRUE,Road 1: BINGEMANS CENTRE DR; Road 2: VICTORIA ST N; Distance: 20.0 M N; Vehicle #1     Make: NISS     Model: JUK     Colour: WHI     Style: TY; Vehicle #2     Make: HOND     Model: UAX     Colour: BLK     Style: 4D,4/9/2021 4:26:20 PM,545183.1873,4813374.69
49132,19094760,2/28/2019 3:45:00 PM,2019,2,28,15,45,0,Thursday,543922.8865,4812042.194,-80.45706,43.460008,At/near private drive,2,Non-reportable,Thru lane,unknown,unknown,SMV unattended vehicle,Unknown,Daylight,01 - Daylight,Municipal (excl. Twp. Rd.),No control,unknown,0,0,0,FALSE,FALSE,FALSE,Clear,,TRUE,Road 1: ROSEMOUNT DR (IFO 354); Vehicle #1     Make:      Model:      Colour:      Style: ; Vehicle #2     Make: FORD     Model: FE     Colour: WHI     Style: 4D,4/9/2021 4:29:52 PM,543922.8865,4812042.194
49133,19094777,3/10/2019 12:30:00 PM,2019,3,10,12,30,0,Sunday,541495.104,4811174.294,-80.487136,43.452332,Non intersection,2,P.D. only,Thru lane,unknown,unknown,Rear end,Unknown,Daylight,01 - Daylight,Municipal (excl. Twp. Rd.),No control,unknown,0,0,0,FALSE,FALSE,FALSE,Rain,,TRUE,Road 1: QUEEN ST N; Road 2: WEBER ST W; Vehicle #1     Make: HOND     Model: CUS     Colour: BLK     Style: 4D; Vehicle #2     Make: DODG     Model: AXT     Colour: SIL     Style: 4D,4/22/2022 2:25:10 PM,541495.104,4811174.294
49134,19094875,3/3/2019 4:00:00 PM,2019,3,3,16,0,0,Sunday,544132.6703,4803886.453,-80.455126,43.386561,Non intersection,2,Non-reportable,Not on roadway - right side,unknown,unknown,SMV unattended vehicle,Unknown,Daylight,01 - Daylight,Municipal (excl. Twp. Rd.),No control,unknown,0,0,0,FALSE,FALSE,FALSE,Clear,,TRUE,Road 1: CARYNDALE DR; Road 2: BIEHN DR; Distance: 60.0 M N; Vehicle #1     Make:      Model:      Colour:      Style: ; Vehicle #2     Make: MAZD     Model: 3SP     Colour: SIL     Style: 4B,4/9/2021 4:25:44 PM,544132.6703,4803886.453
49135,19094886,3/4/2019 3:30:00 PM,2019,3,4,15,30,0,Monday,541753.1155,4810649.624,-80.483987,43.447594,Non intersection,2,P.D. only,Thru lane,unknown,unknown,Turning movement,Unknown,Daylight,01 - Daylight,Municipal (excl. Twp. Rd.),No control,unknown,0,0,0,FALSE,FALSE,FALSE,Clear,,TRUE,Road 1: KING ST E; Road 2: EBY ST S; Vehicle #1     Make: ACUR     Model: ATL     Colour: GRY     Style: 4D; Vehicle #2     Make:      Model:      Colour:      Style:,4/27/2022 10:40:16 AM,541753.1155,4810649.624
49136,19095406,4/25/2019 5:22:00 PM,2019,4,25,17,22,0,Thursday,541142.1957,4806763.397,-80.49183,43.412636,At intersection,2,P.D. only,Within intersection,unknown,unknown,Angle,Unknown,Daylight,01 - Daylight,Municipal (excl. Twp. Rd.),unknown,Functioning,0,0,0,FALSE,FALSE,FALSE,Rain,,TRUE,Road 1: BLOCK LINE RD; Road 2: LAURENTIAN DR; Vehicle #1     Make: CHRY     Model: INT     Colour: GLD     Style: 4D; Vehicle #2     Make: CHEV     Model: UPL     Colour: RED     Style: VN,4/9/2021 4:28:33 PM,541142.1957,4806763.397
49137,19095439,4/25/2019 10:00:00 PM,2019,4,25,22,0,0,Thursday,539568.1259,4811425.39,-80.510934,43.454697,At intersection,2,P.D. only,Within intersection,unknown,unknown,Angle,Unknown,Dark,07 - Dark,Municipal (excl. Twp. Rd.),Stop sign,Functioning,0,0,0,FALSE,FALSE,FALSE,Rain,,FALSE,Road 1: PARK ST (50 km/h); Road 2: GREEN ST (50 km/h); Distance:  K W; Vehicle #1     Make: TOYT     Model: CIE     Colour: WHI     Style: VN; Vehicle #2     Make: HYUN     Model: EGM     Colour: GRY     Style: 4D,4/9/2021 4:28:19 PM,539568.1259,4811425.39
49138,19095490,4/25/2019 11:40:00 PM,2019,4,25,23,40,0,Thursday,541875.8283,4811809.407,-80.482382,43.45803,At intersection,1,Non-fatal injury,Within intersection,unknown,unknown,SMV other,Unknown,"Dark, artificial","08 - Dark, artificial",Municipal (excl. Twp. Rd.),unknown,Functioning,0,0,0,TRUE,FALSE,FALSE,Rain,,FALSE,Road 1: LANCASTER ST E (40 km/h); Road 2: QUEEN ST N (40 km/h); Charged Driver #1 on page 1: NA NA (NA) (NA); Vehicle #1     Make: HOND     Model: UCL     Colour: GRY     Style: 4D,4/27/2022 10:41:53 AM,541875.8283,4811809.407
49139,19095976,4/26/2019 9:30:00 AM,2019,4,26,9,30,0,Friday,540178.623,4810787.339,-80.503435,43.44892,Non intersection,2,Non-reportable,Right shoulder,unknown,unknown,SMV unattended vehicle,Unknown,Daylight,01 - Daylight,Municipal (excl. Twp. Rd.),No control,unknown,0,0,0,FALSE,FALSE,FALSE,Clear,,TRUE,Road 1: 105 PARK ST; Vehicle #1     Make:      Model:      Colour:      Style: ; Vehicle #2     Make: VOLK     Model: BTL     Colour: GRY     Style: CV,4/9/2021 4:26:14 PM,540178.623,4810787.339
49140,19095979,4/26/2019 3:00:00 PM,2019,4,26,15,0,0,Friday,541449.6992,4812106.18,-80.487626,43.460725,At intersection,2,P.D. only,Within intersection,unknown,unknown,Angle,Unknown,Daylight,01 - Daylight,Municipal (excl. Twp. Rd.),unknown,Functioning,0,0,0,FALSE,FALSE,FALSE,Clear,,TRUE,Road 1: ST LEGER ST; Road 2: LOUISA ST; Vehicle #1     Make: HYUN     Model: SSE     Colour: BLU     Style: 4D; Vehicle #2     Make: INFI     Model: QX8     Colour: SIL     Style: TY,4/9/2021 4:28:42 PM,541449.6992,4812106.18
49141,19096156,4/26/2019 3:00:00 PM,2019,4,26,15,0,0,Friday,545034.8058,4807868.397,-80.443661,43.422361,Intersection related,2,P.D. only,Thru lane,unknown,unknown,Sideswipe,Unknown,Daylight,01 - Daylight,Municipal (excl. Twp. Rd.),Traffic signal,Functioning,0,0,0,FALSE,FALSE,FALSE,Clear,,TRUE,Road 1: KINGSWAY DR; Road 2: WILSON AVE; Vehicle #1     Make: MAZD     Model: M3H     Colour: RED     Style: 4B; Vehicle #2     Make: NISS     Model: VSL     Colour: SIL     Style: 4D; Vehicle #3     Make: TOYT     Model: CHB     Colour: GRY     Style: 4D,4/9/2021 4:27:20 PM,545034.8058,4807868.397
49142,19096710,4/27/2019 1:00:00 PM,2019,4,27,13,0,0,Saturday,540740.1869,4810094.118,-80.496547,43.442648,At/near private drive,2,P.D. only,Thru lane,unknown,unknown,Rear end,Unknown,Daylight,01 - Daylight,Regional municipality,No control,unknown,0,0,0,FALSE,FALSE,FALSE,Clear,,TRUE,Road 1: WATERLOO REGIONAL RD 6; Road 2: HIGHLAND RD W; Vehicle #1     Make: HYUN     Model: ACC     Colour: BRN     Style: 4W; Vehicle #2     Make: TOYT     Model: SIE     Colour: GRN     Style: VN,4/22/2022 2:26:55 PM,540740.1869,4810094.118
49143,19096948,4/27/2019 7:52:00 PM,2019,4,27,19,52,0,Saturday,545759.0783,4803938.702,-80.435043,43.386934,At/near private drive,2,P.D. only,Thru lane,unknown,unknown,Other,Unknown,Dusk,05 - Dusk,Municipal (excl. Twp. Rd.),No control,unknown,0,0,0,FALSE,FALSE,FALSE,Clear,,TRUE,Road 1: 2 APPLE RIDGE DR; Vehicle #1     Make: BMW     Model: 28X     Colour: RED     Style: 4D; Vehicle #2     Make: NISS     Model: ROG     Colour: WHI     Style: TY,4/9/2021 4:29:42 PM,545759.0783,4803938.702
49144,19096983,4/27/2019 9:13:00 PM,2019,4,27,21,13,0,Saturday,544755.1769,4808023.091,-80.447102,43.423771,At intersection,2,P.D. only,Within intersection,unknown,unknown,Turning movement,Unknown,Dark,07 - Dark,Municipal (excl. Twp. Rd.),Traffic signal,Functioning,0,0,0,FALSE,FALSE,FALSE,Clear,,FALSE,Road 1: WILSON AVE (50 km/h); Road 2: TRAYNOR AVE (50 km/h); Vehicle #1     Make: TOYT     Model: HIG     Colour: GRY     Style: TY; Vehicle #2     Make: HOND     Model: UCD     Colour: SIL     Style: 4D,4/9/2021 4:28:14 PM,544755.1769,4808023.091
49145,19097248,4/28/2019 5:30:00 AM,2019,4,28,5,30,0,Sunday,542757.133,4806612.31,-80.471895,43.411185,At/near private drive,2,P.D. only,Thru lane,unknown,unknown,SMV unattended vehicle,Unknown,Dawn,03 - Dawn,Municipal (excl. Twp. Rd.),No control,unknown,1,0,0,FALSE,FALSE,FALSE,Clear,,FALSE,Road 1: 45 CENTURY HILL DR (50 km/h); Road 2: CENTURY HILL DR; Distance: 13.0 M S; Vehicle #1     Make: TOYT     Model: RG4     Colour: GRY     Style: TY; Vehicle #2     Make: CHEV     Model: MLT     Colour: BLU     Style: 4D; Vehicle #3     Make: HOND   ,4/9/2021 4:29:12 PM,542757.133,4806612.31
49146,19097402,4/28/2019 11:15:00 AM,2019,4,28,11,15,0,Sunday,543522.764,4804746.159,-80.462588,43.394338,Intersection related,2,P.D. only,Within intersection,unknown,unknown,SMV other,Unknown,Daylight,01 - Daylight,Municipal (excl. Twp. Rd.),Stop sign,Functioning,0,0,0,FALSE,FALSE,FALSE,Clear,,FALSE,Road 1: NORTHBROOK PL (50 km/h); Road 2: OLD HURON RD (50 km/h); Distance:  K; Vehicle #1     Make: HOND     Model: CIV     Colour: WHI     Style: 4D,4/9/2021 4:26:57 PM,543522.764,4804746.159