OBJECTID,ACCIDENTNUM,ACCIDENTDATE,ACCIDENT_YEAR,ACCIDENT_MONTH,ACCIDENT_DAY,ACCIDENT_HOUR,ACCIDENT_MINUTE,ACCIDENT_SECOND,ACCIDENT_WEEKDAY,XCOORD,YCOORD,LONGITUDE,LATITUDE,ACCIDENTLOCATION,COLLISIONTYPE,CLASSIFICATIONOFACCIDENT,IMPACTLOCATION,INITIALDIRECTIONOFTRAVELONE,INITIALDIRECTIONOFTRAVELTWO,INITIALIMPACTTYPE,INTTRAFFICCONTROL,LIGHT,LIGHTFORREPORT,ROADJURISDICTION,TRAFFICCONTROL,TRAFFICCONTROLCONDITION,THRULANENO,NORTHBOUNDDISOBEYCOUNT,SOUTHBOUNDDISOBEYCOUNT,PEDESTRIANINVOLVED,CYCLISTINVOLVED,MOTORCYCLISTINVOLVED,ENVIRONMENTCONDITION1,ENVIRONMENTCONDITION2,SELFREPORTED,XMLIMPORTNOTES,LASTEDITEDDATE,x,y
49190,19107205,5/8/2019 1:45:00 PM,2019,5,8,13,45,0,Wednesday,541496.8834,4808743.213,-80.487299,43.430443,At intersection,2,P.D. only,Within intersection,unknown,unknown,Angle,Unknown,Daylight,01 - Daylight,Regional municipality,unknown,Functioning,0,0,0,FALSE,FALSE,FALSE,Clear,,TRUE,Road 1: HIGHLAND RD E; Road 2: HOFFMAN ST; Vehicle #1     Make: FORD     Model: FEE     Colour: BLK     Style: 4B; Vehicle #2     Make:      Model:      Colour:      Style:,4/9/2021 5:47:59 PM,541496.8834,4808743.213
49191,19107648,5/9/2019 4:20:00 PM,2019,5,9,16,20,0,Thursday,547729.4905,4806119.144,-80.410526,43.406444,Intersection related,2,Non-reportable,Thru lane,unknown,unknown,Rear end,Unknown,Daylight,01 - Daylight,Municipal (excl. Twp. Rd.),unknown,Functioning,0,0,0,FALSE,FALSE,FALSE,Rain,,TRUE,Road 1: DEER RIDGE DR; Road 2: FALL HARVEST DR; Vehicle #1     Make: NISS     Model: S18     Colour: BLU     Style: 4D; Vehicle #2     Make:      Model:      Colour:      Style:,4/9/2021 5:47:34 PM,547729.4905,4806119.144
49192,19107938,5/8/2019 7:30:00 AM,2019,5,8,7,30,0,Wednesday,540590.0577,4811678.841,-80.498284,43.456925,Non intersection,2,P.D. only,Right shoulder,unknown,unknown,SMV unattended vehicle,Unknown,Daylight,01 - Daylight,Municipal (excl. Twp. Rd.),No control,unknown,0,0,0,FALSE,FALSE,FALSE,Clear,,TRUE,Road 1: LOUISA ST; Road 2: DUKE ST W; Vehicle #1     Make: HOND     Model: CIL     Colour: BLK     Style: 4D; Vehicle #2     Make: MERZ     Model: ML3     Colour: WHI     Style: TY,4/9/2021 5:47:18 PM,540590.0577,4811678.841
49193,19108013,5/10/2019 9:00:00 AM,2019,5,10,9,0,0,Friday,541496.7714,4808744.679,-80.4873,43.430456,Intersection related,2,P.D. only,Within intersection,unknown,unknown,Rear end,Unknown,Daylight,01 - Daylight,Municipal (excl. Twp. Rd.),unknown,Functioning,0,0,0,FALSE,FALSE,FALSE,Clear,,TRUE,Road 1: HIGHLAND RD KITCHNER; Road 2: HOFFMAN ST KITCHENER; Vehicle #1     Make: ACUR     Model: RDX     Colour: GRY     Style: TY; Vehicle #2     Make: HOND     Model: CTU     Colour: WHI     Style: 4D,4/27/2022 10:40:27 AM,541496.7714,4808744.679
49194,19108331,5/11/2019 8:04:00 AM,2019,5,11,8,4,0,Saturday,536515.8121,4807723.292,-80.548907,43.421518,Non intersection,2,P.D. only,Off highway,unknown,unknown,SMV other,Unknown,Daylight,01 - Daylight,Municipal (excl. Twp. Rd.),No control,unknown,0,0,0,FALSE,FALSE,FALSE,Clear,,FALSE,Road 1: 26 COVINGTON CRESCENT (50 km/h); Road 2: COVINGTON CRES; Distance: 5.0 K E; Vehicle #1     Make: MAZD     Model: M5T     Colour: GRY     Style: SW,4/9/2021 5:47:50 PM,536515.8121,4807723.292
49195,19108494,5/11/2019 10:55:00 AM,2019,5,11,10,55,0,Saturday,545547.5932,4804672.823,-80.437593,43.393557,At intersection,2,P.D. only,Thru lane,unknown,unknown,Rear end,Stop sign,Daylight,01 - Daylight,unknown,Stop sign,unknown,0,0,0,FALSE,FALSE,FALSE,Clear,,TRUE,Road 1: BECHTEL DR; Road 2: PIONEER DR; Vehicle #1     Make: TOYT     Model: HIG     Colour: WHI     Style: TY; Vehicle #2     Make: STRN     Model: SI1     Colour: RED     Style: 4D,4/9/2021 5:47:28 PM,545547.5932,4804672.823
49196,19108655,5/11/2019 3:30:00 PM,2019,5,11,15,30,0,Saturday,543143.9203,4810141.706,-80.466839,43.442942,Non intersection,2,P.D. only,Thru lane,unknown,unknown,Sideswipe,Unknown,Daylight,01 - Daylight,Regional municipality,No control,unknown,0,0,0,FALSE,FALSE,FALSE,Clear,,TRUE,Road 1: SYDNEY ST N; Road 2: WEBER ST E; Vehicle #1     Make: TOYT     Model: RG4     Colour: BLK     Style: TY; Vehicle #2     Make: CHEV     Model: ML2     Colour: WHI     Style: 4D,4/9/2021 5:48:06 PM,543143.9203,4810141.706
49197,19108757,5/11/2019 12:15:00 PM,2019,5,11,12,15,0,Saturday,540793.0056,4811771.051,-80.495769,43.457744,Non intersection,2,Non-reportable,Thru lane,unknown,unknown,Sideswipe,Unknown,Daylight,01 - Daylight,Regional municipality,No control,unknown,0,0,0,FALSE,FALSE,FALSE,Clear,,TRUE,Road 1: LOUISA ST; Road 2: WEBER ST W; Vehicle #1     Make: DODG     Model: CJO     Colour: GRY     Style: TY; Vehicle #2     Make:      Model:      Colour:      Style:,4/9/2021 5:48:12 PM,540793.0056,4811771.052
49198,19109059,5/12/2019 2:30:00 AM,2019,5,12,2,30,0,Sunday,538815.109,4809194.442,-80.520399,43.434649,At intersection,2,P.D. only,Within intersection,unknown,unknown,Angle,Unknown,Dark,07 - Dark,Municipal (excl. Twp. Rd.),unknown,Functioning,0,0,0,FALSE,FALSE,FALSE,Clear,,TRUE,Road 1: HIGHLAND CRESCENT; Road 2: FIELD GATE ST; Vehicle #1     Make: HOND     Model: UDY     Colour: BLK     Style: VN; Vehicle #2     Make: DODG     Model: DAK     Colour: BLK     Style: PK,4/27/2022 10:41:37 AM,538815.109,4809194.442
49199,19109502,5/12/2019 8:00:00 PM,2019,5,12,20,0,0,Sunday,541536.9089,4808761.063,-80.486803,43.430601,Non intersection,2,P.D. only,Thru lane,unknown,unknown,Rear end,Unknown,Dusk,05 - Dusk,Municipal (excl. Twp. Rd.),No control,unknown,0,0,0,FALSE,FALSE,FALSE,Clear,,TRUE,Road 1: HOFFMAN AVE KITCHENER; Road 2: SOUTHDALE AVE KITCHNER; Vehicle #1     Make: DODG     Model: CAR     Colour: SIL     Style: VN; Vehicle #2     Make: TOYT     Model: CTR     Colour: BLU     Style: 4B,4/9/2021 5:47:19 PM,541536.9089,4808761.063
49200,19109547,5/12/2019 9:30:00 PM,2019,5,12,21,30,0,Sunday,547287.5009,4804709.679,-80.416106,43.393782,Non intersection,2,P.D. only,Thru lane,unknown,unknown,SMV other,Unknown,Dark,07 - Dark,Municipal (excl. Twp. Rd.),No control,unknown,0,0,0,FALSE,FALSE,FALSE,Clear,,TRUE,Road 1: OLD MILL RD KITCHENER; Road 2: HOMER WATSON BLVD KITCHENER; Vehicle #1     Make: HYUN     Model: BGS     Colour: RED     Style: 4D,4/9/2021 5:47:19 PM,547287.5009,4804709.679
49201,19109702,5/12/2019 8:30:00 PM,2019,5,12,20,30,0,Sunday,542111.5505,4815957.242,-80.479147,43.495363,At/near private drive,2,Non-reportable,Thru lane,unknown,unknown,SMV unattended vehicle,Unknown,Dusk,05 - Dusk,Municipal (excl. Twp. Rd.),No control,unknown,0,0,0,FALSE,FALSE,FALSE,Rain,,TRUE,Road 1: 40 HAWKSWOOD DR; Vehicle #1     Make:      Model:      Colour:      Style: ; Vehicle #2     Make: NISS     Model: MSV     Colour: BLK     Style: 4D,4/9/2021 5:47:51 PM,542111.5505,4815957.242
49202,19110161,5/13/2019 5:40:00 PM,2019,5,13,17,40,0,Monday,541548.9458,4811886.251,-80.486416,43.45874,At intersection,2,P.D. only,Within intersection,unknown,unknown,Angle,Unknown,Daylight,01 - Daylight,Regional municipality,Stop sign,Functioning,0,0,0,FALSE,FALSE,FALSE,Rain,,FALSE,Road 1: ST LEGER ST (50 km/h); Road 2: BREITHAUPT ST (50 km/h); Distance:  K; Vehicle #1     Make: TOYT     Model: XLL     Colour: RED     Style: 4D; Vehicle #2     Make: HOND     Model: UAX     Colour: WHI     Style: 4D,4/9/2021 5:48:01 PM,541548.9458,4811886.251
49203,19110198,5/13/2019 6:28:00 PM,2019,5,13,18,28,0,Monday,542785.9694,4804146.907,-80.471732,43.388985,Intersection related,2,P.D. only,Within intersection,unknown,unknown,Angle,Unknown,Daylight,01 - Daylight,Municipal (excl. Twp. Rd.),unknown,Functioning,0,0,0,FALSE,FALSE,FALSE,Rain,,FALSE,Road 1: HURON RD (50 km/h); Road 2: PARKVALE DR (50 km/h); Distance: 5.0 M E; Vehicle #1     Make: NISS     Model: SL2     Colour: RED     Style: 4D; Vehicle #2     Make: HOND     Model: ULX     Colour: BLK     Style: 4D,4/9/2021 5:48:15 PM,542785.9694,4804146.907
49204,19110267,5/13/2019 1:30:00 PM,2019,5,13,13,30,0,Monday,544684.6703,4806292.556,-80.448115,43.408193,Non intersection,2,P.D. only,Thru lane,unknown,unknown,Rear end,Unknown,Daylight,01 - Daylight,Regional municipality,No control,unknown,0,0,0,FALSE,FALSE,FALSE,Clear,,TRUE,Road 1: WABANAKI DR; Road 2: MANITOU DR KITCHENER; Vehicle #1     Make: HYUN     Model: ESS     Colour: WHI     Style: 4D; Vehicle #2     Make: MAZD     Model: MAZD     Colour:      Style: 4DR,4/9/2021 5:48:06 PM,544684.6703,4806292.556
49205,19110984,5/14/2019 4:23:00 PM,2019,5,14,16,23,0,Tuesday,541146.946,4810992.653,-80.491452,43.450716,Other,2,P.D. only,Right shoulder,unknown,unknown,SMV unattended vehicle,Unknown,Daylight,01 - Daylight,Regional municipality,No control,unknown,0,0,0,FALSE,FALSE,FALSE,Clear,,FALSE,Road 1: 125 KING ST W (50 km/h); Road 2: YOUNG ST; Distance: 70.0 M E; Charged Driver #1 on page 1: NA NA (NA) (NA); Vehicle #1     Make: FORD     Model: FTP     Colour: WHI     Style: 4D; Vehicle #2     Make: GMC     Model: YUK     Colour: BLK     Style:,4/27/2022 10:42:52 AM,541146.946,4810992.653
49206,19111014,5/14/2019 5:03:00 PM,2019,5,14,17,3,0,Tuesday,540085.1559,4807708.849,-80.504816,43.421206,At/near private drive,2,P.D. only,Thru lane,unknown,unknown,Turning movement,Unknown,Daylight,01 - Daylight,Municipal (excl. Twp. Rd.),No control,unknown,1,0,0,FALSE,FALSE,TRUE,Clear,,FALSE,Road 1: HOWE DR (IFO 50) (50 km/h); Road 2: HOWE DR; Distance: 1.0 K S; Vehicle #1     Make: DODG     Model: CAR     Colour: BLU     Style: 4W; Vehicle #2     Make: HD     Model: LTR     Colour: RED     Style: MS,4/9/2021 5:47:48 PM,540085.1559,4807708.849
49207,19111181,5/13/2019 3:35:00 PM,2019,5,13,15,35,0,Monday,544251.1675,4803470.167,-80.453697,43.382806,Non intersection,2,Non-reportable,Off highway,unknown,unknown,SMV unattended vehicle,Unknown,Daylight,01 - Daylight,Municipal (excl. Twp. Rd.),No control,unknown,0,0,0,FALSE,FALSE,FALSE,Clear,,TRUE,Road 1: CARYNDALE DR; Vehicle #1     Make: HYUN     Model: SFT     Colour: GRY     Style: TY; Vehicle #2     Make: TOYT     Model: HIG     Colour: BLK     Style: TY,4/9/2021 5:47:50 PM,544251.1675,4803470.167
49208,19111449,5/15/2019 8:05:00 AM,2019,5,15,8,5,0,Wednesday,545874.8338,4809386.052,-80.433156,43.435975,At/near private drive,2,P.D. only,Thru lane,unknown,unknown,Angle,Unknown,Daylight,01 - Daylight,Municipal (excl. Twp. Rd.),No control,unknown,0,0,0,FALSE,FALSE,FALSE,Clear,,TRUE,Road 1: 83 THALER AVE KITCHENER; Vehicle #1     Make: TOYT     Model: RG4     Colour: BLK     Style: TY; Vehicle #2     Make: TOYT     Model: MTL     Colour: GRY     Style: 4D,4/9/2021 5:47:21 PM,545874.8338,4809386.052
49209,19111685,5/14/2019 12:45:00 PM,2019,5,14,12,45,0,Tuesday,541673.4959,4811116.38,-80.484935,43.451801,Non intersection,2,P.D. only,Thru lane,unknown,unknown,SMV unattended vehicle,Unknown,Daylight,01 - Daylight,Municipal (excl. Twp. Rd.),No control,unknown,0,0,0,FALSE,FALSE,FALSE,Clear,,TRUE,Road 1: SPETZ ST; Road 2: FREDERICK ST; Distance: 20.0 M S; Vehicle #1     Make: FORD     Model: COF     Colour: GRY     Style: PK; Vehicle #2     Make: DODG     Model: JOU     Colour: WHI     Style: TY,4/9/2021 5:47:21 PM,541673.4959,4811116.38
49210,19112118,5/15/2019 9:42:00 PM,2019,5,15,21,42,0,Wednesday,543237.1028,4812239.647,-80.465522,43.461826,Non intersection,2,P.D. only,Thru lane,unknown,unknown,SMV unattended vehicle,Unknown,"Dark, artificial","08 - Dark, artificial",Municipal (excl. Twp. Rd.),No control,unknown,1,0,0,FALSE,FALSE,FALSE,Clear,,FALSE,Road 1: 519 EPHRAIM ST (50 km/h); Road 2: EPHRAIM ST; Distance: 20.0 M S; Vehicle #1     Make: STRN     Model: SL1     Colour: GLD     Style: 4D; Vehicle #2     Make: HOND     Model: CCL     Colour: GRY     Style: 4D,4/9/2021 5:47:50 PM,543237.1028,4812239.647
49211,19112308,5/16/2019 6:45:00 AM,2019,5,16,6,45,0,Thursday,547005.2166,4809643.64,-80.419167,43.438225,Non intersection,2,P.D. only,Thru lane,unknown,unknown,Approaching,Unknown,Daylight,01 - Daylight,Municipal (excl. Twp. Rd.),No control,unknown,0,0,0,FALSE,FALSE,FALSE,Clear,,TRUE,Road 1: 111 SIMS ESTATE DR; Road 2: MORRISON RD; Vehicle #1     Make: VOLK     Model: JBS     Colour: BLK     Style: 4D; Vehicle #2     Make: MAZD     Model: 3TR     Colour: WHI     Style: 4D,4/9/2021 5:47:22 PM,547005.2166,4809643.64
49212,19113072,5/17/2019 9:40:00 PM,2019,5,17,21,40,0,Friday,543569.2323,4804977.234,-80.461996,43.396416,At intersection,2,P.D. only,Within intersection,unknown,unknown,Angle,Unknown,Dark,07 - Dark,Municipal (excl. Twp. Rd.),Traffic signal,Functioning,0,1,0,FALSE,FALSE,FALSE,Clear,,FALSE,Road 1: HURON RD (50 km/h); Road 2: BATTLER RD (50 km/h); Distance:  K; Vehicle #1     Make: HOND     Model: UCL     Colour: BLK     Style: 4DR; Vehicle #2     Make: KIA     Model: FLX     Colour: RED     Style: 4D,4/9/2021 5:47:33 PM,543569.2323,4804977.234
49213,19113312,5/17/2019 7:30:00 AM,2019,5,17,7,30,0,Friday,541859.3981,4807432.86,-80.48292,43.418624,Non intersection,2,P.D. only,Thru lane,unknown,unknown,Rear end,Unknown,Daylight,01 - Daylight,Municipal (excl. Twp. Rd.),No control,unknown,0,0,0,FALSE,FALSE,FALSE,Clear,,TRUE,Road 1: STRASBURG RD; Road 2: SELKIRK DR; Vehicle #1     Make: CHRY     Model: 2LM     Colour: SIL     Style: 4D; Vehicle #2     Make: MAZD     Model: MGR     Colour: GRY     Style: 4D,4/9/2021 4:25:40 PM,541859.3981,4807432.86
49214,19113432,5/16/2019 3:00:00 PM,2019,5,16,15,0,0,Thursday,539102.7744,4811057.956,-80.516712,43.451413,Non intersection,2,P.D. only,Thru lane,unknown,unknown,Sideswipe,Unknown,Daylight,01 - Daylight,Municipal (excl. Twp. Rd.),No control,unknown,0,0,0,FALSE,FALSE,FALSE,Clear,,TRUE,Road 1: BELMONT ST KITCHENER; Road 2: GLASGOW ST KITCHENER; Vehicle #1     Make: FORD     Model: EPR     Colour: GRY     Style: TY; Vehicle #2     Make: SUZI     Model: CXJ     Colour: GRY     Style: 4B,4/9/2021 5:47:23 PM,539102.7744,4811057.956
49215,19113528,5/17/2019 11:30:00 AM,2019,5,17,11,30,0,Friday,542108.2788,4807130.903,-80.479869,43.415891,Intersection related,2,Non-reportable,Thru lane,unknown,unknown,Rear end,Unknown,Daylight,01 - Daylight,Municipal (excl. Twp. Rd.),Traffic signal,Functioning,0,0,0,FALSE,FALSE,FALSE,Clear,,TRUE,Road 1: BLOCK LINE RD; Road 2: STRASSBURG RD; Vehicle #1     Make: LEXS     Model: RX5     Colour: BRN     Style: TY; Vehicle #2     Make:      Model:      Colour:      Style:,4/9/2021 5:47:35 PM,542108.2788,4807130.903
49216,19113746,5/17/2019 4:30:00 PM,2019,5,17,16,30,0,Friday,538261.0233,4807545.725,-80.527361,43.419832,Non intersection,2,P.D. only,Thru lane,unknown,unknown,Turning movement,Unknown,Daylight,01 - Daylight,Regional municipality,No control,unknown,0,0,0,FALSE,FALSE,FALSE,Clear,,TRUE,Road 1: MCGARRY DR (IN FRONT OF 197 MCGARRY); Road 2: FORESTWOOD DRIVE; Vehicle #1     Make: VOLK     Model: OP1     Colour: GRY     Style: 4D; Vehicle #2     Make: CHEV     Model: SIL     Colour: GRY     Style: PK,4/9/2021 5:48:08 PM,538261.0233,4807545.725
49217,19114561,5/18/2019 3:58:00 PM,2019,5,18,15,58,0,Saturday,538305.1872,4809857.183,-80.526653,43.440643,At/near private drive,2,P.D. only,Off highway,unknown,unknown,SMV other,Unknown,Daylight,01 - Daylight,Private property,No control,unknown,0,0,0,FALSE,FALSE,FALSE,Clear,,FALSE,Road 1: CHOPIN DR (50 km/h); Road 2: HAZELGLEN DR; Distance: 20.0 M N; Vehicle #1     Make: NISS     Model: ROG     Colour: BLK     Style: TY,4/9/2021 4:29:24 PM,538305.1872,4809857.183
49218,19115176,5/19/2019 8:40:00 AM,2019,5,19,8,40,0,Sunday,537085.6174,4807148.423,-80.541908,43.416314,At/near private drive,2,P.D. only,Thru lane,unknown,unknown,SMV unattended vehicle,Unknown,Daylight,01 - Daylight,Municipal (excl. Twp. Rd.),No control,unknown,0,0,0,FALSE,FALSE,FALSE,Clear,,TRUE,Road 1: HIGHVIEW DR; Road 2: DRIFTWOOD DR; Vehicle #1     Make: HOND     Model: CCL     Colour: BLU     Style: 4D; Vehicle #2     Make: NISS     Model: VNS     Colour: BLK     Style: 4B,4/9/2021 4:29:27 PM,537085.6174,4807148.424
49219,19115326,5/19/2019 12:00:00 PM,2019,5,19,12,0,0,Sunday,545682.6403,4809252.394,-80.435542,43.434784,At/near private drive,2,P.D. only,Thru lane,unknown,unknown,SMV unattended vehicle,Unknown,Daylight,01 - Daylight,Municipal (excl. Twp. Rd.),No control,unknown,0,0,0,FALSE,FALSE,FALSE,Clear,,TRUE,Road 1: 71 OBERMEYER DR (ROADSIDE PARKING); Vehicle #1     Make: GMC     Model: CAN     Colour: WHI     Style: PK; Vehicle #2     Make: HOND     Model: UCL     Colour: BLK     Style: 4D,4/9/2021 4:29:26 PM,545682.6403,4809252.394
49220,19115370,5/19/2019 2:00:00 PM,2019,5,19,14,0,0,Sunday,539776.1551,4806832.955,-80.508697,43.413336,Non intersection,2,P.D. only,Thru lane,unknown,unknown,Angle,Unknown,Daylight,01 - Daylight,Regional municipality,No control,unknown,0,0,0,FALSE,FALSE,FALSE,Clear,,TRUE,Road 1: ACTIVA AVE; Road 2: FISCHER-HALLMAN RD; Vehicle #1     Make: KIA     Model: SPO     Colour: WHI     Style: TY; Vehicle #2     Make: KIA     Model: FNG     Colour: WHI     Style: 4D,4/9/2021 4:25:43 PM,539776.1551,4806832.955
49221,19115886,5/17/2019 6:00:00 PM,2019,5,17,18,0,0,Friday,541616.009,4804006.569,-80.486188,43.387787,Non intersection,2,P.D. only,Thru lane,unknown,unknown,SMV unattended vehicle,Unknown,Daylight,01 - Daylight,Regional municipality,No control,unknown,0,0,0,FALSE,FALSE,FALSE,Clear,,TRUE,Road 1: 20 SEABROOK DR; Vehicle #1     Make:      Model:      Colour:      Style: ; Vehicle #2     Make: HYUN     Model: ASE     Colour: WHI     Style: 4B,4/9/2021 5:48:15 PM,541616.009,4804006.569
49222,19116591,5/21/2019 4:25:00 AM,2019,5,21,4,25,0,Tuesday,541183.4204,4810691.851,-80.491024,43.448005,At intersection,2,P.D. only,Not on roadway - left side,unknown,unknown,SMV other,Unknown,Dark,07 - Dark,Regional municipality,Traffic signal,Functioning,0,0,0,FALSE,FALSE,FALSE,Clear,,FALSE,Road 1: JOSEPH ST (50 km/h); Road 2: QUEEN ST S (40 km/h); Distance: 3.0 M W; Vehicle #1     Make: GMC     Model: ENV     Colour: GRY     Style: TY,4/9/2021 4:28:08 PM,541183.4204,4810691.851
49223,19116635,5/21/2019 6:30:00 AM,2019,5,21,6,30,0,Tuesday,539872.6454,4805740.941,-80.507585,43.403498,At intersection,2,P.D. only,Within intersection,unknown,unknown,Angle,Unknown,Daylight,01 - Daylight,Municipal (excl. Twp. Rd.),Stop sign,Functioning,0,0,0,FALSE,FALSE,FALSE,Clear,,TRUE,Road 1: MAX BECKER DR; Road 2: COPPER LEAF ST; Vehicle #1     Make: HYUN     Model: SFT     Colour: RED     Style: TY; Vehicle #2     Make: HOND     Model: FKG     Colour: GRY     Style: 4B,4/9/2021 4:28:25 PM,539872.6454,4805740.941
49224,19116955,5/21/2019 1:06:00 PM,2019,5,21,13,6,0,Tuesday,541762.4315,4809280.634,-80.483977,43.435267,At/near private drive,2,P.D. only,Thru lane,unknown,unknown,Other,Unknown,Daylight,01 - Daylight,Municipal (excl. Twp. Rd.),No control,unknown,0,0,0,FALSE,FALSE,FALSE,Clear,,TRUE,Road 1: 334 MILL ST KICTCHENER; Vehicle #1     Make: TOYT     Model: AXP     Colour: BLK     Style: 4D; Vehicle #2     Make: KIA     Model: SOR     Colour: SIL     Style: TY,4/9/2021 4:29:29 PM,541762.4315,4809280.634
49225,19117099,5/21/2019 8:20:00 AM,2019,5,21,8,20,0,Tuesday,535847.7566,4809497.292,-80.557043,43.437524,At/near private drive,2,Non-reportable,Thru lane,unknown,unknown,SMV unattended vehicle,Unknown,Daylight,01 - Daylight,Municipal (excl. Twp. Rd.),No control,unknown,0,0,0,FALSE,FALSE,FALSE,Clear,,TRUE,Road 1: IRON GATE ST (IFO 27); Vehicle #1     Make:      Model:      Colour:      Style: ; Vehicle #2     Make: NISS     Model: VSL     Colour: BLK     Style: 4B,4/9/2021 4:28:51 PM,535847.7566,4809497.292
49226,19117107,5/21/2019 4:00:00 PM,2019,5,21,16,0,0,Tuesday,538711.3667,4810930.86,-80.521558,43.450289,Non intersection,2,Non-reportable,Thru lane,unknown,unknown,Rear end,Unknown,Daylight,01 - Daylight,Regional municipality,No control,unknown,0,0,0,FALSE,FALSE,FALSE,Clear,,TRUE,Road 1: GLASGOW ST (IFO 320); Road 2: WESTMOUNT RD; Vehicle #1     Make: HYUN     Model: CFE     Colour: BLK     Style: TY; Vehicle #2     Make: DODG     Model: JOU     Colour: WHI     Style: TY,4/9/2021 4:26:13 PM,538711.3667,4810930.86
49227,19117171,5/21/2019 4:30:00 PM,2019,5,21,16,30,0,Tuesday,540761.6979,4811521.023,-80.496174,43.455494,At/near private drive,2,P.D. only,Thru lane,unknown,unknown,SMV unattended vehicle,Unknown,Daylight,01 - Daylight,Municipal (excl. Twp. Rd.),No control,unknown,0,0,0,FALSE,FALSE,FALSE,Clear,,TRUE,Road 1: BREITHAUPT ST (102); Road 2: DUKE ST W; Distance: 30.0 M E; Vehicle #1     Make:      Model:      Colour:      Style: ; Vehicle #2     Make: JEEP     Model: CHK     Colour: GRY     Style: TY,4/9/2021 4:29:03 PM,540761.6979,4811521.023
49228,19117378,5/21/2019 7:10:00 AM,2019,5,21,7,10,0,Tuesday,538842.3737,4805801.465,-80.520304,43.404097,Non intersection,2,Non-reportable,Thru lane,unknown,unknown,Other,Unknown,Daylight,01 - Daylight,Regional municipality,No control,unknown,0,0,0,FALSE,FALSE,FALSE,Clear,,TRUE,Road 1: 422 ACTIVA AVE; Vehicle #1     Make: DODG     Model: CJO     Colour: WHI     Style: TY; Vehicle #2     Make: HOND     Model: UDY     Colour: BLK     Style: VN,4/9/2021 4:26:43 PM,538842.3737,4805801.465
49229,19117381,5/19/2019 12:00:00 PM,2019,5,19,12,0,0,Sunday,540300.7695,4805855.983,-80.502289,43.404511,Non intersection,2,Non-reportable,Right shoulder,unknown,unknown,SMV unattended vehicle,Unknown,Daylight,01 - Daylight,Municipal (excl. Twp. Rd.),No control,unknown,0,0,0,FALSE,FALSE,FALSE,Clear,,TRUE,Road 1: 315 MAX BECKER DR; Vehicle #1     Make:      Model:      Colour:      Style: ; Vehicle #2     Make: VOLK     Model: JWE     Colour: RED     Style: 4D,4/9/2021 4:26:13 PM,540300.7695,4805855.984
49230,19117607,5/22/2019 9:00:00 AM,2019,5,22,9,0,0,Wednesday,539573.6942,4806250.593,-80.51124,43.408103,At intersection,2,P.D. only,Within intersection,unknown,unknown,Rear end,Unknown,Daylight,01 - Daylight,Municipal (excl. Twp. Rd.),Stop sign,unknown,0,0,0,FALSE,FALSE,FALSE,Clear,,FALSE,Road 1: ACTIVA AVE (50 km/h); Road 2: COPPER LEAF ST (50 km/h); Distance:  K; Vehicle #1     Make: INTL     Model: PB1     Colour: YEL     Style: BU; Vehicle #2     Make: TOYT     Model: CBS     Colour: SIL     Style: 4D,4/9/2021 4:28:34 PM,539573.6942,4806250.593
49231,19118167,5/22/2019 3:30:00 PM,2019,5,22,15,30,0,Wednesday,541179.9269,4809392.484,-80.491166,43.436306,At intersection,2,Non-reportable,Thru lane,unknown,unknown,Rear end,Unknown,Daylight,01 - Daylight,Municipal (excl. Twp. Rd.),Traffic signal,Functioning,0,0,0,FALSE,FALSE,FALSE,Clear,,TRUE,Road 1: HIGHLAND RD E; Road 2: STIRLING AVE S; Vehicle #1     Make: CHEV     Model: SIL     Colour: SIL     Style: PK; Vehicle #2     Make:      Model:      Colour:      Style:,4/9/2021 4:28:39 PM,541179.9269,4809392.484
49232,19118220,5/23/2019 11:05:00 PM,2019,5,23,23,5,0,Thursday,542941.4766,4811984.484,-80.469196,43.459546,Non intersection,2,P.D. only,Thru lane,unknown,unknown,Sideswipe,Unknown,Dark,07 - Dark,Regional municipality,No control,unknown,1,0,0,FALSE,FALSE,FALSE,Clear,,FALSE,Road 1: FREDERICK ST (50 km/h); Road 2: LOIS ST; Distance: 100.0 M S; Vehicle #1     Make: MERZ     Model: C4A     Colour: SIL     Style: 4D; Vehicle #2     Make: TOYT     Model: RUN     Colour: BLK     Style: TY,3/26/2021 11:53:26 AM,542941.4766,4811984.484
49233,19118613,5/23/2019 11:39:00 AM,2019,5,23,11,39,0,Thursday,545398.9445,4808860.903,-80.43908,43.431276,Non intersection,2,Non-reportable,Thru lane,unknown,unknown,Turning movement,Unknown,Daylight,01 - Daylight,Municipal (excl. Twp. Rd.),No control,unknown,0,0,0,FALSE,FALSE,FALSE,Rain,,TRUE,Road 1: KINZIE AVE KITCHENER; Road 2: WEBER ST KITCHENER; Vehicle #1     Make: NISS     Model: ROG     Colour: SIL     Style: TY; Vehicle #2     Make:      Model:      Colour:      Style:,4/9/2021 4:26:03 PM,545398.9445,4808860.903