OBJECTID,ACCIDENTNUM,ACCIDENTDATE,ACCIDENT_YEAR,ACCIDENT_MONTH,ACCIDENT_DAY,ACCIDENT_HOUR,ACCIDENT_MINUTE,ACCIDENT_SECOND,ACCIDENT_WEEKDAY,XCOORD,YCOORD,LONGITUDE,LATITUDE,ACCIDENTLOCATION,COLLISIONTYPE,CLASSIFICATIONOFACCIDENT,IMPACTLOCATION,INITIALDIRECTIONOFTRAVELONE,INITIALDIRECTIONOFTRAVELTWO,INITIALIMPACTTYPE,INTTRAFFICCONTROL,LIGHT,LIGHTFORREPORT,ROADJURISDICTION,TRAFFICCONTROL,TRAFFICCONTROLCONDITION,THRULANENO,NORTHBOUNDDISOBEYCOUNT,SOUTHBOUNDDISOBEYCOUNT,PEDESTRIANINVOLVED,CYCLISTINVOLVED,MOTORCYCLISTINVOLVED,ENVIRONMENTCONDITION1,ENVIRONMENTCONDITION2,SELFREPORTED,XMLIMPORTNOTES,LASTEDITEDDATE,x,y
49234,19118694,5/23/2019 3:00:00 PM,2019,5,23,15,0,0,Thursday,541499.8283,4811996.047,-80.487015,43.459731,Intersection related,2,P.D. only,Within intersection,unknown,unknown,Angle,Unknown,Daylight,01 - Daylight,Municipal (excl. Twp. Rd.),Stop sign,Functioning,0,0,0,FALSE,FALSE,FALSE,Clear,,FALSE,Road 1: ST LEGER ST (50 km/h); Road 2: WELLINGTON ST N (50 km/h); Distance: 4.0 M W; Vehicle #1     Make: FORD     Model: EXPL     Colour:      Style: COM; Vehicle #2     Make: CHRY     Model: PTC     Colour: RED     Style: VN,4/9/2021 4:27:25 PM,541499.8283,4811996.047
49235,19118717,5/23/2019 3:23:00 PM,2019,5,23,15,23,0,Thursday,539112.0822,4811655.656,-80.516554,43.456795,Intersection related,2,P.D. only,Thru lane,unknown,unknown,Rear end,Unknown,Daylight,01 - Daylight,Municipal (excl. Twp. Rd.),Traffic signal,Functioning,1,0,0,FALSE,FALSE,FALSE,Clear,,FALSE,Road 1: UNION BLVD (50 km/h); Road 2: PARK ST (50 km/h); Vehicle #1     Make: NISS     Model: VSL     Colour: RED     Style: 4B; Vehicle #2     Make: HOND     Model: CCL     Colour: GRY     Style: 4D; Vehicle #3     Make: TOYT     Model: RUN     Colour: G,4/9/2021 4:26:55 PM,539112.0822,4811655.656
49236,19118786,5/23/2019 10:30:00 AM,2019,5,23,10,30,0,Thursday,546290.4123,4803408.431,-80.428528,43.382127,At intersection,2,P.D. only,Within intersection,unknown,unknown,Sideswipe,Unknown,Daylight,01 - Daylight,Municipal (excl. Twp. Rd.),Stop sign,Functioning,0,0,0,FALSE,FALSE,FALSE,Clear,,TRUE,Road 1: DOON SOUTH DR; Road 2: DOON MILLS DRIVE; Vehicle #1     Make: HYUN     Model: CFE     Colour: BLU     Style: TY; Vehicle #2     Make: HOND     Model: UEX     Colour: GRY     Style: 4D,4/9/2021 4:28:31 PM,546290.4123,4803408.431
49237,19119352,5/24/2019 10:00:00 AM,2019,5,24,10,0,0,Friday,541639.7998,4810717.545,-80.485382,43.448212,Non intersection,2,P.D. only,Thru lane,unknown,unknown,Sideswipe,Unknown,Daylight,01 - Daylight,Municipal (excl. Twp. Rd.),No control,unknown,0,0,0,FALSE,FALSE,FALSE,Clear,,TRUE,Road 1: KING ST E (IN FRONT OF 235 KING ST E); Road 2: EBY ST N; Distance: 50.0 M W; Vehicle #1     Make: HYUN     Model: EGM     Colour: SIL     Style: 4D; Vehicle #2     Make: HOND     Model: UCL     Colour: BLU     Style: 4D; Vehicle #3     Make:      ,8/16/2022 3:00:29 PM,541639.7998,4810717.545
49238,19119533,5/24/2019 1:30:00 PM,2019,5,24,13,30,0,Friday,543082.7299,4812047.113,-80.467445,43.460101,Non intersection,2,P.D. only,Thru lane,unknown,unknown,Rear end,Unknown,Daylight,01 - Daylight,Regional municipality,No control,unknown,0,0,0,FALSE,FALSE,FALSE,Clear,,TRUE,Road 1: FREDERICK ST; Road 2: BRUCE ST; Vehicle #1     Make: KIA     Model: FKG     Colour: GRY     Style: 4D; Vehicle #2     Make: ACUR     Model: IGS     Colour: WHI     Style: 2B; Vehicle #3     Make: TOYT     Model: CEC     Colour: BLU     Style: 4B,4/27/2022 10:40:51 AM,543082.7299,4812047.113
49239,19119826,5/24/2019 1:30:00 PM,2019,5,24,13,30,0,Friday,543073.2383,4812801.614,-80.467503,43.466895,Intersection related,2,Non-reportable,Thru lane,unknown,unknown,Sideswipe,Unknown,Daylight,01 - Daylight,Municipal (excl. Twp. Rd.),unknown,Functioning,0,0,0,FALSE,FALSE,FALSE,Clear,,TRUE,Road 1: WELLINGTON ST N; Road 2: RIVERBEND DR; Vehicle #1     Make:      Model:      Colour:      Style: ; Vehicle #2     Make: FORD     Model: DRW     Colour: RED     Style: PK,4/9/2021 4:27:28 PM,543073.2383,4812801.614
49240,19119848,5/24/2019 7:40:00 PM,2019,5,24,19,40,0,Friday,542307.3511,4811038.453,-80.477108,43.451064,At intersection,2,P.D. only,Within intersection,unknown,unknown,Angle,Unknown,Daylight,01 - Daylight,Municipal (excl. Twp. Rd.),Stop sign,Functioning,0,0,0,FALSE,FALSE,FALSE,Clear,,TRUE,Road 1: SAMUEL ST; Road 2: KRUG ST; Vehicle #1     Make: TOYT     Model: CEC     Colour: BLU     Style: 2B; Vehicle #2     Make: HYUN     Model: SAN     Colour: BLK     Style: TY,4/9/2021 4:28:35 PM,542307.3511,4811038.453
49241,19119953,5/24/2019 2:00:00 PM,2019,5,24,14,0,0,Friday,543607.1992,4812170.151,-80.460952,43.461179,Intersection related,2,P.D. only,Thru lane,unknown,unknown,Angle,Unknown,Daylight,01 - Daylight,Regional municipality,Stop sign,Functioning,0,0,0,FALSE,FALSE,FALSE,Clear,,TRUE,Road 1: ROSEMOUNT DR; Road 2: RIVER RD E; Vehicle #1     Make: TOYT     Model: YSE     Colour: GRY     Style: 4B; Vehicle #2     Make: TOYT     Model: UCS     Colour: GRY     Style: 4D,4/9/2021 4:27:31 PM,543607.1992,4812170.151
49242,19119956,5/24/2019 2:00:00 PM,2019,5,24,14,0,0,Friday,541251.8937,4806245.232,-80.490514,43.407964,Non intersection,2,P.D. only,Thru lane,unknown,unknown,SMV unattended vehicle,Unknown,Daylight,01 - Daylight,Municipal (excl. Twp. Rd.),No control,unknown,0,0,0,FALSE,FALSE,FALSE,Clear,,TRUE,Road 1: FOLKSTONE CRESCENT (IN FRONT OF 79 FOLKSTONE); Road 2: RITTENHOUSE RD; Vehicle #1     Make: RAM     Model: RTR     Colour: BLU     Style: CW; Vehicle #2     Make: MAZD     Model: M6I     Colour: GRY     Style: 4B,4/9/2021 5:47:20 PM,541251.8937,4806245.232
49243,19120341,5/25/2019 11:00:00 AM,2019,5,25,11,0,0,Saturday,543044.3212,4809761.205,-80.4681,43.439521,Intersection related,2,P.D. only,Thru lane,unknown,unknown,Angle,Unknown,Daylight,01 - Daylight,Municipal (excl. Twp. Rd.),unknown,Functioning,0,0,1,FALSE,FALSE,FALSE,Clear,,TRUE,Road 1: CHARLES ST E; Road 2: PRESTON ST; Vehicle #1     Make: GMC     Model: SIE     Colour: BLK     Style: PK; Vehicle #2     Make: NISS     Model: VNR     Colour: SIL     Style: 4B,4/27/2022 10:41:28 AM,543044.3212,4809761.205
49244,19120399,5/25/2019 12:35:00 PM,2019,5,25,12,35,0,Saturday,547739.8829,4811093.451,-80.409963,43.451232,Non intersection,2,Non-reportable,Thru lane,unknown,unknown,Rear end,Unknown,Daylight,01 - Daylight,Municipal (excl. Twp. Rd.),No control,unknown,0,0,0,FALSE,FALSE,FALSE,Clear,,TRUE,Road 1: 477 ZELLER DR; Vehicle #1     Make: TOYT     Model: HIG     Colour: GRY     Style: TY; Vehicle #2     Make: TOYT     Model: RUN     Colour: BLU     Style: TY,4/9/2021 4:26:05 PM,547739.8829,4811093.451
49245,19120415,5/25/2019 11:00:00 AM,2019,5,25,11,0,0,Saturday,541854.0784,4803512.898,-80.483286,43.383329,Intersection related,2,P.D. only,Thru lane,unknown,unknown,Angle,Unknown,Daylight,01 - Daylight,Municipal (excl. Twp. Rd.),Stop sign,Functioning,0,0,0,FALSE,FALSE,FALSE,Rain,,TRUE,Road 1: HURON RD (ROUNABOUT); Road 2: WOODBINE AVE; Vehicle #1     Make: FORD     Model: COF     Colour: BLK     Style: PK; Vehicle #2     Make: KIA     Model: SED     Colour: RED     Style: VN,4/9/2021 4:27:31 PM,541854.0784,4803512.898
49246,19121334,5/26/2019 12:30:00 PM,2019,5,26,12,30,0,Sunday,549118.633,4806322.372,-80.393352,43.408185,Intersection related,2,P.D. only,Thru lane,unknown,unknown,Turning movement,Unknown,Daylight,01 - Daylight,Municipal (excl. Twp. Rd.),unknown,unknown,0,0,0,FALSE,FALSE,FALSE,Clear,,TRUE,Road 1: GATEWAY PARK DR; Road 2: SPORTSWORLD DR; Vehicle #1     Make: HOND     Model: CIV     Colour: GRY     Style: 4D; Vehicle #2     Make: FORD     Model: FE     Colour: BLK     Style: 4D,4/27/2022 10:41:33 AM,549118.633,4806322.372
49247,19121443,5/26/2019 2:45:00 PM,2019,5,26,14,45,0,Sunday,538267.5227,4808381.708,-80.527222,43.427359,Non intersection,2,P.D. only,Thru lane,unknown,unknown,Angle,Unknown,Daylight,01 - Daylight,Regional municipality,No control,unknown,0,0,0,FALSE,FALSE,FALSE,Clear,,TRUE,Road 1: QUEEN'S BLVD; Road 2: ELM RIDGE DR; Vehicle #1     Make: KIA     Model: OLX     Colour: BLU     Style: 4D; Vehicle #2     Make: FORD     Model: EPR     Colour: WHI     Style: TY,4/9/2021 4:25:42 PM,538267.5227,4808381.708
49248,19122055,5/27/2019 10:00:00 AM,2019,5,27,10,0,0,Monday,544123.7472,4812015.877,-80.45458,43.459759,Non intersection,2,P.D. only,Thru lane,unknown,unknown,SMV unattended vehicle,Unknown,Daylight,01 - Daylight,Municipal (excl. Twp. Rd.),No control,unknown,0,0,0,FALSE,FALSE,FALSE,Clear,,TRUE,Road 1: 168 EKLINGTON DR KITCHENER; Vehicle #1     Make: HOND     Model: UCL     Colour: SIL     Style: 4D; Vehicle #2     Make: FORD     Model: DRW     Colour: WHI     Style: CB,4/9/2021 4:26:27 PM,544123.7472,4812015.877
49249,19122371,5/24/2019 7:30:00 PM,2019,5,24,19,30,0,Friday,541363.0467,4813216.952,-80.488613,43.470732,At/near private drive,2,Non-reportable,Thru lane,unknown,unknown,SMV unattended vehicle,Unknown,Daylight,01 - Daylight,Municipal (excl. Twp. Rd.),No control,unknown,0,0,0,FALSE,FALSE,FALSE,Clear,,TRUE,Road 1: 363 EDWIN ST; Vehicle #1     Make:      Model:      Colour:      Style: ; Vehicle #2     Make: GMC     Model: SIE     Colour: BLK     Style: PK,4/9/2021 4:29:39 PM,541363.0467,4813216.952
49250,19122539,5/27/2019 5:19:00 PM,2019,5,27,17,19,0,Monday,545035.9997,4807870.006,-80.443646,43.422376,Intersection related,2,Non-reportable,Thru lane,unknown,unknown,Sideswipe,Unknown,Daylight,01 - Daylight,Municipal (excl. Twp. Rd.),Traffic signal,Functioning,0,0,0,FALSE,FALSE,FALSE,Clear,,TRUE,Road 1: WILSON AVE; Road 2: KINGSWAY DR; Vehicle #1     Make:      Model:      Colour:      Style: ; Vehicle #2     Make: HOND     Model: HRV     Colour: BLU     Style: TY,4/9/2021 4:27:21 PM,545035.9997,4807870.006
49251,19122760,5/28/2019 5:50:00 AM,2019,5,28,5,50,0,Tuesday,546635.9611,4802741.051,-80.424319,43.376097,Intersection related,2,P.D. only,Within intersection,unknown,unknown,Rear end,Unknown,Dawn,03 - Dawn,Municipal (excl. Twp. Rd.),Stop sign,unknown,0,0,0,FALSE,FALSE,FALSE,Rain,,TRUE,Road 1: THOMAS SLEE DR; Road 2: ROBERT FERRIE; Vehicle #1     Make: JEEP     Model: GCK     Colour: BRN     Style: TY; Vehicle #2     Make: HYUN     Model: ESM     Colour: BLK     Style: 4D,4/9/2021 4:27:18 PM,546635.9611,4802741.051
49252,19122816,5/27/2019 6:00:00 PM,2019,5,27,18,0,0,Monday,548383.3586,4806477.559,-80.402419,43.40963,At/near private drive,2,P.D. only,Thru lane,unknown,unknown,Rear end,Unknown,Daylight,01 - Daylight,Private property,No control,unknown,0,0,0,FALSE,FALSE,FALSE,Clear,,TRUE,Road 1: 4273 KING ST E; Vehicle #1     Make: VOLK     Model: JBS     Colour: BLK     Style: 4D; Vehicle #2     Make: VOLK     Model: GLF     Colour: WHI     Style: 4B,8/16/2022 2:56:19 PM,548383.3586,4806477.559
49253,19122946,5/28/2019 12:18:00 PM,2019,5,28,12,18,0,Tuesday,545112.9313,4807706.611,-80.442709,43.4209,Non intersection,2,P.D. only,Thru lane,unknown,unknown,Rear end,Unknown,Daylight,01 - Daylight,Municipal (excl. Twp. Rd.),No control,unknown,1,0,0,FALSE,FALSE,FALSE,Clear,,FALSE,Road 1: WILSON AVE (50 km/h); Road 2: KINGSWAY DR; Distance: 20.0 M S; Vehicle #1     Make: MERZ     Model: GK3     Colour: BLK     Style: TY; Vehicle #2     Make: FORD     Model: EPR     Colour: BLU     Style: TY,3/26/2021 11:53:16 AM,545112.9313,4807706.611
49254,19123101,5/27/2019 5:55:00 PM,2019,5,27,17,55,0,Monday,539266.8854,4810591.142,-80.514717,43.447202,At/near private drive,2,P.D. only,Thru lane,unknown,unknown,Angle,Unknown,Daylight,01 - Daylight,Municipal (excl. Twp. Rd.),No control,unknown,0,0,0,FALSE,FALSE,FALSE,Clear,,TRUE,Road 1: BELMONT AVE W (IFO 525); Vehicle #1     Make: MAZD     Model: MCX     Colour: GRY     Style: TY; Vehicle #2     Make:      Model:      Colour:      Style:,4/9/2021 4:29:35 PM,539266.8854,4810591.142
49255,19123281,5/26/2019 5:00:00 PM,2019,5,26,17,0,0,Sunday,541058.27,4805788.09,-80.49294,43.403859,At/near private drive,2,Non-reportable,Thru lane,unknown,unknown,SMV unattended vehicle,Unknown,Daylight,01 - Daylight,Municipal (excl. Twp. Rd.),No control,unknown,0,0,0,FALSE,FALSE,FALSE,Clear,,TRUE,Road 1: 16 TAMVALE CRESCENT; Vehicle #1     Make:      Model:      Colour:      Style: ; Vehicle #2     Make: HOND     Model: CRV     Colour: WHI     Style: TY,4/9/2021 4:29:38 PM,541058.27,4805788.09
49256,19123603,5/28/2019 7:00:00 PM,2019,5,28,19,0,0,Tuesday,540940.3087,4812088.843,-80.493924,43.460597,At/near private drive,2,P.D. only,Thru lane,unknown,unknown,SMV unattended vehicle,Unknown,Daylight,01 - Daylight,Municipal (excl. Twp. Rd.),No control,unknown,0,0,0,FALSE,FALSE,FALSE,Clear,,TRUE,Road 1: DIEPPE AVE; Road 2: WILHELM ST; Vehicle #1     Make:      Model:      Colour:      Style: ; Vehicle #2     Make: ACUR     Model: TL     Colour: SIL     Style: 4D,4/9/2021 4:29:29 PM,540940.3087,4812088.843
49257,19124106,5/29/2019 6:50:00 PM,2019,5,29,18,50,0,Wednesday,540555.1784,4808570.308,-80.498946,43.428937,At intersection,2,P.D. only,Within intersection,unknown,unknown,SMV other,Unknown,Daylight,01 - Daylight,Municipal (excl. Twp. Rd.),Stop sign,Functioning,0,0,0,TRUE,FALSE,FALSE,Clear,,FALSE,Road 1: GREENBROOK DR (50 km/h); Road 2: LAKESIDE DR (50 km/h); Vehicle #1     Make: TOYT     Model: MTL     Colour: WHI     Style: 4D,4/9/2021 4:27:55 PM,540555.1784,4808570.308
49258,19124256,5/29/2019 10:29:00 PM,2019,5,29,22,29,0,Wednesday,543233.9681,4811478.278,-80.465621,43.454971,Non intersection,2,P.D. only,Right shoulder,unknown,unknown,SMV unattended vehicle,Unknown,Dark,07 - Dark,Regional municipality,No control,unknown,0,0,0,FALSE,FALSE,FALSE,Clear,,FALSE,Road 1: 407 KRUG ST (50 km/h); Road 2: KRUG ST; Distance: 1.0 M N; Vehicle #1     Make: PONT     Model: MON     Colour: BLU     Style: VN; Vehicle #2     Make: GMC     Model: SAV     Colour: WHI     Style: FV,3/26/2021 11:53:28 AM,543233.9681,4811478.278
49259,19124604,5/30/2019 10:30:00 AM,2019,5,30,10,30,0,Thursday,542907.4062,4803802.675,-80.47026,43.385878,Non intersection,2,P.D. only,Thru lane,unknown,unknown,SMV unattended vehicle,Unknown,Daylight,01 - Daylight,Municipal (excl. Twp. Rd.),No control,unknown,0,0,0,FALSE,FALSE,FALSE,Clear,,TRUE,Road 1: NEWCASTLE DR; Road 2: TWEEBSDALE; Vehicle #1     Make: TOYT     Model: PRI     Colour: WHI     Style: 4B; Vehicle #2     Make: JEEP     Model: CHK     Colour: RED     Style: TY,4/9/2021 4:25:45 PM,542907.4062,4803802.675
49260,19125314,5/30/2019 5:30:00 PM,2019,5,30,17,30,0,Thursday,538867.8751,4811007.5,-80.519618,43.450971,Intersection related,2,P.D. only,Thru lane,unknown,unknown,Angle,Unknown,Daylight,01 - Daylight,Municipal (excl. Twp. Rd.),Stop sign,unknown,0,0,0,FALSE,FALSE,FALSE,Clear,,TRUE,Road 1: GLASGOW ST KITCHENER; Road 2: AVONDALE AVE; Vehicle #1     Make: HOND     Model: RID     Colour: SIL     Style: PK; Vehicle #2     Make:      Model:      Colour:      Style:,4/9/2021 4:27:36 PM,538867.8751,4811007.5
49261,19125458,5/30/2019 12:00:00 AM,2019,5,30,0,0,0,Thursday,539009.7912,4810300.944,-80.517915,43.444602,Non intersection,2,Non-reportable,Thru lane,unknown,unknown,SMV unattended vehicle,Unknown,Dark,07 - Dark,Municipal (excl. Twp. Rd.),No control,unknown,0,0,0,FALSE,FALSE,FALSE,Clear,,TRUE,Road 1: 76 BRYBECK CRESCENT; Vehicle #1     Make: MAZD     Model: MWG     Colour: GRY     Style: VN; Vehicle #2     Make:      Model:      Colour:      Style:,4/9/2021 4:25:54 PM,539009.7912,4810300.944
49262,19125808,5/31/2019 5:02:00 PM,2019,5,31,17,2,0,Friday,540886.9732,4812000.226,-80.49459,43.459802,At intersection,2,P.D. only,Within intersection,unknown,unknown,Angle,Unknown,Daylight,01 - Daylight,Municipal (excl. Twp. Rd.),Stop sign,Functioning,0,0,0,FALSE,FALSE,FALSE,Clear,,FALSE,Road 1: WILHELM ST (50 km/h); Road 2: AHRENS ST W (50 km/h); Distance:  K; Vehicle #1     Make: NISS     Model: ROG     Colour: BLK     Style: TY; Vehicle #2     Make: SUBA     Model: WPR     Colour: GRY     Style: SW,4/9/2021 4:28:19 PM,540886.9732,4812000.226
49263,19126002,5/30/2019 7:15:00 AM,2019,5,30,7,15,0,Thursday,544133.0829,4811930.071,-80.454471,43.458986,At/near private drive,2,Non-reportable,Thru lane,unknown,unknown,Other,Unknown,Daylight,01 - Daylight,Municipal (excl. Twp. Rd.),No control,unknown,0,0,0,FALSE,FALSE,FALSE,Clear,,TRUE,Road 1: 485 MANCHESTER RD; Vehicle #1     Make: MAZD     Model: CX9     Colour: BLK     Style: TY; Vehicle #2     Make:      Model:      Colour:      Style:,4/9/2021 4:29:34 PM,544133.0829,4811930.071
49264,19126405,6/1/2019 10:00:00 AM,2019,6,1,10,0,0,Saturday,541939.7053,4808785.967,-80.481824,43.430803,Non intersection,2,Non-reportable,Thru lane,unknown,unknown,SMV unattended vehicle,Unknown,Daylight,01 - Daylight,Municipal (excl. Twp. Rd.),No control,unknown,0,0,0,FALSE,FALSE,FALSE,Clear,,TRUE,Road 1: 47 DONLEY ST KITCHENER; Vehicle #1     Make: GMC     Model: SAV     Colour: WHI     Style: FV; Vehicle #2     Make: HYUN     Model: TUC     Colour: GRY     Style: TY,4/9/2021 4:26:26 PM,541939.7053,4808785.967
49265,19126566,6/1/2019 2:57:00 PM,2019,6,1,14,57,0,Saturday,546186.5386,4804376.191,-80.429728,43.390847,Non intersection,2,P.D. only,Thru lane,unknown,unknown,SMV unattended vehicle,Unknown,Daylight,01 - Daylight,Municipal (excl. Twp. Rd.),No control,unknown,1,0,0,FALSE,FALSE,FALSE,Clear,,FALSE,Road 1: 165 OLD CARRIAGE DR (50 km/h); Road 2: OLD CARRIAGE DR; Distance: 7.0 M N; Vehicle #1     Make: FORD     Model: FZT     Colour: GRN     Style: 4D; Vehicle #2     Make: TOYT     Model: TAC     Colour: GRY     Style: PK,4/9/2021 4:25:31 PM,546186.5386,4804376.191
49266,19126728,6/1/2019 6:53:00 PM,2019,6,1,18,53,0,Saturday,541661.4767,4811460.614,-80.485058,43.454901,Non intersection,2,P.D. only,Thru lane,unknown,unknown,Rear end,Unknown,Daylight,01 - Daylight,Regional municipality,No control,unknown,1,0,0,FALSE,FALSE,FALSE,Rain,,FALSE,Road 1: 101 QUEEN ST N (50 km/h); Road 2: QUEEN ST N; Distance: 25.0 M S; Vehicle #1     Make: GMC     Model: SIE     Colour: WHI     Style: PK; Vehicle #2     Make: TOYT     Model: CBL     Colour: RED     Style: 4D,4/27/2022 10:39:49 AM,541661.4767,4811460.614
49267,19127015,6/2/2019 1:30:00 AM,2019,6,2,1,30,0,Sunday,537988.449,4808488.082,-80.530663,43.428331,Non intersection,2,P.D. only,Right shoulder,unknown,unknown,SMV unattended vehicle,Unknown,Dark,07 - Dark,Municipal (excl. Twp. Rd.),No control,unknown,0,0,0,FALSE,FALSE,FALSE,Rain,,FALSE,Road 1: 35 WESTHEIGHTS DR (50 km/h); Road 2: WESTHEIGHTS DR; Distance: 0.0 K S; Vehicle #1     Make: PONT     Model: VIB     Colour:      Style: 4B; Vehicle #2     Make: CHEV     Model: EQU     Colour: WHI     Style: TY,4/9/2021 4:25:56 PM,537988.449,4808488.082
49268,19127169,6/1/2019 4:30:00 PM,2019,6,1,16,30,0,Saturday,541466.7402,4809537.687,-80.487611,43.437598,Intersection related,2,P.D. only,Thru lane,unknown,unknown,Rear end,Unknown,Daylight,01 - Daylight,Municipal (excl. Twp. Rd.),Traffic signal,Functioning,0,0,0,FALSE,FALSE,FALSE,Rain,,TRUE,Road 1: STIRLING AVE S; Road 2: MILL ST; Vehicle #1     Make: KIA     Model: SPO     Colour: BLU     Style: TY; Vehicle #2     Make: DODG     Model: CAR     Colour: WHI     Style: VN,4/9/2021 4:27:23 PM,541466.7402,4809537.687
49269,19127385,6/2/2019 1:15:00 PM,2019,6,2,13,15,0,Sunday,541877.2228,4807560.411,-80.48269,43.419771,At/near private drive,2,P.D. only,Thru lane,unknown,unknown,SMV unattended vehicle,Unknown,Daylight,01 - Daylight,Municipal (excl. Twp. Rd.),No control,unknown,0,0,0,FALSE,FALSE,FALSE,Clear,,TRUE,Road 1: 63 LUCERNE DR; Vehicle #1     Make: HYUN     Model: SPL     Colour: BLU     Style: 4D; Vehicle #2     Make: FORD     Model: SPE     Colour: GRY     Style: TY,4/9/2021 4:30:13 PM,541877.2228,4807560.411
49270,19127980,6/3/2019 10:30:00 AM,2019,6,3,10,30,0,Monday,539094.8397,4811208.348,-80.516799,43.452768,Non intersection,2,P.D. only,Thru lane,unknown,unknown,SMV unattended vehicle,Unknown,Daylight,01 - Daylight,Municipal (excl. Twp. Rd.),No control,unknown,0,0,0,FALSE,FALSE,FALSE,Clear,,TRUE,Road 1: BELMONT AVE W (IN FRONT OF 660); Vehicle #1     Make: HOND     Model: UDY     Colour: BLU     Style: VN; Vehicle #2     Make: HYUN     Model: TUC     Colour: BLK     Style: TY,4/9/2021 4:27:08 PM,539094.8397,4811208.348
49271,19128042,6/3/2019 11:30:00 AM,2019,6,3,11,30,0,Monday,539004.564,4808935.26,-80.518077,43.432306,At/near private drive,2,P.D. only,Thru lane,unknown,unknown,SMV unattended vehicle,Unknown,Daylight,01 - Daylight,Municipal (excl. Twp. Rd.),No control,unknown,0,0,0,FALSE,FALSE,FALSE,Clear,,TRUE,Road 1: KELLY DR (IFO 40); Vehicle #1     Make: FORD     Model: COF     Colour: BLK     Style: PK; Vehicle #2     Make: MAZD     Model: X3S     Colour: BLK     Style: 4W,4/9/2021 4:30:00 PM,539004.564,4808935.26
49272,19128142,6/3/2019 3:34:00 PM,2019,6,3,15,34,0,Monday,543569.5902,4809842.608,-80.461603,43.440224,At/near private drive,2,P.D. only,Right shoulder,unknown,unknown,SMV unattended vehicle,Unknown,Daylight,01 - Daylight,Municipal (excl. Twp. Rd.),No control,unknown,0,0,0,FALSE,FALSE,FALSE,Clear,,FALSE,Road 1: 7 PRIVATE DRIVE (50 km/h); Road 2: CLIFFORD RD; Distance: 1.0 M S; Vehicle #1     Make: NISS     Model: MIC     Colour: BLK     Style: 4B; Vehicle #2     Make: TOYT     Model: CTR     Colour: BLK     Style: 4B,4/9/2021 4:29:02 PM,543569.5902,4809842.608
49273,19128258,6/3/2019 5:39:00 PM,2019,6,3,17,39,0,Monday,539995.0139,4810791.067,-80.505704,43.448963,Non intersection,2,P.D. only,Not on roadway - right side,unknown,unknown,SMV other,Unknown,Daylight,01 - Daylight,Private property,No control,unknown,0,0,0,FALSE,FALSE,FALSE,Clear,,FALSE,Road 1: 25 CHERRY ST (50 km/h); Road 2: CHERRY ST; Distance: 0.0 K E; Vehicle #1     Make: CHEV     Model: EXP     Colour: WHI     Style: FV,3/26/2021 11:53:27 AM,539995.0139,4810791.067
49274,19128289,6/3/2019 6:13:00 PM,2019,6,3,18,13,0,Monday,542741.6476,4806082.164,-80.472128,43.406412,Non intersection,2,P.D. only,Thru lane,unknown,unknown,Angle,Unknown,Daylight,01 - Daylight,Regional municipality,No control,unknown,1,0,0,FALSE,FALSE,FALSE,Clear,,FALSE,Road 1: SHOEMAKER ST (50 km/h); Road 2: STRASBURG RD; Distance: 200.0 M W; Vehicle #1     Make: MAZD     Model: M3I     Colour: WHI     Style: 4D; Vehicle #2     Make: MAZD     Model: B22     Colour: BLK     Style: PK,4/9/2021 4:25:27 PM,542741.6476,4806082.164
49275,19129150,6/3/2019 5:50:00 PM,2019,6,3,17,50,0,Monday,543895.5079,4805116.256,-80.457956,43.397649,Non intersection,2,P.D. only,Right turn channel,unknown,unknown,Rear end,Unknown,Daylight,01 - Daylight,Municipal (excl. Twp. Rd.),No control,unknown,0,0,0,FALSE,FALSE,FALSE,Clear,,TRUE,Road 1: OLD HURON RD; Road 2: BIEHN DR; Distance:  E; Vehicle #1     Make: FORD     Model: COF     Colour: WHI     Style: CW; Vehicle #2     Make: MERZ     Model: GK3     Colour: SIL     Style: TY,4/9/2021 4:27:03 PM,543895.5079,4805116.256
49276,19129702,6/4/2019 3:45:00 PM,2019,6,4,15,45,0,Tuesday,544836.0347,4809712.721,-80.445965,43.43898,Non intersection,2,P.D. only,Thru lane,unknown,unknown,Rear end,Unknown,Daylight,01 - Daylight,Municipal (excl. Twp. Rd.),No control,unknown,0,0,0,FALSE,FALSE,FALSE,Clear,,TRUE,Road 1: 207 FRANKLIN ST N; Vehicle #1     Make: HOND     Model: ODY     Colour: GRY     Style: VN; Vehicle #2     Make: DODG     Model: CAR     Colour: WHI     Style: VN,4/9/2021 4:27:05 PM,544836.0347,4809712.721
49277,19129819,6/5/2019 2:14:00 PM,2019,6,5,14,14,0,Wednesday,539296.11,4811575.441,-80.514285,43.456063,At intersection,2,P.D. only,Within intersection,unknown,unknown,Angle,Unknown,Daylight,01 - Daylight,Municipal (excl. Twp. Rd.),Stop sign,Functioning,0,0,0,FALSE,FALSE,FALSE,Rain,,FALSE,Road 1: PARK ST (50 km/h); Road 2: MT HOPE ST (50 km/h); Vehicle #1     Make: VOLK     Model: GLF     Colour: WHI     Style: 4B; Vehicle #2     Make: HOND     Model: CLL     Colour: WHI     Style: 2D,4/9/2021 4:28:01 PM,539296.11,4811575.441