OBJECTID,ACCIDENTNUM,ACCIDENTDATE,ACCIDENT_YEAR,ACCIDENT_MONTH,ACCIDENT_DAY,ACCIDENT_HOUR,ACCIDENT_MINUTE,ACCIDENT_SECOND,ACCIDENT_WEEKDAY,XCOORD,YCOORD,LONGITUDE,LATITUDE,ACCIDENTLOCATION,COLLISIONTYPE,CLASSIFICATIONOFACCIDENT,IMPACTLOCATION,INITIALDIRECTIONOFTRAVELONE,INITIALDIRECTIONOFTRAVELTWO,INITIALIMPACTTYPE,INTTRAFFICCONTROL,LIGHT,LIGHTFORREPORT,ROADJURISDICTION,TRAFFICCONTROL,TRAFFICCONTROLCONDITION,THRULANENO,NORTHBOUNDDISOBEYCOUNT,SOUTHBOUNDDISOBEYCOUNT,PEDESTRIANINVOLVED,CYCLISTINVOLVED,MOTORCYCLISTINVOLVED,ENVIRONMENTCONDITION1,ENVIRONMENTCONDITION2,SELFREPORTED,XMLIMPORTNOTES,LASTEDITEDDATE,x,y
49278,19129875,6/5/2019 3:41:00 PM,2019,6,5,15,41,0,Wednesday,541769.7865,4811055.801,-80.48375,43.45125,Non intersection,2,P.D. only,Thru lane,unknown,unknown,SMV other,Unknown,Daylight,01 - Daylight,Municipal (excl. Twp. Rd.),No control,unknown,1,0,0,FALSE,FALSE,FALSE,Clear,,FALSE,Road 1: 87 PEARL PL (50 km/h); Road 2: SCOTT ST; Distance: 5.0 M S; Vehicle #1     Make: SUBA     Model: IPR     Colour: SIL     Style: SW,4/9/2021 4:25:30 PM,541769.7865,4811055.801
49279,19129878,6/5/2019 9:00:00 AM,2019,6,5,9,0,0,Wednesday,539394.3184,4808471.349,-80.513295,43.428108,At/near private drive,2,P.D. only,Thru lane,unknown,unknown,SMV unattended vehicle,Unknown,Daylight,01 - Daylight,Municipal (excl. Twp. Rd.),No control,unknown,0,0,0,FALSE,FALSE,FALSE,Clear,,TRUE,Road 1: 377 FOREST HILL DR; Vehicle #1     Make:      Model:      Colour:      Style: ; Vehicle #2     Make: NISS     Model: 2LS     Colour: SIL     Style: 2D,4/9/2021 4:30:13 PM,539394.3184,4808471.349
49280,19129906,6/5/2019 4:10:00 PM,2019,6,5,16,10,0,Wednesday,542784.9714,4804145.9,-80.471745,43.388976,At intersection,2,P.D. only,Within intersection,unknown,unknown,Angle,Unknown,Daylight,01 - Daylight,Regional municipality,unknown,Functioning,0,0,0,FALSE,FALSE,FALSE,Rain,,FALSE,Road 1: HURON RD (60 km/h); Road 2: PARKVALE DR (50 km/h); Vehicle #1     Make: TOYT     Model: CIE     Colour: BRN     Style: VN; Vehicle #2     Make: CHRY     Model: 2LX     Colour: BLK     Style: 4D,4/9/2021 4:28:26 PM,542784.9714,4804145.9
49281,19130397,6/6/2019 9:10:00 AM,2019,6,6,9,10,0,Thursday,541498.2041,4811998.964,-80.487035,43.459757,Intersection related,2,P.D. only,Within intersection,unknown,unknown,Angle,Unknown,Daylight,01 - Daylight,Municipal (excl. Twp. Rd.),Stop sign,Functioning,0,0,0,FALSE,FALSE,FALSE,Clear,,TRUE,Road 1: LEGER ST KITCHENER; Road 2: WELINGTON ST KITCHENER; Vehicle #1     Make: KIA     Model: SOR     Colour: BLK     Style: TY; Vehicle #2     Make: HOND     Model: CCL     Colour: GRY     Style: 4D,4/9/2021 4:27:25 PM,541498.2041,4811998.964
49282,19130631,6/6/2019 9:15:00 AM,2019,6,6,9,15,0,Thursday,536741.334,4806563.177,-80.546199,43.411062,At/near private drive,2,P.D. only,Thru lane,unknown,unknown,SMV unattended vehicle,Unknown,Daylight,01 - Daylight,Municipal (excl. Twp. Rd.),No control,unknown,0,0,0,FALSE,FALSE,FALSE,Clear,,TRUE,Road 1: FRAN ELLEN CRESCENT; Road 2: YELLOW BIRCH DR; Vehicle #1     Make:      Model:      Colour:      Style: ; Vehicle #2     Make: MAZD     Model: CX9     Colour: BLK     Style: TY,4/9/2021 4:30:14 PM,536741.334,4806563.177
49283,19130847,6/6/2019 4:45:00 PM,2019,6,6,16,45,0,Thursday,541254.8518,4810937.783,-80.490123,43.450216,At/near private drive,2,Non-reportable,Off highway,unknown,unknown,Other,Unknown,Daylight,01 - Daylight,Private property,No control,unknown,0,0,0,FALSE,FALSE,FALSE,Clear,,TRUE,Road 1: 64 KING ST W; Vehicle #1     Make: MAZD     Model: 3TR     Colour: BLU     Style: 4D; Vehicle #2     Make: NISS     Model: PFI     Colour: WHI     Style: TY,4/27/2022 10:42:40 AM,541254.8518,4810937.783
49284,19130883,6/6/2019 12:00:00 PM,2019,6,6,12,0,0,Thursday,544455.2372,4813296.221,-80.450378,43.471268,Non intersection,2,Non-reportable,Thru lane,unknown,unknown,Rear end,Unknown,Daylight,01 - Daylight,Regional municipality,No control,unknown,0,0,0,FALSE,FALSE,FALSE,Clear,,TRUE,Road 1: 425 BINGEMANS CENTRE DR; Vehicle #1     Make: NISS     Model: SML     Colour: BLU     Style: 4D; Vehicle #2     Make: HOND     Model: AXL     Colour: WHI     Style: 2D,4/9/2021 4:25:41 PM,544455.2372,4813296.221
49285,19130977,6/6/2019 6:55:00 PM,2019,6,6,18,55,0,Thursday,540762.7299,4809837.867,-80.496287,43.440339,Non intersection,2,P.D. only,Thru lane,unknown,unknown,Rear end,Unknown,Daylight,01 - Daylight,Regional municipality,No control,unknown,1,0,0,FALSE,FALSE,FALSE,Clear,,FALSE,Road 1: HIGHLAND RD E (50 km/h); Road 2: RUBY ST; Distance: 8.0 M W; Charged Driver #1 on page 1: NA NA (NA) (NA); Vehicle #1     Make: HOND     Model: CUI     Colour: BLK     Style: 2D; Vehicle #2     Make: KIA     Model: SED     Colour: GRN     Style: V,4/27/2022 10:39:54 AM,540762.7299,4809837.868
49286,19131104,6/6/2019 9:30:00 PM,2019,6,6,21,30,0,Thursday,542262.2563,4806121.42,-80.478045,43.406793,At/near private drive,2,P.D. only,Right shoulder,unknown,unknown,SMV unattended vehicle,Unknown,Dark,07 - Dark,Municipal (excl. Twp. Rd.),No control,unknown,0,0,0,FALSE,FALSE,FALSE,Clear,,FALSE,Road 1: 255 THE COUNTRY WAY (50 km/h); Road 2: THE COUNTRY WAY; Distance: 5.0 M E; Vehicle #1     Make: KIA     Model: RBL     Colour: CPR     Style: 4D; Vehicle #2     Make: CHEV     Model: CZT     Colour: WHI     Style: 4D,4/9/2021 4:29:16 PM,542262.2563,4806121.42
49287,19131348,6/7/2019 6:30:00 AM,2019,6,7,6,30,0,Friday,547066.1412,4810447.987,-80.418345,43.445463,Non intersection,2,P.D. only,Right shoulder,unknown,unknown,SMV unattended vehicle,Unknown,Daylight,01 - Daylight,Municipal (excl. Twp. Rd.),No control,unknown,0,0,0,FALSE,FALSE,FALSE,Clear,,TRUE,Road 1: ROLLING ACRES DR (IN FRONT OF 58 ROLLING ACRES); Road 2: CORFIELD DR; Vehicle #1     Make:      Model:      Colour:      Style: ; Vehicle #2     Make: HYUN     Model: SAN     Colour: GRY     Style: TY,4/9/2021 4:27:09 PM,547066.1412,4810447.987
49288,19131682,6/7/2019 1:00:00 PM,2019,6,7,13,0,0,Friday,541691.6231,4814717.681,-80.484436,43.484226,Non intersection,2,Non-reportable,Thru lane,unknown,unknown,Sideswipe,Unknown,Daylight,01 - Daylight,Municipal (excl. Twp. Rd.),No control,unknown,0,0,0,FALSE,FALSE,FALSE,Clear,,TRUE,Road 1: WOOLWICH ST WATERLOO; Road 2: HILLCREST LN; Distance: 10.0 M N; Vehicle #1     Make:      Model:      Colour:      Style: ; Vehicle #2     Make: NISS     Model: LFS     Colour: RED     Style: 4B,4/9/2021 4:25:57 PM,541691.6231,4814717.681
49289,19131876,6/7/2019 5:00:00 PM,2019,6,7,17,0,0,Friday,545102.5972,4804762.595,-80.44308,43.394393,Non intersection,2,Non-reportable,Thru lane,unknown,unknown,Angle,Unknown,Daylight,01 - Daylight,Municipal (excl. Twp. Rd.),No control,unknown,0,0,0,FALSE,FALSE,FALSE,Clear,,TRUE,Road 1: 384 PIONEER DR (IN FRONT OF 384 PIONEER); Vehicle #1     Make: CHEV     Model: EQU     Colour: GRY     Style: TY; Vehicle #2     Make:      Model:      Colour:      Style:,4/9/2021 4:25:57 PM,545102.5972,4804762.595
49290,19131908,6/7/2019 5:10:00 PM,2019,6,7,17,10,0,Friday,541383.9905,4810866.167,-80.488532,43.449564,Non intersection,2,Non-reportable,Thru lane,unknown,unknown,Other,Unknown,Daylight,01 - Daylight,Regional municipality,No control,unknown,0,0,0,FALSE,FALSE,FALSE,Clear,,TRUE,Road 1: KING ST E; Road 2: QUEEN ST N; Vehicle #1     Make:      Model:      Colour:      Style: ; Vehicle #2     Make: HOND     Model: CCL     Colour: WHI     Style: 4D,4/27/2022 10:40:44 AM,541383.9905,4810866.167
49291,19132094,6/7/2019 9:24:00 PM,2019,6,7,21,24,0,Friday,544057.1473,4804178.971,-80.456035,43.3892,Intersection related,2,P.D. only,Within intersection,unknown,unknown,Angle,Unknown,Dusk,05 - Dusk,Municipal (excl. Twp. Rd.),Stop sign,Functioning,0,0,0,FALSE,FALSE,FALSE,Clear,,FALSE,Road 1: BIEHN DR (50 km/h); Road 2: ROBERTSON CRES (50 km/h); Vehicle #1     Make: MERZ     Model: GLA     Colour: SIL     Style: TY; Vehicle #2     Make: HYUN     Model: VRZ     Colour: BLU     Style: TY,4/9/2021 4:27:17 PM,544057.1473,4804178.971
49292,19132226,6/7/2019 11:45:00 PM,2019,6,7,23,45,0,Friday,543663.2737,4813007.567,-80.460192,43.468716,Non intersection,2,P.D. only,Thru lane,unknown,unknown,Rear end,Unknown,"Dark, artificial","08 - Dark, artificial",Municipal (excl. Twp. Rd.),No control,unknown,2,0,0,FALSE,FALSE,FALSE,Clear,,FALSE,Road 1: 200 SHIRLEY AVE (70 km/h); Road 2: SHIRLEY AVE; Distance: 0.0 M W; Vehicle #1     Make: PETE     Model:      Colour:      Style: ; Vehicle #2     Make: MAZD     Model: 3GT     Colour: GRY     Style: 4D,4/9/2021 4:25:28 PM,543663.2737,4813007.567
49293,19132556,6/7/2019 4:10:00 PM,2019,6,7,16,10,0,Friday,539134.4401,4811706.406,-80.516274,43.45725,Non intersection,2,Non-reportable,Thru lane,unknown,unknown,Rear end,Unknown,Daylight,01 - Daylight,Municipal (excl. Twp. Rd.),No control,unknown,0,0,0,FALSE,FALSE,FALSE,Clear,,TRUE,Road 1: UNION BLVD KITCHENER; Road 2: PARK ST; Vehicle #1     Make:      Model:      Colour:      Style: ; Vehicle #2     Make: CHEV     Model: EQU     Colour: GRY     Style: TY,4/9/2021 4:25:58 PM,539134.4401,4811706.406
49294,19132564,6/7/2019 8:00:00 PM,2019,6,7,20,0,0,Friday,541455.0438,4811248.477,-80.487625,43.453002,Non intersection,2,Non-reportable,Thru lane,unknown,unknown,SMV unattended vehicle,Unknown,Daylight,01 - Daylight,Municipal (excl. Twp. Rd.),No control,unknown,0,0,0,FALSE,FALSE,FALSE,Clear,,TRUE,Road 1: ROY ST (IFO 20); Vehicle #1     Make: TOYT     Model: UCS     Colour: GRY     Style: 4D; Vehicle #2     Make: TOYT     Model: CBL     Colour: BLK     Style: 4D,4/9/2021 4:25:56 PM,541455.0438,4811248.477
49295,19132673,6/7/2019 11:15:00 PM,2019,6,7,23,15,0,Friday,543534.1815,4804935.186,-80.462432,43.396039,Non intersection,2,P.D. only,Thru lane,unknown,unknown,SMV other,Unknown,Dark,07 - Dark,Regional municipality,No control,unknown,0,0,0,FALSE,FALSE,FALSE,Clear,,TRUE,Road 1: HURON RD; Road 2: BATTLER RD; Vehicle #1     Make: CHEV     Model: BLT     Colour: BLK     Style: 4D,4/9/2021 4:26:28 PM,543534.1815,4804935.186
49296,19132941,6/8/2019 5:25:00 PM,2019,6,8,17,25,0,Saturday,540566.6965,4810274.344,-80.498677,43.44428,Non intersection,2,P.D. only,Thru lane,unknown,unknown,SMV unattended vehicle,Unknown,Daylight,01 - Daylight,Municipal (excl. Twp. Rd.),No control,unknown,1,0,0,FALSE,FALSE,FALSE,Clear,,FALSE,Road 1: DILL ST (40 km/h); Road 2: DAVID ST; Distance: 100.0 M W; Vehicle #1     Make: TOYT     Model: CYR     Colour: BLU     Style: 4B; Vehicle #2     Make: PONT     Model: GS1     Colour: BLK     Style: 4D,4/9/2021 4:25:32 PM,540566.6965,4810274.344
49297,19133653,6/8/2019 12:15:00 PM,2019,6,8,12,15,0,Saturday,543156.6449,4810297.026,-80.46667,43.444339,Non intersection,2,P.D. only,Thru lane,unknown,unknown,Rear end,Unknown,Daylight,01 - Daylight,Regional municipality,No control,unknown,0,0,0,FALSE,FALSE,FALSE,Clear,,TRUE,Road 1: OTTAWA ST N; Road 2: MCKENZIE AVE; Vehicle #1     Make: VOLK     Model: CTS     Colour: WHI     Style: 4D; Vehicle #2     Make: CHEV     Model: EXP     Colour: WHI     Style: FV,4/9/2021 4:26:28 PM,543156.6449,4810297.026
49298,19133777,6/9/2019 1:50:00 PM,2019,6,9,13,50,0,Sunday,549157.9228,4806312.435,-80.392868,43.408092,At/near private drive,2,Non-reportable,Thru lane,unknown,unknown,Angle,Unknown,Daylight,01 - Daylight,Municipal (excl. Twp. Rd.),No control,unknown,0,0,0,FALSE,FALSE,FALSE,Clear,,TRUE,Road 1: 50 GATEWAY PARK DR; Vehicle #1     Make: MAZD     Model: 3TR     Colour: SIL     Style: 4D; Vehicle #2     Make:      Model:      Colour:      Style:,4/9/2021 4:29:28 PM,549157.9228,4806312.435
49299,19133804,6/7/2019 12:30:00 PM,2019,6,7,12,30,0,Friday,541658.3077,4814506.438,-80.484864,43.482326,Non intersection,2,Non-reportable,Thru lane,unknown,unknown,Sideswipe,Unknown,Daylight,01 - Daylight,Municipal (excl. Twp. Rd.),No control,unknown,0,0,0,FALSE,FALSE,FALSE,Clear,,TRUE,Road 1: WOOLWICH ST; Road 2: BRIDGE ST W; Vehicle #1     Make:      Model:      Colour:      Style: ; Vehicle #2     Make: DODG     Model: RPC     Colour: BLU     Style: PK,4/9/2021 4:25:42 PM,541658.3077,4814506.438
49300,19133805,6/2/2019 6:00:00 PM,2019,6,2,18,0,0,Sunday,542852.8099,4803913.138,-80.470925,43.386876,Non intersection,2,Non-reportable,Right shoulder,unknown,unknown,SMV unattended vehicle,Unknown,Daylight,01 - Daylight,Municipal (excl. Twp. Rd.),No control,unknown,0,0,0,FALSE,FALSE,FALSE,Clear,,TRUE,Road 1: 23 TUDOR ST; Vehicle #1     Make:      Model:      Colour:      Style: ; Vehicle #2     Make: TOYT     Model: TIM     Colour: BLU     Style: 4B,4/9/2021 4:25:42 PM,542852.8099,4803913.138
49301,19134383,6/10/2019 8:00:00 AM,2019,6,10,8,0,0,Monday,539971.9741,4808883.067,-80.506128,43.431785,At/near private drive,2,Non-reportable,Thru lane,unknown,unknown,Other,Unknown,Daylight,01 - Daylight,Regional municipality,No control,unknown,0,0,0,FALSE,FALSE,FALSE,Clear,,TRUE,Road 1: 116 GATEWOOD RD; Vehicle #1     Make: TOYT     Model: CTX     Colour: GRY     Style: 4B; Vehicle #2     Make: FORD     Model: COF     Colour: BLU     Style: PK,4/9/2021 4:29:28 PM,539971.9741,4808883.067
49302,19134463,6/10/2019 8:00:00 AM,2019,6,10,8,0,0,Monday,547369.3742,4809848.614,-80.41465,43.440047,At/near private drive,2,P.D. only,Thru lane,unknown,unknown,SMV unattended vehicle,Unknown,Daylight,01 - Daylight,Municipal (excl. Twp. Rd.),No control,unknown,0,0,0,FALSE,FALSE,FALSE,Clear,,TRUE,Road 1: 242 WATERBEND CRESCENT; Vehicle #1     Make:      Model:      Colour:      Style: ; Vehicle #2     Make: VOLK     Model: RAB     Colour: BLK     Style: 4B,4/9/2021 4:29:56 PM,547369.3742,4809848.614
49303,19134869,6/10/2019 5:15:00 PM,2019,6,10,17,15,0,Monday,540687.2493,4808006.327,-80.497356,43.423852,Non intersection,2,P.D. only,Thru lane,unknown,unknown,SMV unattended vehicle,Unknown,Daylight,01 - Daylight,Municipal (excl. Twp. Rd.),No control,unknown,0,0,0,FALSE,FALSE,FALSE,Rain,,TRUE,Road 1: CHANDLER DR; Road 2: ELMSDALE DR; Vehicle #1     Make: KIA     Model: SOU     Colour: BLK     Style: TY; Vehicle #2     Make: LEXS     Model: ES3     Colour: GRY     Style: 4D,4/9/2021 4:26:29 PM,540687.2493,4808006.327
49304,19134965,6/10/2019 9:10:00 PM,2019,6,10,21,10,0,Monday,539699.2518,4811078.997,-80.509338,43.451572,At intersection,2,P.D. only,Within intersection,unknown,unknown,SMV other,Stop sign,Dusk,05 - Dusk,unknown,Stop sign,unknown,0,0,0,FALSE,FALSE,FALSE,Clear,,FALSE,Road 1: STRANGE ST (50 km/h); Road 2: DOMINION ST (50 km/h); Vehicle #1     Make:      Model:      Colour:      Style: 4B,4/9/2021 4:28:26 PM,539699.2518,4811078.997
49305,19135277,6/11/2019 10:02:00 AM,2019,6,11,10,2,0,Tuesday,539059.2056,4811158.53,-80.517243,43.452321,Intersection related,2,P.D. only,Right shoulder,unknown,unknown,Sideswipe,Unknown,Daylight,01 - Daylight,Regional municipality,Stop sign,unknown,0,0,0,FALSE,TRUE,FALSE,Clear,,FALSE,Road 1: 660 BELMONT AVE W (50 km/h); Road 2: BELMONT AVE W; Distance: 1.0 M S; Vehicle #1     Make: CHRY     Model: SLT     Colour: WHI     Style: CV; Vehicle #2     Make: BICY     Model: BICY     Colour:      Style:,4/9/2021 4:26:48 PM,539059.2056,4811158.53
49306,19135532,6/10/2019 3:10:00 PM,2019,6,10,15,10,0,Monday,541305.4613,4810839.945,-80.489505,43.449332,At intersection,2,Non-reportable,Within intersection,unknown,unknown,Angle,Unknown,Daylight,01 - Daylight,Regional municipality,Stop sign,Functioning,0,0,0,FALSE,FALSE,FALSE,Rain,,TRUE,Road 1: HALLS LN W; Road 2: QUEEN ST S; Vehicle #1     Make: SAA     Model: 93L     Colour: GRY     Style: 4D; Vehicle #2     Make:      Model:      Colour:      Style:,4/9/2021 4:28:31 PM,541305.4613,4810839.945
49307,19135641,6/10/2019 3:05:00 PM,2019,6,10,15,5,0,Monday,537750.5458,4808797.692,-80.53358,43.431131,Intersection related,2,Non-reportable,Thru lane,unknown,unknown,Sideswipe,Unknown,Daylight,01 - Daylight,Municipal (excl. Twp. Rd.),unknown,Functioning,0,0,0,FALSE,FALSE,FALSE,Clear,,TRUE,Road 1: BANKSIDE DR; Road 2: EASTFOREST TRAIL; Vehicle #1     Make: TOYT     Model: CIE     Colour: RED     Style: VN; Vehicle #2     Make: FRHT     Model: FM2     Colour: WHI     Style: CT,4/9/2021 4:27:19 PM,537750.5458,4808797.692
49308,19135726,6/11/2019 6:30:00 PM,2019,6,11,18,30,0,Tuesday,541323.7214,4810863.338,-80.489278,43.449542,Non intersection,2,P.D. only,Thru lane,unknown,unknown,Sideswipe,Unknown,Daylight,01 - Daylight,Regional municipality,No control,unknown,1,0,0,FALSE,FALSE,FALSE,Clear,,FALSE,Road 1: 20 QUEEN ST S (50 km/h); Road 2: KING ST W (50 km/h); Vehicle #1     Make: HYUN     Model: SAN     Colour: SIL     Style: TY; Vehicle #2     Make: FORD     Model: SPE     Colour: GRY     Style: TY,3/26/2021 11:53:29 AM,541323.7214,4810863.338
49309,19136346,3/27/2019 2:00:00 PM,2019,3,27,14,0,0,Wednesday,541307.7938,4809455.969,-80.489581,43.436871,At/near private drive,2,Non-reportable,Thru lane,unknown,unknown,Sideswipe,Unknown,Daylight,01 - Daylight,Municipal (excl. Twp. Rd.),No control,unknown,0,0,0,FALSE,FALSE,FALSE,Clear,,TRUE,Road 1: 419 STIRLING AVE S (PARTIALLY IN DRIVEWAY); Road 2: RUSSELL ST; Distance: 30.0 M E; Vehicle #1     Make: DODG     Model: CTL     Colour: RED     Style: 4D; Vehicle #2     Make:      Model: CAR     Colour:      Style:,4/9/2021 4:29:49 PM,541307.7938,4809455.969
49310,19136355,6/12/2019 12:26:00 PM,2019,6,12,12,26,0,Wednesday,544471.6675,4808407.088,-80.450573,43.427245,Non intersection,1,Non-fatal injury,Not on roadway - right side,unknown,unknown,SMV other,Unknown,Daylight,01 - Daylight,Municipal (excl. Twp. Rd.),No control,unknown,0,0,0,FALSE,FALSE,FALSE,Clear,,FALSE,Road 1: GREENFIELD AVE (50 km/h); Road 2: EIGTH AVE; Distance: 54.0 M N; Vehicle #1     Make: KIA     Model: SX5     Colour: BLK     Style: 4B,3/26/2021 11:53:22 AM,544471.6675,4808407.088
49311,19136703,6/12/2019 6:00:00 PM,2019,6,12,18,0,0,Wednesday,540311.71,4809616.613,-80.501877,43.438371,Intersection related,2,P.D. only,Within intersection,unknown,unknown,Sideswipe,Unknown,Daylight,01 - Daylight,Municipal (excl. Twp. Rd.),unknown,unknown,0,0,0,FALSE,FALSE,FALSE,Clear,,TRUE,Road 1: QUEEN'S BLVD; Road 2: PATRICIA AVE; Vehicle #1     Make: CHEV     Model: CAV     Colour: RED     Style: 4D; Vehicle #2     Make: CHEV     Model: SNT     Colour: BLK     Style: 4D,4/9/2021 4:27:33 PM,540311.71,4809616.613
49312,19137072,6/13/2019 8:56:00 AM,2019,6,13,8,56,0,Thursday,541269.2109,4809004.069,-80.490092,43.432804,At/near private drive,2,P.D. only,Thru lane,unknown,unknown,Other,Unknown,Daylight,01 - Daylight,Private property,No control,unknown,1,0,0,FALSE,FALSE,FALSE,Rain,,FALSE,Road 1: 150 PRIVATE DRIVE (50 km/h); Road 2: HEIMAN ST; Distance: 2.0 M E; Vehicle #1     Make: FORD     Model: COF     Colour: WHI     Style: PK; Vehicle #2     Make: TOYT     Model: YAR     Colour: BLK     Style: 4B,4/9/2021 4:29:05 PM,541269.2109,4809004.069
49313,19137340,6/13/2019 1:45:00 PM,2019,6,13,13,45,0,Thursday,540683.1515,4811615.546,-80.497138,43.45635,At intersection,2,P.D. only,Within intersection,unknown,unknown,Angle,Unknown,Daylight,01 - Daylight,Municipal (excl. Twp. Rd.),unknown,Functioning,0,0,0,FALSE,FALSE,FALSE,Rain,,TRUE,Road 1: WELLINGTON ST N; Road 2: DUKE ST W; Vehicle #1     Make: KIA     Model: SOU     Colour: SIL     Style: TY; Vehicle #2     Make: HYUN     Model: EGM     Colour: BLK     Style: 4D,4/9/2021 4:28:43 PM,540683.1515,4811615.546
49314,19137391,6/13/2019 4:35:00 PM,2019,6,13,16,35,0,Thursday,545395.1161,4808294.825,-80.439174,43.426179,Non intersection,2,P.D. only,Right turn lane,unknown,unknown,Angle,Unknown,Daylight,01 - Daylight,Municipal (excl. Twp. Rd.),No control,unknown,0,0,0,FALSE,FALSE,FALSE,Clear,,TRUE,Road 1: KINGSWAY DR; Road 2: CEDARWOODS CRES; Vehicle #1     Make: CHEV     Model: IP     Colour: GRY     Style: 4D; Vehicle #2     Make: CHEV     Model: TRX     Colour: WHI     Style: TY,4/9/2021 4:26:30 PM,545395.1161,4808294.825
49315,19137538,6/13/2019 6:11:00 PM,2019,6,13,18,11,0,Thursday,542097.0981,4804325.642,-80.480223,43.390633,At intersection,2,P.D. only,Within intersection,unknown,unknown,Angle,Unknown,Daylight,01 - Daylight,Municipal (excl. Twp. Rd.),Stop sign,Functioning,0,1,0,FALSE,TRUE,FALSE,Clear,,FALSE,Road 1: BIANCA CRT (50 km/h); Road 2: SORRENTO ST (50 km/h); Vehicle #1     Make: PETE     Model:      Colour:      Style: ; Vehicle #2     Make: DODG     Model: JOU     Colour: BLU     Style: TY,4/9/2021 4:28:08 PM,542097.0981,4804325.642
49316,19137588,6/13/2019 7:15:00 PM,2019,6,13,19,15,0,Thursday,543535.8079,4804936.961,-80.462412,43.396055,At/near private drive,2,P.D. only,Thru lane,unknown,unknown,Angle,Unknown,Daylight,01 - Daylight,Municipal (excl. Twp. Rd.),No control,unknown,1,0,0,FALSE,FALSE,FALSE,Clear,,FALSE,Road 1: 1606 HURON RD (50 km/h); Road 2: HURON RD; Distance: 1.0 M W; Vehicle #1     Make: HOND     Model: CIVI     Colour:      Style: ; Vehicle #2     Make: MAZD     Model: X3T     Colour: WHI     Style: 4W,4/9/2021 4:29:07 PM,543535.8079,4804936.961
49317,19138017,6/14/2019 9:14:00 AM,2019,6,14,9,14,0,Friday,542447.4908,4807282.309,-80.475668,43.417235,Intersection related,2,P.D. only,Thru lane,unknown,unknown,Angle,Unknown,Daylight,01 - Daylight,Municipal (excl. Twp. Rd.),Stop sign,Functioning,2,0,0,FALSE,FALSE,FALSE,Clear,,FALSE,Road 1: BLOCK LINE RD (50 km/h); Road 2: COUNTRY HILL DR (50 km/h); Vehicle #1     Make: CHEV     Model: ML     Colour: GRY     Style: 4D; Vehicle #2     Make: CHEV     Model: ETV     Colour: YEL     Style: BU,4/9/2021 4:26:48 PM,542447.4908,4807282.309
49318,19138255,6/14/2019 1:40:00 PM,2019,6,14,13,40,0,Friday,545145.0962,4807565.479,-80.442323,43.419627,At/near private drive,2,P.D. only,Thru lane,unknown,unknown,Rear end,Unknown,Daylight,01 - Daylight,Regional municipality,No control,unknown,1,0,0,FALSE,FALSE,FALSE,Clear,,FALSE,Road 1: 385 WILSON AVE (50 km/h); Road 2: FAIRWAY RD S; Distance: 1.0 M E; Vehicle #1     Make: VOLK     Model: GLF     Colour: BLK     Style: 4D; Vehicle #2     Make: AUDI     Model: AQ5     Colour: GRY     Style: TY,4/9/2021 4:29:01 PM,545145.0962,4807565.479
49319,19138987,6/15/2019 10:45:00 AM,2019,6,15,10,45,0,Saturday,545777.4605,4808631.26,-80.434423,43.429185,Non intersection,2,Non-reportable,Thru lane,unknown,unknown,Rear end,Unknown,Daylight,01 - Daylight,Regional municipality,No control,unknown,0,0,0,FALSE,FALSE,FALSE,Clear,,TRUE,Road 1: KING ST E; Road 2: MORGAN AVE; Vehicle #1     Make: KIA     Model: SPO     Colour: WHI     Style: TY; Vehicle #2     Make:      Model:      Colour:      Style:,8/16/2022 3:01:03 PM,545777.4605,4808631.26
49320,19139051,6/6/2019 3:00:00 PM,2019,6,6,15,0,0,Thursday,539243.4052,4805981.328,-80.515338,43.405696,At/near private drive,2,Non-reportable,Not on roadway - right side,unknown,unknown,SMV unattended vehicle,Unknown,Daylight,01 - Daylight,Private property,No control,unknown,0,0,0,FALSE,FALSE,FALSE,Clear,,TRUE,Road 1: 242 ACTIVA AVE; Road 2: PARKED; Vehicle #1     Make:      Model:      Colour:      Style: ; Vehicle #2     Make: NISS     Model: FRT     Colour: SIL     Style: PK,4/9/2021 4:29:31 PM,539243.4052,4805981.328
49321,19139065,4/9/2019 5:45:00 PM,2019,4,9,17,45,0,Tuesday,543463.6241,4804694.717,-80.463322,43.393878,At intersection,2,Non-reportable,Left turn lane,unknown,unknown,Rear end,Unknown,Daylight,01 - Daylight,Municipal (excl. Twp. Rd.),Stop sign,Functioning,0,0,0,FALSE,FALSE,FALSE,Clear,,TRUE,Road 1: OLD HURON RD; Road 2: TEMPLEWOOD DR; Distance: 0.0 M N; Vehicle #1     Make: FORD     Model: COF     Colour: RED     Style: CW; Vehicle #2     Make:      Model:      Colour:      Style:,4/9/2021 4:28:38 PM,543463.6241,4804694.717