OBJECTID,ACCIDENTNUM,ACCIDENTDATE,ACCIDENT_YEAR,ACCIDENT_MONTH,ACCIDENT_DAY,ACCIDENT_HOUR,ACCIDENT_MINUTE,ACCIDENT_SECOND,ACCIDENT_WEEKDAY,XCOORD,YCOORD,LONGITUDE,LATITUDE,ACCIDENTLOCATION,COLLISIONTYPE,CLASSIFICATIONOFACCIDENT,IMPACTLOCATION,INITIALDIRECTIONOFTRAVELONE,INITIALDIRECTIONOFTRAVELTWO,INITIALIMPACTTYPE,INTTRAFFICCONTROL,LIGHT,LIGHTFORREPORT,ROADJURISDICTION,TRAFFICCONTROL,TRAFFICCONTROLCONDITION,THRULANENO,NORTHBOUNDDISOBEYCOUNT,SOUTHBOUNDDISOBEYCOUNT,PEDESTRIANINVOLVED,CYCLISTINVOLVED,MOTORCYCLISTINVOLVED,ENVIRONMENTCONDITION1,ENVIRONMENTCONDITION2,SELFREPORTED,XMLIMPORTNOTES,LASTEDITEDDATE,x,y
49366,19149011,6/26/2019 5:30:00 PM,2019,6,26,17,30,0,Wednesday,545548.0912,4804673.427,-80.437586,43.393563,Intersection related,2,P.D. only,Left turn lane,unknown,unknown,Sideswipe,Stop sign,Daylight,01 - Daylight,unknown,Stop sign,Functioning,0,0,0,FALSE,FALSE,FALSE,Clear,,TRUE,Road 1: PIONEER DR; Road 2: BECHTEL DR; Vehicle #1     Make: HOND     Model: CXG     Colour: BLU     Style: 4D; Vehicle #2     Make: NISS     Model: XTR     Colour: BGE     Style: TY,4/9/2021 4:27:36 PM,545548.0912,4804673.427
49367,19149096,6/26/2019 7:53:00 PM,2019,6,26,19,53,0,Wednesday,538591.2392,4808649.593,-80.523204,43.429755,At/near private drive,2,P.D. only,Thru lane,unknown,unknown,Turning movement,Unknown,Daylight,01 - Daylight,Municipal (excl. Twp. Rd.),No control,unknown,1,0,0,FALSE,FALSE,FALSE,Clear,,FALSE,Road 1: 70 OVERLEA CRES (50 km/h); Road 2: OVERLEA CRES; Distance: 1.0 M N; Vehicle #1     Make: HOND     Model: UDY     Colour: WHI     Style: TY; Vehicle #2     Make: FORD     Model: SPE     Colour: WHI     Style: TY,4/9/2021 4:29:16 PM,538591.2392,4808649.593
49368,19149145,6/26/2019 11:30:00 AM,2019,6,26,11,30,0,Wednesday,545109.932,4812043.005,-80.442388,43.459945,At/near private drive,2,P.D. only,Thru lane,unknown,unknown,SMV unattended vehicle,Unknown,Daylight,01 - Daylight,Municipal (excl. Twp. Rd.),No control,unknown,0,0,0,FALSE,FALSE,FALSE,Clear,,TRUE,Road 1: 165 LORRAINE AVE; Vehicle #1     Make: INTL     Model: 70S     Colour: GRY     Style: DP; Vehicle #2     Make: NISS     Model: ASL     Colour: BRN     Style: 4D,4/9/2021 4:29:40 PM,545109.932,4812043.005
49369,19149162,6/25/2019 6:40:00 PM,2019,6,25,18,40,0,Tuesday,541430.1666,4808605.587,-80.488133,43.429207,Non intersection,2,Non-reportable,Thru lane,unknown,unknown,Rear end,Unknown,Daylight,01 - Daylight,Regional municipality,No control,unknown,0,0,0,FALSE,FALSE,FALSE,Clear,,TRUE,Road 1: HOMER WATSON BLVD; Road 2: HOFFMAN ST; Vehicle #1     Make: MAZD     Model: M3I     Colour: GRY     Style: 4D; Vehicle #2     Make: VOLK     Model: JBS     Colour: SIL     Style: 4D,4/9/2021 4:26:26 PM,541430.1666,4808605.587
49370,19149610,6/27/2019 12:00:00 PM,2019,6,27,12,0,0,Thursday,541141.777,4806766.196,-80.491835,43.412661,At intersection,2,P.D. only,Within intersection,unknown,unknown,Angle,Unknown,Daylight,01 - Daylight,Regional municipality,unknown,Functioning,0,0,0,FALSE,FALSE,FALSE,Clear,,TRUE,Road 1: BLOCK LINE RD; Road 2: LAURENTIAN DR; Vehicle #1     Make: GMC     Model: SIE     Colour: BLU     Style: PK; Vehicle #2     Make: TOYT     Model: UCS     Colour: GRN     Style: 4D,4/9/2021 4:28:33 PM,541141.777,4806766.196
49371,19149755,6/26/2019 4:00:00 PM,2019,6,26,16,0,0,Wednesday,545105.7993,4802772.396,-80.443204,43.376473,Non intersection,2,P.D. only,Thru lane,unknown,unknown,SMV unattended vehicle,Unknown,Daylight,01 - Daylight,Municipal (excl. Twp. Rd.),No control,unknown,0,0,0,FALSE,FALSE,FALSE,Clear,,TRUE,Road 1: 15 ELMBANK TRAIL; Vehicle #1     Make: GMC     Model: STV     Colour: YEL     Style: BU; Vehicle #2     Make: DODG     Model: CAR     Colour: BLK     Style: VN,4/9/2021 4:25:46 PM,545105.7993,4802772.396
49372,19149768,6/26/2019 12:00:00 AM,2019,6,26,0,0,0,Wednesday,544647.5666,4807805.648,-80.448449,43.42182,At/near private drive,2,P.D. only,Thru lane,unknown,unknown,SMV unattended vehicle,Unknown,Dark,07 - Dark,Municipal (excl. Twp. Rd.),No control,unknown,0,0,0,FALSE,FALSE,FALSE,Clear,,TRUE,Road 1: 53 BALFOUR CRESCENT; Vehicle #1     Make:      Model:      Colour:      Style: ; Vehicle #2     Make: HYUN     Model: ESS     Colour: BLK     Style: 4D,4/9/2021 4:29:32 PM,544647.5666,4807805.648
49373,19149799,5/30/2019 3:47:00 PM,2019,5,30,15,47,0,Thursday,539403.862,4810382.586,-80.513039,43.445317,Intersection related,2,P.D. only,Within intersection,unknown,unknown,Angle,Unknown,Daylight,01 - Daylight,Municipal (excl. Twp. Rd.),Stop sign,Functioning,0,0,0,FALSE,FALSE,FALSE,Clear,,TRUE,Road 1: KARN ST; Road 2: BELMONT AVE W; Vehicle #1     Make: CHEV     Model: HHR     Colour: RED     Style: TY; Vehicle #2     Make: TOYT     Model: CMB     Colour: GRY     Style: 4D,4/9/2021 4:27:41 PM,539403.862,4810382.586
49374,19149972,6/27/2019 2:30:00 PM,2019,6,27,14,30,0,Thursday,545652.2544,4811277.61,-80.435748,43.45302,At/near private drive,2,Non-reportable,Right shoulder,unknown,unknown,SMV unattended vehicle,Unknown,Daylight,01 - Daylight,Municipal (excl. Twp. Rd.),No control,unknown,0,0,0,FALSE,FALSE,FALSE,Clear,,TRUE,Road 1: 77 CARNABY CRESCENT; Vehicle #1     Make:      Model:      Colour:      Style: ; Vehicle #2     Make: ACUR     Model: CSX     Colour: GRY     Style: 4D,4/9/2021 4:29:52 PM,545652.2544,4811277.61
49375,19149975,6/25/2019 5:00:00 PM,2019,6,25,17,0,0,Tuesday,541696.9099,4810227.667,-80.484714,43.443798,Non intersection,2,Non-reportable,Right shoulder,unknown,unknown,SMV other,Unknown,Daylight,01 - Daylight,Municipal (excl. Twp. Rd.),No control,unknown,0,0,0,FALSE,FALSE,FALSE,Clear,,TRUE,Road 1: 111 MADISON AVE S; Vehicle #1     Make: HYUN     Model: C2G     Colour: RED     Style: 4B; Vehicle #2     Make:      Model:      Colour:      Style:,4/9/2021 4:26:20 PM,541696.9099,4810227.667
49376,19150040,6/27/2019 9:00:00 PM,2019,6,27,21,0,0,Thursday,541430.3043,4810838.889,-80.487962,43.449316,Non intersection,2,P.D. only,Thru lane,unknown,unknown,Sideswipe,Unknown,Dusk,05 - Dusk,Regional municipality,No control,unknown,0,0,0,FALSE,FALSE,FALSE,Clear,,TRUE,Road 1: 70 KING ST E; Vehicle #1     Make: FORD     Model: COF     Colour: WHI     Style: PK; Vehicle #2     Make: HYUN     Model: GC3     Colour: GRY     Style: 2D,8/16/2022 3:00:58 PM,541430.3043,4810838.889
49377,19150504,6/27/2019 8:30:00 PM,2019,6,27,20,30,0,Thursday,540225.6624,4809496.471,-80.502949,43.437294,Non intersection,2,P.D. only,Thru lane,unknown,unknown,Sideswipe,Unknown,Dusk,05 - Dusk,Municipal (excl. Twp. Rd.),No control,unknown,0,0,0,FALSE,FALSE,FALSE,Clear,,TRUE,Road 1: QUEEN'S BLVD; Road 2: NORTH DR; Distance:  S; Vehicle #1     Make: HYUN     Model: ESM     Colour: WHI     Style: 4D; Vehicle #2     Make: KIA     Model: SOR     Colour: SIL     Style: TY,4/9/2021 4:25:54 PM,540225.6624,4809496.471
49378,19150512,6/27/2019 4:30:00 AM,2019,6,27,4,30,0,Thursday,545485.738,4804676.626,-80.438356,43.393595,Intersection related,2,Non-reportable,Thru lane,unknown,unknown,SMV other,Unknown,"Dark, artificial","08 - Dark, artificial",Municipal (excl. Twp. Rd.),Stop sign,unknown,0,0,0,FALSE,FALSE,FALSE,Clear,,TRUE,Road 1: PIONEER DR; Road 2: UPPER CANADA DR; Distance:  E; Vehicle #1     Make: FIAT     Model: 50L     Colour: WHI     Style: TY,4/9/2021 4:27:26 PM,545485.738,4804676.626
49379,19150713,6/28/2019 11:19:00 AM,2019,6,28,11,19,0,Friday,545567.2643,4813477.14,-80.436615,43.47283,Non intersection,2,Non-reportable,Thru lane,unknown,unknown,Other,Unknown,Daylight,01 - Daylight,Municipal (excl. Twp. Rd.),No control,unknown,0,0,0,FALSE,FALSE,FALSE,Clear,,TRUE,Road 1: FORWELL RD; Road 2: VICTORIA ST N; Vehicle #1     Make: SUZI     Model: XL7     Colour: GRY     Style: TY; Vehicle #2     Make:      Model:      Colour:      Style:,4/9/2021 4:26:18 PM,545567.2643,4813477.14
49380,19150871,6/28/2019 6:00:00 PM,2019,6,28,18,0,0,Friday,541257.5856,4810868.245,-80.490094,43.44959,Non intersection,2,Non-reportable,Thru lane,unknown,unknown,Other,Unknown,Daylight,01 - Daylight,Regional municipality,No control,unknown,0,0,0,FALSE,FALSE,FALSE,Clear,,TRUE,Road 1: HALLS LN E; Road 2: QUEEN ST S; Vehicle #1     Make:      Model:      Colour:      Style: ; Vehicle #2     Make: KIA     Model: OHY     Colour: GRY     Style: 4D,4/9/2021 4:25:59 PM,541257.5856,4810868.245
49381,19151600,6/28/2019 6:00:00 PM,2019,6,28,18,0,0,Friday,545758.8682,4808892.719,-80.434631,43.431541,Non intersection,2,P.D. only,Thru lane,unknown,unknown,SMV unattended vehicle,Unknown,Daylight,01 - Daylight,Regional municipality,No control,unknown,0,0,0,FALSE,FALSE,FALSE,Clear,,TRUE,Road 1: WALKER ST; Road 2: JANSEN AVE; Distance:  N; Vehicle #1     Make:      Model:      Colour:      Style: ; Vehicle #2     Make: NISS     Model: MEL     Colour: GLD     Style: 4D,4/9/2021 4:25:59 PM,545758.8682,4808892.719
49382,19151692,6/29/2019 3:30:00 PM,2019,6,29,15,30,0,Saturday,541360.4875,4808641.566,-80.488992,43.429535,Intersection related,2,P.D. only,Within intersection,unknown,unknown,Rear end,Unknown,Daylight,01 - Daylight,Regional municipality,Traffic signal,Functioning,0,0,0,FALSE,FALSE,FALSE,Clear,,TRUE,Road 1: HOMER WATSON BLVD; Road 2: HOFFMAN ST; Distance:  W; Vehicle #1     Make: GMC     Model: SIE     Colour: RED     Style: PK; Vehicle #2     Make: TOYT     Model: PRV     Colour: GRY     Style: SW,4/9/2021 4:27:34 PM,541360.4875,4808641.566
49383,19152764,6/30/2019 7:55:00 PM,2019,6,30,19,55,0,Sunday,545053.5079,4811498.496,-80.44313,43.455046,Other,2,P.D. only,Off highway,unknown,unknown,SMV unattended vehicle,Unknown,Daylight,01 - Daylight,Private property,No control,unknown,0,0,0,FALSE,FALSE,FALSE,Clear,,FALSE,Road 1: 28 OLD YORK CRES; Vehicle #1     Make: JEEP     Model: CHK     Colour: BLK     Style: TY; Vehicle #2     Make: TOYT     Model: MTL     Colour: BLK     Style: 4D; Vehicle #3     Make: DODG     Model: CAR     Colour: BLK     Style: VN,4/9/2021 4:30:18 PM,545053.5079,4811498.496
49384,19153145,6/29/2019 9:30:00 AM,2019,6,29,9,30,0,Saturday,537204.644,4808110.48,-80.540372,43.424971,At/near private drive,2,Non-reportable,Not on roadway - right side,unknown,unknown,SMV unattended vehicle,Unknown,Daylight,01 - Daylight,Municipal (excl. Twp. Rd.),No control,unknown,0,0,0,FALSE,FALSE,FALSE,Clear,,TRUE,Road 1: 89 HIGH ACRES CRESCENT; Vehicle #1     Make:      Model:      Colour:      Style: ; Vehicle #2     Make: NISS     Model: MUR     Colour: BLK     Style: TY,4/9/2021 4:29:36 PM,537204.644,4808110.48
49385,19153668,7/1/2019 10:17:00 PM,2019,7,1,22,17,0,Monday,539944.4419,4808995.885,-80.50646,43.432802,Non intersection,2,P.D. only,Right shoulder,unknown,unknown,SMV unattended vehicle,Unknown,Dark,07 - Dark,Regional municipality,No control,unknown,0,0,0,FALSE,FALSE,FALSE,Clear,,FALSE,Road 1: BLUERIDGE AVE (50 km/h); Road 2: QUEENS BLVD; Distance: 200.0 M E; Vehicle #1     Make: TOYT     Model: YAR     Colour: BLU     Style: 4D; Vehicle #2     Make: RAM     Model: RTR     Colour: RED     Style: PK,4/9/2021 5:48:11 PM,539944.4419,4808995.885
49386,19153940,7/2/2019 8:15:00 AM,2019,7,2,8,15,0,Tuesday,544132.4686,4809671.603,-80.454662,43.438651,At intersection,2,P.D. only,Within intersection,unknown,unknown,Angle,Unknown,Daylight,01 - Daylight,Municipal (excl. Twp. Rd.),Stop sign,Functioning,0,0,0,FALSE,FALSE,FALSE,Clear,,TRUE,Road 1: ROSS AVE; Road 2: PROSPECT AVE; Vehicle #1     Make: HOND     Model: UDY     Colour: GRY     Style: VN; Vehicle #2     Make: BUIC     Model: ACX     Colour: GRY     Style: 4D,4/9/2021 5:47:13 PM,544132.4686,4809671.603
49387,19153991,7/2/2019 9:57:00 AM,2019,7,2,9,57,0,Tuesday,538348.8714,4810419.688,-80.526074,43.445705,At/near private drive,2,Non-reportable,Thru lane,unknown,unknown,Other,Unknown,Daylight,01 - Daylight,Municipal (excl. Twp. Rd.),No control,unknown,0,0,0,FALSE,FALSE,FALSE,Clear,,TRUE,Road 1: WESTWOOD DR (IFO 72); Road 2: WESTMOUNT ROAD; Distance: 180.0 M W; Vehicle #1     Make: TOYT     Model: CXL     Colour: GRY     Style: 4D; Vehicle #2     Make: TOYT     Model: YAR     Colour: BLK     Style: 4D,4/9/2021 5:47:45 PM,538348.8714,4810419.688
49388,19154204,7/2/2019 11:30:00 AM,2019,7,2,11,30,0,Tuesday,536646.2659,4809064.959,-80.547206,43.433593,At/near private drive,2,P.D. only,Off highway,unknown,unknown,SMV unattended vehicle,Unknown,Daylight,01 - Daylight,Private property,No control,unknown,0,0,0,FALSE,FALSE,FALSE,Clear,,TRUE,Road 1: 26 SHADYRIDGE PLACE; Road 2: NEAR HOUSE; Vehicle #1     Make: FORD     Model: EDG     Colour: BLK     Style: TY; Vehicle #2     Make: VOLK     Model: GEL     Colour: BLU     Style: 4B,4/9/2021 5:48:01 PM,536646.2659,4809064.959
49389,19154874,7/3/2019 11:30:00 PM,2019,7,3,23,30,0,Wednesday,539832.1989,4809984.625,-80.507775,43.441711,At/near private drive,2,P.D. only,Thru lane,unknown,unknown,SMV unattended vehicle,Unknown,"Dark, artificial","08 - Dark, artificial",Municipal (excl. Twp. Rd.),No control,unknown,0,0,0,FALSE,FALSE,FALSE,Clear,,TRUE,Road 1: 37 METZLOFF DR; Vehicle #1     Make: GMC     Model: SIE     Colour: WHI     Style: PK; Vehicle #2     Make: FORD     Model: MUS     Colour: BLK     Style: 2D,4/9/2021 5:47:24 PM,539832.1989,4809984.625
49390,19154936,7/3/2019 11:10:00 AM,2019,7,3,11,10,0,Wednesday,541409.635,4811272.81,-80.488185,43.453224,At/near private drive,2,Non-reportable,Thru lane,unknown,unknown,SMV unattended vehicle,Unknown,Daylight,01 - Daylight,Municipal (excl. Twp. Rd.),No control,unknown,0,0,0,FALSE,FALSE,FALSE,Clear,,TRUE,Road 1: 36 ROY ST; Vehicle #1     Make:      Model:      Colour:      Style: ; Vehicle #2     Make: HYUN     Model: TUC     Colour: WHI     Style: TY,4/9/2021 5:47:16 PM,541409.635,4811272.811
49391,19155079,7/3/2019 2:21:00 PM,2019,7,3,14,21,0,Wednesday,544719.524,4808596.531,-80.447496,43.428936,Non intersection,2,P.D. only,Thru lane,unknown,unknown,Other,Unknown,Daylight,01 - Daylight,Municipal (excl. Twp. Rd.),No control,unknown,1,0,0,FALSE,FALSE,FALSE,Clear,,FALSE,Road 1: CONNAUGHT ST (50 km/h); Road 2: CARROL ST; Distance: 15.0 M S; Vehicle #1     Make: FRHT     Model: FM2     Colour: BRN     Style: CT; Vehicle #2     Make: TOYT     Model: MTL     Colour: WHI     Style: 4D,4/9/2021 5:48:02 PM,544719.524,4808596.531
49392,19155120,7/1/2019 5:30:00 PM,2019,7,1,17,30,0,Monday,545170.7323,4813407.19,-80.441523,43.472224,Non intersection,2,P.D. only,Thru lane,unknown,unknown,Rear end,Unknown,Daylight,01 - Daylight,Regional municipality,No control,unknown,0,0,0,FALSE,FALSE,FALSE,Clear,,TRUE,Road 1: BINGEMANS CENTRE DR; Road 2: VICTORIA ST N; Vehicle #1     Make: RAM     Model: RTR     Colour: BLU     Style: PK; Vehicle #2     Make: MAZD     Model: 3SP     Colour: GRY     Style: 4B,4/9/2021 5:48:09 PM,545170.7323,4813407.19
49393,19155360,7/2/2019 11:00:00 PM,2019,7,2,23,0,0,Tuesday,541914.4128,4803603.454,-80.482534,43.384141,Non intersection,2,P.D. only,Right shoulder,unknown,unknown,SMV unattended vehicle,Unknown,Dark,07 - Dark,Municipal (excl. Twp. Rd.),No control,unknown,0,0,0,FALSE,FALSE,FALSE,Clear,,TRUE,Road 1: 7 CANNES ST; Vehicle #1     Make:      Model:      Colour:      Style: ; Vehicle #2     Make: CHEV     Model: SIL     Colour: BLU     Style: PK,4/9/2021 5:47:23 PM,541914.4128,4803603.454
49394,19155998,7/2/2019 1:00:00 PM,2019,7,2,13,0,0,Tuesday,545444.1332,4803346.705,-80.43898,43.381623,Non intersection,2,P.D. only,Right shoulder,unknown,unknown,SMV unattended vehicle,Unknown,Daylight,01 - Daylight,Municipal (excl. Twp. Rd.),No control,unknown,0,0,0,FALSE,FALSE,FALSE,Clear,,TRUE,Road 1: 325 PINE VALLEY DR; Vehicle #1     Make: RAM     Model: RTR     Colour: GRY     Style: CW; Vehicle #2     Make: FORD     Model: TAUR     Colour:      Style: 4DO,4/9/2021 5:47:24 PM,545444.1332,4803346.705
49395,19156068,7/4/2019 4:10:00 PM,2019,7,4,16,10,0,Thursday,539333.6186,4811662.932,-80.513815,43.456849,Non intersection,2,P.D. only,Thru lane,unknown,unknown,Sideswipe,Unknown,Daylight,01 - Daylight,Municipal (excl. Twp. Rd.),No control,unknown,0,0,0,FALSE,FALSE,FALSE,Clear,,TRUE,Road 1: MT HOPE ST; Road 2: MUTUAL DR; Vehicle #1     Make: PONT     Model: GPX     Colour: RED     Style: 4D; Vehicle #2     Make: MAZD     Model: CX5     Colour: RED     Style: TY,4/9/2021 5:47:25 PM,539333.6186,4811662.932
49396,19156420,7/5/2019 12:54:00 AM,2019,7,5,0,54,0,Friday,547359.1271,4803517.324,-80.415325,43.383041,Non intersection,2,P.D. only,Thru lane,unknown,unknown,SMV other,Unknown,Dark,07 - Dark,Municipal (excl. Twp. Rd.),No control,unknown,1,0,0,FALSE,FALSE,FALSE,Clear,,FALSE,Road 1: PINNACLE DR (50 km/h); Road 2: PINE HILL PL; Distance: 300.0 M W; Vehicle #1     Make: BMW     Model: 30I     Colour: SIL     Style: 4D,4/9/2021 5:47:44 PM,547359.1271,4803517.324
49397,19156922,7/5/2019 2:52:00 PM,2019,7,5,14,52,0,Friday,545275.5408,4806434.814,-80.440806,43.409439,At intersection,1,Non-fatal injury,Within intersection,unknown,unknown,Angle,Stop sign,Daylight,01 - Daylight,Regional municipality,Stop sign,Functioning,0,0,0,FALSE,FALSE,FALSE,Clear,,TRUE,Road 1: WABANAKI DR; Road 2: WILSON AVE; Distance:  S; Vehicle #1     Make: HOND     Model: UCS     Colour: BLK     Style: 4D; Vehicle #2     Make: FORD     Model: COF     Colour: GRY     Style: CW,4/9/2021 5:47:58 PM,545275.5408,4806434.814
49398,19156955,7/5/2019 3:45:00 PM,2019,7,5,15,45,0,Friday,542444.0115,4803819.833,-80.475979,43.386059,Non intersection,2,P.D. only,Thru lane,unknown,unknown,Approaching,Unknown,Daylight,01 - Daylight,Regional municipality,No control,unknown,0,0,0,FALSE,FALSE,FALSE,Clear,,TRUE,Road 1: 710 HURON RD; Vehicle #1     Make: GMC     Model: SIE     Colour: BLK     Style: PK; Vehicle #2     Make: HYUN     Model: ESM     Colour: WHI     Style: 4D,4/9/2021 5:48:11 PM,542444.0115,4803819.833
49399,19156958,6/8/2019 12:00:00 PM,2019,6,8,12,0,0,Saturday,539847.4606,4805849.057,-80.507888,43.404473,At/near private drive,2,P.D. only,Thru lane,unknown,unknown,SMV unattended vehicle,Unknown,Daylight,01 - Daylight,Municipal (excl. Twp. Rd.),No control,unknown,0,0,0,FALSE,FALSE,FALSE,Clear,,TRUE,Road 1: 164 COPPER LEAF ST; Road 2: DRIVE WAY; Vehicle #1     Make:      Model:      Colour:      Style: ; Vehicle #2     Make: TOYT     Model: TUN     Colour: GRY     Style: PK,4/9/2021 4:30:06 PM,539847.4606,4805849.057
49400,19157158,7/5/2019 6:47:00 PM,2019,7,5,18,47,0,Friday,543431.3677,4807180.752,-80.463523,43.416264,At/near private drive,2,P.D. only,Thru lane,unknown,unknown,SMV unattended vehicle,Unknown,Daylight,01 - Daylight,Private property,No control,unknown,1,0,0,FALSE,FALSE,FALSE,Clear,,FALSE,Road 1: 38 BRISBANE DR (50 km/h); Road 2: BRISBANE DR; Distance: 2.0 M W; Vehicle #1     Make: HOND     Model: UAX     Colour: SIL     Style: 4D; Vehicle #2     Make: VOLV     Model: ST5     Colour: BGE     Style: 4D,4/9/2021 5:48:14 PM,543431.3677,4807180.752
49401,19157179,7/5/2019 6:10:00 PM,2019,7,5,18,10,0,Friday,548244.2997,4804558.32,-80.404306,43.392358,Other,2,P.D. only,Off highway,unknown,unknown,SMV other,Unknown,Daylight,01 - Daylight,Municipal (excl. Twp. Rd.),No control,unknown,0,0,0,FALSE,FALSE,FALSE,Clear,,FALSE,Road 1: 299 THROUGH ROAD (40 km/h); Road 2: DOON VALLEY DR; Distance: 300.0 M S; Vehicle #1     Make: HYUN     Model: ESM     Colour: GRY     Style: 4D,4/9/2021 5:48:02 PM,548244.2997,4804558.32
49402,19157538,7/6/2019 8:30:00 AM,2019,7,6,8,30,0,Saturday,540302.1765,4805855.792,-80.502272,43.404509,Non intersection,2,Non-reportable,Thru lane,unknown,unknown,SMV unattended vehicle,Unknown,Daylight,01 - Daylight,Municipal (excl. Twp. Rd.),No control,unknown,0,0,0,FALSE,FALSE,FALSE,Clear,,TRUE,Road 1: 315 MAX BECKER DR (STREET PARKING); Vehicle #1     Make: CHRY     Model: 43C     Colour: SIL     Style: 4D; Vehicle #2     Make: MAZD     Model: M3I     Colour: RED     Style: 4D,4/9/2021 5:47:43 PM,540302.1765,4805855.792
49403,19157645,7/6/2019 11:33:00 AM,2019,7,6,11,33,0,Saturday,539089.4119,4810784.078,-80.516896,43.448948,Intersection related,2,P.D. only,Not on roadway - right side,unknown,unknown,SMV other,Unknown,Daylight,01 - Daylight,Municipal (excl. Twp. Rd.),Stop sign,unknown,0,0,0,FALSE,FALSE,FALSE,Clear,,FALSE,Road 1: BRANDON AVE (50 km/h); Road 2: MARINA RD (50 km/h); Vehicle #1     Make: FORD     Model: EPR     Colour: BLU     Style: TY,4/9/2021 5:47:33 PM,539089.4119,4810784.078
49404,19157737,7/6/2019 2:33:00 PM,2019,7,6,14,33,0,Saturday,541343.1659,4809062.865,-80.489174,43.433329,Intersection related,2,P.D. only,Within intersection,unknown,unknown,Angle,Unknown,Daylight,01 - Daylight,Municipal (excl. Twp. Rd.),Stop sign,Functioning,0,0,0,FALSE,FALSE,FALSE,Clear,,FALSE,Road 1: HIGHLAND RD E (50 km/h); Road 2: HEIMAN ST (50 km/h); Vehicle #1     Make: PONT     Model: G5     Colour: GRY     Style: 4D; Vehicle #2     Make: TOYT     Model: CTX     Colour: RED     Style: 4B; Vehicle #3     Make:      Model: -     Colour:    ,4/9/2021 5:47:55 PM,541343.1659,4809062.865
49405,19158094,7/6/2019 9:40:00 PM,2019,7,6,21,40,0,Saturday,538072.0904,4807548.334,-80.529695,43.419866,At intersection,2,P.D. only,Thru lane,unknown,unknown,Rear end,Unknown,Dark,07 - Dark,Municipal (excl. Twp. Rd.),unknown,Functioning,1,0,0,FALSE,FALSE,FALSE,Clear,,FALSE,Road 1: WESTHEIGHTS DR (40 km/h); Road 2: MCGARRY DR (40 km/h); Vehicle #1     Make: CHEV     Model: IPL     Colour: GRY     Style: 4D; Vehicle #2     Make: CHEV     Model: SIL     Colour: BLK     Style: CW,4/9/2021 5:47:54 PM,538072.0904,4807548.334
49406,19158513,7/7/2019 10:30:00 AM,2019,7,7,10,30,0,Sunday,540584.1233,4810381.165,-80.498454,43.445241,Non intersection,2,P.D. only,Off highway,unknown,unknown,SMV other,Unknown,Daylight,01 - Daylight,Municipal (excl. Twp. Rd.),No control,unknown,0,0,0,FALSE,FALSE,FALSE,Clear,,TRUE,Road 1: SCHNEIDER AVE; Road 2: DILL ST; Vehicle #1     Make: TOYT     Model: PRV     Colour: BLU     Style: SW; Vehicle #2     Make:      Model:      Colour:      Style:,4/9/2021 5:47:15 PM,540584.1233,4810381.165
49407,19158554,7/6/2019 11:11:00 AM,2019,7,6,11,11,0,Saturday,541581.9576,4809057.466,-80.486224,43.433267,At/near private drive,2,Non-reportable,Thru lane,unknown,unknown,SMV unattended vehicle,Unknown,Daylight,01 - Daylight,Municipal (excl. Twp. Rd.),No control,unknown,0,0,0,FALSE,FALSE,FALSE,Clear,,TRUE,Road 1: 50 KEHL ST; Vehicle #1     Make: GMC     Model: SIE     Colour: WHI     Style: PK; Vehicle #2     Make: FORD     Model: FSE     Colour: GRY     Style: 4B,4/9/2021 5:47:44 PM,541581.9576,4809057.466
49408,19158561,6/22/2019 1:00:00 PM,2019,6,22,13,0,0,Saturday,537892.3534,4808666.735,-80.531837,43.429945,Non intersection,2,P.D. only,Thru lane,unknown,unknown,SMV unattended vehicle,Unknown,Daylight,01 - Daylight,Municipal (excl. Twp. Rd.),No control,unknown,0,0,0,FALSE,FALSE,FALSE,Clear,,TRUE,Road 1: EASTFOREST TRAIL; Road 2: HIGHLAND RD W; Vehicle #1     Make:      Model:      Colour:      Style: ; Vehicle #2     Make: KIA     Model: RES     Colour: GRY     Style: 4B,4/9/2021 4:26:35 PM,537892.3534,4808666.735
49409,19158564,7/7/2019 8:00:00 AM,2019,7,7,8,0,0,Sunday,545733.7611,4807748.955,-80.435037,43.421244,Non intersection,2,P.D. only,Thru lane,unknown,unknown,SMV other,Unknown,Daylight,01 - Daylight,Municipal (excl. Twp. Rd.),No control,unknown,0,0,0,FALSE,FALSE,FALSE,Clear,,TRUE,Road 1: HIDDEN VALLEY RD; Road 2: WABANAKI DR; Vehicle #1     Make: DODG     Model: CGS     Colour: WHI     Style: 4D,4/9/2021 5:47:15 PM,545733.7611,4807748.955
49410,19158574,7/6/2019 1:30:00 PM,2019,7,6,13,30,0,Saturday,542743.2046,4811608.481,-80.471676,43.456171,Non intersection,2,P.D. only,Left turn lane,unknown,unknown,Angle,Unknown,Daylight,01 - Daylight,Municipal (excl. Twp. Rd.),No control,unknown,0,0,0,FALSE,FALSE,FALSE,Clear,,TRUE,Road 1: 222 DUMFRIES AVE; Vehicle #1     Make: DODG     Model: RPC     Colour: BLU     Style: PK; Vehicle #2     Make: MITS     Model: LST     Colour: GRY     Style: 4D,4/9/2021 5:47:39 PM,542743.2046,4811608.481