OBJECTID,ACCIDENTNUM,ACCIDENTDATE,ACCIDENT_YEAR,ACCIDENT_MONTH,ACCIDENT_DAY,ACCIDENT_HOUR,ACCIDENT_MINUTE,ACCIDENT_SECOND,ACCIDENT_WEEKDAY,XCOORD,YCOORD,LONGITUDE,LATITUDE,ACCIDENTLOCATION,COLLISIONTYPE,CLASSIFICATIONOFACCIDENT,IMPACTLOCATION,INITIALDIRECTIONOFTRAVELONE,INITIALDIRECTIONOFTRAVELTWO,INITIALIMPACTTYPE,INTTRAFFICCONTROL,LIGHT,LIGHTFORREPORT,ROADJURISDICTION,TRAFFICCONTROL,TRAFFICCONTROLCONDITION,THRULANENO,NORTHBOUNDDISOBEYCOUNT,SOUTHBOUNDDISOBEYCOUNT,PEDESTRIANINVOLVED,CYCLISTINVOLVED,MOTORCYCLISTINVOLVED,ENVIRONMENTCONDITION1,ENVIRONMENTCONDITION2,SELFREPORTED,XMLIMPORTNOTES,LASTEDITEDDATE,x,y
49499,19183304,8/4/2019 10:20:00 PM,2019,8,4,22,20,0,Sunday,544330.5585,4808468.003,-80.452312,43.427802,Intersection related,2,P.D. only,Thru lane,unknown,unknown,Sideswipe,Unknown,Dark,07 - Dark,Municipal (excl. Twp. Rd.),Stop sign,unknown,0,0,0,FALSE,FALSE,FALSE,Clear,,TRUE,Road 1: FRANKLIN ST S; Road 2: GREENFIELD AVE; Vehicle #1     Make: FORD     Model: SPE     Colour: BLU     Style: TY; Vehicle #2     Make:      Model:      Colour:      Style:,4/9/2021 5:54:02 PM,544330.5585,4808468.003
49500,19183860,8/6/2019 7:10:00 AM,2019,8,6,7,10,0,Tuesday,545274.3467,4806433.206,-80.440821,43.409424,Intersection related,2,P.D. only,Thru lane,unknown,unknown,Angle,Stop sign,Daylight,01 - Daylight,Regional municipality,Stop sign,Functioning,0,0,0,FALSE,FALSE,FALSE,Clear,,TRUE,Road 1: WABANAKI DR; Road 2: WILSON AVE; Vehicle #1     Make: MERZ     Model: CSP     Colour: WHI     Style: FV; Vehicle #2     Make: HOND     Model: CIVI     Colour:      Style: 4D,4/9/2021 5:54:04 PM,545274.3467,4806433.206
49501,19183968,8/5/2019 9:30:00 PM,2019,8,5,21,30,0,Monday,541335.0531,4811136.675,-80.489117,43.452002,Other,2,P.D. only,Right shoulder,unknown,unknown,SMV unattended vehicle,Unknown,Dark,07 - Dark,Municipal (excl. Twp. Rd.),No control,unknown,0,0,0,FALSE,FALSE,FALSE,Clear,,TRUE,Road 1: 141 ONTARIO ST N (ON SIDE OF ROAD); Vehicle #1     Make:      Model:      Colour:      Style: ; Vehicle #2     Make: HYUN     Model: SAN     Colour: RED     Style: TY,4/9/2021 5:55:06 PM,541335.0531,4811136.675
49502,19184239,8/6/2019 4:30:00 PM,2019,8,6,16,30,0,Tuesday,541798.3765,4808182.686,-80.483617,43.425379,Intersection related,2,P.D. only,Thru lane,unknown,unknown,Sideswipe,Unknown,Daylight,01 - Daylight,Municipal (excl. Twp. Rd.),Traffic signal,Functioning,1,0,0,FALSE,FALSE,FALSE,Clear,,FALSE,Road 1: KINGSWOOD DR (50 km/h); Road 2: ALPINE RD (50 km/h); Vehicle #1     Make: NISS     Model: SML     Colour: BLK     Style: 4D; Vehicle #2     Make: HOND     Model: UCD     Colour: SIL     Style: 4D,4/9/2021 5:53:58 PM,541798.3765,4808182.686
49503,19184258,8/3/2019 6:00:00 PM,2019,8,3,18,0,0,Saturday,538193.6643,4809929.311,-80.528026,43.441298,At/near private drive,2,P.D. only,Thru lane,unknown,unknown,Turning movement,Unknown,Daylight,01 - Daylight,Municipal (excl. Twp. Rd.),No control,unknown,0,0,0,FALSE,FALSE,FALSE,Clear,,TRUE,Road 1: 137 HAZELGLEN DR; Vehicle #1     Make: TOYT     Model: RV4     Colour: PLE     Style: TY; Vehicle #2     Make: HYUN     Model: TUC     Colour: WHI     Style: TY,4/9/2021 5:54:50 PM,538193.6643,4809929.311
49504,19184385,8/6/2019 3:07:00 PM,2019,8,6,15,7,0,Tuesday,540869.5007,4810597.637,-80.494911,43.447174,Non intersection,2,Non-reportable,Thru lane,unknown,unknown,Other,Unknown,Daylight,01 - Daylight,Municipal (excl. Twp. Rd.),No control,unknown,0,0,0,FALSE,FALSE,FALSE,Clear,,TRUE,Road 1: JUBILEE DR; Road 2: DAVID ST; Vehicle #1     Make:      Model:      Colour:      Style: ; Vehicle #2     Make: VOLK     Model: TIG     Colour: BLK     Style: TY,4/9/2021 5:53:31 PM,540869.5007,4810597.637
49505,19184839,8/3/2019 11:00:00 AM,2019,8,3,11,0,0,Saturday,545129.0847,4807975.186,-80.442487,43.423317,At/near private drive,2,P.D. only,Thru lane,unknown,unknown,Angle,Unknown,Daylight,01 - Daylight,Regional municipality,No control,unknown,0,0,0,FALSE,FALSE,FALSE,Clear,,TRUE,Road 1: 3085 KINGSWAY DR; Vehicle #1     Make: TOYT     Model: UCS     Colour: RED     Style: 4D; Vehicle #2     Make: TOYT     Model: RV4     Colour: WHI     Style: TY,4/9/2021 5:54:57 PM,545129.0847,4807975.186
49506,19184857,8/3/2019 7:40:00 AM,2019,8,3,7,40,0,Saturday,544765.796,4804192.726,-80.447285,43.389282,Non intersection,2,P.D. only,Thru lane,unknown,unknown,SMV unattended vehicle,Unknown,Daylight,01 - Daylight,Municipal (excl. Twp. Rd.),No control,unknown,0,0,0,FALSE,FALSE,FALSE,Clear,,TRUE,Road 1: 186 BECHTEL DR; Vehicle #1     Make: RAM     Model: RVA     Colour: WHI     Style: FV; Vehicle #2     Make: VOLK     Model: JBS     Colour: BLK     Style: 4D,4/9/2021 5:53:38 PM,544765.796,4804192.726
49507,19185068,8/7/2019 4:50:00 PM,2019,8,7,16,50,0,Wednesday,545597.352,4807840.482,-80.436714,43.422076,Non intersection,2,P.D. only,Thru lane,unknown,unknown,Sideswipe,Unknown,Daylight,01 - Daylight,Regional municipality,No control,unknown,0,0,0,FALSE,FALSE,FALSE,Clear,,TRUE,Road 1: 215 FAIRWAY RD S; Vehicle #1     Make: TOYT     Model: VEN     Colour: WHI     Style: TY; Vehicle #2     Make: GMC     Model: SIE     Colour: BLK     Style: CW; Vehicle #3     Make: BUIC     Model: ENC     Colour: BRN     Style: TY,4/27/2022 10:39:09 AM,545597.352,4807840.482
49508,19185089,8/7/2019 5:15:00 PM,2019,8,7,17,15,0,Wednesday,545125.8341,4807655.352,-80.442554,43.420438,Non intersection,2,Non-reportable,Thru lane,unknown,unknown,Turning movement,Unknown,Daylight,01 - Daylight,Municipal (excl. Twp. Rd.),No control,unknown,0,0,0,FALSE,FALSE,FALSE,Clear,,TRUE,Road 1: WILSON ST KITCHENER; Road 2: FAIRWAY RD  S KITCHENER; Vehicle #1     Make:      Model:      Colour:      Style: ; Vehicle #2     Make: FORD     Model: SPE     Colour: BLU     Style: TY,4/9/2021 5:53:28 PM,545125.8341,4807655.352
49509,19185197,8/6/2019 7:30:00 PM,2019,8,6,19,30,0,Tuesday,538262.0122,4809990.315,-80.527178,43.441844,At/near private drive,2,Non-reportable,Thru lane,unknown,unknown,SMV unattended vehicle,Unknown,Daylight,01 - Daylight,Municipal (excl. Twp. Rd.),No control,unknown,0,0,0,FALSE,FALSE,FALSE,Clear,,TRUE,Road 1: 23 MARKWOOD DR; Vehicle #1     Make:      Model:      Colour:      Style: ; Vehicle #2     Make: TOYT     Model: MTL     Colour: RED     Style: 4D,4/9/2021 5:54:54 PM,538262.0122,4809990.316
49510,19185225,8/7/2019 8:26:00 PM,2019,8,7,20,26,0,Wednesday,544732.4653,4811507.366,-80.447097,43.455145,At intersection,1,Non-fatal injury,Thru lane,unknown,unknown,Rear end,Unknown,Dusk,05 - Dusk,Municipal (excl. Twp. Rd.),Stop sign,unknown,1,0,0,FALSE,FALSE,FALSE,Clear,,FALSE,Road 1: RIVER RD E (50 km/h); Road 2: GIBSON DR (50 km/h); Distance: 10.0 M N; Vehicle #1     Make: DODG     Model: AVN     Colour: SIL     Style: 4D; Vehicle #2     Make: VOLK     Model: TLP     Colour: BLK     Style: 4D; Vehicle #3     Make:      Model:,4/9/2021 5:54:33 PM,544732.4653,4811507.366
49511,19185288,8/7/2019 2:10:00 PM,2019,8,7,14,10,0,Wednesday,545152.9573,4809056.877,-80.442103,43.433055,Non intersection,2,P.D. only,Thru lane,unknown,unknown,Rear end,Unknown,Daylight,01 - Daylight,Regional municipality,No control,unknown,0,0,0,FALSE,FALSE,FALSE,Clear,,TRUE,Road 1: FERGUS AVE; Road 2: WEBER ST E; Vehicle #1     Make:      Model:      Colour:      Style: ; Vehicle #2     Make: HYUN     Model: SAN     Colour: BLK     Style: TY,4/9/2021 5:53:39 PM,545152.9573,4809056.877
49512,19185406,8/8/2019 2:26:00 AM,2019,8,8,2,26,0,Thursday,541978.6602,4810879.204,-80.481182,43.449648,Non intersection,2,P.D. only,Not on roadway - right side,unknown,unknown,SMV other,Unknown,Dark,07 - Dark,Regional municipality,No control,unknown,0,0,0,FALSE,FALSE,FALSE,Clear,,FALSE,Road 1: KRUG ST (50 km/h); Road 2: LANCASTER ST E; Distance: 25.0 K N; Vehicle #1     Make: CHEV     Model: ML1     Colour: WHI     Style: 4D,4/9/2021 5:53:04 PM,541978.6602,4810879.204
49513,19185764,8/8/2019 11:45:00 AM,2019,8,8,11,45,0,Thursday,543768.1212,4808052.813,-80.459293,43.424097,At/near private drive,2,P.D. only,Thru lane,unknown,unknown,Other,Unknown,Daylight,01 - Daylight,Municipal (excl. Twp. Rd.),No control,unknown,0,0,0,FALSE,FALSE,FALSE,Clear,,TRUE,Road 1: VANIER DR; Road 2: SHELLEY DR; Vehicle #1     Make: NISS     Model: ATS     Colour: BGE     Style: 4D; Vehicle #2     Make: TOYT     Model: RV4     Colour: GRY     Style: TY,4/9/2021 5:54:58 PM,543768.1212,4808052.813
49514,19186051,8/8/2019 9:15:00 AM,2019,8,8,9,15,0,Thursday,542613.4705,4805879.707,-80.473727,43.404597,At intersection,2,P.D. only,Within intersection,unknown,unknown,Angle,Unknown,Daylight,01 - Daylight,Municipal (excl. Twp. Rd.),Stop sign,Functioning,0,0,0,FALSE,FALSE,FALSE,Rain,,TRUE,Road 1: STRASBURG RD; Road 2: MCINTYRE DR; Vehicle #1     Make: MAZD     Model: CX5     Colour: GRY     Style: TY; Vehicle #2     Make: RAM     Model: RPC     Colour: WHI     Style: FV,4/9/2021 5:54:28 PM,542613.4705,4805879.707
49515,19186165,8/8/2019 3:30:00 PM,2019,8,8,15,30,0,Thursday,541678.6475,4810696.892,-80.484904,43.448023,Non intersection,2,P.D. only,Thru lane,unknown,unknown,Rear end,Unknown,Daylight,01 - Daylight,Municipal (excl. Twp. Rd.),No control,unknown,0,0,0,FALSE,FALSE,FALSE,Clear,,TRUE,Road 1: 256 KING ST E; Vehicle #1     Make: RAM     Model: RPC     Colour: WHI     Style: FV; Vehicle #2     Make: MERZ     Model: MET     Colour: WHI     Style: FV,8/16/2022 3:00:37 PM,541678.6475,4810696.892
49516,19186369,8/9/2019 8:00:00 AM,2019,8,9,8,0,0,Friday,542320.77,4811247.801,-80.476925,43.452948,At/near private drive,2,P.D. only,Thru lane,unknown,unknown,Other,Unknown,Daylight,01 - Daylight,Municipal (excl. Twp. Rd.),No control,unknown,0,0,0,FALSE,FALSE,FALSE,Clear,,TRUE,Road 1: SIMEON ST (IFO 71); Road 2: CHAPEL ST; Vehicle #1     Make: VOLK     Model: JTS     Colour: GRY     Style: 4B; Vehicle #2     Make: FORD     Model: TST     Colour: WHI     Style: FV,4/9/2021 5:54:56 PM,542320.77,4811247.801
49517,19186461,8/8/2019 8:45:00 PM,2019,8,8,20,45,0,Thursday,543696.6958,4811267.435,-80.459918,43.453046,At/near private drive,2,Non-reportable,Thru lane,unknown,unknown,SMV unattended vehicle,Unknown,Dusk,05 - Dusk,Municipal (excl. Twp. Rd.),No control,unknown,0,0,0,FALSE,FALSE,FALSE,Clear,,TRUE,Road 1: 152 DONALD ST; Vehicle #1     Make: TOYT     Model: TAC     Colour: GRY     Style: PK; Vehicle #2     Make: BMW     Model: X5     Colour: WHI     Style: 4D,4/9/2021 5:54:54 PM,543696.6958,4811267.435
49518,19186576,8/8/2019 9:00:00 PM,2019,8,8,21,0,0,Thursday,544611.1453,4809092.272,-80.448794,43.433407,At intersection,2,P.D. only,Within intersection,unknown,unknown,Angle,Unknown,Dusk,05 - Dusk,Municipal (excl. Twp. Rd.),Traffic signal,Functioning,0,0,0,FALSE,FALSE,FALSE,Clear,,TRUE,Road 1: FRANKLIN ST N; Road 2: KINGSWAY DR; Vehicle #1     Make: CHEV     Model: CZT     Colour: GRY     Style: 4D; Vehicle #2     Make: HYUN     Model: ESS     Colour: GRY     Style: 4D,4/9/2021 5:54:29 PM,544611.1453,4809092.272
49519,19186676,8/9/2019 3:05:00 PM,2019,8,9,15,5,0,Friday,541509.2648,4809197.868,-80.487111,43.434536,Intersection related,2,P.D. only,Thru lane,unknown,unknown,Rear end,Unknown,Daylight,01 - Daylight,Municipal (excl. Twp. Rd.),Stop sign,unknown,1,0,0,FALSE,FALSE,FALSE,Clear,,FALSE,Road 1: KEHL ST (50 km/h); Road 2: HEIMAN ST (50 km/h); Distance: 20.0 M S; Vehicle #1     Make: FORD     Model: FL     Colour: BLK     Style: 4D; Vehicle #2     Make: FORD     Model: FSA     Colour: GRY     Style: 4D,4/9/2021 5:53:48 PM,541509.2648,4809197.868
49520,19186743,8/9/2019 4:32:00 PM,2019,8,9,16,32,0,Friday,542697.6978,4813260.708,-80.472109,43.471051,At/near private drive,1,Non-fatal injury,Thru lane,unknown,unknown,Rear end,Unknown,Daylight,01 - Daylight,Municipal (excl. Twp. Rd.),No control,unknown,1,0,0,FALSE,TRUE,FALSE,Clear,,FALSE,Road 1: 347 RIVERBEND DR (50 km/h); Road 2: RIVERBEND DR; Distance: 10.0 M E; Vehicle #1     Make: BICY     Model: EBIK     Colour:      Style: BK; Vehicle #2     Make: GMC     Model: SIE     Colour: GRY     Style: CW,4/9/2021 5:54:36 PM,542697.6978,4813260.708
49521,19186774,8/9/2019 4:30:00 PM,2019,8,9,16,30,0,Friday,539079.6236,4811579.694,-80.51696,43.456112,Non intersection,2,P.D. only,Thru lane,unknown,unknown,SMV unattended vehicle,Unknown,Daylight,01 - Daylight,Municipal (excl. Twp. Rd.),No control,unknown,0,0,0,FALSE,FALSE,FALSE,Clear,,TRUE,Road 1: UNION BLVD; Road 2: YORK ST; Vehicle #1     Make: HYUN     Model: SAN     Colour: BLU     Style: TY; Vehicle #2     Make: FRHT     Model: FM2     Colour: WHI     Style: CT,4/9/2021 5:53:39 PM,539079.6236,4811579.694
49522,19186915,8/9/2019 5:00:00 PM,2019,8,9,17,0,0,Friday,543140.6368,4812721.305,-80.466676,43.466168,Non intersection,2,P.D. only,Thru lane,unknown,unknown,Rear end,Unknown,Daylight,01 - Daylight,Municipal (excl. Twp. Rd.),No control,unknown,0,0,0,FALSE,FALSE,FALSE,Clear,,TRUE,Road 1: SHIRLEY AVE; Road 2: RIVERBEND DR NORTH KITCHENER; Distance: 100.0 M E; Vehicle #1     Make: RAM     Model: DUR     Colour: WHI     Style: PK; Vehicle #2     Make: JEEP     Model: PRT     Colour: GRY     Style: TY,4/9/2021 5:53:01 PM,543140.6367,4812721.305
49523,19187212,8/10/2019 8:30:00 AM,2019,8,10,8,30,0,Saturday,541918.8026,4808855.809,-80.482077,43.431433,At/near private drive,2,P.D. only,Thru lane,unknown,unknown,SMV unattended vehicle,Unknown,Daylight,01 - Daylight,Municipal (excl. Twp. Rd.),No control,unknown,0,0,0,FALSE,FALSE,FALSE,Clear,,TRUE,Road 1: 15 KELVIN AVE; Road 2: ON STREET; Vehicle #1     Make: STRN     Model: ASR     Colour: GRY     Style: 2B; Vehicle #2     Make: HYUN     Model: ELA     Colour: GRN     Style: 4W,4/9/2021 5:54:33 PM,541918.8026,4808855.81
49524,19187464,8/10/2019 2:00:00 PM,2019,8,10,14,0,0,Saturday,544619.9315,4807831.439,-80.448789,43.422053,At/near private drive,2,P.D. only,Thru lane,unknown,unknown,SMV unattended vehicle,Unknown,Daylight,01 - Daylight,Municipal (excl. Twp. Rd.),No control,unknown,0,0,0,FALSE,FALSE,FALSE,Clear,,TRUE,Road 1: 62 BALFOUR CRESCENT; Vehicle #1     Make:      Model:      Colour:      Style: ; Vehicle #2     Make: PORS     Model: POR     Colour: WHI     Style: TY,4/9/2021 5:54:34 PM,544619.9315,4807831.439
49525,19187927,8/11/2019 1:45:00 AM,2019,8,11,1,45,0,Sunday,542855.503,4803902.562,-80.470893,43.386781,Non intersection,2,P.D. only,Thru lane,unknown,unknown,SMV unattended vehicle,Unknown,Dark,07 - Dark,Municipal (excl. Twp. Rd.),No control,unknown,1,0,0,FALSE,FALSE,FALSE,Clear,,FALSE,Road 1: 27 TUDOR ST (50 km/h); Road 2: TUDOR ST; Distance: 30.0 M W; Vehicle #1     Make: HYUN     Model: SAN     Colour: BLU     Style: TY; Vehicle #2     Make: FORD     Model: COF     Colour: WHI     Style: CW,4/9/2021 5:53:07 PM,542855.503,4803902.562
49526,19188290,8/11/2019 4:02:00 PM,2019,8,11,16,2,0,Sunday,546062.4059,4809492.156,-80.43083,43.436919,At intersection,2,P.D. only,Within intersection,unknown,unknown,Angle,Unknown,Daylight,01 - Daylight,Municipal (excl. Twp. Rd.),Traffic signal,Functioning,0,0,0,FALSE,FALSE,FALSE,Clear,,FALSE,Road 1: KINZIE AVE (50 km/h); Road 2: RIVER RD E (60 km/h); Vehicle #1     Make: NISS     Model: SL2     Colour: SIL     Style: 4D; Vehicle #2     Make: FORD     Model: EDG     Colour: RED     Style: TY,4/9/2021 5:54:18 PM,546062.4059,4809492.156
49527,19188714,8/11/2019 3:45:00 PM,2019,8,11,15,45,0,Sunday,540664.8532,4810356.308,-80.497458,43.445013,At/near private drive,2,Non-reportable,Thru lane,unknown,unknown,Other,Unknown,Daylight,01 - Daylight,Municipal (excl. Twp. Rd.),No control,unknown,0,0,0,FALSE,FALSE,FALSE,Clear,,TRUE,Road 1: 59 SCHNEIDER AVE; Vehicle #1     Make: TOYT     Model: MTL     Colour: BLU     Style: 4D; Vehicle #2     Make:      Model:      Colour:      Style:,4/9/2021 5:54:54 PM,540664.8532,4810356.308
49528,19188911,8/12/2019 12:10:00 PM,2019,8,12,12,10,0,Monday,542629.7691,4803998.299,-80.473672,43.387655,At intersection,2,P.D. only,Within intersection,unknown,unknown,Rear end,Unknown,Daylight,01 - Daylight,Regional municipality,Stop sign,Functioning,0,0,0,FALSE,FALSE,FALSE,Clear,,FALSE,Road 1: HURON RD (60 km/h); Road 2: FEATHERSTONE ST (50 km/h); Vehicle #1     Make: INFI     Model: G3S     Colour: BLK     Style: 2D; Vehicle #2     Make: TOYT     Model: UCS     Colour: BLU     Style: 4D; Vehicle #3     Make: FORD     Model: COF     Col,4/9/2021 5:54:20 PM,542629.7691,4803998.299
49529,19188967,8/12/2019 1:15:00 PM,2019,8,12,13,15,0,Monday,544781.1726,4804998.236,-80.447029,43.396534,Non intersection,2,P.D. only,Thru lane,unknown,unknown,Rear end,Unknown,Daylight,01 - Daylight,Municipal (excl. Twp. Rd.),No control,unknown,1,0,0,FALSE,FALSE,FALSE,Clear,,FALSE,Road 1: MILLWOOD CRES (50 km/h); Road 2: DOON VALLEY DR; Distance: 50.0 M S; Vehicle #1     Make: HYUN     Model: ESM     Colour: ONG     Style: 4D; Vehicle #2     Make: PONT     Model: VIB     Colour: RED     Style: 4B,4/9/2021 5:53:08 PM,544781.1726,4804998.236
49530,19189180,8/12/2019 4:10:00 PM,2019,8,12,16,10,0,Monday,542848.9004,4813076.731,-80.470254,43.469385,At intersection,2,P.D. only,Within intersection,unknown,unknown,Turning movement,Unknown,Daylight,01 - Daylight,Municipal (excl. Twp. Rd.),Stop sign,Functioning,0,0,0,FALSE,FALSE,FALSE,Clear,,TRUE,Road 1: GUELPH ST; Road 2: RIVERBEND DR; Vehicle #1     Make: DODG     Model: CAR     Colour: BLK     Style: VN; Vehicle #2     Make: BMW     Model: 53I     Colour: GRY     Style: 4D,4/9/2021 5:54:30 PM,542848.9004,4813076.731
49531,19189301,8/12/2019 6:30:00 PM,2019,8,12,18,30,0,Monday,541603.6325,4813193.534,-80.48564,43.470507,Non intersection,2,Non-reportable,Thru lane,unknown,unknown,SMV unattended vehicle,Unknown,Daylight,01 - Daylight,Municipal (excl. Twp. Rd.),No control,unknown,0,0,0,FALSE,FALSE,FALSE,Clear,,TRUE,Road 1: BOND ST (IFO 76); Road 2: UNION; Vehicle #1     Make:      Model:      Colour:      Style: ; Vehicle #2     Make: JEEP     Model: LIB     Colour: BLK     Style: TY,4/9/2021 5:53:12 PM,541603.6325,4813193.534
49532,19189386,8/12/2019 3:00:00 PM,2019,8,12,15,0,0,Monday,545106.9874,4812634.181,-80.442375,43.465268,Non intersection,2,Non-reportable,Right shoulder,unknown,unknown,SMV unattended vehicle,Unknown,Daylight,01 - Daylight,Municipal (excl. Twp. Rd.),No control,unknown,0,0,0,FALSE,FALSE,FALSE,Clear,,TRUE,Road 1: 8 MUSKOKA COURT; Vehicle #1     Make:      Model:      Colour:      Style: ; Vehicle #2     Make: HYUN     Model: TUC     Colour: GRY     Style: TY,4/9/2021 5:53:36 PM,545106.9874,4812634.181
49533,19189712,8/13/2019 10:30:00 AM,2019,8,13,10,30,0,Tuesday,541875.9811,4810742.233,-80.482462,43.448421,At intersection,2,P.D. only,Within intersection,unknown,unknown,Angle,Unknown,Daylight,01 - Daylight,Regional municipality,unknown,Functioning,0,0,0,FALSE,FALSE,FALSE,Clear,,TRUE,Road 1: DUKE ST E; Road 2: CEDAR ST S KITCHENER; Vehicle #1     Make: MAZD     Model: 3TR     Colour: BLU     Style: 4D; Vehicle #2     Make: TOYT     Model: VEN     Colour: GRY     Style: TY,4/9/2021 5:54:27 PM,541875.9811,4810742.233
49534,19189840,8/12/2019 8:30:00 PM,2019,8,12,20,30,0,Monday,540550.525,4811661.09,-80.498774,43.456767,Non intersection,2,Non-reportable,Thru lane,unknown,unknown,SMV unattended vehicle,Unknown,Dusk,05 - Dusk,Municipal (excl. Twp. Rd.),No control,unknown,0,0,0,FALSE,FALSE,FALSE,Clear,,TRUE,Road 1: 121 LOUISA ST (IFO 121); Vehicle #1     Make: HYUN     Model: ASE     Colour: BLU     Style: 2B; Vehicle #2     Make: RAM     Model: RTR     Colour: RED     Style: CW,4/9/2021 5:53:26 PM,540550.525,4811661.09
49535,19190061,8/13/2019 5:20:00 PM,2019,8,13,17,20,0,Tuesday,545128.826,4807647.955,-80.442518,43.420371,Non intersection,2,P.D. only,Thru lane,unknown,unknown,Turning movement,Unknown,Daylight,01 - Daylight,Municipal (excl. Twp. Rd.),No control,unknown,0,0,0,FALSE,FALSE,FALSE,Clear,,TRUE,Road 1: WILSON AVE (NEAR CANADIAN TIRE ENTRANCE); Road 2: FAIRWAY RD KITCHENER; Vehicle #1     Make: VOLK     Model: JBS     Colour: GRY     Style: 4D; Vehicle #2     Make: HOND     Model: CXG     Colour: SIL     Style: 4D,4/9/2021 5:53:29 PM,545128.826,4807647.955
49536,19190574,8/14/2019 11:00:00 AM,2019,8,14,11,0,0,Wednesday,541662.1044,4810409.124,-80.48513,43.445433,At intersection,2,P.D. only,Within intersection,unknown,unknown,Angle,Unknown,Daylight,01 - Daylight,Municipal (excl. Twp. Rd.),Stop sign,Functioning,0,0,0,FALSE,FALSE,FALSE,Clear,,TRUE,Road 1: CHURCH ST; Road 2: CEDAR ST S; Vehicle #1     Make: NISS     Model: ROG     Colour: RED     Style: TY; Vehicle #2     Make: BUIC     Model: ENR     Colour: BLU     Style: TY,4/9/2021 5:54:20 PM,541662.1044,4810409.124
49537,19190753,8/14/2019 9:20:00 AM,2019,8,14,9,20,0,Wednesday,536851.8731,4808266.769,-80.544719,43.426395,At intersection,2,P.D. only,Within intersection,unknown,unknown,Angle,Unknown,Daylight,01 - Daylight,Municipal (excl. Twp. Rd.),unknown,Functioning,0,0,1,FALSE,FALSE,FALSE,Clear,,TRUE,Road 1: WESTFOREST TRAIL; Road 2: BANKSIDE DR; Vehicle #1     Make: TOYT     Model: VEN     Colour: BLK     Style: TY; Vehicle #2     Make: MAZD     Model: 3GT     Colour: BLK     Style: 4D,4/9/2021 5:54:24 PM,536851.8731,4808266.769
49538,19190808,8/14/2019 4:10:00 PM,2019,8,14,16,10,0,Wednesday,539630.6352,4805862.727,-80.510565,43.404607,At intersection,1,Non-fatal injury,Within intersection,unknown,unknown,Angle,Unknown,Daylight,01 - Daylight,Municipal (excl. Twp. Rd.),Stop sign,Functioning,0,0,0,FALSE,FALSE,FALSE,Clear,,FALSE,Road 1: MAX BECKER DR (50 km/h); Road 2: BRIDLEWREATH ST (50 km/h); Vehicle #1     Make: RAM     Model: RVA     Colour: WHI     Style: PK; Vehicle #2     Make: HYUN     Model: EGT     Colour: RED     Style: 4B,4/9/2021 5:54:21 PM,539630.6352,4805862.727
49539,19190812,8/14/2019 4:13:00 PM,2019,8,14,16,13,0,Wednesday,541661.9316,4810409.067,-80.485132,43.445433,At intersection,2,P.D. only,Within intersection,unknown,unknown,Angle,Unknown,Daylight,01 - Daylight,Municipal (excl. Twp. Rd.),Stop sign,Functioning,0,0,0,FALSE,FALSE,FALSE,Clear,,FALSE,Road 1: CEDAR ST S (50 km/h); Road 2: CHURCH ST (50 km/h); Vehicle #1     Make: VOLK     Model: BTL     Colour: GRY     Style: 2B; Vehicle #2     Make: TOYT     Model: CBA     Colour: GRY     Style: 4D,4/9/2021 5:54:19 PM,541661.9316,4810409.067
49540,19190852,8/14/2019 4:40:00 PM,2019,8,14,16,40,0,Wednesday,539688.2298,4805683.526,-80.509867,43.402991,At intersection,2,P.D. only,Within intersection,unknown,unknown,Angle,Unknown,Daylight,01 - Daylight,Municipal (excl. Twp. Rd.),unknown,Functioning,0,0,0,FALSE,FALSE,FALSE,Clear,,TRUE,Road 1: DONNENWERTH DR; Road 2: ACTIVA AVE; Vehicle #1     Make: ACUR     Model: 32T     Colour: SIL     Style: 4D; Vehicle #2     Make: TOYT     Model: AXP     Colour: BLK     Style: 4D,4/9/2021 5:54:31 PM,539688.2298,4805683.526
49541,19191351,8/15/2019 9:37:00 AM,2019,8,15,9,37,0,Thursday,541257.2765,4811454.401,-80.490054,43.454867,Intersection related,2,P.D. only,Not on roadway - right side,unknown,unknown,SMV other,Unknown,Daylight,01 - Daylight,Municipal (excl. Twp. Rd.),Stop sign,Functioning,0,0,0,FALSE,FALSE,FALSE,Clear,,FALSE,Road 1: AHRENS ST W (40 km/h); Road 2: MAYNARD AVE (40 km/h); Vehicle #1     Make: DODG     Model: CXT     Colour: RED     Style: 4D,4/9/2021 5:53:55 PM,541257.2765,4811454.401
49542,19191413,8/15/2019 10:43:00 AM,2019,8,15,10,43,0,Thursday,542443.9185,4811615.502,-80.475375,43.456252,Non intersection,2,P.D. only,Not on roadway - right side,unknown,unknown,SMV other,Unknown,Daylight,01 - Daylight,Municipal (excl. Twp. Rd.),No control,unknown,0,0,0,FALSE,FALSE,FALSE,Clear,,FALSE,Road 1: 15 EAST AVE (50 km/h); Road 2: EAST AVE; Distance: 6.0 M N; Vehicle #1     Make: PETE     Model:      Colour:      Style:,4/9/2021 5:53:11 PM,542443.9185,4811615.502