OBJECTID,ACCIDENTNUM,ACCIDENTDATE,ACCIDENT_YEAR,ACCIDENT_MONTH,ACCIDENT_DAY,ACCIDENT_HOUR,ACCIDENT_MINUTE,ACCIDENT_SECOND,ACCIDENT_WEEKDAY,XCOORD,YCOORD,LONGITUDE,LATITUDE,ACCIDENTLOCATION,COLLISIONTYPE,CLASSIFICATIONOFACCIDENT,IMPACTLOCATION,INITIALDIRECTIONOFTRAVELONE,INITIALDIRECTIONOFTRAVELTWO,INITIALIMPACTTYPE,INTTRAFFICCONTROL,LIGHT,LIGHTFORREPORT,ROADJURISDICTION,TRAFFICCONTROL,TRAFFICCONTROLCONDITION,THRULANENO,NORTHBOUNDDISOBEYCOUNT,SOUTHBOUNDDISOBEYCOUNT,PEDESTRIANINVOLVED,CYCLISTINVOLVED,MOTORCYCLISTINVOLVED,ENVIRONMENTCONDITION1,ENVIRONMENTCONDITION2,SELFREPORTED,XMLIMPORTNOTES,LASTEDITEDDATE,x,y
49587,19200150,8/26/2019 8:41:00 AM,2019,8,26,8,41,0,Monday,540063.2778,4811543.902,-80.504805,43.455738,At/near private drive,1,Non-fatal injury,Not on roadway - left side,unknown,unknown,SMV other,Unknown,Daylight,01 - Daylight,Municipal (excl. Twp. Rd.),No control,unknown,0,0,0,FALSE,FALSE,TRUE,Clear,,FALSE,Road 1: 18 SHANLEY ST (50 km/h); Road 2: SHANLEY ST; Distance: 1.0 M E; Vehicle #1     Make: YAMA     Model: FJR     Colour: BLU     Style: MS,4/9/2021 5:54:44 PM,540063.2778,4811543.902
49588,19200173,8/24/2019 4:00:00 PM,2019,8,24,16,0,0,Saturday,536459.5317,4808484.818,-80.549552,43.428378,At/near private drive,2,P.D. only,Thru lane,unknown,unknown,SMV unattended vehicle,Unknown,Daylight,01 - Daylight,Municipal (excl. Twp. Rd.),No control,unknown,0,0,0,FALSE,FALSE,FALSE,Clear,,TRUE,Road 1: 92 WESTMEADOW DR; Vehicle #1     Make:      Model:      Colour:      Style: ; Vehicle #2     Make: TOYT     Model: PRI     Colour: BRN     Style: 4B,4/9/2021 5:54:50 PM,536459.5317,4808484.818
49589,19200544,8/26/2019 10:00:00 AM,2019,8,26,10,0,0,Monday,545867.8803,4809310.899,-80.433249,43.435299,Non intersection,2,P.D. only,Thru lane,unknown,unknown,SMV unattended vehicle,Unknown,Daylight,01 - Daylight,Municipal (excl. Twp. Rd.),No control,unknown,0,0,0,FALSE,FALSE,FALSE,Clear,,TRUE,Road 1: 224 KINZIE AVE; Vehicle #1     Make: LINC     Model: MKZ     Colour: BLK     Style: 4D; Vehicle #2     Make: TOYT     Model: SIE     Colour: GRY     Style: VN,4/9/2021 5:53:07 PM,545867.8803,4809310.9
49590,19201332,8/27/2019 1:50:00 PM,2019,8,27,13,50,0,Tuesday,541733.7749,4810661.287,-80.484225,43.4477,Non intersection,2,Non-reportable,Thru lane,unknown,unknown,SMV unattended vehicle,Unknown,Daylight,01 - Daylight,Municipal (excl. Twp. Rd.),No control,unknown,0,0,0,FALSE,FALSE,FALSE,Clear,,TRUE,Road 1: 301 KING ST E; Vehicle #1     Make: RAM     Model: RTR     Colour: GRY     Style: CW; Vehicle #2     Make: FORD     Model: TST     Colour: WHI     Style: FV,8/16/2022 3:00:19 PM,541733.7749,4810661.287
49591,19201697,8/28/2019 7:41:00 AM,2019,8,28,7,41,0,Wednesday,543897.3012,4811908.04,-80.457387,43.458802,Intersection related,2,P.D. only,Thru lane,unknown,unknown,SMV other,Unknown,Daylight,01 - Daylight,Municipal (excl. Twp. Rd.),Traffic signal,Functioning,1,0,0,FALSE,FALSE,FALSE,Clear,,FALSE,Road 1: RIVER RD E (50 km/h); Road 2: KRUG ST (50 km/h); Vehicle #1     Make: FORD     Model: MUS     Colour: BLK     Style: CV,4/9/2021 5:53:55 PM,543897.3012,4811908.04
49592,19201724,8/27/2019 7:50:00 PM,2019,8,27,19,50,0,Tuesday,537960.2421,4809137.769,-80.530966,43.434183,At/near private drive,2,Non-reportable,Thru lane,unknown,unknown,SMV unattended vehicle,Unknown,Daylight,01 - Daylight,Municipal (excl. Twp. Rd.),No control,unknown,0,0,0,FALSE,FALSE,FALSE,Clear,,TRUE,Road 1: 64 BENESFORT DR; Vehicle #1     Make:      Model:      Colour:      Style: ; Vehicle #2     Make: KIA     Model: FLG     Colour: BLK     Style: 4D,4/9/2021 5:54:48 PM,537960.242,4809137.769
49593,19202241,8/28/2019 8:32:00 PM,2019,8,28,20,32,0,Wednesday,542460.3291,4807245.767,-80.475512,43.416905,At/near private drive,2,P.D. only,Right shoulder,unknown,unknown,SMV other,Unknown,"Dark, artificial","08 - Dark, artificial",Municipal (excl. Twp. Rd.),No control,unknown,0,0,0,FALSE,FALSE,FALSE,Clear,,FALSE,Road 1: 25 COUNTRY HILL DR (50 km/h); Road 2: COUNTRY HILL DR; Distance: 20.0 M S; Vehicle #1     Make: SUZI     Model: CXJ     Colour: BLU     Style: 4B,4/9/2021 5:54:45 PM,542460.3291,4807245.767
49594,19202727,8/29/2019 1:20:00 PM,2019,8,29,13,20,0,Thursday,538241.1216,4808782.311,-80.52752,43.430968,Non intersection,2,P.D. only,Thru lane,unknown,unknown,Angle,Unknown,Daylight,01 - Daylight,Regional municipality,No control,unknown,0,0,0,FALSE,FALSE,FALSE,Clear,,TRUE,Road 1: WEST AVE; Road 2: HIGHLAND RD W; Vehicle #1     Make: MAZD     Model: M3I     Colour: BLU     Style: 4D; Vehicle #2     Make: GMC     Model: SIE     Colour:      Style:,4/9/2021 5:53:00 PM,538241.1216,4808782.311
49595,19202758,8/28/2019 4:15:00 PM,2019,8,28,16,15,0,Wednesday,543988.4089,4807777.011,-80.456594,43.421601,Intersection related,2,P.D. only,Thru lane,unknown,unknown,Other,Unknown,Daylight,01 - Daylight,Regional municipality,unknown,unknown,0,0,0,FALSE,FALSE,FALSE,Clear,,TRUE,Road 1: SIEBERT AVE; Road 2: VANIER DR; Vehicle #1     Make: CHEV     Model: EXP     Colour: WHI     Style: FV; Vehicle #2     Make: CHEV     Model: SIL     Colour: BLK     Style: PK,4/9/2021 5:53:57 PM,543988.4089,4807777.011
49596,19202834,8/29/2019 3:00:00 PM,2019,8,29,15,0,0,Thursday,541359.0762,4808642.558,-80.489009,43.429544,Intersection related,2,P.D. only,Right turn lane,unknown,unknown,Sideswipe,Unknown,Daylight,01 - Daylight,Regional municipality,Traffic signal,unknown,0,0,0,FALSE,FALSE,FALSE,Clear,,TRUE,Road 1: HOMER WATSON BLVD; Road 2: HOFFMAN ST; Vehicle #1     Make: FORD     Model: FX5     Colour: GRY     Style: 4D; Vehicle #2     Make: CHEV     Model: UPL     Colour: GRY     Style: 4W,4/9/2021 5:53:49 PM,541359.0762,4808642.558
49597,19204428,8/31/2019 11:09:00 AM,2019,8,31,11,9,0,Saturday,542547.0067,4810145.153,-80.474215,43.443007,At/near private drive,1,Non-fatal injury,Thru lane,unknown,unknown,Rear end,Unknown,Daylight,01 - Daylight,Regional municipality,No control,unknown,1,0,0,FALSE,FALSE,FALSE,Clear,,FALSE,Road 1: 925 KING ST E (50 km/h); Road 2: KING ST E; Distance: 1.0 M W; Charged Driver #1 on page 1: NA NA (NA) (NA); Vehicle #1     Make: NISS     Model: ATS     Colour: BLK     Style: 4D; Vehicle #2     Make: BMW     Model: 28X     Colour: WHI     Style:,8/16/2022 3:00:11 PM,542547.0067,4810145.153
49598,19204486,8/31/2019 12:30:00 PM,2019,8,31,12,30,0,Saturday,542707.7295,4810049.316,-80.472237,43.442135,Non intersection,2,P.D. only,Thru lane,unknown,unknown,Sideswipe,Unknown,Daylight,01 - Daylight,Municipal (excl. Twp. Rd.),No control,unknown,0,0,0,FALSE,FALSE,FALSE,Clear,,TRUE,Road 1: KING ST E; Road 2: OTTAWA ST N; Vehicle #1     Make: CHEV     Model: EQU     Colour: BLK     Style: TY; Vehicle #2     Make: DODG     Model: CJO     Colour: BLK     Style: TY,8/16/2022 3:01:06 PM,542707.7295,4810049.316
49599,19205301,8/29/2019 8:15:00 PM,2019,8,29,20,15,0,Thursday,540752.6582,4808644.479,-80.496501,43.429594,Intersection related,2,P.D. only,Thru lane,unknown,unknown,Other,Unknown,Dark,07 - Dark,Municipal (excl. Twp. Rd.),unknown,Functioning,0,0,0,FALSE,FALSE,FALSE,Clear,,TRUE,Road 1: GREENBROOK DR; Road 2: STIRLING AVE S; Vehicle #1     Make: VOLK     Model: JGS     Colour: BLK     Style: 4D; Vehicle #2     Make: VOLK     Model: GTD     Colour: RED     Style: 4B,4/9/2021 5:53:53 PM,540752.6582,4808644.479
49600,19205376,9/1/2019 1:50:00 PM,2019,9,1,13,50,0,Sunday,543840.4804,4811145.273,-80.458151,43.451937,At intersection,2,P.D. only,Within intersection,unknown,unknown,Angle,Unknown,Daylight,01 - Daylight,Municipal (excl. Twp. Rd.),Stop sign,Functioning,0,0,0,FALSE,FALSE,FALSE,Rain,,TRUE,Road 1: WEDGEWOOD DR; Road 2: LYNDHURST DR; Vehicle #1     Make: FORD     Model: FSL     Colour: RED     Style: VN; Vehicle #2     Make: FORD     Model: COF     Colour: GRY     Style: CW,4/9/2021 5:54:27 PM,543840.4804,4811145.273
49601,19205470,9/1/2019 4:35:00 PM,2019,9,1,16,35,0,Sunday,539530.9562,4810730.28,-80.511443,43.448441,At/near private drive,2,P.D. only,Left shoulder,unknown,unknown,SMV other,Unknown,Daylight,01 - Daylight,Municipal (excl. Twp. Rd.),No control,unknown,0,0,0,FALSE,FALSE,FALSE,Clear,,FALSE,Road 1: 93 GAGE AVE (50 km/h); Road 2: GAGE AVE; Distance: 1.0 K S; Vehicle #1     Make: NISS     Model: NV2     Colour: WHI     Style: FV,4/9/2021 5:54:46 PM,539530.9562,4810730.28
49602,19206075,8/30/2019 2:30:00 PM,2019,8,30,14,30,0,Friday,541068,4811108,-80.4443527,43.3828161,Non intersection,2,Non-reportable,Not on roadway - right side,unknown,unknown,SMV unattended vehicle,Unknown,Daylight,01 - Daylight,Municipal (excl. Twp. Rd.),No control,unknown,0,0,0,FALSE,FALSE,FALSE,Clear,,TRUE,Road 1: 76 HOLLYBROOK TRAIL; Vehicle #1     Make: WKHR     Model: W31     Colour: BRN     Style: PD; Vehicle #2     Make: INTL     Model: 40S     Colour: WHI     Style: CT,4/9/2021 5:52:59 PM,541068,4811108
49603,19206365,8/31/2019 12:30:00 PM,2019,8,31,12,30,0,Saturday,539605.5725,4809636.282,-80.510601,43.438586,Non intersection,2,P.D. only,Thru lane,unknown,unknown,Sideswipe,Unknown,Daylight,01 - Daylight,Municipal (excl. Twp. Rd.),No control,unknown,0,0,0,FALSE,FALSE,FALSE,Clear,,TRUE,Road 1: LAWRENCE AVE; Road 2: HIGHLAND RD W; Vehicle #1     Make: DODG     Model: CAR     Colour: WHI     Style: VN; Vehicle #2     Make: HYUN     Model: AGS     Colour: BLK     Style: 4B,4/9/2021 5:53:03 PM,539605.5725,4809636.282
49604,19206391,9/2/2019 9:02:00 PM,2019,9,2,21,2,0,Monday,541397.6084,4808941.711,-80.48851,43.432235,At/near private drive,2,P.D. only,Not on roadway - right side,unknown,unknown,SMV unattended vehicle,Unknown,"Dark, artificial","08 - Dark, artificial",Regional municipality,No control,unknown,0,0,0,FALSE,FALSE,FALSE,Clear,,FALSE,Road 1: 425 HIGHLAND RD E (50 km/h); Road 2: STIRLING AVE S; Distance: 300.0 M E; Vehicle #1     Make:      Model:      Colour:      Style: ; Vehicle #2     Make: NISS     Model: MUR     Colour: SIL     Style: TY,4/27/2022 10:42:33 AM,541397.6084,4808941.712
49605,19206403,8/30/2019 2:44:00 PM,2019,8,30,14,44,0,Friday,540400.8227,4811484.91,-80.500637,43.455189,Non intersection,2,P.D. only,Thru lane,unknown,unknown,SMV unattended vehicle,Unknown,Daylight,01 - Daylight,Municipal (excl. Twp. Rd.),No control,unknown,0,0,0,FALSE,FALSE,FALSE,Clear,,TRUE,Road 1: MOORE AVE; Road 2: WELLINGTON ST N; Vehicle #1     Make: HOND     Model: UDY     Colour: BLK     Style: TY; Vehicle #2     Make:      Model:      Colour:      Style:,4/9/2021 5:53:04 PM,540400.8227,4811484.91
49606,19206810,9/3/2019 11:00:00 AM,2019,9,3,11,0,0,Tuesday,541874.7683,4810743.625,-80.482476,43.448433,Intersection related,2,P.D. only,Within intersection,unknown,unknown,Angle,Unknown,Daylight,01 - Daylight,Municipal (excl. Twp. Rd.),unknown,Functioning,0,0,0,FALSE,FALSE,FALSE,Clear,,TRUE,Road 1: DUKE ST  KITCHENER; Road 2: CEDAR ST; Vehicle #1     Make: VOLK     Model: JTC     Colour: BLU     Style: 4D; Vehicle #2     Make: TOYO     Model: COR     Colour: BLK     Style: 4D,4/9/2021 5:53:51 PM,541874.7683,4810743.625
49607,19206848,9/2/2019 6:00:00 PM,2019,9,2,18,0,0,Monday,542879.8774,4806610.21,-80.47038,43.411159,Non intersection,2,Non-reportable,Not on roadway - right side,unknown,unknown,Rear end,Unknown,Daylight,01 - Daylight,Municipal (excl. Twp. Rd.),No control,unknown,0,0,0,FALSE,FALSE,FALSE,Clear,,TRUE,Road 1: 77 CENTURY HILL DR; Vehicle #1     Make:      Model:      Colour:      Style: ; Vehicle #2     Make: HOND     Model: HRV     Colour: WHI     Style: TY,4/9/2021 5:54:09 PM,542879.8774,4806610.21
49608,19207127,9/3/2019 4:15:00 PM,2019,9,3,16,15,0,Tuesday,545437.8999,4804687.375,-80.438946,43.393695,Non intersection,2,P.D. only,Thru lane,unknown,unknown,Angle,Unknown,Daylight,01 - Daylight,Municipal (excl. Twp. Rd.),No control,unknown,0,0,0,FALSE,FALSE,FALSE,Clear,,TRUE,Road 1: 223 PIONEER DR; Vehicle #1     Make: KIA     Model: FLG     Colour: BLU     Style: 4D; Vehicle #2     Make: HYUN     Model: BGS     Colour: SIL     Style: 4D,4/9/2021 5:53:37 PM,545437.8999,4804687.375
49609,19207225,9/3/2019 6:23:00 PM,2019,9,3,18,23,0,Tuesday,540505.9743,4809536.488,-80.499482,43.437639,At/near private drive,2,P.D. only,Thru lane,unknown,unknown,SMV unattended vehicle,Unknown,Dusk,05 - Dusk,Municipal (excl. Twp. Rd.),No control,unknown,1,0,0,FALSE,FALSE,FALSE,Clear,,FALSE,Road 1: 32 PLEASANT AVE (50 km/h); Road 2: PLEASANT AVE; Distance: 7.0 M N; Vehicle #1     Make:      Model:      Colour:      Style: ; Vehicle #2     Make: GMC     Model: SIE     Colour: WHI     Style: PK,4/9/2021 5:54:48 PM,540505.9743,4809536.488
49610,19207265,9/3/2019 2:45:00 PM,2019,9,3,14,45,0,Tuesday,539568.1347,4811425.545,-80.510933,43.454699,Intersection related,2,Non-reportable,Thru lane,unknown,unknown,Angle,Unknown,Daylight,01 - Daylight,Municipal (excl. Twp. Rd.),Stop sign,Functioning,0,0,0,FALSE,FALSE,FALSE,Clear,,TRUE,Road 1: GREEN ST; Road 2: PARK ST; Vehicle #1     Make: MAZD     Model: M3S     Colour: SIL     Style: 4D; Vehicle #2     Make:      Model:      Colour:      Style:,4/9/2021 5:54:05 PM,539568.1347,4811425.545
49611,19207305,9/2/2019 4:00:00 PM,2019,9,2,16,0,0,Monday,539595.8842,4811856.004,-80.510559,43.458573,Intersection related,2,Non-reportable,Within intersection,unknown,unknown,SMV other,Unknown,Daylight,01 - Daylight,Municipal (excl. Twp. Rd.),Stop sign,Functioning,0,0,0,FALSE,FALSE,FALSE,Clear,,TRUE,Road 1: PINE ST; Road 2: HERBERT ST; Vehicle #1     Make: HOND     Model: UDY     Colour: GRY     Style: VN,4/9/2021 5:54:01 PM,539595.8842,4811856.004
49612,19207716,9/4/2019 9:23:00 AM,2019,9,4,9,23,0,Wednesday,548134.0099,4804531.712,-80.40567,43.392125,At/near private drive,2,P.D. only,Left turn lane,unknown,unknown,Turning movement,Unknown,Daylight,01 - Daylight,Municipal (excl. Twp. Rd.),No control,unknown,0,0,0,FALSE,FALSE,FALSE,Clear,,FALSE,Road 1: 299 DOON VALLEY DR (50 km/h); Road 2: DOON VALLEY DR; Distance: 5.0 M N; Vehicle #1     Make: CHEV     Model: CRU     Colour: WHI     Style: 4D; Vehicle #2     Make: HOND     Model: UCL     Colour: BLK     Style: 2D,4/9/2021 5:54:49 PM,548134.0099,4804531.712
49613,19207917,9/4/2019 12:30:00 PM,2019,9,4,12,30,0,Wednesday,545275.5435,4806434.414,-80.440806,43.409435,Intersection related,2,Non-reportable,Right turn channel,unknown,unknown,Rear end,Stop sign,Daylight,01 - Daylight,Municipal (excl. Twp. Rd.),Stop sign,Functioning,0,0,0,FALSE,FALSE,FALSE,Clear,,TRUE,Road 1: WILSON AVE; Road 2: WABANAKI DR; Vehicle #1     Make: RAM     Model: 150     Colour: BLU     Style: CW; Vehicle #2     Make: PONT     Model: VIB     Colour: GRY     Style: 4B,4/9/2021 5:54:04 PM,545275.5435,4806434.414
49614,19208206,9/4/2019 3:45:00 PM,2019,9,4,15,45,0,Wednesday,539942.8214,4808400.559,-80.506524,43.427442,Non intersection,2,P.D. only,Thru lane,unknown,unknown,SMV unattended vehicle,Unknown,Daylight,01 - Daylight,Municipal (excl. Twp. Rd.),No control,unknown,0,0,0,FALSE,FALSE,FALSE,Clear,,TRUE,Road 1: VILLAGE RD; Road 2: WESTMOUNT RD E; Distance: 20.0 M W; Vehicle #1     Make:      Model:      Colour:      Style: ; Vehicle #2     Make: INFI     Model: G35     Colour: WHI     Style: 2D,4/9/2021 5:53:13 PM,539942.8214,4808400.559
49615,19209050,9/5/2019 4:00:00 PM,2019,9,5,16,0,0,Thursday,539607.1923,4809633.891,-80.510581,43.438565,Non intersection,2,P.D. only,Thru lane,unknown,unknown,Sideswipe,Unknown,Daylight,01 - Daylight,Regional municipality,No control,unknown,0,0,0,FALSE,FALSE,FALSE,Clear,,TRUE,Road 1: LAWRENCE AVE; Road 2: WATERLOO REGIONAL RD 6; Vehicle #1     Make: JEEP     Model: PRT     Colour: BLK     Style: TY; Vehicle #2     Make: HOND     Model: CIV     Colour: SIL     Style: 4D,4/9/2021 5:53:03 PM,539607.1923,4809633.891
49616,19209095,9/5/2019 4:30:00 PM,2019,9,5,16,30,0,Thursday,541118.4449,4811686.55,-80.491752,43.456965,Non intersection,2,P.D. only,Thru lane,unknown,unknown,SMV other,Unknown,Daylight,01 - Daylight,Municipal (excl. Twp. Rd.),No control,unknown,0,0,0,FALSE,FALSE,FALSE,Clear,,TRUE,Road 1: 188 BREITHAUPT ST; Vehicle #1     Make: NISS     Model: A2B     Colour: WHI     Style: 4D,4/9/2021 5:53:40 PM,541118.4449,4811686.55
49617,19209198,9/5/2019 6:50:00 PM,2019,9,5,18,50,0,Thursday,545495.8986,4804747.105,-80.438225,43.394229,At/near private drive,2,P.D. only,Not on roadway - left side,unknown,unknown,SMV other,Unknown,Daylight,01 - Daylight,Municipal (excl. Twp. Rd.),No control,unknown,0,0,0,FALSE,FALSE,FALSE,Clear,,FALSE,Road 1: 237 UPPER CANADA DR (50 km/h); Road 2: UPPER CANADA DR; Distance: 2.0 M S; Vehicle #1     Make: GMC     Model: VND     Colour: WHI     Style: VN,4/9/2021 5:54:47 PM,545495.8986,4804747.105
49618,19209238,9/5/2019 7:30:00 PM,2019,9,5,19,30,0,Thursday,536868.8868,4808210.209,-80.544513,43.425885,At/near private drive,2,Non-reportable,Left turn lane,unknown,unknown,Sideswipe,Unknown,Dark,07 - Dark,Municipal (excl. Twp. Rd.),No control,unknown,0,0,0,FALSE,FALSE,FALSE,Clear,,TRUE,Road 1: 540 WESTFOREST TRAIL; Vehicle #1     Make: MAZD     Model: TRI     Colour: SIL     Style: TY; Vehicle #2     Make:      Model:      Colour:      Style:,4/9/2021 5:55:00 PM,536868.8867,4808210.209
49619,19209983,8/19/2019 2:00:00 PM,2019,8,19,14,0,0,Monday,540330.7629,4806681.66,-80.501858,43.411944,Non intersection,2,Non-reportable,Thru lane,unknown,unknown,SMV unattended vehicle,Unknown,Daylight,01 - Daylight,Municipal (excl. Twp. Rd.),No control,unknown,0,0,0,FALSE,FALSE,FALSE,Clear,,TRUE,Road 1: 88 RISTAU CRESCENT; Vehicle #1     Make:      Model:      Colour:      Style: ; Vehicle #2     Make: DODG     Model: RPC     Colour: BLK     Style: PK,4/9/2021 5:54:09 PM,540330.7629,4806681.661
49620,19211008,9/7/2019 4:00:00 PM,2019,9,7,16,0,0,Saturday,536912.2898,4807476.526,-80.544026,43.419277,Non intersection,2,Non-reportable,Thru lane,unknown,unknown,SMV other,Unknown,Daylight,01 - Daylight,Municipal (excl. Twp. Rd.),No control,unknown,0,0,0,FALSE,FALSE,FALSE,Clear,,TRUE,Road 1: 50 TIMBERLANE CRESCENT; Road 2: ROLLING MEADOWS DR; Vehicle #1     Make: DODG     Model: CAR     Colour: BLU     Style: VN,4/9/2021 5:53:42 PM,536912.2898,4807476.526
49621,19211030,9/7/2019 4:30:00 PM,2019,9,7,16,30,0,Saturday,545761.3612,4810530.582,-80.434462,43.446288,Non intersection,2,Non-reportable,Thru lane,unknown,unknown,Rear end,Unknown,Daylight,01 - Daylight,Municipal (excl. Twp. Rd.),No control,unknown,0,0,0,FALSE,FALSE,FALSE,Clear,,TRUE,Road 1: OLD CHICOPEE DR; Road 2: OLD FIELD DR KITCHENER; Vehicle #1     Make: HOND     Model: AXL     Colour: GRY     Style: 2D; Vehicle #2     Make:      Model:      Colour:      Style:,4/9/2021 5:53:43 PM,545761.3612,4810530.582
49622,19211581,9/8/2019 8:45:00 AM,2019,9,8,8,45,0,Sunday,543483.2431,4804786.912,-80.463073,43.394707,Non intersection,2,P.D. only,Right shoulder,unknown,unknown,SMV unattended vehicle,Unknown,Daylight,01 - Daylight,Municipal (excl. Twp. Rd.),No control,unknown,0,0,0,FALSE,FALSE,FALSE,Clear,,TRUE,Road 1: 512 NORTHBROOK PLACE; Vehicle #1     Make: NISS     Model: FRT     Colour: BLK     Style: CW; Vehicle #2     Make: CHEV     Model: CZT     Colour: GRY     Style: 4D,4/9/2021 5:53:24 PM,543483.2431,4804786.912
49623,19212488,9/9/2019 11:45:00 AM,2019,9,9,11,45,0,Monday,541864.2186,4812086.998,-80.482504,43.46053,At/near private drive,2,P.D. only,Thru lane,unknown,unknown,Other,Unknown,Daylight,01 - Daylight,Regional municipality,No control,unknown,0,0,0,FALSE,FALSE,FALSE,Clear,,TRUE,Road 1: BREITHAUPT ST; Road 2: LANCASTER ST W; Vehicle #1     Make: NISS     Model: CXT     Colour: SIL     Style: TY; Vehicle #2     Make: HYUN     Model: TUC     Colour: BLU     Style: TY,4/9/2021 5:54:52 PM,541864.2186,4812086.998
49624,19212576,9/8/2019 6:45:00 PM,2019,9,8,18,45,0,Sunday,540634.9652,4810366.645,-80.497827,43.445107,Non intersection,2,P.D. only,Thru lane,unknown,unknown,SMV unattended vehicle,Unknown,Daylight,01 - Daylight,Municipal (excl. Twp. Rd.),No control,unknown,0,0,0,FALSE,FALSE,FALSE,Clear,,TRUE,Road 1: SCHNEIDER AVE (IFO 67); Vehicle #1     Make:      Model:      Colour:      Style: ; Vehicle #2     Make: HOND     Model: FKG     Colour: BLU     Style: 4B,4/9/2021 5:53:13 PM,540634.9652,4810366.645
49625,19212652,9/9/2019 3:00:00 PM,2019,9,9,15,0,0,Monday,539972.6104,4810989.923,-80.505966,43.450755,Intersection related,2,P.D. only,Thru lane,unknown,unknown,Rear end,Unknown,Daylight,01 - Daylight,Municipal (excl. Twp. Rd.),Stop sign,Functioning,0,0,0,FALSE,FALSE,FALSE,Clear,,TRUE,Road 1: PARK ST; Road 2: STEWART ST; Distance:  N; Vehicle #1     Make: TOYT     Model: CIE     Colour: GRY     Style: VN; Vehicle #2     Make: BMW     Model: XI5     Colour: WHI     Style: 4D,4/9/2021 5:53:59 PM,539972.6104,4810989.924
49626,19213225,9/5/2019 3:55:00 PM,2019,9,5,15,55,0,Thursday,543039.7644,4814144.185,-80.46781,43.478986,Non intersection,2,Non-reportable,Right shoulder,unknown,unknown,SMV unattended vehicle,Unknown,Daylight,01 - Daylight,Municipal (excl. Twp. Rd.),No control,unknown,0,0,0,FALSE,FALSE,FALSE,Clear,,TRUE,Road 1: STANLEY AVE; Road 2: TAGGE ST; Vehicle #1     Make: INTL     Model: PB1     Colour: YEL     Style: BU; Vehicle #2     Make: PONT     Model: G5T     Colour: BLU     Style: 2D,4/9/2021 5:54:06 PM,543039.7644,4814144.185
49627,19214154,9/11/2019 9:00:00 AM,2019,9,11,9,0,0,Wednesday,545809.5922,4803015.296,-80.434496,43.378617,Other,1,Non-fatal injury,Off highway,unknown,unknown,Other,Unknown,Daylight,01 - Daylight,Municipal (excl. Twp. Rd.),No control,unknown,0,0,0,FALSE,TRUE,FALSE,Clear,,FALSE,Road 1: 551 ROBERT FERRIE DR; Road 2: ROBERT FERRIE DR; Vehicle #1     Make: NISS     Model: PFI     Colour: WHI     Style: TY; Vehicle #2     Make: PETE     Model:      Colour:      Style: BIC,4/9/2021 5:55:05 PM,545809.5922,4803015.296
49628,19214249,9/11/2019 11:45:00 AM,2019,9,11,11,45,0,Wednesday,543438.306,4805626.287,-80.463561,43.402268,Non intersection,2,P.D. only,Thru lane,unknown,unknown,Sideswipe,Unknown,Daylight,01 - Daylight,Municipal (excl. Twp. Rd.),No control,unknown,0,0,0,FALSE,FALSE,FALSE,Clear,,TRUE,Road 1: TRILLIUM DR; Road 2: ADAM FERRIE PL; Vehicle #1     Make: FORD     Model: EDG     Colour: BLK     Style: TY; Vehicle #2     Make: FRHT     Model: CSC     Colour: RED     Style: CT,4/9/2021 5:53:40 PM,543438.306,4805626.287
49629,19214657,9/11/2019 7:30:00 PM,2019,9,11,19,30,0,Wednesday,543073.3168,4812801.71,-80.467502,43.466896,Intersection related,2,P.D. only,Within intersection,unknown,unknown,Rear end,Unknown,Dusk,05 - Dusk,Municipal (excl. Twp. Rd.),unknown,Functioning,0,0,0,FALSE,FALSE,FALSE,Rain,,TRUE,Road 1: SHIRLEY AVE; Road 2: RIVERBEND; Vehicle #1     Make: CHEV     Model: EQU     Colour: WHI     Style: TY; Vehicle #2     Make: KIA     Model: RIE     Colour: BLK     Style: 4B,4/9/2021 5:54:00 PM,543073.3168,4812801.71
49630,19215293,9/12/2019 3:24:00 PM,2019,9,12,15,24,0,Thursday,539020.3973,4810305.048,-80.517784,43.444639,At/near private drive,2,P.D. only,Not on roadway - left side,unknown,unknown,SMV other,Unknown,Daylight,01 - Daylight,Municipal (excl. Twp. Rd.),No control,unknown,0,0,0,FALSE,FALSE,FALSE,Clear,,FALSE,Road 1: 76  BRYBECK CRES (50 km/h); Road 2: BRYBECK CRES; Distance: 5.0 K E; Vehicle #1     Make: FORD     Model: SPE     Colour: RED     Style: TY,4/9/2021 5:54:40 PM,539020.3973,4810305.048
49631,19215411,9/12/2019 5:30:00 PM,2019,9,12,17,30,0,Thursday,545234.1304,4808099.729,-80.441179,43.424432,At intersection,2,P.D. only,Within intersection,unknown,unknown,Angle,Unknown,Daylight,01 - Daylight,Municipal (excl. Twp. Rd.),Stop sign,Functioning,0,0,0,FALSE,FALSE,FALSE,Clear,,TRUE,Road 1: GREENFIELD AVE; Road 2: KINGSWAY DR; Vehicle #1     Make: TOYT     Model: CBS     Colour: WHI     Style: 4D; Vehicle #2     Make: TOYT     Model: CYR     Colour: SIL     Style: 4B,4/9/2021 5:54:22 PM,545234.1304,4808099.729