OBJECTID,ACCIDENTNUM,ACCIDENTDATE,ACCIDENT_YEAR,ACCIDENT_MONTH,ACCIDENT_DAY,ACCIDENT_HOUR,ACCIDENT_MINUTE,ACCIDENT_SECOND,ACCIDENT_WEEKDAY,XCOORD,YCOORD,LONGITUDE,LATITUDE,ACCIDENTLOCATION,COLLISIONTYPE,CLASSIFICATIONOFACCIDENT,IMPACTLOCATION,INITIALDIRECTIONOFTRAVELONE,INITIALDIRECTIONOFTRAVELTWO,INITIALIMPACTTYPE,INTTRAFFICCONTROL,LIGHT,LIGHTFORREPORT,ROADJURISDICTION,TRAFFICCONTROL,TRAFFICCONTROLCONDITION,THRULANENO,NORTHBOUNDDISOBEYCOUNT,SOUTHBOUNDDISOBEYCOUNT,PEDESTRIANINVOLVED,CYCLISTINVOLVED,MOTORCYCLISTINVOLVED,ENVIRONMENTCONDITION1,ENVIRONMENTCONDITION2,SELFREPORTED,XMLIMPORTNOTES,LASTEDITEDDATE,x,y
49632,19215566,9/12/2019 5:10:00 PM,2019,9,12,17,10,0,Thursday,548583.3309,4806624.864,-80.399936,43.410943,At intersection,2,P.D. only,Within intersection,unknown,unknown,Angle,Unknown,Daylight,01 - Daylight,Regional municipality,unknown,unknown,0,0,0,FALSE,FALSE,FALSE,Clear,,TRUE,Road 1: DEER RIDGE DR; Road 2: KING ST; Vehicle #1     Make: NISS     Model: VSL     Colour: WHI     Style: 4B; Vehicle #2     Make: AUDI     Model: 41Q     Colour: GRY     Style: 4D,8/16/2022 3:00:05 PM,548583.3309,4806624.864
49633,19216201,9/13/2019 2:45:00 PM,2019,9,13,14,45,0,Friday,544196.959,4813244.965,-80.453575,43.470822,Intersection related,2,P.D. only,Thru lane,unknown,unknown,Other,Unknown,Daylight,01 - Daylight,Municipal (excl. Twp. Rd.),Stop sign,unknown,0,0,0,FALSE,FALSE,FALSE,Clear,,TRUE,Road 1: BINGEMANS CENTRE DR; Road 2: SHIRLEY AVE; Vehicle #1     Make: FRHT     Model: CON     Colour: RED     Style: CT; Vehicle #2     Make: GMC     Model: SAV     Colour: WHI     Style: VN; Vehicle #3     Make: DODG     Model: CJO     Colour: GRY     S,4/9/2021 5:54:00 PM,544196.959,4813244.965
49634,19216244,9/13/2019 3:40:00 PM,2019,9,13,15,40,0,Friday,545127.2627,4807641.542,-80.442537,43.420313,Non intersection,2,P.D. only,Thru lane,unknown,unknown,Sideswipe,Unknown,Daylight,01 - Daylight,Regional municipality,No control,unknown,0,0,0,FALSE,FALSE,FALSE,Clear,,TRUE,Road 1: WILSON AVE; Road 2: FAIRWAY RD; Vehicle #1     Make: DODG     Model: JOU     Colour: SIL     Style: TY; Vehicle #2     Make: SMRT     Model: SMP     Colour: RED     Style: 2D,4/9/2021 5:53:27 PM,545127.2627,4807641.542
49635,19216527,9/13/2019 9:35:00 PM,2019,9,13,21,35,0,Friday,542011.2748,4804497.052,-80.48127,43.392181,Non intersection,1,Non-fatal injury,Thru lane,unknown,unknown,SMV other,Unknown,"Dark, artificial","08 - Dark, artificial",Municipal (excl. Twp. Rd.),No control,unknown,1,0,0,FALSE,FALSE,FALSE,Rain,,FALSE,Road 1: 405 WOODBINE AVE (50 km/h); Road 2: WOODBINE AVE; Distance: 20.0 K W; Vehicle #1     Make:      Model: ATV     Colour:      Style: ATV,4/9/2021 5:53:02 PM,542011.2748,4804497.052
49636,19216953,9/14/2019 12:15:00 PM,2019,9,14,12,15,0,Saturday,545126.4007,4807650.339,-80.442547,43.420392,At/near private drive,2,P.D. only,Thru lane,unknown,unknown,Angle,Unknown,Daylight,01 - Daylight,Regional municipality,No control,unknown,0,0,0,FALSE,FALSE,FALSE,Clear,,TRUE,Road 1: WILSON AVE; Road 2: FAIRWAY RD; Vehicle #1     Make: AUDI     Model: N4A     Colour: BLK     Style: SW; Vehicle #2     Make: PONT     Model: SSL     Colour: GRY     Style: 4D,4/9/2021 5:54:48 PM,545126.4007,4807650.339
49637,19217861,9/14/2019 9:20:00 AM,2019,9,14,9,20,0,Saturday,541168.5117,4810840.236,-80.491197,43.449342,Non intersection,2,Non-reportable,Thru lane,unknown,unknown,Other,Unknown,Daylight,01 - Daylight,Regional municipality,No control,unknown,0,0,0,FALSE,FALSE,FALSE,Clear,,TRUE,Road 1: 77 ONTARIO ST S; Vehicle #1     Make: FORD     Model: COF     Colour: GRN     Style: PK; Vehicle #2     Make:      Model:      Colour:      Style:,4/9/2021 5:53:43 PM,541168.5117,4810840.236
49638,19218013,9/15/2019 1:00:00 PM,2019,9,15,13,0,0,Sunday,546756.8901,4809899.732,-80.422214,43.440546,At/near private drive,2,P.D. only,Right shoulder,unknown,unknown,SMV unattended vehicle,Unknown,Daylight,01 - Daylight,Municipal (excl. Twp. Rd.),No control,unknown,0,0,0,FALSE,FALSE,FALSE,Clear,,TRUE,Road 1: 314 BRIARMEADOWS DRIVE (IN FRONT OF 314 BRIARMEADOWS DR); Road 2: BRIARMEADOWS DRIVE; Vehicle #1     Make:      Model:      Colour:      Style: ; Vehicle #2     Make: CHRY     Model: SEBR     Colour:      Style: 4DO,4/9/2021 5:54:35 PM,546756.8901,4809899.732
49639,19218024,9/14/2019 10:30:00 PM,2019,9,14,22,30,0,Saturday,542598.8371,4807332.753,-80.473794,43.417681,Non intersection,2,Non-reportable,Thru lane,unknown,unknown,SMV other,Unknown,Dark,07 - Dark,Municipal (excl. Twp. Rd.),No control,unknown,0,0,0,FALSE,FALSE,FALSE,Clear,,TRUE,Road 1: BLOCK LINE RD; Road 2: KINGSWOOD DR; Vehicle #1     Make: HYUN     Model: ASG     Colour: BLU     Style: 4D,4/9/2021 5:53:43 PM,542598.8371,4807332.753
49640,19218029,9/15/2019 1:10:00 PM,2019,9,15,13,10,0,Sunday,541735.7509,4810349.893,-80.484225,43.444896,Non intersection,2,P.D. only,Right shoulder,unknown,unknown,SMV unattended vehicle,Unknown,Daylight,01 - Daylight,Municipal (excl. Twp. Rd.),No control,unknown,0,0,0,FALSE,FALSE,FALSE,Clear,,TRUE,Road 1: 155 CHURCH ST; Vehicle #1     Make: TOYT     Model: RV4     Colour: BLU     Style: TY; Vehicle #2     Make: CHEV     Model: S1L     Colour: WHI     Style: 4B,4/9/2021 5:53:32 PM,541735.7509,4810349.893
49641,19218389,9/16/2019 8:38:00 AM,2019,9,16,8,38,0,Monday,541874.6785,4810743.788,-80.482478,43.448435,Intersection related,1,Non-fatal injury,Within intersection,unknown,unknown,Angle,Unknown,Daylight,01 - Daylight,Regional municipality,unknown,Functioning,0,0,0,FALSE,FALSE,FALSE,Clear,,FALSE,Road 1: DUKE ST E (50 km/h); Road 2: CEDAR ST N (50 km/h); Vehicle #1     Make: SAA     Model: 93T     Colour: GRY     Style: 4D; Vehicle #2     Make: NFLY     Model: D8D     Colour: WHI     Style: BU,4/9/2021 5:53:51 PM,541874.6784,4810743.788
49642,19218620,9/15/2019 7:00:00 AM,2019,9,15,7,0,0,Sunday,544833.3727,4810029.188,-80.445972,43.441829,Non intersection,2,Non-reportable,Thru lane,unknown,unknown,SMV other,Unknown,Daylight,01 - Daylight,Municipal (excl. Twp. Rd.),No control,unknown,0,0,0,FALSE,FALSE,FALSE,Clear,,TRUE,Road 1: KENNETH AVE; Road 2: FRANKLIN ST N; Vehicle #1     Make: CHEV     Model: EQU     Colour: BLU     Style: TY,4/9/2021 5:53:41 PM,544833.3727,4810029.188
49643,19218753,9/16/2019 3:15:00 PM,2019,9,16,15,15,0,Monday,545273.967,4806433.467,-80.440825,43.409427,At intersection,2,Non-reportable,Within intersection,unknown,unknown,Rear end,Stop sign,Daylight,01 - Daylight,Regional municipality,Stop sign,unknown,0,0,0,FALSE,FALSE,FALSE,Clear,,TRUE,Road 1: WILSON AVE; Road 2: WABANAKI RD; Vehicle #1     Make: TOYT     Model: UVL     Colour: GRY     Style: 4D; Vehicle #2     Make:      Model:      Colour:      Style:,4/9/2021 5:54:21 PM,545273.967,4806433.467
49644,19218841,9/15/2019 5:30:00 AM,2019,9,15,5,30,0,Sunday,546558.5622,4809765.512,-80.424676,43.43935,At/near private drive,2,P.D. only,Thru lane,unknown,unknown,SMV unattended vehicle,Unknown,Dark,07 - Dark,Municipal (excl. Twp. Rd.),No control,unknown,0,0,0,FALSE,FALSE,FALSE,Clear,,TRUE,Road 1: 57 SANDWELL CRT; Vehicle #1     Make:      Model:      Colour:      Style: ; Vehicle #2     Make: TOYT     Model: HIG     Colour: GRY     Style: TY,4/9/2021 5:54:33 PM,546558.5622,4809765.512
49645,19219450,9/17/2019 8:20:00 AM,2019,9,17,8,20,0,Tuesday,543131.5371,4805305.967,-80.467374,43.399401,Non intersection,2,P.D. only,Thru lane,unknown,unknown,Turning movement,Unknown,Daylight,01 - Daylight,Municipal (excl. Twp. Rd.),No control,unknown,0,0,0,FALSE,FALSE,FALSE,Clear,,TRUE,Road 1: STRASSBURG RD; Road 2: BATTLER RD; Vehicle #1     Make: NISS     Model: ROG     Colour: BLK     Style: TY; Vehicle #2     Make: TOYT     Model: PRC     Colour: BRN     Style: 4B,4/9/2021 5:53:34 PM,543131.5371,4805305.967
49646,19219461,9/17/2019 8:30:00 AM,2019,9,17,8,30,0,Tuesday,539302.9304,4805637.12,-80.514628,43.402593,Non intersection,2,P.D. only,Thru lane,unknown,unknown,SMV unattended vehicle,Unknown,Daylight,01 - Daylight,Municipal (excl. Twp. Rd.),No control,unknown,0,0,0,FALSE,FALSE,FALSE,Clear,,TRUE,Road 1: ACTIVA AVE; Road 2: HENHOEFFER CRESCENT; Vehicle #1     Make: TOYT     Model: CBL     Colour: GLD     Style: 4D; Vehicle #2     Make: DODG     Model: CAR     Colour: GLD     Style: VN,4/9/2021 5:53:33 PM,539302.9304,4805637.12
49647,19219531,9/16/2019 4:30:00 PM,2019,9,16,16,30,0,Monday,541068,4811108,0,0,Non intersection,2,Non-reportable,Thru lane,unknown,unknown,SMV unattended vehicle,Unknown,Daylight,01 - Daylight,Municipal (excl. Twp. Rd.),No control,unknown,0,0,0,FALSE,FALSE,FALSE,Clear,,TRUE,Road 1: 43 PIETER VOS DRIVE (IN FRONT OF 43 PIETER VOS DR); Road 2: PIETER VOS DR; Vehicle #1     Make:      Model:      Colour:      Style: ; Vehicle #2     Make: JEEP     Model: CHK     Colour: RED     Style: TY,4/9/2021 5:52:59 PM,541068,4811108
49648,19219689,9/17/2019 3:45:00 PM,2019,9,17,15,45,0,Tuesday,542583.2139,4804040.904,-80.474244,43.388042,At intersection,2,P.D. only,Within intersection,unknown,unknown,Turning movement,Unknown,Daylight,01 - Daylight,Municipal (excl. Twp. Rd.),Stop sign,unknown,0,0,0,FALSE,FALSE,FALSE,Clear,,TRUE,Road 1: FEATHERSTONE ST; Road 2: FEATHERSTONE CRESCENT; Vehicle #1     Make: LEXS     Model: RX0     Colour: BLK     Style: TY; Vehicle #2     Make: CHEV     Model: EXP     Colour: GRN     Style: FV,4/9/2021 5:54:26 PM,542583.2139,4804040.904
49649,19219759,9/17/2019 5:15:00 PM,2019,9,17,17,15,0,Tuesday,541517.7619,4811214.06,-80.486853,43.452689,At intersection,1,Non-fatal injury,Thru lane,unknown,unknown,Angle,Unknown,Daylight,01 - Daylight,Regional municipality,Stop sign,Functioning,1,0,0,FALSE,FALSE,FALSE,Clear,,FALSE,Road 1: QUEEN ST N (50 km/h); Road 2: ROY ST (50 km/h); Distance: 10.0 M N; Vehicle #1     Make: HYUN     Model: HEL     Colour: BLK     Style: 4D; Vehicle #2     Make: TOYT     Model: PRI     Colour: GRY     Style: 4B,4/9/2021 5:54:15 PM,541517.7619,4811214.06
49650,19219927,9/14/2019 2:00:00 PM,2019,9,14,14,0,0,Saturday,545556.4996,4810544.847,-80.436993,43.446429,At/near private drive,2,Non-reportable,Thru lane,unknown,unknown,SMV unattended vehicle,Unknown,Daylight,01 - Daylight,Municipal (excl. Twp. Rd.),No control,unknown,0,0,0,FALSE,FALSE,FALSE,Clear,,TRUE,Road 1: 84 KENORA DR; Vehicle #1     Make:      Model:      Colour:      Style: ; Vehicle #2     Make: FORD     Model: FLE     Colour: GRY     Style: TY,4/9/2021 5:54:58 PM,545556.4996,4810544.847
49651,19220142,9/17/2019 7:45:00 PM,2019,9,17,19,45,0,Tuesday,542405.6387,4806619.761,-80.476236,43.411272,At intersection,2,Non-reportable,Thru lane,unknown,unknown,Rear end,Unknown,Dusk,05 - Dusk,Municipal (excl. Twp. Rd.),unknown,Functioning,0,0,0,FALSE,FALSE,FALSE,Clear,,TRUE,Road 1: STRASSBURG RD; Road 2: OLD COUNTRY DR KITCHENER; Vehicle #1     Make: SUBA     Model: OBK     Colour: BLK     Style: TY; Vehicle #2     Make:      Model:      Colour:      Style:,4/9/2021 5:54:28 PM,542405.6387,4806619.761
49652,19220408,9/18/2019 1:00:00 PM,2019,9,18,13,0,0,Wednesday,539199.5826,4809083.94,-80.515657,43.433634,Intersection related,2,P.D. only,Thru lane,unknown,unknown,Angle,Unknown,Daylight,01 - Daylight,Municipal (excl. Twp. Rd.),Stop sign,Functioning,0,0,0,FALSE,FALSE,FALSE,Clear,,TRUE,Road 1: CECILE DR; Road 2: OVERLEA DR; Vehicle #1     Make: FORD     Model: SPE     Colour: WHI     Style: TY; Vehicle #2     Make: CADI     Model: ESC     Colour: WHI     Style: TY,4/9/2021 5:54:02 PM,539199.5826,4809083.941
49653,19220711,9/17/2019 8:19:00 PM,2019,9,17,20,19,0,Tuesday,545035.0053,4807868.599,-80.443658,43.422363,Intersection related,2,Non-reportable,Right turn lane,unknown,unknown,Sideswipe,Unknown,Dark,07 - Dark,Municipal (excl. Twp. Rd.),Traffic signal,Functioning,0,0,0,FALSE,FALSE,FALSE,Clear,,TRUE,Road 1: WILSON AVE; Road 2: KINGSWAY DR; Vehicle #1     Make:      Model:      Colour:      Style: ; Vehicle #2     Make: TOYT     Model: FRS     Colour: GRY     Style: 2D,4/9/2021 5:54:03 PM,545035.0053,4807868.599
49654,19221370,9/17/2019 9:30:00 PM,2019,9,17,21,30,0,Tuesday,542574.2674,4806901.182,-80.474131,43.413796,Non intersection,2,P.D. only,Right shoulder,unknown,unknown,SMV unattended vehicle,Unknown,Dark,07 - Dark,Municipal (excl. Twp. Rd.),No control,unknown,0,0,0,FALSE,FALSE,FALSE,Clear,,TRUE,Road 1: 70 HILLSIDE DR (IN FRONT OF 70 HILLSIDE DR); Road 2: HILLSIDE DR; Vehicle #1     Make:      Model:      Colour:      Style: ; Vehicle #2     Make: HOND     Model: CXG     Colour: BLK     Style: 4D,4/9/2021 5:53:35 PM,542574.2674,4806901.182
49655,19221398,9/19/2019 2:45:00 PM,2019,9,19,14,45,0,Thursday,547601.4437,4803883.858,-80.412302,43.386326,Non intersection,2,P.D. only,Thru lane,unknown,unknown,Sideswipe,Unknown,Daylight,01 - Daylight,Municipal (excl. Twp. Rd.),No control,unknown,0,0,0,FALSE,FALSE,FALSE,Clear,,TRUE,Road 1: CONESTOGA COLLEGE BLVD; Road 2: HOMER WATSON BLVD; Vehicle #1     Make: INFI     Model: G35     Colour: GRY     Style: 2D; Vehicle #2     Make: HYUN     Model: ESS     Colour: WHI     Style: 4D,8/16/2022 2:55:46 PM,547601.4437,4803883.858
49656,19221431,9/19/2019 8:00:00 AM,2019,9,19,8,0,0,Thursday,542330.7058,4806521.821,-80.477169,43.410394,At/near private drive,2,P.D. only,Thru lane,unknown,unknown,SMV unattended vehicle,Unknown,Daylight,01 - Daylight,Municipal (excl. Twp. Rd.),No control,unknown,0,0,0,FALSE,FALSE,FALSE,Clear,,TRUE,Road 1: 131 THE COUNTRY WAY; Road 2: SETTLERS DR; Vehicle #1     Make: HOND     Model: FIL     Colour: GRY     Style: 4B; Vehicle #2     Make: MAZD     Model: 3TR     Colour: RED     Style: 4D,4/9/2021 5:54:55 PM,542330.7058,4806521.821
49657,19221435,9/19/2019 3:37:00 PM,2019,9,19,15,37,0,Thursday,544754.3633,4808024.686,-80.447112,43.423785,Intersection related,1,Non-fatal injury,Within intersection,unknown,unknown,Rear end,Unknown,Daylight,01 - Daylight,Municipal (excl. Twp. Rd.),Traffic signal,Functioning,0,0,0,FALSE,FALSE,FALSE,Clear,,FALSE,Road 1: WILSON AVE (50 km/h); Road 2: TRAYNOR AVE (50 km/h); Vehicle #1     Make: DODG     Model: CAR     Colour: RED     Style: VN; Vehicle #2     Make: HYUN     Model: SAN     Colour: WHI     Style: TY,4/9/2021 5:53:50 PM,544754.3633,4808024.686
49658,19221546,9/19/2019 5:58:00 PM,2019,9,19,17,58,0,Thursday,546556.9281,4806772.735,-80.424951,43.412403,At/near private drive,2,P.D. only,Not on roadway - left side,unknown,unknown,SMV other,Unknown,Daylight,01 - Daylight,Municipal (excl. Twp. Rd.),No control,unknown,0,0,0,FALSE,FALSE,FALSE,Clear,,FALSE,Road 1: 2231 HIDDEN VALLEY CRESCENT (50 km/h); Road 2: HIDDEN VALLEY CRES; Distance: 2.0 M E; Vehicle #1     Make: FORD     Model: MG3     Colour: BLK     Style: 2D,4/9/2021 5:54:41 PM,546556.9281,4806772.735
49659,19221700,9/19/2019 3:55:00 PM,2019,9,19,15,55,0,Thursday,544910.6645,4811013.69,-80.444935,43.450689,Non intersection,2,P.D. only,Thru lane,unknown,unknown,Turning movement,Unknown,Daylight,01 - Daylight,Regional municipality,No control,unknown,0,0,0,FALSE,FALSE,FALSE,Clear,,TRUE,Road 1: OTTAWA ST N  KITCHENER; Road 2: RIVER RD S; Vehicle #1     Make: SUBA     Model: SWI     Colour: BLU     Style: 4D; Vehicle #2     Make:      Model:      Colour:      Style:,8/16/2022 3:02:49 PM,544910.6645,4811013.69
49660,19221708,9/19/2019 4:00:00 PM,2019,9,19,16,0,0,Thursday,545927.4391,4802982.012,-80.433044,43.37831,Intersection related,2,P.D. only,Thru lane,unknown,unknown,Angle,Unknown,Daylight,01 - Daylight,Municipal (excl. Twp. Rd.),unknown,Functioning,0,0,0,FALSE,FALSE,FALSE,Clear,,TRUE,Road 1: DOON S DR; Road 2: ROBERT FERRIE DR; Vehicle #1     Make: HOND     Model: CLL     Colour: BLK     Style: 4D; Vehicle #2     Make: HYUN     Model: SFT     Colour: WHI     Style: TY,4/9/2021 5:54:01 PM,545927.4391,4802982.012
49661,19221716,9/18/2019 5:40:00 PM,2019,9,18,17,40,0,Wednesday,539058.9154,4806886.854,-80.517552,43.413859,Intersection related,2,P.D. only,Thru lane,unknown,unknown,Rear end,Unknown,Daylight,01 - Daylight,Municipal (excl. Twp. Rd.),Stop sign,Functioning,0,0,0,FALSE,FALSE,FALSE,Clear,,TRUE,Road 1: WAKE ROBIN DR; Road 2: INTERNATIONAL PL; Vehicle #1     Make: FORD     Model: SPE     Colour: GRY     Style: TY; Vehicle #2     Make: LEXS     Model: NXT     Colour: RED     Style: TY,4/9/2021 5:53:52 PM,539058.9154,4806886.855
49662,19221732,9/17/2019 4:00:00 PM,2019,9,17,16,0,0,Tuesday,545112.0669,4804620.919,-80.442974,43.393116,Non intersection,2,P.D. only,Thru lane,unknown,unknown,Rear end,Unknown,Daylight,01 - Daylight,Municipal (excl. Twp. Rd.),No control,unknown,0,0,0,FALSE,FALSE,FALSE,Clear,,TRUE,Road 1: 783 DOON VILLAGE RD; Road 2: BECHTEL DR; Vehicle #1     Make: TOYT     Model: MTL     Colour: GRY     Style: 4D; Vehicle #2     Make: HYUN     Model: EGS     Colour: GRY     Style: SW,4/9/2021 5:53:37 PM,545112.0669,4804620.919
49663,19221734,9/18/2019 9:00:00 PM,2019,9,18,21,0,0,Wednesday,540217.9578,4805818.975,-80.503315,43.404182,At intersection,2,Non-reportable,Within intersection,unknown,unknown,Angle,Unknown,Dark,07 - Dark,Municipal (excl. Twp. Rd.),unknown,Functioning,0,0,0,FALSE,FALSE,FALSE,Clear,,TRUE,Road 1: COMMONWEALTH ST; Road 2: MAX BECKER DR; Vehicle #1     Make: VOLK     Model: JBS     Colour: BLK     Style: 4D; Vehicle #2     Make:      Model:      Colour:      Style:,4/9/2021 5:54:29 PM,540217.9578,4805818.975
49664,19222467,9/20/2019 6:30:00 PM,2019,9,20,18,30,0,Friday,544916.874,4805085.486,-80.445346,43.397311,At/near private drive,2,P.D. only,Thru lane,unknown,unknown,SMV unattended vehicle,Unknown,Daylight,01 - Daylight,Municipal (excl. Twp. Rd.),No control,unknown,1,0,0,FALSE,FALSE,FALSE,Clear,,FALSE,Road 1: 25 UPPER CANADA DR (50 km/h); Road 2: UPPER CANADA DR; Distance: 40.0 M N; Vehicle #1     Make: JEEP     Model: WRA     Colour: BLK     Style: TY; Vehicle #2     Make: BMW     Model: 28X     Colour: SIL     Style: 4D,4/9/2021 5:54:35 PM,544916.874,4805085.486
49665,19222488,9/20/2019 6:50:00 PM,2019,9,20,18,50,0,Friday,543599.5211,4808401.617,-80.461348,43.427247,Intersection related,2,P.D. only,Thru lane,unknown,unknown,Angle,Unknown,Daylight,01 - Daylight,Municipal (excl. Twp. Rd.),Stop sign,Functioning,0,0,0,FALSE,FALSE,FALSE,Clear,,TRUE,Road 1: MASSEY AVE; Road 2: BONIFACE AVE; Vehicle #1     Make: MERZ     Model: C30     Colour: WHI     Style: 4D; Vehicle #2     Make:      Model:      Colour:      Style:,4/9/2021 5:54:03 PM,543599.5211,4808401.617
49666,19223130,9/20/2019 12:20:00 PM,2019,9,20,12,20,0,Friday,539080.5328,4811110.562,-80.516983,43.451888,At intersection,2,Non-reportable,Thru lane,unknown,unknown,Sideswipe,Unknown,Daylight,01 - Daylight,Municipal (excl. Twp. Rd.),Traffic signal,Functioning,0,0,0,FALSE,FALSE,FALSE,Clear,,TRUE,Road 1: GLASGOW ST; Road 2: BELMONT AVE W; Distance: 6.0 M; Vehicle #1     Make: NISS     Model: A2B     Colour: SIL     Style: 4D; Vehicle #2     Make:      Model:      Colour:      Style:,4/9/2021 5:54:30 PM,539080.5328,4811110.562
49667,19223153,9/20/2019 12:00:00 PM,2019,9,20,12,0,0,Friday,541476.4052,4809172.191,-80.487519,43.434306,Non intersection,2,Non-reportable,Thru lane,unknown,unknown,SMV unattended vehicle,Unknown,Daylight,01 - Daylight,Municipal (excl. Twp. Rd.),No control,unknown,0,0,0,FALSE,FALSE,FALSE,Clear,,TRUE,Road 1: 70 HEIMAN ST; Vehicle #1     Make:      Model:      Colour:      Style: ; Vehicle #2     Make: HOND     Model: UDY     Colour: BLU     Style: VN,4/9/2021 5:54:06 PM,541476.4052,4809172.191
49668,19223155,9/20/2019 4:50:00 AM,2019,9,20,4,50,0,Friday,545860.5787,4805531.633,-80.433656,43.401271,Non intersection,2,Non-reportable,Thru lane,unknown,unknown,SMV other,Unknown,Dark,07 - Dark,Regional municipality,No control,unknown,0,0,0,FALSE,FALSE,FALSE,Clear,,TRUE,Road 1: HURON RD; Road 2: MILL PARK DR; Vehicle #1     Make: TOYT     Model: UCS     Colour: RED     Style: 4D,4/9/2021 5:53:39 PM,545860.5787,4805531.633
49669,19223160,9/20/2019 4:00:00 PM,2019,9,20,16,0,0,Friday,540745.7595,4808829.814,-80.496572,43.431264,Intersection related,2,Non-reportable,Thru lane,unknown,unknown,Rear end,Unknown,Daylight,01 - Daylight,Regional municipality,Traffic signal,unknown,0,0,0,FALSE,FALSE,FALSE,Clear,,TRUE,Road 1: STIRLING AVE S; Road 2: HOMER WATSON BLVD; Vehicle #1     Make: SUBA     Model: 9G2     Colour: RED     Style: 2D; Vehicle #2     Make:      Model:      Colour:      Style:,4/9/2021 5:53:53 PM,540745.7595,4808829.814
49670,19223897,9/20/2019 6:00:00 PM,2019,9,20,18,0,0,Friday,541880.1471,4807019.789,-80.482696,43.414903,Non intersection,2,Non-reportable,Thru lane,unknown,unknown,SMV unattended vehicle,Unknown,Daylight,01 - Daylight,Municipal (excl. Twp. Rd.),No control,unknown,0,0,0,FALSE,FALSE,FALSE,Clear,,TRUE,Road 1: 65 BLACKHORNE DR; Vehicle #1     Make:      Model:      Colour:      Style: ; Vehicle #2     Make: MITS     Model: LST     Colour: BLK     Style: 4D,4/9/2021 5:54:07 PM,541880.1471,4807019.789
49671,19224048,9/22/2019 2:25:00 PM,2019,9,22,14,25,0,Sunday,549194.1947,4806305.4,-80.392421,43.408027,At/near private drive,1,Non-fatal injury,Thru lane,unknown,unknown,Angle,Unknown,Daylight,01 - Daylight,Municipal (excl. Twp. Rd.),No control,unknown,1,0,0,FALSE,FALSE,FALSE,Clear,,FALSE,Road 1: 65 GATEWAY PARK DR (50 km/h); Road 2: GATEWAY PARK DR; Distance: 4.0 M W; Vehicle #1     Make: JEEP     Model: CHE     Colour: RED     Style: TY; Vehicle #2     Make: FORD     Model: ECO     Colour: BLU     Style: VN,4/9/2021 5:54:34 PM,549194.1947,4806305.4
49672,19224096,9/21/2019 2:30:00 PM,2019,9,21,14,30,0,Saturday,541522.631,4811946.392,-80.486737,43.459283,Non intersection,2,Non-reportable,Thru lane,unknown,unknown,Approaching,Unknown,Daylight,01 - Daylight,Regional municipality,No control,unknown,0,0,0,FALSE,FALSE,FALSE,Clear,,TRUE,Road 1: ST LEGER ST; Road 2: WELLINGTON ST N; Vehicle #1     Make: DODG     Model: JOU     Colour: BLK     Style: TY; Vehicle #2     Make:      Model:      Colour:      Style:,4/9/2021 5:54:08 PM,541522.631,4811946.392
49673,19224564,9/23/2019 7:35:00 AM,2019,9,23,7,35,0,Monday,538291.7734,4808227.073,-80.526933,43.425966,At/near private drive,2,P.D. only,Not on roadway - right side,unknown,unknown,SMV other,Unknown,Daylight,01 - Daylight,Municipal (excl. Twp. Rd.),No control,unknown,0,0,0,FALSE,FALSE,FALSE,Rain,,FALSE,Road 1: 175 ELM RIDGE DR (50 km/h); Road 2: ELM RIDGE DR; Distance: 2.0 K E; Vehicle #1     Make: HYUN     Model: TUC     Colour: GRY     Style: TY,4/9/2021 5:54:41 PM,538291.7734,4808227.073
49674,19224970,9/23/2019 2:30:00 PM,2019,9,23,14,30,0,Monday,541343.3608,4809063.152,-80.489171,43.433332,At intersection,2,P.D. only,Within intersection,unknown,unknown,Angle,Unknown,Daylight,01 - Daylight,Regional municipality,unknown,Functioning,0,0,0,FALSE,FALSE,FALSE,Clear,,TRUE,Road 1: HIGHLAND RD E; Road 2: HEIMAN ST; Vehicle #1     Make: CHEV     Model: MLT     Colour: WHI     Style: 4D; Vehicle #2     Make: KIA     Model: CRO     Colour: SIL     Style: 4B,4/27/2022 10:41:44 AM,541343.3608,4809063.152
49675,19225179,9/20/2019 2:30:00 PM,2019,9,20,14,30,0,Friday,542644.444,4806658.338,-80.473284,43.411606,Non intersection,2,P.D. only,Thru lane,unknown,unknown,SMV other,Unknown,Daylight,01 - Daylight,Municipal (excl. Twp. Rd.),No control,unknown,0,0,0,FALSE,FALSE,FALSE,Clear,,TRUE,Road 1: CENTURY HILL DR; Road 2: DEVONGLEN DR; Vehicle #1     Make: MAZD     Model: 3TR     Colour: BLK     Style: 4D,4/9/2021 5:53:41 PM,542644.444,4806658.338