OBJECTID,ACCIDENTNUM,ACCIDENTDATE,ACCIDENT_YEAR,ACCIDENT_MONTH,ACCIDENT_DAY,ACCIDENT_HOUR,ACCIDENT_MINUTE,ACCIDENT_SECOND,ACCIDENT_WEEKDAY,XCOORD,YCOORD,LONGITUDE,LATITUDE,ACCIDENTLOCATION,COLLISIONTYPE,CLASSIFICATIONOFACCIDENT,IMPACTLOCATION,INITIALDIRECTIONOFTRAVELONE,INITIALDIRECTIONOFTRAVELTWO,INITIALIMPACTTYPE,INTTRAFFICCONTROL,LIGHT,LIGHTFORREPORT,ROADJURISDICTION,TRAFFICCONTROL,TRAFFICCONTROLCONDITION,THRULANENO,NORTHBOUNDDISOBEYCOUNT,SOUTHBOUNDDISOBEYCOUNT,PEDESTRIANINVOLVED,CYCLISTINVOLVED,MOTORCYCLISTINVOLVED,ENVIRONMENTCONDITION1,ENVIRONMENTCONDITION2,SELFREPORTED,XMLIMPORTNOTES,LASTEDITEDDATE,x,y
49676,19225875,9/24/2019 4:20:00 PM,2019,9,24,16,20,0,Tuesday,544652.0171,4809073.74,-80.448291,43.433237,Non intersection,2,P.D. only,Thru lane,unknown,unknown,Rear end,Unknown,Daylight,01 - Daylight,Municipal (excl. Twp. Rd.),No control,unknown,0,0,0,FALSE,FALSE,FALSE,Clear,,TRUE,Road 1: KINGSWAY DR; Road 2: FRANKLIN ST S; Vehicle #1     Make: HYUN     Model: SFT     Colour: GRY     Style: TY; Vehicle #2     Make:      Model:      Colour:      Style:,4/9/2021 5:53:42 PM,544652.0171,4809073.74
49677,19225918,9/24/2019 5:00:00 PM,2019,9,24,17,0,0,Tuesday,542857.9852,4807390.882,-80.470589,43.418189,At intersection,2,P.D. only,Within intersection,unknown,unknown,Angle,Unknown,Daylight,01 - Daylight,Regional municipality,Stop sign,Functioning,0,0,0,FALSE,FALSE,FALSE,Clear,,TRUE,Road 1: BLOCK LINE RD; Road 2: HOMER WATSON BLVD; Vehicle #1     Make: FORD     Model: SPE     Colour: BLK     Style: TY; Vehicle #2     Make: NISS     Model: PFI     Colour: RED     Style: TY,4/9/2021 5:54:17 PM,542857.9852,4807390.882
49678,19226444,9/25/2019 8:20:00 AM,2019,9,25,8,20,0,Wednesday,544874.9021,4804236.096,-80.445934,43.389666,Non intersection,2,Non-reportable,Thru lane,unknown,unknown,SMV unattended vehicle,Unknown,Daylight,01 - Daylight,Municipal (excl. Twp. Rd.),No control,unknown,0,0,0,FALSE,FALSE,FALSE,Clear,,TRUE,Road 1: 160 BECHTEL DR; Vehicle #1     Make:      Model:      Colour:      Style: ; Vehicle #2     Make: DODG     Model: CAR     Colour: WHI     Style: VN,4/9/2021 5:54:10 PM,544874.9021,4804236.096
49679,19226934,9/25/2019 6:45:00 PM,2019,9,25,18,45,0,Wednesday,540107.7889,4811562.6,-80.504253,43.455904,At/near private drive,2,P.D. only,Thru lane,unknown,unknown,SMV unattended vehicle,Unknown,Daylight,01 - Daylight,Municipal (excl. Twp. Rd.),No control,unknown,0,0,0,FALSE,FALSE,FALSE,Clear,,TRUE,Road 1: 29 SHANLEY ST; Vehicle #1     Make: HOND     Model: UEX     Colour: BLK     Style: 2D; Vehicle #2     Make: MAZD     Model: 3TR     Colour: BLU     Style: 4B,4/9/2021 5:54:45 PM,540107.7889,4811562.6
49680,19227338,9/26/2019 8:00:00 AM,2019,9,26,8,0,0,Thursday,545410.8332,4809350.013,-80.438892,43.435679,At/near private drive,2,Non-reportable,Thru lane,unknown,unknown,SMV unattended vehicle,Unknown,Daylight,01 - Daylight,Municipal (excl. Twp. Rd.),No control,unknown,0,0,0,FALSE,FALSE,FALSE,Rain,,TRUE,Road 1: 174 FERGUS AVE; Vehicle #1     Make:      Model:      Colour:      Style: ; Vehicle #2     Make: FORD     Model: TST     Colour: WHI     Style: FV,4/9/2021 5:55:01 PM,545410.8332,4809350.013
49681,19227341,9/25/2019 5:00:00 PM,2019,9,25,17,0,0,Wednesday,537309.3979,4807976.313,-80.539087,43.423758,At/near private drive,2,P.D. only,Thru lane,unknown,unknown,SMV unattended vehicle,Unknown,Daylight,01 - Daylight,Municipal (excl. Twp. Rd.),No control,unknown,0,0,0,FALSE,FALSE,FALSE,Clear,,TRUE,Road 1: 137 HIGH ACRES CRESCENT; Vehicle #1     Make: DODG     Model: CAR     Colour: BLK     Style: VN; Vehicle #2     Make: GMC     Model: SIE     Colour: WHI     Style: PK,4/9/2021 5:54:58 PM,537309.3979,4807976.313
49682,19227413,9/26/2019 8:45:00 AM,2019,9,26,8,45,0,Thursday,540891.1568,4811040.905,-80.49461,43.451164,Non intersection,2,Non-reportable,Thru lane,unknown,unknown,SMV unattended vehicle,Unknown,Daylight,01 - Daylight,Municipal (excl. Twp. Rd.),No control,unknown,0,0,0,FALSE,FALSE,FALSE,Clear,,TRUE,Road 1: HALLS LN W; Road 2: WATER ST S; Vehicle #1     Make:      Model:      Colour:      Style: ; Vehicle #2     Make: HYUN     Model: ESE     Colour: BLU     Style: 4D,4/9/2021 5:53:31 PM,540891.1568,4811040.905
49683,19227614,9/25/2019 3:00:00 PM,2019,9,25,15,0,0,Wednesday,539066.9085,4808702.024,-80.517324,43.430202,At/near private drive,2,Non-reportable,Thru lane,unknown,unknown,SMV unattended vehicle,Unknown,Daylight,01 - Daylight,Municipal (excl. Twp. Rd.),No control,unknown,0,0,0,FALSE,FALSE,FALSE,Clear,,TRUE,Road 1: SILVERSPRING CRES (IFO 105); Vehicle #1     Make: CHEV     Model: SIL     Colour: BLK     Style: PK; Vehicle #2     Make: HOND     Model: CCL     Colour: BLK     Style: 2D,4/9/2021 5:55:00 PM,539066.9085,4808702.024
49684,19227744,9/26/2019 5:20:00 PM,2019,9,26,17,20,0,Thursday,545143.5062,4807734.481,-80.442329,43.421149,Non intersection,2,P.D. only,Thru lane,unknown,unknown,Turning movement,Unknown,Daylight,01 - Daylight,Municipal (excl. Twp. Rd.),No control,unknown,0,0,0,FALSE,FALSE,FALSE,Clear,,TRUE,Road 1: WILSON AVE KITCHENER (385 FAIRWAY RD S KITCHENER); Road 2: FAIRWAY RD KITCHENER; Vehicle #1     Make: CHEV     Model: SPT     Colour: BLU     Style: VN; Vehicle #2     Make: CHRY     Model: 2LM     Colour: SIL     Style: 4D,4/9/2021 5:53:44 PM,545143.5062,4807734.481
49685,19227864,9/26/2019 4:30:00 PM,2019,9,26,16,30,0,Thursday,544973.3134,4811004.913,-80.444162,43.450606,At/near private drive,2,P.D. only,Thru lane,unknown,unknown,Angle,Unknown,Daylight,01 - Daylight,Regional municipality,No control,unknown,0,0,0,FALSE,FALSE,FALSE,Clear,,TRUE,Road 1: 1025 OTTAWA ST N; Vehicle #1     Make: HYUN     Model: SFT     Colour: GRY     Style: TY; Vehicle #2     Make: TOYT     Model: UCS     Colour: BLU     Style: 4D,4/27/2022 10:42:19 AM,544973.3134,4811004.913
49686,19228482,9/27/2019 1:30:00 PM,2019,9,27,13,30,0,Friday,545158.3175,4807240.293,-80.442187,43.416699,Intersection related,2,P.D. only,Within intersection,unknown,unknown,Sideswipe,Stop sign,Daylight,01 - Daylight,Regional municipality,Stop sign,Functioning,0,0,0,FALSE,FALSE,FALSE,Clear,,TRUE,Road 1: WEBSTER RD; Road 2: WILSON AVE; Vehicle #1     Make: DODG     Model: DAK     Colour: RED     Style: PK; Vehicle #2     Make: HOND     Model: UCL     Colour: SIL     Style: 2D,4/9/2021 5:53:54 PM,545158.3175,4807240.293
49687,19228524,9/27/2019 2:45:00 PM,2019,9,27,14,45,0,Friday,542583.6,4810125.817,-80.473765,43.442831,Intersection related,1,Non-fatal injury,Thru lane,unknown,unknown,Rear end,Unknown,Daylight,01 - Daylight,Regional municipality,Traffic signal,Functioning,0,0,0,FALSE,FALSE,FALSE,Clear,,TRUE,Road 1: KING ST E; Road 2: BORDEN AVE S; Vehicle #1     Make: HOND     Model: FIS     Colour: BLU     Style: 4B; Vehicle #2     Make: TOYO     Model: CORO     Colour:      Style: 4DO; Vehicle #3     Make: FORD     Model: FTU     Colour: GRY     Style: 4B,4/9/2021 5:53:57 PM,542583.6,4810125.817
49688,19228659,9/27/2019 2:45:00 PM,2019,9,27,14,45,0,Friday,541131.821,4811528.644,-80.491599,43.455543,Non intersection,2,Non-reportable,Thru lane,unknown,unknown,Sideswipe,Unknown,Daylight,01 - Daylight,Regional municipality,No control,unknown,0,0,0,FALSE,FALSE,FALSE,Clear,,TRUE,Road 1: VICTORIA ST N; Road 2: AHRENS ST W; Vehicle #1     Make: AUDI     Model: 4PP     Colour: BLK     Style: 4D; Vehicle #2     Make: HINO     Model: HIN     Colour: WHI     Style: CT,4/9/2021 5:53:14 PM,541131.821,4811528.644
49689,19228675,9/27/2019 4:20:00 PM,2019,9,27,16,20,0,Friday,543568.2646,4804976.035,-80.462008,43.396405,At intersection,2,P.D. only,Within intersection,unknown,unknown,Angle,Unknown,Daylight,01 - Daylight,Regional municipality,Traffic signal,Functioning,0,0,0,FALSE,FALSE,FALSE,Clear,,TRUE,Road 1: HURON RD; Road 2: BATTLER RD; Vehicle #1     Make: PONT     Model: PUR     Colour: WHI     Style: 4D; Vehicle #2     Make: HYUN     Model: SSE     Colour: WHI     Style: 4D,4/9/2021 5:54:15 PM,543568.2646,4804976.035
49690,19228822,9/27/2019 4:05:00 PM,2019,9,27,16,5,0,Friday,541303.1576,4811079.106,-80.489515,43.451486,Non intersection,2,Non-reportable,Thru lane,unknown,unknown,Rear end,Unknown,Daylight,01 - Daylight,Municipal (excl. Twp. Rd.),No control,unknown,0,0,0,FALSE,FALSE,FALSE,Clear,,TRUE,Road 1: 96 ONTARIO ST N; Vehicle #1     Make: VOLK     Model: GTI     Colour: BLK     Style: 4D; Vehicle #2     Make:      Model:      Colour:      Style:,4/9/2021 5:53:15 PM,541303.1576,4811079.106
49691,19229482,9/28/2019 1:30:00 PM,2019,9,28,13,30,0,Saturday,541587.5653,4811800.083,-80.485945,43.457962,Non intersection,2,P.D. only,Thru lane,unknown,unknown,Sideswipe,Unknown,Daylight,01 - Daylight,Regional municipality,No control,unknown,0,0,0,FALSE,FALSE,FALSE,Clear,,TRUE,Road 1: ST LEGER ST; Road 2: VICTORIA ST N; Vehicle #1     Make: HOND     Model: RID     Colour: GRY     Style: CW; Vehicle #2     Make: TOYT     Model: UCS     Colour: GRY     Style: 4D,4/9/2021 5:53:06 PM,541587.5653,4811800.083
49692,19229802,9/27/2019 7:50:00 AM,2019,9,27,7,50,0,Friday,548018.2105,4804502.988,-80.407102,43.391874,Non intersection,2,Non-reportable,Thru lane,unknown,unknown,Rear end,Unknown,Daylight,01 - Daylight,Regional municipality,No control,unknown,0,0,0,FALSE,FALSE,FALSE,Clear,,TRUE,Road 1: 246 DOON VALLEY DR; Vehicle #1     Make: MAZD     Model: M6I     Colour: SIL     Style: 4B; Vehicle #2     Make:      Model:      Colour:      Style:,4/9/2021 5:53:15 PM,548018.2105,4804502.988
49693,19230049,9/28/2019 9:25:00 PM,2019,9,28,21,25,0,Saturday,537808.2558,4809794.435,-80.532798,43.440103,At/near private drive,2,P.D. only,Thru lane,unknown,unknown,Turning movement,Unknown,Dark,07 - Dark,Municipal (excl. Twp. Rd.),No control,unknown,1,0,0,FALSE,FALSE,FALSE,Clear,,FALSE,Road 1: 120 DALEGROVE DR (50 km/h); Road 2: DALEGROVE DR; Distance: 5.0 M E; Vehicle #1     Make: BMW     Model: 4XG     Colour: WHI     Style: 4D; Vehicle #2     Make: AUDI     Model: 2QT     Colour: RED     Style: 4D,4/9/2021 5:54:46 PM,537808.2558,4809794.435
49694,19230954,9/29/2019 10:24:00 PM,2019,9,29,22,24,0,Sunday,542353.0829,4807250.95,-80.476836,43.416958,Non intersection,2,P.D. only,Not on roadway - right side,unknown,unknown,SMV other,Unknown,"Dark, artificial","08 - Dark, artificial",Regional municipality,No control,unknown,0,0,0,FALSE,FALSE,FALSE,Clear,,FALSE,Road 1: BLOCK LINE RD (50 km/h); Road 2: COUNTRY HILL DR (50 km/h); Distance: 100.0 M W; Vehicle #1     Make: PONT     Model: 6BS     Colour: RED     Style: 4D,4/9/2021 5:53:13 PM,542353.0829,4807250.951
49695,19231241,9/30/2019 8:30:00 AM,2019,9,30,8,30,0,Monday,543640.3353,4808267.934,-80.460855,43.426041,Non intersection,2,P.D. only,Thru lane,unknown,unknown,Sideswipe,Unknown,Daylight,01 - Daylight,Municipal (excl. Twp. Rd.),No control,unknown,0,0,0,FALSE,FALSE,FALSE,Clear,,TRUE,Road 1: MASSEY AVE; Road 2: VANIER DR; Vehicle #1     Make: CHEV     Model: SIL     Colour: BLK     Style: PK; Vehicle #2     Make:      Model:      Colour:      Style:,4/9/2021 5:53:01 PM,543640.3353,4808267.934
49696,19231291,9/29/2019 6:15:00 PM,2019,9,29,18,15,0,Sunday,543073.3043,4811933.664,-80.46757,43.45908,Intersection related,2,P.D. only,Right turn lane,unknown,unknown,Rear end,Unknown,Daylight,01 - Daylight,Municipal (excl. Twp. Rd.),Stop sign,Functioning,0,0,0,FALSE,FALSE,FALSE,Clear,,TRUE,Road 1: BRUCE ST; Road 2: ROSEMOUNT DR; Vehicle #1     Make: NISS     Model: A2B     Colour: BLU     Style: 4D; Vehicle #2     Make: JEEP     Model: GCK     Colour: SIL     Style: TY,4/9/2021 5:53:50 PM,543073.3043,4811933.664
49697,19231348,9/29/2019 7:00:00 PM,2019,9,29,19,0,0,Sunday,539059.3448,4806884.639,-80.517547,43.413839,Intersection related,2,P.D. only,Thru lane,unknown,unknown,Rear end,Unknown,Daylight,01 - Daylight,Municipal (excl. Twp. Rd.),Stop sign,unknown,0,0,0,FALSE,FALSE,FALSE,Clear,,TRUE,Road 1: WAKE ROBIN DR; Road 2: INTERNATIONAL PL; Vehicle #1     Make: FORD     Model: ECM     Colour: WHI     Style: TY; Vehicle #2     Make:      Model:      Colour:      Style:,4/9/2021 5:53:52 PM,539059.3448,4806884.639
49698,19231508,9/30/2019 3:33:00 PM,2019,9,30,15,33,0,Monday,542508.427,4811926.699,-80.474553,43.45905,At/near private drive,2,P.D. only,Not on roadway - left side,unknown,unknown,SMV other,Unknown,Daylight,01 - Daylight,Municipal (excl. Twp. Rd.),No control,unknown,0,0,0,FALSE,FALSE,FALSE,Clear,,FALSE,Road 1: 264 MANSION ST (50 km/h); Road 2: MANSION ST; Distance: 5.0 K S; Vehicle #1     Make: MAZD     Model: M3S     Colour: WHI     Style: 4D,4/9/2021 5:54:46 PM,542508.427,4811926.699
49699,19232108,10/1/2019 10:20:00 AM,2019,10,1,10,20,0,Tuesday,542316.955,4812859.58,-80.476848,43.46746,At/near private drive,2,P.D. only,Thru lane,unknown,unknown,Other,Unknown,Daylight,01 - Daylight,Municipal (excl. Twp. Rd.),No control,unknown,1,0,0,FALSE,FALSE,FALSE,Clear,,FALSE,Road 1: 956 GUELPH ST (50 km/h); Road 2: GUELPH ST; Distance: 5.0 M S; Vehicle #1     Make: NISS     Model: XGX     Colour:      Style: 4D; Vehicle #2     Make: FORD     Model: COF     Colour: WHI     Style: PK,5/3/2021 10:40:53 AM,542316.955,4812859.58
49700,19232301,9/30/2019 3:30:00 PM,2019,9,30,15,30,0,Monday,539133.732,4811704.968,-80.516283,43.457238,Non intersection,2,P.D. only,Thru lane,unknown,unknown,Rear end,Unknown,Daylight,01 - Daylight,Municipal (excl. Twp. Rd.),No control,unknown,0,0,0,FALSE,FALSE,FALSE,Clear,,TRUE,Road 1: UNION BLVD; Road 2: PARK ST; Vehicle #1     Make: KIA     Model: FEX     Colour: GRY     Style: 4D; Vehicle #2     Make: FORD     Model: COF     Colour: WHI     Style: PK,4/9/2021 5:53:00 PM,539133.732,4811704.968
49701,19232509,10/1/2019 4:35:00 PM,2019,10,1,16,35,0,Tuesday,539316.7677,4811565.504,-80.51403,43.455972,Non intersection,2,P.D. only,Thru lane,unknown,unknown,Rear end,Unknown,Daylight,01 - Daylight,Municipal (excl. Twp. Rd.),No control,unknown,0,0,0,FALSE,FALSE,FALSE,Rain,,TRUE,Road 1: PARK ST; Road 2: MT HOPE ST; Vehicle #1     Make: VOLK     Model: JBS     Colour: WHI     Style: 4D; Vehicle #2     Make: TOYT     Model: CBL     Colour: GRY     Style: 4D; Vehicle #3     Make: JEEP     Model: CHK     Colour: WHI     Style: TY,5/3/2021 10:38:36 AM,539316.7677,4811565.504
49702,19232520,10/1/2019 4:30:00 PM,2019,10,1,16,30,0,Tuesday,535771.6215,4809526.091,-80.557982,43.437787,Non intersection,2,P.D. only,Thru lane,unknown,unknown,Rear end,Unknown,Daylight,01 - Daylight,Regional municipality,No control,unknown,0,0,0,FALSE,FALSE,FALSE,Rain,,TRUE,Road 1: UNIVERSITY AVE W; Road 2: BAKER ST; Vehicle #1     Make: HYUN     Model: ESS     Colour: WHI     Style: 4D; Vehicle #2     Make: SUBA     Model: CRO     Colour: SIL     Style: TY,5/3/2021 10:38:38 AM,535771.6215,4809526.091
49703,19232559,10/1/2019 3:45:00 PM,2019,10,1,15,45,0,Tuesday,543442.3361,4811581.251,-80.463037,43.455886,Intersection related,2,P.D. only,Within intersection,unknown,unknown,Angle,Unknown,Daylight,01 - Daylight,Municipal (excl. Twp. Rd.),Stop sign,unknown,0,0,0,FALSE,FALSE,FALSE,Rain,,TRUE,Road 1: KRUG ST; Road 2: CAMBRIDGE AVE; Vehicle #1     Make: FORD     Model: TRX     Colour: GRY     Style: TY; Vehicle #2     Make: KIA     Model: SOR     Colour: BLK     Style: TY,5/3/2021 10:39:55 AM,543442.3361,4811581.251
49704,19232562,10/1/2019 7:02:00 PM,2019,10,1,19,2,0,Tuesday,541690.0288,4811373.995,-80.484711,43.454119,Non intersection,1,Non-fatal injury,Not on roadway - left side,unknown,unknown,SMV other,Unknown,Dusk,05 - Dusk,Municipal (excl. Twp. Rd.),No control,unknown,0,0,0,FALSE,FALSE,FALSE,Rain,,FALSE,Road 1: OTTO ST (50 km/h); Road 2: QUEEN ST N; Distance: 70.0 K E; Vehicle #1     Make: TOYT     Model: FRS     Colour: WHI     Style: 2D,5/3/2021 10:37:37 AM,541690.0288,4811373.995
49705,19233046,10/2/2019 8:00:00 AM,2019,10,2,8,0,0,Wednesday,536441.7135,4809828.706,-80.549682,43.440479,Non intersection,2,P.D. only,Thru lane,unknown,unknown,Rear end,Unknown,Daylight,01 - Daylight,Regional municipality,No control,unknown,0,0,0,FALSE,FALSE,FALSE,Rain,,TRUE,Road 1: UNIVERSITY AVE W; Road 2: RESURRECTION DR; Vehicle #1     Make: HYUN     Model: TUC     Colour: WHI     Style: TY; Vehicle #2     Make: CHEV     Model: SIL     Colour: BLK     Style: CW,5/3/2021 10:38:37 AM,536441.7135,4809828.706
49706,19233078,10/2/2019 12:21:00 PM,2019,10,2,12,21,0,Wednesday,542560.4635,4811955.189,-80.473908,43.459304,Intersection related,1,Non-fatal injury,Within intersection,unknown,unknown,Rear end,Unknown,Daylight,01 - Daylight,Municipal (excl. Twp. Rd.),Stop sign,unknown,0,0,0,FALSE,FALSE,FALSE,Rain,,FALSE,Road 1: 70 MANSION ST (50 km/h); Road 2: EDNA ST (50 km/h); Distance: 1.0 M E; Vehicle #1     Make: SUZI     Model: SX2     Colour: GRY     Style: 4D; Vehicle #2     Make: FORD     Model: COF     Colour: WHI     Style: PK,5/3/2021 10:39:21 AM,542560.4635,4811955.189
49707,19233187,10/2/2019 11:30:00 AM,2019,10,2,11,30,0,Wednesday,539080.0118,4811110.282,-80.516989,43.451886,Intersection related,2,P.D. only,Left turn lane,unknown,unknown,Sideswipe,Unknown,Daylight,01 - Daylight,Municipal (excl. Twp. Rd.),Traffic signal,Functioning,0,0,0,FALSE,FALSE,FALSE,Rain,,TRUE,Road 1: GLASGOW ST; Road 2: BELMONT AVE W; Distance: 6.0 M; Vehicle #1     Make: CHEV     Model: ETV     Colour: WHI     Style: CB; Vehicle #2     Make: NISS     Model: SBL     Colour: BLK     Style: 4D,5/3/2021 10:39:28 AM,539080.0118,4811110.282
49708,19233194,10/2/2019 3:15:00 PM,2019,10,2,15,15,0,Wednesday,541233.3624,4811851.534,-80.49032,43.458445,Non intersection,2,P.D. only,Right shoulder,unknown,unknown,SMV unattended vehicle,Unknown,Daylight,01 - Daylight,Municipal (excl. Twp. Rd.),No control,unknown,0,0,0,FALSE,FALSE,FALSE,Clear,,TRUE,Road 1: MARGARET AVE; Road 2: BREITHAUPT ST; Distance: 100.0 M N; Vehicle #1     Make: CHEV     Model: EXP     Colour: YEL     Style: VN; Vehicle #2     Make:      Model:      Colour:      Style:,5/3/2021 10:38:20 AM,541233.3624,4811851.534
49709,19233345,10/2/2019 5:15:00 PM,2019,10,2,17,15,0,Wednesday,545124.943,4807654.201,-80.442565,43.420427,Non intersection,2,P.D. only,Left turn lane,unknown,unknown,Angle,Unknown,Dusk,05 - Dusk,Regional municipality,No control,unknown,0,0,0,FALSE,FALSE,FALSE,Rain,,TRUE,Road 1: WILSON RD KITCHNER; Road 2: PARKING LOT (WILSON EXIT); Vehicle #1     Make: HOND     Model: UDY     Colour: GRY     Style: TY; Vehicle #2     Make: FORD     Model: SPE     Colour: BLU     Style: TY,5/3/2021 10:37:56 AM,545124.943,4807654.201
49710,19233554,10/2/2019 5:40:00 AM,2019,10,2,5,40,0,Wednesday,544743.7492,4808922.882,-80.44717,43.431873,Non intersection,2,P.D. only,Thru lane,unknown,unknown,SMV unattended vehicle,Unknown,Dark,07 - Dark,Municipal (excl. Twp. Rd.),No control,unknown,0,0,0,FALSE,FALSE,FALSE,Rain,,TRUE,Road 1: 9TH AVE (NEAR 2481 KINGSWAY DR); Vehicle #1     Make: HYUN     Model: AGG     Colour: BLU     Style: 4D; Vehicle #2     Make: FORD     Model: TST     Colour: WHI     Style: FV,5/3/2021 10:38:09 AM,544743.7492,4808922.882
49711,19233784,10/3/2019 7:28:00 AM,2019,10,3,7,28,0,Thursday,543072.8582,4812800.142,-80.467508,43.466882,At intersection,1,Non-fatal injury,Within intersection,unknown,unknown,Turning movement,Unknown,Daylight,01 - Daylight,Regional municipality,unknown,Functioning,0,0,0,FALSE,FALSE,FALSE,Rain,,FALSE,Road 1: RIVERBEND DR (50 km/h); Road 2: WELLINGTON ST N (50 km/h); Vehicle #1     Make: DODG     Model: CXA     Colour: BLK     Style: 4D; Vehicle #2     Make: TOYT     Model: RV4     Colour: GRY     Style: TY,5/3/2021 10:40:02 AM,543072.8582,4812800.142
49712,19234107,10/3/2019 2:30:00 PM,2019,10,3,14,30,0,Thursday,544665.9422,4809171.58,-80.448111,43.434117,Non intersection,2,P.D. only,Thru lane,unknown,unknown,Angle,Unknown,Daylight,01 - Daylight,Municipal (excl. Twp. Rd.),No control,unknown,0,0,0,FALSE,FALSE,FALSE,Rain,,TRUE,Road 1: FRANKLIN ST N; Road 2: WEBER ST E; Vehicle #1     Make: TOYT     Model: CEN     Colour: GRY     Style: TY; Vehicle #2     Make: NISS     Model: USE     Colour: GRY     Style: 4D,5/3/2021 10:38:14 AM,544665.9422,4809171.58
49713,19234124,10/3/2019 3:30:00 PM,2019,10,3,15,30,0,Thursday,545089.2518,4807802.911,-80.442994,43.421768,Non intersection,2,P.D. only,Thru lane,unknown,unknown,Turning movement,Unknown,Daylight,01 - Daylight,Regional municipality,No control,unknown,0,0,0,FALSE,FALSE,FALSE,Rain,,TRUE,Road 1: WILSON AVE; Road 2: FAIRWAY RD S; Vehicle #1     Make: MAZD     Model: 3TR     Colour: GRY     Style: 4D; Vehicle #2     Make: BMW     Model: BX5     Colour: WHI     Style: TY,5/3/2021 10:38:01 AM,545089.2518,4807802.911
49714,19234152,10/3/2019 3:00:00 PM,2019,10,3,15,0,0,Thursday,541701.1931,4808844.836,-80.484767,43.431346,Non intersection,2,Non-reportable,Thru lane,unknown,unknown,SMV unattended vehicle,Unknown,Daylight,01 - Daylight,Municipal (excl. Twp. Rd.),No control,unknown,0,0,0,FALSE,FALSE,FALSE,Clear,,TRUE,Road 1: 145 HOFFMAN ST; Vehicle #1     Make:      Model:      Colour:      Style: ; Vehicle #2     Make: GMC     Model: DEN     Colour: BLK     Style: TY,5/3/2021 10:38:28 AM,541701.1931,4808844.836
49715,19234267,10/3/2019 5:00:00 PM,2019,10,3,17,0,0,Thursday,545965.1379,4803114.043,-80.432568,43.379497,Non intersection,2,P.D. only,Thru lane,unknown,unknown,Other,Unknown,Daylight,01 - Daylight,Municipal (excl. Twp. Rd.),No control,unknown,0,0,0,FALSE,FALSE,FALSE,Rain,,TRUE,Road 1: 471 DOON SOUTH DR; Vehicle #1     Make: CHEV     Model: SIL     Colour: WHI     Style: PK; Vehicle #2     Make: HOND     Model: UCD     Colour: BRN     Style: 4D,5/3/2021 10:38:13 AM,545965.1378,4803114.043
49716,19234293,10/3/2019 5:54:00 PM,2019,10,3,17,54,0,Thursday,537848.3759,4809109.946,-80.53235,43.433938,At intersection,1,Non-fatal injury,Within intersection,unknown,unknown,Angle,Unknown,Daylight,01 - Daylight,Municipal (excl. Twp. Rd.),Stop sign,Functioning,0,0,0,FALSE,FALSE,FALSE,Rain,,FALSE,Road 1: OPRINGTON DR (50 km/h); Road 2: BENESFORT DR (50 km/h); Vehicle #1     Make: TOYT     Model: LXS     Colour: BRN     Style: 4D; Vehicle #2     Make: HOND     Model: CRV     Colour: BLK     Style: 4W,5/3/2021 10:40:20 AM,537848.3759,4809109.946
49717,19234328,10/4/2019 6:00:00 AM,2019,10,4,6,0,0,Friday,536963.465,4808252.869,-80.543342,43.426265,At/near private drive,2,P.D. only,Thru lane,unknown,unknown,Other,Unknown,Dark,07 - Dark,Municipal (excl. Twp. Rd.),No control,unknown,0,0,0,FALSE,FALSE,FALSE,Clear,,TRUE,Road 1: 478 BANKSIDE DR; Vehicle #1     Make: VOLK     Model: TIG     Colour: ONG     Style: TY; Vehicle #2     Make: HOND     Model: HRV     Colour: GRY     Style: TY,5/3/2021 10:40:53 AM,536963.465,4808252.869
49718,19234834,10/4/2019 10:00:00 AM,2019,10,4,10,0,0,Friday,543973.837,4808962.413,-80.456679,43.432275,Non intersection,2,Non-reportable,Thru lane,unknown,unknown,SMV unattended vehicle,Unknown,Daylight,01 - Daylight,Municipal (excl. Twp. Rd.),No control,unknown,0,0,0,FALSE,FALSE,FALSE,Clear,,TRUE,Road 1: 117 2ND AVE; Vehicle #1     Make:      Model:      Colour:      Style: ; Vehicle #2     Make: HOND     Model: UDY     Colour: SIL     Style: VN,5/3/2021 10:38:28 AM,543973.837,4808962.413
49719,19235099,10/4/2019 8:30:00 AM,2019,10,4,8,30,0,Friday,541512.2406,4810178.997,-80.487,43.44337,At/near private drive,2,P.D. only,Thru lane,unknown,unknown,Angle,Unknown,Daylight,01 - Daylight,Municipal (excl. Twp. Rd.),No control,unknown,0,0,0,FALSE,FALSE,FALSE,Clear,,TRUE,Road 1: CEDAR ST S; Road 2: COURTLAND AVE E; Vehicle #1     Make: TOYT     Model: CBS     Colour: GRY     Style: 4D; Vehicle #2     Make:      Model:      Colour:      Style:,5/3/2021 10:41:32 AM,541512.2406,4810178.997