OBJECTID,ACCIDENTNUM,ACCIDENTDATE,ACCIDENT_YEAR,ACCIDENT_MONTH,ACCIDENT_DAY,ACCIDENT_HOUR,ACCIDENT_MINUTE,ACCIDENT_SECOND,ACCIDENT_WEEKDAY,XCOORD,YCOORD,LONGITUDE,LATITUDE,ACCIDENTLOCATION,COLLISIONTYPE,CLASSIFICATIONOFACCIDENT,IMPACTLOCATION,INITIALDIRECTIONOFTRAVELONE,INITIALDIRECTIONOFTRAVELTWO,INITIALIMPACTTYPE,INTTRAFFICCONTROL,LIGHT,LIGHTFORREPORT,ROADJURISDICTION,TRAFFICCONTROL,TRAFFICCONTROLCONDITION,THRULANENO,NORTHBOUNDDISOBEYCOUNT,SOUTHBOUNDDISOBEYCOUNT,PEDESTRIANINVOLVED,CYCLISTINVOLVED,MOTORCYCLISTINVOLVED,ENVIRONMENTCONDITION1,ENVIRONMENTCONDITION2,SELFREPORTED,XMLIMPORTNOTES,LASTEDITEDDATE,x,y
49720,19235106,10/4/2019 5:30:00 PM,2019,10,4,17,30,0,Friday,543884.9531,4805122.071,-80.458086,43.397702,Non intersection,2,P.D. only,Thru lane,unknown,unknown,Rear end,Unknown,Daylight,01 - Daylight,Regional municipality,No control,unknown,0,0,0,FALSE,FALSE,FALSE,Clear,,TRUE,Road 1: HURON RD; Road 2: TRILLIUM DR; Vehicle #1     Make: CHEV     Model: CZT     Colour: GRY     Style: 4D; Vehicle #2     Make: GMC     Model: SAV     Colour: WHI     Style: VN,5/3/2021 10:38:11 AM,543884.9531,4805122.071
49721,19235146,10/4/2019 5:30:00 PM,2019,10,4,17,30,0,Friday,541104.28,4811516.331,-80.49194,43.455433,Intersection related,2,Non-reportable,Thru lane,unknown,unknown,Sideswipe,Unknown,Daylight,01 - Daylight,Regional municipality,Stop sign,Functioning,0,0,0,FALSE,FALSE,FALSE,Clear,,TRUE,Road 1: WATER ST; Road 2: VICTORIA ST KITCHENER; Vehicle #1     Make:      Model:      Colour:      Style: ; Vehicle #2     Make: FORD     Model: SPE     Colour: BLU     Style: TY,5/3/2021 10:39:48 AM,541104.28,4811516.331
49722,19235181,10/4/2019 6:45:00 PM,2019,10,4,18,45,0,Friday,544763.4505,4808967.52,-80.446923,43.432274,Non intersection,2,P.D. only,Thru lane,unknown,unknown,Turning movement,Unknown,Dark,07 - Dark,Municipal (excl. Twp. Rd.),No control,unknown,0,0,0,FALSE,FALSE,FALSE,Clear,,TRUE,Road 1: 9TH AVE; Road 2: KINGSWAY DR; Vehicle #1     Make: FORD     Model: SPE     Colour: BLK     Style: TY; Vehicle #2     Make: MAZD     Model: M3I     Colour: GRY     Style: 4D,5/3/2021 10:38:10 AM,544763.4505,4808967.52
49723,19235406,10/5/2019 12:12:00 AM,2019,10,5,0,12,0,Saturday,542544.5341,4806757.473,-80.47451,43.412504,Non intersection,2,P.D. only,Thru lane,unknown,unknown,SMV other,Unknown,Dark,07 - Dark,Municipal (excl. Twp. Rd.),No control,unknown,1,0,0,FALSE,FALSE,FALSE,Clear,,FALSE,Road 1: CEDARHILL CRES (50 km/h); Road 2: HILLSIDE DR; Distance: 10.0 M W; Vehicle #1     Make: KIA     Model: OSX     Colour: GRY     Style: 4D,5/3/2021 10:37:05 AM,542544.5341,4806757.473
49724,19235537,10/5/2019 5:52:00 AM,2019,10,5,5,52,0,Saturday,540723.4684,4812265.094,-80.496591,43.462196,Non intersection,2,P.D. only,Not on roadway - right side,unknown,unknown,SMV other,Unknown,"Dark, artificial","08 - Dark, artificial",Municipal (excl. Twp. Rd.),No control,unknown,0,0,0,FALSE,FALSE,FALSE,Clear,,FALSE,Road 1: 388 GUELPH ST (50 km/h); Road 2: GUELPH ST; Distance: 5.0 M S; Vehicle #1     Make: HOND     Model: CLL     Colour: BLK     Style: 4D,5/3/2021 10:37:02 AM,540723.4684,4812265.094
49725,19235832,10/5/2019 1:30:00 PM,2019,10,5,13,30,0,Saturday,541275.599,4811759.02,-80.489804,43.457609,Intersection related,2,Non-reportable,Within intersection,unknown,unknown,SMV other,Unknown,Daylight,01 - Daylight,Regional municipality,Stop sign,Functioning,0,0,0,FALSE,FALSE,FALSE,Clear,,TRUE,Road 1: MARGARET AVE; Road 2: BREITHAUPT ST; Vehicle #1     Make: HOND     Model: ULS     Colour: GRY     Style: 4D,5/3/2021 10:39:50 AM,541275.599,4811759.02
49726,19236000,10/5/2019 6:30:00 PM,2019,10,5,18,30,0,Saturday,540531.4387,4808623.263,-80.499235,43.429415,Non intersection,2,P.D. only,Thru lane,unknown,unknown,Rear end,Unknown,Dark,07 - Dark,Municipal (excl. Twp. Rd.),No control,unknown,0,0,0,FALSE,FALSE,FALSE,Clear,,TRUE,Road 1: LAKESIDE DR; Road 2: GREENBROOK DR; Vehicle #1     Make: TOYT     Model: MTL     Colour: SIL     Style: 4D; Vehicle #2     Make: TOYT     Model: CBS     Colour: BLK     Style: 4D,5/3/2021 10:38:20 AM,540531.4387,4808623.263
49727,19236032,10/5/2019 7:33:00 PM,2019,10,5,19,33,0,Saturday,545034.4164,4807867.653,-80.443666,43.422355,Intersection related,1,Non-fatal injury,Within intersection,unknown,unknown,SMV other,Unknown,Dark,07 - Dark,Municipal (excl. Twp. Rd.),Traffic signal,Functioning,0,0,0,TRUE,FALSE,FALSE,Clear,,FALSE,Road 1: WILSON AVE (50 km/h); Road 2: KINGSWAY DR (50 km/h); Vehicle #1     Make: VOLK     Model: RAB     Colour: RED     Style: 4D,5/3/2021 10:39:10 AM,545034.4164,4807867.653
49728,19236727,10/6/2019 5:04:00 PM,2019,10,6,17,4,0,Sunday,540077.3297,4805560.656,-80.50507,43.401864,At/near private drive,2,P.D. only,Thru lane,unknown,unknown,Other,Unknown,Daylight,01 - Daylight,Municipal (excl. Twp. Rd.),No control,unknown,1,0,0,FALSE,FALSE,FALSE,Clear,,FALSE,Road 1: 23  ISABELLA ST (50 km/h); Road 2: ISABELLA ST; Distance: 2.0 M N; Vehicle #1     Make: ACUR     Model: TSX     Colour: BLK     Style: 4D; Vehicle #2     Make: DODG     Model: CAR     Colour: SIL     Style: VN,5/3/2021 10:40:54 AM,540077.3297,4805560.656
49729,19237202,10/6/2019 11:00:00 PM,2019,10,6,23,0,0,Sunday,545672.1621,4809905.134,-80.435617,43.440662,Non intersection,2,P.D. only,Thru lane,unknown,unknown,SMV other,Unknown,Dark,07 - Dark,Municipal (excl. Twp. Rd.),No control,unknown,0,0,0,FALSE,FALSE,FALSE,Clear,,TRUE,Road 1: RIVER ROAD E; Road 2: OLD CHICOPEE DR; Vehicle #1     Make: TOYT     Model: YSE     Colour: WHI     Style: 4B,5/3/2021 10:38:47 AM,545672.1621,4809905.134
49730,19237229,10/2/2019 7:00:00 AM,2019,10,2,7,0,0,Wednesday,540943.5512,4811908.622,-80.493897,43.458974,At/near private drive,2,P.D. only,Thru lane,unknown,unknown,Other,Unknown,Dawn,03 - Dawn,Regional municipality,No control,unknown,0,0,0,FALSE,FALSE,FALSE,Clear,,TRUE,Road 1: AHRENS ST W; Road 2: VICTORIA ST; Vehicle #1     Make: GMC     Model: TER     Colour: BLK     Style: TY; Vehicle #2     Make:      Model:      Colour:      Style:,5/3/2021 10:41:32 AM,540943.5512,4811908.622
49731,19237313,10/3/2019 12:00:00 PM,2019,10,3,12,0,0,Thursday,539832.8127,4811144.659,-80.507683,43.452156,Intersection related,2,P.D. only,Thru lane,unknown,unknown,Other,Unknown,Daylight,01 - Daylight,Municipal (excl. Twp. Rd.),Traffic signal,Functioning,0,0,0,FALSE,FALSE,FALSE,Clear,,TRUE,Road 1: DOMINION ST; Road 2: PARK ST; Vehicle #1     Make: TOYT     Model: SIE     Colour: GRY     Style: VN; Vehicle #2     Make:      Model:      Colour:      Style:,5/3/2021 10:39:41 AM,539832.8127,4811144.659
49732,19237564,10/7/2019 6:00:00 PM,2019,10,7,18,0,0,Monday,545503.6411,4806101.367,-80.438016,43.406423,At/near private drive,2,Non-reportable,Thru lane,unknown,unknown,SMV other,Unknown,Daylight,01 - Daylight,Municipal (excl. Twp. Rd.),No control,unknown,0,0,0,FALSE,FALSE,FALSE,Clear,,TRUE,Road 1: 1094 WILSON AVE; Vehicle #1     Make: HOND     Model: CXG     Colour: BLK     Style: 4D,5/3/2021 10:41:41 AM,545503.6411,4806101.367
49733,19237580,9/27/2019 7:00:00 AM,2019,9,27,7,0,0,Friday,536180.1141,4809630.252,-80.552928,43.438705,Non intersection,2,P.D. only,Thru lane,unknown,unknown,Sideswipe,Unknown,Dawn,03 - Dawn,Municipal (excl. Twp. Rd.),No control,unknown,0,0,0,FALSE,FALSE,FALSE,Clear,,TRUE,Road 1: 1100 COUNTRYSTONE DR; Vehicle #1     Make:      Model:      Colour:      Style: ; Vehicle #2     Make: HYUN     Model: SSE     Colour: BLK     Style: 4D,4/9/2021 5:53:02 PM,536180.1141,4809630.252
49734,19238001,10/7/2019 4:00:00 PM,2019,10,7,16,0,0,Monday,544912.4354,4812482.177,-80.444793,43.463911,Intersection related,2,P.D. only,Thru lane,unknown,unknown,Rear end,Unknown,Daylight,01 - Daylight,Municipal (excl. Twp. Rd.),Stop sign,Functioning,0,0,0,FALSE,FALSE,FALSE,Clear,,TRUE,Road 1: NATCHEZ RD; Road 2: HALIFAX DR; Vehicle #1     Make: DODG     Model: CAR     Colour: SIL     Style: VN; Vehicle #2     Make: STRN     Model: SI3     Colour: RED     Style: 4D,5/3/2021 10:39:42 AM,544912.4354,4812482.177
49735,19238357,10/7/2019 3:45:00 PM,2019,10,7,15,45,0,Monday,542142.4844,4807089.878,-80.47945,43.41552,At/near private drive,2,Non-reportable,Thru lane,unknown,unknown,Angle,Unknown,Daylight,01 - Daylight,Municipal (excl. Twp. Rd.),No control,unknown,0,0,0,FALSE,TRUE,FALSE,Clear,,TRUE,Road 1: BLOCK LINE RD (IFO 655); Road 2: STRASBURG RD; Vehicle #1     Make:      Model:      Colour:      Style: ; Vehicle #2     Make: BICY     Model: KONA     Colour: BLK     Style: BIC,5/3/2021 10:40:52 AM,542142.4844,4807089.878
49736,19238960,10/8/2019 2:30:00 PM,2019,10,8,14,30,0,Tuesday,541504.3248,4813091.994,-80.486876,43.469599,At/near private drive,2,P.D. only,Thru lane,unknown,unknown,SMV unattended vehicle,Unknown,Daylight,01 - Daylight,Municipal (excl. Twp. Rd.),No control,unknown,0,0,0,FALSE,FALSE,FALSE,Clear,,TRUE,"Road 1: OXFORD KITCHENER , ONTARIO (IFO 101); Vehicle #1     Make: FORD     Model: SPE     Colour: BLK     Style: TY; Vehicle #2     Make: FORD     Model: COF     Colour: BRN     Style: PK",4/27/2022 10:42:36 AM,541504.3248,4813091.994
49737,19239146,10/9/2019 3:00:00 PM,2019,10,9,15,0,0,Wednesday,541600.9547,4806864.63,-80.486156,43.413522,At intersection,2,P.D. only,Within intersection,unknown,unknown,Rear end,Unknown,Daylight,01 - Daylight,Municipal (excl. Twp. Rd.),Stop sign,Functioning,0,0,0,FALSE,FALSE,FALSE,Clear,,TRUE,Road 1: BLOCK LINE RD; Road 2: MECLLENEN PARK GATE; Vehicle #1     Make: PONT     Model: VA4     Colour: GRY     Style: 4B; Vehicle #2     Make: TOYT     Model: UCS     Colour: BRN     Style: 4D,5/3/2021 10:40:35 AM,541600.9547,4806864.63
49738,19239157,10/9/2019 3:25:00 PM,2019,10,9,15,25,0,Wednesday,539175.1922,4810911.546,-80.515827,43.450091,Non intersection,2,P.D. only,Left shoulder,unknown,unknown,Turning movement,Unknown,Daylight,01 - Daylight,Municipal (excl. Twp. Rd.),No control,unknown,0,0,0,FALSE,TRUE,FALSE,Clear,,FALSE,Road 1: 564 BELMONT AVE W (50 km/h); Road 2: BELMONT AVE W; Distance: 1.0 M N; Vehicle #1     Make: TOYT     Model: CHL     Colour: GRY     Style: 4D; Vehicle #2     Make:      Model:      Colour:      Style:,5/3/2021 10:37:30 AM,539175.1922,4810911.546
49739,19239225,10/9/2019 4:00:00 PM,2019,10,9,16,0,0,Wednesday,542866.2904,4810786.483,-80.470219,43.448763,At intersection,2,P.D. only,Within intersection,unknown,unknown,Angle,Unknown,Daylight,01 - Daylight,Municipal (excl. Twp. Rd.),Stop sign,unknown,0,0,0,FALSE,FALSE,FALSE,Clear,,TRUE,Road 1: EAST AVE; Road 2: STIRLING AVE N; Vehicle #1     Make: HYUN     Model: ESS     Colour: BLK     Style: 4D; Vehicle #2     Make: BMW     Model: 5XI     Colour: GRY     Style: 4D,5/3/2021 10:40:36 AM,542866.2904,4810786.483
49740,19239241,10/9/2019 4:00:00 PM,2019,10,9,16,0,0,Wednesday,542510.5317,4811504.047,-80.47456,43.455244,Intersection related,2,P.D. only,Thru lane,unknown,unknown,Rear end,Unknown,Daylight,01 - Daylight,Municipal (excl. Twp. Rd.),Stop sign,unknown,0,0,0,FALSE,FALSE,FALSE,Clear,,TRUE,Road 1: EAST AVE; Road 2: BINGEMAN ST; Vehicle #1     Make: VOLK     Model: JET     Colour: WHI     Style: 4D; Vehicle #2     Make: VOLK     Model: GLI     Colour: BLK     Style: 4B,5/3/2021 10:39:43 AM,542510.5317,4811504.047
49741,19239643,10/10/2019 8:00:00 AM,2019,10,10,8,0,0,Thursday,543925.7954,4805134.336,-80.45758,43.39781,Intersection related,2,P.D. only,Other,unknown,unknown,Rear end,Unknown,Daylight,01 - Daylight,Municipal (excl. Twp. Rd.),Stop sign,Functioning,0,0,0,FALSE,FALSE,FALSE,Clear,,TRUE,Road 1: OLD HURON RD; Vehicle #1     Make: HOND     Model: UDY     Colour: RED     Style: TY; Vehicle #2     Make: MAZD     Model: CX5     Colour: WHI     Style: TY,5/3/2021 10:39:36 AM,543925.7954,4805134.336
49742,19239754,10/10/2019 10:00:00 AM,2019,10,10,10,0,0,Thursday,538567.356,4811181.923,-80.52332,43.452557,At/near private drive,2,P.D. only,Thru lane,unknown,unknown,SMV unattended vehicle,Unknown,Daylight,01 - Daylight,Municipal (excl. Twp. Rd.),No control,unknown,0,0,0,FALSE,FALSE,FALSE,Clear,,TRUE,Road 1: UNION BLVD (IFO 273); Vehicle #1     Make: CHEV     Model: SIL     Colour: BLU     Style: CW; Vehicle #2     Make: FORD     Model: COF     Colour: BLK     Style: PK,5/3/2021 10:41:26 AM,538567.356,4811181.923
49743,19239974,10/10/2019 3:20:00 PM,2019,10,10,15,20,0,Thursday,548244.7287,4804559.249,-80.404301,43.392366,Non intersection,2,P.D. only,Thru lane,unknown,unknown,Angle,Unknown,Daylight,01 - Daylight,Regional municipality,No control,unknown,0,0,0,FALSE,FALSE,FALSE,Clear,,TRUE,Road 1: 299 DOON VALLEY DR; Road 2: HOMER WATSON BLVD KITCHENER; Vehicle #1     Make: KIA     Model: RIO     Colour: BLU     Style: 4B; Vehicle #2     Make: SUBA     Model: BM9     Colour: GRY     Style: 4D,4/27/2022 10:39:16 AM,548244.7287,4804559.249
49744,19240070,10/10/2019 4:30:00 PM,2019,10,10,16,30,0,Thursday,539568.3197,4811425.323,-80.510931,43.454697,Intersection related,2,P.D. only,Thru lane,unknown,unknown,Sideswipe,Unknown,Daylight,01 - Daylight,Municipal (excl. Twp. Rd.),Stop sign,Functioning,0,0,0,FALSE,FALSE,FALSE,Clear,,TRUE,Road 1: PARK ST; Road 2: GREEN ST; Vehicle #1     Make: ACUR     Model: 2TL     Colour: BRN     Style: 4D; Vehicle #2     Make: NISS     Model: SML     Colour: BLK     Style: 4D,5/3/2021 10:39:27 AM,539568.3197,4811425.323
49745,19240235,10/10/2019 1:40:00 PM,2019,10,10,13,40,0,Thursday,541140.8072,4810181.773,-80.491589,43.443415,Non intersection,2,P.D. only,Thru lane,unknown,unknown,Other,Unknown,Daylight,01 - Daylight,Municipal (excl. Twp. Rd.),No control,unknown,0,0,0,FALSE,FALSE,FALSE,Clear,,TRUE,Road 1: 40 WHITNEY PLACE; Vehicle #1     Make: NISS     Model: ATL     Colour: GRY     Style: 4D; Vehicle #2     Make: RAM     Model: RTR     Colour: WHI     Style: CW,5/3/2021 10:37:51 AM,541140.8072,4810181.773
49746,19240552,10/11/2019 8:50:00 AM,2019,10,11,8,50,0,Friday,537442.595,4807904.343,-80.537446,43.423103,At/near private drive,2,P.D. only,Thru lane,unknown,unknown,SMV unattended vehicle,Unknown,Daylight,01 - Daylight,Municipal (excl. Twp. Rd.),No control,unknown,0,0,0,FALSE,FALSE,FALSE,Clear,,TRUE,Road 1: 7 SPRUCEDALE CRESCENT; Vehicle #1     Make: HYUN     Model: SAN     Colour: WHI     Style: TY; Vehicle #2     Make: MNNI     Model: CTY     Colour: WHI     Style: SW,5/3/2021 10:41:22 AM,537442.595,4807904.343
49747,19240776,10/10/2019 4:30:00 PM,2019,10,10,16,30,0,Thursday,542744.251,4812639.97,-80.471582,43.465459,Intersection related,2,P.D. only,Right turn lane,unknown,unknown,Rear end,Unknown,Daylight,01 - Daylight,Municipal (excl. Twp. Rd.),Stop sign,unknown,0,0,0,FALSE,FALSE,FALSE,Clear,,TRUE,Road 1: WELLINGTON ST N; Road 2: 7&8 RAMP KITCHENER; Vehicle #1     Make: NISS     Model: A2B     Colour: SIL     Style: 4D; Vehicle #2     Make: HOND     Model: FB2     Colour: SIL     Style: 4D,5/3/2021 10:39:16 AM,542744.251,4812639.97
49748,19240903,10/11/2019 4:00:00 PM,2019,10,11,16,0,0,Friday,540874.0169,4811048.137,-80.494821,43.45123,Intersection related,2,P.D. only,Thru lane,unknown,unknown,Sideswipe,Unknown,Daylight,01 - Daylight,Municipal (excl. Twp. Rd.),Stop sign,unknown,0,0,0,FALSE,FALSE,FALSE,Clear,,TRUE,Road 1: WATER ST S; Road 2: HALLS LN; Vehicle #1     Make:      Model:      Colour:      Style: ; Vehicle #2     Make: TOYT     Model: UCS     Colour: SIL     Style: 4D,5/3/2021 10:39:27 AM,540874.0169,4811048.137
49749,19241065,10/11/2019 7:25:00 PM,2019,10,11,19,25,0,Friday,540436.0314,4805970.3,-80.500611,43.405533,Non intersection,2,Non-reportable,Thru lane,unknown,unknown,Rear end,Unknown,Dark,07 - Dark,Municipal (excl. Twp. Rd.),No control,unknown,0,0,0,FALSE,FALSE,FALSE,Clear,,TRUE,Road 1: MAX BECKER DR KITCHENER; Road 2: IFO ENT SHOPPING MALL STOP TO CHECK FOR TRAFFIC COMING FROM RIGHT; Vehicle #1     Make: SUBA     Model: XVC     Colour: SIL     Style: TY; Vehicle #2     Make: VOLK     Model: JET     Colour: WHI     Style: 4D,5/3/2021 10:38:32 AM,540436.0314,4805970.3
49750,19241125,10/11/2019 7:45:00 PM,2019,10,11,19,45,0,Friday,545275.2602,4806435.49,-80.440809,43.409445,Intersection related,2,P.D. only,Right turn lane,unknown,unknown,Rear end,Stop sign,Dark,07 - Dark,Municipal (excl. Twp. Rd.),Stop sign,Functioning,0,0,0,FALSE,FALSE,FALSE,Clear,,TRUE,Road 1: WILSON AVE; Road 2: WABANAKI DR; Vehicle #1     Make:      Model:      Colour:      Style: ; Vehicle #2     Make: FIAT     Model: 5LG     Colour: RED     Style: 2B,5/3/2021 10:39:26 AM,545275.2602,4806435.49
49751,19241205,10/11/2019 10:48:00 PM,2019,10,11,22,48,0,Friday,545277.2703,4811934.109,-80.440328,43.458954,Non intersection,2,P.D. only,Thru lane,unknown,unknown,SMV unattended vehicle,Unknown,Dark,07 - Dark,Municipal (excl. Twp. Rd.),No control,unknown,1,0,0,FALSE,FALSE,FALSE,Clear,,FALSE,Road 1: 77 QUEENSTON DR (50 km/h); Road 2: QUEENSTON DR; Distance: 3.0 M S; Vehicle #1     Make: DODG     Model: CAR     Colour: WHI     Style: VN; Vehicle #2     Make: GMC     Model: CAN     Colour: BLK     Style: PK,5/3/2021 10:37:06 AM,545277.2703,4811934.109
49752,19241450,10/12/2019 7:40:00 AM,2019,10,12,7,40,0,Saturday,543023.1639,4812775.324,-80.468124,43.466662,Non intersection,2,Non-reportable,Thru lane,unknown,unknown,Sideswipe,Unknown,Daylight,01 - Daylight,Municipal (excl. Twp. Rd.),No control,unknown,0,0,0,FALSE,FALSE,FALSE,Clear,,TRUE,Road 1: WELLINGTON ST N; Road 2: RIVERBEND DR; Vehicle #1     Make: GMC     Model: SIE     Colour: RED     Style: DP; Vehicle #2     Make:      Model:      Colour:      Style:,5/3/2021 10:38:32 AM,543023.1639,4812775.324
49753,19241706,10/12/2019 3:00:00 PM,2019,10,12,15,0,0,Saturday,542361.3874,4810257.874,-80.4765,43.444032,Non intersection,2,P.D. only,Thru lane,unknown,unknown,Rear end,Unknown,Daylight,01 - Daylight,Regional municipality,No control,unknown,0,0,0,FALSE,FALSE,FALSE,Clear,,TRUE,Road 1: KING ST E; Road 2: STIRLING AVE N; Vehicle #1     Make: FORD     Model: FSA     Colour: RED     Style: 4D; Vehicle #2     Make: AUDI     Model: S3P     Colour: WHI     Style: 4D,5/3/2021 10:37:52 AM,542361.3874,4810257.874
49754,19242268,10/2/2019 12:15:00 PM,2019,10,2,12,15,0,Wednesday,541309.7769,4803365.584,-80.490017,43.382032,Non intersection,2,Non-reportable,Thru lane,unknown,unknown,Angle,Unknown,Daylight,01 - Daylight,Municipal (excl. Twp. Rd.),No control,unknown,0,0,0,FALSE,FALSE,FALSE,Rain,,TRUE,Road 1: 1415 HURON RD; Vehicle #1     Make: MAZD     Model: M3S     Colour: SIL     Style: 4D; Vehicle #2     Make:      Model:      Colour:      Style:,5/3/2021 10:38:30 AM,541309.7769,4803365.584
49755,19242281,10/3/2019 12:30:00 PM,2019,10,3,12,30,0,Thursday,538251.2004,4809876.229,-80.527319,43.440817,Intersection related,2,Non-reportable,Thru lane,unknown,unknown,Rear end,Unknown,Daylight,01 - Daylight,Municipal (excl. Twp. Rd.),Stop sign,Functioning,0,0,0,FALSE,FALSE,FALSE,Clear,,TRUE,Road 1: HAZELGLEN DR; Road 2: DALEGROVE DR; Vehicle #1     Make: MITS     Model: OUT     Colour: GRY     Style: TY; Vehicle #2     Make:      Model:      Colour:      Style:,5/3/2021 10:39:52 AM,538251.2004,4809876.229
49756,19242369,10/13/2019 1:40:00 PM,2019,10,13,13,40,0,Sunday,538545.8851,4809719.355,-80.523689,43.439389,At/near private drive,2,P.D. only,Off highway,unknown,unknown,SMV other,Unknown,Daylight,01 - Daylight,Municipal (excl. Twp. Rd.),No control,unknown,0,0,0,FALSE,FALSE,FALSE,Clear,,FALSE,Road 1: 24 MOOREGATE CRES (50 km/h); Road 2: MOOREGATE CRES; Distance: 3.0 M S; Vehicle #1     Make: TOYT     Model: UCS     Colour: BRN     Style: 4D,5/3/2021 10:40:55 AM,538545.8851,4809719.355
49757,19243011,10/14/2019 12:00:00 PM,2019,10,14,12,0,0,Monday,536712.3284,4808927.955,-80.546399,43.432356,Non intersection,2,Non-reportable,Thru lane,unknown,unknown,SMV unattended vehicle,Unknown,Daylight,01 - Daylight,Municipal (excl. Twp. Rd.),No control,unknown,0,0,0,FALSE,FALSE,FALSE,Clear,,TRUE,Road 1: WESTFOREST TRAIL (IFO 335); Road 2: VICTORIA ST S; Vehicle #1     Make: HOND     Model: CRV     Colour: SIL     Style: TY; Vehicle #2     Make: HOND     Model: ATR     Colour: WHI     Style: 4D,5/3/2021 10:37:40 AM,536712.3284,4808927.955
49758,19243210,10/14/2019 5:58:00 PM,2019,10,14,17,58,0,Monday,542784.9815,4804145.221,-80.471744,43.388969,Intersection related,2,P.D. only,Within intersection,unknown,unknown,Rear end,Unknown,Daylight,01 - Daylight,Municipal (excl. Twp. Rd.),unknown,Functioning,0,0,0,FALSE,FALSE,FALSE,Clear,,TRUE,Road 1: NEWCASTLE DR; Road 2: HURON RD; Vehicle #1     Make: MAZD     Model: CX9     Colour: BLK     Style: TY; Vehicle #2     Make: HOND     Model: UAX     Colour: GRY     Style: 4D,5/3/2021 10:39:30 AM,542784.9815,4804145.221
49759,19243317,10/14/2019 8:30:00 PM,2019,10,14,20,30,0,Monday,541822.7121,4808941.184,-80.483258,43.432207,At/near private drive,1,Non-fatal injury,Thru lane,unknown,unknown,SMV other,Unknown,"Dark, artificial","08 - Dark, artificial",Municipal (excl. Twp. Rd.),No control,unknown,1,0,0,TRUE,FALSE,FALSE,Clear,,FALSE,Road 1: MEINZINGER AVE (50 km/h); Road 2: HOFFMAN ST; Distance: 40.0 M N; Vehicle #1     Make:      Model:      Colour:      Style:,5/3/2021 10:40:54 AM,541822.7121,4808941.184
49760,19243549,10/15/2019 7:30:00 AM,2019,10,15,7,30,0,Tuesday,541269.7252,4809005.719,-80.490085,43.432819,At/near private drive,2,P.D. only,Thru lane,unknown,unknown,Angle,Unknown,Daylight,01 - Daylight,Municipal (excl. Twp. Rd.),No control,unknown,0,0,0,FALSE,FALSE,FALSE,Clear,,TRUE,Road 1: 150 HEIMAN ST; Vehicle #1     Make: TOYT     Model: CYR     Colour: SIL     Style: 4B; Vehicle #2     Make: CHEV     Model: RAX     Colour: RED     Style: TY,5/3/2021 10:41:34 AM,541269.7252,4809005.719
49761,19243652,10/15/2019 10:45:00 AM,2019,10,15,10,45,0,Tuesday,539079.0503,4811110.277,-80.517001,43.451886,Intersection related,2,P.D. only,Within intersection,unknown,unknown,Sideswipe,Unknown,Daylight,01 - Daylight,Municipal (excl. Twp. Rd.),Traffic signal,unknown,0,0,0,FALSE,FALSE,FALSE,Clear,,TRUE,Road 1: GLASGOW ST; Road 2: BELMONT AVE W; Vehicle #1     Make: CHEV     Model: EQU     Colour: RED     Style: TY; Vehicle #2     Make: KIA     Model: SPO     Colour: BLU     Style: TY,5/3/2021 10:39:43 AM,539079.0503,4811110.277
49762,19243698,9/25/2019 9:05:00 AM,2019,9,25,9,5,0,Wednesday,546300.418,4808614.285,-80.427963,43.429,Non intersection,2,P.D. only,Right shoulder,unknown,unknown,SMV unattended vehicle,Unknown,Daylight,01 - Daylight,Municipal (excl. Twp. Rd.),No control,unknown,0,0,0,FALSE,FALSE,FALSE,Clear,,TRUE,Road 1: 392 SOUTHILL DR; Vehicle #1     Make:      Model:      Colour:      Style: ; Vehicle #2     Make: VOLK     Model: JTT     Colour: SIL     Style: 4D,4/9/2021 5:53:02 PM,546300.418,4808614.285
49763,19243747,10/15/2019 1:00:00 PM,2019,10,15,13,0,0,Tuesday,538628.2232,4811281.912,-80.522561,43.453455,At intersection,2,P.D. only,Within intersection,unknown,unknown,Angle,Unknown,Daylight,01 - Daylight,Municipal (excl. Twp. Rd.),Stop sign,unknown,0,0,0,FALSE,FALSE,FALSE,Clear,,TRUE,Road 1: DUNBAR RD; Road 2: UNION BLVD; Vehicle #1     Make: NISS     Model: SML     Colour: BLK     Style: 4D; Vehicle #2     Make: MERZ     Model: GK3     Colour: BLK     Style: TY,5/3/2021 10:40:27 AM,538628.2232,4811281.912
49764,19243845,10/15/2019 2:45:00 PM,2019,10,15,14,45,0,Tuesday,539282.6235,4808119.633,-80.5147,43.424947,Non intersection,2,P.D. only,Thru lane,unknown,unknown,Sideswipe,Unknown,Daylight,01 - Daylight,Municipal (excl. Twp. Rd.),No control,unknown,0,0,0,FALSE,FALSE,FALSE,Clear,,TRUE,Road 1: 71 BIRCHCLIFF AVE (NEAT ST PAULS CATHOLIC SCHOOL); Vehicle #1     Make: DODG     Model: CAR     Colour: RED     Style: VN; Vehicle #2     Make:      Model:      Colour:      Style:,5/3/2021 10:37:53 AM,539282.6235,4808119.633