OBJECTID,ACCIDENTNUM,ACCIDENTDATE,ACCIDENT_YEAR,ACCIDENT_MONTH,ACCIDENT_DAY,ACCIDENT_HOUR,ACCIDENT_MINUTE,ACCIDENT_SECOND,ACCIDENT_WEEKDAY,XCOORD,YCOORD,LONGITUDE,LATITUDE,ACCIDENTLOCATION,COLLISIONTYPE,CLASSIFICATIONOFACCIDENT,IMPACTLOCATION,INITIALDIRECTIONOFTRAVELONE,INITIALDIRECTIONOFTRAVELTWO,INITIALIMPACTTYPE,INTTRAFFICCONTROL,LIGHT,LIGHTFORREPORT,ROADJURISDICTION,TRAFFICCONTROL,TRAFFICCONTROLCONDITION,THRULANENO,NORTHBOUNDDISOBEYCOUNT,SOUTHBOUNDDISOBEYCOUNT,PEDESTRIANINVOLVED,CYCLISTINVOLVED,MOTORCYCLISTINVOLVED,ENVIRONMENTCONDITION1,ENVIRONMENTCONDITION2,SELFREPORTED,XMLIMPORTNOTES,LASTEDITEDDATE,x,y
49765,19244301,10/16/2019 7:25:00 AM,2019,10,16,7,25,0,Wednesday,544089.4948,4804627.182,-80.4556,43.393234,At intersection,2,P.D. only,Within intersection,unknown,unknown,SMV other,Unknown,Daylight,01 - Daylight,Municipal (excl. Twp. Rd.),unknown,Functioning,0,0,0,TRUE,FALSE,FALSE,Rain,,FALSE,Road 1: BLACK WALNUT DR (50 km/h); Road 2: BIEHN DR (50 km/h); Vehicle #1     Make:      Model:      Colour:      Style: ; Vehicle #2     Make:      Model:      Colour:      Style:,5/3/2021 10:40:14 AM,544089.4948,4804627.182
49766,19244546,10/16/2019 1:18:00 PM,2019,10,16,13,18,0,Wednesday,543175.5047,4807694.792,-80.466643,43.420908,Non intersection,2,P.D. only,Not on roadway - right side,unknown,unknown,SMV other,Unknown,Daylight,01 - Daylight,Municipal (excl. Twp. Rd.),No control,unknown,0,0,0,FALSE,FALSE,FALSE,Clear,,FALSE,Road 1: LENNOX LEWIS WAY (50 km/h); Road 2: BLOCK LINE RD; Distance: 200.0 M W; Vehicle #1     Make: VOLK     Model: A5J     Colour: SIL     Style: 4D,5/3/2021 10:38:22 AM,543175.5047,4807694.792
49767,19244657,10/16/2019 3:30:00 PM,2019,10,16,15,30,0,Wednesday,545274.3076,4806434.045,-80.440821,43.409432,At intersection,2,P.D. only,Within intersection,unknown,unknown,Angle,Stop sign,Daylight,01 - Daylight,Municipal (excl. Twp. Rd.),Stop sign,Functioning,0,0,0,FALSE,FALSE,FALSE,Clear,,TRUE,Road 1: WILSON AVE; Road 2: WABANAKI DR; Vehicle #1     Make: FORD     Model: SRW     Colour: SIL     Style: CT; Vehicle #2     Make: HOND     Model: UEX     Colour: SIL     Style: 4D,5/3/2021 10:40:28 AM,545274.3076,4806434.045
49768,19244889,10/15/2019 8:30:00 AM,2019,10,15,8,30,0,Tuesday,539567.1957,4811427.412,-80.510945,43.454716,Intersection related,2,Non-reportable,Thru lane,unknown,unknown,Angle,Unknown,Daylight,01 - Daylight,Municipal (excl. Twp. Rd.),Stop sign,Functioning,0,0,0,FALSE,FALSE,FALSE,Clear,,TRUE,Road 1: PARK ST; Road 2: GREEN ST; Vehicle #1     Make:      Model:      Colour:      Style: ; Vehicle #2     Make: KIA     Model: SPO     Colour: GRY     Style: TY,5/3/2021 10:39:50 AM,539567.1957,4811427.412
49769,19244915,10/16/2019 3:20:00 PM,2019,10,16,15,20,0,Wednesday,545855.8084,4804741.365,-80.433781,43.394156,Intersection related,2,P.D. only,Left turn lane,unknown,unknown,Rear end,Unknown,Daylight,01 - Daylight,Municipal (excl. Twp. Rd.),Stop sign,unknown,0,0,0,FALSE,FALSE,FALSE,Clear,,TRUE,Road 1: OLD CARRIAGE DR; Road 2: PIONEER DR; Vehicle #1     Make: NISS     Model: SML     Colour: GRY     Style: 4D; Vehicle #2     Make: MAZD     Model: CX9     Colour: SIL     Style: TY,5/3/2021 10:39:24 AM,545855.8084,4804741.366
49770,19245352,10/16/2019 6:45:00 PM,2019,10,16,18,45,0,Wednesday,545033.7687,4807867.751,-80.443674,43.422356,Intersection related,2,P.D. only,Thru lane,unknown,unknown,Sideswipe,Unknown,Dark,07 - Dark,Municipal (excl. Twp. Rd.),Traffic signal,Functioning,0,0,0,FALSE,FALSE,FALSE,Rain,,TRUE,Road 1: KINGSWAY DR; Road 2: WILSON AVE; Vehicle #1     Make: VOLK     Model: JSA     Colour: WHI     Style: 4D; Vehicle #2     Make: DODG     Model: CHA     Colour: RED     Style: 4D,5/3/2021 10:39:10 AM,545033.7687,4807867.751
49771,19245481,10/17/2019 11:00:00 AM,2019,10,17,11,0,0,Thursday,541874.597,4810743.784,-80.482479,43.448435,At intersection,2,P.D. only,Thru lane,unknown,unknown,Other,Unknown,Daylight,01 - Daylight,Municipal (excl. Twp. Rd.),unknown,Functioning,0,0,0,FALSE,FALSE,FALSE,Clear,,TRUE,Road 1: DUKE ST KITCHENER; Road 2: CEDAR ST; Vehicle #1     Make:      Model:      Colour:      Style: ; Vehicle #2     Make: ACUR     Model: CSX     Colour: SIL     Style: 4D,4/27/2022 10:41:41 AM,541874.597,4810743.784
49772,19245483,10/16/2019 8:00:00 PM,2019,10,16,20,0,0,Wednesday,542095.8673,4809821.532,-80.479815,43.440118,Non intersection,2,P.D. only,Thru lane,unknown,unknown,Other,Unknown,Dark,07 - Dark,Municipal (excl. Twp. Rd.),No control,unknown,0,0,0,FALSE,FALSE,FALSE,Clear,,TRUE,Road 1: 175 KENT AVE; Vehicle #1     Make: CHEV     Model: 2KN     Colour: WHI     Style: PK; Vehicle #2     Make: HOND     Model: UCD     Colour: SIL     Style: 4D,5/3/2021 10:38:35 AM,542095.8673,4809821.532
49773,19245628,10/17/2019 1:00:00 PM,2019,10,17,13,0,0,Thursday,539890.9487,4808073.446,-80.507189,43.424499,At/near private drive,2,Non-reportable,Thru lane,unknown,unknown,SMV unattended vehicle,Unknown,Daylight,01 - Daylight,Municipal (excl. Twp. Rd.),No control,unknown,0,0,0,FALSE,FALSE,FALSE,Clear,,TRUE,Road 1: 244 STONEY BROOK DR KITCHENER; Vehicle #1     Make: BUIC     Model: ENR     Colour: GRY     Style: TY; Vehicle #2     Make:      Model:      Colour:      Style:,5/3/2021 10:41:45 AM,539890.9487,4808073.446
49774,19245716,10/17/2019 8:00:00 PM,2019,10,17,20,0,0,Thursday,540216.8773,4805819.278,-80.503328,43.404185,At intersection,2,P.D. only,Thru lane,unknown,unknown,SMV other,Unknown,Dark,07 - Dark,Municipal (excl. Twp. Rd.),unknown,Functioning,1,0,0,FALSE,FALSE,FALSE,Clear,,FALSE,Road 1: COMMONWEALTH ST (50 km/h); Road 2: MAX BECKER DR (50 km/h); Vehicle #1     Make: SUBA     Model: IMP     Colour: SIL     Style: SW,5/3/2021 10:40:13 AM,540216.8773,4805819.278
49775,19245752,10/17/2019 3:00:00 PM,2019,10,17,15,0,0,Thursday,540466.3187,4810914.682,-80.49987,43.450051,At/near private drive,2,P.D. only,Thru lane,unknown,unknown,Other,Unknown,Daylight,01 - Daylight,Regional municipality,No control,unknown,0,0,0,FALSE,FALSE,FALSE,Clear,,TRUE,Road 1: OAK ST; Road 2: VICTORIA ST S; Vehicle #1     Make: TOYT     Model: UXS     Colour: GRY     Style: 4D; Vehicle #2     Make: HYUN     Model: ELA     Colour: GRY     Style: 4D,5/3/2021 10:41:24 AM,540466.3187,4810914.682
49776,19246052,10/18/2019 9:15:00 AM,2019,10,18,9,15,0,Friday,547652.4146,4804030.589,-80.41166,43.387644,Non intersection,2,P.D. only,Left turn lane,unknown,unknown,Sideswipe,Unknown,Daylight,01 - Daylight,Municipal (excl. Twp. Rd.),No control,unknown,0,0,0,FALSE,FALSE,FALSE,Clear,,TRUE,Road 1: CONESTOGA COLLEGE BLVD (LOWER DOON); Vehicle #1     Make: HYUN     Model: ESS     Colour: WHI     Style: 4D; Vehicle #2     Make: MITS     Model: LGT     Colour: BLK     Style: 4D,8/16/2022 2:55:36 PM,547652.4146,4804030.589
49777,19246243,10/18/2019 12:45:00 PM,2019,10,18,12,45,0,Friday,545483.4125,4808404.994,-80.438074,43.427166,At/near private drive,2,P.D. only,Thru lane,unknown,unknown,Angle,Unknown,Daylight,01 - Daylight,Municipal (excl. Twp. Rd.),No control,unknown,0,0,0,FALSE,FALSE,FALSE,Clear,,TRUE,Road 1: 2885 KINGSWAY DR; Vehicle #1     Make: TOYT     Model: CBL     Colour: GRY     Style: 4D; Vehicle #2     Make: CHRY     Model: 2LX     Colour: SIL     Style: 4D,5/3/2021 10:41:25 AM,545483.4125,4808404.994
49778,19246307,10/18/2019 8:00:00 AM,2019,10,18,8,0,0,Friday,543286.661,4804333.787,-80.465536,43.390639,At/near private drive,2,Non-reportable,Thru lane,unknown,unknown,SMV unattended vehicle,Unknown,Daylight,01 - Daylight,Municipal (excl. Twp. Rd.),No control,unknown,0,0,0,FALSE,FALSE,FALSE,Clear,,TRUE,Road 1: 3 TEMPLEWOOD DRIVE; Vehicle #1     Make:      Model:      Colour:      Style: ; Vehicle #2     Make: TOYT     Model: MTL     Colour: SIL     Style: 4D,5/3/2021 10:41:46 AM,543286.661,4804333.787
49779,19246375,10/18/2019 3:40:00 PM,2019,10,18,15,40,0,Friday,543840.7987,4811147.11,-80.458147,43.451954,At intersection,2,P.D. only,Within intersection,unknown,unknown,Angle,Unknown,Daylight,01 - Daylight,Municipal (excl. Twp. Rd.),Stop sign,Functioning,0,0,0,FALSE,FALSE,FALSE,Clear,,TRUE,Road 1: WEDGEWOOD DR; Road 2: LYNDHURST DR; Vehicle #1     Make: TOYT     Model: UXS     Colour: GRY     Style: 4D; Vehicle #2     Make: TOYT     Model: CXL     Colour: GRY     Style: 4D,5/3/2021 10:40:29 AM,543840.7987,4811147.11
49780,19246395,10/18/2019 4:45:00 PM,2019,10,18,16,45,0,Friday,544176.5255,4807686.96,-80.454278,43.420779,Non intersection,2,P.D. only,Thru lane,unknown,unknown,Other,Unknown,Daylight,01 - Daylight,Municipal (excl. Twp. Rd.),No control,unknown,0,0,0,FALSE,FALSE,FALSE,Clear,,TRUE,Road 1: 341 TRAYNOR AVE VANIER; Vehicle #1     Make: KIA     Model: RIO     Colour: BLU     Style: 4B; Vehicle #2     Make:      Model:      Colour:      Style:,5/3/2021 10:37:57 AM,544176.5255,4807686.96
49781,19246426,10/18/2019 11:30:00 AM,2019,10,18,11,30,0,Friday,544791.4114,4805227.243,-80.446884,43.398595,Non intersection,2,P.D. only,Thru lane,unknown,unknown,Rear end,Unknown,Daylight,01 - Daylight,Regional municipality,No control,unknown,0,0,0,FALSE,FALSE,FALSE,Clear,,TRUE,Road 1: DOON VILLAGE RD; Road 2: HOMER WATSON BLVD; Distance: 50.0 M; Vehicle #1     Make: BUIC     Model: AXL     Colour: WHI     Style: 4D; Vehicle #2     Make: ISU     Model: NRR     Colour: RED     Style: CB; Vehicle #3     Make: FORD     Model: SRW  ,5/3/2021 10:37:26 AM,544791.4114,4805227.243
49782,19246475,10/18/2019 4:30:00 PM,2019,10,18,16,30,0,Friday,538996.4945,4811173.263,-80.518017,43.452457,Intersection related,2,P.D. only,Thru lane,unknown,unknown,Sideswipe,Unknown,Daylight,01 - Daylight,Municipal (excl. Twp. Rd.),Stop sign,Functioning,0,0,0,FALSE,FALSE,FALSE,Clear,,TRUE,Road 1: BELMONT AVE W; Road 2: ROCK AVE; Vehicle #1     Make: KIA     Model: SOU     Colour: SIL     Style: TY; Vehicle #2     Make: FORD     Model: FMS     Colour: BLK     Style: 4D,5/3/2021 10:39:28 AM,538996.4945,4811173.263
49783,19246631,10/18/2019 8:30:00 PM,2019,10,18,20,30,0,Friday,541385.5852,4810626.001,-80.488531,43.447401,At/near private drive,2,Non-reportable,Thru lane,unknown,unknown,SMV unattended vehicle,Unknown,Dark,07 - Dark,Municipal (excl. Twp. Rd.),No control,unknown,0,0,0,FALSE,FALSE,FALSE,Clear,,TRUE,Road 1: CHURCH ST; Road 2: BENTON ST; Vehicle #1     Make:      Model:      Colour:      Style: ; Vehicle #2     Make: NISS     Model: SBL     Colour: BLK     Style: 4D,8/16/2022 2:55:16 PM,541385.5852,4810626.001
49784,19246782,10/19/2019 1:41:00 AM,2019,10,19,1,41,0,Saturday,543724.403,4808720.336,-80.45978,43.43011,At/near private drive,2,Non-reportable,Thru lane,unknown,unknown,SMV unattended vehicle,Unknown,Dark,07 - Dark,Municipal (excl. Twp. Rd.),No control,unknown,0,0,0,FALSE,FALSE,FALSE,Clear,,TRUE,Road 1: 226 SHELLEY DR; Vehicle #1     Make: CHRY     Model: 2LM     Colour: BLU     Style: 4D; Vehicle #2     Make:      Model:      Colour:      Style:,5/3/2021 10:41:46 AM,543724.403,4808720.337
49785,19246896,10/19/2019 8:10:00 AM,2019,10,19,8,10,0,Saturday,539459.7801,4805579.443,-80.512695,43.402066,Non intersection,2,P.D. only,Thru lane,unknown,unknown,SMV unattended vehicle,Unknown,Daylight,01 - Daylight,Municipal (excl. Twp. Rd.),No control,unknown,0,0,0,FALSE,FALSE,FALSE,Clear,,TRUE,Road 1: ACTIVA AVE; Road 2: HENHOEFFER CRESCENT; Vehicle #1     Make: MAZD     Model: M3I     Colour: GRY     Style: 4D; Vehicle #2     Make: HOND     Model: ULX     Colour: BGE     Style: 4D,5/3/2021 10:37:58 AM,539459.7801,4805579.443
49786,19247383,10/19/2019 9:35:00 PM,2019,10,19,21,35,0,Saturday,543129.8098,4811430.154,-80.466912,43.454544,At intersection,2,P.D. only,Within intersection,unknown,unknown,Angle,Unknown,Dark,07 - Dark,Municipal (excl. Twp. Rd.),Stop sign,Functioning,0,1,0,FALSE,FALSE,FALSE,Clear,,FALSE,Road 1: KRUG ST (50 km/h); Road 2: BECKER ST (50 km/h); Vehicle #1     Make: HYUN     Model: SAN     Colour: GRN     Style: TY; Vehicle #2     Make: TOYT     Model: SXB     Colour: RED     Style: TY,5/3/2021 10:40:13 AM,543129.8098,4811430.154
49787,19247585,10/20/2019 2:30:00 AM,2019,10,20,2,30,0,Sunday,543537.1203,4804757.955,-80.46241,43.394443,At/near private drive,2,P.D. only,Thru lane,unknown,unknown,SMV unattended vehicle,Unknown,Dark,07 - Dark,Municipal (excl. Twp. Rd.),No control,unknown,1,0,0,FALSE,FALSE,FALSE,Clear,,FALSE,Road 1: 314 OLD HURON RD (50 km/h); Road 2: OLD HURON RD; Distance: 1.0 M N; Vehicle #1     Make: TOYT     Model: UVL     Colour: BLU     Style: 4D; Vehicle #2     Make: DODG     Model: CHS     Colour: RED     Style: 4D,5/3/2021 10:40:55 AM,543537.1203,4804757.955
49788,19247608,10/20/2019 3:30:00 AM,2019,10,20,3,30,0,Sunday,544227.199,4808397.576,-80.453594,43.427174,At/near private drive,2,P.D. only,Not on roadway - right side,unknown,unknown,SMV other,Unknown,Dark,07 - Dark,Municipal (excl. Twp. Rd.),No control,unknown,0,0,0,FALSE,FALSE,FALSE,Clear,,FALSE,Road 1: 180 WILSON AVE (50 km/h); Road 2: WILSON; Distance: 1.0 M W; Vehicle #1     Make: HOND     Model: UCL     Colour: BLU     Style: 4D,5/3/2021 10:40:56 AM,544227.199,4808397.576
49789,19248323,10/21/2019 7:30:00 AM,2019,10,21,7,30,0,Monday,542038.4361,4811836.115,-80.48037,43.458261,At/near private drive,2,P.D. only,Thru lane,unknown,unknown,Approaching,Unknown,Dawn,03 - Dawn,Municipal (excl. Twp. Rd.),No control,unknown,0,0,0,FALSE,FALSE,FALSE,Clear,,TRUE,Road 1: CHESTNUT ST; Road 2: VICTORIA ST N; Vehicle #1     Make: MAZD     Model: M3I     Colour: WHI     Style: 4D; Vehicle #2     Make: TOYT     Model: BPL     Colour: GRY     Style: 4D; Vehicle #3     Make: NISS     Model: ROG     Colour: SIL     Style:,5/3/2021 10:41:03 AM,542038.4361,4811836.115
49790,19248578,10/21/2019 1:45:00 PM,2019,10,21,13,45,0,Monday,538139.768,4808871.027,-80.528766,43.431772,Non intersection,2,P.D. only,Thru lane,unknown,unknown,SMV unattended vehicle,Unknown,Daylight,01 - Daylight,Municipal (excl. Twp. Rd.),No control,unknown,1,0,0,FALSE,FALSE,FALSE,Clear,,FALSE,Road 1: 71 BANKSIDE DR (50 km/h); Road 2: BANKSIDE DR; Distance: 5.0 M W; Vehicle #1     Make: DODG     Model: CJO     Colour: RED     Style: TY; Vehicle #2     Make: HOND     Model: CCL     Colour: BLK     Style: 4D,5/3/2021 10:37:05 AM,538139.768,4808871.027
49791,19248591,10/21/2019 10:20:00 AM,2019,10,21,10,20,0,Monday,544650.3519,4810888.496,-80.448163,43.449577,Intersection related,2,Non-reportable,Thru lane,unknown,unknown,Other,Unknown,Daylight,01 - Daylight,Regional municipality,unknown,Functioning,0,0,0,FALSE,FALSE,FALSE,Clear,,TRUE,Road 1: MIDLAND DR; Road 2: OTTAWA ST N; Vehicle #1     Make: FORD     Model: SPE     Colour: RED     Style: TY; Vehicle #2     Make: HOND     Model: ACC     Colour: GRY     Style: 4D,8/16/2022 3:01:53 PM,544650.3519,4810888.496
49792,19248776,10/21/2019 5:00:00 PM,2019,10,21,17,0,0,Monday,541787.763,4810799.756,-80.483547,43.448944,Intersection related,2,Non-reportable,Thru lane,unknown,unknown,Angle,Unknown,Daylight,01 - Daylight,Municipal (excl. Twp. Rd.),Stop sign,unknown,0,0,0,FALSE,FALSE,FALSE,Clear,,TRUE,Road 1: 130 DUKE ST E; Vehicle #1     Make: TOYT     Model: VEN     Colour: BRN     Style: TY; Vehicle #2     Make: DODG     Model: CAR     Colour: SIL     Style: VN,5/3/2021 10:39:13 AM,541787.763,4810799.756
49793,19248789,10/21/2019 5:00:00 PM,2019,10,21,17,0,0,Monday,542531.631,4809425.243,-80.474461,43.436526,Intersection related,2,P.D. only,Within intersection,unknown,unknown,Turning movement,Unknown,Daylight,01 - Daylight,Municipal (excl. Twp. Rd.),Stop sign,Functioning,0,0,0,FALSE,FALSE,FALSE,Clear,,TRUE,Road 1: SYDNEY ST S; Road 2: BEDFORD RD; Vehicle #1     Make: TOYT     Model: CYR     Colour: RED     Style: 4B; Vehicle #2     Make: NISS     Model: ROG     Colour: SIL     Style: TY,5/3/2021 10:39:53 AM,542531.631,4809425.243
49794,19248857,10/20/2019 9:30:00 AM,2019,10,20,9,30,0,Sunday,545187.5727,4813354.574,-80.441319,43.471749,Intersection related,2,Non-reportable,Thru lane,unknown,unknown,Rear end,Unknown,Daylight,01 - Daylight,Regional municipality,Traffic signal,Functioning,0,0,0,FALSE,FALSE,FALSE,Clear,,TRUE,Road 1: BINGEMANS CENTRE DR; Road 2: VICTORIA ST N; Vehicle #1     Make:      Model:      Colour:      Style: ; Vehicle #2     Make: HYUN     Model: ESM     Colour: WHI     Style: 4D,5/3/2021 10:39:12 AM,545187.5727,4813354.574
49795,19249516,10/22/2019 5:00:00 PM,2019,10,22,17,0,0,Tuesday,542642.988,4811850.398,-80.472896,43.458355,Intersection related,2,P.D. only,Within intersection,unknown,unknown,Angle,Unknown,Daylight,01 - Daylight,Municipal (excl. Twp. Rd.),Traffic signal,Functioning,0,0,0,FALSE,FALSE,FALSE,Clear,,TRUE,Road 1: FREDERICK ST; Road 2: RIVER RD E ROSEMOUNT KITCHENER; Vehicle #1     Make: LEXS     Model: RX5     Colour: GRY     Style: TY; Vehicle #2     Make: BUIC     Model: ALC     Colour: BLK     Style: 4D,4/9/2021 5:53:58 PM,542642.988,4811850.398
49796,19249552,10/22/2019 5:40:00 PM,2019,10,22,17,40,0,Tuesday,541765.2166,4814527.019,-80.48354,43.482505,Non intersection,2,Non-reportable,Thru lane,unknown,unknown,Sideswipe,Unknown,Daylight,01 - Daylight,Regional municipality,No control,unknown,0,0,0,FALSE,FALSE,FALSE,Clear,,TRUE,Road 1: BRIDGE STREET E; Road 2: LANCASTER ST W; Vehicle #1     Make: FORD     Model: COF     Colour: BLK     Style: PK; Vehicle #2     Make:      Model:      Colour:      Style:,4/9/2021 5:53:31 PM,541765.2166,4814527.019
49797,19249707,10/22/2019 3:18:00 PM,2019,10,22,15,18,0,Tuesday,540679.5435,4811000.905,-80.497228,43.450816,Non intersection,2,Non-reportable,Thru lane,unknown,unknown,SMV unattended vehicle,Unknown,Daylight,01 - Daylight,Municipal (excl. Twp. Rd.),No control,unknown,0,0,0,FALSE,FALSE,FALSE,Clear,,TRUE,Road 1: FRANCIS ST S; Vehicle #1     Make:      Model:      Colour:      Style: ; Vehicle #2     Make: JEEP     Model: PRT     Colour: ONG     Style: TY,5/3/2021 10:37:18 AM,540679.5435,4811000.906
49798,19249918,10/23/2019 7:30:00 AM,2019,10,23,7,30,0,Wednesday,541095.949,4810141.783,-80.492147,43.443057,Non intersection,2,P.D. only,Thru lane,unknown,unknown,Other,Unknown,Daylight,01 - Daylight,Municipal (excl. Twp. Rd.),No control,unknown,0,0,0,FALSE,FALSE,FALSE,Clear,,TRUE,Road 1: BRUDER AVE; Road 2: BENTON ST KITCHENER; Vehicle #1     Make: HYUN     Model: TUC     Colour: GRY     Style: TY; Vehicle #2     Make: VOLV     Model: VXC     Colour: BLU     Style: 4W,4/9/2021 5:53:16 PM,541095.949,4810141.783
49799,19249969,10/23/2019 8:45:00 AM,2019,10,23,8,45,0,Wednesday,541074.2402,4811615.278,-80.492304,43.456326,At/near private drive,2,Non-reportable,Thru lane,unknown,unknown,Sideswipe,Unknown,Daylight,01 - Daylight,Municipal (excl. Twp. Rd.),No control,unknown,0,0,0,FALSE,FALSE,FALSE,Clear,,TRUE,Road 1: AHRENS ST W KITCHENER (NEAR 108 AHRENS); Vehicle #1     Make: SUBA     Model: IPR     Colour: GRY     Style: 4D; Vehicle #2     Make:      Model:      Colour:      Style:,4/9/2021 5:54:50 PM,541074.2402,4811615.278
49800,19250138,10/22/2019 11:00:00 AM,2019,10,22,11,0,0,Tuesday,541309.1397,4811090.982,-80.48944,43.451592,Non intersection,2,P.D. only,Right shoulder,unknown,unknown,SMV unattended vehicle,Unknown,Daylight,01 - Daylight,Municipal (excl. Twp. Rd.),No control,unknown,0,0,0,FALSE,FALSE,FALSE,Clear,,TRUE,Road 1: ONTARIO ST N; Road 2: DUKE ST W; Vehicle #1     Make:      Model:      Colour:      Style: ; Vehicle #2     Make: HOND     Model: ULX     Colour: BLK     Style: 4D,4/9/2021 5:53:15 PM,541309.1397,4811090.983
49801,19250242,10/21/2019 9:00:00 PM,2019,10,21,21,0,0,Monday,543315.9401,4809738.323,-80.464746,43.4393,Non intersection,2,Non-reportable,Thru lane,unknown,unknown,SMV unattended vehicle,Unknown,Dark,07 - Dark,Regional municipality,No control,unknown,0,0,0,FALSE,FALSE,FALSE,Clear,,TRUE,Road 1: JACKSON AVE; Road 2: KING ST E; Distance: 15.0 M N; Vehicle #1     Make:      Model:      Colour:      Style: ; Vehicle #2     Make: MERZ     Model: M35     Colour: BLK     Style: TY,5/3/2021 10:37:12 AM,543315.9401,4809738.323
49802,19250470,10/23/2019 1:30:00 PM,2019,10,23,13,30,0,Wednesday,540172.8038,4809414.596,-80.503608,43.43656,Intersection related,2,P.D. only,Thru lane,unknown,unknown,Rear end,Unknown,Daylight,01 - Daylight,Regional municipality,Traffic signal,Functioning,0,0,0,FALSE,FALSE,FALSE,Clear,,TRUE,Road 1: QUEEN'S BLVD; Road 2: BELMONT AVE E; Vehicle #1     Make: RAM     Model: DUR     Colour: BLU     Style: PK; Vehicle #2     Make:      Model:      Colour:      Style:,4/9/2021 5:53:49 PM,540172.8038,4809414.596
49803,19250598,10/24/2019 12:08:00 AM,2019,10,24,0,8,0,Thursday,545291.4121,4808843.972,-80.44041,43.43113,Other,2,P.D. only,Off highway,unknown,unknown,SMV other,Unknown,Dark,07 - Dark,Private property,No control,unknown,0,0,0,FALSE,FALSE,FALSE,Clear,,FALSE,Road 1: 2786; Road 2: KING ST E; Vehicle #1     Make: KIA     Model: RIO     Colour: WHI     Style: 4B,4/27/2022 10:43:00 AM,545291.4121,4808843.972
49804,19250899,10/24/2019 8:55:00 AM,2019,10,24,8,55,0,Thursday,543048.7949,4807460.099,-80.468226,43.418802,At intersection,2,P.D. only,Within intersection,unknown,unknown,Rear end,Unknown,Daylight,01 - Daylight,Municipal (excl. Twp. Rd.),Stop sign,Functioning,0,0,0,FALSE,FALSE,FALSE,Clear,,TRUE,Road 1: BLOCK LINE RD; Road 2: FALLOWFIELD DR; Vehicle #1     Make: FORD     Model: SRW     Colour: BLK     Style: CW; Vehicle #2     Make: HYUN     Model: TUC     Colour: GRY     Style: TY,4/9/2021 5:54:23 PM,543048.7949,4807460.099
49805,19251071,10/21/2019 10:45:00 AM,2019,10,21,10,45,0,Monday,539456.8439,4808971.686,-80.512486,43.43261,Non intersection,2,P.D. only,Thru lane,unknown,unknown,Turning movement,Unknown,Daylight,01 - Daylight,Regional municipality,No control,unknown,0,0,0,FALSE,FALSE,FALSE,Clear,,TRUE,Road 1: QUEEN'S BLVD; Road 2: WESTMOUNT RD; Vehicle #1     Make: HYUN     Model: TUC     Colour: SIL     Style: TY; Vehicle #2     Make: MERZ     Model: GLC     Colour: BLU     Style: TY,5/3/2021 10:38:47 AM,539456.8439,4808971.686
49806,19251114,10/24/2019 4:00:00 PM,2019,10,24,16,0,0,Thursday,541046.1455,4810725.064,-80.492718,43.448312,Non intersection,2,P.D. only,Thru lane,unknown,unknown,Angle,Unknown,Daylight,01 - Daylight,Municipal (excl. Twp. Rd.),No control,unknown,0,0,0,FALSE,FALSE,FALSE,Clear,,TRUE,Road 1: 20 DAVID ST KITCHENER; Vehicle #1     Make: MITS     Model: RVR     Colour: BLK     Style: TY; Vehicle #2     Make:      Model:      Colour:      Style:,4/9/2021 5:53:26 PM,541046.1455,4810725.064
49807,19251588,10/25/2019 8:30:00 AM,2019,10,25,8,30,0,Friday,541278.1894,4813233.569,-80.489661,43.470886,At intersection,2,P.D. only,Left turn lane,unknown,unknown,Rear end,Unknown,Daylight,01 - Daylight,Municipal (excl. Twp. Rd.),Stop sign,Functioning,0,0,0,FALSE,FALSE,FALSE,Clear,,TRUE,Road 1: UNION ST; Road 2: MOORE ST; Vehicle #1     Make: NISS     Model: VSL     Colour: BLK     Style: 4B; Vehicle #2     Make:      Model:      Colour:      Style:,4/9/2021 5:54:25 PM,541278.1894,4813233.569
49808,19251791,10/25/2019 1:29:00 PM,2019,10,25,13,29,0,Friday,545316.2699,4808200.693,-80.440156,43.425336,Non intersection,1,Non-fatal injury,Thru lane,unknown,unknown,SMV other,Unknown,Daylight,01 - Daylight,Municipal (excl. Twp. Rd.),No control,unknown,1,0,0,TRUE,FALSE,FALSE,Clear,,FALSE,Road 1: 2969 KINGSWAY DR (50 km/h); Road 2: KINGSWAY DR; Distance: 5.0 M S; Vehicle #1     Make: HYUN     Model: ACC     Colour: RED     Style: 4B,4/9/2021 5:53:17 PM,545316.2699,4808200.693
49809,19251821,10/24/2019 7:00:00 PM,2019,10,24,19,0,0,Thursday,539260.4329,4810238.693,-80.514822,43.444029,Non intersection,2,P.D. only,Thru lane,unknown,unknown,SMV unattended vehicle,Unknown,Dark,07 - Dark,Municipal (excl. Twp. Rd.),No control,unknown,0,0,0,FALSE,FALSE,FALSE,Clear,,TRUE,Road 1: ADELAIDE ST (IFO 126); Vehicle #1     Make:      Model:      Colour:      Style: ; Vehicle #2     Make: MITS     Model: RVR     Colour: GRY     Style: TY,4/9/2021 5:53:08 PM,539260.4329,4810238.693