OBJECTID,ACCIDENTNUM,ACCIDENTDATE,ACCIDENT_YEAR,ACCIDENT_MONTH,ACCIDENT_DAY,ACCIDENT_HOUR,ACCIDENT_MINUTE,ACCIDENT_SECOND,ACCIDENT_WEEKDAY,XCOORD,YCOORD,LONGITUDE,LATITUDE,ACCIDENTLOCATION,COLLISIONTYPE,CLASSIFICATIONOFACCIDENT,IMPACTLOCATION,INITIALDIRECTIONOFTRAVELONE,INITIALDIRECTIONOFTRAVELTWO,INITIALIMPACTTYPE,INTTRAFFICCONTROL,LIGHT,LIGHTFORREPORT,ROADJURISDICTION,TRAFFICCONTROL,TRAFFICCONTROLCONDITION,THRULANENO,NORTHBOUNDDISOBEYCOUNT,SOUTHBOUNDDISOBEYCOUNT,PEDESTRIANINVOLVED,CYCLISTINVOLVED,MOTORCYCLISTINVOLVED,ENVIRONMENTCONDITION1,ENVIRONMENTCONDITION2,SELFREPORTED,XMLIMPORTNOTES,LASTEDITEDDATE,x,y
49810,19252041,10/24/2019 5:00:00 PM,2019,10,24,17,0,0,Thursday,541290.6805,4810781.658,-80.489692,43.448808,At/near private drive,2,P.D. only,Thru lane,unknown,unknown,Sideswipe,Unknown,Daylight,01 - Daylight,Municipal (excl. Twp. Rd.),No control,unknown,0,0,0,FALSE,FALSE,FALSE,Clear,,TRUE,Road 1: 30 HALLS LANE E; Road 2: QUEEN ST S; Vehicle #1     Make: FORD     Model: EPR     Colour: GRY     Style: PK; Vehicle #2     Make: FORD     Model: COF     Colour: WHI     Style: PK,4/9/2021 5:54:51 PM,541290.6805,4810781.658
49811,19252144,10/25/2019 9:41:00 PM,2019,10,25,21,41,0,Friday,539665.2894,4805706.494,-80.510148,43.403199,At/near private drive,2,P.D. only,Right shoulder,unknown,unknown,Sideswipe,Unknown,"Dark, artificial","08 - Dark, artificial",Municipal (excl. Twp. Rd.),No control,unknown,0,0,0,FALSE,FALSE,FALSE,Clear,,FALSE,Road 1: 62 DONNENWERTH DR (50 km/h); Road 2: DONNENWERTH DR; Distance: 5.0 M S; Vehicle #1     Make: TOYT     Model: CBA     Colour: BLK     Style: 4D; Vehicle #2     Make: KIA     Model: SOR     Colour: SIL     Style: TY,4/9/2021 5:54:43 PM,539665.2894,4805706.494
49812,19252464,10/26/2019 9:58:00 AM,2019,10,26,9,58,0,Saturday,545937.7179,4804557.959,-80.432785,43.392499,Non intersection,2,P.D. only,Thru lane,unknown,unknown,SMV unattended vehicle,Unknown,Daylight,01 - Daylight,Municipal (excl. Twp. Rd.),No control,unknown,1,0,0,FALSE,FALSE,FALSE,Clear,,FALSE,Road 1: OLD CARRIAGE DR (50 km/h); Road 2: PIONEER DR; Distance: 200.0 M S; Vehicle #1     Make: LINC     Model: MKC     Colour: RED     Style: TY; Vehicle #2     Make: TOYT     Model: CEC     Colour: GRY     Style: 2B,4/9/2021 5:53:04 PM,545937.7179,4804557.959
49813,19252489,10/26/2019 11:00:00 AM,2019,10,26,11,0,0,Saturday,544761.5672,4811447.552,-80.446743,43.454604,Intersection related,2,P.D. only,Within intersection,unknown,unknown,Rear end,Unknown,Daylight,01 - Daylight,Regional municipality,Traffic signal,Functioning,0,0,0,FALSE,FALSE,FALSE,Clear,,TRUE,Road 1: RIVER RD E; Road 2: HICKSON DR HERITAGE PARK KITCHENER; Vehicle #1     Make: TOYT     Model: CBS     Colour: SIL     Style: 4D; Vehicle #2     Make:      Model:      Colour:      Style:,4/9/2021 5:53:59 PM,544761.5672,4811447.552
49814,19252602,10/26/2019 1:02:00 PM,2019,10,26,13,2,0,Saturday,541308.3484,4810843.22,-80.489469,43.449362,Non intersection,2,P.D. only,Thru lane,unknown,unknown,Other,Unknown,Daylight,01 - Daylight,Regional municipality,No control,unknown,1,0,0,FALSE,TRUE,FALSE,Clear,,FALSE,Road 1: 33 QUEEN ST S (50 km/h); Road 2: QUEEN ST S; Distance: 4.0 M W; Vehicle #1     Make: FORD     Model: EPR     Colour: BLK     Style: TY; Vehicle #2     Make: HARL     Model:      Colour:      Style:,4/9/2021 5:53:17 PM,541308.3484,4810843.22
49815,19252653,10/26/2019 2:23:00 PM,2019,10,26,14,23,0,Saturday,545940.0958,4811966.463,-80.432133,43.459205,Non intersection,2,P.D. only,Thru lane,unknown,unknown,SMV unattended vehicle,Unknown,Daylight,01 - Daylight,Municipal (excl. Twp. Rd.),No control,unknown,1,0,0,FALSE,FALSE,FALSE,Clear,,FALSE,Road 1: BREMBEL ST (50 km/h); Road 2: BREMBEL CRES (50 km/h); Distance: 40.0 M S; Vehicle #1     Make: LEXS     Model: I25     Colour: GRY     Style: 4D; Vehicle #2     Make: CHEV     Model: CZT     Colour: WHI     Style: 4D; Vehicle #3     Make: RAM     ,4/9/2021 5:53:12 PM,545940.0958,4811966.463
49816,19252741,10/26/2019 4:20:00 PM,2019,10,26,16,20,0,Saturday,541466.8577,4809535.748,-80.487609,43.43758,At intersection,2,P.D. only,Within intersection,unknown,unknown,Rear end,Unknown,Daylight,01 - Daylight,Municipal (excl. Twp. Rd.),Traffic signal,Functioning,0,0,0,FALSE,FALSE,FALSE,Clear,,TRUE,Road 1: MILL ST; Road 2: STIRLING AVE S; Vehicle #1     Make: TOYT     Model: MTL     Colour: GRY     Style: 4D; Vehicle #2     Make:      Model:      Colour:      Style: ; Vehicle #3     Make: DODG     Model: CXT     Colour: SIL     Style: 4D,4/9/2021 5:54:16 PM,541466.8577,4809535.748
49817,19252911,10/26/2019 8:54:00 PM,2019,10,26,20,54,0,Saturday,547133.2652,4805972.93,-80.417902,43.405166,Non intersection,2,P.D. only,Right shoulder,unknown,unknown,SMV unattended vehicle,Unknown,"Dark, artificial","08 - Dark, artificial",Municipal (excl. Twp. Rd.),No control,unknown,0,0,0,FALSE,FALSE,FALSE,Rain,,FALSE,Road 1: 321 DEER RIDGE DR (40 km/h); Road 2: DEER RIDGE DR; Distance: 1.0 M E; Vehicle #1     Make: VOLK     Model: PAS     Colour: SIL     Style: 4D; Vehicle #2     Make: MAZD     Model: M3H     Colour: BLU     Style: 4B,4/9/2021 5:53:18 PM,547133.2652,4805972.93
49818,19253254,10/27/2019 10:10:00 AM,2019,10,27,10,10,0,Sunday,539965.2283,4805404.046,-80.506466,43.40046,At/near private drive,1,Non-fatal injury,Thru lane,unknown,unknown,Other,Unknown,Daylight,01 - Daylight,Regional municipality,No control,unknown,1,0,0,FALSE,FALSE,FALSE,Rain,,FALSE,Road 1: 1643 BLEAMS RD (70 km/h); Road 2: BLEAMS RD; Distance: 8.0 M N; Vehicle #1     Make: CHEV     Model: CXE     Colour: BLK     Style: 4D; Vehicle #2     Make: VOLK     Model: A5J     Colour: GRY     Style: 4D,4/9/2021 5:54:41 PM,539965.2283,4805404.046
49819,19253336,10/27/2019 12:30:00 PM,2019,10,27,12,30,0,Sunday,545849.8693,4809418.585,-80.433462,43.43627,Intersection related,2,P.D. only,Thru lane,unknown,unknown,Turning movement,Unknown,Daylight,01 - Daylight,Municipal (excl. Twp. Rd.),Stop sign,unknown,0,0,0,FALSE,FALSE,FALSE,Rain,,TRUE,Road 1: THALER AVE; Road 2: BURGETZ AVE; Vehicle #1     Make: KIA     Model: FLX     Colour: GRY     Style: 4D; Vehicle #2     Make: ACUR     Model: TSX     Colour: BLK     Style: 4D,4/9/2021 5:53:56 PM,545849.8693,4809418.585
49820,19253452,10/27/2019 3:30:00 PM,2019,10,27,15,30,0,Sunday,544884.4455,4804850.027,-80.445766,43.395193,At intersection,2,P.D. only,Within intersection,unknown,unknown,Angle,Unknown,Daylight,01 - Daylight,Municipal (excl. Twp. Rd.),Traffic signal,Functioning,0,0,1,FALSE,FALSE,FALSE,Clear,,TRUE,Road 1: DOON VILLAGE RD; Road 2: PIONEER DR; Vehicle #1     Make: FORD     Model: SPE     Colour: GRY     Style: TY; Vehicle #2     Make: TOYT     Model: CBS     Colour: BLK     Style: 4D,4/9/2021 5:54:25 PM,544884.4455,4804850.027
49821,19253917,10/28/2019 9:15:00 AM,2019,10,28,9,15,0,Monday,539397.0813,4809235.971,-80.513206,43.434993,At/near private drive,2,P.D. only,Thru lane,unknown,unknown,Angle,Unknown,Daylight,01 - Daylight,Municipal (excl. Twp. Rd.),No control,unknown,0,0,0,FALSE,FALSE,FALSE,Clear,,TRUE,Road 1: OVERLEA DR KITCHENER (IFO 11); Road 2: WESTMOUNT; Vehicle #1     Make: HOND     Model: UDY     Colour: BLK     Style: VN; Vehicle #2     Make: HYUN     Model: K2G     Colour: BLK     Style: TY,4/9/2021 5:54:45 PM,539397.0813,4809235.971
49822,19254005,10/28/2019 8:20:00 AM,2019,10,28,8,20,0,Monday,543936.2784,4806605.404,-80.457333,43.411055,At intersection,2,P.D. only,Within intersection,unknown,unknown,Angle,Unknown,Daylight,01 - Daylight,Regional municipality,Stop sign,Functioning,0,0,1,FALSE,FALSE,FALSE,Clear,,TRUE,Road 1: BLEAMS RD; Road 2: FALLOWFIELD DR; Vehicle #1     Make: SUBA     Model: GTG     Colour: GRY     Style: 4W; Vehicle #2     Make: TOYT     Model: RG4     Colour: GRY     Style: TY,4/9/2021 5:54:16 PM,543936.2784,4806605.404
49823,19254140,10/25/2019 3:00:00 PM,2019,10,25,15,0,0,Friday,545047.893,4807859.611,-80.4435,43.422281,Non intersection,2,Non-reportable,Thru lane,unknown,unknown,Sideswipe,Unknown,Daylight,01 - Daylight,Municipal (excl. Twp. Rd.),No control,unknown,0,0,0,FALSE,FALSE,FALSE,Clear,,TRUE,Road 1: WILSON AVE; Road 2: FAIRWAY RD S; Vehicle #1     Make: BUIC     Model: UXL     Colour: GRY     Style: 4D; Vehicle #2     Make:      Model:      Colour:      Style:,4/9/2021 5:53:17 PM,545047.893,4807859.611
49824,19254245,10/28/2019 4:05:00 PM,2019,10,28,16,5,0,Monday,539760.5841,4808288.948,-80.508783,43.426446,At/near private drive,1,Non-fatal injury,Thru lane,unknown,unknown,Turning movement,Unknown,Daylight,01 - Daylight,Municipal (excl. Twp. Rd.),No control,unknown,1,0,0,FALSE,FALSE,FALSE,Clear,,FALSE,Road 1: 259 VILLAGE RD (50 km/h); Road 2: VILLAGE RD; Distance: 2.0 M S; Vehicle #1     Make: CHEV     Model: CZT     Colour: BLK     Style: 4D; Vehicle #2     Make: TOYT     Model: PRV     Colour: GRY     Style: SW,4/9/2021 5:54:43 PM,539760.5841,4808288.948
49825,19254637,10/29/2019 6:50:00 AM,2019,10,29,6,50,0,Tuesday,543459.7604,4805073.316,-80.46334,43.397287,Non intersection,2,P.D. only,Thru lane,unknown,unknown,Rear end,Unknown,Dark,07 - Dark,Regional municipality,No control,unknown,0,0,0,FALSE,FALSE,FALSE,Clear,,TRUE,Road 1: BATTLER RD; Road 2: HURON RD; Vehicle #1     Make: RAM     Model: RTR     Colour: BLK     Style: PK; Vehicle #2     Make: GMC     Model: SIE     Colour: WHI     Style: PK,4/9/2021 5:53:10 PM,543459.7604,4805073.316
49826,19254677,10/28/2019 12:00:00 AM,2019,10,28,0,0,0,Monday,537489.9753,4808488.115,-80.536821,43.428357,At/near private drive,2,P.D. only,Thru lane,unknown,unknown,SMV unattended vehicle,Unknown,Dark,07 - Dark,Municipal (excl. Twp. Rd.),No control,unknown,0,0,0,FALSE,FALSE,FALSE,Clear,,TRUE,Road 1: 268 BANKSIDE DR; Vehicle #1     Make:      Model:      Colour:      Style: ; Vehicle #2     Make: FORD     Model: STF     Colour: BLU     Style: 4B,4/9/2021 5:54:43 PM,537489.9753,4808488.115
49827,19254844,10/29/2019 11:50:00 AM,2019,10,29,11,50,0,Tuesday,545304.4962,4804963.354,-80.44057,43.396188,Non intersection,2,P.D. only,Thru lane,unknown,unknown,Rear end,Unknown,Daylight,01 - Daylight,Municipal (excl. Twp. Rd.),No control,unknown,0,0,0,FALSE,FALSE,FALSE,Clear,,TRUE,Road 1: UPPER CANADA DR; Road 2: DOON VILLAGE RD; Vehicle #1     Make: CHEV     Model: SIL     Colour: RED     Style: PK; Vehicle #2     Make:      Model:      Colour:      Style:,4/9/2021 5:53:33 PM,545304.4962,4804963.354
49828,19255009,10/29/2019 3:30:00 PM,2019,10,29,15,30,0,Tuesday,539266.9519,4802812.483,-80.515275,43.377162,Non intersection,2,P.D. only,Thru lane,unknown,unknown,Rear end,Unknown,Daylight,01 - Daylight,Regional municipality,No control,unknown,0,0,0,FALSE,FALSE,FALSE,Clear,,TRUE,Road 1: HURON RD; Road 2: TRUSSLER RD; Vehicle #1     Make: AUDI     Model: Q52     Colour: BLK     Style: 4D; Vehicle #2     Make: SUBA     Model: ITS     Colour: RED     Style: 4W,8/16/2022 3:05:06 PM,539266.9519,4802812.483
49829,19255374,10/27/2019 5:30:00 PM,2019,10,27,17,30,0,Sunday,541646.4966,4806086.721,-80.485653,43.406515,At/near private drive,2,Non-reportable,Thru lane,unknown,unknown,SMV unattended vehicle,Unknown,Daylight,01 - Daylight,Municipal (excl. Twp. Rd.),No control,unknown,0,0,0,FALSE,FALSE,FALSE,Clear,,TRUE,Road 1: 84 ERINBROOK DR (ON ROADWAY IN FRONT OF HOUSE); Vehicle #1     Make: CHEV     Model: SIL     Colour: SIL     Style: PK; Vehicle #2     Make:      Model:      Colour:      Style:,4/9/2021 5:54:42 PM,541646.4966,4806086.721
49830,19255431,10/26/2019 4:00:00 PM,2019,10,26,16,0,0,Saturday,545109.4854,4807726.356,-80.44275,43.421078,Intersection related,2,P.D. only,Thru lane,unknown,unknown,Other,Unknown,Daylight,01 - Daylight,Regional municipality,unknown,Functioning,0,0,0,FALSE,FALSE,FALSE,Clear,,TRUE,Road 1: WILSON AVE; Road 2: FAIRWAY RD S; Vehicle #1     Make: TOYT     Model: CUB     Colour: GRY     Style: 4D; Vehicle #2     Make: KIA     Model: NIH     Colour: BLK     Style: TY,8/16/2022 3:06:34 PM,545109.4854,4807726.356
49831,19255443,10/26/2019 7:00:00 PM,2019,10,26,19,0,0,Saturday,545398.4659,4808301.594,-80.439132,43.42624,Non intersection,2,Non-reportable,Thru lane,unknown,unknown,Sideswipe,Unknown,Dusk,05 - Dusk,Municipal (excl. Twp. Rd.),No control,unknown,0,0,0,FALSE,FALSE,FALSE,Clear,,TRUE,Road 1: KINGSWAY DR; Road 2: CEDARWOODS CRESCENT; Vehicle #1     Make: DODG     Model: CXT     Colour: BLK     Style: 4D; Vehicle #2     Make:      Model:      Colour:      Style:,4/9/2021 5:53:25 PM,545398.4659,4808301.594
49832,19255571,10/28/2019 3:20:00 PM,2019,10,28,15,20,0,Monday,539269.4863,4805651.535,-80.51504,43.402725,At intersection,2,Non-reportable,Within intersection,unknown,unknown,Angle,Unknown,Daylight,01 - Daylight,Municipal (excl. Twp. Rd.),Stop sign,unknown,0,0,0,FALSE,FALSE,FALSE,Clear,,TRUE,Road 1: HENHOEFFER CRESCENT; Road 2: ACTIVA AVE; Vehicle #1     Make: NISS     Model: NV2     Colour: WHI     Style: FV; Vehicle #2     Make:      Model:      Colour:      Style:,4/9/2021 5:54:25 PM,539269.4863,4805651.535
49833,19255585,10/24/2019 7:15:00 PM,2019,10,24,19,15,0,Thursday,541360.7506,4812625.734,-80.488686,43.465408,Non intersection,2,Non-reportable,Thru lane,unknown,unknown,SMV unattended vehicle,Unknown,Dark,07 - Dark,Municipal (excl. Twp. Rd.),No control,unknown,0,0,0,FALSE,FALSE,FALSE,Clear,,TRUE,Road 1: 169 EDWIN ST; Vehicle #1     Make:      Model:      Colour:      Style: ; Vehicle #2     Make: FORD     Model: FKS     Colour: GRY     Style: 4D,4/9/2021 5:53:24 PM,541360.7506,4812625.734
49834,19255764,10/26/2019 1:25:00 PM,2019,10,26,13,25,0,Saturday,540752.3583,4808644.277,-80.496505,43.429593,Intersection related,2,P.D. only,Thru lane,unknown,unknown,Rear end,Unknown,Daylight,01 - Daylight,Regional municipality,unknown,Functioning,0,0,0,FALSE,FALSE,FALSE,Clear,,TRUE,Road 1: STIRLING AVE S; Road 2: GREENBROOK DR; Vehicle #1     Make: NISS     Model: FRT     Colour: SIL     Style: PK; Vehicle #2     Make:      Model:      Colour:      Style:,4/9/2021 5:53:54 PM,540752.3583,4808644.277
49835,19255809,10/30/2019 3:00:00 PM,2019,10,30,15,0,0,Wednesday,543024.9184,4808231.466,-80.46846,43.425749,At railway crossing,2,Non-reportable,Thru lane,unknown,unknown,Rear end,Unknown,Daylight,01 - Daylight,Municipal (excl. Twp. Rd.),No control,unknown,0,0,0,FALSE,FALSE,FALSE,Rain,,TRUE,Road 1: 16 HAYWARD AVE; Vehicle #1     Make: HOND     Model: UEX     Colour: BLK     Style: 4D; Vehicle #2     Make: GMC     Model: SAV     Colour: WHI     Style: VN,4/9/2021 5:55:05 PM,543024.9184,4808231.466
49836,19255861,10/30/2019 5:15:00 PM,2019,10,30,17,15,0,Wednesday,544793.4957,4805214.932,-80.446859,43.398484,At/near private drive,2,P.D. only,Thru lane,unknown,unknown,Angle,Unknown,Daylight,01 - Daylight,Municipal (excl. Twp. Rd.),No control,unknown,0,0,0,FALSE,FALSE,FALSE,Rain,,TRUE,Road 1: 600 DOON VILLAGE RD; Vehicle #1     Make: NISS     Model: PFI     Colour: WHI     Style: TY; Vehicle #2     Make: CHRY     Model: 308     Colour: BLK     Style: 4D,4/9/2021 5:54:52 PM,544793.4957,4805214.932
49837,19255880,10/30/2019 5:55:00 PM,2019,10,30,17,55,0,Wednesday,540910.7367,4805594.738,-80.494776,43.402126,Non intersection,2,P.D. only,Thru lane,unknown,unknown,Rear end,Unknown,Daylight,01 - Daylight,Municipal (excl. Twp. Rd.),No control,unknown,0,0,0,FALSE,FALSE,FALSE,Rain,,TRUE,Road 1: BLEAMS RD; Road 2: FISCHER-HALLMAN RD; Vehicle #1     Make: FORD     Model: FMS     Colour: BLK     Style: 4D; Vehicle #2     Make: SUBA     Model: CRO     Colour: BLU     Style: TY,4/9/2021 5:53:32 PM,540910.7367,4805594.738
49838,19255969,10/30/2019 7:40:00 AM,2019,10,30,7,40,0,Wednesday,545944.5091,4804542.836,-80.432703,43.392363,At/near private drive,2,P.D. only,Thru lane,unknown,unknown,SMV unattended vehicle,Unknown,Daylight,01 - Daylight,Municipal (excl. Twp. Rd.),No control,unknown,0,0,0,FALSE,FALSE,FALSE,Clear,,TRUE,Road 1: 71 OLD CARRIAGE DR; Road 2: OLD CARRIAGE CRT; Vehicle #1     Make: BMW     Model: TRG     Colour: BLK     Style: TY; Vehicle #2     Make: CHEV     Model: S1L     Colour: RED     Style: 4B,4/9/2021 5:54:53 PM,545944.5091,4804542.836
49839,19256195,10/30/2019 8:00:00 PM,2019,10,30,20,0,0,Wednesday,537239.8114,4808341.858,-80.539922,43.427052,At/near private drive,2,P.D. only,Thru lane,unknown,unknown,SMV unattended vehicle,Unknown,Dark,07 - Dark,Municipal (excl. Twp. Rd.),No control,unknown,0,0,0,FALSE,FALSE,FALSE,Rain,,TRUE,Road 1: 333 BANKSIDE DR; Vehicle #1     Make: NISS     Model: A2B     Colour: GRY     Style: 4D; Vehicle #2     Make: SUBA     Model: OBK     Colour: GRY     Style: TY,4/9/2021 5:54:42 PM,537239.8114,4808341.858
49840,19256235,10/30/2019 8:20:00 PM,2019,10,30,20,20,0,Wednesday,544562.2629,4811739.938,-80.449182,43.457249,Intersection related,2,P.D. only,Within intersection,unknown,unknown,Other,Unknown,Dark,07 - Dark,Regional municipality,Traffic signal,Functioning,0,0,0,FALSE,FALSE,FALSE,Rain,,TRUE,Road 1: RIVER RD E; Road 2: LORRAINE AVE; Vehicle #1     Make: ACUR     Model: ATL     Colour: BLK     Style: 4D; Vehicle #2     Make:      Model:      Colour:      Style:,4/9/2021 5:54:05 PM,544562.2629,4811739.938
49841,19256376,10/30/2019 1:00:00 PM,2019,10,30,13,0,0,Wednesday,543755.9193,4809221.943,-80.45935,43.434625,At intersection,2,Non-reportable,Within intersection,unknown,unknown,Angle,Unknown,Daylight,01 - Daylight,Municipal (excl. Twp. Rd.),unknown,Functioning,0,0,0,FALSE,FALSE,FALSE,Clear,,TRUE,Road 1: DIXON ST; Road 2: ECKERT; Vehicle #1     Make: FORD     Model: CSC     Colour: RED     Style: IC; Vehicle #2     Make: HOND     Model: CRV     Colour: RED     Style: 4W,4/9/2021 5:54:20 PM,543755.9193,4809221.943
49842,19256532,10/31/2019 2:45:00 PM,2019,10,31,14,45,0,Thursday,546054.5036,4809161.594,-80.430955,43.433943,Non intersection,2,P.D. only,Thru lane,unknown,unknown,Sideswipe,Unknown,Daylight,01 - Daylight,Municipal (excl. Twp. Rd.),No control,unknown,0,0,0,FALSE,FALSE,FALSE,Clear,,TRUE,Road 1: 158 THALER AVE; Vehicle #1     Make: PONT     Model: SV6     Colour: GRY     Style: 4D; Vehicle #2     Make: PONT     Model: TOR     Colour: GRY     Style: TY,4/9/2021 5:53:05 PM,546054.5036,4809161.594
49843,19256543,10/31/2019 2:50:00 PM,2019,10,31,14,50,0,Thursday,544708.5662,4807942.159,-80.447685,43.423045,Non intersection,2,P.D. only,Thru lane,unknown,unknown,Rear end,Unknown,Daylight,01 - Daylight,Municipal (excl. Twp. Rd.),No control,unknown,0,0,0,FALSE,FALSE,FALSE,Rain,,TRUE,Road 1: 173 TRAYNOR AVE; Vehicle #1     Make: CHEV     Model: EQU     Colour: BLK     Style: TY; Vehicle #2     Make: HYUN     Model: ACC     Colour: BLU     Style: 2B,4/9/2021 5:53:10 PM,544708.5662,4807942.159
49844,19256582,10/31/2019 3:15:00 PM,2019,10,31,15,15,0,Thursday,540208.5637,4809374.578,-80.503169,43.436198,Non intersection,2,P.D. only,Thru lane,unknown,unknown,Rear end,Unknown,Daylight,01 - Daylight,Municipal (excl. Twp. Rd.),No control,unknown,0,0,0,FALSE,FALSE,FALSE,Rain,,TRUE,Road 1: BELMONT AVE E; Road 2: QUEEN'S BLVD; Vehicle #1     Make: MITS     Model: EGS     Colour: RED     Style: 2B; Vehicle #2     Make: HOND     Model: UDY     Colour: RED     Style: TY,4/9/2021 5:54:08 PM,540208.5637,4809374.578
49845,19256601,10/31/2019 3:30:00 PM,2019,10,31,15,30,0,Thursday,544885.3055,4813068.254,-80.44508,43.46919,Non intersection,2,P.D. only,Thru lane,unknown,unknown,SMV unattended vehicle,Unknown,Daylight,01 - Daylight,Municipal (excl. Twp. Rd.),No control,unknown,0,0,0,FALSE,FALSE,FALSE,Rain,,TRUE,Road 1: 143 ROTHSAY AVE; Vehicle #1     Make:      Model:      Colour:      Style: ; Vehicle #2     Make: LEXS     Model: A35     Colour: BLK     Style: 4D,4/9/2021 5:53:11 PM,544885.3055,4813068.254
49846,19256644,10/31/2019 4:30:00 PM,2019,10,31,16,30,0,Thursday,545124.6188,4807656.945,-80.442569,43.420452,Non intersection,2,P.D. only,Thru lane,unknown,unknown,Angle,Unknown,Daylight,01 - Daylight,Municipal (excl. Twp. Rd.),No control,unknown,0,0,0,FALSE,FALSE,FALSE,Rain,,TRUE,Road 1: WILSON AVE; Road 2: FAIRWAY RD S; Vehicle #1     Make: CHEV     Model: EQU     Colour: GRY     Style: TY; Vehicle #2     Make: DODG     Model: CAR     Colour: BLU     Style: VN,4/9/2021 5:53:08 PM,545124.6188,4807656.945
49847,19256693,10/31/2019 5:50:00 PM,2019,10,31,17,50,0,Thursday,536914.0641,4808096.922,-80.543962,43.424863,Non intersection,2,P.D. only,Thru lane,unknown,unknown,Rear end,Unknown,Dark,07 - Dark,Municipal (excl. Twp. Rd.),No control,unknown,0,0,0,FALSE,FALSE,FALSE,Rain,,TRUE,Road 1: WESTHEIGHTS DR; Road 2: HIGHLAND RD W; Vehicle #1     Make: CHEV     Model: EQU     Colour: BLK     Style: TY; Vehicle #2     Make:      Model:      Colour:      Style:,4/9/2021 5:53:05 PM,536914.0641,4808096.922
49848,19256714,10/31/2019 6:35:00 PM,2019,10,31,18,35,0,Thursday,544884.135,4804849.911,-80.44577,43.395192,Intersection related,1,Non-fatal injury,Within intersection,unknown,unknown,SMV other,Unknown,"Dark, artificial","08 - Dark, artificial",Regional municipality,Traffic signal,Functioning,0,0,0,TRUE,FALSE,FALSE,Rain,,FALSE,Road 1: PIONEER DR (50 km/h); Road 2: DOON VILLAGE RD (40 km/h); Vehicle #1     Make: HOND     Model: CVL     Colour: RED     Style: 4D,4/9/2021 5:53:55 PM,544884.135,4804849.911
49849,19256997,11/1/2019 2:29:00 AM,2019,11,1,2,29,0,Friday,541873.99,4810745.87,-80.482486,43.448454,Intersection related,2,P.D. only,Thru lane,unknown,unknown,SMV other,Unknown,Dark,07 - Dark,Regional municipality,unknown,unknown,1,0,0,FALSE,FALSE,FALSE,Rain,,FALSE,Road 1: CEDAR ST N (50 km/h); Road 2: DUKE ST E (50 km/h); Vehicle #1     Make: BMW     Model: 12I     Colour: BLK     Style: 2D,5/3/2021 10:39:15 AM,541873.99,4810745.87
49850,19257145,10/31/2019 3:00:00 PM,2019,10,31,15,0,0,Thursday,539552.8061,4805821.045,-80.511529,43.404236,Non intersection,2,Non-reportable,Thru lane,unknown,unknown,SMV unattended vehicle,Unknown,Daylight,01 - Daylight,Municipal (excl. Twp. Rd.),No control,unknown,0,0,0,FALSE,FALSE,FALSE,Rain,,TRUE,Road 1: MOUNTAIN LAUREL CRESCENT (IFO 4); Vehicle #1     Make:      Model:      Colour:      Style: ; Vehicle #2     Make: MAZD     Model: B30     Colour: BLK     Style: PK,4/9/2021 5:53:45 PM,539552.8061,4805821.045
49851,19257238,11/1/2019 10:30:00 AM,2019,11,1,10,30,0,Friday,541662.2037,4810411.329,-80.485129,43.445453,At intersection,2,P.D. only,Within intersection,unknown,unknown,Angle,Unknown,Daylight,01 - Daylight,Regional municipality,Stop sign,Functioning,0,0,0,FALSE,FALSE,FALSE,Clear,,TRUE,Road 1: CEDAR ST S; Road 2: CHURCH ST; Vehicle #1     Make: TOYT     Model: CTR     Colour: GRY     Style: 4B; Vehicle #2     Make: FORD     Model: STF     Colour: YEL     Style: 4B,5/3/2021 10:40:18 AM,541662.2036,4810411.329
49852,19257249,11/1/2019 10:00:00 AM,2019,11,1,10,0,0,Friday,541385.1619,4810865.235,-80.488518,43.449555,Non intersection,2,Non-reportable,Thru lane,unknown,unknown,Turning movement,Unknown,Daylight,01 - Daylight,Regional municipality,No control,unknown,0,0,0,FALSE,FALSE,FALSE,Clear,,TRUE,Road 1: KING ST E  KITCHENER; Road 2: QUEEN ST S; Vehicle #1     Make:      Model:      Colour:      Style: ; Vehicle #2     Make: TOYT     Model: MTL     Colour: GRY     Style: 4D,8/16/2022 3:00:54 PM,541385.1619,4810865.235
49853,19257256,11/1/2019 11:30:00 AM,2019,11,1,11,30,0,Friday,542134.7077,4811744.724,-80.479187,43.457433,Non intersection,2,P.D. only,Thru lane,unknown,unknown,SMV unattended vehicle,Unknown,Daylight,01 - Daylight,Municipal (excl. Twp. Rd.),No control,unknown,0,0,0,FALSE,FALSE,FALSE,Clear,,TRUE,Road 1: MANSION ST (FILBERT ST); Vehicle #1     Make: FRHT     Model: FM2     Colour: WHI     Style: CT; Vehicle #2     Make: CHEV     Model: SIL     Colour: GRY     Style: PK,5/3/2021 10:37:19 AM,542134.7077,4811744.724