OBJECTID,ACCIDENTNUM,ACCIDENTDATE,ACCIDENT_YEAR,ACCIDENT_MONTH,ACCIDENT_DAY,ACCIDENT_HOUR,ACCIDENT_MINUTE,ACCIDENT_SECOND,ACCIDENT_WEEKDAY,XCOORD,YCOORD,LONGITUDE,LATITUDE,ACCIDENTLOCATION,COLLISIONTYPE,CLASSIFICATIONOFACCIDENT,IMPACTLOCATION,INITIALDIRECTIONOFTRAVELONE,INITIALDIRECTIONOFTRAVELTWO,INITIALIMPACTTYPE,INTTRAFFICCONTROL,LIGHT,LIGHTFORREPORT,ROADJURISDICTION,TRAFFICCONTROL,TRAFFICCONTROLCONDITION,THRULANENO,NORTHBOUNDDISOBEYCOUNT,SOUTHBOUNDDISOBEYCOUNT,PEDESTRIANINVOLVED,CYCLISTINVOLVED,MOTORCYCLISTINVOLVED,ENVIRONMENTCONDITION1,ENVIRONMENTCONDITION2,SELFREPORTED,XMLIMPORTNOTES,LASTEDITEDDATE,x,y
49854,19258188,11/2/2019 12:40:00 PM,2019,11,2,12,40,0,Saturday,539116.5523,4810239.679,-80.5166,43.444045,Intersection related,2,P.D. only,Off highway,unknown,unknown,SMV other,Unknown,Daylight,01 - Daylight,Municipal (excl. Twp. Rd.),Stop sign,Functioning,0,0,0,FALSE,FALSE,FALSE,Rain,,FALSE,Road 1: 428 LAWRENCE AVE (50 km/h); Road 2: KARN ST (50 km/h); Vehicle #1     Make: TOYT     Model: RG4     Colour: BLU     Style: TY,5/3/2021 10:39:12 AM,539116.5523,4810239.679
49855,19258261,10/20/2019 8:00:00 PM,2019,10,20,20,0,0,Sunday,537931.4764,4810045.247,-80.531258,43.442355,At/near private drive,2,Non-reportable,Thru lane,unknown,unknown,SMV unattended vehicle,Unknown,Dark,07 - Dark,Municipal (excl. Twp. Rd.),No control,unknown,0,0,0,FALSE,FALSE,FALSE,Clear,,TRUE,Road 1: 123 MARKWOOD DR; Vehicle #1     Make:      Model:      Colour:      Style: ; Vehicle #2     Make: CHEV     Model: BGG     Colour: RED     Style: 4D,5/3/2021 10:41:01 AM,537931.4764,4810045.247
49856,19258457,11/2/2019 7:45:00 PM,2019,11,2,19,45,0,Saturday,539604.3754,4809636.477,-80.510615,43.438588,Non intersection,2,P.D. only,Thru lane,unknown,unknown,Sideswipe,Unknown,Dark,07 - Dark,Municipal (excl. Twp. Rd.),No control,unknown,0,0,0,FALSE,FALSE,FALSE,Rain,,TRUE,Road 1: LAWRENCE AVE; Road 2: HIGHLAND RD W; Vehicle #1     Make: FORD     Model: TRN     Colour: GRY     Style: VN; Vehicle #2     Make:      Model:      Colour:      Style:,5/3/2021 10:37:20 AM,539604.3754,4809636.477
49857,19258825,10/31/2019 6:00:00 PM,2019,10,31,18,0,0,Thursday,539028.9003,4811086.268,-80.517623,43.451672,Non intersection,2,P.D. only,Thru lane,unknown,unknown,Rear end,Unknown,Daylight,01 - Daylight,Municipal (excl. Twp. Rd.),No control,unknown,0,0,0,FALSE,FALSE,FALSE,Rain,,TRUE,Road 1: GLASGOW ST; Road 2: BELMONT AVE W; Vehicle #1     Make: GMC     Model: SAV     Colour: WHI     Style: FV; Vehicle #2     Make: HOND     Model: FKG     Colour: BLK     Style: 4B,4/9/2021 5:53:06 PM,539028.9003,4811086.268
49858,19258964,11/3/2019 12:53:00 PM,2019,11,3,12,53,0,Sunday,548117.6119,4810867.728,-80.405314,43.449176,At/near private drive,2,P.D. only,Right shoulder,unknown,unknown,SMV unattended vehicle,Unknown,Daylight,01 - Daylight,Municipal (excl. Twp. Rd.),No control,unknown,0,0,0,FALSE,FALSE,FALSE,Clear,,FALSE,Road 1: 1553 OLD ZELLER DR (50 km/h); Road 2: OLD ZELLER DR; Distance: 3.0 M E; Vehicle #1     Make: PETE     Model:      Colour:      Style: ; Vehicle #2     Make: HYUN     Model: ESM     Colour: GRY     Style: 4D,5/3/2021 10:40:59 AM,548117.6119,4810867.728
49859,19259055,11/3/2019 3:34:00 PM,2019,11,3,15,34,0,Sunday,545538.0361,4811220.843,-80.437165,43.452516,At/near private drive,1,Non-fatal injury,Not on roadway - right side,unknown,unknown,SMV other,Unknown,Daylight,01 - Daylight,Municipal (excl. Twp. Rd.),No control,unknown,0,0,0,FALSE,FALSE,FALSE,Clear,,FALSE,Road 1: 41 CARNABY CRES (50 km/h); Road 2: CARNABY CRES; Distance: 1.0 M N; Vehicle #1     Make: NISS     Model: ROG     Colour: SIL     Style: TY,5/3/2021 10:40:59 AM,545538.0361,4811220.843
49860,19259595,10/24/2019 4:30:00 PM,2019,10,24,16,30,0,Thursday,543233.2602,4810273.718,-80.465725,43.444125,Non intersection,2,Non-reportable,Thru lane,unknown,unknown,Rear end,Unknown,Daylight,01 - Daylight,Municipal (excl. Twp. Rd.),No control,unknown,0,0,0,FALSE,FALSE,FALSE,Clear,,TRUE,Road 1: MCKENZIE AVE; Road 2: OTTAWA ST; Vehicle #1     Make: NISS     Model: MUR     Colour: GRY     Style: TY; Vehicle #2     Make:      Model:      Colour:      Style:,4/9/2021 5:53:27 PM,543233.2602,4810273.718
49861,19259774,11/4/2019 4:30:00 PM,2019,11,4,16,30,0,Monday,543856.9299,4805116.097,-80.458432,43.397649,Intersection related,2,P.D. only,Thru lane,unknown,unknown,Sideswipe,Unknown,Dusk,05 - Dusk,Municipal (excl. Twp. Rd.),Traffic signal,Functioning,0,0,0,FALSE,FALSE,FALSE,Clear,,TRUE,Road 1: HURON RD (TRILLIUM DR); Vehicle #1     Make: CHEV     Model: EXP     Colour: GRY     Style: VN; Vehicle #2     Make: HYUN     Model: AGG     Colour: BRZ     Style: 4D,5/3/2021 10:39:54 AM,543856.9299,4805116.097
49862,19260198,11/4/2019 10:30:00 PM,2019,11,4,22,30,0,Monday,539344.3528,4807639.957,-80.513972,43.420625,At/near private drive,2,P.D. only,Thru lane,unknown,unknown,SMV unattended vehicle,Unknown,Dark,07 - Dark,Municipal (excl. Twp. Rd.),No control,unknown,0,0,0,FALSE,FALSE,FALSE,Rain,,TRUE,Road 1: 164 RUSKVIEW RD KITCHENER; Vehicle #1     Make: TOYT     Model: RV4     Colour: WHI     Style: TY; Vehicle #2     Make: MAZD     Model: 3TR     Colour: BLK     Style: 4D,5/3/2021 10:41:47 AM,539344.3527,4807639.957
49863,19260438,11/5/2019 2:10:00 PM,2019,11,5,14,10,0,Tuesday,544575.4538,4807156.849,-80.449393,43.415982,Non intersection,2,Non-reportable,Thru lane,unknown,unknown,Angle,Unknown,Daylight,01 - Daylight,Municipal (excl. Twp. Rd.),No control,unknown,0,0,0,FALSE,FALSE,FALSE,Clear,,TRUE,Road 1: 100 CRESS LN TRILLIUM INDUSTRIAL PARK; Vehicle #1     Make: VOLK     Model: JTD     Colour: BLK     Style: SW; Vehicle #2     Make: FORD     Model: EPR     Colour: WHI     Style: PK,5/3/2021 10:36:59 AM,544575.4538,4807156.849
49864,19260602,10/26/2019 7:15:00 AM,2019,10,26,7,15,0,Saturday,538517.0304,4808032.703,-80.524164,43.424204,Non intersection,2,Non-reportable,Thru lane,unknown,unknown,SMV unattended vehicle,Unknown,Dawn,03 - Dawn,Municipal (excl. Twp. Rd.),No control,unknown,0,0,0,FALSE,FALSE,FALSE,Clear,,TRUE,Road 1: 81 HICKORY HEIGHTS CRESCENT (IN FRONT OF); Vehicle #1     Make:      Model:      Colour:      Style: ; Vehicle #2     Make: HYUN     Model: TUC     Colour: BLU     Style: TY,4/9/2021 5:53:25 PM,538517.0304,4808032.703
49865,19260737,11/5/2019 9:27:00 PM,2019,11,5,21,27,0,Tuesday,547648.6346,4804020.481,-80.411708,43.387553,At/near private drive,2,P.D. only,Thru lane,unknown,unknown,Turning movement,Unknown,Dark,07 - Dark,Regional municipality,No control,unknown,1,0,0,FALSE,FALSE,FALSE,Clear,,FALSE,Road 1: 591 CONESTOGA COLLEGE BLVD (50 km/h); Road 2: DOON VALLEY DR; Distance: 500.0 M S; Vehicle #1     Make: DODG     Model: CGS     Colour: BLK     Style: 4D; Vehicle #2     Make: HYUN     Model: VTO     Colour: WHI     Style: 4D; Vehicle #3     Make:,5/3/2021 10:41:10 AM,547648.6345,4804020.481
49866,19261413,11/4/2019 2:30:00 PM,2019,11,4,14,30,0,Monday,540106.3028,4810844.12,-80.504325,43.449435,Non intersection,2,Non-reportable,Thru lane,unknown,unknown,Sideswipe,Unknown,Daylight,01 - Daylight,Municipal (excl. Twp. Rd.),No control,unknown,0,0,0,FALSE,FALSE,FALSE,Clear,,TRUE,Road 1: PARK ST; Road 2: CHERRY ST; Vehicle #1     Make: TOYT     Model: PRV     Colour: WHI     Style: 4W; Vehicle #2     Make:      Model:      Colour:      Style:,5/3/2021 10:38:45 AM,540106.3028,4810844.121
49867,19263146,11/9/2019 12:27:00 AM,2019,11,9,0,27,0,Saturday,540363.7714,4806502.524,-80.501464,43.410329,Non intersection,2,P.D. only,Not on roadway - right side,unknown,unknown,SMV other,Unknown,Dark,07 - Dark,Municipal (excl. Twp. Rd.),No control,unknown,0,0,0,FALSE,FALSE,FALSE,Clear,,FALSE,Road 1: HIGHBROOK ST (50 km/h); Road 2: HIGHBROOK CRES; Distance: 50.0 M N; Vehicle #1     Make:      Model:      Colour:      Style:,5/3/2021 10:37:08 AM,540363.7714,4806502.524
49868,19264565,11/11/2019 6:44:00 AM,2019,11,11,6,44,0,Monday,545034.41,4807868.612,-80.443666,43.422363,At intersection,2,P.D. only,Thru lane,unknown,unknown,Rear end,Unknown,Dawn,03 - Dawn,Regional municipality,Traffic signal,Functioning,1,0,0,FALSE,FALSE,FALSE,Clear,,FALSE,Road 1: WILSON AVE (50 km/h); Road 2: KINGSWAY DR (50 km/h); Vehicle #1     Make: NISS     Model: ATS     Colour: BRN     Style: 4D; Vehicle #2     Make: ICRP     Model: BUD     Colour: YEL     Style: BU,5/3/2021 10:40:12 AM,545034.41,4807868.612
49869,19264663,11/11/2019 9:30:00 AM,2019,11,11,9,30,0,Monday,545304.9384,4806386.309,-80.440447,43.409,Non intersection,2,P.D. only,Thru lane,unknown,unknown,Sideswipe,Unknown,Daylight,01 - Daylight,Municipal (excl. Twp. Rd.),No control,unknown,0,0,0,FALSE,FALSE,FALSE,Snow,,TRUE,Road 1: WILSON AVE; Road 2: WABANAKI DR; Vehicle #1     Make: HOND     Model: CRV     Colour: GRN     Style: 4B; Vehicle #2     Make: MAZD     Model: M3I     Colour: BLU     Style: 4D,5/3/2021 10:37:52 AM,545304.9384,4806386.31
49870,19264673,11/11/2019 9:35:00 AM,2019,11,11,9,35,0,Monday,541721.8474,4810500.852,-80.484385,43.446256,Non intersection,2,P.D. only,Off highway,unknown,unknown,SMV other,Unknown,Daylight,01 - Daylight,Regional municipality,No control,unknown,0,0,0,FALSE,FALSE,FALSE,Snow,,FALSE,Road 1: 42 CEDAR ST S (50 km/h); Road 2: CEDAR ST S; Distance: 1.0 M W; Vehicle #1     Make: NISS     Model: ROG     Colour: BLU     Style: TY,5/3/2021 10:37:08 AM,541721.8474,4810500.852
49871,19264679,11/4/2019 9:30:00 AM,2019,11,4,9,30,0,Monday,537575.9764,4806990.866,-80.535861,43.414871,Non intersection,2,P.D. only,Thru lane,unknown,unknown,SMV unattended vehicle,Unknown,Daylight,01 - Daylight,Municipal (excl. Twp. Rd.),No control,unknown,1,0,0,FALSE,FALSE,FALSE,Snow,,FALSE,Road 1: 50 PARKLAND CRES (40 km/h); Road 2: PARKLAND CRES; Distance: 100.0 M S; Vehicle #1     Make: FORD     Model: CTV     Colour: WHI     Style: BU; Vehicle #2     Make: TOYT     Model: SIE     Colour: WHI     Style: VN,5/3/2021 10:37:11 AM,537575.9764,4806990.866
49872,19264683,11/11/2019 9:15:00 AM,2019,11,11,9,15,0,Monday,541876.9727,4803490.419,-80.483005,43.383125,Intersection related,2,P.D. only,Within intersection,unknown,unknown,SMV other,Unknown,Daylight,01 - Daylight,Regional municipality,Stop sign,Functioning,0,0,0,FALSE,FALSE,FALSE,Snow,,TRUE,Road 1: HURON ROAD; Road 2: WOODBINE AVE; Vehicle #1     Make: HOND     Model: UDY     Colour: SIL     Style: VN,5/3/2021 10:39:36 AM,541876.9727,4803490.419
49873,19264694,11/11/2019 9:30:00 AM,2019,11,11,9,30,0,Monday,539367.7739,4807624.089,-80.513684,43.420481,Non intersection,2,P.D. only,Thru lane,unknown,unknown,SMV other,Unknown,Daylight,01 - Daylight,Municipal (excl. Twp. Rd.),No control,unknown,0,0,0,FALSE,FALSE,FALSE,Snow,,TRUE,Road 1: RUSKVIEW RD; Road 2: GREENBROOK DR; Vehicle #1     Make: MAZD     Model: CX9     Colour: GRY     Style: TY,5/3/2021 10:38:00 AM,539367.7739,4807624.089
49874,19264707,11/11/2019 9:40:00 AM,2019,11,11,9,40,0,Monday,538593.0278,4811202.723,-80.523001,43.452743,Non intersection,2,P.D. only,Thru lane,unknown,unknown,SMV unattended vehicle,Unknown,Daylight,01 - Daylight,Municipal (excl. Twp. Rd.),No control,unknown,0,0,0,FALSE,FALSE,FALSE,Snow,,TRUE,Road 1: UNION BLVD (IFO 261); Vehicle #1     Make: FORD     Model: SPE     Colour: BLK     Style: TY; Vehicle #2     Make: CADI     Model: ATS     Colour: GRY     Style: 4D,5/3/2021 10:37:42 AM,538593.0278,4811202.723
49875,19264714,11/11/2019 10:00:00 AM,2019,11,11,10,0,0,Monday,538072.6874,4807548.187,-80.529687,43.419864,Intersection related,2,P.D. only,Right turn lane,unknown,unknown,Rear end,Unknown,Daylight,01 - Daylight,Municipal (excl. Twp. Rd.),unknown,Functioning,0,0,0,FALSE,FALSE,FALSE,Snow,,TRUE,Road 1: WESTHEIGHTS DR; Road 2: MCGARRY DR KITCHENER; Vehicle #1     Make:      Model:      Colour:      Style: ; Vehicle #2     Make: HOND     Model: UCL     Colour: BLU     Style: 4D,5/3/2021 10:39:34 AM,538072.6874,4807548.187
49876,19264770,11/11/2019 10:55:00 AM,2019,11,11,10,55,0,Monday,539566.2455,4811425.491,-80.510957,43.454698,At intersection,2,Non-reportable,Left turn lane,unknown,unknown,SMV other,Unknown,Daylight,01 - Daylight,Municipal (excl. Twp. Rd.),Stop sign,Functioning,0,0,0,FALSE,FALSE,FALSE,Snow,,TRUE,"Road 1: PARK ST  KITCHENER , ONTARIO; Road 2: GREEN ST, KITCHENER; Vehicle #1     Make: HYUN     Model: TUC     Colour: RED     Style: TY",5/3/2021 10:40:43 AM,539566.2455,4811425.491
49877,19264772,11/11/2019 11:30:00 AM,2019,11,11,11,30,0,Monday,542709.7596,4808220.404,-80.472355,43.425667,Non intersection,2,P.D. only,Thru lane,unknown,unknown,Sideswipe,Unknown,Daylight,01 - Daylight,Regional municipality,No control,unknown,0,0,0,FALSE,FALSE,FALSE,Snow,,TRUE,Road 1: HANSON AVE; Road 2: HOMER WATSON BLVD; Vehicle #1     Make: CHEV     Model: EXP     Colour: WHI     Style: FV; Vehicle #2     Make: FORD     Model: EDG     Colour: BLK     Style: TY,5/3/2021 10:38:00 AM,542709.7596,4808220.404
49878,19264790,11/11/2019 12:00:00 PM,2019,11,11,12,0,0,Monday,537334.7853,4807490.511,-80.538806,43.419382,At intersection,2,P.D. only,Within intersection,unknown,unknown,Angle,Unknown,Daylight,01 - Daylight,Municipal (excl. Twp. Rd.),Stop sign,Functioning,0,0,0,FALSE,FALSE,FALSE,Snow,,TRUE,Road 1: WESTHEIGHTS DR; Road 2: DRIFTWOOD DR; Vehicle #1     Make: HOND     Model: CLL     Colour: BLK     Style: 4D; Vehicle #2     Make:      Model:      Colour:      Style:,5/3/2021 10:40:29 AM,537334.7853,4807490.511
49879,19264821,11/11/2019 12:30:00 PM,2019,11,11,12,30,0,Monday,540415.05,4810595.769,-80.500527,43.447182,At intersection,2,P.D. only,Within intersection,unknown,unknown,Approaching,Unknown,Daylight,01 - Daylight,Municipal (excl. Twp. Rd.),Stop sign,Functioning,0,0,0,FALSE,FALSE,FALSE,Snow,,TRUE,Road 1: JUBILEE SR; Road 2: DEVON ST; Vehicle #1     Make: DODG     Model: CAR     Colour: BLK     Style: VN; Vehicle #2     Make: HOND     Model: FIL     Colour: WHI     Style: 4B,5/3/2021 10:40:30 AM,540415.05,4810595.769
49880,19264834,11/11/2019 11:20:00 AM,2019,11,11,11,20,0,Monday,542511.2482,4806154.518,-80.474968,43.407077,Non intersection,2,P.D. only,Thru lane,unknown,unknown,SMV other,Unknown,Daylight,01 - Daylight,Municipal (excl. Twp. Rd.),No control,unknown,0,0,0,FALSE,FALSE,FALSE,Snow,,TRUE,Road 1: STRASBURG RD; Road 2: OTTAWA ST; Vehicle #1     Make: HOND     Model: UDY     Colour: PLE     Style: TY,5/3/2021 10:38:07 AM,542511.2482,4806154.518
49881,19264837,11/11/2019 12:03:00 PM,2019,11,11,12,3,0,Monday,541872.7584,4808923.292,-80.482641,43.432043,Non intersection,2,P.D. only,Thru lane,unknown,unknown,SMV unattended vehicle,Unknown,Daylight,01 - Daylight,Municipal (excl. Twp. Rd.),No control,unknown,1,0,0,FALSE,FALSE,FALSE,Snow,,FALSE,Road 1: 72 HOFFMAN ST (50 km/h); Road 2: HOFFMAN ST; Distance: 5.0 M N; Vehicle #1     Make: DODG     Model: CAR     Colour: SIL     Style: VN; Vehicle #2     Make: NISS     Model: VSA     Colour: SIL     Style: 4B,5/3/2021 10:37:17 AM,541872.7584,4808923.292
49882,19264867,11/11/2019 11:30:00 AM,2019,11,11,11,30,0,Monday,544713.6674,4810090.88,-80.447446,43.442392,Intersection related,2,Non-reportable,Thru lane,unknown,unknown,SMV other,Unknown,Daylight,01 - Daylight,Regional municipality,Stop sign,unknown,0,0,0,FALSE,FALSE,FALSE,Snow,,TRUE,Road 1: ROSS AVE; Road 2: FRANKLIN ST N; Vehicle #1     Make: DODG     Model: CJO     Colour: RED     Style: TY,5/3/2021 10:40:03 AM,544713.6674,4810090.88
49883,19264898,11/11/2019 10:40:00 AM,2019,11,11,10,40,0,Monday,543539.831,4809500.16,-80.461998,43.437142,Non intersection,2,P.D. only,Thru lane,unknown,unknown,Sideswipe,Unknown,Daylight,01 - Daylight,Municipal (excl. Twp. Rd.),No control,unknown,0,0,0,FALSE,FALSE,FALSE,Clear,,TRUE,Road 1: ROCKWAY DR; Road 2: DOON RD; Vehicle #1     Make: DODG     Model: CAR     Colour: WHI     Style: VN; Vehicle #2     Make: DODG     Model: SPR     Colour: WHI     Style: VN,5/3/2021 10:37:53 AM,543539.831,4809500.16
49884,19264932,11/11/2019 1:00:00 PM,2019,11,11,13,0,0,Monday,541981.6599,4810675.714,-80.481161,43.447816,Intersection related,2,P.D. only,Within intersection,unknown,unknown,Angle,Unknown,Daylight,01 - Daylight,Municipal (excl. Twp. Rd.),Stop sign,Functioning,0,0,0,FALSE,FALSE,FALSE,Snow,,TRUE,Road 1: DUKE ST E; Road 2: MADISON AVE N; Vehicle #1     Make: NISS     Model: CUB     Colour: WHI     Style: TY; Vehicle #2     Make: HYUN     Model: TUC     Colour: SIL     Style: TY,5/3/2021 10:39:37 AM,541981.6599,4810675.714
49885,19264938,11/11/2019 12:00:00 PM,2019,11,11,12,0,0,Monday,543092.7703,4804798.62,-80.467893,43.394835,Non intersection,2,P.D. only,Thru lane,unknown,unknown,Approaching,Unknown,Daylight,01 - Daylight,Municipal (excl. Twp. Rd.),No control,unknown,0,0,0,FALSE,FALSE,FALSE,Snow,,TRUE,Road 1: 1760 STRASBURG RD; Vehicle #1     Make: FORD     Model: DRW     Colour: WHI     Style: CB; Vehicle #2     Make: STRN     Model: SC1     Colour: ONG     Style: 2D,5/3/2021 10:37:38 AM,543092.7703,4804798.62
49886,19264941,11/11/2019 1:09:00 PM,2019,11,11,13,9,0,Monday,540131.7062,4809841.202,-80.504084,43.440403,Non intersection,2,P.D. only,Thru lane,unknown,unknown,Other,Unknown,Daylight,01 - Daylight,Municipal (excl. Twp. Rd.),No control,unknown,0,0,0,FALSE,FALSE,FALSE,Snow,,TRUE,Road 1: PATRICIA AVE; Road 2: HIGHLAND RD W; Vehicle #1     Make: HOND     Model: UAX     Colour: WHI     Style: 4D; Vehicle #2     Make:      Model:      Colour:      Style:,5/3/2021 10:38:03 AM,540131.7062,4809841.202
49887,19265051,11/11/2019 3:32:00 PM,2019,11,11,15,32,0,Monday,538018.6703,4807054.628,-80.530389,43.415423,Non intersection,2,P.D. only,Thru lane,unknown,unknown,Approaching,Unknown,Daylight,01 - Daylight,Municipal (excl. Twp. Rd.),No control,unknown,1,0,0,FALSE,FALSE,FALSE,Snow,,FALSE,Road 1: ROYAL ORCHARD DR (50 km/h); Road 2: DEERWOOD CRES; Distance: 20.0 M N; Vehicle #1     Make: HYUN     Model: SAN     Colour: WHI     Style: TY; Vehicle #2     Make: CHEV     Model: EXP     Colour: YEL     Style: BU,5/3/2021 10:37:14 AM,538018.6703,4807054.628
49888,19265052,11/11/2019 5:00:00 PM,2019,11,11,17,0,0,Monday,544187.9706,4808695.418,-80.454055,43.429858,Non intersection,2,P.D. only,Thru lane,unknown,unknown,Sideswipe,Unknown,Dusk,05 - Dusk,Municipal (excl. Twp. Rd.),No control,unknown,0,0,0,FALSE,FALSE,FALSE,Snow,,TRUE,Road 1: 178 FIFTH AVE; Vehicle #1     Make: FORD     Model: FMS     Colour: BLK     Style: 4D; Vehicle #2     Make:      Model:      Colour:      Style:,5/3/2021 10:37:54 AM,544187.9706,4808695.419
49889,19265071,11/11/2019 5:50:00 PM,2019,11,11,17,50,0,Monday,546589.6063,4802846.339,-80.424882,43.377048,At/near private drive,2,P.D. only,Thru lane,unknown,unknown,SMV unattended vehicle,Unknown,Dark,07 - Dark,Municipal (excl. Twp. Rd.),No control,unknown,0,0,0,FALSE,FALSE,FALSE,Snow,,TRUE,Road 1: 335 ROBERT FERRIE DR; Vehicle #1     Make:      Model:      Colour:      Style: ; Vehicle #2     Make: HOND     Model: UDY     Colour: GRN     Style: TY,5/3/2021 10:41:25 AM,546589.6063,4802846.339
49890,19265076,11/11/2019 4:10:00 PM,2019,11,11,16,10,0,Monday,541853.4853,4803513.004,-80.483293,43.383329,Intersection related,2,P.D. only,Thru lane,unknown,unknown,Rear end,Unknown,Daylight,01 - Daylight,Regional municipality,Stop sign,Functioning,0,0,0,FALSE,FALSE,FALSE,Snow,,TRUE,Road 1: WOODBINE AVE; Road 2: HURON RD; Vehicle #1     Make: FORD     Model: SPE     Colour: BLK     Style: TY; Vehicle #2     Make: HOND     Model: ULX     Colour: BLK     Style: 4D,5/3/2021 10:39:22 AM,541853.4853,4803513.004
49891,19265110,11/11/2019 10:00:00 AM,2019,11,11,10,0,0,Monday,542246.6096,4806725.012,-80.478192,43.412229,At/near private drive,2,P.D. only,Thru lane,unknown,unknown,SMV unattended vehicle,Unknown,Daylight,01 - Daylight,Municipal (excl. Twp. Rd.),No control,unknown,0,0,0,FALSE,FALSE,FALSE,Snow,,TRUE,Road 1: 72 THE COUNTRY WAY; Vehicle #1     Make: VOLK     Model: CTG     Colour: BLU     Style: 4B; Vehicle #2     Make: NISS     Model: ROG     Colour: SIL     Style: TY,5/3/2021 10:41:26 AM,542246.6096,4806725.012
49892,19265352,11/11/2019 3:10:00 PM,2019,11,11,15,10,0,Monday,544184.8728,4808691.085,-80.454093,43.429819,Non intersection,2,P.D. only,Thru lane,unknown,unknown,Rear end,Unknown,Daylight,01 - Daylight,Municipal (excl. Twp. Rd.),No control,unknown,0,0,0,FALSE,FALSE,FALSE,Snow,,TRUE,Road 1: 176 FIFTH AVE; Road 2: CONNAUGHT ST; Vehicle #1     Make: NISS     Model: PFI     Colour: BLK     Style: TY; Vehicle #2     Make:      Model:      Colour:      Style:,5/3/2021 10:37:54 AM,544184.8728,4808691.085
49893,19265537,11/11/2019 11:00:00 AM,2019,11,11,11,0,0,Monday,539688.7873,4810677.173,-80.509497,43.447954,Non intersection,2,Non-reportable,Thru lane,unknown,unknown,Sideswipe,Unknown,Daylight,01 - Daylight,Municipal (excl. Twp. Rd.),No control,unknown,0,0,0,FALSE,FALSE,FALSE,Snow,,TRUE,Road 1: WAVERYLY RD; Road 2: GAGE AVE; Vehicle #1     Make: TOYO     Model: PRI     Colour: BLU     Style: 4D; Vehicle #2     Make: GMC     Model: SAV     Colour: WHI     Style: VN,5/3/2021 10:37:29 AM,539688.7873,4810677.173
49894,19265601,11/12/2019 9:25:00 AM,2019,11,12,9,25,0,Tuesday,540291.2147,4809599.913,-80.502131,43.438222,Non intersection,2,Non-reportable,Thru lane,unknown,unknown,Rear end,Unknown,Daylight,01 - Daylight,Municipal (excl. Twp. Rd.),No control,unknown,0,0,0,FALSE,FALSE,FALSE,Snow,,TRUE,Road 1: 911 QUEEN'S BLVD; Road 2: BELMONT AVE; Vehicle #1     Make: MERZ     Model: 2C4     Colour: WHI     Style: 4D; Vehicle #2     Make: HOND     Model: UEX     Colour: SIL     Style: 2D,5/3/2021 10:38:52 AM,540291.2147,4809599.913
49895,19265823,11/12/2019 7:00:00 PM,2019,11,12,19,0,0,Tuesday,541980.2235,4810674.747,-80.481179,43.447807,At intersection,2,P.D. only,Within intersection,unknown,unknown,Angle,Unknown,Dark,07 - Dark,Regional municipality,Stop sign,Functioning,0,0,0,FALSE,FALSE,FALSE,Snow,,TRUE,Road 1: DUKE ST E; Road 2: MADISON AVE; Vehicle #1     Make:      Model:      Colour:      Style: ; Vehicle #2     Make: KIA     Model: SOU     Colour: SIL     Style: TY,5/3/2021 10:40:09 AM,541980.2235,4810674.747
49896,19265890,11/12/2019 4:00:00 PM,2019,11,12,16,0,0,Tuesday,541733.0798,4810286.957,-80.484262,43.444329,Non intersection,2,P.D. only,Thru lane,unknown,unknown,SMV unattended vehicle,Unknown,Daylight,01 - Daylight,Municipal (excl. Twp. Rd.),No control,unknown,0,0,0,FALSE,FALSE,FALSE,Clear,,TRUE,Road 1: MADISON AVE S (IFO 94); Vehicle #1     Make:      Model:      Colour:      Style: ; Vehicle #2     Make: ACUR     Model: I2P     Colour: WHI     Style: 4D,5/3/2021 10:38:02 AM,541733.0798,4810286.957
49897,19266034,11/12/2019 7:45:00 PM,2019,11,12,19,45,0,Tuesday,544272.8778,4809958.568,-80.452903,43.441227,Non intersection,2,Non-reportable,Thru lane,unknown,unknown,SMV other,Unknown,Dark,07 - Dark,Municipal (excl. Twp. Rd.),No control,unknown,0,0,0,FALSE,FALSE,FALSE,Clear,,TRUE,Road 1: ROSS AVE; Road 2: WILFRED AVE; Vehicle #1     Make: TOYT     Model: VEN     Colour: GRY     Style: TY; Vehicle #2     Make:      Model:      Colour:      Style:,5/3/2021 10:38:48 AM,544272.8778,4809958.568
49898,19266091,11/12/2019 8:40:00 PM,2019,11,12,20,40,0,Tuesday,541508.7324,4807858.856,-80.48722,43.422479,Non intersection,2,Non-reportable,Thru lane,unknown,unknown,Sideswipe,Unknown,Dark,07 - Dark,Regional municipality,No control,unknown,0,0,0,FALSE,FALSE,FALSE,Clear,,TRUE,Road 1: STRASBURG RD (NEAR GAS STATION); Road 2: OTTAWA ST S; Vehicle #1     Make:      Model:      Colour:      Style: ; Vehicle #2     Make: TOYT     Model: MTL     Colour: GRY     Style: 4D,5/3/2021 10:37:29 AM,541508.7324,4807858.856