OBJECTID,ACCIDENTNUM,ACCIDENTDATE,ACCIDENT_YEAR,ACCIDENT_MONTH,ACCIDENT_DAY,ACCIDENT_HOUR,ACCIDENT_MINUTE,ACCIDENT_SECOND,ACCIDENT_WEEKDAY,XCOORD,YCOORD,LONGITUDE,LATITUDE,ACCIDENTLOCATION,COLLISIONTYPE,CLASSIFICATIONOFACCIDENT,IMPACTLOCATION,INITIALDIRECTIONOFTRAVELONE,INITIALDIRECTIONOFTRAVELTWO,INITIALIMPACTTYPE,INTTRAFFICCONTROL,LIGHT,LIGHTFORREPORT,ROADJURISDICTION,TRAFFICCONTROL,TRAFFICCONTROLCONDITION,THRULANENO,NORTHBOUNDDISOBEYCOUNT,SOUTHBOUNDDISOBEYCOUNT,PEDESTRIANINVOLVED,CYCLISTINVOLVED,MOTORCYCLISTINVOLVED,ENVIRONMENTCONDITION1,ENVIRONMENTCONDITION2,SELFREPORTED,XMLIMPORTNOTES,LASTEDITEDDATE,x,y
49899,19266116,11/12/2019 9:59:00 PM,2019,11,12,21,59,0,Tuesday,544039.149,4807714.471,-80.455973,43.421035,Non intersection,2,P.D. only,Not on roadway - left side,unknown,unknown,SMV other,Unknown,Dark,07 - Dark,Municipal (excl. Twp. Rd.),No control,unknown,0,0,0,FALSE,FALSE,FALSE,Snow,,FALSE,Road 1: 551 VANIER DR (50 km/h); Road 2: VANIER DR; Distance: 20.0 M W; Vehicle #1     Make: TOYT     Model: UCS     Colour: GRY     Style: 4D,5/3/2021 10:37:08 AM,544039.149,4807714.471
49900,19266277,11/13/2019 8:00:00 AM,2019,11,13,8,0,0,Wednesday,542407.1208,4806619.303,-80.476218,43.411268,Intersection related,2,P.D. only,Within intersection,unknown,unknown,Approaching,Unknown,Daylight,01 - Daylight,Municipal (excl. Twp. Rd.),unknown,Functioning,0,0,0,FALSE,FALSE,FALSE,Clear,,TRUE,Road 1: STRASBURG RD; Road 2: OLD COUNTRY WAY; Vehicle #1     Make: DODG     Model: DAK     Colour: GRY     Style: PK; Vehicle #2     Make: HYUN     Model: SAN     Colour: WHI     Style: TY,4/22/2022 2:25:46 PM,542407.1208,4806619.303
49901,19266282,11/13/2019 8:25:00 AM,2019,11,13,8,25,0,Wednesday,541014.3841,4809676.77,-80.49319,43.438875,Intersection related,2,P.D. only,Within intersection,unknown,unknown,Turning movement,Unknown,Daylight,01 - Daylight,Regional municipality,Traffic signal,Functioning,0,0,0,FALSE,FALSE,FALSE,Clear,,FALSE,Road 1: HIGHLAND RD E (50 km/h); Road 2: SPADINA RD E (50 km/h); Vehicle #1     Make: HYUN     Model: ESS     Colour: GRY     Style: 4D; Vehicle #2     Make: CHRY     Model: 2LM     Colour: WHI     Style: 4D,5/3/2021 10:39:13 AM,541014.3841,4809676.77
49902,19266322,11/13/2019 9:15:00 AM,2019,11,13,9,15,0,Wednesday,540939.6074,4811216.644,-80.493998,43.452744,Intersection related,2,P.D. only,Thru lane,unknown,unknown,Angle,Unknown,Daylight,01 - Daylight,Regional municipality,unknown,Functioning,0,0,0,FALSE,FALSE,FALSE,Clear,,TRUE,Road 1: WATER ST N; Road 2: DUKE ST W; Vehicle #1     Make: HYUN     Model: TSL     Colour: BLK     Style: 2B; Vehicle #2     Make: KIA     Model: 5SX     Colour: ONG     Style: 4B,4/27/2022 10:41:21 AM,540939.6074,4811216.644
49903,19266475,11/13/2019 2:10:00 PM,2019,11,13,14,10,0,Wednesday,546493.3621,4809669.88,-80.42549,43.438493,Non intersection,2,P.D. only,Thru lane,unknown,unknown,Approaching,Unknown,Daylight,01 - Daylight,Regional municipality,No control,unknown,0,0,0,FALSE,FALSE,FALSE,Clear,,TRUE,Road 1: OLD CHICOPEE TRAIL; Road 2: FAIRWAY RD N; Distance: 200.0 M N; Vehicle #1     Make: TOYT     Model: CHL     Colour: BLK     Style: 4D; Vehicle #2     Make: TOYT     Model: HIG     Colour: BLK     Style: TY,5/3/2021 10:37:01 AM,546493.3621,4809669.88
49904,19266734,11/14/2019 6:40:00 PM,2019,11,14,18,40,0,Thursday,537074.1049,4806658.676,-80.542083,43.411905,At/near private drive,2,P.D. only,Thru lane,unknown,unknown,Other,Unknown,Dark,07 - Dark,Municipal (excl. Twp. Rd.),No control,unknown,0,0,0,FALSE,FALSE,FALSE,Snow,,TRUE,Road 1: 65 YELLOW BIRCH DR; Road 2: HODDLE CRESCENT; Vehicle #1     Make: FORD     Model: COF     Colour: WHI     Style: PK; Vehicle #2     Make: DODG     Model: CAR     Colour: GRY     Style: VN,5/3/2021 10:41:27 AM,537074.1049,4806658.676
49905,19267041,11/14/2019 9:08:00 AM,2019,11,14,9,8,0,Thursday,542518.2769,4807562.985,-80.474771,43.419758,Intersection related,2,P.D. only,Right shoulder,unknown,unknown,SMV other,Unknown,Daylight,01 - Daylight,Municipal (excl. Twp. Rd.),Stop sign,Functioning,0,0,0,FALSE,FALSE,FALSE,Snow,,FALSE,Road 1: KINGSWOOD DR (50 km/h); Road 2: GRACEFIELD CRES (50 km/h); Vehicle #1     Make: HYUN     Model: TUC     Colour: GRY     Style: TY,5/3/2021 10:39:14 AM,542518.2769,4807562.985
49906,19267077,11/13/2019 10:30:00 AM,2019,11,13,10,30,0,Wednesday,543959.3342,4804877.452,-80.457187,43.395495,Non intersection,2,P.D. only,Thru lane,unknown,unknown,SMV unattended vehicle,Unknown,Daylight,01 - Daylight,Municipal (excl. Twp. Rd.),No control,unknown,0,0,0,FALSE,FALSE,FALSE,Clear,,TRUE,Road 1: MAXWELL DR; Road 2: BEIHN; Vehicle #1     Make: HOND     Model: UDY     Colour: GRY     Style: VN; Vehicle #2     Make: GMC     Model: SIE     Colour: WHI     Style: PK,5/3/2021 10:37:34 AM,543959.3342,4804877.452
49907,19267355,11/13/2019 4:00:00 PM,2019,11,13,16,0,0,Wednesday,539787.475,4810585.003,-80.508284,43.447119,At/near private drive,2,P.D. only,Thru lane,unknown,unknown,Other,Unknown,Daylight,01 - Daylight,Municipal (excl. Twp. Rd.),No control,unknown,0,0,0,FALSE,FALSE,FALSE,Clear,,TRUE,Road 1: 120 CHERRY ST; Vehicle #1     Make: HYUN     Model: PGS     Colour: GRY     Style: 4D; Vehicle #2     Make:      Model:      Colour:      Style:,5/3/2021 10:41:16 AM,539787.475,4810585.003
49908,19267392,11/14/2019 11:30:00 AM,2019,11,14,11,30,0,Thursday,541141.2773,4810796.508,-80.491537,43.44895,Non intersection,2,Non-reportable,Thru lane,unknown,unknown,Other,Unknown,Daylight,01 - Daylight,Regional municipality,No control,unknown,0,0,0,FALSE,FALSE,FALSE,Clear,,TRUE,Road 1: ONTARIO ST S; Road 2: JOSEPH ST; Vehicle #1     Make:      Model:      Colour:      Style: ; Vehicle #2     Make: ALEX     Model: ENV     Colour: GRN     Style: BU,5/3/2021 10:38:50 AM,541141.2773,4810796.508
49909,19267516,11/13/2019 5:45:00 PM,2019,11,13,17,45,0,Wednesday,544492.9863,4811765.305,-80.450036,43.457481,At intersection,2,Non-reportable,Thru lane,unknown,unknown,Sideswipe,Unknown,Dark,07 - Dark,Regional municipality,Stop sign,Functioning,0,0,0,FALSE,FALSE,FALSE,Clear,,TRUE,Road 1: RIVER RD E; Road 2: HALLIWELL DR; Vehicle #1     Make: TOYT     Model: RV4     Colour: GRY     Style: TY; Vehicle #2     Make:      Model:      Colour:      Style:,5/3/2021 10:40:42 AM,544492.9863,4811765.305
49910,19267684,11/15/2019 2:40:00 AM,2019,11,15,2,40,0,Friday,544592.3021,4808355.96,-80.449087,43.426778,Non intersection,2,P.D. only,Right shoulder,unknown,unknown,Rear end,Unknown,Dark,07 - Dark,Municipal (excl. Twp. Rd.),No control,unknown,0,0,0,FALSE,FALSE,FALSE,Clear,,FALSE,Road 1: GREENFIELD AVE (50 km/h); Road 2: CARROL ST; Distance: 5.0 M N; Vehicle #1     Make: FORD     Model: CTV     Colour: WHI     Style: CB; Vehicle #2     Make: KIA     Model: FLG     Colour: GRY     Style: 4D,5/3/2021 10:37:15 AM,544592.3021,4808355.96
49911,19267815,11/11/2019 10:00:00 AM,2019,11,11,10,0,0,Monday,542389.122,4806193.512,-80.476473,43.407435,At/near private drive,2,P.D. only,Thru lane,unknown,unknown,SMV unattended vehicle,Unknown,Daylight,01 - Daylight,Municipal (excl. Twp. Rd.),No control,unknown,0,0,0,FALSE,FALSE,FALSE,Snow,,TRUE,Road 1: 222 THE COUNTRY WAY (IN FRONT OF 222); Vehicle #1     Make: MITS     Model: OUT     Colour: WHI     Style: TY; Vehicle #2     Make:      Model:      Colour:      Style:,5/3/2021 10:41:27 AM,542389.122,4806193.512
49912,19267908,11/15/2019 11:00:00 AM,2019,11,15,11,0,0,Friday,545124.7488,4807656.815,-80.442567,43.420451,At/near private drive,2,P.D. only,Thru lane,unknown,unknown,Angle,Unknown,Daylight,01 - Daylight,Municipal (excl. Twp. Rd.),No control,unknown,0,0,0,FALSE,FALSE,FALSE,Clear,,TRUE,Road 1: CANADIAN TIRE DRIVEWAY; Road 2: WILSON AVE; Vehicle #1     Make: HYUN     Model: SAN     Colour: BLK     Style: TY; Vehicle #2     Make: TOYT     Model: UCS     Colour: BRN     Style: 4D,5/3/2021 10:41:22 AM,545124.7488,4807656.815
49913,19267943,11/15/2019 12:05:00 PM,2019,11,15,12,5,0,Friday,543744.0597,4805583.781,-80.459788,43.401867,Non intersection,2,P.D. only,Thru lane,unknown,unknown,Angle,Unknown,Daylight,01 - Daylight,Municipal (excl. Twp. Rd.),No control,unknown,0,0,0,FALSE,FALSE,FALSE,Clear,,TRUE,Road 1: BEASLEY DR; Road 2: TRILLIUM DR; Vehicle #1     Make: RAM     Model: RTR     Colour: BLK     Style: PK; Vehicle #2     Make: FORD     Model: FE     Colour: WHI     Style: 4D,5/3/2021 10:37:55 AM,543744.0597,4805583.781
49914,19268162,11/11/2019 8:50:00 AM,2019,11,11,8,50,0,Monday,540875.7877,4810596.857,-80.494833,43.447167,Non intersection,2,Non-reportable,Thru lane,unknown,unknown,Rear end,Unknown,Daylight,01 - Daylight,Municipal (excl. Twp. Rd.),No control,unknown,0,0,0,FALSE,FALSE,FALSE,Snow,,TRUE,Road 1: JUBILEE DR; Road 2: DAVID ST; Vehicle #1     Make: HOND     Model: UCL     Colour: BLU     Style: 4D; Vehicle #2     Make: FORD     Model: FSE     Colour: RED     Style: 4D,5/3/2021 10:37:07 AM,540875.7877,4810596.857
49915,19268173,11/12/2019 7:00:00 PM,2019,11,12,19,0,0,Tuesday,540488.7031,4810093.365,-80.499654,43.442655,At/near private drive,2,Non-reportable,Thru lane,unknown,unknown,SMV unattended vehicle,Unknown,Dark,07 - Dark,Municipal (excl. Twp. Rd.),No control,unknown,0,0,0,FALSE,FALSE,FALSE,Clear,,TRUE,Road 1: 62 HOMEWOOD AVE; Vehicle #1     Make: NISS     Model: MUR     Colour: BRN     Style: TY; Vehicle #2     Make: KIA     Model: SOU     Colour: BLU     Style: TY,5/3/2021 10:41:05 AM,540488.7031,4810093.365
49916,19268661,11/11/2019 9:30:00 AM,2019,11,11,9,30,0,Monday,539035.6094,4810148.807,-80.517607,43.443231,At/near private drive,2,P.D. only,Thru lane,unknown,unknown,SMV unattended vehicle,Unknown,Daylight,01 - Daylight,Municipal (excl. Twp. Rd.),No control,unknown,0,0,0,FALSE,FALSE,FALSE,Snow,,TRUE,Road 1: 428 ALICE AVE; Vehicle #1     Make:      Model:      Colour:      Style: ; Vehicle #2     Make: TOYT     Model: CAM     Colour: GRY     Style: 4D,5/3/2021 10:41:24 AM,539035.6094,4810148.807
49917,19268668,11/11/2019 11:10:00 AM,2019,11,11,11,10,0,Monday,545896.7872,4802879.124,-80.433431,43.377386,At intersection,2,P.D. only,Thru lane,unknown,unknown,Rear end,Unknown,Daylight,01 - Daylight,Municipal (excl. Twp. Rd.),Stop sign,Functioning,0,0,0,FALSE,FALSE,FALSE,Snow,,TRUE,Road 1: DOON S DR; Road 2: STEEPLERIDGE ST; Vehicle #1     Make: MITS     Model: LES     Colour: BLU     Style: 4D; Vehicle #2     Make: HYUN     Model: ESS     Colour: RED     Style: 4D,5/3/2021 10:40:11 AM,545896.7872,4802879.124
49918,19268743,11/16/2019 9:30:00 AM,2019,11,16,9,30,0,Saturday,542252.8576,4811381.22,-80.477755,43.454153,At intersection,2,Non-reportable,Within intersection,unknown,unknown,Rear end,Unknown,Daylight,01 - Daylight,Municipal (excl. Twp. Rd.),Stop sign,Functioning,0,0,0,FALSE,FALSE,FALSE,Clear,,TRUE,Road 1: BINGEMAN ST; Road 2: SIMEON ST; Vehicle #1     Make: TOYT     Model: MTL     Colour: WHI     Style: 4D; Vehicle #2     Make:      Model:      Colour:      Style:,5/3/2021 10:40:45 AM,542252.8576,4811381.22
49919,19268811,11/16/2019 4:20:00 PM,2019,11,16,16,20,0,Saturday,545957.4731,4809853.462,-80.432096,43.440179,At intersection,1,Non-fatal injury,Within intersection,unknown,unknown,Angle,Unknown,Daylight,01 - Daylight,Municipal (excl. Twp. Rd.),Stop sign,Functioning,0,0,0,FALSE,FALSE,FALSE,Clear,,FALSE,Road 1: OLD CHICOPEE DR (50 km/h); Road 2: BANCROFT ST (50 km/h); Vehicle #1     Make: KIA     Model: FLX     Colour: GRY     Style: 4D; Vehicle #2     Make: HOND     Model: UCL     Colour: BLK     Style: 4D,5/3/2021 10:40:16 AM,545957.4731,4809853.462
49920,19269024,11/16/2019 10:12:00 PM,2019,11,16,22,12,0,Saturday,545176.2279,4810081.502,-80.441731,43.44228,Non intersection,2,P.D. only,Thru lane,unknown,unknown,SMV unattended vehicle,Unknown,Dark,07 - Dark,Municipal (excl. Twp. Rd.),No control,unknown,1,0,0,FALSE,FALSE,FALSE,Clear,,FALSE,Road 1: 131 RENNIE DR (50 km/h); Road 2: RENNIE DR; Distance: 2.0 M N; Vehicle #1     Make: HYUN     Model: ESM     Colour: GRY     Style: 4D; Vehicle #2     Make: HOND     Model: CIV     Colour: BLU     Style: 4D,5/3/2021 10:37:20 AM,545176.2279,4810081.503
49921,19269314,11/16/2019 5:30:00 PM,2019,11,16,17,30,0,Saturday,539937.9051,4805756.278,-80.506778,43.403633,Non intersection,2,Non-reportable,Thru lane,unknown,unknown,SMV unattended vehicle,Unknown,Dark,07 - Dark,Municipal (excl. Twp. Rd.),No control,unknown,0,0,0,FALSE,FALSE,FALSE,Clear,,TRUE,Road 1: 160 MAX BECKER DR; Vehicle #1     Make: RAM     Model: RTR     Colour: BLU     Style: CW; Vehicle #2     Make:      Model:      Colour:      Style:,5/3/2021 10:38:58 AM,539937.9051,4805756.278
49922,19269346,11/17/2019 11:50:00 AM,2019,11,17,11,50,0,Sunday,539051.1345,4811176.013,-80.517341,43.452479,Non intersection,2,P.D. only,Left turn lane,unknown,unknown,Sideswipe,Unknown,Daylight,01 - Daylight,Regional municipality,No control,unknown,0,0,0,FALSE,FALSE,FALSE,Clear,,TRUE,Road 1: BELMONT AVE W; Road 2: ROCK AVE; Vehicle #1     Make: DODG     Model: CGS     Colour: BLK     Style: 4D; Vehicle #2     Make: BUIC     Model: ACX     Colour: PLE     Style: 4D,5/3/2021 10:37:31 AM,539051.1345,4811176.013
49923,19269483,11/16/2019 4:30:00 AM,2019,11,16,4,30,0,Saturday,543009.7005,4814402.091,-80.468162,43.48131,At/near private drive,2,P.D. only,Thru lane,unknown,unknown,SMV unattended vehicle,Unknown,Dark,07 - Dark,Municipal (excl. Twp. Rd.),No control,unknown,0,0,0,FALSE,FALSE,FALSE,Clear,,TRUE,Road 1: 95 SCHWEITZER ST; Vehicle #1     Make:      Model:      Colour:      Style: ; Vehicle #2     Make: KIA     Model: RBL     Colour: SIL     Style: 4D,5/3/2021 10:41:27 AM,543009.7005,4814402.091
49924,19269523,11/11/2019 1:30:00 PM,2019,11,11,13,30,0,Monday,540477.4927,4812166.509,-80.499639,43.461322,Intersection related,2,Non-reportable,Thru lane,unknown,unknown,Sideswipe,Unknown,Daylight,01 - Daylight,Regional municipality,Traffic signal,Functioning,0,0,0,FALSE,FALSE,FALSE,Clear,,TRUE,Road 1: GUELPH ST; Road 2: WEBER ST W; Vehicle #1     Make:      Model:      Colour:      Style: ; Vehicle #2     Make: CHEV     Model: TRV     Colour: BLK     Style: TY,5/3/2021 10:39:19 AM,540477.4927,4812166.509
49925,19269528,11/11/2019 12:30:00 PM,2019,11,11,12,30,0,Monday,542486.1256,4812879.159,-80.474755,43.467627,Non intersection,2,P.D. only,Thru lane,unknown,unknown,Approaching,Unknown,Daylight,01 - Daylight,Municipal (excl. Twp. Rd.),No control,unknown,0,0,0,FALSE,FALSE,FALSE,Clear,,TRUE,Road 1: SEREDA RD; Road 2: GUELPH ST; Vehicle #1     Make:      Model:      Colour:      Style: ; Vehicle #2     Make: GMC     Model: SAV     Colour: RED     Style: VN,5/3/2021 10:37:35 AM,542486.1256,4812879.16
49926,19269529,11/17/2019 4:50:00 PM,2019,11,17,16,50,0,Sunday,538516.0382,4810501.507,-80.524002,43.446434,Non intersection,2,P.D. only,Thru lane,unknown,unknown,Angle,Unknown,Dusk,05 - Dusk,Municipal (excl. Twp. Rd.),No control,unknown,0,0,0,FALSE,FALSE,FALSE,Clear,,TRUE,Road 1: 10 WESTWOOD DR; Vehicle #1     Make: TOYT     Model: RV4     Colour: GRY     Style: TY; Vehicle #2     Make: ACUR     Model: 32S     Colour: SIL     Style: 2D,5/3/2021 10:37:56 AM,538516.0382,4810501.507
49927,19269563,11/17/2019 5:30:00 PM,2019,11,17,17,30,0,Sunday,547452.3899,4811314.046,-80.413497,43.453237,Non intersection,1,Non-fatal injury,Thru lane,unknown,unknown,Approaching,Unknown,Dark,07 - Dark,Municipal (excl. Twp. Rd.),No control,unknown,1,0,0,FALSE,FALSE,FALSE,Clear,,FALSE,Road 1: 514 BRIDGEMILL CRES (50 km/h); Road 2: BRIDGEMILL CRES; Distance: 5.0 M W; Vehicle #1     Make:      Model:      Colour:      Style: ; Vehicle #2     Make: TOYT     Model: UCS     Colour: GRY     Style: 4D; Vehicle #3     Make:      Model: TRAC   ,5/3/2021 10:37:15 AM,547452.3899,4811314.046
49928,19269667,11/17/2019 5:33:00 PM,2019,11,17,17,33,0,Sunday,546766.6074,4811147.745,-80.421987,43.451782,Non intersection,2,P.D. only,Thru lane,unknown,unknown,Approaching,Unknown,Dark,07 - Dark,Municipal (excl. Twp. Rd.),No control,unknown,1,0,0,FALSE,FALSE,FALSE,Clear,,FALSE,Road 1: 63 ZELLER DR (50 km/h); Road 2: ZELLER DR; Distance: 5.0 M W; Vehicle #1     Make:      Model:      Colour:      Style: ; Vehicle #2     Make: FORD     Model: FE     Colour: BLU     Style: 4D,5/3/2021 10:37:17 AM,546766.6074,4811147.745
49929,19269795,11/18/2019 2:30:00 AM,2019,11,18,2,30,0,Monday,542209.2018,4814348.436,-80.478064,43.480872,Non intersection,2,P.D. only,Thru lane,unknown,unknown,SMV other,Unknown,Dark,07 - Dark,Regional municipality,No control,unknown,0,0,0,FALSE,FALSE,FALSE,Clear,,TRUE,Road 1: BLOOMINGDALE RD N; Road 2: BRIDGE ST E; Vehicle #1     Make: NISS     Model: PFI     Colour: SIL     Style: TY,5/3/2021 10:37:58 AM,542209.2018,4814348.436
49930,19270045,11/18/2019 12:15:00 PM,2019,11,18,12,15,0,Monday,541559.5332,4810927.782,-80.486358,43.450109,At/near private drive,2,Non-reportable,Thru lane,unknown,unknown,SMV unattended vehicle,Unknown,Daylight,01 - Daylight,Regional municipality,No control,unknown,0,0,0,FALSE,FALSE,FALSE,Clear,,TRUE,Road 1: DUKE ST E; Road 2: FREDERICK ST; Vehicle #1     Make:      Model:      Colour:      Style: ; Vehicle #2     Make: NISS     Model: ROG     Colour: BLK     Style: TY,8/16/2022 2:56:48 PM,541559.5332,4810927.782
49931,19270211,11/18/2019 3:20:00 PM,2019,11,18,15,20,0,Monday,544514.8004,4808391.014,-80.450042,43.427098,Intersection related,2,P.D. only,Within intersection,unknown,unknown,Angle,Unknown,Daylight,01 - Daylight,Municipal (excl. Twp. Rd.),Stop sign,Functioning,0,0,1,FALSE,FALSE,FALSE,Clear,,TRUE,Road 1: GREENFIELD AVE; Road 2: 9TH AVE; Vehicle #1     Make: HOND     Model: UDY     Colour: RED     Style: VN; Vehicle #2     Make: CHEV     Model: AVT     Colour: BLK     Style: 4D,5/3/2021 10:39:29 AM,544514.8004,4808391.014
49932,19270345,11/17/2019 3:50:00 PM,2019,11,17,15,50,0,Sunday,543664.9584,4812460.713,-80.460215,43.463792,Non intersection,2,P.D. only,Thru lane,unknown,unknown,Other,Unknown,Daylight,01 - Daylight,Municipal (excl. Twp. Rd.),No control,unknown,0,0,0,FALSE,FALSE,FALSE,Clear,,TRUE,Road 1: 68 TURNER AVE; Vehicle #1     Make: MITS     Model: LES     Colour: BLK     Style: 4D; Vehicle #2     Make:      Model:      Colour:      Style:,5/3/2021 10:37:58 AM,543664.9584,4812460.713
49933,19270405,11/18/2019 5:30:00 PM,2019,11,18,17,30,0,Monday,541149.4257,4810647.826,-80.491448,43.447611,Intersection related,2,P.D. only,Thru lane,unknown,unknown,Angle,Unknown,Dark,07 - Dark,Municipal (excl. Twp. Rd.),Stop sign,unknown,0,0,0,FALSE,FALSE,FALSE,Clear,,TRUE,Road 1: ST GEORGE ST; Road 2: QUEEN ST S; Vehicle #1     Make: TOYT     Model: MTL     Colour: GRY     Style: 4D; Vehicle #2     Make:      Model:      Colour:      Style:,5/3/2021 10:39:29 AM,541149.4257,4810647.826
49934,19270625,11/19/2019 8:40:00 AM,2019,11,19,8,40,0,Tuesday,542066.7818,4807089.985,-80.480385,43.415525,Non intersection,2,P.D. only,Thru lane,unknown,unknown,Rear end,Unknown,Daylight,01 - Daylight,Municipal (excl. Twp. Rd.),No control,unknown,0,0,0,FALSE,FALSE,FALSE,Clear,,TRUE,Road 1: BLOCK LINE RD; Road 2: FALLOWFIELD; Vehicle #1     Make: NISS     Model: ROS     Colour: WHI     Style: 4W; Vehicle #2     Make: HOND     Model: CTU     Colour: GRY     Style: 4D,5/3/2021 10:38:54 AM,542066.7818,4807089.985
49935,19270934,11/11/2019 11:00:00 AM,2019,11,11,11,0,0,Monday,539546.0627,4811443.358,-80.511205,43.45486,Non intersection,2,Non-reportable,Thru lane,unknown,unknown,Rear end,Unknown,Daylight,01 - Daylight,Municipal (excl. Twp. Rd.),No control,unknown,0,0,0,FALSE,FALSE,FALSE,Snow,,TRUE,Road 1: PARK ST KITCHENER; Road 2: GLIDNER ST; Vehicle #1     Make: HOND     Model: UDY     Colour: SIL     Style: VN; Vehicle #2     Make: TOYT     Model: RV4     Colour: GRY     Style: TY,5/3/2021 10:37:16 AM,539546.0627,4811443.358
49936,19271043,11/19/2019 5:30:00 PM,2019,11,19,17,30,0,Tuesday,540145.7227,4810120.934,-80.503891,43.442921,Intersection related,2,P.D. only,Thru lane,unknown,unknown,Sideswipe,Unknown,Dark,07 - Dark,Municipal (excl. Twp. Rd.),Stop sign,unknown,0,0,0,FALSE,FALSE,FALSE,Clear,,TRUE,Road 1: HOMEWOOD AVE; Road 2: WEST AVE; Vehicle #1     Make: RAM     Model: RTR     Colour: BLU     Style: PK; Vehicle #2     Make: CHEV     Model: SIL     Colour: GRY     Style: PK,5/3/2021 10:39:35 AM,540145.7227,4810120.934
49937,19271056,11/11/2019 9:10:00 AM,2019,11,11,9,10,0,Monday,539822.3519,4811431.367,-80.507791,43.454738,Non intersection,2,Non-reportable,Off highway,unknown,unknown,Sideswipe,Unknown,Daylight,01 - Daylight,Municipal (excl. Twp. Rd.),No control,unknown,0,0,0,FALSE,FALSE,FALSE,Snow,,TRUE,Road 1: WALTER ST; Road 2: GRUHN ST; Vehicle #1     Make: TOYT     Model: CHB     Colour: GRN     Style: 4D; Vehicle #2     Make:      Model:      Colour:      Style:,5/3/2021 10:37:16 AM,539822.3519,4811431.367
49938,19271058,11/11/2019 10:15:00 AM,2019,11,11,10,15,0,Monday,538071.6251,4807547.484,-80.529701,43.419858,Intersection related,2,P.D. only,Thru lane,unknown,unknown,Rear end,Unknown,Daylight,01 - Daylight,Municipal (excl. Twp. Rd.),unknown,Functioning,0,0,0,FALSE,FALSE,FALSE,Snow,,TRUE,Road 1: WESTHEIGHTS DR; Road 2: MCGARRY DR; Vehicle #1     Make: HOND     Model: UDY     Colour: RED     Style: TY; Vehicle #2     Make:      Model:      Colour:      Style:,5/3/2021 10:39:23 AM,538071.6251,4807547.484
49939,19271095,11/19/2019 6:40:00 PM,2019,11,19,18,40,0,Tuesday,544620.9833,4808639.988,-80.44871,43.429334,At intersection,2,P.D. only,Within intersection,unknown,unknown,Angle,Unknown,Dark,07 - Dark,Municipal (excl. Twp. Rd.),Stop sign,Functioning,0,0,1,FALSE,FALSE,FALSE,Clear,,FALSE,Road 1: CONNAUGHT ST (50 km/h); Road 2: EIGHTH AVE (50 km/h); Vehicle #1     Make: CHEV     Model: IMT     Colour: GRY     Style: 4D; Vehicle #2     Make: NOVA     Model: HEV     Colour: WHI     Style: BU,5/3/2021 10:40:16 AM,544620.9833,4808639.989
49940,19271135,11/19/2019 7:30:00 PM,2019,11,19,19,30,0,Tuesday,542633.1745,4810832.88,-80.473097,43.449194,At intersection,2,Non-reportable,Within intersection,unknown,unknown,Angle,Unknown,Dark,07 - Dark,Municipal (excl. Twp. Rd.),Stop sign,unknown,0,0,0,FALSE,FALSE,FALSE,Clear,,TRUE,Road 1: PANDORA AVE N; Road 2: LYDIA ST; Vehicle #1     Make: DODG     Model: CAR     Colour: BLU     Style: VN; Vehicle #2     Make:      Model:      Colour:      Style:,5/3/2021 10:40:36 AM,542633.1745,4810832.88
49941,19271176,11/19/2019 8:35:00 PM,2019,11,19,20,35,0,Tuesday,542633.2371,4810830.549,-80.473096,43.449173,At intersection,2,P.D. only,Within intersection,unknown,unknown,Angle,Unknown,Dark,07 - Dark,Municipal (excl. Twp. Rd.),Stop sign,Functioning,0,0,0,FALSE,FALSE,FALSE,Clear,,FALSE,Road 1: PANDORA CRES (50 km/h); Road 2: LYDIA ST (50 km/h); Vehicle #1     Make: MAZD     Model: M3S     Colour: GRY     Style: 4D; Vehicle #2     Make:      Model:      Colour:      Style:,5/3/2021 10:40:16 AM,542633.2371,4810830.549
49942,19271216,11/18/2019 3:20:00 PM,2019,11,18,15,20,0,Monday,542284.8012,4807780.336,-80.477639,43.421729,Other,2,Non-reportable,Not on roadway - left side,unknown,unknown,SMV unattended vehicle,Unknown,Daylight,01 - Daylight,Municipal (excl. Twp. Rd.),No control,unknown,0,0,0,FALSE,FALSE,FALSE,Clear,,TRUE,Road 1: 214 KINGSWOOD DR; Vehicle #1     Make:      Model:      Colour:      Style: ; Vehicle #2     Make: CHEV     Model: EQU     Colour: RED     Style: TY,5/3/2021 10:41:56 AM,542284.8012,4807780.336