OBJECTID,ACCIDENTNUM,ACCIDENTDATE,ACCIDENT_YEAR,ACCIDENT_MONTH,ACCIDENT_DAY,ACCIDENT_HOUR,ACCIDENT_MINUTE,ACCIDENT_SECOND,ACCIDENT_WEEKDAY,XCOORD,YCOORD,LONGITUDE,LATITUDE,ACCIDENTLOCATION,COLLISIONTYPE,CLASSIFICATIONOFACCIDENT,IMPACTLOCATION,INITIALDIRECTIONOFTRAVELONE,INITIALDIRECTIONOFTRAVELTWO,INITIALIMPACTTYPE,INTTRAFFICCONTROL,LIGHT,LIGHTFORREPORT,ROADJURISDICTION,TRAFFICCONTROL,TRAFFICCONTROLCONDITION,THRULANENO,NORTHBOUNDDISOBEYCOUNT,SOUTHBOUNDDISOBEYCOUNT,PEDESTRIANINVOLVED,CYCLISTINVOLVED,MOTORCYCLISTINVOLVED,ENVIRONMENTCONDITION1,ENVIRONMENTCONDITION2,SELFREPORTED,XMLIMPORTNOTES,LASTEDITEDDATE,x,y
49943,19271223,11/1/2019 6:15:00 PM,2019,11,1,18,15,0,Friday,544934.2271,4811085.231,-80.444638,43.451332,Non intersection,2,P.D. only,Thru lane,unknown,unknown,Rear end,Unknown,Dark,07 - Dark,Regional municipality,No control,unknown,0,0,0,FALSE,FALSE,FALSE,Clear,,TRUE,Road 1: RIVER RD E; Road 2: OTTAWA ST N; Vehicle #1     Make:      Model:      Colour:      Style: ; Vehicle #2     Make: CHEV     Model: BLU     Colour: SIL     Style: PK,5/3/2021 10:37:34 AM,544934.2271,4811085.231
49944,19271465,11/19/2019 10:00:00 AM,2019,11,19,10,0,0,Tuesday,540011.0083,4807360.603,-80.505758,43.418074,Non intersection,2,P.D. only,Right shoulder,unknown,unknown,SMV unattended vehicle,Unknown,Daylight,01 - Daylight,Municipal (excl. Twp. Rd.),No control,unknown,0,0,0,FALSE,FALSE,FALSE,Clear,,TRUE,Road 1: 79 HILLSBOROUGH CRESCENT KITCHENER; Vehicle #1     Make:      Model:      Colour:      Style: ; Vehicle #2     Make: FORD     Model: COF     Colour: WHI     Style: PK,5/3/2021 10:38:04 AM,540011.0083,4807360.603
49945,19271683,11/20/2019 1:30:00 PM,2019,11,20,13,30,0,Wednesday,540807.604,4810879.156,-80.495655,43.449713,At intersection,2,P.D. only,Left turn lane,unknown,unknown,Turning movement,Unknown,Daylight,01 - Daylight,Regional municipality,Traffic signal,Functioning,0,0,0,FALSE,FALSE,FALSE,Clear,,TRUE,Road 1: WATER ST; Road 2: JOSEPH ST; Vehicle #1     Make: HOND     Model: ULX     Colour: WHI     Style: 4D; Vehicle #2     Make: HOND     Model: ULS     Colour: BLK     Style: 4D,5/3/2021 10:40:31 AM,540807.604,4810879.156
49946,19271696,11/17/2019 6:00:00 PM,2019,11,17,18,0,0,Sunday,541647.7712,4805899.947,-80.485651,43.404833,Non intersection,2,P.D. only,Thru lane,unknown,unknown,SMV other,Unknown,Dark,07 - Dark,Regional municipality,No control,unknown,0,0,0,FALSE,FALSE,FALSE,Clear,,TRUE,Road 1: THISTLEDOWN DR; Road 2: BLEAMS RD; Vehicle #1     Make: BMW     Model: 35X     Colour: BLK     Style: 4D,5/3/2021 10:37:34 AM,541647.7712,4805899.947
49947,19271851,11/11/2019 10:00:00 AM,2019,11,11,10,0,0,Monday,539080.5009,4811108.848,-80.516983,43.451873,Intersection related,2,P.D. only,Within intersection,unknown,unknown,Angle,Unknown,Daylight,01 - Daylight,Municipal (excl. Twp. Rd.),Traffic signal,Functioning,0,0,0,FALSE,FALSE,FALSE,Snow,,TRUE,Road 1: BELMONT AVE W; Road 2: GLASGOW ST; Vehicle #1     Make: CHEV     Model: TRV     Colour: WHI     Style: TY; Vehicle #2     Make: AUDI     Model: AQ5     Colour: BLK     Style: TY,5/3/2021 10:40:07 AM,539080.5009,4811108.848
49948,19272415,11/19/2019 12:45:00 PM,2019,11,19,12,45,0,Tuesday,539077.2741,4811106.578,-80.517023,43.451853,Intersection related,2,P.D. only,Thru lane,unknown,unknown,Angle,Unknown,Daylight,01 - Daylight,Municipal (excl. Twp. Rd.),Traffic signal,Functioning,0,0,0,FALSE,FALSE,FALSE,Clear,,TRUE,Road 1: GLASGOW ST; Road 2: BELMONT AVE W; Vehicle #1     Make: FORD     Model: VAN     Colour: WHI     Style: FV; Vehicle #2     Make: MAZD     Model: 3TR     Colour: WHI     Style: 4B,5/3/2021 10:39:44 AM,539077.2741,4811106.578
49949,19272420,11/20/2019 5:25:00 PM,2019,11,20,17,25,0,Wednesday,539730.4663,4810698.894,-80.50898,43.448147,Non intersection,2,Non-reportable,Thru lane,unknown,unknown,Rear end,Unknown,Dark,07 - Dark,Municipal (excl. Twp. Rd.),No control,unknown,0,0,0,FALSE,FALSE,FALSE,Clear,,TRUE,Road 1: 25 WAVERLY RD; Vehicle #1     Make:      Model:      Colour:      Style: ; Vehicle #2     Make: CHEV     Model: EXP     Colour: WHI     Style: FV,5/3/2021 10:38:29 AM,539730.4663,4810698.894
49950,19272529,11/21/2019 9:15:00 AM,2019,11,21,9,15,0,Thursday,536105.9875,4809194.414,-80.553873,43.434784,Non intersection,2,P.D. only,Right shoulder,unknown,unknown,Approaching,Unknown,Daylight,01 - Daylight,Municipal (excl. Twp. Rd.),No control,unknown,0,0,0,FALSE,FALSE,FALSE,Clear,,TRUE,Road 1: COUNTRYSTONE CRESCENT; Road 2: GARDEN PATH PL; Vehicle #1     Make: CHEV     Model: EXP     Colour: WHI     Style: FV; Vehicle #2     Make: FORD     Model: COF     Colour: BLK     Style: PK; Vehicle #3     Make:      Model:      Colour:      Style,5/3/2021 10:38:05 AM,536105.9875,4809194.414
49951,19272551,11/12/2019 4:45:00 PM,2019,11,12,16,45,0,Tuesday,541979.2865,4810675.781,-80.48119,43.447817,At intersection,2,P.D. only,Within intersection,unknown,unknown,Angle,Unknown,Dusk,05 - Dusk,Municipal (excl. Twp. Rd.),Stop sign,Functioning,0,0,0,FALSE,FALSE,FALSE,Clear,,TRUE,Road 1: DUKE ST W; Road 2: MADISON; Vehicle #1     Make: MAZD     Model: M3I     Colour: BLK     Style: 4D; Vehicle #2     Make: SUBA     Model: TRI     Colour: BGE     Style: TY,5/3/2021 10:40:32 AM,541979.2865,4810675.781
49952,19272558,11/14/2019 3:00:00 PM,2019,11,14,15,0,0,Thursday,541941.1771,4810609.242,-80.481666,43.44722,At/near private drive,2,Non-reportable,Thru lane,unknown,unknown,SMV unattended vehicle,Unknown,Daylight,01 - Daylight,Municipal (excl. Twp. Rd.),No control,unknown,0,0,0,FALSE,FALSE,FALSE,Clear,,TRUE,Road 1: 18 MADISON AVE N; Road 2: MADISON AVE N; Vehicle #1     Make:      Model:      Colour:      Style: ; Vehicle #2     Make: TOYT     Model: MTL     Colour: WHI     Style: 4D,5/3/2021 10:41:51 AM,541941.1771,4810609.242
49953,19272603,11/21/2019 6:00:00 PM,2019,11,21,18,0,0,Thursday,541182.8019,4810693.855,-80.491032,43.448024,At intersection,1,Non-fatal injury,Within intersection,unknown,unknown,SMV other,Unknown,Dark,07 - Dark,Regional municipality,Traffic signal,Functioning,0,0,0,TRUE,FALSE,FALSE,Rain,,FALSE,Road 1: QUEEN ST S (50 km/h); Road 2: JOSEPH ST (50 km/h); Distance: 5.0 M W; Vehicle #1     Make: HOND     Model: UDY     Colour: BLK     Style: TY,5/3/2021 10:40:18 AM,541182.8019,4810693.855
49954,19272636,11/20/2019 7:40:00 PM,2019,11,20,19,40,0,Wednesday,540041.8354,4811533.66,-80.505071,43.455647,At/near private drive,2,P.D. only,Thru lane,unknown,unknown,SMV unattended vehicle,Unknown,Dark,07 - Dark,Municipal (excl. Twp. Rd.),No control,unknown,0,0,0,FALSE,FALSE,FALSE,Rain,,TRUE,Road 1: 14 SHANLEY ST (IN FRONT OF 14 SHANLEY); Road 2: SHANLEY ST; Vehicle #1     Make: TOYT     Model: RG4     Colour: BRN     Style: TY; Vehicle #2     Make: FORD     Model: FTU     Colour: GRY     Style: 4B,5/3/2021 10:41:29 AM,540041.8354,4811533.66
49955,19272637,11/11/2019 1:39:00 PM,2019,11,11,13,39,0,Monday,543005.1466,4806161.557,-80.468868,43.407112,Non intersection,2,P.D. only,Thru lane,unknown,unknown,Approaching,Unknown,Daylight,01 - Daylight,Municipal (excl. Twp. Rd.),No control,unknown,0,0,0,FALSE,FALSE,FALSE,Snow,,TRUE,Road 1: SHOEMAKER ST (IFO 131); Road 2: STRASBURG RD; Vehicle #1     Make: FORD     Model: FSI     Colour: BLK     Style: 4B; Vehicle #2     Make: INTL     Model: 40S     Colour: BLK     Style: CT,5/3/2021 10:37:26 AM,543005.1466,4806161.557
49956,19272649,11/12/2019 8:40:00 AM,2019,11,12,8,40,0,Tuesday,542126.1601,4810408.727,-80.479396,43.445404,Non intersection,2,P.D. only,Thru lane,unknown,unknown,Rear end,Unknown,Daylight,01 - Daylight,Regional municipality,No control,unknown,0,0,0,FALSE,FALSE,FALSE,Clear,,TRUE,Road 1: KING ST E; Road 2: BETZNER AVE S; Vehicle #1     Make: NISS     Model: MUR     Colour: RED     Style: TY; Vehicle #2     Make: FORD     Model: -     Colour: WHI     Style: VN,5/3/2021 10:39:03 AM,542126.1601,4810408.727
49957,19272651,11/12/2019 1:05:00 PM,2019,11,12,13,5,0,Tuesday,541246.7172,4808987.916,-80.490371,43.43266,Non intersection,2,Non-reportable,Thru lane,unknown,unknown,SMV unattended vehicle,Unknown,Daylight,01 - Daylight,Municipal (excl. Twp. Rd.),No control,unknown,0,0,0,FALSE,FALSE,FALSE,Snow,,TRUE,Road 1: 158 HEIMAN ST; Vehicle #1     Make: FORD     Model: COF     Colour: BLU     Style: CW; Vehicle #2     Make: NISS     Model: FRT     Colour: WHI     Style: PK,5/3/2021 10:37:31 AM,541246.7172,4808987.916
49958,19272773,11/11/2019 2:50:00 PM,2019,11,11,14,50,0,Monday,546324.0395,4809719.647,-80.427578,43.438951,At intersection,2,P.D. only,Right turn lane,unknown,unknown,Angle,Unknown,Daylight,01 - Daylight,Municipal (excl. Twp. Rd.),Stop sign,Functioning,0,0,0,FALSE,FALSE,FALSE,Snow,,TRUE,Road 1: VERONICA DR; Road 2: VERONICA CT; Vehicle #1     Make: HYUN     Model: SAN     Colour: BLK     Style: TY; Vehicle #2     Make: HOND     Model: PIL     Colour: RED     Style: TY,5/3/2021 10:40:30 AM,546324.0395,4809719.647
49959,19272777,11/11/2019 6:10:00 PM,2019,11,11,18,10,0,Monday,541957.3618,4815743.477,-80.481071,43.493447,At intersection,2,Non-reportable,Within intersection,unknown,unknown,Sideswipe,Unknown,Dark,07 - Dark,Municipal (excl. Twp. Rd.),Stop sign,Functioning,0,0,0,FALSE,FALSE,FALSE,Snow,,TRUE,Road 1: CARRIAGE WAY (ROUNDABOUT); Road 2: WOOLWICH ST; Vehicle #1     Make: MERZ     Model: CSP     Colour: YEL     Style: FV; Vehicle #2     Make:      Model:      Colour:      Style:,5/3/2021 10:40:43 AM,541957.3618,4815743.477
49960,19272792,11/11/2019 9:00:00 AM,2019,11,11,9,0,0,Monday,537499.0316,4806874.522,-80.53682,43.413827,Non intersection,2,P.D. only,Thru lane,unknown,unknown,Approaching,Unknown,Daylight,01 - Daylight,Municipal (excl. Twp. Rd.),No control,unknown,0,0,0,FALSE,FALSE,FALSE,Snow,,TRUE,Road 1: PARKLAND CRESCENT; Road 2: DRIFTWOOD DR; Vehicle #1     Make:      Model:      Colour:      Style: ; Vehicle #2     Make: TOYT     Model: TUN     Colour: ONG     Style: PK,5/3/2021 10:38:55 AM,537499.0316,4806874.522
49961,19272796,11/11/2019 2:30:00 PM,2019,11,11,14,30,0,Monday,538748.0323,4807786.655,-80.521328,43.421977,Non intersection,2,Non-reportable,Thru lane,unknown,unknown,Rear end,Unknown,Daylight,01 - Daylight,Regional municipality,No control,unknown,0,0,0,FALSE,FALSE,FALSE,Snow,,TRUE,Road 1: MCGARRY DR; Road 2: FORESTWOOD DR; Vehicle #1     Make: HOND     Model: UCD     Colour: BLU     Style: 4D; Vehicle #2     Make:      Model:      Colour:      Style:,5/3/2021 10:37:32 AM,538748.0323,4807786.655
49962,19272797,11/11/2019 9:10:00 AM,2019,11,11,9,10,0,Monday,538494.4189,4810824.704,-80.524247,43.449345,Non intersection,2,Non-reportable,Thru lane,unknown,unknown,Rear end,Unknown,Daylight,01 - Daylight,Regional municipality,No control,unknown,0,0,0,FALSE,FALSE,FALSE,Snow,,TRUE,Road 1: GLASGOW ST; Road 2: ORCHARD PARK CRESCENT; Vehicle #1     Make: MAZD     Model: 3TR     Colour: WHI     Style: 4D; Vehicle #2     Make:      Model:      Colour:      Style:,5/3/2021 10:37:32 AM,538494.4189,4810824.704
49963,19272809,11/6/2019 9:00:00 PM,2019,11,6,21,0,0,Wednesday,539250.973,4805757.509,-80.515261,43.40368,Non intersection,2,P.D. only,Thru lane,unknown,unknown,SMV unattended vehicle,Unknown,Dark,07 - Dark,Municipal (excl. Twp. Rd.),No control,unknown,0,0,0,FALSE,FALSE,FALSE,Rain,,TRUE,Road 1: 430 MOUNTAIN LAUREL CRESCENT; Vehicle #1     Make: DODG     Model: RPC     Colour: RED     Style: PK; Vehicle #2     Make: VOLK     Model: TPM     Colour: RED     Style: 4D,5/3/2021 10:37:47 AM,539250.973,4805757.509
49964,19272811,11/13/2019 9:15:00 AM,2019,11,13,9,15,0,Wednesday,543047.4587,4807461.475,-80.468243,43.418814,Intersection related,2,P.D. only,Within intersection,unknown,unknown,Rear end,Unknown,Daylight,01 - Daylight,Regional municipality,Stop sign,Functioning,0,0,0,FALSE,FALSE,FALSE,Snow,,TRUE,Road 1: BLOCK LINE ROAD; Road 2: FALLOWFIELD DR; Vehicle #1     Make: HYUN     Model: SAN     Colour: WHI     Style: TY; Vehicle #2     Make: TOYT     Model: CBA     Colour: BLU     Style: 4D,5/3/2021 10:39:11 AM,543047.4587,4807461.475
49965,19272981,11/12/2019 9:00:00 AM,2019,11,12,9,0,0,Tuesday,541669.2768,4803584.147,-80.485562,43.38398,At/near private drive,2,Non-reportable,Thru lane,unknown,unknown,SMV unattended vehicle,Unknown,Daylight,01 - Daylight,Municipal (excl. Twp. Rd.),No control,unknown,0,0,0,FALSE,FALSE,FALSE,Clear,,TRUE,Road 1: 24 FRANKFURT ST; Vehicle #1     Make:      Model:      Colour:      Style: ; Vehicle #2     Make: AUDI     Model: 41Q     Colour: BLK     Style: 4D,5/3/2021 10:41:50 AM,541669.2768,4803584.147
49966,19273083,11/12/2019 7:30:00 AM,2019,11,12,7,30,0,Tuesday,543569.9781,4804977.678,-80.461986,43.39642,At intersection,2,Non-reportable,Within intersection,unknown,unknown,Angle,Unknown,Daylight,01 - Daylight,Regional municipality,Traffic signal,Functioning,0,0,0,FALSE,FALSE,FALSE,Clear,,TRUE,Road 1: BATTLER RD; Road 2: HURON RD; Vehicle #1     Make: TOYT     Model: RV4     Colour: GRY     Style: TY; Vehicle #2     Make: CHRY     Model: TWC     Colour: SIL     Style: VN,5/3/2021 10:40:41 AM,543569.9781,4804977.678
49967,19273094,11/12/2019 3:00:00 PM,2019,11,12,15,0,0,Tuesday,540855.0923,4810786.525,-80.495075,43.448876,At/near private drive,2,Non-reportable,Thru lane,unknown,unknown,SMV unattended vehicle,Unknown,Daylight,01 - Daylight,Municipal (excl. Twp. Rd.),No control,unknown,0,0,0,FALSE,FALSE,FALSE,Clear,,TRUE,Road 1: 15 RICHMOND AVE; Vehicle #1     Make: BMW     Model: JEG     Colour: BLK     Style: 4D; Vehicle #2     Make: INFI     Model: AWD     Colour: WHI     Style: 4D,5/3/2021 10:41:42 AM,540855.0923,4810786.525
49968,19273101,11/22/2019 9:45:00 AM,2019,11,22,9,45,0,Friday,544784.0691,4809019.159,-80.446664,43.432738,At intersection,2,P.D. only,Right shoulder,unknown,unknown,SMV other,Unknown,Daylight,01 - Daylight,Municipal (excl. Twp. Rd.),Stop sign,Functioning,0,0,0,FALSE,FALSE,FALSE,Clear,,FALSE,Road 1: KINGSWAY DR (50 km/h); Road 2: NINTH AVE (50 km/h); Vehicle #1     Make: GMC     Model: CAN     Colour: BRN     Style: CW,5/3/2021 10:40:14 AM,544784.0691,4809019.159
49969,19273113,11/22/2019 10:30:00 AM,2019,11,22,10,30,0,Friday,538635.0373,4810349.975,-80.522543,43.445063,Non intersection,2,P.D. only,Thru lane,unknown,unknown,Sideswipe,Unknown,Daylight,01 - Daylight,Municipal (excl. Twp. Rd.),No control,unknown,0,0,0,FALSE,FALSE,FALSE,Clear,,TRUE,Road 1: GAGE AVE; Vehicle #1     Make: DODG     Model: JOU     Colour: BLK     Style: TY; Vehicle #2     Make:      Model:      Colour:      Style:,5/3/2021 10:38:05 AM,538635.0373,4810349.975
49970,19273343,11/12/2019 8:45:00 AM,2019,11,12,8,45,0,Tuesday,540053.7279,4808163.928,-80.505171,43.425305,Non intersection,2,Non-reportable,Thru lane,unknown,unknown,SMV other,Unknown,Daylight,01 - Daylight,Regional municipality,No control,unknown,0,0,0,FALSE,FALSE,FALSE,Clear,,TRUE,Road 1: STONYBROOK DR; Road 2: WESTMOUNT RD E; Vehicle #1     Make: DODG     Model: CAR     Colour: SIL     Style: VN,5/3/2021 10:38:51 AM,540053.7279,4808163.928
49971,19273352,11/12/2019 4:30:00 PM,2019,11,12,16,30,0,Tuesday,538528.1213,4805659.334,-80.524195,43.402833,Non intersection,2,P.D. only,Right shoulder,unknown,unknown,Rear end,Unknown,Dusk,05 - Dusk,Municipal (excl. Twp. Rd.),No control,unknown,0,0,0,FALSE,FALSE,FALSE,Clear,,TRUE,Road 1: 14 MELINDA ST; Road 2: PRIVATE DRIVE; Vehicle #1     Make:      Model:      Colour:      Style: ; Vehicle #2     Make: HOND     Model: AXL     Colour: BLU     Style: 4D,5/3/2021 10:37:00 AM,538528.1213,4805659.334
49972,19273567,11/22/2019 5:30:00 PM,2019,11,22,17,30,0,Friday,545269.4321,4804502.584,-80.441041,43.392041,Non intersection,2,Non-reportable,Thru lane,unknown,unknown,Sideswipe,Unknown,Dark,07 - Dark,Municipal (excl. Twp. Rd.),No control,unknown,0,0,0,FALSE,FALSE,FALSE,Clear,,TRUE,Road 1: DOON VILLAGE RD; Road 2: BECHTEL DR; Vehicle #1     Make:      Model:      Colour:      Style: ; Vehicle #2     Make: TOYT     Model: HIG     Colour: GRY     Style: TY,5/3/2021 10:38:35 AM,545269.4321,4804502.584
49973,19273590,11/22/2019 9:30:00 PM,2019,11,22,21,30,0,Friday,541633.5246,4811415.324,-80.485407,43.454495,At intersection,2,P.D. only,Within intersection,unknown,unknown,Rear end,Unknown,Dark,07 - Dark,Regional municipality,Traffic signal,Functioning,0,0,0,FALSE,FALSE,FALSE,Clear,,TRUE,Road 1: QUEEN ST N; Road 2: MARGARET AVE; Vehicle #1     Make: CHEV     Model: EQU     Colour: GRN     Style: TY; Vehicle #2     Make: DODG     Model: CAR     Colour: RED     Style: VN,5/3/2021 10:40:32 AM,541633.5246,4811415.324
49974,19273776,11/23/2019 1:30:00 AM,2019,11,23,1,30,0,Saturday,543715.3939,4805683.64,-80.460134,43.402768,At intersection,2,P.D. only,Not on roadway - left side,unknown,unknown,SMV other,Unknown,"Dark, artificial","08 - Dark, artificial",Regional municipality,Traffic signal,Functioning,0,0,0,FALSE,FALSE,FALSE,Clear,,FALSE,Road 1: TRILLIUM DR (50 km/h); Road 2: STECKLE PL (50 km/h); Vehicle #1     Make: TOYT     Model: CBL     Colour: BLK     Style: 4D,5/3/2021 10:40:18 AM,543715.3939,4805683.64
49975,19273835,11/23/2019 6:56:00 AM,2019,11,23,6,56,0,Saturday,544293.2228,4804538.279,-80.453091,43.392421,Non intersection,1,Non-fatal injury,Not on roadway - left side,unknown,unknown,SMV unattended vehicle,Unknown,Dawn,03 - Dawn,Municipal (excl. Twp. Rd.),No control,unknown,0,0,0,FALSE,FALSE,FALSE,Clear,,FALSE,Road 1: BLACK WALNUT DR (50 km/h); Road 2: CARLYLE DR; Distance: 71.0 M E; Vehicle #1     Make: JEEP     Model: CMP     Colour: RED     Style: TY; Vehicle #2     Make: CHRY     Model: 43C     Colour: WHI     Style: 4D,5/3/2021 10:38:19 AM,544293.2228,4804538.279
49976,19274430,11/23/2019 10:31:00 PM,2019,11,23,22,31,0,Saturday,537309.0233,4806949.66,-80.539162,43.414513,At/near private drive,2,P.D. only,Not on roadway - right side,unknown,unknown,SMV other,Unknown,Dark,07 - Dark,Municipal (excl. Twp. Rd.),No control,unknown,0,0,0,FALSE,FALSE,FALSE,Clear,,FALSE,Road 1: 31 DRIFTWOOD PL (50 km/h); Road 2: DRIFTWOOD PL; Distance: 0.0 M W; Vehicle #1     Make: CHEV     Model: SIL     Colour: GRN     Style: PK,5/3/2021 10:41:02 AM,537309.0233,4806949.66
49977,19274496,11/23/2019 11:50:00 PM,2019,11,23,23,50,0,Saturday,547610.284,4808748.798,-80.411769,43.430129,At/near private drive,2,P.D. only,Thru lane,unknown,unknown,SMV unattended vehicle,Unknown,Dark,07 - Dark,Municipal (excl. Twp. Rd.),No control,unknown,0,0,0,FALSE,FALSE,FALSE,Clear,,TRUE,Road 1: 81 ONEIDA PLACE; Road 2: GRAND RIVER BLV; Vehicle #1     Make: TOYT     Model: AXP     Colour: BLK     Style: 4D; Vehicle #2     Make: VLK     Model: EOS     Colour: BLU     Style: 2D,5/3/2021 10:41:48 AM,547610.284,4808748.798
49978,19274953,11/24/2019 4:55:00 PM,2019,11,24,16,55,0,Sunday,539077.5357,4811111.281,-80.51702,43.451895,At intersection,2,P.D. only,Within intersection,unknown,unknown,Angle,Unknown,Dusk,05 - Dusk,Regional municipality,Traffic signal,Functioning,0,1,0,FALSE,FALSE,FALSE,Clear,,FALSE,Road 1: GLASGOW ST (50 km/h); Road 2: BELMONT AVE W (50 km/h); Vehicle #1     Make: TOYT     Model: CYR     Colour: GRY     Style: 4D; Vehicle #2     Make: DODG     Model: RPC     Colour: RED     Style: CW,5/3/2021 10:40:08 AM,539077.5357,4811111.281
49979,19274997,11/24/2019 5:58:00 PM,2019,11,24,17,58,0,Sunday,539689.4212,4806564.698,-80.509788,43.410925,At intersection,1,Non-fatal injury,Within intersection,unknown,unknown,SMV other,Unknown,"Dark, artificial","08 - Dark, artificial",Municipal (excl. Twp. Rd.),Stop sign,Functioning,0,0,0,TRUE,FALSE,FALSE,Clear,,FALSE,Road 1: ACTIVA AVE (50 km/h); Road 2: BUSH CLOVER CRES (50 km/h); Vehicle #1     Make: HOND     Model: PIL     Colour: RED     Style: TY,5/3/2021 10:40:24 AM,539689.4212,4806564.698
49980,19275043,11/24/2019 7:40:00 PM,2019,11,24,19,40,0,Sunday,538899.6902,4811473.748,-80.519192,43.455168,At intersection,1,Non-fatal injury,Within intersection,unknown,unknown,SMV other,Unknown,"Dark, artificial","08 - Dark, artificial",Municipal (excl. Twp. Rd.),Traffic signal,Functioning,0,0,0,TRUE,FALSE,FALSE,Clear,,FALSE,Road 1: UNION BLVD (50 km/h); Road 2: BELMONT AVE W (50 km/h); Vehicle #1     Make:      Model:      Colour:      Style:,5/3/2021 10:40:19 AM,538899.6902,4811473.748
49981,19275413,11/24/2019 2:45:00 PM,2019,11,24,14,45,0,Sunday,538923.4275,4806073.538,-80.519283,43.406543,At/near private drive,2,Non-reportable,Thru lane,unknown,unknown,Angle,Unknown,Daylight,01 - Daylight,Municipal (excl. Twp. Rd.),No control,unknown,0,0,0,FALSE,FALSE,FALSE,Clear,,TRUE,Road 1: PEACH BLOSSOM CRESCENT; Road 2: DAVID BERGY DR KITCHENER; Vehicle #1     Make:      Model:      Colour:      Style: ; Vehicle #2     Make: HOND     Model: CRV     Colour: SIL     Style: 4D,5/3/2021 10:41:44 AM,538923.4275,4806073.538
49982,19275630,11/11/2019 12:00:00 PM,2019,11,11,12,0,0,Monday,545187.9563,4804731.468,-80.442028,43.394107,Non intersection,2,Non-reportable,Thru lane,unknown,unknown,SMV unattended vehicle,Unknown,Daylight,01 - Daylight,Municipal (excl. Twp. Rd.),No control,unknown,0,0,0,FALSE,FALSE,FALSE,Snow,,TRUE,Road 1: 365 PIONEER DR; Road 2: PARKING LOT; Vehicle #1     Make:      Model:      Colour:      Style: ; Vehicle #2     Make: HYUN     Model: ASE     Colour: BLU     Style: 2B,5/3/2021 10:38:53 AM,545187.9563,4804731.468
49983,19275632,11/11/2019 1:30:00 PM,2019,11,11,13,30,0,Monday,539064.5498,4811554.727,-80.517148,43.455888,Non intersection,2,Non-reportable,Right turn lane,unknown,unknown,SMV other,Unknown,Daylight,01 - Daylight,Municipal (excl. Twp. Rd.),No control,unknown,0,0,0,FALSE,FALSE,FALSE,Snow,,TRUE,Road 1: 78 UNION BLVD; Road 2: PARK ST; Vehicle #1     Make: HYUN     Model: VRZ     Colour: SIL     Style: TY,5/3/2021 10:38:57 AM,539064.5498,4811554.727
49984,19275637,11/11/2019 12:30:00 PM,2019,11,11,12,30,0,Monday,547652.4146,4804030.589,-80.41166,43.387644,Non intersection,2,P.D. only,Thru lane,unknown,unknown,Rear end,Unknown,Daylight,01 - Daylight,Regional municipality,No control,unknown,0,0,0,FALSE,FALSE,FALSE,Snow,,TRUE,Road 1: CONESTOGA COLLEGE BLVD; Road 2: HOMER WATSON BLVD LOWER DOON KITCHENER; Vehicle #1     Make: NISS     Model: PFI     Colour: BLK     Style: TY; Vehicle #2     Make:      Model:      Colour:      Style:,8/16/2022 2:55:32 PM,547652.4146,4804030.589
49985,19275646,11/11/2019 9:40:00 AM,2019,11,11,9,40,0,Monday,538602.3165,4806701.045,-80.523205,43.412209,Intersection related,2,Non-reportable,Within intersection,unknown,unknown,Turning movement,Unknown,Daylight,01 - Daylight,Municipal (excl. Twp. Rd.),Stop sign,unknown,0,0,0,FALSE,FALSE,FALSE,Snow,,TRUE,Road 1: WINDFLOWER DR; Road 2: FOXGLOVE CRESCENT; Vehicle #1     Make: GMC     Model: ACA     Colour: WHI     Style: TY; Vehicle #2     Make:      Model:      Colour:      Style:,5/3/2021 10:40:02 AM,538602.3165,4806701.045
49986,19275660,11/11/2019 9:10:00 AM,2019,11,11,9,10,0,Monday,536849.9161,4806604.723,-80.544856,43.41143,At intersection,2,Non-reportable,Within intersection,unknown,unknown,SMV other,Unknown,Daylight,01 - Daylight,Municipal (excl. Twp. Rd.),Stop sign,Functioning,0,0,0,FALSE,FALSE,FALSE,Snow,,TRUE,Road 1: STONEHENGE PL; Road 2: YELLOW BIRCH DR; Vehicle #1     Make: DODG     Model: CAR     Colour: SIL     Style: VN,5/3/2021 10:40:44 AM,536849.9161,4806604.723
49987,19276087,11/26/2019 6:57:00 AM,2019,11,26,6,57,0,Tuesday,539595.865,4806300.549,-80.510962,43.408551,Non intersection,2,P.D. only,Thru lane,unknown,unknown,Other,Unknown,Dawn,03 - Dawn,Municipal (excl. Twp. Rd.),No control,unknown,1,0,0,FALSE,FALSE,FALSE,Clear,,FALSE,Road 1: ACTIVA AVE (50 km/h); Road 2: WILDERNESS DR; Distance: 200.0 M S; Vehicle #1     Make: TOYT     Model: VEN     Colour: GRY     Style: TY; Vehicle #2     Make: BMW     Model: BX5     Colour: SIL     Style: TY,5/3/2021 10:37:20 AM,539595.865,4806300.549