OBJECTID,ACCIDENTNUM,ACCIDENTDATE,ACCIDENT_YEAR,ACCIDENT_MONTH,ACCIDENT_DAY,ACCIDENT_HOUR,ACCIDENT_MINUTE,ACCIDENT_SECOND,ACCIDENT_WEEKDAY,XCOORD,YCOORD,LONGITUDE,LATITUDE,ACCIDENTLOCATION,COLLISIONTYPE,CLASSIFICATIONOFACCIDENT,IMPACTLOCATION,INITIALDIRECTIONOFTRAVELONE,INITIALDIRECTIONOFTRAVELTWO,INITIALIMPACTTYPE,INTTRAFFICCONTROL,LIGHT,LIGHTFORREPORT,ROADJURISDICTION,TRAFFICCONTROL,TRAFFICCONTROLCONDITION,THRULANENO,NORTHBOUNDDISOBEYCOUNT,SOUTHBOUNDDISOBEYCOUNT,PEDESTRIANINVOLVED,CYCLISTINVOLVED,MOTORCYCLISTINVOLVED,ENVIRONMENTCONDITION1,ENVIRONMENTCONDITION2,SELFREPORTED,XMLIMPORTNOTES,LASTEDITEDDATE,x,y
50167,20013042,1/13/2020 6:00:00 PM,2020,1,13,18,0,0,Monday,539211.3051,4809090.708,-80.515512,43.433695,At/near private drive,2,Non-reportable,Thru lane,unknown,unknown,SMV unattended vehicle,Unknown,Dark,07 - Dark,Municipal (excl. Twp. Rd.),No control,unknown,0,0,0,FALSE,FALSE,FALSE,Clear,,TRUE,Road 1: 92 OVERLEA DR (ALLEY); Vehicle #1     Make:      Model:      Colour:      Style: ; Vehicle #2     Make: HOND     Model: UCL     Colour: SIL     Style: 4D,5/3/2021 10:41:15 AM,539211.3051,4809090.708
50168,20013325,1/18/2020 3:21:00 AM,2020,1,18,3,21,0,Saturday,543070.9296,4812801.088,-80.467531,43.466891,At intersection,2,P.D. only,Other,unknown,unknown,SMV other,Unknown,"Dark, artificial","08 - Dark, artificial",Regional municipality,unknown,Functioning,0,0,0,FALSE,FALSE,FALSE,Clear,,FALSE,Road 1: WELLINGTON ST N (50 km/h); Road 2: RIVERBEND DR (50 km/h); Vehicle #1     Make: KIA     Model: FNG     Colour: BLU     Style: 4D,5/3/2021 10:40:02 AM,543070.9296,4812801.088
50169,20013414,1/17/2020 8:30:00 AM,2020,1,17,8,30,0,Friday,541553.2778,4812644.491,-80.486305,43.465567,Non intersection,2,Non-reportable,Thru lane,unknown,unknown,Sideswipe,Unknown,Daylight,01 - Daylight,Municipal (excl. Twp. Rd.),No control,unknown,0,0,0,FALSE,FALSE,FALSE,Clear,,TRUE,Road 1: GUELPH ST; Road 2: ST VINCENT ST; Vehicle #1     Make: INTL     Model: PB1     Colour: YEL     Style: BU; Vehicle #2     Make:      Model:      Colour:      Style:,5/3/2021 10:37:39 AM,541553.2778,4812644.491
50170,20013551,1/16/2020 7:30:00 PM,2020,1,16,19,30,0,Thursday,542155.063,4804205.067,-80.479517,43.389544,Non intersection,2,P.D. only,Thru lane,unknown,unknown,Sideswipe,Unknown,Dark,07 - Dark,Municipal (excl. Twp. Rd.),No control,unknown,0,0,0,FALSE,FALSE,FALSE,Snow,,TRUE,Road 1: PARKVALE DR; Road 2: BIANCA CT; Vehicle #1     Make: KIA     Model: SEV     Colour: WHI     Style: TY; Vehicle #2     Make: VOLK     Model: JTD     Colour: BLK     Style: 4D,5/3/2021 10:38:27 AM,542155.063,4804205.067
50171,20014046,1/19/2020 2:29:00 AM,2020,1,19,2,29,0,Sunday,544022.4861,4812311.822,-80.455808,43.46243,Intersection related,2,P.D. only,Not on roadway - right side,unknown,unknown,SMV other,Unknown,Dark,07 - Dark,Municipal (excl. Twp. Rd.),Stop sign,unknown,0,0,0,FALSE,FALSE,FALSE,Snow,,FALSE,Road 1: AVON RD (50 km/h); Road 2: BURLINGTON DR (50 km/h); Distance: 15.0 M S; Vehicle #1     Make: HOND     Model: UCL     Colour: WHI     Style: 4D,5/3/2021 10:39:16 AM,544022.4861,4812311.822
50172,20014196,1/20/2020 10:30:00 AM,2020,1,20,10,30,0,Monday,544064.8993,4805071.737,-80.455868,43.397238,Non intersection,2,P.D. only,Thru lane,unknown,unknown,Approaching,Unknown,Daylight,01 - Daylight,Municipal (excl. Twp. Rd.),No control,unknown,0,0,0,FALSE,FALSE,FALSE,Clear,,TRUE,Road 1: BIEHN DR; Road 2: OLD HURON PL; Vehicle #1     Make: TOYT     Model: CTR     Colour: BLU     Style: 4B; Vehicle #2     Make: PONT     Model: CMO     Colour: RED     Style: VN,5/3/2021 10:38:54 AM,544064.8993,4805071.737
50173,20014232,1/19/2020 11:30:00 AM,2020,1,19,11,30,0,Sunday,540586.4718,4812891.317,-80.498238,43.467842,Non intersection,2,P.D. only,Not on roadway - right side,unknown,unknown,SMV other,Unknown,Daylight,01 - Daylight,Municipal (excl. Twp. Rd.),No control,unknown,0,0,0,FALSE,FALSE,FALSE,Clear,,FALSE,Road 1: UNION ST (50 km/h); Road 2: MARGARET AVE; Distance: 200.0 K E; Vehicle #1     Make:      Model:      Colour:      Style:,5/3/2021 10:37:39 AM,540586.4718,4812891.317
50174,20014238,1/19/2020 11:50:00 AM,2020,1,19,11,50,0,Sunday,542992.1777,4809894.401,-80.468734,43.440724,Intersection related,2,P.D. only,Thru lane,unknown,unknown,Rear end,Unknown,Daylight,01 - Daylight,Regional municipality,unknown,Functioning,0,0,0,FALSE,FALSE,FALSE,Snow,,TRUE,Road 1: KING ST E; Road 2: SHELDON AVE N; Distance:  S; Vehicle #1     Make: FORD     Model: SPE     Colour: BLK     Style: TY; Vehicle #2     Make: FORD     Model: SPE     Colour: RED     Style: TY,8/16/2022 3:03:59 PM,542992.1777,4809894.401
50175,20014264,1/19/2020 11:15:00 AM,2020,1,19,11,15,0,Sunday,541141.8478,4806764.189,-80.491834,43.412643,Intersection related,2,P.D. only,Thru lane,unknown,unknown,Rear end,Unknown,Daylight,01 - Daylight,Regional municipality,unknown,Functioning,0,0,0,FALSE,FALSE,FALSE,Clear,,TRUE,Road 1: BLOCK LINE RD; Road 2: LAURENTIAN DR; Vehicle #1     Make: KIA     Model: SOR     Colour: GRY     Style: TY; Vehicle #2     Make: DODG     Model: CAR     Colour: SIL     Style: VN,5/3/2021 10:39:41 AM,541141.8478,4806764.189
50176,20014748,1/20/2020 7:24:00 AM,2020,1,20,7,24,0,Monday,537363.7738,4810274.48,-80.538258,43.444448,Non intersection,2,P.D. only,Thru lane,unknown,unknown,Approaching,Unknown,Dawn,03 - Dawn,Regional municipality,No control,unknown,1,0,0,FALSE,FALSE,FALSE,Clear,,FALSE,Road 1: GLASGOW ST (40 km/h); Road 2: FISCHER HALLMAN RD; Distance: 400.0 M E; Vehicle #1     Make: TOYT     Model: UVS     Colour: WHI     Style: 4D; Vehicle #2     Make: PONT     Model: G5T     Colour: RED     Style: 4D,5/3/2021 10:37:01 AM,537363.7738,4810274.48
50177,20014849,1/20/2020 9:30:00 AM,2020,1,20,9,30,0,Monday,542638.7682,4807384.783,-80.473297,43.418147,Non intersection,2,P.D. only,Thru lane,unknown,unknown,Rear end,Unknown,Daylight,01 - Daylight,Regional municipality,No control,unknown,0,0,0,FALSE,FALSE,FALSE,Clear,,TRUE,Road 1: 488 KINGSWOOD DR; Vehicle #1     Make: NISS     Model: A3L     Colour: SIL     Style: 4D; Vehicle #2     Make: DODG     Model: CAR     Colour: SIL     Style: VN,5/3/2021 10:38:57 AM,542638.7682,4807384.783
50178,20014859,1/20/2020 10:00:00 AM,2020,1,20,10,0,0,Monday,544062.765,4804468.013,-80.455943,43.391802,At intersection,2,P.D. only,Within intersection,unknown,unknown,Angle,Unknown,Daylight,01 - Daylight,Municipal (excl. Twp. Rd.),Stop sign,Functioning,0,0,0,FALSE,FALSE,FALSE,Clear,,TRUE,Road 1: BIEHN DR; Road 2: MARL MEADOW DR; Vehicle #1     Make:      Model:      Colour:      Style: ; Vehicle #2     Make: LINC     Model: MSA     Colour: WHI     Style: 4D,5/3/2021 10:40:43 AM,544062.765,4804468.013
50179,20015097,1/20/2020 3:03:00 PM,2020,1,20,15,3,0,Monday,538483.413,4808073.347,-80.524577,43.424572,Non intersection,2,P.D. only,Thru lane,unknown,unknown,Angle,Unknown,Daylight,01 - Daylight,Municipal (excl. Twp. Rd.),No control,unknown,1,0,0,FALSE,FALSE,FALSE,Clear,,FALSE,Road 1: HICKORY HEIGHTS CRESCENT (50 km/h); Road 2: ELM RIDGE DR; Distance: 80.0 M E; Vehicle #1     Make: VOLK     Model: JSA     Colour: BLK     Style: 4D; Vehicle #2     Make: HYUN     Model: SFT     Colour: SIL     Style: TY,5/3/2021 10:37:33 AM,538483.413,4808073.347
50180,20015189,1/20/2020 4:55:00 PM,2020,1,20,16,55,0,Monday,543568.2323,4804978.714,-80.462008,43.396429,At intersection,2,P.D. only,Within intersection,unknown,unknown,Sideswipe,Unknown,Dusk,05 - Dusk,Regional municipality,Traffic signal,Functioning,0,0,0,FALSE,FALSE,FALSE,Clear,,FALSE,Road 1: HURON RD (60 km/h); Road 2: BATTLER RD (50 km/h); Vehicle #1     Make: TOYT     Model: RV4     Colour: RED     Style: TY; Vehicle #2     Make: AUDI     Model: C4G     Colour: BLK     Style: 4D,5/3/2021 10:40:10 AM,543568.2323,4804978.714
50181,20015225,1/20/2020 3:30:00 PM,2020,1,20,15,30,0,Monday,542728.422,4811538.098,-80.471864,43.455538,Non intersection,2,Non-reportable,Right shoulder,unknown,unknown,SMV unattended vehicle,Unknown,Daylight,01 - Daylight,Municipal (excl. Twp. Rd.),No control,unknown,0,0,0,FALSE,FALSE,FALSE,Clear,,TRUE,Road 1: 240 CHAPEL ST KITCHENER; Vehicle #1     Make:      Model:      Colour:      Style: ; Vehicle #2     Make: TOYT     Model: CEP     Colour: BLU     Style: 4D,5/3/2021 10:37:41 AM,542728.422,4811538.098
50182,20015463,1/21/2020 12:46:00 AM,2020,1,21,0,46,0,Tuesday,540406.4937,4809169.151,-80.500739,43.434337,Intersection related,2,P.D. only,Off highway,unknown,unknown,SMV other,Unknown,Dark,07 - Dark,Municipal (excl. Twp. Rd.),Stop sign,unknown,0,0,0,FALSE,FALSE,FALSE,Snow,,FALSE,Road 1: BELMONT AVE E (50 km/h); Road 2: SOUTH DR (50 km/h); Distance: 5.0 M S; Vehicle #1     Make: BUIC     Model: RXL     Colour: BLK     Style: 4D,5/3/2021 10:38:44 AM,540406.4937,4809169.151
50183,20015905,1/21/2020 3:50:00 PM,2020,1,21,15,50,0,Tuesday,543320.7771,4812154.816,-80.464494,43.461057,Intersection related,2,P.D. only,Within intersection,unknown,unknown,Angle,Unknown,Daylight,01 - Daylight,Regional municipality,Stop sign,Functioning,0,0,0,FALSE,FALSE,FALSE,Clear,,TRUE,Road 1: FREDERICK ST; Road 2: LOIS ST; Vehicle #1     Make: TOYT     Model: PRV     Colour: GRY     Style: SW; Vehicle #2     Make:      Model:      Colour:      Style:,5/3/2021 10:40:03 AM,543320.7771,4812154.816
50184,20016009,1/20/2020 4:30:00 PM,2020,1,20,16,30,0,Monday,539616.2105,4811374.641,-80.510343,43.454238,At intersection,2,P.D. only,Thru lane,unknown,unknown,Rear end,Unknown,Daylight,01 - Daylight,Municipal (excl. Twp. Rd.),Traffic signal,Functioning,0,0,0,FALSE,FALSE,FALSE,Clear,,TRUE,Road 1: GLASGOW ST; Road 2: PARK ST; Vehicle #1     Make: MAZD     Model: MGR     Colour: WHI     Style: 4D; Vehicle #2     Make: HYUN     Model: ESM     Colour: BLK     Style: 4D,5/3/2021 10:40:44 AM,539616.2105,4811374.641
50185,20016163,1/21/2020 9:17:00 PM,2020,1,21,21,17,0,Tuesday,545317.0152,4811371.357,-80.439884,43.453885,Intersection related,2,P.D. only,Thru lane,unknown,unknown,Other,Unknown,Dark,07 - Dark,Municipal (excl. Twp. Rd.),Stop sign,unknown,1,0,0,FALSE,FALSE,FALSE,Clear,,FALSE,Road 1: MONTCALM DR (50 km/h); Road 2: HAMPTON PL; Distance: 3.0 M S; Vehicle #1     Make: NISS     Model: ROG     Colour: SIL     Style: TY; Vehicle #2     Make: MERZ     Model: MG3     Colour: WHI     Style: TY,5/3/2021 10:39:15 AM,545317.0152,4811371.357
50186,20016353,1/20/2020 3:55:00 PM,2020,1,20,15,55,0,Monday,545686.0624,4807753.049,-80.435625,43.421283,At railway crossing,2,Non-reportable,Thru lane,unknown,unknown,Rear end,Unknown,Daylight,01 - Daylight,Regional municipality,No control,unknown,0,0,0,FALSE,FALSE,FALSE,Clear,,TRUE,Road 1: WABANAKI DR; Road 2: FAIRWAY RD S; Vehicle #1     Make: GMC     Model: STV     Colour: YEL     Style: BU; Vehicle #2     Make:      Model:      Colour:      Style:,5/3/2021 10:41:55 AM,545686.0624,4807753.049
50187,20016407,1/22/2020 8:00:00 AM,2020,1,22,8,0,0,Wednesday,542097.1006,4804325.149,-80.480223,43.390629,Intersection related,2,P.D. only,Within intersection,unknown,unknown,Sideswipe,Unknown,Daylight,01 - Daylight,Municipal (excl. Twp. Rd.),Stop sign,Functioning,0,0,0,FALSE,FALSE,FALSE,Clear,,TRUE,Road 1: BIANCA COURT; Road 2: SORRENTO ST; Vehicle #1     Make: HYUN     Model: SHY     Colour: BLK     Style: 4D; Vehicle #2     Make:      Model:      Colour:      Style:,5/3/2021 10:40:05 AM,542097.1006,4804325.149
50188,20016682,1/22/2020 12:30:00 PM,2020,1,22,12,30,0,Wednesday,540262.0873,4811634.47,-80.502341,43.456543,Non intersection,2,P.D. only,Right shoulder,unknown,unknown,SMV unattended vehicle,Unknown,Daylight,01 - Daylight,Regional municipality,No control,unknown,0,0,0,FALSE,FALSE,FALSE,Clear,,TRUE,Road 1: 66 SHANLEY ST; Road 2: SACRED HEART CHURCH; Vehicle #1     Make:      Model:      Colour:      Style: ; Vehicle #2     Make: JAGU     Model: CJB     Colour: BLK     Style: 4D,5/3/2021 10:39:00 AM,540262.0873,4811634.47
50189,20016687,1/22/2020 10:15:00 AM,2020,1,22,10,15,0,Wednesday,542767.2268,4809072.215,-80.471578,43.433333,Non intersection,2,P.D. only,Thru lane,unknown,unknown,Sideswipe,Unknown,Daylight,01 - Daylight,Regional municipality,No control,unknown,0,0,0,FALSE,FALSE,FALSE,Clear,,TRUE,Road 1: CARWOOD AVE; Road 2: COURTLAND AVE E; Vehicle #1     Make: TOYT     Model: RV4     Colour: WHI     Style: TY; Vehicle #2     Make: TOYT     Model: MTL     Colour: RED     Style: 4D,5/3/2021 10:38:59 AM,542767.2268,4809072.215
50190,20017675,1/23/2020 6:00:00 PM,2020,1,23,18,0,0,Thursday,545169.4008,4807296.208,-80.442045,43.417201,Non intersection,2,P.D. only,Thru lane,unknown,unknown,Sideswipe,Unknown,Dark,07 - Dark,Municipal (excl. Twp. Rd.),No control,unknown,0,0,0,FALSE,FALSE,FALSE,Clear,,TRUE,Road 1: WILSON AVE; Road 2: WEBSTER RD; Vehicle #1     Make: HYUN     Model: ESM     Colour: BLU     Style: 4D; Vehicle #2     Make:      Model:      Colour:      Style:,5/3/2021 10:39:00 AM,545169.4008,4807296.208
50191,20018200,1/24/2020 11:30:00 AM,2020,1,24,11,30,0,Friday,541752.2888,4810651.129,-80.483997,43.447607,Non intersection,2,Non-reportable,Right shoulder,unknown,unknown,SMV unattended vehicle,Unknown,Daylight,01 - Daylight,Regional municipality,No control,unknown,0,0,0,FALSE,FALSE,FALSE,Clear,,TRUE,Road 1: KING ST E (IFO KITCHENER MARKET); Road 2: CEDAR ST N; Vehicle #1     Make:      Model:      Colour:      Style: ; Vehicle #2     Make: TOYT     Model: MTL     Colour: GRY     Style: 4D,8/16/2022 3:00:15 PM,541752.2888,4810651.129
50192,20018214,1/24/2020 11:37:00 AM,2020,1,24,11,37,0,Friday,544912.5552,4811949.293,-80.444835,43.459113,Non intersection,2,P.D. only,Not on roadway - left side,unknown,unknown,SMV other,Unknown,Daylight,01 - Daylight,Municipal (excl. Twp. Rd.),No control,unknown,0,0,0,FALSE,FALSE,FALSE,Clear,,FALSE,Road 1: LORRAINE AVE (50 km/h); Road 2: CARSON DR; Distance: 200.0 M N; Vehicle #1     Make: KIA     Model: SPO     Colour: WHI     Style: TY,5/3/2021 10:37:11 AM,544912.5552,4811949.293
50193,20018384,1/24/2020 2:00:00 PM,2020,1,24,14,0,0,Friday,542239.6898,4807839.63,-80.478191,43.422265,Non intersection,2,P.D. only,Thru lane,unknown,unknown,SMV other,Unknown,Daylight,01 - Daylight,Municipal (excl. Twp. Rd.),No control,unknown,0,0,0,FALSE,FALSE,FALSE,Rain,,TRUE,Road 1: ALPINE RD; Road 2: KINGSWOOD DR; Vehicle #1     Make: VOLK     Model: GFR     Colour: BLU     Style: 4B,5/3/2021 10:39:01 AM,542239.6898,4807839.63
50194,20018963,1/25/2020 9:30:00 AM,2020,1,25,9,30,0,Saturday,541876.1684,4810742.357,-80.482459,43.448422,At intersection,2,Non-reportable,Within intersection,unknown,unknown,Angle,Unknown,Daylight,01 - Daylight,Regional municipality,unknown,Functioning,0,0,0,FALSE,FALSE,FALSE,Rain,,TRUE,Road 1: CEDAR ST N; Road 2: DUKE ST E; Vehicle #1     Make: CHRY     Model: PIF     Colour: BLK     Style: 4W; Vehicle #2     Make: HYUN     Model: SFT     Colour: BLK     Style: TY,5/3/2021 10:40:25 AM,541876.1684,4810742.357
50195,20019048,1/25/2020 12:00:00 PM,2020,1,25,12,0,0,Saturday,544080.3792,4807527.641,-80.455478,43.41935,Intersection related,2,P.D. only,Within intersection,unknown,unknown,Sideswipe,Unknown,Daylight,01 - Daylight,Regional municipality,Stop sign,Functioning,0,0,0,FALSE,FALSE,FALSE,Clear,,TRUE,Road 1: BALZER RD; Road 2: COURTLAND AVE E; Vehicle #1     Make: MAZD     Model: TRI     Colour: GRN     Style: TY; Vehicle #2     Make: MAZD     Model: M3I     Colour: BLU     Style: 4D,5/3/2021 10:39:52 AM,544080.3792,4807527.641
50196,20019115,1/24/2020 2:00:00 PM,2020,1,24,14,0,0,Friday,542030.8491,4810642.142,-80.480555,43.447511,At/near private drive,2,P.D. only,Thru lane,unknown,unknown,SMV unattended vehicle,Unknown,Daylight,01 - Daylight,Municipal (excl. Twp. Rd.),No control,unknown,0,0,0,FALSE,FALSE,FALSE,Rain,,TRUE,Road 1: DUKE ST E (IFO 240); Road 2: MADISON AVE N; Vehicle #1     Make:      Model:      Colour:      Style: ; Vehicle #2     Make: KIA     Model: FNG     Colour: WHI     Style: 4D,5/3/2021 10:41:31 AM,542030.8491,4810642.142
50197,20019298,1/25/2020 10:30:00 AM,2020,1,25,10,30,0,Saturday,541482.9513,4810133.059,-80.487365,43.442958,Intersection related,2,P.D. only,Thru lane,unknown,unknown,Other,Unknown,Daylight,01 - Daylight,Regional municipality,Stop sign,unknown,0,0,0,FALSE,FALSE,FALSE,Rain,,TRUE,Road 1: CEDAR ST S; Road 2: COURTLAND AVE E; Vehicle #1     Make: RAM     Model: DUR     Colour: BLK     Style: PK; Vehicle #2     Make: MERC     Model: C300     Colour: BLU     Style: 4DO,5/3/2021 10:39:51 AM,541482.9513,4810133.059
50198,20019303,1/25/2020 3:00:00 PM,2020,1,25,15,0,0,Saturday,547066.569,4804808.709,-80.418826,43.394687,Non intersection,2,P.D. only,Thru lane,unknown,unknown,Rear end,Unknown,Daylight,01 - Daylight,Regional municipality,No control,unknown,0,0,0,FALSE,FALSE,FALSE,Rain,,TRUE,Road 1: 1754 OLD MILL RD; Road 2: BLOCKLINE RD; Vehicle #1     Make:      Model:      Colour:      Style: ; Vehicle #2     Make: TOYT     Model: CTR     Colour: GRY     Style: 4B,5/3/2021 10:38:31 AM,547066.569,4804808.709
50199,20019388,1/25/2020 7:15:00 PM,2020,1,25,19,15,0,Saturday,541402.2967,4809503.469,-80.48841,43.437293,At/near private drive,2,P.D. only,Thru lane,unknown,unknown,Angle,Unknown,Dark,07 - Dark,Municipal (excl. Twp. Rd.),No control,unknown,0,0,0,FALSE,FALSE,FALSE,Rain,,TRUE,"Road 1: STIRLING AVE S KITCHENER WATERLOO REGIONAL MUNICIPALITY , ONTARIO , ONTARIO; Vehicle #1     Make: HOND     Model: UCL     Colour: SIL     Style: 4D; Vehicle #2     Make: FORD     Model: COF     Colour: BLK     Style: PK",5/3/2021 10:41:42 AM,541402.2967,4809503.469
50200,20019538,1/25/2020 11:01:00 PM,2020,1,25,23,1,0,Saturday,537342.4988,4809966.323,-80.538542,43.441674,Non intersection,2,P.D. only,Not on roadway - left side,unknown,unknown,SMV unattended vehicle,Unknown,Dark,07 - Dark,Municipal (excl. Twp. Rd.),No control,unknown,0,0,0,FALSE,FALSE,FALSE,Clear,,FALSE,Road 1: 367 WESTWOOD DR (50 km/h); Road 2: WESTWOOD DR; Distance: 0.0 M E; Vehicle #1     Make: LEXS     Model: I25     Colour: BLK     Style: 4D; Vehicle #2     Make: TOYT     Model: PRC     Colour: GRY     Style: 4B,5/3/2021 10:37:04 AM,537342.4988,4809966.323
50201,20019641,1/26/2020 3:00:00 AM,2020,1,26,3,0,0,Sunday,539384.3879,4810650.454,-80.513261,43.44773,Non intersection,2,P.D. only,Not on roadway - left side,unknown,unknown,SMV other,Unknown,"Dark, artificial","08 - Dark, artificial",Municipal (excl. Twp. Rd.),No control,unknown,0,0,0,FALSE,FALSE,FALSE,Clear,,FALSE,Road 1: GAGE AVE (50 km/h); Road 2: BELMONT AVE W; Distance: 75.0 M E; Vehicle #1     Make: DODG     Model: RPC     Colour:      Style: PK,5/3/2021 10:37:09 AM,539384.3879,4810650.454
50202,20019696,1/24/2020 10:45:00 AM,2020,1,24,10,45,0,Friday,544909.7126,4811012.246,-80.444947,43.450676,Non intersection,2,P.D. only,Thru lane,unknown,unknown,Sideswipe,Unknown,Daylight,01 - Daylight,Regional municipality,No control,unknown,0,0,0,FALSE,FALSE,FALSE,Clear,,TRUE,Road 1: OTTAWA ST N; Road 2: RIVER RD E; Vehicle #1     Make: MAZD     Model: M5T     Colour: BLK     Style: SW; Vehicle #2     Make: CHEV     Model: ML2     Colour: BLK     Style: 4D,8/16/2022 3:02:43 PM,544909.7126,4811012.246
50203,20019937,1/25/2020 1:30:00 PM,2020,1,25,13,30,0,Saturday,545856.7675,4804741.852,-80.433769,43.39416,Intersection related,2,Non-reportable,Thru lane,unknown,unknown,Angle,Unknown,Daylight,01 - Daylight,Municipal (excl. Twp. Rd.),Stop sign,unknown,0,0,0,FALSE,FALSE,FALSE,"Fog, mist, smoke, dust",,TRUE,Road 1: PIONEER DR; Road 2: OLD CARRIAGE DR; Vehicle #1     Make: PONT     Model: GRA     Colour: RED     Style: 4D; Vehicle #2     Make:      Model:      Colour:      Style:,5/3/2021 10:39:24 AM,545856.7675,4804741.852
50204,20020031,1/26/2020 2:00:00 AM,2020,1,26,2,0,0,Sunday,541931.7938,4808646.862,-80.481933,43.429551,Non intersection,2,P.D. only,Thru lane,unknown,unknown,Rear end,Unknown,Dark,07 - Dark,Municipal (excl. Twp. Rd.),No control,unknown,0,0,0,FALSE,FALSE,FALSE,Clear,,TRUE,Road 1: 242 KEHL ST; Vehicle #1     Make:      Model:      Colour:      Style: ; Vehicle #2     Make: MAZD     Model: 3TR     Colour: GRY     Style: 4D,5/3/2021 10:38:28 AM,541931.7938,4808646.862
50205,20020326,1/27/2020 2:30:00 PM,2020,1,27,14,30,0,Monday,538435.2312,4811149.986,-80.524955,43.452277,Non intersection,2,P.D. only,Not on roadway - right side,unknown,unknown,SMV other,Unknown,Daylight,01 - Daylight,Municipal (excl. Twp. Rd.),No control,unknown,0,0,0,FALSE,FALSE,FALSE,Snow,,FALSE,Road 1: 319 UNION BLVD (50 km/h); Road 2: UNION BLVD; Distance: 1.0 M E; Vehicle #1     Make: FORD     Model: SPE     Colour: BLK     Style: TY,5/3/2021 10:37:09 AM,538435.2312,4811149.986
50206,20020662,1/27/2020 1:59:00 PM,2020,1,27,13,59,0,Monday,539424.8785,4810323.508,-80.512784,43.444784,At intersection,2,P.D. only,Within intersection,unknown,unknown,Turning movement,Unknown,Daylight,01 - Daylight,Regional municipality,Stop sign,Functioning,0,0,0,FALSE,FALSE,FALSE,Clear,,FALSE,Road 1: BELMONT AVE W (50 km/h); Road 2: ADELAIDE ST (50 km/h); Distance: 0.0 M N; Vehicle #1     Make: CHEV     Model: SIL     Colour: WHI     Style: PK; Vehicle #2     Make: HOND     Model: CIV     Colour: GRY     Style: 4D,5/3/2021 10:40:15 AM,539424.8785,4810323.508
50207,20020862,1/24/2020 8:10:00 AM,2020,1,24,8,10,0,Friday,537674.5702,4809355.496,-80.534481,43.436158,At/near private drive,2,Non-reportable,Thru lane,unknown,unknown,Other,Unknown,Daylight,01 - Daylight,Municipal (excl. Twp. Rd.),No control,unknown,0,0,0,FALSE,FALSE,FALSE,Clear,,TRUE,Road 1: 33 STOKE DR (IFO 33 STOKE DR); Vehicle #1     Make:      Model:      Colour:      Style: ; Vehicle #2     Make: NISS     Model: ATS     Colour: BLU     Style: 4D,5/3/2021 10:41:17 AM,537674.5702,4809355.496
50208,20021185,1/28/2020 7:45:00 AM,2020,1,28,7,45,0,Tuesday,539894.3343,4809696.264,-80.507028,43.439111,At/near private drive,2,Non-reportable,Thru lane,unknown,unknown,Other,Unknown,Dawn,03 - Dawn,Municipal (excl. Twp. Rd.),No control,unknown,0,0,0,FALSE,FALSE,FALSE,Clear,,TRUE,Road 1: BELMONT AVE W (IFO 129); Road 2: MARLBOROUGH AVE; Vehicle #1     Make: HOND     Model: CVT     Colour: RED     Style: 4D; Vehicle #2     Make:      Model:      Colour:      Style:,5/3/2021 10:41:18 AM,539894.3343,4809696.264
50209,20021557,1/28/2020 12:40:00 PM,2020,1,28,12,40,0,Tuesday,538898.2117,4806067.108,-80.519595,43.406486,At/near private drive,2,P.D. only,Thru lane,unknown,unknown,Other,Unknown,Daylight,01 - Daylight,Municipal (excl. Twp. Rd.),No control,unknown,0,0,0,FALSE,FALSE,FALSE,Clear,,TRUE,Road 1: 22 PEACH BLOSSOM CRESCENT; Vehicle #1     Make: CHEV     Model: XLT     Colour: BLK     Style: 4D; Vehicle #2     Make: FORD     Model: SPE     Colour: BLK     Style: TY,5/3/2021 10:41:44 AM,538898.2117,4806067.108
50210,20022086,2/5/2020 12:00:00 PM,2020,2,5,12,0,0,Wednesday,542819.5456,4807409.332,-80.471062,43.418358,Intersection related,2,P.D. only,Thru lane,unknown,unknown,Angle,Unknown,Daylight,01 - Daylight,Regional municipality,Stop sign,Functioning,0,0,0,FALSE,FALSE,FALSE,Clear,,TRUE,Road 1: BLOCK LINE RD; Road 2: HOME WATSON BLVD; Vehicle #1     Make: HYUN     Model: ETG     Colour: WHI     Style: 4B; Vehicle #2     Make: FORD     Model: COF     Colour: GRY     Style: PK,5/3/2021 10:39:35 AM,542819.5456,4807409.332