OBJECTID,ACCIDENTNUM,ACCIDENTDATE,ACCIDENT_YEAR,ACCIDENT_MONTH,ACCIDENT_DAY,ACCIDENT_HOUR,ACCIDENT_MINUTE,ACCIDENT_SECOND,ACCIDENT_WEEKDAY,XCOORD,YCOORD,LONGITUDE,LATITUDE,ACCIDENTLOCATION,COLLISIONTYPE,CLASSIFICATIONOFACCIDENT,IMPACTLOCATION,INITIALDIRECTIONOFTRAVELONE,INITIALDIRECTIONOFTRAVELTWO,INITIALIMPACTTYPE,INTTRAFFICCONTROL,LIGHT,LIGHTFORREPORT,ROADJURISDICTION,TRAFFICCONTROL,TRAFFICCONTROLCONDITION,THRULANENO,NORTHBOUNDDISOBEYCOUNT,SOUTHBOUNDDISOBEYCOUNT,PEDESTRIANINVOLVED,CYCLISTINVOLVED,MOTORCYCLISTINVOLVED,ENVIRONMENTCONDITION1,ENVIRONMENTCONDITION2,SELFREPORTED,XMLIMPORTNOTES,LASTEDITEDDATE,x,y
50211,20022320,1/20/2020 10:00:00 PM,2020,1,20,22,0,0,Monday,541459.7278,4809014.27,-80.487737,43.432885,Non intersection,2,Non-reportable,Thru lane,unknown,unknown,SMV unattended vehicle,Unknown,Dark,07 - Dark,Municipal (excl. Twp. Rd.),No control,unknown,0,0,0,FALSE,FALSE,FALSE,Clear,,TRUE,Road 1: SOUTHDALE AVE (IFO 11); Vehicle #1     Make:      Model:      Colour:      Style: ; Vehicle #2     Make: SUBA     Model: IWX     Colour: WHI     Style: 4D,5/3/2021 10:37:43 AM,541459.7278,4809014.27
50212,20022535,1/29/2020 8:31:00 PM,2020,1,29,20,31,0,Wednesday,545807.3755,4812505.4,-80.433728,43.464066,At/near private drive,2,P.D. only,Thru lane,unknown,unknown,Rear end,Unknown,"Dark, artificial","08 - Dark, artificial",Municipal (excl. Twp. Rd.),No control,unknown,1,0,0,FALSE,FALSE,FALSE,Clear,,FALSE,Road 1: 276 KEEWATIN AVE (50 km/h); Road 2: KEEWATIN AVE; Distance: 5.0 M S; Vehicle #1     Make: VOLK     Model: CTG     Colour: BLK     Style: 4B; Vehicle #2     Make: DODG     Model: JOU     Colour: GRY     Style: TY; Vehicle #3     Make: CHEV     Mode,5/3/2021 10:40:55 AM,545807.3755,4812505.4
50213,20022973,2/7/2020 9:49:00 AM,2020,2,7,9,49,0,Friday,536409.0859,4806663.396,-80.550296,43.41198,At/near private drive,2,P.D. only,Thru lane,unknown,unknown,Approaching,Unknown,Daylight,01 - Daylight,Municipal (excl. Twp. Rd.),No control,unknown,0,0,0,FALSE,FALSE,TRUE,Snow,,TRUE,Road 1: 238 YELLOW BIRCH DR; Vehicle #1     Make:      Model:      Colour:      Style: ; Vehicle #2     Make: FORD     Model: TLA     Colour: WHI     Style: 4D,5/3/2021 10:41:28 AM,536409.0859,4806663.396
50214,20022982,1/30/2020 10:30:00 AM,2020,1,30,10,30,0,Thursday,539739.6216,4811436.712,-80.508813,43.45479,Non intersection,2,Non-reportable,Right turn lane,unknown,unknown,Angle,Unknown,Daylight,01 - Daylight,Municipal (excl. Twp. Rd.),No control,unknown,0,0,0,FALSE,FALSE,FALSE,Clear,,TRUE,Road 1: 7 GLASGOW ST; Road 2: LEAVING KCI PARKING LOT; Vehicle #1     Make: HOND     Model: PIL     Colour: BLK     Style: TY; Vehicle #2     Make:      Model:      Colour:      Style:,5/3/2021 10:37:42 AM,539739.6216,4811436.712
50215,20023080,1/30/2020 10:30:00 AM,2020,1,30,10,30,0,Thursday,539743.0471,4811598.571,-80.508759,43.456247,At/near private drive,2,Non-reportable,Thru lane,unknown,unknown,Angle,Unknown,Daylight,01 - Daylight,Regional municipality,No control,unknown,0,0,0,FALSE,FALSE,FALSE,Clear,,TRUE,Road 1: 787 KING ST W (IFO); Vehicle #1     Make: CHRY     Model: PTC     Colour: RED     Style: VN; Vehicle #2     Make:      Model:      Colour:      Style:,4/27/2022 10:42:48 AM,539743.0471,4811598.571
50216,20023123,1/30/2020 2:58:00 PM,2020,1,30,14,58,0,Thursday,540895.0679,4809765.651,-80.494657,43.439682,Non intersection,2,P.D. only,Not on roadway - left side,unknown,unknown,SMV unattended vehicle,Unknown,Daylight,01 - Daylight,Regional municipality,No control,unknown,0,0,0,FALSE,FALSE,FALSE,Clear,,FALSE,Road 1: HIGHLAND RD E (50 km/h); Road 2: SPADINA RD E; Distance: 150.0 M W; Vehicle #1     Make: RAM     Model: DUR     Colour: GRY     Style: PK; Vehicle #2     Make: FORD     Model: COF     Colour: BLU     Style: PK,5/3/2021 10:37:13 AM,540895.0679,4809765.651
50217,20023217,1/30/2020 4:35:00 PM,2020,1,30,16,35,0,Thursday,541141.3697,4806763.707,-80.49184,43.412639,At intersection,2,Non-reportable,Thru lane,unknown,unknown,Rear end,Unknown,Daylight,01 - Daylight,Regional municipality,unknown,Functioning,0,0,0,FALSE,FALSE,FALSE,Clear,,TRUE,Road 1: BLOCK LINE RD; Road 2: LAURENTIAN DR; Vehicle #1     Make: CHRY     Model: PTC     Colour: BLU     Style: VN; Vehicle #2     Make:      Model:      Colour:      Style:,5/3/2021 10:40:26 AM,541141.3697,4806763.707
50218,20023405,1/30/2020 8:30:00 PM,2020,1,30,20,30,0,Thursday,543713.5036,4805684.84,-80.460158,43.402779,Intersection related,2,P.D. only,Within intersection,unknown,unknown,Angle,Unknown,"Dark, artificial","08 - Dark, artificial",Municipal (excl. Twp. Rd.),Traffic signal,unknown,0,0,0,FALSE,FALSE,FALSE,Clear,,FALSE,Road 1: TRILLIUM DR (50 km/h); Road 2: STECKLE PL (50 km/h); Vehicle #1     Make: PONT     Model: GPG     Colour: GRY     Style: 4D; Vehicle #2     Make: VOLK     Model: JBS     Colour: WHI     Style: 4D,5/3/2021 10:39:11 AM,543713.5036,4805684.84
50219,20023719,1/31/2020 9:40:00 AM,2020,1,31,9,40,0,Friday,546617.1527,4802815.577,-80.424545,43.376769,Non intersection,2,P.D. only,Thru lane,unknown,unknown,Other,Unknown,Daylight,01 - Daylight,Municipal (excl. Twp. Rd.),No control,unknown,0,0,0,FALSE,FALSE,FALSE,Clear,,TRUE,Road 1: 324 ROBERT FERRIE DR; Vehicle #1     Make: ISU     Model: NRR     Colour: WHI     Style: CO; Vehicle #2     Make: NISS     Model: MUR     Colour: BRN     Style: TY,5/3/2021 10:38:34 AM,546617.1527,4802815.577
50220,20023872,1/30/2020 5:00:00 PM,2020,1,30,17,0,0,Thursday,540527.7909,4810998.121,-80.499104,43.450799,Non intersection,2,P.D. only,Thru lane,unknown,unknown,SMV unattended vehicle,Unknown,Dusk,05 - Dusk,Regional municipality,No control,unknown,0,0,0,FALSE,FALSE,FALSE,Clear,,TRUE,Road 1: JOSEPH ST; Road 2: VICTORIA ST S; Vehicle #1     Make:      Model:      Colour:      Style: ; Vehicle #2     Make: CHEV     Model: VTL     Colour: RED     Style: 4B,5/3/2021 10:38:34 AM,540527.7909,4810998.121
50221,20023983,2/20/2020 4:20:00 PM,2020,2,20,16,20,0,Thursday,538726.1502,4808992.539,-80.521513,43.432836,At/near private drive,2,Non-reportable,Thru lane,unknown,unknown,Other,Unknown,Daylight,01 - Daylight,Municipal (excl. Twp. Rd.),No control,unknown,0,0,0,FALSE,FALSE,FALSE,Clear,,TRUE,Road 1: 81 EAGEN DR; Vehicle #1     Make:      Model:      Colour:      Style: ; Vehicle #2     Make: NISS     Model: ATS     Colour: GRY     Style: 4D,5/3/2021 10:41:00 AM,538726.1502,4808992.539
50222,20024019,1/31/2020 3:30:00 PM,2020,1,31,15,30,0,Friday,542635.004,4805360.472,-80.473501,43.39992,At intersection,2,P.D. only,Within intersection,unknown,unknown,Angle,Unknown,Daylight,01 - Daylight,Municipal (excl. Twp. Rd.),Stop sign,Functioning,0,0,0,FALSE,FALSE,FALSE,Clear,,TRUE,Road 1: MCBRINE DR; Road 2: TRILLIUM DR; Vehicle #1     Make: TOYT     Model: CHL     Colour: GRY     Style: 4D; Vehicle #2     Make:      Model:      Colour:      Style:,5/3/2021 10:40:39 AM,542635.004,4805360.472
50223,20024037,1/31/2020 4:00:00 PM,2020,1,31,16,0,0,Friday,544611.5261,4809093.51,-80.448789,43.433418,At intersection,2,P.D. only,Within intersection,unknown,unknown,Turning movement,Unknown,Daylight,01 - Daylight,Municipal (excl. Twp. Rd.),Traffic signal,Functioning,0,0,0,FALSE,FALSE,FALSE,Snow,,TRUE,Road 1: KINGSWAY DR; Road 2: FRANKLIN ST N; Vehicle #1     Make: MAZD     Model: MA5     Colour: SIL     Style: 4B; Vehicle #2     Make: MITS     Model: RVR     Colour: BLK     Style: TY,5/3/2021 10:40:33 AM,544611.5261,4809093.51
50224,20024074,1/30/2020 11:00:00 PM,2020,1,30,23,0,0,Thursday,538844.8799,4811612.099,-80.519859,43.456416,Non intersection,2,Non-reportable,Thru lane,unknown,unknown,SMV unattended vehicle,Unknown,Dark,07 - Dark,Municipal (excl. Twp. Rd.),No control,unknown,0,0,0,FALSE,FALSE,FALSE,Clear,,TRUE,Road 1: ESSON ST (IFO 21); Vehicle #1     Make:      Model:      Colour:      Style: ; Vehicle #2     Make: KIA     Model: OLS     Colour: WHI     Style: 4D,5/3/2021 10:38:58 AM,538844.8799,4811612.099
50225,20024162,1/31/2020 5:00:00 PM,2020,1,31,17,0,0,Friday,536015.7649,4809076.869,-80.554995,43.43373,At/near private drive,2,Non-reportable,Thru lane,unknown,unknown,SMV unattended vehicle,Unknown,Dusk,05 - Dusk,Municipal (excl. Twp. Rd.),No control,unknown,0,0,0,FALSE,FALSE,FALSE,Clear,,TRUE,Road 1: COUNTRYSTONE CRESCENT (IFO 279); Vehicle #1     Make: HYUN     Model: SHY     Colour: BLU     Style: 4D; Vehicle #2     Make: TOYT     Model: CHB     Colour: GRY     Style: 4D,5/3/2021 10:41:18 AM,536015.7649,4809076.869
50226,20024680,11/17/2020 9:12:00 AM,2020,11,17,9,12,0,Tuesday,542312.9281,4810287.037,-80.477097,43.444298,Intersection related,2,P.D. only,Thru lane,unknown,unknown,Approaching,Unknown,Daylight,01 - Daylight,Municipal (excl. Twp. Rd.),Traffic signal,Functioning,2,0,0,FALSE,FALSE,FALSE,Clear,,FALSE,Road 1: KING ST E (50 km/h); Road 2: STIRLING AVE N (50 km/h); Vehicle #1     Make: HOND     Model: UAX     Colour: GRY     Style: 4D; Vehicle #2     Make: FORD     Model: SPE     Colour: BRN     Style: TY,5/13/2021 11:51:06 AM,542312.9281,4810287.037
50227,20024735,2/1/2020 12:00:00 PM,2020,2,1,12,0,0,Saturday,541232.1527,4810946.938,-80.490403,43.4503,Intersection related,2,Non-reportable,Within intersection,unknown,unknown,Rear end,Unknown,Daylight,01 - Daylight,Regional municipality,Traffic signal,unknown,0,0,0,FALSE,FALSE,FALSE,Clear,,TRUE,Road 1: KING ST W; Road 2: ONTARIO ST S; Vehicle #1     Make: FORD     Model: COF     Colour: BLK     Style: CW; Vehicle #2     Make: MAZD     Model: M3I     Colour: BLK     Style: 4B,5/3/2021 10:39:25 AM,541232.1527,4810946.938
50228,20024766,2/1/2020 3:00:00 PM,2020,2,1,15,0,0,Saturday,544594.1439,4807961.943,-80.449097,43.42323,At/near private drive,2,Non-reportable,Thru lane,unknown,unknown,Other,Unknown,Daylight,01 - Daylight,Municipal (excl. Twp. Rd.),No control,unknown,0,0,0,FALSE,FALSE,FALSE,Clear,,TRUE,Road 1: BELWOOD CRESCENT (IFO 49); Vehicle #1     Make: TOYT     Model: UCS     Colour: GRY     Style: 4D; Vehicle #2     Make: KIA     Model: RIO     Colour: BLU     Style: 4B,5/3/2021 10:41:21 AM,544594.1439,4807961.943
50229,20024778,1/31/2020 5:00:00 PM,2020,1,31,17,0,0,Friday,543809.237,4809563.171,-80.458664,43.437694,Non intersection,2,P.D. only,Thru lane,unknown,unknown,Sideswipe,Unknown,Dusk,05 - Dusk,Regional municipality,No control,unknown,0,0,0,FALSE,FALSE,FALSE,Clear,,TRUE,Road 1: MONTGOMERY RD; Road 2: WEBER ST E; Vehicle #1     Make: VOLK     Model: C2T     Colour: SIL     Style: 4D; Vehicle #2     Make: DODG     Model: RPC     Colour: BLK     Style: PK,5/3/2021 10:38:37 AM,543809.237,4809563.171
50230,20024946,2/1/2020 6:00:00 PM,2020,2,1,18,0,0,Saturday,544034.9001,4807718.018,-80.456025,43.421067,Non intersection,2,P.D. only,Thru lane,unknown,unknown,SMV unattended vehicle,Unknown,Dark,07 - Dark,Municipal (excl. Twp. Rd.),No control,unknown,0,0,0,FALSE,FALSE,FALSE,Snow,,TRUE,Road 1: VANIER DR (IFO 553); Vehicle #1     Make: LEXS     Model: RX3     Colour: GLD     Style: TY; Vehicle #2     Make: HOND     Model: CCL     Colour: WHI     Style: 4D,5/3/2021 10:38:38 AM,544034.9001,4807718.018
50231,20024947,2/1/2020 6:15:00 PM,2020,2,1,18,15,0,Saturday,544676.3318,4808081.697,-80.448072,43.424303,At intersection,2,P.D. only,Within intersection,unknown,unknown,Angle,Unknown,Dark,07 - Dark,Municipal (excl. Twp. Rd.),Stop sign,Functioning,0,0,0,FALSE,FALSE,FALSE,Snow,,TRUE,Road 1: FAIRLAWN RD; Road 2: WILSON AVE; Vehicle #1     Make: TOYT     Model: CTX     Colour: GRN     Style: 4B; Vehicle #2     Make: FORD     Model: SPE     Colour: GRY     Style: TY,5/3/2021 10:40:39 AM,544676.3318,4808081.697
50232,20024984,2/1/2020 7:15:00 PM,2020,2,1,19,15,0,Saturday,538136.0599,4809506.018,-80.528768,43.43749,Non intersection,1,Non-fatal injury,Thru lane,unknown,unknown,Angle,Unknown,Dark,07 - Dark,Municipal (excl. Twp. Rd.),No control,unknown,1,0,0,FALSE,FALSE,FALSE,Snow,,FALSE,Road 1: 97 FENWICK CRT (50 km/h); Road 2: FENWICK CRT; Distance: 1.0 K S; Vehicle #1     Make: HOND     Model: UEX     Colour: WHI     Style: 4D; Vehicle #2     Make: HYUN     Model: EGM     Colour: SIL     Style: 4D,5/3/2021 10:37:10 AM,538136.0599,4809506.018
50233,20024992,2/1/2020 7:11:00 PM,2020,2,1,19,11,0,Saturday,538535.5206,4809041.298,-80.523865,43.433285,Non intersection,2,P.D. only,Thru lane,unknown,unknown,SMV unattended vehicle,Unknown,Dark,07 - Dark,Municipal (excl. Twp. Rd.),No control,unknown,1,0,0,FALSE,FALSE,FALSE,Snow,,FALSE,Road 1: 210 HIGHLAND CRES (50 km/h); Road 2: HIGHLAND CRES; Distance: 4.0 K W; Vehicle #1     Make: HYUN     Model: ESM     Colour: WHI     Style: 4D; Vehicle #2     Make: GMC     Model: SIE     Colour: WHI     Style: CW,4/27/2022 10:40:40 AM,538535.5205,4809041.298
50234,20025011,2/1/2020 6:30:00 PM,2020,2,1,18,30,0,Saturday,540352.1315,4807000.636,-80.501571,43.414815,Non intersection,2,P.D. only,Thru lane,unknown,unknown,Approaching,Unknown,Dark,07 - Dark,Municipal (excl. Twp. Rd.),No control,unknown,0,0,0,FALSE,FALSE,FALSE,Clear,,TRUE,Road 1: LITTLEFIELD CRESCENT; Road 2: WILLIAMSBURG RD; Vehicle #1     Make: LNDR     Model: EQU     Colour: WHI     Style: TY; Vehicle #2     Make: DODG     Model: CXT     Colour: SIL     Style: 4D,5/3/2021 10:38:48 AM,540352.1315,4807000.636
50235,20025033,2/1/2020 8:15:00 PM,2020,2,1,20,15,0,Saturday,543755.5642,4807863.097,-80.459464,43.422389,Non intersection,2,P.D. only,Not on roadway - right side,unknown,unknown,SMV other,Unknown,Dark,07 - Dark,Municipal (excl. Twp. Rd.),No control,unknown,0,0,0,FALSE,FALSE,FALSE,Snow,,FALSE,Road 1: 1144 SHELLEY DR (50 km/h); Road 2: COURTLAND AVE E; Distance: 200.0 K N; Vehicle #1     Make: CHRY     Model: 2LX     Colour: BLU     Style: 4D,5/3/2021 10:37:18 AM,543755.5642,4807863.097
50236,20025451,2/2/2020 11:35:00 AM,2020,2,2,11,35,0,Sunday,544560.1925,4811740.76,-80.449208,43.457256,At intersection,2,P.D. only,Right turn lane,unknown,unknown,Angle,Unknown,Daylight,01 - Daylight,Regional municipality,Traffic signal,Functioning,0,0,0,FALSE,FALSE,FALSE,Snow,,TRUE,Road 1: RIVER RD E; Road 2: LORRAINE AVE; Vehicle #1     Make: CHEV     Model: CDL     Colour: BLK     Style: 4D; Vehicle #2     Make: HYUN     Model: ESS     Colour: BLK     Style: 4D,5/3/2021 10:40:27 AM,544560.1925,4811740.76
50237,20025491,2/2/2020 11:20:00 AM,2020,2,2,11,20,0,Sunday,540919.6821,4807861.633,-80.494496,43.422536,Non intersection,2,P.D. only,Off highway,unknown,unknown,SMV other,Unknown,Daylight,01 - Daylight,Regional municipality,No control,unknown,0,0,0,FALSE,FALSE,FALSE,Snow,,FALSE,Road 1: ELMSDALE DR (50 km/h); Road 2: OTTAWA ST S; Distance: 100.0 M N; Vehicle #1     Make: MAZD     Model: MA2     Colour: WHI     Style: 4B,5/3/2021 10:37:28 AM,540919.6821,4807861.633
50238,20025542,2/2/2020 1:35:00 PM,2020,2,2,13,35,0,Sunday,539974.9363,4810478.267,-80.505975,43.446148,At/near private drive,2,P.D. only,Thru lane,unknown,unknown,Sideswipe,Unknown,Daylight,01 - Daylight,Municipal (excl. Twp. Rd.),No control,unknown,0,0,0,FALSE,FALSE,FALSE,Clear,,TRUE,Road 1: 11 STRANGE ST; Vehicle #1     Make: LEXS     Model: NXT     Colour: RED     Style: TY; Vehicle #2     Make: HYUN     Model: EGM     Colour: BLK     Style: 4D,5/3/2021 10:41:48 AM,539974.9363,4810478.267
50239,20025755,2/2/2020 7:30:00 PM,2020,2,2,19,30,0,Sunday,547901.3449,4804475.634,-80.408548,43.391635,Non intersection,2,P.D. only,Thru lane,unknown,unknown,Approaching,Unknown,Dark,07 - Dark,Municipal (excl. Twp. Rd.),No control,unknown,0,0,0,FALSE,FALSE,FALSE,Clear,,TRUE,Road 1: 218 DOON VALLEY DR; Vehicle #1     Make: HOND     Model: UAX     Colour: RED     Style: 4D; Vehicle #2     Make: CHEV     Model: CZT     Colour: BLK     Style: 4D,5/3/2021 10:38:50 AM,547901.3449,4804475.634
50240,20026137,2/3/2020 10:30:00 AM,2020,2,3,10,30,0,Monday,545409.768,4810850.202,-80.438781,43.449187,Non intersection,2,P.D. only,Thru lane,unknown,unknown,Angle,Unknown,Daylight,01 - Daylight,Municipal (excl. Twp. Rd.),No control,unknown,0,0,0,FALSE,FALSE,FALSE,Clear,,TRUE,Road 1: 105 CONWAY DR; Vehicle #1     Make: MARA     Model: 480     Colour: SIL     Style: TY; Vehicle #2     Make: FORD     Model: EDG     Colour: CRM     Style: TY,5/3/2021 10:38:49 AM,545409.768,4810850.202
50241,20026340,2/1/2020 6:00:00 PM,2020,2,1,18,0,0,Saturday,537038.7618,4807886.189,-80.542436,43.422959,Intersection related,2,Non-reportable,Right turn lane,unknown,unknown,Rear end,Unknown,Dark,07 - Dark,Municipal (excl. Twp. Rd.),Stop sign,unknown,0,0,0,FALSE,FALSE,FALSE,Snow,,TRUE,Road 1: ROLLING MEADOWS DR; Road 2: WESTHEIGHTS DR; Vehicle #1     Make: MERZ     Model: B20     Colour: SIL     Style: 4B; Vehicle #2     Make: HYUN     Model: SGL     Colour: BLK     Style: 4D; Vehicle #3     Make:      Model:      Colour:      Style:,5/3/2021 10:39:23 AM,537038.7618,4807886.189
50242,20026345,2/3/2020 3:37:00 PM,2020,2,3,15,37,0,Monday,542107.9818,4807132.918,-80.479873,43.415909,Intersection related,2,P.D. only,Thru lane,unknown,unknown,Sideswipe,Unknown,Daylight,01 - Daylight,Regional municipality,Traffic signal,Functioning,1,0,0,FALSE,FALSE,FALSE,Clear,,FALSE,Road 1: BLOCK LINE RD (50 km/h); Road 2: STRASBURG RD (50 km/h); Distance: 3.0 M S; Vehicle #1     Make:      Model: -     Colour:      Style: ; Vehicle #2     Make: ICRP     Model: BUD     Colour: YEL     Style: BU,5/3/2021 10:39:19 AM,542107.9818,4807132.918
50243,20026436,2/3/2020 5:21:00 PM,2020,2,3,17,21,0,Monday,542244.0162,4814368.95,-80.477632,43.481055,Intersection related,2,P.D. only,Thru lane,unknown,unknown,Rear end,Unknown,Dusk,05 - Dusk,Regional municipality,Stop sign,unknown,1,0,0,FALSE,FALSE,FALSE,Clear,,FALSE,Road 1: BLOOMINGDALE RD N (50 km/h); Road 2: HORNING DR (50 km/h); Vehicle #1     Make: TOYT     Model: CBL     Colour: WHI     Style: 4D; Vehicle #2     Make: FORD     Model: TIA     Colour: BRN     Style: 4D,5/3/2021 10:39:17 AM,542244.0161,4814368.95
50244,20026477,2/2/2020 10:00:00 AM,2020,2,2,10,0,0,Sunday,547236.46,4808842.191,-80.416379,43.430994,Non intersection,2,P.D. only,Thru lane,unknown,unknown,Turning movement,Unknown,Daylight,01 - Daylight,Municipal (excl. Twp. Rd.),No control,unknown,0,0,0,FALSE,FALSE,FALSE,Snow,,TRUE,Road 1: MORRISON RD; Road 2: QUINTE CRESCENT; Vehicle #1     Make: HOND     Model: UDY     Colour: RED     Style: VN; Vehicle #2     Make: SUBA     Model: CRO     Colour: BLU     Style: TY,5/3/2021 10:38:51 AM,547236.46,4808842.191
50245,20026478,2/3/2020 8:40:00 AM,2020,2,3,8,40,0,Monday,541359.9254,4808641.173,-80.488998,43.429531,At intersection,2,P.D. only,Thru lane,unknown,unknown,Rear end,Unknown,Daylight,01 - Daylight,Regional municipality,Traffic signal,Functioning,0,0,0,FALSE,FALSE,FALSE,Clear,,TRUE,Road 1: HOMER WATSON BLVD; Road 2: HOFFMAN ST; Vehicle #1     Make: NISS     Model: ROG     Colour: SIL     Style: TY; Vehicle #2     Make: TOYT     Model: VEN     Colour: GRY     Style: TY,5/3/2021 10:40:41 AM,541359.9254,4808641.173
50246,20026487,2/2/2020 1:00:00 PM,2020,2,2,13,0,0,Sunday,539011.9215,4805457.577,-80.518235,43.400992,Non intersection,2,Non-reportable,Thru lane,unknown,unknown,SMV unattended vehicle,Unknown,Daylight,01 - Daylight,Municipal (excl. Twp. Rd.),No control,unknown,0,0,0,FALSE,FALSE,FALSE,Clear,,TRUE,Road 1: 167 SNOWDROP CRESCENT (INFO 167 SNOWDROP CRES); Vehicle #1     Make: RAM     Model: RTR     Colour: RED     Style: PK; Vehicle #2     Make: TOYT     Model: CSM     Colour: BLK     Style: 4B,5/3/2021 10:37:44 AM,539011.9215,4805457.577
50247,20026514,1/28/2020 6:30:00 PM,2020,1,28,18,30,0,Tuesday,536518.7793,4807918.073,-80.548858,43.423272,At/near private drive,2,Non-reportable,Thru lane,unknown,unknown,SMV unattended vehicle,Unknown,Dark,07 - Dark,Municipal (excl. Twp. Rd.),No control,unknown,0,0,0,FALSE,FALSE,FALSE,Clear,,TRUE,Road 1: NEWBURY DR (IFO 220); Vehicle #1     Make: CHEV     Model: IMT     Colour: BRN     Style: 4D; Vehicle #2     Make: DODG     Model: CAR     Colour: BLK     Style: VN,5/3/2021 10:41:19 AM,536518.7793,4807918.073
50248,20026867,2/4/2020 8:15:00 AM,2020,2,4,8,15,0,Tuesday,538492.0178,4810824.211,-80.524277,43.44934,Non intersection,2,P.D. only,Left turn lane,unknown,unknown,Sideswipe,Unknown,Daylight,01 - Daylight,Regional municipality,No control,unknown,0,0,0,FALSE,FALSE,FALSE,Clear,,TRUE,Road 1: GLASGOW ST; Road 2: WESTMOUNT RD; Vehicle #1     Make: HYUN     Model: HEL     Colour: BLU     Style: SW; Vehicle #2     Make: VOLK     Model: GTD     Colour: WHI     Style: 4B,5/3/2021 10:38:52 AM,538492.0178,4810824.211
50249,20027640,2/5/2020 7:50:00 AM,2020,2,5,7,50,0,Wednesday,544275.6367,4809234.834,-80.452928,43.43471,Non intersection,2,P.D. only,Thru lane,unknown,unknown,Rear end,Unknown,Daylight,01 - Daylight,Municipal (excl. Twp. Rd.),No control,unknown,0,0,0,FALSE,FALSE,FALSE,Clear,,TRUE,Road 1: 2153 KINGSWAY DR; Vehicle #1     Make: HYUN     Model: ACC     Colour: GRY     Style: 2D; Vehicle #2     Make: SUBA     Model: 25B     Colour: WHI     Style: 4D,5/3/2021 10:38:02 AM,544275.6367,4809234.834
50250,20027758,2/3/2020 4:30:00 PM,2020,2,3,16,30,0,Monday,547832.1338,4811237.436,-80.40881,43.452523,At/near private drive,2,Non-reportable,Thru lane,unknown,unknown,SMV unattended vehicle,Unknown,Daylight,01 - Daylight,Municipal (excl. Twp. Rd.),No control,unknown,0,0,0,FALSE,FALSE,FALSE,Clear,,TRUE,Road 1: 966 PEBBLECREEK COURT; Vehicle #1     Make: MAZD     Model: MCX     Colour: BLK     Style: TY; Vehicle #2     Make:      Model:      Colour:      Style:,5/3/2021 10:41:14 AM,547832.1338,4811237.436
50251,20028098,1/31/2020 10:00:00 PM,2020,1,31,22,0,0,Friday,543201.5113,4811016.629,-80.466058,43.450816,At/near private drive,2,P.D. only,Thru lane,unknown,unknown,SMV unattended vehicle,Unknown,Dark,07 - Dark,Municipal (excl. Twp. Rd.),No control,unknown,0,0,0,FALSE,FALSE,FALSE,Clear,,TRUE,Road 1: DUMFRIES AVE (IFO 457); Road 2: STIRLING AVE N; Vehicle #1     Make:      Model:      Colour:      Style: ; Vehicle #2     Make: HOND     Model: ULS     Colour: SIL     Style: 4D,5/3/2021 10:41:31 AM,543201.5113,4811016.629
50252,20028191,2/5/2020 6:40:00 PM,2020,2,5,18,40,0,Wednesday,545093.2408,4807781.848,-80.442946,43.421579,Non intersection,2,P.D. only,Thru lane,unknown,unknown,Sideswipe,Unknown,Dark,07 - Dark,Regional municipality,No control,unknown,0,0,0,FALSE,FALSE,FALSE,Clear,,TRUE,Road 1: WILSON AVE; Road 2: FAIRWAY RD KITCHENER; Vehicle #1     Make: HOND     Model: CCL     Colour: RED     Style: 4D; Vehicle #2     Make: CHEV     Model: SIL     Colour: GRY     Style: PK,5/3/2021 10:38:01 AM,545093.2408,4807781.848
50253,20028511,2/6/2020 8:00:00 AM,2020,2,6,8,0,0,Thursday,542532.1089,4809425.725,-80.474456,43.43653,At intersection,2,P.D. only,Within intersection,unknown,unknown,Angle,Unknown,Daylight,01 - Daylight,Municipal (excl. Twp. Rd.),Stop sign,Functioning,0,0,0,FALSE,FALSE,FALSE,Snow,,TRUE,Road 1: BEDFORD RD; Road 2: SYDNEY ST S; Vehicle #1     Make: MITS     Model: LES     Colour: BLK     Style: 4D; Vehicle #2     Make: JEEP     Model: CMP     Colour: WHI     Style: TY,5/3/2021 10:40:31 AM,542532.1089,4809425.725
50254,20028515,2/6/2020 8:19:00 AM,2020,2,6,8,19,0,Thursday,541818.264,4812148.005,-80.483067,43.461082,Non intersection,2,P.D. only,Not on roadway - right side,unknown,unknown,SMV other,Unknown,Daylight,01 - Daylight,Regional municipality,No control,unknown,0,0,0,FALSE,FALSE,FALSE,Snow,,FALSE,Road 1: WELLINGTON ST N (50 km/h); Road 2: LANCASTER ST W; Distance: 25.0 M E; Vehicle #1     Make: STRG     Model: STE     Colour: WHI     Style: CT,5/3/2021 10:37:36 AM,541818.264,4812148.005
50255,20028712,2/6/2020 12:00:00 PM,2020,2,6,12,0,0,Thursday,545134.7924,4807610.529,-80.442447,43.420034,Non intersection,2,P.D. only,Thru lane,unknown,unknown,Angle,Unknown,Daylight,01 - Daylight,Regional municipality,No control,unknown,0,0,0,FALSE,FALSE,FALSE,Clear,,TRUE,Road 1: WILSON AVE; Road 2: FAIRWAY RD S; Vehicle #1     Make: TOYT     Model: TIM     Colour: BLU     Style: 4B; Vehicle #2     Make: FORD     Model: EPR     Colour: RED     Style: TY,8/16/2022 3:06:48 PM,545134.7924,4807610.529