OBJECTID,ACCIDENTNUM,ACCIDENTDATE,ACCIDENT_YEAR,ACCIDENT_MONTH,ACCIDENT_DAY,ACCIDENT_HOUR,ACCIDENT_MINUTE,ACCIDENT_SECOND,ACCIDENT_WEEKDAY,XCOORD,YCOORD,LONGITUDE,LATITUDE,ACCIDENTLOCATION,COLLISIONTYPE,CLASSIFICATIONOFACCIDENT,IMPACTLOCATION,INITIALDIRECTIONOFTRAVELONE,INITIALDIRECTIONOFTRAVELTWO,INITIALIMPACTTYPE,INTTRAFFICCONTROL,LIGHT,LIGHTFORREPORT,ROADJURISDICTION,TRAFFICCONTROL,TRAFFICCONTROLCONDITION,THRULANENO,NORTHBOUNDDISOBEYCOUNT,SOUTHBOUNDDISOBEYCOUNT,PEDESTRIANINVOLVED,CYCLISTINVOLVED,MOTORCYCLISTINVOLVED,ENVIRONMENTCONDITION1,ENVIRONMENTCONDITION2,SELFREPORTED,XMLIMPORTNOTES,LASTEDITEDDATE,x,y
50256,20029091,2/6/2020 7:40:00 PM,2020,2,6,19,40,0,Thursday,542581.7566,4810126.202,-80.473787,43.442834,Intersection related,2,P.D. only,Thru lane,unknown,unknown,Rear end,Unknown,"Dark, artificial","08 - Dark, artificial",Regional municipality,Traffic signal,Functioning,1,0,0,FALSE,FALSE,FALSE,Snow,,FALSE,Road 1: KING ST E (50 km/h); Road 2: BORDEN AVE N (50 km/h); Vehicle #1     Make: HYUN     Model: ESM     Colour: WHI     Style: 4D; Vehicle #2     Make: HYUN     Model: TUC     Colour: GRY     Style: TY,5/3/2021 10:39:18 AM,542581.7566,4810126.202
50257,20029130,2/6/2020 8:24:00 PM,2020,2,6,20,24,0,Thursday,541557.2884,4811280.704,-80.486359,43.453287,Intersection related,2,P.D. only,Within intersection,unknown,unknown,Turning movement,Unknown,Dark,07 - Dark,Township,Stop sign,Functioning,0,0,0,FALSE,FALSE,FALSE,Snow,,FALSE,Road 1: AHRENS QUEEN ST N (40 km/h); Road 2: ST (40 km/h); Vehicle #1     Make: DODG     Model: DAK     Colour: WHI     Style: PK; Vehicle #2     Make: TOYT     Model: ECH     Colour: GRN     Style: 4D,5/3/2021 10:38:44 AM,541557.2884,4811280.704
50258,20029715,2/7/2020 2:54:00 PM,2020,2,7,14,54,0,Friday,539113.0469,4811657.614,-80.516542,43.456812,Intersection related,2,P.D. only,Thru lane,unknown,unknown,Rear end,Unknown,Daylight,01 - Daylight,Municipal (excl. Twp. Rd.),Traffic signal,Functioning,0,0,0,FALSE,FALSE,FALSE,Snow,,TRUE,Road 1: PARK ST; Road 2: UNION BLVD; Vehicle #1     Make: MAZD     Model: CX5     Colour: SIL     Style: TY; Vehicle #2     Make: GMC     Model: SAV     Colour: WHI     Style: FV,5/3/2021 10:39:57 AM,539113.0469,4811657.614
50259,20029784,2/7/2020 4:36:00 PM,2020,2,7,16,36,0,Friday,539785.5591,4802994.288,-80.50886,43.378771,Non intersection,2,P.D. only,Thru lane,unknown,unknown,Approaching,Unknown,Daylight,01 - Daylight,Regional municipality,No control,unknown,1,0,0,FALSE,FALSE,FALSE,Drifting Snow,,FALSE,Road 1: 1876 HURON RD (80 km/h); Road 2: HURON RD; Distance: 5.0 M W; Vehicle #1     Make: FORD     Model: FMS     Colour: BRN     Style: 4D; Vehicle #2     Make: JEEP     Model: WUL     Colour: GRN     Style: TY,5/3/2021 10:37:13 AM,539785.5591,4802994.288
50260,20029818,2/7/2020 5:11:00 PM,2020,2,7,17,11,0,Friday,542903.8395,4812719.072,-80.469603,43.466162,Intersection related,2,P.D. only,Thru lane,unknown,unknown,Rear end,Unknown,Daylight,01 - Daylight,Regional municipality,Stop sign,Functioning,1,0,0,FALSE,FALSE,FALSE,Clear,,FALSE,Road 1: WELLINGTON ST N (50 km/h); Road 2: 85 N OFF TO WELLINGTON ST N  N (60 km/h); Distance: 60.0 M E; Vehicle #1     Make: HYUN     Model: SAN     Colour: BLK     Style: TY; Vehicle #2     Make: HOND     Model: UDY     Colour: BLU     Style: TY; Vehicl,5/3/2021 10:39:15 AM,542903.8395,4812719.072
50261,20029999,2/7/2020 5:20:00 PM,2020,2,7,17,20,0,Friday,543073.9496,4812801.034,-80.467494,43.46689,Intersection related,2,P.D. only,Thru lane,unknown,unknown,Rear end,Unknown,Dusk,05 - Dusk,Municipal (excl. Twp. Rd.),unknown,Functioning,0,0,0,FALSE,FALSE,FALSE,Clear,,TRUE,Road 1: SHIRLEY AVE; Road 2: RIVERBEND DR; Vehicle #1     Make: DODG     Model: CAR     Colour: GRY     Style: VN; Vehicle #2     Make: STRN     Model: ASR     Colour: RED     Style: 4B,5/3/2021 10:39:39 AM,543073.9496,4812801.034
50262,20030148,2/8/2020 12:50:00 AM,2020,2,8,0,50,0,Saturday,540198.061,4811379.425,-80.503151,43.45425,Non intersection,2,P.D. only,Not on roadway - right side,unknown,unknown,SMV other,Unknown,"Dark, artificial","08 - Dark, artificial",Regional municipality,No control,unknown,0,0,0,FALSE,FALSE,FALSE,Snow,,FALSE,Road 1: WELLINGTON ST S (50 km/h); Road 2: KING ST W; Distance: 20.0 K S; Vehicle #1     Make: MITS     Model: COT     Colour: BLK     Style: TY,5/3/2021 10:38:12 AM,540198.061,4811379.425
50263,20030295,2/8/2020 9:30:00 AM,2020,2,8,9,30,0,Saturday,543512.5786,4812238.179,-80.462117,43.461797,Non intersection,2,P.D. only,Thru lane,unknown,unknown,Sideswipe,Unknown,Daylight,01 - Daylight,Regional municipality,No control,unknown,0,0,0,FALSE,FALSE,FALSE,Clear,,TRUE,Road 1: FREDERICK ST; Road 2: RIVER RD E; Vehicle #1     Make: FORD     Model: VAN     Colour: WHI     Style: FV; Vehicle #2     Make:      Model:      Colour:      Style:,5/3/2021 10:38:07 AM,543512.5786,4812238.179
50264,20031191,2/9/2020 1:22:00 PM,2020,2,9,13,22,0,Sunday,540104.8673,4810846.783,-80.504342,43.449459,Underpass or tunnel,2,P.D. only,Thru lane,unknown,unknown,SMV other,Unknown,Daylight,01 - Daylight,Municipal (excl. Twp. Rd.),No control,unknown,1,0,0,FALSE,FALSE,FALSE,Clear,,FALSE,Road 1: PARK ST (50 km/h); Road 2: CN RAIL; Distance: 0.0 M N; Vehicle #1     Make:      Model: TRAC     Colour:      Style:,5/3/2021 10:41:56 AM,540104.8673,4810846.783
50265,20031417,2/9/2020 7:20:00 PM,2020,2,9,19,20,0,Sunday,541971.9638,4808675.801,-80.481434,43.429809,Non intersection,2,P.D. only,Thru lane,unknown,unknown,Approaching,Unknown,Dark,07 - Dark,Regional municipality,No control,unknown,1,0,0,FALSE,FALSE,FALSE,Snow,,FALSE,Road 1: KEHL ST (50 km/h); Road 2: OTTAWA ST S; Distance: 30.0 M N; Vehicle #1     Make: HYUN     Model: ALS     Colour: GRY     Style: 4D; Vehicle #2     Make: HOND     Model: UDV     Colour: GRY     Style: 4D,5/3/2021 10:37:19 AM,541971.9638,4808675.801
50266,20031916,2/8/2020 7:00:00 PM,2020,2,8,19,0,0,Saturday,541388.1251,4803851.193,-80.489013,43.3864,At/near private drive,2,Non-reportable,Thru lane,unknown,unknown,SMV unattended vehicle,Unknown,Dark,07 - Dark,Municipal (excl. Twp. Rd.),unknown,unknown,0,0,0,FALSE,FALSE,FALSE,Clear,,TRUE,Road 1: SOPHIA CRESCENT (IFO 198); Road 2: WOODBINE CT; Vehicle #1     Make: FORD     Model: COF     Colour: GRY     Style: PK; Vehicle #2     Make: TOYT     Model: MTL     Colour: GRY     Style: 4D,5/3/2021 10:41:45 AM,541388.1251,4803851.193
50267,20032135,2/8/2020 4:30:00 PM,2020,2,8,16,30,0,Saturday,542877.3133,4807238.023,-80.470362,43.416812,At/near private drive,2,Non-reportable,Thru lane,unknown,unknown,SMV unattended vehicle,Unknown,Daylight,01 - Daylight,Municipal (excl. Twp. Rd.),No control,unknown,0,0,0,FALSE,FALSE,FALSE,Clear,,TRUE,Road 1: 122 COACH HILL DR; Vehicle #1     Make:      Model:      Colour:      Style: ; Vehicle #2     Make: SUBA     Model: SWL     Colour: SIL     Style: 4D,5/3/2021 10:41:45 AM,542877.3133,4807238.023
50268,20032390,2/11/2020 6:30:00 AM,2020,2,11,6,30,0,Tuesday,541276.4952,4803356.223,-80.490428,43.38195,Non intersection,2,P.D. only,Thru lane,unknown,unknown,Angle,Unknown,Dark,07 - Dark,Regional municipality,No control,unknown,0,0,0,FALSE,FALSE,FALSE,Clear,,TRUE,Road 1: HURON RD; Road 2: FISCHERHALLMAN RD; Distance: 120.0 M; Vehicle #1     Make: BMW     Model: X12     Colour: BLK     Style: SW; Vehicle #2     Make: TOYT     Model: RV4     Colour: GRY     Style: TY,5/3/2021 10:38:11 AM,541276.4952,4803356.223
50269,20032625,2/11/2020 11:45:00 AM,2020,2,11,11,45,0,Tuesday,543528.4397,4804929.6,-80.462503,43.395989,Non intersection,2,P.D. only,Thru lane,unknown,unknown,Angle,Unknown,Daylight,01 - Daylight,Regional municipality,No control,unknown,0,0,0,FALSE,FALSE,FALSE,Clear,,TRUE,Road 1: HURON RD (IFO MAC'S CONVIENCE); Vehicle #1     Make: DODG     Model: CAR     Colour: BLK     Style: VN; Vehicle #2     Make: GMC     Model: SIE     Colour: GRY     Style: CW,5/3/2021 10:38:13 AM,543528.4397,4804929.6
50270,20032798,2/11/2020 3:32:00 PM,2020,2,11,15,32,0,Tuesday,539077.5301,4811112.239,-80.51702,43.451904,At intersection,2,P.D. only,Within intersection,unknown,unknown,Angle,Unknown,Daylight,01 - Daylight,Regional municipality,Traffic signal,Functioning,0,0,1,FALSE,FALSE,FALSE,Clear,,FALSE,Road 1: BELMONT AVE W (50 km/h); Road 2: GLASGOW ST (50 km/h); Vehicle #1     Make: FORD     Model: FE     Colour: GRY     Style: 4D; Vehicle #2     Make: FORD     Model: COF     Colour: WHI     Style: PK,5/3/2021 10:40:08 AM,539077.5301,4811112.239
50271,20032812,2/11/2020 3:52:00 PM,2020,2,11,15,52,0,Tuesday,543441.2885,4808304.443,-80.463311,43.426382,Non intersection,1,Non-fatal injury,Not on roadway - left side,unknown,unknown,SMV other,Unknown,Daylight,01 - Daylight,Municipal (excl. Twp. Rd.),No control,unknown,0,0,0,FALSE,FALSE,FALSE,Clear,,FALSE,Road 1: 190 KIPLING AVE (50 km/h); Road 2: KIPLING AVE; Distance: 1.0 K N; Vehicle #1     Make: FORD     Model: SPE     Colour: GRY     Style: TY,5/3/2021 10:38:23 AM,543441.2885,4808304.443
50272,20032845,2/7/2020 9:00:00 PM,2020,2,7,21,0,0,Friday,541606.4219,4810797.937,-80.485789,43.448937,At/near private drive,2,P.D. only,Off highway,unknown,unknown,SMV other,Unknown,"Dark, artificial","08 - Dark, artificial",Municipal (excl. Twp. Rd.),No control,unknown,0,0,0,FALSE,FALSE,FALSE,Snow,,FALSE,Road 1: 15 SCOTT ST (40 km/h); Road 2: SCOTT ST; Distance: 1.0 M E; Vehicle #1     Make: HOND     Model: ULX     Colour: GRY     Style: 4D,5/3/2021 10:40:54 AM,541606.4219,4810797.937
50273,20033002,2/11/2020 8:00:00 PM,2020,2,11,20,0,0,Tuesday,541582.0579,4810749.197,-80.486094,43.4485,Intersection related,2,P.D. only,Within intersection,unknown,unknown,Turning movement,Unknown,Dark,07 - Dark,Regional municipality,Traffic signal,Functioning,0,0,1,FALSE,FALSE,FALSE,Clear,,TRUE,Road 1: KING ST E; Road 2: SCOTT ST; Vehicle #1     Make: TOYT     Model: RV4     Colour: BLK     Style: TY; Vehicle #2     Make: TOYT     Model: CBS     Colour: BLU     Style: 4D,5/3/2021 10:39:54 AM,541582.0579,4810749.197
50274,20033217,2/12/2020 7:50:00 AM,2020,2,12,7,50,0,Wednesday,543074.3606,4812799.64,-80.467489,43.466878,Intersection related,2,P.D. only,Thru lane,unknown,unknown,Sideswipe,Unknown,Daylight,01 - Daylight,Municipal (excl. Twp. Rd.),unknown,Functioning,0,0,0,FALSE,FALSE,FALSE,Clear,,TRUE,Road 1: WELLINGTON ST; Road 2: RIVERBEND DR; Vehicle #1     Make:      Model:      Colour:      Style: ; Vehicle #2     Make: HOND     Model: UEX     Colour: SIL     Style: 2D,5/3/2021 10:40:01 AM,543074.3606,4812799.64
50275,20033273,2/12/2020 9:10:00 AM,2020,2,12,9,10,0,Wednesday,542841.9258,4809873.173,-80.470592,43.440541,At intersection,2,P.D. only,Within intersection,unknown,unknown,Angle,Unknown,Daylight,01 - Daylight,Regional municipality,Stop sign,Functioning,0,0,0,FALSE,FALSE,FALSE,Clear,,TRUE,Road 1: 16 SYDNEY ST S; Road 2: CHARLES ST; Vehicle #1     Make: TOYT     Model: RV4     Colour: RED     Style: TY; Vehicle #2     Make: TOYT     Model: YAR     Colour: BLU     Style: 4B,5/3/2021 10:40:34 AM,542841.9258,4809873.173
50276,20033410,2/12/2020 12:33:00 PM,2020,2,12,12,33,0,Wednesday,543845.2391,4808104.074,-80.458337,43.424554,Non intersection,2,P.D. only,Right shoulder,unknown,unknown,SMV other,Unknown,Daylight,01 - Daylight,Municipal (excl. Twp. Rd.),No control,unknown,0,0,0,FALSE,FALSE,FALSE,Clear,,FALSE,Road 1: CLARK AVE (40 km/h); Road 2: SIEBERT AVE; Distance: 1.0 M W; Vehicle #1     Make: KIA     Model: SED     Colour: BLK     Style: VN,5/3/2021 10:37:02 AM,543845.2391,4808104.074
50277,20033468,2/9/2020 11:40:00 AM,2020,2,9,11,40,0,Sunday,542139.9144,4807091.74,-80.479482,43.415537,At/near private drive,1,Non-fatal injury,Not on roadway - right side,unknown,unknown,SMV other,Unknown,Daylight,01 - Daylight,Municipal (excl. Twp. Rd.),No control,unknown,0,0,0,TRUE,FALSE,FALSE,Clear,,FALSE,Road 1: STRASBURG RD (50 km/h); Road 2: BLOCK LINE RD; Distance: 7.0 M W; Vehicle #1     Make: HYUN     Model: ESM     Colour: RED     Style: 4D,5/3/2021 10:40:52 AM,542139.9144,4807091.74
50278,20033472,2/12/2020 1:48:00 PM,2020,2,12,13,48,0,Wednesday,541246.9304,4810769.747,-80.490234,43.448703,At/near private drive,2,P.D. only,Not on roadway - right side,unknown,unknown,Sideswipe,Unknown,Daylight,01 - Daylight,Municipal (excl. Twp. Rd.),No control,unknown,0,0,0,FALSE,FALSE,FALSE,Clear,,FALSE,Road 1: QUEEN ST S (50 km/h); Road 2: CHARLES ST E; Distance: 30.0 M W; Vehicle #1     Make: NISS     Model: ATS     Colour: BRN     Style: 4D; Vehicle #2     Make: DODG     Model: LRT     Colour:      Style: LRT,5/3/2021 10:40:52 AM,541246.9304,4810769.747
50279,20033474,2/12/2020 11:00:00 AM,2020,2,12,11,0,0,Wednesday,544960.0207,4811038.452,-80.444323,43.450909,Intersection related,1,Non-fatal injury,Left turn lane,unknown,unknown,Angle,Unknown,Daylight,01 - Daylight,Regional municipality,Traffic signal,Functioning,0,0,0,FALSE,FALSE,FALSE,Clear,,TRUE,Road 1: RIVER RD E (IFO GAS STATION); Road 2: OTTAWA ST N; Vehicle #1     Make: FORD     Model: FSE     Colour: YEL     Style: 4D; Vehicle #2     Make:      Model:      Colour:      Style: ; Vehicle #3     Make: VOLK     Model: PTL     Colour: SIL     Sty,5/3/2021 10:39:40 AM,544960.0207,4811038.452
50280,20033929,2/13/2020 1:05:00 AM,2020,2,13,1,5,0,Thursday,545400.0799,4808302.274,-80.439112,43.426246,Non intersection,2,P.D. only,Right shoulder,unknown,unknown,SMV other,Unknown,Dark,07 - Dark,Regional municipality,No control,unknown,0,0,0,FALSE,FALSE,FALSE,Snow,,FALSE,Road 1: KINGSWAY DR (50 km/h); Road 2: CEDARWOODS CRESCENT; Distance: 50.0 M W; Vehicle #1     Make: HOND     Model: ULS     Colour: BLU     Style: 4D,5/3/2021 10:37:27 AM,545400.0799,4808302.274
50281,20033990,2/13/2020 5:45:00 AM,2020,2,13,5,45,0,Thursday,543099.8837,4808892.207,-80.467482,43.431694,Non intersection,2,P.D. only,Thru lane,unknown,unknown,Approaching,Unknown,Dark,07 - Dark,Municipal (excl. Twp. Rd.),No control,unknown,0,0,0,FALSE,FALSE,FALSE,Clear,,TRUE,Road 1: CARWOOD AVE; Road 2: DIXON ST; Vehicle #1     Make: BUIC     Model: ACX     Colour: RED     Style: 4D; Vehicle #2     Make: CADI     Model: ALA     Colour: BLK     Style: 4D,5/3/2021 10:38:18 AM,543099.8837,4808892.207
50282,20034052,2/13/2020 8:20:00 AM,2020,2,13,8,20,0,Thursday,542721.9631,4808220.544,-80.472204,43.425668,Non intersection,2,P.D. only,Thru lane,unknown,unknown,Angle,Unknown,Daylight,01 - Daylight,Regional municipality,No control,unknown,0,0,0,FALSE,FALSE,FALSE,Clear,,TRUE,Road 1: HANSON AVE; Road 2: HAYWARD AVE KITCHENER; Vehicle #1     Make: STRN     Model: VUE     Colour: RED     Style: TY; Vehicle #2     Make: HYUN     Model: K3G     Colour: BLK     Style: TY,5/3/2021 10:38:18 AM,542721.9631,4808220.544
50283,20034144,2/13/2020 10:19:00 AM,2020,2,13,10,19,0,Thursday,541498.2115,4813363.367,-80.486931,43.472042,At intersection,2,P.D. only,Not on roadway - right side,unknown,unknown,SMV other,Unknown,Daylight,01 - Daylight,Municipal (excl. Twp. Rd.),Stop sign,unknown,0,0,0,FALSE,FALSE,FALSE,Snow,,FALSE,Road 1: OXFORD ST (50 km/h); Road 2: DOWNEY ST (50 km/h); Distance: 5.0 M W; Vehicle #1     Make:      Model:      Colour:      Style: PIC,5/3/2021 10:40:19 AM,541498.2115,4813363.367
50284,20034279,2/13/2020 8:45:00 AM,2020,2,13,8,45,0,Thursday,542482.5362,4812870.498,-80.4748,43.467549,Non intersection,2,P.D. only,Not on roadway - right side,unknown,unknown,SMV other,Unknown,Daylight,01 - Daylight,Municipal (excl. Twp. Rd.),No control,unknown,0,0,0,FALSE,FALSE,FALSE,Snow,,TRUE,Road 1: 220 SPRING VALLEY RD; Road 2: GUELPH STREET; Vehicle #1     Make: FORD     Model: FE     Colour: BLU     Style: 4D; Vehicle #2     Make:      Model:      Colour:      Style:,5/3/2021 10:38:19 AM,542482.5362,4812870.498
50285,20034921,2/14/2020 8:10:00 AM,2020,2,14,8,10,0,Friday,547652.423,4804029.39,-80.41166,43.387633,Non intersection,2,P.D. only,Thru lane,unknown,unknown,Rear end,Unknown,Daylight,01 - Daylight,Municipal (excl. Twp. Rd.),No control,unknown,0,0,0,FALSE,FALSE,FALSE,Clear,,TRUE,Road 1: DOON VALLEY DR; Road 2: CONESTOGA COLLEGE BLVD; Vehicle #1     Make:      Model:      Colour:      Style: ; Vehicle #2     Make: ACUR     Model: ATL     Colour: BGE     Style: 4D; Vehicle #3     Make:      Model:      Colour:      Style:,5/3/2021 10:39:06 AM,547652.423,4804029.39
50286,20035080,2/13/2020 4:20:00 PM,2020,2,13,16,20,0,Thursday,547756.7616,4804394.378,-80.41034,43.390913,Non intersection,2,P.D. only,Thru lane,unknown,unknown,Rear end,Unknown,Daylight,01 - Daylight,Regional municipality,No control,unknown,0,0,0,FALSE,FALSE,FALSE,Snow,,TRUE,Road 1: DOON VALLEY DR; Road 2: CONESTOGA COLLEGE BLVD; Vehicle #1     Make: JEEP     Model: PRT     Colour: WHI     Style: TY; Vehicle #2     Make: BMW     Model: 2XS     Colour: BLK     Style: 4D,5/3/2021 10:38:39 AM,547756.7616,4804394.378
50287,20035230,2/14/2020 4:30:00 PM,2020,2,14,16,30,0,Friday,544348.5868,4807744.605,-80.452148,43.421288,At/near private drive,2,P.D. only,Off highway,unknown,unknown,Angle,Unknown,Daylight,01 - Daylight,Municipal (excl. Twp. Rd.),No control,unknown,0,0,0,FALSE,FALSE,FALSE,Clear,,TRUE,Road 1: TRAYNOR AVE; Road 2: REYBURN AVE; Vehicle #1     Make: FORD     Model: RNG     Colour: BLK     Style: PK; Vehicle #2     Make: HOND     Model: USE     Colour: SIL     Style: 4D,5/3/2021 10:41:33 AM,544348.5868,4807744.605
50288,20035233,2/12/2020 8:00:00 PM,2020,2,12,20,0,0,Wednesday,541983.9947,4807714.926,-80.48136,43.421157,Non intersection,2,Non-reportable,Thru lane,unknown,unknown,SMV unattended vehicle,Unknown,Dark,07 - Dark,Municipal (excl. Twp. Rd.),No control,unknown,0,0,0,FALSE,FALSE,FALSE,Clear,,TRUE,Road 1: 140 APPALACHIAN CRESCENT; Vehicle #1     Make:      Model:      Colour:      Style: ; Vehicle #2     Make: HYUN     Model: AGG     Colour: BLK     Style: 4D,5/3/2021 10:38:46 AM,541983.9947,4807714.926
50289,20035337,2/14/2020 1:10:00 PM,2020,2,14,13,10,0,Friday,539014.5064,4811254.499,-80.517788,43.453188,Non intersection,2,P.D. only,Thru lane,unknown,unknown,Rear end,Unknown,Daylight,01 - Daylight,Regional municipality,No control,unknown,0,0,0,FALSE,FALSE,FALSE,Clear,,TRUE,Road 1: 690 BELMONT LANE E (IFO CROSSWALK); Vehicle #1     Make: TOYO     Model: YAR     Colour: RED     Style: 2W; Vehicle #2     Make: TOYT     Model: VEN     Colour: BRN     Style: TY,5/3/2021 10:38:21 AM,539014.5064,4811254.499
50290,20036627,2/16/2020 2:50:00 PM,2020,2,16,14,50,0,Sunday,544560.1925,4811740.76,-80.449208,43.457256,Intersection related,2,P.D. only,Left turn lane,unknown,unknown,Sideswipe,Unknown,Daylight,01 - Daylight,Regional municipality,Traffic signal,unknown,0,0,0,FALSE,FALSE,FALSE,Clear,,TRUE,Road 1: RIVER RD E; Road 2: LORRAINE AVE; Vehicle #1     Make: TOYT     Model: CBA     Colour: BRN     Style: 4D; Vehicle #2     Make: CHEV     Model: MZ     Colour: GRY     Style: 4D,5/3/2021 10:39:42 AM,544560.1925,4811740.76
50291,20037352,2/17/2020 1:30:00 PM,2020,2,17,13,30,0,Monday,545994.8632,4812032.017,-80.43145,43.459792,Non intersection,2,Non-reportable,Thru lane,unknown,unknown,SMV unattended vehicle,Unknown,Daylight,01 - Daylight,Municipal (excl. Twp. Rd.),No control,unknown,0,0,0,FALSE,FALSE,FALSE,Clear,,TRUE,Road 1: 70 BREMBEL ST; Vehicle #1     Make:      Model:      Colour:      Style: ; Vehicle #2     Make: LNDR     Model: RVE     Colour: BLU     Style: TY,5/3/2021 10:38:47 AM,545994.8632,4812032.017
50292,20037964,2/16/2020 11:00:00 AM,2020,2,16,11,0,0,Sunday,545596.0129,4809162.262,-80.43662,43.433977,Non intersection,2,P.D. only,Not on roadway - left side,unknown,unknown,SMV unattended vehicle,Unknown,Daylight,01 - Daylight,Municipal (excl. Twp. Rd.),No control,unknown,0,0,0,FALSE,FALSE,FALSE,Clear,,TRUE,Road 1: 165 KRAFT AVE; Vehicle #1     Make:      Model:      Colour:      Style: ; Vehicle #2     Make: GMC     Model: CJM     Colour: BLK     Style: TY,5/3/2021 10:38:21 AM,545596.0129,4809162.262
50293,20037988,2/18/2020 8:00:00 AM,2020,2,18,8,0,0,Tuesday,542074.9602,4816168.327,-80.479583,43.497266,At/near private drive,2,P.D. only,Thru lane,unknown,unknown,SMV unattended vehicle,Unknown,Daylight,01 - Daylight,Municipal (excl. Twp. Rd.),No control,unknown,1,0,0,FALSE,FALSE,FALSE,Clear,,FALSE,Road 1: 48 REDTAIL ST (50 km/h); Road 2: REDTAIL ST; Distance: 12.0 M S; Vehicle #1     Make: MAZD     Model: M6     Colour: GRY     Style: 4D; Vehicle #2     Make: FORD     Model: TST     Colour: WHI     Style: FV,5/3/2021 10:41:08 AM,542074.9602,4816168.327
50294,20038235,2/17/2020 4:00:00 PM,2020,2,17,16,0,0,Monday,538772.6602,4806900.938,-80.521087,43.414,At/near private drive,2,Non-reportable,Thru lane,unknown,unknown,SMV unattended vehicle,Unknown,Daylight,01 - Daylight,Municipal (excl. Twp. Rd.),No control,unknown,0,0,0,FALSE,FALSE,FALSE,Clear,,TRUE,Road 1: WINDFLOWER CRESCENT (IFO 714); Road 2: WINDFLOWER DR; Vehicle #1     Make: TOYT     Model: MTL     Colour: GRY     Style: 4D; Vehicle #2     Make: CHRY     Model: C30     Colour:      Style:,5/3/2021 10:41:20 AM,538772.6602,4806900.938
50295,20038265,2/17/2020 10:00:00 AM,2020,2,17,10,0,0,Monday,540994.9095,4807504.218,-80.493593,43.419314,Non intersection,2,Non-reportable,Not on roadway - right side,unknown,unknown,SMV unattended vehicle,Unknown,Daylight,01 - Daylight,Municipal (excl. Twp. Rd.),No control,unknown,0,0,0,FALSE,FALSE,FALSE,Clear,,TRUE,Road 1: 106 SHEA CRESCENT; Vehicle #1     Make:      Model:      Colour:      Style: ; Vehicle #2     Make: TOYT     Model: CBS     Colour: RED     Style: 4D,5/3/2021 10:37:46 AM,540994.9095,4807504.218
50296,20038590,2/19/2020 8:20:00 AM,2020,2,19,8,20,0,Wednesday,547805.8929,4804425.09,-80.409731,43.391186,Non intersection,2,P.D. only,Right turn lane,unknown,unknown,Rear end,Unknown,Daylight,01 - Daylight,Regional municipality,No control,unknown,0,0,0,FALSE,FALSE,FALSE,Clear,,TRUE,Road 1: DOON VALLEY DR; Road 2: CONESTOGA COLLEGE; Vehicle #1     Make:      Model:      Colour:      Style: ; Vehicle #2     Make: MERZ     Model: ML3     Colour: BLU     Style: TY,5/3/2021 10:38:39 AM,547805.8929,4804425.09
50297,20038659,2/18/2020 10:10:00 AM,2020,2,18,10,10,0,Tuesday,542562.1844,4812551.113,-80.47384,43.464669,Intersection related,2,Non-reportable,Thru lane,unknown,unknown,Angle,Unknown,Daylight,01 - Daylight,Regional municipality,Stop sign,Functioning,0,0,0,FALSE,FALSE,FALSE,Clear,,TRUE,Road 1: WELLINGTON ST N; Road 2: HIGHWAY 85; Vehicle #1     Make: KENW     Model: CON     Colour:      Style: ; Vehicle #2     Make: FORD     Model: DRW     Colour: WHI     Style: CT,5/3/2021 10:39:38 AM,542562.1844,4812551.113
50298,20038664,2/18/2020 1:30:00 PM,2020,2,18,13,30,0,Tuesday,545147.7126,4807182.699,-80.442323,43.416181,Non intersection,2,P.D. only,Thru lane,unknown,unknown,Sideswipe,Unknown,Daylight,01 - Daylight,Municipal (excl. Twp. Rd.),No control,unknown,0,0,0,FALSE,FALSE,FALSE,Clear,,TRUE,Road 1: WILSON AVE; Road 2: GOODRICH DR; Vehicle #1     Make: HOND     Model: PIL     Colour: GRY     Style: TY; Vehicle #2     Make: TOYT     Model: HV4     Colour: BLU     Style: TY,5/3/2021 10:38:03 AM,545147.7126,4807182.699
50299,20038739,2/18/2020 10:30:00 AM,2020,2,18,10,30,0,Tuesday,546437.3268,4811246.064,-80.426048,43.452688,Non intersection,1,Non-fatal injury,Right shoulder,unknown,unknown,SMV other,Unknown,Daylight,01 - Daylight,Municipal (excl. Twp. Rd.),No control,unknown,0,0,0,TRUE,FALSE,FALSE,Snow,,FALSE,Road 1: 184 GRAY ST (50 km/h); Road 2: GRAY ST; Distance: 2.0 M S; Vehicle #1     Make: TOYT     Model: VEN     Colour: GRY     Style: TY,5/3/2021 10:37:21 AM,546437.3268,4811246.064