OBJECTID,ACCIDENTNUM,ACCIDENTDATE,ACCIDENT_YEAR,ACCIDENT_MONTH,ACCIDENT_DAY,ACCIDENT_HOUR,ACCIDENT_MINUTE,ACCIDENT_SECOND,ACCIDENT_WEEKDAY,XCOORD,YCOORD,LONGITUDE,LATITUDE,ACCIDENTLOCATION,COLLISIONTYPE,CLASSIFICATIONOFACCIDENT,IMPACTLOCATION,INITIALDIRECTIONOFTRAVELONE,INITIALDIRECTIONOFTRAVELTWO,INITIALIMPACTTYPE,INTTRAFFICCONTROL,LIGHT,LIGHTFORREPORT,ROADJURISDICTION,TRAFFICCONTROL,TRAFFICCONTROLCONDITION,THRULANENO,NORTHBOUNDDISOBEYCOUNT,SOUTHBOUNDDISOBEYCOUNT,PEDESTRIANINVOLVED,CYCLISTINVOLVED,MOTORCYCLISTINVOLVED,ENVIRONMENTCONDITION1,ENVIRONMENTCONDITION2,SELFREPORTED,XMLIMPORTNOTES,LASTEDITEDDATE,x,y
50300,20038942,2/19/2020 3:30:00 PM,2020,2,19,15,30,0,Wednesday,545295.5341,4808174.198,-80.440415,43.425099,Other,1,Non-fatal injury,Thru lane,unknown,unknown,SMV other,Unknown,Daylight,01 - Daylight,Municipal (excl. Twp. Rd.),No control,unknown,1,0,0,TRUE,FALSE,FALSE,Clear,,FALSE,Road 1: 2960 KINGSWAY DR (50 km/h); Road 2: KINGSWAY DR; Distance: 1.0 M N; Vehicle #1     Make:      Model:      Colour:      Style: SUV,5/3/2021 10:41:56 AM,545295.5341,4808174.198
50301,20039100,2/19/2020 5:30:00 PM,2020,2,19,17,30,0,Wednesday,538587.6904,4808551.557,-80.523255,43.428872,At/near private drive,2,P.D. only,Thru lane,unknown,unknown,Angle,Unknown,Dusk,05 - Dusk,Regional municipality,No control,unknown,0,0,0,FALSE,FALSE,FALSE,Clear,,TRUE,Road 1: 1526 QUEEN'S BLVD (IFO 1526 QUEENS BLVD); Road 2: FISCHER-HALLMAN RD; Vehicle #1     Make: DODG     Model: CAR     Colour: BLK     Style: VN; Vehicle #2     Make: JEEP     Model: WRA     Colour: SIL     Style: TY,5/3/2021 10:41:36 AM,538587.6904,4808551.557
50302,20039362,2/20/2020 7:45:00 AM,2020,2,20,7,45,0,Thursday,542658.76,4811832.522,-80.472702,43.458193,At/near private drive,2,P.D. only,Thru lane,unknown,unknown,Rear end,Unknown,Daylight,01 - Daylight,Regional municipality,No control,unknown,0,0,0,FALSE,FALSE,FALSE,Clear,,TRUE,Road 1: EDNA ST (IFO TIM HORTONS); Road 2: FREDRICK ST; Vehicle #1     Make: CHEV     Model: CZT     Colour: BLK     Style: 4D; Vehicle #2     Make: CHEV     Model: IMT     Colour: WHI     Style: 4D,5/3/2021 10:41:40 AM,542658.76,4811832.523
50303,20039626,2/20/2020 1:45:00 PM,2020,2,20,13,45,0,Thursday,540293.5921,4811982.008,-80.501926,43.459671,At/near private drive,2,P.D. only,Thru lane,unknown,unknown,SMV unattended vehicle,Unknown,Daylight,01 - Daylight,Municipal (excl. Twp. Rd.),No control,unknown,0,0,0,FALSE,FALSE,FALSE,Clear,,TRUE,Road 1: 532 DUKE ST W; Vehicle #1     Make:      Model:      Colour:      Style: ; Vehicle #2     Make: CHEV     Model: ML2     Colour: GRY     Style: 4D,5/3/2021 10:41:41 AM,540293.5921,4811982.008
50304,20039718,2/20/2020 2:37:00 PM,2020,2,20,14,37,0,Thursday,541684.8097,4814659.862,-80.484525,43.483706,At/near private drive,2,Non-reportable,Thru lane,unknown,unknown,Other,Unknown,Daylight,01 - Daylight,Municipal (excl. Twp. Rd.),No control,unknown,0,0,0,FALSE,FALSE,FALSE,Clear,,TRUE,Road 1: WOOLWICH ST (IFO 50); Road 2: HILLCREST LN; Vehicle #1     Make:      Model:      Colour:      Style: ; Vehicle #2     Make: CHEV     Model: SIL     Colour: BLK     Style: PK,5/3/2021 10:41:20 AM,541684.8097,4814659.862
50305,20039830,2/20/2020 4:30:00 PM,2020,2,20,16,30,0,Thursday,544824.0297,4804822.987,-80.446514,43.394953,At/near private drive,2,P.D. only,Thru lane,unknown,unknown,Turning movement,Unknown,Daylight,01 - Daylight,Municipal (excl. Twp. Rd.),No control,unknown,0,0,0,FALSE,FALSE,FALSE,Clear,,TRUE,Road 1: 479 PIONEER DR; Vehicle #1     Make: FORD     Model: EPR     Colour: BLK     Style: TY; Vehicle #2     Make: VOLK     Model: GLF     Colour: GRY     Style: 4B,5/3/2021 10:41:40 AM,544824.0297,4804822.987
50306,20040417,2/21/2020 8:15:00 AM,2020,2,21,8,15,0,Friday,543534.4191,4804406.528,-80.462471,43.391279,Intersection related,2,P.D. only,Thru lane,unknown,unknown,Other,Unknown,Daylight,01 - Daylight,Municipal (excl. Twp. Rd.),Stop sign,Functioning,0,0,0,FALSE,FALSE,FALSE,Clear,,TRUE,Road 1: MARL MEADOW DR; Road 2: TEMPLEWOOD DR; Vehicle #1     Make: HOND     Model: UAX     Colour: BLK     Style: 2D; Vehicle #2     Make:      Model:      Colour:      Style:,5/3/2021 10:39:53 AM,543534.4191,4804406.528
50307,20040486,2/21/2020 8:00:00 AM,2020,2,21,8,0,0,Friday,540485.2232,4809641.599,-80.499731,43.438587,Non intersection,2,Non-reportable,Thru lane,unknown,unknown,SMV unattended vehicle,Unknown,Daylight,01 - Daylight,Municipal (excl. Twp. Rd.),No control,unknown,0,0,0,FALSE,FALSE,FALSE,Clear,,TRUE,Road 1: REX DR; Road 2: QUEEN'S BLVD; Vehicle #1     Make:      Model:      Colour:      Style: ; Vehicle #2     Make: HYUN     Model: EGM     Colour: RED     Style: 4D,5/3/2021 10:37:10 AM,540485.2232,4809641.599
50308,20040528,2/20/2020 5:00:00 PM,2020,2,20,17,0,0,Thursday,544744.2609,4810004.421,-80.447075,43.441612,Intersection related,2,Non-reportable,Thru lane,unknown,unknown,Other,Stop sign,Daylight,01 - Daylight,Regional municipality,Stop sign,Functioning,0,0,0,FALSE,FALSE,FALSE,Clear,,TRUE,Road 1: KENNETH AVE; Road 2: FRANKLIN ST N; Vehicle #1     Make: HOND     Model: UAX     Colour: WHI     Style: 4D; Vehicle #2     Make: TOYT     Model: CBS     Colour: BLU     Style: 4D,5/3/2021 10:39:14 AM,544744.2609,4810004.422
50309,20040531,2/21/2020 2:00:00 PM,2020,2,21,14,0,0,Friday,543337.2306,4812475.566,-80.464265,43.463944,Non intersection,2,P.D. only,Thru lane,unknown,unknown,Angle,Unknown,Daylight,01 - Daylight,Regional municipality,No control,unknown,0,0,0,FALSE,FALSE,FALSE,Clear,,TRUE,Road 1: RIVER RD E; Road 2: VICTORIA ST N; Vehicle #1     Make: SUZI     Model: GVT     Colour: SIL     Style: TY; Vehicle #2     Make: LEXS     Model: C2H     Colour: WHI     Style: 4B,5/3/2021 10:38:31 AM,543337.2306,4812475.566
50310,20040542,2/21/2020 5:15:00 PM,2020,2,21,17,15,0,Friday,543303.7847,4812518.938,-80.464675,43.464337,At/near private drive,2,P.D. only,Thru lane,unknown,unknown,Angle,Unknown,Dusk,05 - Dusk,Regional municipality,No control,unknown,0,0,0,FALSE,FALSE,FALSE,Clear,,TRUE,Road 1: VICTORIA ST N; Road 2: RIVER RD E; Vehicle #1     Make: GMC     Model: SIE     Colour: GRY     Style: PK; Vehicle #2     Make: NISS     Model: MSV     Colour: GRY     Style: 4D,8/16/2022 3:03:45 PM,543303.7847,4812518.938
50311,20040905,2/22/2020 4:55:00 AM,2020,2,22,4,55,0,Saturday,538166.3569,4809837.398,-80.52837,43.440472,Non intersection,2,P.D. only,Off highway,unknown,unknown,SMV other,Unknown,Dark,07 - Dark,Municipal (excl. Twp. Rd.),No control,unknown,0,0,0,FALSE,FALSE,FALSE,Clear,,FALSE,Road 1: DALEGROVE DR (50 km/h); Road 2: HAZELGLEN DR; Distance: 50.0 M E; Vehicle #1     Make: HOND     Model: PEC     Colour: SIL     Style: 2D,5/3/2021 10:37:28 AM,538166.3569,4809837.398
50312,20040923,2/22/2020 6:09:00 AM,2020,2,22,6,9,0,Saturday,538752.5308,4807790.379,-80.521272,43.42201,At/near private drive,2,P.D. only,Thru lane,unknown,unknown,SMV other,Unknown,Dark,07 - Dark,Municipal (excl. Twp. Rd.),No control,unknown,1,0,0,FALSE,FALSE,FALSE,Clear,,FALSE,Road 1: 59  MCGARRY DR (40 km/h); Road 2: MCGARRY DR; Distance: 1.0 M N; Vehicle #1     Make: HYUN     Model: ESM     Colour: BLK     Style: 4D,5/3/2021 10:41:09 AM,538752.5308,4807790.379
50313,20041133,2/22/2020 9:05:00 AM,2020,2,22,9,5,0,Saturday,546157.1226,4811194.234,-80.429515,43.452239,At/near private drive,2,P.D. only,Thru lane,unknown,unknown,Other,Unknown,Daylight,01 - Daylight,Municipal (excl. Twp. Rd.),No control,unknown,0,0,0,FALSE,FALSE,FALSE,Clear,,TRUE,Road 1: 30 BURNT EMBER COURT; Vehicle #1     Make: SUBA     Model: CRO     Colour: WHI     Style: TY; Vehicle #2     Make: HOND     Model: CRV     Colour: SIL     Style: TY,5/3/2021 10:41:43 AM,546157.1226,4811194.234
50314,20041151,2/22/2020 12:05:00 PM,2020,2,22,12,5,0,Saturday,538917.405,4806955.435,-80.519295,43.414484,At/near private drive,2,P.D. only,Not on roadway - right side,unknown,unknown,SMV other,Unknown,Daylight,01 - Daylight,Municipal (excl. Twp. Rd.),No control,unknown,0,0,0,FALSE,FALSE,FALSE,Clear,,FALSE,Road 1: 60 MILFOIL CRES (50 km/h); Road 2: MILFOIL CRES; Distance: 1.0 K E; Vehicle #1     Make: INTR     Model: MA0     Colour: YEL     Style: CT,5/3/2021 10:41:09 AM,538917.405,4806955.435
50315,20041226,2/22/2020 2:30:00 PM,2020,2,22,14,30,0,Saturday,542141.4014,4810396.98,-80.479208,43.445297,Non intersection,2,P.D. only,Thru lane,unknown,unknown,Sideswipe,Unknown,Daylight,01 - Daylight,Regional municipality,No control,unknown,0,0,0,FALSE,FALSE,FALSE,Clear,,TRUE,Road 1: KING ST E; Road 2: BETZNER AVE N; Vehicle #1     Make: FORD     Model: EDG     Colour: GRN     Style: TY; Vehicle #2     Make: HOND     Model: CCL     Colour: WHI     Style: 4D,5/3/2021 10:38:08 AM,542141.4014,4810396.98
50316,20041263,2/22/2020 3:30:00 PM,2020,2,22,15,30,0,Saturday,541856.5002,4810582.408,-80.482715,43.446983,Non intersection,2,P.D. only,Thru lane,unknown,unknown,Sideswipe,Unknown,Daylight,01 - Daylight,Regional municipality,No control,unknown,0,0,0,FALSE,FALSE,FALSE,Clear,,TRUE,Road 1: KING ST E; Road 2: MADISON AVE S; Vehicle #1     Make: RAM     Model: RTR     Colour: WHI     Style: PK; Vehicle #2     Make: TOYT     Model: PRV     Colour: BLU     Style: SW,5/3/2021 10:38:33 AM,541856.5002,4810582.408
50317,20041305,2/22/2020 4:38:00 PM,2020,2,22,16,38,0,Saturday,541343.4489,4809064.459,-80.48917,43.433344,At intersection,1,Non-fatal injury,Within intersection,unknown,unknown,Angle,Unknown,Daylight,01 - Daylight,Regional municipality,Stop sign,Functioning,0,0,0,FALSE,FALSE,FALSE,Clear,,FALSE,Road 1: HEIMAN ST (50 km/h); Road 2: HIGHLAND RD E (50 km/h); Vehicle #1     Make: TOYT     Model: MTL     Colour: WHI     Style: 4D; Vehicle #2     Make: HYUN     Model: ESM     Colour: WHI     Style: 4D,5/3/2021 10:40:19 AM,541343.4489,4809064.459
50318,20041333,2/14/2020 11:15:00 PM,2020,2,14,23,15,0,Friday,540345.1085,4811565.642,-80.50132,43.455919,Non intersection,2,Non-reportable,Thru lane,unknown,unknown,SMV unattended vehicle,Unknown,Dark,07 - Dark,Regional municipality,No control,unknown,0,0,0,FALSE,FALSE,FALSE,Clear,,TRUE,Road 1: 66 LOUISA ST; Vehicle #1     Make:      Model:      Colour:      Style: ; Vehicle #2     Make: TOYT     Model: CXL     Colour: GRY     Style: 4D,5/3/2021 10:39:05 AM,540345.1085,4811565.642
50319,20041545,2/22/2020 10:00:00 PM,2020,2,22,22,0,0,Saturday,543234.8878,4811371.784,-80.465618,43.454012,At/near private drive,2,Non-reportable,Thru lane,unknown,unknown,SMV unattended vehicle,Unknown,Dark,07 - Dark,Municipal (excl. Twp. Rd.),No control,unknown,0,0,0,FALSE,FALSE,FALSE,Clear,,TRUE,Road 1: 16 SHERWOOD AVE; Vehicle #1     Make: DODG     Model: DAKO     Colour: WHI     Style: PK; Vehicle #2     Make: TOYT     Model: RV4     Colour: GRY     Style: TY,5/3/2021 10:40:58 AM,543234.8878,4811371.784
50320,20042672,2/24/2020 10:40:00 AM,2020,2,24,10,40,0,Monday,541412.8182,4809233.661,-80.4883,43.434863,Non intersection,2,P.D. only,Thru lane,unknown,unknown,SMV other,Unknown,Daylight,01 - Daylight,Municipal (excl. Twp. Rd.),No control,unknown,0,0,0,FALSE,FALSE,FALSE,Clear,,TRUE,Road 1: 150 CHARLES BEST PLACE  KITCHENER; Vehicle #1     Make: HOND     Model: CXG     Colour: BLU     Style: 4D,4/27/2022 10:39:05 AM,541412.8182,4809233.661
50321,20042885,2/24/2020 9:00:00 AM,2020,2,24,9,0,0,Monday,538737.4717,4810943.249,-80.521235,43.4504,At/near private drive,2,P.D. only,Thru lane,unknown,unknown,Sideswipe,Unknown,Daylight,01 - Daylight,Municipal (excl. Twp. Rd.),No control,unknown,0,0,0,FALSE,FALSE,FALSE,Clear,,TRUE,Road 1: GLASGOW ST; Road 2: DUNBAR RD; Vehicle #1     Make: FRHT     Model: FM2     Colour: WHI     Style: CT; Vehicle #2     Make: MITS     Model: OUT     Colour: BRN     Style: TY,5/3/2021 10:41:47 AM,538737.4717,4810943.249
50322,20042973,2/23/2020 2:30:00 AM,2020,2,23,2,30,0,Sunday,544879.3751,4811442.974,-80.445287,43.454556,At/near private drive,2,P.D. only,Thru lane,unknown,unknown,SMV unattended vehicle,Unknown,Dark,07 - Dark,Municipal (excl. Twp. Rd.),No control,unknown,0,0,0,FALSE,FALSE,FALSE,Snow,,TRUE,Road 1: 35 BRECKENRIDGE DR; Vehicle #1     Make: CHEV     Model: SIL     Colour: SIL     Style: CW; Vehicle #2     Make: TOYT     Model: RG4     Colour: BLK     Style: TY,5/3/2021 10:41:48 AM,544879.3751,4811442.974
50323,20043080,2/24/2020 7:50:00 AM,2020,2,24,7,50,0,Monday,541448.3847,4808718.533,-80.4879,43.430223,At/near private drive,2,Non-reportable,Thru lane,unknown,unknown,Rear end,Unknown,Daylight,01 - Daylight,Regional municipality,No control,unknown,0,0,0,FALSE,FALSE,FALSE,Clear,,TRUE,Road 1: HOFFMAN ST; Road 2: HIGHLAND RD E SOUTHDALE KITCHENER; Vehicle #1     Make:      Model:      Colour:      Style: ; Vehicle #2     Make: MAZD     Model: 3SP     Colour: WHI     Style: 4D,5/3/2021 10:40:58 AM,541448.3847,4808718.533
50324,20043525,2/6/2020 5:40:00 PM,2020,2,6,17,40,0,Thursday,545432.0301,4808343.227,-80.438714,43.426613,At intersection,2,Non-reportable,Right turn lane,unknown,unknown,Rear end,Unknown,Dark,07 - Dark,Municipal (excl. Twp. Rd.),Stop sign,Functioning,0,0,0,FALSE,FALSE,FALSE,Clear,,TRUE,Road 1: CEDARWOODS CRESCENT; Road 2: KINGSWAY DR; Vehicle #1     Make:      Model:      Colour:      Style: ; Vehicle #2     Make: NISS     Model: MUR     Colour: SIL     Style: TY,5/3/2021 10:40:11 AM,545432.0301,4808343.227
50325,20044467,2/26/2020 2:10:00 PM,2020,2,26,14,10,0,Wednesday,542058.2427,4813071.948,-80.480029,43.469387,At/near private drive,2,P.D. only,Left shoulder,unknown,unknown,SMV other,Unknown,Daylight,01 - Daylight,Municipal (excl. Twp. Rd.),No control,unknown,0,0,0,FALSE,FALSE,FALSE,Snow,,FALSE,Road 1: 237 ARNOLD ST (50 km/h); Road 2: ARNOLD ST; Distance: 5.0 M E; Vehicle #1     Make: NISS     Model: SL2     Colour: WHI     Style: 4D,5/3/2021 10:41:06 AM,542058.2427,4813071.948
50326,20044522,2/26/2020 3:30:00 PM,2020,2,26,15,30,0,Wednesday,548241.8098,4804556.513,-80.404337,43.392342,Non intersection,2,P.D. only,Thru lane,unknown,unknown,Angle,Unknown,Daylight,01 - Daylight,Municipal (excl. Twp. Rd.),No control,unknown,0,0,0,FALSE,FALSE,FALSE,Snow,,TRUE,Road 1: 299 DOON VALLEY DR; Vehicle #1     Make: CHEV     Model: S1L     Colour: WHI     Style: 4B; Vehicle #2     Make:      Model:      Colour:      Style:,5/3/2021 10:38:49 AM,548241.8098,4804556.513
50327,20044585,2/26/2020 9:35:00 AM,2020,2,26,9,35,0,Wednesday,547053.9306,4808098.176,-80.418699,43.424306,At intersection,2,Non-reportable,Thru lane,unknown,unknown,Angle,Unknown,Daylight,01 - Daylight,Regional municipality,Stop sign,Functioning,0,0,0,FALSE,FALSE,FALSE,Snow,,TRUE,Road 1: RIVER RD E; Road 2: WOODVIEW CRESCENT; Vehicle #1     Make: TOYT     Model: UCS     Colour: GRY     Style: 4D; Vehicle #2     Make: TOYT     Model: SXB     Colour: BLK     Style: TY,5/3/2021 10:40:20 AM,547053.9306,4808098.176
50328,20044813,2/26/2020 8:50:00 PM,2020,2,26,20,50,0,Wednesday,536307.704,4807716.956,-80.551479,43.421471,At/near private drive,2,P.D. only,Right shoulder,unknown,unknown,SMV unattended vehicle,Unknown,"Dark, artificial","08 - Dark, artificial",Municipal (excl. Twp. Rd.),No control,unknown,0,0,0,FALSE,FALSE,FALSE,Snow,,FALSE,Road 1: 92 NEWBURY DR (50 km/h); Road 2: NEWBURY DR; Distance: 0.0 M S; Vehicle #1     Make: HOND     Model: UCL     Colour: BLK     Style: 4D; Vehicle #2     Make: HOND     Model: CIV     Colour: BLU     Style: 4D,5/3/2021 10:41:08 AM,536307.704,4807716.956
50329,20044860,2/26/2020 10:05:00 PM,2020,2,26,22,5,0,Wednesday,540059.971,4810228.398,-80.504942,43.443893,Non intersection,2,P.D. only,Thru lane,unknown,unknown,Rear end,Unknown,"Dark, artificial","08 - Dark, artificial",Municipal (excl. Twp. Rd.),No control,unknown,1,0,0,FALSE,FALSE,FALSE,Snow,,FALSE,Road 1: 128 WEST AVE (50 km/h); Road 2: WEST AVE; Distance: 5.0 M S; Vehicle #1     Make: NISS     Model: SL2     Colour: GRY     Style: 4D; Vehicle #2     Make: HYUN     Model: ESM     Colour: BLK     Style: 4D,5/3/2021 10:37:37 AM,540059.971,4810228.398
50330,20044862,2/26/2020 1:45:00 PM,2020,2,26,13,45,0,Wednesday,543045.8917,4809760.801,-80.468081,43.439518,Intersection related,2,Non-reportable,Thru lane,unknown,unknown,Angle,Unknown,Unknown,00 - Unknown,Regional municipality,unknown,Functioning,0,0,0,FALSE,FALSE,FALSE,Snow,,TRUE,Road 1: DELTA ST; Road 2: CHARLES ST E KITCHENER; Vehicle #1     Make:      Model:      Colour:      Style: ; Vehicle #2     Make: GMC     Model: SAV     Colour: WHI     Style: FV,8/16/2022 2:55:11 PM,543045.8917,4809760.801
50331,20044899,2/26/2020 10:15:00 PM,2020,2,26,22,15,0,Wednesday,537331.8602,4806743.806,-80.538894,43.412659,Non intersection,2,P.D. only,Thru lane,unknown,unknown,SMV unattended vehicle,Unknown,Dark,07 - Dark,Municipal (excl. Twp. Rd.),No control,unknown,0,0,0,FALSE,FALSE,FALSE,Snow,,TRUE,Road 1: DRIFTWOOD DR (IFO 278); Vehicle #1     Make:      Model:      Colour:      Style: ; Vehicle #2     Make: HYUN     Model: SAN     Colour: WHI     Style: TY,5/3/2021 10:38:55 AM,537331.8602,4806743.806
50332,20045147,2/26/2020 4:40:00 PM,2020,2,26,16,40,0,Wednesday,546618.2133,4810937.665,-80.423839,43.4499,Intersection related,2,P.D. only,Thru lane,unknown,unknown,Rear end,Unknown,Daylight,01 - Daylight,Regional municipality,Traffic signal,Functioning,0,0,0,FALSE,FALSE,FALSE,Snow,,TRUE,Road 1: OLDFIELD DR; Road 2: LACKNER BLVD; Vehicle #1     Make: FORD     Model: SRW     Colour: WHI     Style: PK; Vehicle #2     Make: LEXS     Model: RX5     Colour: BLK     Style: TY,5/3/2021 10:39:55 AM,546618.2133,4810937.665
50333,20045187,2/27/2020 10:31:00 AM,2020,2,27,10,31,0,Thursday,542485.008,4812893.152,-80.474767,43.467753,Non intersection,2,P.D. only,Not on roadway - right side,unknown,unknown,SMV other,Unknown,Daylight,01 - Daylight,Municipal (excl. Twp. Rd.),No control,unknown,0,0,0,FALSE,FALSE,FALSE,Snow,,FALSE,Road 1: SPRING VALLEY RD (50 km/h); Road 2: GUELPH ST; Distance: 30.0 M E; Vehicle #1     Make: KW     Model: CON     Colour: GRN     Style: CT,5/3/2021 10:37:03 AM,542485.008,4812893.152
50334,20045889,2/28/2020 8:15:00 AM,2020,2,28,8,15,0,Friday,544598.2907,4808134.661,-80.449031,43.424785,Intersection related,2,P.D. only,Thru lane,unknown,unknown,Approaching,Unknown,Daylight,01 - Daylight,Municipal (excl. Twp. Rd.),Stop sign,unknown,0,0,0,FALSE,FALSE,FALSE,Snow,,TRUE,Road 1: WILSON AVE; Road 2: WOODHAVEN RD; Vehicle #1     Make: TOYT     Model: SIE     Colour: GRY     Style: VN; Vehicle #2     Make:      Model:      Colour:      Style:,5/3/2021 10:39:39 AM,544598.2907,4808134.661
50335,20045898,2/27/2020 8:10:00 AM,2020,2,27,8,10,0,Thursday,540277.2,4808533.899,-80.502383,43.428624,Intersection related,2,P.D. only,Thru lane,unknown,unknown,Rear end,Unknown,Daylight,01 - Daylight,Municipal (excl. Twp. Rd.),Stop sign,unknown,0,0,0,FALSE,FALSE,FALSE,Clear,,TRUE,Road 1: GREENBROOK DR; Road 2: VILLAGE RD; Vehicle #1     Make: CHEV     Model: SNT     Colour: WHI     Style: 4W; Vehicle #2     Make: TOYT     Model: CHB     Colour: GRN     Style: 4D,5/3/2021 10:39:56 AM,540277.2,4808533.899
50336,20045952,2/28/2020 9:35:00 AM,2020,2,28,9,35,0,Friday,540807.5967,4810880.354,-80.495655,43.449723,Intersection related,2,P.D. only,Within intersection,unknown,unknown,Rear end,Unknown,Daylight,01 - Daylight,Municipal (excl. Twp. Rd.),Traffic signal,Functioning,0,0,0,FALSE,FALSE,FALSE,Strong wind,,TRUE,Road 1: JOSEPH ST; Road 2: WATER ST S; Vehicle #1     Make: NISS     Model: LVL     Colour: BLU     Style: 4B; Vehicle #2     Make: HOND     Model: UCL     Colour: BLK     Style: 4D,5/3/2021 10:40:01 AM,540807.5967,4810880.354
50337,20046029,2/28/2020 9:30:00 AM,2020,2,28,9,30,0,Friday,541697.6146,4811662.543,-80.484596,43.456717,At/near private drive,2,Non-reportable,Thru lane,unknown,unknown,SMV unattended vehicle,Unknown,Daylight,01 - Daylight,Municipal (excl. Twp. Rd.),No control,unknown,0,0,0,FALSE,FALSE,FALSE,Clear,,TRUE,Road 1: 14 SAINT LEGER ST; Vehicle #1     Make:      Model:      Colour:      Style: ; Vehicle #2     Make: RAM     Model: RTR     Colour: BLK     Style: CW,5/3/2021 10:41:04 AM,541697.6146,4811662.544
50338,20046092,2/28/2020 1:00:00 PM,2020,2,28,13,0,0,Friday,546364.0945,4809639.876,-80.42709,43.438231,Non intersection,2,Non-reportable,Thru lane,unknown,unknown,SMV unattended vehicle,Unknown,Daylight,01 - Daylight,Municipal (excl. Twp. Rd.),No control,unknown,0,0,0,FALSE,FALSE,FALSE,Snow,,TRUE,Road 1: 383 VERONICA DR; Vehicle #1     Make: WSTR     Model: WD1     Colour: WHI     Style: DP; Vehicle #2     Make: SUBA     Model: XVC     Colour: GRY     Style: TY,5/3/2021 10:37:07 AM,546364.0945,4809639.876
50339,20046253,2/27/2020 8:45:00 AM,2020,2,27,8,45,0,Thursday,539573.1327,4806252.634,-80.511247,43.408121,At intersection,2,P.D. only,Thru lane,unknown,unknown,Rear end,Unknown,Daylight,01 - Daylight,Municipal (excl. Twp. Rd.),Stop sign,Functioning,0,0,0,FALSE,FALSE,FALSE,Snow,,TRUE,Road 1: ACTIVA AVE; Road 2: COPPER LEAF ST; Vehicle #1     Make: TOYT     Model: CBA     Colour: GRY     Style: 4D; Vehicle #2     Make:      Model:      Colour:      Style:,5/3/2021 10:40:40 AM,539573.1327,4806252.634
50340,20046468,2/28/2020 4:50:00 PM,2020,2,28,16,50,0,Friday,537712.3745,4809766.342,-80.533985,43.439855,At/near private drive,2,Non-reportable,Thru lane,unknown,unknown,SMV unattended vehicle,Unknown,Daylight,01 - Daylight,Municipal (excl. Twp. Rd.),No control,unknown,0,0,0,FALSE,FALSE,FALSE,Clear,,TRUE,Road 1: 124 INGLESIDE DR; Vehicle #1     Make: NISS     Model: VNS     Colour: GRY     Style: 4B; Vehicle #2     Make: DODG     Model: CAR     Colour: WHI     Style: VN,5/3/2021 10:41:05 AM,537712.3745,4809766.342
50341,20046496,2/28/2020 10:05:00 PM,2020,2,28,22,5,0,Friday,539042.3672,4811195.604,-80.517448,43.452656,Intersection related,2,P.D. only,Within intersection,unknown,unknown,Sideswipe,Unknown,Dark,07 - Dark,Regional municipality,Stop sign,Functioning,0,0,0,FALSE,FALSE,FALSE,Snow,,FALSE,Road 1: BELMONT AVE W (50 km/h); Road 2: ROCK AVE (50 km/h); Vehicle #1     Make: MERZ     Model: C4A     Colour: GRY     Style: 4D; Vehicle #2     Make: HYUN     Model: SFT     Colour: BLK     Style: TY,5/3/2021 10:39:20 AM,539042.3672,4811195.604
50342,20046901,2/28/2020 4:00:00 PM,2020,2,28,16,0,0,Friday,541232.1675,4810949.423,-80.490402,43.450322,At intersection,2,P.D. only,Thru lane,unknown,unknown,Rear end,Unknown,Daylight,01 - Daylight,Regional municipality,Traffic signal,Functioning,0,0,0,FALSE,FALSE,FALSE,Clear,,TRUE,Road 1: ONTARIO ST N; Road 2: KING ST W; Vehicle #1     Make: SUBA     Model: OBK     Colour: GRY     Style: TY; Vehicle #2     Make: HOND     Model: ACC     Colour: BLU     Style: 4D,5/3/2021 10:40:42 AM,541232.1675,4810949.423
50343,20046904,2/26/2020 5:22:00 PM,2020,2,26,17,22,0,Wednesday,541273.1131,4809710.68,-80.48999,43.439166,Non intersection,2,P.D. only,Thru lane,unknown,unknown,Rear end,Unknown,Dusk,05 - Dusk,Municipal (excl. Twp. Rd.),No control,unknown,0,0,0,FALSE,FALSE,FALSE,Snow,,TRUE,Road 1: SPADINA RD E; Road 2: WENTWORTH AVE; Vehicle #1     Make: HOND     Model: ACC     Colour: GRY     Style: 4D; Vehicle #2     Make: PONT     Model: TOR     Colour: BLK     Style: TY,5/3/2021 10:38:04 AM,541273.1131,4809710.68
50344,20046931,2/26/2020 7:00:00 PM,2020,2,26,19,0,0,Wednesday,540755.2212,4806353.461,-80.49664,43.408966,At intersection,2,Non-reportable,Within intersection,unknown,unknown,Rear end,Unknown,Dark,07 - Dark,Municipal (excl. Twp. Rd.),unknown,Functioning,0,0,0,FALSE,FALSE,FALSE,Snow,,TRUE,Road 1: TILLSLEY DR; Road 2: ERINBROOK DR; Vehicle #1     Make: TOYT     Model: HIG     Colour: GRY     Style: TY; Vehicle #2     Make: PONT     Model: VIB     Colour: RED     Style: 4B,5/3/2021 10:40:15 AM,540755.2212,4806353.461