OBJECTID,ACCIDENTNUM,ACCIDENTDATE,ACCIDENT_YEAR,ACCIDENT_MONTH,ACCIDENT_DAY,ACCIDENT_HOUR,ACCIDENT_MINUTE,ACCIDENT_SECOND,ACCIDENT_WEEKDAY,XCOORD,YCOORD,LONGITUDE,LATITUDE,ACCIDENTLOCATION,COLLISIONTYPE,CLASSIFICATIONOFACCIDENT,IMPACTLOCATION,INITIALDIRECTIONOFTRAVELONE,INITIALDIRECTIONOFTRAVELTWO,INITIALIMPACTTYPE,INTTRAFFICCONTROL,LIGHT,LIGHTFORREPORT,ROADJURISDICTION,TRAFFICCONTROL,TRAFFICCONTROLCONDITION,THRULANENO,NORTHBOUNDDISOBEYCOUNT,SOUTHBOUNDDISOBEYCOUNT,PEDESTRIANINVOLVED,CYCLISTINVOLVED,MOTORCYCLISTINVOLVED,ENVIRONMENTCONDITION1,ENVIRONMENTCONDITION2,SELFREPORTED,XMLIMPORTNOTES,LASTEDITEDDATE,x,y
50389,20055068,3/10/2020 11:00:00 AM,2020,3,10,11,0,0,Tuesday,542618.371,4803856.377,-80.473824,43.386378,Non intersection,2,Non-reportable,Right shoulder,unknown,unknown,SMV unattended vehicle,Unknown,Daylight,01 - Daylight,Municipal (excl. Twp. Rd.),No control,unknown,0,0,0,FALSE,FALSE,FALSE,Clear,,TRUE,Road 1: 917 DUNBLANE COURT; Vehicle #1     Make:      Model:      Colour:      Style: ; Vehicle #2     Make: HOND     Model: FLS     Colour: GRN     Style: 4B,5/13/2021 11:24:09 AM,542618.371,4803856.377
50390,20055165,3/10/2020 3:30:00 PM,2020,3,10,15,30,0,Tuesday,541581.7008,4810750.151,-80.486098,43.448508,At intersection,2,Non-reportable,Thru lane,unknown,unknown,Sideswipe,Unknown,Daylight,01 - Daylight,Regional municipality,Traffic signal,Functioning,0,0,0,FALSE,FALSE,FALSE,Clear,,TRUE,Road 1: KING ST E; Road 2: SCOTT ST; Vehicle #1     Make:      Model:      Colour:      Style: ; Vehicle #2     Make: KIA     Model: RIO     Colour: WHI     Style: 4B,5/13/2021 11:34:27 AM,541581.7008,4810750.151
50391,20055197,3/8/2020 8:51:00 PM,2020,3,8,20,51,0,Sunday,544371.019,4809291.709,-80.451745,43.435216,At/near private drive,2,P.D. only,Thru lane,unknown,unknown,Sideswipe,Unknown,Dark,07 - Dark,Municipal (excl. Twp. Rd.),No control,unknown,0,0,0,FALSE,FALSE,FALSE,Clear,,TRUE,Road 1: 15 DELLROY AVE; Vehicle #1     Make: HOND     Model: UCL     Colour: SIL     Style: 4D; Vehicle #2     Make: FORD     Model: SPE     Colour: BRN     Style: TY,5/13/2021 11:24:42 AM,544371.019,4809291.709
50392,20055208,3/10/2020 9:30:00 AM,2020,3,10,9,30,0,Tuesday,546771.4222,4810135.739,-80.422014,43.44267,Non intersection,2,P.D. only,Thru lane,unknown,unknown,SMV other,Unknown,Daylight,01 - Daylight,Municipal (excl. Twp. Rd.),No control,unknown,0,0,0,FALSE,FALSE,FALSE,Rain,,TRUE,Road 1: 100 IDLE CREEK DR; Vehicle #1     Make: LEXS     Model: E3H     Colour: WHI     Style: 4D,5/13/2021 11:29:25 AM,546771.4222,4810135.739
50393,20055255,3/10/2020 5:15:00 PM,2020,3,10,17,15,0,Tuesday,542540.4439,4807314.483,-80.474517,43.41752,Non intersection,2,P.D. only,Thru lane,unknown,unknown,Rear end,Unknown,Daylight,01 - Daylight,Municipal (excl. Twp. Rd.),No control,unknown,0,0,0,FALSE,FALSE,FALSE,Clear,,TRUE,Road 1: BLOCK LINE RD; Road 2: COUNTRY HILL DR; Distance: 100.0 M W; Vehicle #1     Make: HYUN     Model: ESS     Colour: GRY     Style: 4D; Vehicle #2     Make: TOYT     Model: UCS     Colour: GRY     Style: 4D,5/13/2021 11:24:04 AM,542540.4439,4807314.483
50394,20055680,3/10/2020 7:30:00 AM,2020,3,10,7,30,0,Tuesday,546485.7432,4803625.903,-80.426098,43.384073,Non intersection,2,Non-reportable,Thru lane,unknown,unknown,Sideswipe,Unknown,Daylight,01 - Daylight,Regional municipality,No control,unknown,0,0,0,FALSE,FALSE,FALSE,Clear,,TRUE,Road 1: DOON S DR; Road 2: WINDING WOOD CRESCENT; Vehicle #1     Make: HOND     Model: USE     Colour: SIL     Style: 4D; Vehicle #2     Make: LNDR     Model: EQU     Colour: WHI     Style: TY,5/13/2021 11:35:22 AM,546485.7432,4803625.903
50395,20055714,3/10/2020 11:40:00 AM,2020,3,10,11,40,0,Tuesday,538663.6106,4808705.022,-80.522306,43.43025,At/near private drive,2,Non-reportable,Thru lane,unknown,unknown,Rear end,Unknown,Daylight,01 - Daylight,Municipal (excl. Twp. Rd.),No control,unknown,0,0,0,FALSE,FALSE,FALSE,Clear,,TRUE,Road 1: 305 OVERLEA DR; Vehicle #1     Make: HOND     Model: CRV     Colour: SIL     Style: 4B; Vehicle #2     Make: FORD     Model: TST     Colour: WHI     Style: FV,5/13/2021 11:24:07 AM,538663.6106,4808705.022
50396,20055788,3/5/2020 11:15:00 AM,2020,3,5,11,15,0,Thursday,543664.9361,4804888.897,-80.460821,43.395615,Intersection related,2,P.D. only,Thru lane,unknown,unknown,Rear end,Unknown,Daylight,01 - Daylight,Regional municipality,Stop sign,Functioning,0,0,0,FALSE,FALSE,FALSE,Clear,,TRUE,Road 1: OLD HURON RD; Road 2: HURON RD; Distance: 500.0 M E; Vehicle #1     Make: TOYT     Model: SIE     Colour: RED     Style: VN; Vehicle #2     Make: NISS     Model: NV2     Colour: WHI     Style: FV,5/13/2021 11:35:53 AM,543664.9361,4804888.897
50397,20055907,2/29/2020 10:30:00 PM,2020,2,29,22,30,0,Saturday,536692.7077,4807427.207,-80.546742,43.418844,Non intersection,2,P.D. only,Thru lane,unknown,unknown,Rear end,Unknown,Dark,07 - Dark,Municipal (excl. Twp. Rd.),No control,unknown,0,0,0,FALSE,FALSE,FALSE,Clear,,TRUE,Road 1: ROLLING MEADOWS DR; Road 2: TIMBERLANE CRESCENT; Distance: 50.0 M W; Vehicle #1     Make:      Model:      Colour:      Style: ; Vehicle #2     Make: HYUN     Model: ESM     Colour: RED     Style: 4D,5/3/2021 10:38:22 AM,536692.7077,4807427.208
50398,20056024,3/11/2020 3:41:00 PM,2020,3,11,15,41,0,Wednesday,544828.4854,4812400.605,-80.445837,43.463182,Non intersection,1,Non-fatal injury,Thru lane,unknown,unknown,Sideswipe,Unknown,Daylight,01 - Daylight,Municipal (excl. Twp. Rd.),No control,unknown,1,0,0,FALSE,FALSE,FALSE,Clear,,FALSE,Road 1: 35 HALIFAX DR (50 km/h); Road 2: HALIFAX DR; Distance: 5.0 M S; Vehicle #1     Make: HYUN     Model: TUC     Colour: SIL     Style: TY; Vehicle #2     Make: NISS     Model: MUR     Colour: BLK     Style: TY,5/3/2021 10:38:19 AM,544828.4854,4812400.605
50399,20056517,3/12/2020 9:15:00 AM,2020,3,12,9,15,0,Thursday,543923.4082,4805131.444,-80.45761,43.397784,Intersection related,2,P.D. only,Right turn lane,unknown,unknown,Rear end,Unknown,Daylight,01 - Daylight,Regional municipality,Stop sign,Functioning,0,0,0,FALSE,FALSE,FALSE,Clear,,TRUE,Road 1: HURON RD; Road 2: OLD HURON RD; Vehicle #1     Make: HOND     Model: FLX     Colour: WHI     Style: 4B; Vehicle #2     Make: HOND     Model: ULX     Colour: SIL     Style: 4D,5/3/2021 10:40:04 AM,543923.4082,4805131.444
50400,20057119,3/12/2020 9:12:00 PM,2020,3,12,21,12,0,Thursday,539629.41,4805865.473,-80.51058,43.404632,At intersection,1,Non-fatal injury,Within intersection,unknown,unknown,SMV other,Unknown,"Dark, artificial","08 - Dark, artificial",Municipal (excl. Twp. Rd.),Stop sign,Functioning,0,0,0,TRUE,FALSE,FALSE,Clear,,FALSE,Road 1: BRIDLEWREATH ST (50 km/h); Road 2: MAX BECKER DR (50 km/h); Vehicle #1     Make: TOYT     Model: RV4     Colour: WHI     Style: TY,5/3/2021 10:40:24 AM,539629.41,4805865.473
50401,20057634,3/12/2020 7:30:00 PM,2020,3,12,19,30,0,Thursday,538929.9075,4805991.772,-80.519209,43.405806,Non intersection,2,Non-reportable,Right shoulder,unknown,unknown,SMV unattended vehicle,Unknown,Dark,07 - Dark,Municipal (excl. Twp. Rd.),No control,unknown,0,0,0,FALSE,FALSE,FALSE,Clear,,TRUE,Road 1: PEACH BLOSSOM CRESCENT; Road 2: DAVID BERGEY DR; Vehicle #1     Make:      Model:      Colour:      Style: ; Vehicle #2     Make: NISS     Model: ROG     Colour: SIL     Style: TY,5/3/2021 10:37:12 AM,538929.9075,4805991.772
50402,20057648,3/13/2020 2:20:00 PM,2020,3,13,14,20,0,Friday,538278.0404,4806635.871,-80.527215,43.411639,Non intersection,2,P.D. only,Thru lane,unknown,unknown,SMV other,Unknown,Daylight,01 - Daylight,Municipal (excl. Twp. Rd.),No control,unknown,1,0,0,FALSE,FALSE,TRUE,Clear,,FALSE,Road 1: 46 DAHLIA ST (50 km/h); Road 2: DAHLIA ST; Distance: 16.0 M E; Vehicle #1     Make: YAMA     Model:      Colour:      Style:,5/3/2021 10:37:05 AM,538278.0404,4806635.871
50403,20057676,3/2/2020 5:00:00 PM,2020,3,2,17,0,0,Monday,540635.1739,4811462.86,-80.497742,43.454978,At/near private drive,2,P.D. only,Thru lane,unknown,unknown,SMV unattended vehicle,Unknown,Daylight,01 - Daylight,Municipal (excl. Twp. Rd.),No control,unknown,0,0,0,FALSE,FALSE,FALSE,Snow,,TRUE,Road 1: 68 BREITHAUPT ST; Vehicle #1     Make: TOYT     Model: SIE     Colour: TAN     Style: VN; Vehicle #2     Make: HYUN     Model: SGL     Colour: SIL     Style: 4D,5/13/2021 11:24:44 AM,540635.1739,4811462.86
50404,20057698,3/11/2020 8:00:00 AM,2020,3,11,8,0,0,Wednesday,537789.428,4807683.971,-80.533177,43.421101,At/near private drive,2,P.D. only,Right shoulder,unknown,unknown,SMV unattended vehicle,Unknown,Daylight,01 - Daylight,Municipal (excl. Twp. Rd.),No control,unknown,0,0,0,FALSE,FALSE,FALSE,Clear,,TRUE,Road 1: 49 BLUE SPRUCE COURT; Vehicle #1     Make: MAZD     Model: M3I     Colour: BGE     Style: 4D; Vehicle #2     Make: CHEV     Model: SIL     Colour: GRY     Style: PK,5/13/2021 11:24:47 AM,537789.428,4807683.971
50405,20057700,3/13/2020 3:24:00 PM,2020,3,13,15,24,0,Friday,542853.8287,4807389.378,-80.47064,43.418176,At intersection,2,P.D. only,Within intersection,unknown,unknown,Sideswipe,Unknown,Daylight,01 - Daylight,Regional municipality,Stop sign,Functioning,0,0,0,FALSE,FALSE,FALSE,Clear,,TRUE,Road 1: BLOCK LINE RD; Road 2: HOMER WATSON BLVD; Vehicle #1     Make: HYUN     Model: ESM     Colour: WHI     Style: 4D; Vehicle #2     Make: GMC     Model: SAV     Colour: BLU     Style: FV,5/3/2021 10:40:40 AM,542853.8287,4807389.378
50406,20057724,3/11/2020 9:15:00 AM,2020,3,11,9,15,0,Wednesday,537700.9987,4810216.582,-80.534094,43.44391,At/near private drive,2,P.D. only,Thru lane,unknown,unknown,Other,Unknown,Daylight,01 - Daylight,Municipal (excl. Twp. Rd.),No control,unknown,0,0,0,FALSE,FALSE,FALSE,Clear,,TRUE,Road 1: 23 HUNTINGTON PLACE; Vehicle #1     Make: ACUR     Model: RDX     Colour: BLK     Style: TY; Vehicle #2     Make: GMC     Model: TER     Colour: BLK     Style: TY,5/3/2021 10:41:28 AM,537700.9987,4810216.582
50407,20058083,3/14/2020 12:13:00 AM,2020,3,14,0,13,0,Saturday,541183.0533,4810692.06,-80.491029,43.448007,Intersection related,2,P.D. only,Right shoulder,unknown,unknown,SMV other,Unknown,Dark,07 - Dark,Municipal (excl. Twp. Rd.),Traffic signal,Functioning,0,0,1,FALSE,FALSE,FALSE,Clear,,FALSE,Road 1: JOSEPH ST (50 km/h); Road 2: ONTARIO ST S (50 km/h); Vehicle #1     Make: MNNI     Model: COS     Colour: RED     Style: 2B,5/3/2021 10:39:22 AM,541183.0533,4810692.06
50408,20059904,3/14/2020 5:00:00 PM,2020,3,14,17,0,0,Saturday,544335.2715,4805109.859,-80.452526,43.397565,Non intersection,2,P.D. only,Right shoulder,unknown,unknown,SMV unattended vehicle,Unknown,Daylight,01 - Daylight,Municipal (excl. Twp. Rd.),No control,unknown,0,0,0,FALSE,FALSE,FALSE,Clear,,TRUE,Road 1: 54 CLUTHE CRESCENT; Vehicle #1     Make:      Model:      Colour:      Style: ; Vehicle #2     Make: INFI     Model: GAW     Colour: WHI     Style: 4D,5/13/2021 11:24:15 AM,544335.2715,4805109.859
50409,20060028,3/16/2020 1:45:00 PM,2020,3,16,13,45,0,Monday,543364.5659,4808381.729,-80.464253,43.427082,Non intersection,2,Non-reportable,Thru lane,unknown,unknown,SMV unattended vehicle,Unknown,Daylight,01 - Daylight,Municipal (excl. Twp. Rd.),No control,unknown,0,0,0,FALSE,FALSE,FALSE,Clear,,TRUE,Road 1: 162 KIPLING AVE; Vehicle #1     Make: FORD     Model: COF     Colour: GRY     Style: CW; Vehicle #2     Make:      Model:      Colour:      Style:,5/3/2021 10:37:33 AM,543364.5659,4808381.729
50410,20060658,3/16/2020 4:00:00 PM,2020,3,16,16,0,0,Monday,536850.0559,4808287.039,-80.54474,43.426578,Non intersection,2,P.D. only,Thru lane,unknown,unknown,Other,Unknown,Daylight,01 - Daylight,Municipal (excl. Twp. Rd.),No control,unknown,0,0,0,FALSE,FALSE,FALSE,Clear,,TRUE,Road 1: 513 WESTFOREST TRAIL; Vehicle #1     Make: DODG     Model: CXA     Colour: GRY     Style: 4D; Vehicle #2     Make: TOYT     Model: HV4     Colour: WHI     Style: TY,5/3/2021 10:38:57 AM,536850.0559,4808287.039
50411,20061634,3/18/2020 3:35:00 PM,2020,3,18,15,35,0,Wednesday,541899.4561,4812704.234,-80.482021,43.466085,At/near private drive,2,P.D. only,Thru lane,unknown,unknown,Turning movement,Unknown,Daylight,01 - Daylight,Municipal (excl. Twp. Rd.),No control,unknown,1,0,0,FALSE,TRUE,FALSE,Clear,,FALSE,Road 1: 807 GUELPH ST (50 km/h); Road 2: GUELPH ST; Distance: 1.0 M W; Vehicle #1     Make: FORD     Model: TSA     Colour: RED     Style: 4D; Vehicle #2     Make:      Model:      Colour:      Style:,5/3/2021 10:41:09 AM,541899.4561,4812704.234
50412,20062077,3/19/2020 7:00:00 AM,2020,3,19,7,0,0,Thursday,540669.233,4812142.648,-80.497271,43.461097,At/near private drive,2,P.D. only,Thru lane,unknown,unknown,SMV unattended vehicle,Unknown,Daylight,01 - Daylight,Municipal (excl. Twp. Rd.),No control,unknown,0,0,0,FALSE,FALSE,FALSE,Clear,,TRUE,Road 1: 71 BLUCHER ST (IN FRONT OF DRIVEWAY); Road 2: ELLIS AVE; Vehicle #1     Make: HYUN     Model: ESS     Colour: RED     Style: 4D; Vehicle #2     Make: MITS     Model: RVR     Colour: RED     Style: TY,5/3/2021 10:41:52 AM,540669.233,4812142.648
50413,20062720,3/20/2020 2:31:00 AM,2020,3,20,2,31,0,Friday,540251.1715,4811959.88,-80.502452,43.459474,Intersection related,2,P.D. only,Not on roadway - right side,unknown,unknown,SMV other,Unknown,"Dark, artificial","08 - Dark, artificial",Municipal (excl. Twp. Rd.),unknown,Functioning,0,0,0,FALSE,FALSE,FALSE,Clear,,FALSE,Road 1: DUKE ST W (50 km/h); Road 2: WATERLOO ST (50 km/h); Distance: 5.0 M W; Vehicle #1     Make: MERC     Model: TY     Colour:      Style: TK,4/27/2022 10:41:25 AM,540251.1715,4811959.88
50414,20063946,3/21/2020 11:00:00 PM,2020,3,21,23,0,0,Saturday,546289.9157,4804899.628,-80.428408,43.395554,At/near private drive,2,P.D. only,Thru lane,unknown,unknown,SMV unattended vehicle,Unknown,Dark,07 - Dark,Municipal (excl. Twp. Rd.),No control,unknown,0,0,0,FALSE,FALSE,FALSE,Clear,,TRUE,Road 1: 165 GREEN VALLEY DR; Vehicle #1     Make: CHEV     Model: CZT     Colour: WHI     Style: 4D; Vehicle #2     Make: NISS     Model: MIC     Colour: RED     Style: 4B; Vehicle #3     Make: FORD     Model: EDG     Colour: BLK     Style: TY,5/3/2021 10:41:29 AM,546289.9157,4804899.628
50415,20064404,3/22/2020 7:00:00 PM,2020,3,22,19,0,0,Sunday,546266.8511,4803530.073,-80.428808,43.383224,At/near private drive,2,P.D. only,Not on roadway - left side,unknown,unknown,SMV other,Unknown,"Dark, artificial","08 - Dark, artificial",Municipal (excl. Twp. Rd.),No control,unknown,0,0,0,FALSE,FALSE,FALSE,Clear,,FALSE,Road 1: DOON MILLS DR (50 km/h); Road 2: WOODSMERE DR; Distance: 35.0 M N; Vehicle #1     Make: CHEV     Model: CZT     Colour: WHI     Style: 4D,5/3/2021 10:41:02 AM,546266.8511,4803530.073
50416,20064631,3/23/2020 7:43:00 AM,2020,3,23,7,43,0,Monday,545972.2933,4809410.278,-80.43195,43.436188,At/near private drive,2,P.D. only,Thru lane,unknown,unknown,Other,Unknown,Daylight,01 - Daylight,Municipal (excl. Twp. Rd.),No control,unknown,1,0,0,FALSE,FALSE,FALSE,Snow,,FALSE,Road 1: 279 KINZIE AVE (50 km/h); Road 2: KINZIE AVE; Distance: 6.0 M W; Vehicle #1     Make: MITS     Model: LST     Colour: WHI     Style: 4D; Vehicle #2     Make: TOYT     Model: RV4     Colour: BLU     Style: TY,5/3/2021 10:41:32 AM,545972.2933,4809410.278
50417,20065979,3/25/2020 9:00:00 AM,2020,3,25,9,0,0,Wednesday,541065.138,4811906.095,-80.492395,43.458945,Non intersection,2,P.D. only,Thru lane,unknown,unknown,SMV unattended vehicle,Unknown,Daylight,01 - Daylight,Municipal (excl. Twp. Rd.),No control,unknown,0,0,0,FALSE,FALSE,FALSE,Clear,,TRUE,Road 1: LOUISA ST (IN FRONT OF 264 LOUISA); Road 2: MARGARET AVE; Vehicle #1     Make:      Model:      Colour:      Style: ; Vehicle #2     Make: VOLK     Model: JSA     Colour: WHI     Style: 4D,5/3/2021 10:38:14 AM,541065.138,4811906.095
50418,20066279,3/25/2020 4:30:00 PM,2020,3,25,16,30,0,Wednesday,538607.0173,4808561.651,-80.523015,43.428962,Non intersection,2,P.D. only,Thru lane,unknown,unknown,Sideswipe,Unknown,Daylight,01 - Daylight,Regional municipality,No control,unknown,0,0,0,FALSE,FALSE,FALSE,Clear,,TRUE,Road 1: QUEEN'S BLVD; Road 2: FISCHER-HALLMAN RD; Vehicle #1     Make: HYUN     Model: SAN     Colour: GRY     Style: 4D; Vehicle #2     Make: CHEV     Model: ABS     Colour: BLU     Style: 4D,5/3/2021 10:38:08 AM,538607.0173,4808561.651
50419,20066641,3/25/2020 1:30:00 AM,2020,3,25,1,30,0,Wednesday,541929.435,4816258.843,-80.481376,43.498089,Non intersection,2,P.D. only,Thru lane,unknown,unknown,SMV other,Unknown,Dark,07 - Dark,Municipal (excl. Twp. Rd.),No control,unknown,0,0,0,FALSE,FALSE,FALSE,Clear,,TRUE,Road 1: WOOLWICH ST; Road 2: FALCONRIDGE DR; Vehicle #1     Make: HOND     Model: UCL     Colour: BLK     Style: 4D,5/3/2021 10:38:08 AM,541929.435,4816258.843
50420,20067354,2/19/2019 9:15:00 AM,2019,2,19,9,15,0,Tuesday,540396.095,4805936.73,-80.501106,43.405233,At intersection,2,P.D. only,Within intersection,unknown,unknown,Sideswipe,Unknown,Daylight,01 - Daylight,Municipal (excl. Twp. Rd.),Stop sign,unknown,0,0,0,FALSE,FALSE,FALSE,Clear,,TRUE,Road 1: MAX BECKER DR; Road 2: LAURENTIAN WEST; Vehicle #1     Make:      Model:      Colour:      Style: ; Vehicle #2     Make: HYUN     Model: SFT     Colour: WHI     Style: TY,4/9/2021 4:27:43 PM,540396.095,4805936.731
50421,20067359,3/7/2019 5:40:00 PM,2019,3,7,17,40,0,Thursday,543894.6504,4805115.748,-80.457966,43.397644,Non intersection,2,P.D. only,Thru lane,unknown,unknown,Rear end,Unknown,Daylight,01 - Daylight,Municipal (excl. Twp. Rd.),No control,unknown,0,0,0,FALSE,FALSE,FALSE,Clear,,TRUE,Road 1: OLD HURON RD; Vehicle #1     Make: HYUN     Model: ESS     Colour: GRY     Style: 4D; Vehicle #2     Make: TOYT     Model: LXS     Colour: GRY     Style: 4D,4/9/2021 4:26:14 PM,543894.6504,4805115.748
50422,20067369,2/22/2019 4:45:00 PM,2019,2,22,16,45,0,Friday,539073.4719,4811567.861,-80.517037,43.456006,At intersection,2,P.D. only,Thru lane,unknown,unknown,Angle,Unknown,Daylight,01 - Daylight,Municipal (excl. Twp. Rd.),Stop sign,Functioning,0,0,0,FALSE,FALSE,FALSE,Clear,,TRUE,Road 1: YORK ST; Road 2: UNION BLVD; Vehicle #1     Make: CHEV     Model: CZS     Colour: BLU     Style: 4D; Vehicle #2     Make:      Model:      Colour:      Style:,4/9/2021 4:27:55 PM,539073.4719,4811567.861
50423,20067483,5/6/2019 4:00:00 PM,2019,5,6,16,0,0,Monday,541032.2372,4809488.403,-80.492983,43.437178,At/near private drive,2,Non-reportable,Thru lane,unknown,unknown,SMV unattended vehicle,Unknown,Daylight,01 - Daylight,Municipal (excl. Twp. Rd.),No control,unknown,0,0,0,FALSE,FALSE,FALSE,Clear,,TRUE,Road 1: 46 LORNE CRESCENT; Vehicle #1     Make:      Model:      Colour:      Style: ; Vehicle #2     Make: DODG     Model: CAL     Colour: ONG     Style: 4B,4/9/2021 5:47:45 PM,541032.2372,4809488.403
50424,20069380,3/28/2020 6:40:00 PM,2020,3,28,18,40,0,Saturday,539349.5165,4810355.994,-80.513713,43.44508,Non intersection,2,Non-reportable,Thru lane,unknown,unknown,Rear end,Unknown,Dark,07 - Dark,Municipal (excl. Twp. Rd.),No control,unknown,0,0,0,FALSE,FALSE,FALSE,Clear,,TRUE,Road 1: KARN ST; Road 2: BELMONT AVE W; Vehicle #1     Make: FORD     Model: FFS     Colour: GRY     Style: 4D; Vehicle #2     Make:      Model:      Colour:      Style:,5/3/2021 10:38:25 AM,539349.5165,4810355.994
50425,20069384,3/29/2020 3:00:00 PM,2020,3,29,15,0,0,Sunday,546582.9697,4810821.607,-80.424284,43.448857,Non intersection,2,P.D. only,Thru lane,unknown,unknown,Sideswipe,Unknown,Daylight,01 - Daylight,Municipal (excl. Twp. Rd.),No control,unknown,0,0,0,FALSE,FALSE,FALSE,Clear,,TRUE,Road 1: 112 MICHENER CRESCENT; Vehicle #1     Make: SUBA     Model: ILT     Colour: GRY     Style: 4D; Vehicle #2     Make: BMW     Model: 28X     Colour: WHI     Style: 4D,5/3/2021 10:38:09 AM,546582.9697,4810821.607
50426,20069912,3/26/2020 7:37:00 AM,2020,3,26,7,37,0,Thursday,536475.6896,4809489.83,-80.549285,43.437426,Non intersection,2,Non-reportable,Thru lane,unknown,unknown,SMV unattended vehicle,Unknown,Daylight,01 - Daylight,Municipal (excl. Twp. Rd.),No control,unknown,0,0,0,FALSE,FALSE,FALSE,Clear,,TRUE,Road 1: 107 RESURRECTION DR; Road 2: ON ROAD; Vehicle #1     Make:      Model:      Colour:      Style: ; Vehicle #2     Make: MAZD     Model: M3I     Colour: WHI     Style: 4D,5/3/2021 10:38:25 AM,536475.6896,4809489.83
50427,20070502,4/1/2020 3:07:00 AM,2020,4,1,3,7,0,Wednesday,540638.7315,4807001.876,-80.498031,43.41481,Non intersection,2,P.D. only,Thru lane,unknown,unknown,SMV other,Unknown,"Dark, artificial","08 - Dark, artificial",Municipal (excl. Twp. Rd.),No control,unknown,1,0,0,FALSE,FALSE,FALSE,Clear,,FALSE,Road 1: DUNSMERE DR (50 km/h); Road 2: RADCLIFFE DR; Distance: 9.0 M N; Vehicle #1     Make: ACUR     Model: IWP     Colour: BLK     Style: 4D,5/13/2021 11:24:17 AM,540638.7315,4807001.876
50428,20070738,8/11/2019 5:00:00 PM,2019,8,11,17,0,0,Sunday,540818.8965,4810612.023,-80.495535,43.447307,Non intersection,2,P.D. only,Thru lane,unknown,unknown,SMV unattended vehicle,Unknown,Daylight,01 - Daylight,Municipal (excl. Twp. Rd.),No control,unknown,0,0,0,FALSE,FALSE,FALSE,Clear,,TRUE,Road 1: 57 JUBILEE DR (IN FRONT); Vehicle #1     Make:      Model:      Colour:      Style: ; Vehicle #2     Make: HOND     Model: PIL     Colour: GRY     Style: TY,4/9/2021 5:53:30 PM,540818.8965,4810612.023
50429,20072172,4/3/2020 7:50:00 AM,2020,4,3,7,50,0,Friday,542270.3068,4810381.416,-80.477616,43.44515,Non intersection,2,P.D. only,Thru lane,unknown,unknown,Sideswipe,Unknown,Daylight,01 - Daylight,Regional municipality,No control,unknown,0,0,0,FALSE,FALSE,FALSE,Clear,,TRUE,Road 1: FAIRVIEW AVE; Road 2: KING ST E; Vehicle #1     Make: DODG     Model: CAR     Colour: GRY     Style: VN; Vehicle #2     Make: MAZD     Model: 3TR     Colour: GRY     Style: 4D,8/16/2022 2:57:11 PM,542270.3068,4810381.416
50430,20072792,4/3/2020 9:31:00 PM,2020,4,3,21,31,0,Friday,545482.0513,4809069.345,-80.438036,43.433148,At/near private drive,2,P.D. only,Thru lane,unknown,unknown,SMV unattended vehicle,Unknown,"Dark, artificial","08 - Dark, artificial",Municipal (excl. Twp. Rd.),No control,unknown,1,0,0,FALSE,FALSE,FALSE,Clear,,FALSE,Road 1: 115 KRAFT AVE (50 km/h); Road 2: KRAFT AVE; Distance: 15.0 M S; Vehicle #1     Make: FORD     Model: DRW     Colour: WHI     Style: MH; Vehicle #2     Make: MAZD     Model: MCX     Colour: GRY     Style: TY,5/13/2021 11:24:26 AM,545482.0513,4809069.345
50431,20073437,4/4/2020 6:30:00 PM,2020,4,4,18,30,0,Saturday,537299.2782,4809061.159,-80.539138,43.433526,Intersection related,2,Non-reportable,Left turn lane,unknown,unknown,Sideswipe,Unknown,Daylight,01 - Daylight,Regional municipality,Traffic signal,Functioning,0,0,0,FALSE,FALSE,FALSE,Clear,,TRUE,Road 1: WESTFOREST TRAIL; Road 2: VICTORIA ST S; Vehicle #1     Make: TOYT     Model: CBS     Colour: BLK     Style: 4D; Vehicle #2     Make: MAZD     Model: MCX     Colour: GRY     Style: TY,5/13/2021 11:34:29 AM,537299.2782,4809061.159
50432,20073885,4/5/2020 12:31:00 PM,2020,4,5,12,31,0,Sunday,543739.2641,4812007.626,-80.459333,43.459708,Non intersection,2,P.D. only,Right shoulder,unknown,unknown,Rear end,Unknown,Daylight,01 - Daylight,Regional municipality,No control,unknown,0,0,0,FALSE,FALSE,FALSE,Clear,,FALSE,Road 1: 217 RIVER RD E (50 km/h); Road 2: RIVER RD E; Distance: 5.0 M W; Vehicle #1     Make: FORD     Model: RNG     Colour: YEL     Style: PK; Vehicle #2     Make: FORD     Model: TSS     Colour: BGE     Style: 4D,5/13/2021 11:35:26 AM,543739.2641,4812007.626
50433,20074744,4/6/2020 4:00:00 PM,2020,4,6,16,0,0,Monday,541232.2301,4810510.417,-80.490435,43.446369,Non intersection,2,Non-reportable,Thru lane,unknown,unknown,SMV unattended vehicle,Unknown,Daylight,01 - Daylight,Municipal (excl. Twp. Rd.),No control,unknown,0,0,0,FALSE,FALSE,FALSE,Clear,,TRUE,Road 1: BENTON ST; Vehicle #1     Make:      Model:      Colour:      Style: ; Vehicle #2     Make: HOND     Model: ATR     Colour: GRY     Style: 4D,4/27/2022 10:40:59 AM,541232.2301,4810510.417