OBJECTID,ACCIDENTNUM,ACCIDENTDATE,ACCIDENT_YEAR,ACCIDENT_MONTH,ACCIDENT_DAY,ACCIDENT_HOUR,ACCIDENT_MINUTE,ACCIDENT_SECOND,ACCIDENT_WEEKDAY,XCOORD,YCOORD,LONGITUDE,LATITUDE,ACCIDENTLOCATION,COLLISIONTYPE,CLASSIFICATIONOFACCIDENT,IMPACTLOCATION,INITIALDIRECTIONOFTRAVELONE,INITIALDIRECTIONOFTRAVELTWO,INITIALIMPACTTYPE,INTTRAFFICCONTROL,LIGHT,LIGHTFORREPORT,ROADJURISDICTION,TRAFFICCONTROL,TRAFFICCONTROLCONDITION,THRULANENO,NORTHBOUNDDISOBEYCOUNT,SOUTHBOUNDDISOBEYCOUNT,PEDESTRIANINVOLVED,CYCLISTINVOLVED,MOTORCYCLISTINVOLVED,ENVIRONMENTCONDITION1,ENVIRONMENTCONDITION2,SELFREPORTED,XMLIMPORTNOTES,LASTEDITEDDATE,x,y
50434,20075276,4/2/2020 4:00:00 PM,2020,4,2,16,0,0,Thursday,541138.1313,4810994.924,-80.491561,43.450737,Non intersection,2,Non-reportable,Thru lane,unknown,unknown,Sideswipe,Unknown,Daylight,01 - Daylight,Regional municipality,No control,unknown,0,0,0,FALSE,FALSE,FALSE,Clear,,TRUE,Road 1: KING ST W; Road 2: YOUNG ST; Vehicle #1     Make: CHEV     Model: ETV     Colour: WHI     Style: CB; Vehicle #2     Make:      Model:      Colour:      Style:,4/27/2022 10:39:38 AM,541138.1313,4810994.925
50435,20076464,4/9/2020 9:34:00 AM,2020,4,9,9,34,0,Thursday,544911.6152,4812482.321,-80.444803,43.463912,Intersection related,2,P.D. only,Not on roadway - right side,unknown,unknown,Other,Unknown,Daylight,01 - Daylight,Municipal (excl. Twp. Rd.),Stop sign,Functioning,0,0,0,FALSE,FALSE,FALSE,Clear,,FALSE,Road 1: HALIFAX DR (50 km/h); Road 2: NATCHEZ RD (50 km/h); Vehicle #1     Make: GMC     Model: SON     Colour: GRN     Style: PK; Vehicle #2     Make: TOYT     Model: RV4     Colour: GRY     Style: TY; Vehicle #3     Make: NISS     Model: FRT     Colour:,5/13/2021 11:29:59 AM,544911.6152,4812482.321
50436,20076685,4/9/2020 3:45:00 PM,2020,4,9,15,45,0,Thursday,544935.1916,4811086.047,-80.444626,43.451339,Non intersection,2,P.D. only,Thru lane,unknown,unknown,Sideswipe,Unknown,Daylight,01 - Daylight,Regional municipality,No control,unknown,0,0,0,FALSE,FALSE,FALSE,Clear,,TRUE,Road 1: RIVER RD E; Road 2: OTTAWA ST N; Vehicle #1     Make: KIA     Model: ROL     Colour: BLU     Style: 4W; Vehicle #2     Make: LNDR     Model: RSP     Colour: BLK     Style: TY,5/13/2021 11:39:01 AM,544935.1916,4811086.047
50437,20077814,4/11/2020 12:30:00 PM,2020,4,11,12,30,0,Saturday,542164.6073,4810384.516,-80.478922,43.445184,Intersection related,1,Non-fatal injury,Within intersection,unknown,unknown,SMV other,Unknown,Daylight,01 - Daylight,Municipal (excl. Twp. Rd.),Stop sign,Functioning,0,0,0,TRUE,FALSE,FALSE,Clear,,FALSE,Road 1: KING ST E (50 km/h); Road 2: PANDORA AVE N (50 km/h); Vehicle #1     Make: CHEV     Model: BZR     Colour: GRY     Style: TY,5/13/2021 11:23:33 AM,542164.6073,4810384.516
50438,20077869,4/11/2020 1:51:00 PM,2020,4,11,13,51,0,Saturday,546781.3381,4808146.504,-80.422062,43.424758,Intersection related,2,P.D. only,Not on roadway - right side,unknown,unknown,SMV other,Unknown,Daylight,01 - Daylight,Municipal (excl. Twp. Rd.),Stop sign,Functioning,0,0,0,FALSE,FALSE,FALSE,Clear,,FALSE,Road 1: HOFSTETTER AVE (50 km/h); Road 2: CAMEO DR (50 km/h); Vehicle #1     Make: MAZD     Model: 3TR     Colour: RED     Style: 4D,5/13/2021 11:23:31 AM,546781.3381,4808146.504
50439,20077912,4/11/2020 2:40:00 PM,2020,4,11,14,40,0,Saturday,543970.171,4811910.31,-80.456487,43.458818,At/near private drive,2,P.D. only,Not on roadway - left side,unknown,unknown,SMV other,Unknown,Daylight,01 - Daylight,Municipal (excl. Twp. Rd.),No control,unknown,0,0,0,FALSE,FALSE,FALSE,Clear,,FALSE,Road 1: 298 RIVER RD E (50 km/h); Road 2: RIVER RD E; Distance: 10.0 M S; Vehicle #1     Make: TOYT     Model: XLL     Colour: GRY     Style: 4D,5/13/2021 11:24:21 AM,543970.171,4811910.311
50440,20077998,4/11/2020 4:32:00 PM,2020,4,11,16,32,0,Saturday,537557.0251,4808095.872,-80.53602,43.424822,At/near private drive,2,P.D. only,Not on roadway - right side,unknown,unknown,SMV other,Unknown,Daylight,01 - Daylight,Municipal (excl. Twp. Rd.),No control,unknown,0,0,0,FALSE,FALSE,FALSE,Clear,,FALSE,Road 1: LANARK CRES (50 km/h); Road 2: LANARK CRT (50 km/h); Vehicle #1     Make: DODG     Model: DAX     Colour: RED     Style: 4D,5/13/2021 11:35:20 AM,537557.0251,4808095.872
50441,20080267,4/9/2020 6:00:00 PM,2020,4,9,18,0,0,Thursday,545488.7724,4811984.153,-80.43771,43.459392,Non intersection,2,P.D. only,Thru lane,unknown,unknown,Rear end,Unknown,Daylight,01 - Daylight,Regional municipality,No control,unknown,0,0,0,FALSE,FALSE,FALSE,Clear,,TRUE,Road 1: HERITAGE DR; Road 2: OTTAWA ST N; Distance: 600.0 M S; Vehicle #1     Make: FORD     Model: FSE     Colour: WHI     Style: 4D; Vehicle #2     Make: TOYT     Model: MTL     Colour: GRY     Style: 4D,5/13/2021 11:39:06 AM,545488.7724,4811984.153
50442,20080290,4/5/2020 6:45:00 PM,2020,4,5,18,45,0,Sunday,542362.9394,4810928.852,-80.476429,43.450074,At/near private drive,2,Non-reportable,Thru lane,unknown,unknown,SMV unattended vehicle,Unknown,Daylight,01 - Daylight,Municipal (excl. Twp. Rd.),No control,unknown,0,0,0,FALSE,FALSE,FALSE,Clear,,TRUE,Road 1: 147 SAMUEL ST; Vehicle #1     Make:      Model:      Colour:      Style: ; Vehicle #2     Make: AUDI     Model: A32     Colour: BLK     Style: 4D,5/13/2021 11:24:25 AM,542362.9394,4810928.852
50443,20080292,4/9/2020 3:15:00 PM,2020,4,9,15,15,0,Thursday,543123.5286,4813874.856,-80.466796,43.476556,At/near private drive,2,Non-reportable,Thru lane,unknown,unknown,Other,Unknown,Daylight,01 - Daylight,Municipal (excl. Twp. Rd.),No control,unknown,0,0,0,FALSE,FALSE,FALSE,Clear,,TRUE,Road 1: 10 PAIGE ST; Vehicle #1     Make: FORD     Model: SPE     Colour: WHI     Style: TY; Vehicle #2     Make:      Model:      Colour:      Style:,5/13/2021 11:24:23 AM,543123.5286,4813874.856
50444,20081449,4/11/2020 12:30:00 PM,2020,4,11,12,30,0,Saturday,546305.3287,4812477.104,-80.427575,43.46378,At/near private drive,2,P.D. only,Thru lane,unknown,unknown,SMV unattended vehicle,Unknown,Daylight,01 - Daylight,Municipal (excl. Twp. Rd.),No control,unknown,0,0,0,FALSE,FALSE,FALSE,Clear,,TRUE,Road 1: 393 MISTY CRESCENT; Vehicle #1     Make:      Model:      Colour:      Style: ; Vehicle #2     Make: KIA     Model: FNG     Colour: GRY     Style: 4D,5/13/2021 11:29:27 AM,546305.3287,4812477.104
50445,20083759,4/20/2020 2:38:00 PM,2020,4,20,14,38,0,Monday,539090.9234,4810785.804,-80.516878,43.448964,Intersection related,2,P.D. only,Not on roadway - right side,unknown,unknown,SMV other,Unknown,Daylight,01 - Daylight,Municipal (excl. Twp. Rd.),Stop sign,Functioning,0,0,0,FALSE,FALSE,FALSE,Clear,,FALSE,Road 1: BRANDON AVE (50 km/h); Road 2: MARINA RD (50 km/h); Vehicle #1     Make:      Model:      Colour:      Style:,5/13/2021 11:23:36 AM,539090.9234,4810785.804
50446,20084437,4/20/2020 11:00:00 PM,2020,4,20,23,0,0,Monday,539429.9016,4805583.918,-80.513064,43.402108,At/near private drive,2,P.D. only,Thru lane,unknown,unknown,SMV unattended vehicle,Unknown,Dark,07 - Dark,Municipal (excl. Twp. Rd.),No control,unknown,0,0,0,FALSE,FALSE,FALSE,Clear,,TRUE,Road 1: 678 ACTIVA AVE; Vehicle #1     Make:      Model:      Colour:      Style: ; Vehicle #2     Make: TOYT     Model: RV4     Colour: BLK     Style: TY,5/13/2021 11:29:29 AM,539429.9016,4805583.918
50447,20084764,4/21/2020 7:40:00 PM,2020,4,21,19,40,0,Tuesday,539721.9398,4805885.901,-80.509436,43.404811,At/near private drive,2,Non-reportable,Thru lane,unknown,unknown,SMV unattended vehicle,Unknown,Dark,07 - Dark,Municipal (excl. Twp. Rd.),No control,unknown,0,0,0,FALSE,FALSE,FALSE,Clear,,TRUE,Road 1: 513 BRIDLEWREATH COURT; Vehicle #1     Make:      Model:      Colour:      Style: ; Vehicle #2     Make: TOYT     Model: MTL     Colour: GRY     Style: 4D,5/13/2021 11:34:25 AM,539721.9398,4805885.901
50448,20085195,4/19/2020 10:00:00 PM,2020,4,19,22,0,0,Sunday,547888.4228,4804470.727,-80.408708,43.391592,Non intersection,2,P.D. only,Thru lane,unknown,unknown,SMV unattended vehicle,Unknown,Dark,07 - Dark,Municipal (excl. Twp. Rd.),No control,unknown,0,0,0,FALSE,FALSE,FALSE,Clear,,TRUE,Road 1: 214 DOON VALLEY DR; Vehicle #1     Make:      Model:      Colour:      Style: ; Vehicle #2     Make: TOYT     Model: AXP     Colour: BLK     Style: 4D,5/13/2021 11:30:47 AM,547888.4228,4804470.727
50449,20085869,4/23/2020 12:30:00 PM,2020,4,23,12,30,0,Thursday,539081.3436,4811109.167,-80.516973,43.451876,Intersection related,2,P.D. only,Thru lane,unknown,unknown,Angle,Unknown,Daylight,01 - Daylight,Regional municipality,Traffic signal,unknown,0,0,0,FALSE,FALSE,FALSE,Clear,,TRUE,Road 1: BELMONT AVE W; Road 2: GLASGOW ST; Vehicle #1     Make: FORD     Model: FHY     Colour: GRY     Style: 4D; Vehicle #2     Make: DODG     Model: CLB     Colour: SIL     Style: 4B,5/13/2021 11:38:24 AM,539081.3436,4811109.167
50450,20085898,4/20/2020 12:30:00 AM,2020,4,20,0,30,0,Monday,544512.7222,4804979.137,-80.450345,43.396378,At intersection,2,P.D. only,Thru lane,unknown,unknown,SMV unattended vehicle,Unknown,Dark,07 - Dark,Municipal (excl. Twp. Rd.),Stop sign,Functioning,0,0,0,FALSE,FALSE,FALSE,Clear,,TRUE,Road 1: WINDY RIDGE DR; Road 2: MILLWOOD CRESCENT; Vehicle #1     Make: HYUN     Model: K1G     Colour: WHI     Style: TY; Vehicle #2     Make: DODG     Model: RPC     Colour: BLK     Style: PK,5/13/2021 11:29:47 AM,544512.7222,4804979.138
50451,20087771,4/26/2020 12:00:00 AM,2020,4,26,0,0,0,Sunday,543248.2014,4804519.666,-80.465996,43.392314,Intersection related,2,P.D. only,Thru lane,unknown,unknown,Rear end,Unknown,Dark,07 - Dark,Regional municipality,Stop sign,Functioning,0,0,0,FALSE,FALSE,FALSE,Clear,,TRUE,Road 1: HURON RD; Road 2: STRASBURG RD; Vehicle #1     Make: CHEV     Model: EQU     Colour: BLK     Style: TY; Vehicle #2     Make: MERZ     Model: C4A     Colour: WHI     Style: 4D,5/13/2021 11:38:18 AM,543248.2014,4804519.666
50452,20088103,4/26/2020 2:29:00 PM,2020,4,26,14,29,0,Sunday,538286.7681,4809849.078,-80.526882,43.440571,Non intersection,2,P.D. only,Not on roadway - right side,unknown,unknown,SMV other,Unknown,Daylight,01 - Daylight,Municipal (excl. Twp. Rd.),No control,unknown,0,0,0,FALSE,FALSE,FALSE,Clear,,FALSE,Road 1: HAZELGLEN DR (40 km/h); Road 2: CHOPIN DR; Distance: 10.0 K N; Vehicle #1     Make: HOND     Model: AXL     Colour: GRY     Style: 4D,5/13/2021 11:29:31 AM,538286.7681,4809849.078
50453,20088445,4/27/2020 12:30:00 AM,2020,4,27,0,30,0,Monday,547953.6573,4804553.42,-80.407895,43.392332,Non intersection,2,P.D. only,Thru lane,unknown,unknown,SMV unattended vehicle,Unknown,"Dark, artificial","08 - Dark, artificial",Municipal (excl. Twp. Rd.),No control,unknown,1,0,0,FALSE,FALSE,FALSE,Clear,,FALSE,Road 1: 16 ORCHARD MILL CRES (50 km/h); Road 2: ORCHARD MILL CRES; Distance: 20.0 K W; Vehicle #1     Make:      Model:      Colour:      Style: ; Vehicle #2     Make: NISS     Model: A2B     Colour: WHI     Style: 4D,5/13/2021 11:30:49 AM,547953.6573,4804553.42
50454,20089459,2/18/2019 3:00:00 PM,2019,2,18,15,0,0,Monday,547416.206,4805488.256,-80.41445,43.400784,Non intersection,2,Non-reportable,Thru lane,unknown,unknown,SMV unattended vehicle,Unknown,Daylight,01 - Daylight,Municipal (excl. Twp. Rd.),No control,unknown,0,0,0,FALSE,FALSE,FALSE,Clear,,TRUE,Road 1: 905 JOSEPH SCHOERG PLACE; Vehicle #1     Make: FRHT     Model: FM2     Colour: WHI     Style: CT; Vehicle #2     Make:      Model:      Colour:      Style:,3/26/2021 11:53:06 AM,547416.206,4805488.256
50455,20091732,5/1/2020 2:30:00 PM,2020,5,1,14,30,0,Friday,544801.4877,4809481.274,-80.446411,43.436898,At/near private drive,2,P.D. only,Thru lane,unknown,unknown,SMV unattended vehicle,Unknown,Daylight,01 - Daylight,Regional municipality,No control,unknown,0,0,0,FALSE,FALSE,FALSE,Clear,,TRUE,Road 1: 127 FRANKLIN ST N; Vehicle #1     Make: CHEV     Model: MLT     Colour: BLK     Style: 4D; Vehicle #2     Make: CHEV     Model: EQU     Colour: BRN     Style: TY,5/13/2021 11:40:30 AM,544801.4877,4809481.274
50456,20091792,5/1/2020 5:00:00 PM,2020,5,1,17,0,0,Friday,541582.1797,4807767.018,-80.486319,43.421648,At/near private drive,2,P.D. only,Thru lane,unknown,unknown,Sideswipe,Unknown,Daylight,01 - Daylight,Regional municipality,No control,unknown,0,0,0,FALSE,FALSE,FALSE,Clear,,TRUE,Road 1: 437 STRASBURG RD; Vehicle #1     Make: DODG     Model: CAR     Colour: GRY     Style: VN; Vehicle #2     Make: HOND     Model: UCL     Colour: WHI     Style: 4D,5/13/2021 11:40:28 AM,541582.1797,4807767.018
50457,20094360,5/5/2020 11:30:00 AM,2020,5,5,11,30,0,Tuesday,539080.1303,4811110.76,-80.516988,43.45189,Intersection related,2,P.D. only,Within intersection,unknown,unknown,Angle,Unknown,Daylight,01 - Daylight,Municipal (excl. Twp. Rd.),Traffic signal,Functioning,0,0,0,FALSE,FALSE,FALSE,Clear,,TRUE,Road 1: BELMONT AVE W; Road 2: GLASGOW ST; Vehicle #1     Make: CHRY     Model: 3LM     Colour: BLK     Style: 4D; Vehicle #2     Make: HYUN     Model: TUC     Colour: GRY     Style: TY,5/13/2021 11:28:11 AM,539080.1303,4811110.76
50458,20094367,4/30/2020 5:15:00 PM,2020,4,30,17,15,0,Thursday,545304.7893,4808453.249,-80.440277,43.427611,Non intersection,2,P.D. only,Thru lane,unknown,unknown,Other,Unknown,Daylight,01 - Daylight,Municipal (excl. Twp. Rd.),No control,unknown,0,0,0,FALSE,FALSE,FALSE,Clear,,TRUE,Road 1: 46 CEDARWOODS CRESCENT; Vehicle #1     Make: TOYT     Model: RG4     Colour: SIL     Style: TY; Vehicle #2     Make: BUIC     Model: ALL     Colour: BLK     Style: 4D,5/13/2021 11:32:44 AM,545304.7893,4808453.249
50459,20094391,5/5/2020 11:55:00 AM,2020,5,5,11,55,0,Tuesday,545050.2713,4810838.478,-80.443225,43.449103,Intersection related,2,P.D. only,Thru lane,unknown,unknown,Rear end,Unknown,Daylight,01 - Daylight,Regional municipality,Traffic signal,Functioning,0,0,0,FALSE,FALSE,FALSE,Clear,,TRUE,Road 1: HOLBORN DR; Road 2: RIVER RD E; Vehicle #1     Make:      Model:      Colour:      Style: ; Vehicle #2     Make: BMW     Model: JEG     Colour: WHI     Style: 4D,5/13/2021 11:38:32 AM,545050.2713,4810838.478
50460,20094412,5/5/2020 12:10:00 PM,2020,5,5,12,10,0,Tuesday,545929.6299,4805266.164,-80.432826,43.398877,Non intersection,2,Non-reportable,Thru lane,unknown,unknown,Sideswipe,Unknown,Daylight,01 - Daylight,Municipal (excl. Twp. Rd.),No control,unknown,0,0,0,FALSE,FALSE,FALSE,Clear,,TRUE,Road 1: 37 GREEN VALLEY DR; Vehicle #1     Make:      Model:      Colour:      Style: ; Vehicle #2     Make: TOYT     Model: RG4     Colour: GRY     Style: TY,5/13/2021 11:29:37 AM,545929.6299,4805266.164
50461,20096652,5/8/2020 4:45:00 PM,2020,5,8,16,45,0,Friday,539933.7102,4811031.528,-80.506444,43.451132,At/near private drive,2,P.D. only,Thru lane,unknown,unknown,Turning movement,Unknown,Daylight,01 - Daylight,Municipal (excl. Twp. Rd.),No control,unknown,0,0,0,FALSE,FALSE,FALSE,Clear,,TRUE,Road 1: 219 PARK ST; Vehicle #1     Make: DODG     Model: RPC     Colour: GRY     Style: PK; Vehicle #2     Make: DODG     Model: DAX     Colour: GRY     Style: 4D,5/13/2021 11:33:07 AM,539933.7102,4811031.528
50462,20098228,5/11/2020 6:58:00 AM,2020,5,11,6,58,0,Monday,540633.8091,4800786.918,-80.498553,43.35885,Non intersection,2,P.D. only,Not on roadway - right side,unknown,unknown,SMV other,Unknown,Daylight,01 - Daylight,Regional municipality,No control,unknown,0,0,0,FALSE,FALSE,FALSE,Snow,,FALSE,Road 1: PLAINS RD (60 km/h); Road 2: TRUSSLER RD; Distance: 800.0 M N; Vehicle #1     Make: PONT     Model: VIB     Colour: GRY     Style: 4B,5/13/2021 11:40:47 AM,540633.8091,4800786.918
50463,20098431,5/11/2020 2:03:00 PM,2020,5,11,14,3,0,Monday,540531.9564,4805905.417,-80.499431,43.404944,At/near private drive,2,P.D. only,Not on roadway - right side,unknown,unknown,SMV other,Unknown,Daylight,01 - Daylight,Municipal (excl. Twp. Rd.),No control,unknown,0,0,0,FALSE,FALSE,FALSE,Clear,,FALSE,Road 1: 71 RIEHM ST (50 km/h); Road 2: RIEHM ST; Distance: 1.0 K N; Vehicle #1     Make: KW     Model: CON     Colour: YEL     Style: CT,5/13/2021 11:31:29 AM,540531.9564,4805905.417
50464,20098473,5/11/2020 3:00:00 PM,2020,5,11,15,0,0,Monday,544303.3047,4809223.696,-80.452587,43.434608,Intersection related,2,P.D. only,Thru lane,unknown,unknown,Other,Unknown,Daylight,01 - Daylight,Municipal (excl. Twp. Rd.),Stop sign,unknown,0,0,0,FALSE,FALSE,FALSE,Clear,,TRUE,Road 1: 4TH AVE; Road 2: KINGSWAY DR; Vehicle #1     Make: TOYT     Model: TAC     Colour: GRY     Style: PK; Vehicle #2     Make:      Model:      Colour:      Style:,5/13/2021 11:30:03 AM,544303.3047,4809223.696
50465,20099055,5/12/2020 12:50:00 PM,2020,5,12,12,50,0,Tuesday,546061.7928,4809493.752,-80.430837,43.436934,Intersection related,1,Non-fatal injury,Within intersection,unknown,unknown,Angle,Unknown,Daylight,01 - Daylight,Municipal (excl. Twp. Rd.),Traffic signal,Functioning,0,0,0,FALSE,FALSE,FALSE,Clear,,FALSE,Road 1: RIVER RD E (60 km/h); Road 2: KINZIE AVE (50 km/h); Vehicle #1     Make: NISS     Model: ROG     Colour: RED     Style: TY; Vehicle #2     Make: HYUN     Model: ESM     Colour: BLK     Style: 4D,5/13/2021 11:33:59 AM,546061.7928,4809493.752
50466,20100073,5/6/2020 4:15:00 PM,2020,5,6,16,15,0,Wednesday,541929.7996,4807347.667,-80.482057,43.417853,Non intersection,2,P.D. only,Thru lane,unknown,unknown,Rear end,Unknown,Daylight,01 - Daylight,Municipal (excl. Twp. Rd.),No control,unknown,0,0,0,FALSE,FALSE,FALSE,Clear,,TRUE,Road 1: STRASBURG RD; Road 2: SELKIRK DR; Vehicle #1     Make: JEEP     Model: WUL     Colour: BLK     Style: TY; Vehicle #2     Make: NISS     Model: FRT     Colour: WHI     Style: PK,5/13/2021 11:31:04 AM,541929.7996,4807347.667
50467,20100113,5/10/2020 8:30:00 AM,2020,5,10,8,30,0,Sunday,541937.073,4816312.9,-80.481278,43.498575,Intersection related,2,P.D. only,Within intersection,unknown,unknown,Sideswipe,Unknown,Daylight,01 - Daylight,Regional municipality,Stop sign,Functioning,0,0,0,FALSE,FALSE,FALSE,Clear,,TRUE,Road 1: WOOLWICH ST; Road 2: KIWANIS PARK DR; Vehicle #1     Make:      Model:      Colour:      Style: ; Vehicle #2     Make: FORD     Model: SPE     Colour: GRY     Style: TY,5/13/2021 11:40:05 AM,541937.073,4816312.9
50468,20100131,5/11/2020 12:00:00 PM,2020,5,11,12,0,0,Monday,541232.8704,4810949.219,-80.490394,43.45032,Intersection related,2,P.D. only,Thru lane,unknown,unknown,Rear end,Unknown,Daylight,01 - Daylight,Regional municipality,Traffic signal,Functioning,0,0,0,FALSE,FALSE,FALSE,Clear,,TRUE,Road 1: KING ST W; Road 2: ONTARIO ST S; Vehicle #1     Make: CHEV     Model: SIL     Colour: WHI     Style: CW; Vehicle #2     Make: FORD     Model: SRW     Colour: WHI     Style: PK,5/13/2021 11:37:59 AM,541232.8704,4810949.219
50469,20100810,5/14/2020 7:30:00 PM,2020,5,14,19,30,0,Thursday,544116.4735,4811897.91,-80.454679,43.458698,At intersection,2,P.D. only,Thru lane,unknown,unknown,Angle,Unknown,Daylight,01 - Daylight,Regional municipality,unknown,Functioning,0,0,0,FALSE,FALSE,FALSE,Rain,,TRUE,Road 1: MANCHESTER RD; Road 2: RIVER RD E; Vehicle #1     Make: TOYT     Model: CHL     Colour: SIL     Style: 4D; Vehicle #2     Make: CHRY     Model: PIF     Colour: BLK     Style: VN,5/13/2021 11:38:34 AM,544116.4735,4811897.91
50470,20101338,5/15/2020 4:42:00 PM,2020,5,15,16,42,0,Friday,543633.7201,4809037.132,-80.460875,43.432968,Non intersection,2,P.D. only,Not on roadway - left side,unknown,unknown,SMV other,Unknown,Daylight,01 - Daylight,Municipal (excl. Twp. Rd.),No control,unknown,0,0,0,FALSE,FALSE,FALSE,Clear,,FALSE,Road 1: 168 PLYMOUTH RD (50 km/h); Road 2: PLYMOUTH RD; Distance: 20.0 M S; Vehicle #1     Make: VOLK     Model: DTC     Colour: GRY     Style: 4D,5/13/2021 11:34:58 AM,543633.7201,4809037.132
50471,20101341,5/15/2020 4:40:00 PM,2020,5,15,16,40,0,Friday,543387.4216,4807342.142,-80.464053,43.41772,Non intersection,2,P.D. only,Thru lane,unknown,unknown,SMV unattended vehicle,Unknown,Daylight,01 - Daylight,Regional municipality,No control,unknown,1,0,0,FALSE,FALSE,FALSE,Clear,,FALSE,Road 1: 120 FALLOWFIELD DR (50 km/h); Road 2: FALLOWFIELD DR; Distance: 2.0 M E; Vehicle #1     Make: FORD     Model: SPE     Colour: BLK     Style: TY; Vehicle #2     Make: LEXS     Model: RX5     Colour: BLK     Style: TY,5/13/2021 11:38:58 AM,543387.4216,4807342.142
50472,20101379,5/16/2020 5:42:00 PM,2020,5,16,17,42,0,Saturday,544439.3751,4811784.207,-80.450697,43.457655,Non intersection,2,P.D. only,Right shoulder,unknown,unknown,SMV other,Unknown,Daylight,01 - Daylight,Municipal (excl. Twp. Rd.),No control,unknown,0,0,0,FALSE,FALSE,FALSE,Clear,,FALSE,Road 1: RIVER RD E (50 km/h); Road 2: HALLIWELL DR; Distance: 50.0 K W; Vehicle #1     Make: TOYT     Model: CYR     Colour: BLK     Style: 4B,5/13/2021 11:32:47 AM,544439.3751,4811784.207
50473,20102529,5/17/2020 2:40:00 AM,2020,5,17,2,40,0,Sunday,545122.9492,4804332.333,-80.442864,43.390517,Non intersection,2,P.D. only,Thru lane,unknown,unknown,SMV unattended vehicle,Unknown,Dark,07 - Dark,Municipal (excl. Twp. Rd.),No control,unknown,1,0,0,FALSE,FALSE,FALSE,Clear,,FALSE,Road 1: 101 BECHTEL DR (50 km/h); Road 2: BECHTEL DR; Distance: 5.0 M N; Vehicle #1     Make: CHEV     Model: CZT     Colour: BLK     Style: 4D; Vehicle #2     Make: HYUN     Model: SFT     Colour: WHI     Style: TY,5/13/2021 11:35:11 AM,545122.9492,4804332.333
50474,20102856,5/17/2020 2:15:00 PM,2020,5,17,14,15,0,Sunday,542981.3448,4814670.416,-80.468491,43.483727,At/near private drive,2,P.D. only,Right shoulder,unknown,unknown,SMV unattended vehicle,Unknown,Daylight,01 - Daylight,Municipal (excl. Twp. Rd.),No control,unknown,0,0,0,FALSE,FALSE,FALSE,Clear,,FALSE,Road 1: 8 NELSON AVE (50 km/h); Road 2: NELSON AVE; Distance: 10.0 K E; Vehicle #1     Make: PETE     Model:      Colour:      Style: ; Vehicle #2     Make: VOLK     Model: JGS     Colour:      Style: 4D,5/13/2021 11:31:03 AM,542981.3448,4814670.416
50475,20103034,5/17/2020 10:03:00 PM,2020,5,17,22,3,0,Sunday,546299.7364,4803425.711,-80.428411,43.382282,At intersection,2,P.D. only,Within intersection,unknown,unknown,Angle,Unknown,Dark,07 - Dark,Municipal (excl. Twp. Rd.),Stop sign,Functioning,0,0,0,FALSE,FALSE,FALSE,Rain,,FALSE,Road 1: DOON SOUTH DR (50 km/h); Road 2: DOON MILLS DR (50 km/h); Vehicle #1     Make: CHEV     Model: BEG     Colour: GRY     Style: 4B; Vehicle #2     Make: VOLK     Model: JES     Colour: GRN     Style: 4D,5/13/2021 11:25:36 AM,546299.7364,4803425.712
50476,20103591,5/18/2020 9:32:00 PM,2020,5,18,21,32,0,Monday,547502.4953,4804533.83,-80.413467,43.392185,At/near private drive,2,P.D. only,Right shoulder,unknown,unknown,SMV unattended vehicle,Unknown,"Dark, artificial","08 - Dark, artificial",Municipal (excl. Twp. Rd.),No control,unknown,0,0,0,FALSE,FALSE,FALSE,Rain,,FALSE,Road 1: 19 AMHERST DR (50 km/h); Road 2: AMHERST; Distance: 8.0 K E; Vehicle #1     Make: HYUN     Model: SGL     Colour: BLK     Style: 4D; Vehicle #2     Make: VOLK     Model: JBS     Colour: BLK     Style: 4D,5/13/2021 11:31:01 AM,547502.4953,4804533.83
50477,20104015,5/19/2020 1:40:00 PM,2020,5,19,13,40,0,Tuesday,541013.1673,4807475.732,-80.49337,43.419057,At/near private drive,2,P.D. only,Off highway,unknown,unknown,SMV other,Unknown,Daylight,01 - Daylight,Municipal (excl. Twp. Rd.),No control,unknown,0,0,0,FALSE,FALSE,FALSE,Clear,,FALSE,Road 1: 114 SHEA CRES (50 km/h); Road 2: SHEA CRES; Distance: 9.0 K N; Vehicle #1     Make: HOND     Model: UCL     Colour: SIL     Style: 2D,5/13/2021 11:31:17 AM,541013.1673,4807475.732
50478,20104686,5/18/2020 1:50:00 PM,2020,5,18,13,50,0,Monday,545275.9438,4806434.617,-80.440801,43.409437,Intersection related,2,P.D. only,Thru lane,unknown,unknown,Sideswipe,Stop sign,Daylight,01 - Daylight,Municipal (excl. Twp. Rd.),Stop sign,Functioning,0,0,0,FALSE,FALSE,FALSE,Clear,,TRUE,Road 1: WABANAKI DR; Road 2: WILSON AVE; Vehicle #1     Make:      Model:      Colour:      Style: ; Vehicle #2     Make: MAZD     Model: CX9     Colour: WHI     Style: TY,5/13/2021 11:30:12 AM,545275.9438,4806434.617