OBJECTID,ACCIDENTNUM,ACCIDENTDATE,ACCIDENT_YEAR,ACCIDENT_MONTH,ACCIDENT_DAY,ACCIDENT_HOUR,ACCIDENT_MINUTE,ACCIDENT_SECOND,ACCIDENT_WEEKDAY,XCOORD,YCOORD,LONGITUDE,LATITUDE,ACCIDENTLOCATION,COLLISIONTYPE,CLASSIFICATIONOFACCIDENT,IMPACTLOCATION,INITIALDIRECTIONOFTRAVELONE,INITIALDIRECTIONOFTRAVELTWO,INITIALIMPACTTYPE,INTTRAFFICCONTROL,LIGHT,LIGHTFORREPORT,ROADJURISDICTION,TRAFFICCONTROL,TRAFFICCONTROLCONDITION,THRULANENO,NORTHBOUNDDISOBEYCOUNT,SOUTHBOUNDDISOBEYCOUNT,PEDESTRIANINVOLVED,CYCLISTINVOLVED,MOTORCYCLISTINVOLVED,ENVIRONMENTCONDITION1,ENVIRONMENTCONDITION2,SELFREPORTED,XMLIMPORTNOTES,LASTEDITEDDATE,x,y
50567,20139353,7/4/2020 2:56:00 PM,2020,7,4,14,56,0,Saturday,545383.9282,4807796.134,-80.439354,43.42169,At/near private drive,2,P.D. only,Thru lane,unknown,unknown,Angle,Unknown,Daylight,01 - Daylight,Regional municipality,No control,unknown,0,0,0,FALSE,FALSE,FALSE,Clear,,TRUE,Road 1: 2960 KINGSWAY DR (FAIRWAY RD); Vehicle #1     Make: TOYT     Model: RV4     Colour: BLU     Style: TY; Vehicle #2     Make: TOYT     Model: RV4     Colour: GRY     Style: 4W,5/13/2021 11:39:43 AM,545383.9282,4807796.134
50568,20141162,7/6/2020 9:24:00 PM,2020,7,6,21,24,0,Monday,544883.1221,4804851.206,-80.445782,43.395204,At intersection,2,P.D. only,Left turn lane,unknown,unknown,Angle,Unknown,Dark,07 - Dark,Municipal (excl. Twp. Rd.),Traffic signal,Functioning,0,0,0,FALSE,FALSE,FALSE,Clear,,FALSE,Road 1: DOON VILLAGE RD (50 km/h); Road 2: PIONEER DR (50 km/h); Vehicle #1     Make:      Model:      Colour:      Style: ; Vehicle #2     Make: HYUN     Model: ESM     Colour: BLU     Style: 4D,5/13/2021 11:30:29 AM,544883.1221,4804851.206
50569,20141621,7/7/2020 1:43:00 PM,2020,7,7,13,43,0,Tuesday,539232.3464,4811447.039,-80.515082,43.45491,Intersection related,2,P.D. only,Within intersection,unknown,unknown,Angle,Unknown,Daylight,01 - Daylight,Municipal (excl. Twp. Rd.),Stop sign,Functioning,0,0,0,FALSE,FALSE,FALSE,Clear,,FALSE,Road 1: YORK ST (50 km/h); Road 2: MT HOPE ST (50 km/h); Vehicle #1     Make: MAZD     Model: M3I     Colour: BLU     Style: 4D; Vehicle #2     Make: DODG     Model: RPC     Colour: RED     Style: PK,5/13/2021 11:30:34 AM,539232.3464,4811447.039
50570,20141824,7/7/2020 2:00:00 PM,2020,7,7,14,0,0,Tuesday,546209.1701,4804775.364,-80.429415,43.39444,At/near private drive,2,Non-reportable,Thru lane,unknown,unknown,SMV unattended vehicle,Unknown,Daylight,01 - Daylight,Municipal (excl. Twp. Rd.),No control,unknown,0,0,0,FALSE,FALSE,FALSE,Clear,,TRUE,Road 1: ARROWHEAD CRES (IN FRONT OF THE HOUSE 50); Vehicle #1     Make: TOYT     Model: CUB     Colour: BLK     Style: 4D; Vehicle #2     Make: DODG     Model: CAR     Colour: BLK     Style: VN,5/13/2021 11:33:38 AM,546209.1701,4804775.364
50571,20142424,6/7/2020 3:30:00 PM,2020,6,7,15,30,0,Sunday,548038.253,4806103.685,-80.406714,43.406285,At/near private drive,2,P.D. only,Thru lane,unknown,unknown,SMV unattended vehicle,Unknown,Daylight,01 - Daylight,Municipal (excl. Twp. Rd.),No control,unknown,0,0,0,FALSE,FALSE,FALSE,Clear,,TRUE,Road 1: 226 PIONEER TOWER RD; Vehicle #1     Make: HYUN     Model: SAN     Colour: RED     Style: TY; Vehicle #2     Make: FORD     Model: SPE     Colour: BLK     Style: TY,5/13/2021 11:33:21 AM,548038.253,4806103.685
50572,20142732,7/8/2020 9:24:00 PM,2020,7,8,21,24,0,Wednesday,542960.6912,4814715.624,-80.468743,43.484136,Intersection related,2,P.D. only,Within intersection,unknown,unknown,Angle,Unknown,"Dark, artificial","08 - Dark, artificial",Municipal (excl. Twp. Rd.),Stop sign,Functioning,0,0,0,FALSE,FALSE,FALSE,Clear,,FALSE,Road 1: BLOOMINGDALE RD N (60 km/h); Road 2: NELSON AVE (50 km/h); Vehicle #1     Make: TOYT     Model: RV4     Colour: GRN     Style: TY; Vehicle #2     Make: HYUN     Model: SPL     Colour: GRY     Style: 4D,5/13/2021 11:29:56 AM,542960.6912,4814715.624
50573,20144004,7/10/2020 2:30:00 PM,2020,7,10,14,30,0,Friday,541817.8326,4812678.223,-80.483032,43.465856,Non intersection,2,P.D. only,Thru lane,unknown,unknown,Approaching,Unknown,Daylight,01 - Daylight,Regional municipality,No control,unknown,1,0,0,FALSE,FALSE,FALSE,Clear,,FALSE,Road 1: GUELPH ST (50 km/h); Road 2: LANCASTER ST W; Distance: 100.0 K E; Vehicle #1     Make: GMC     Model: SIE     Colour: GRY     Style: PK; Vehicle #2     Make: DODG     Model: RPC     Colour: WHI     Style: PK,5/13/2021 11:39:47 AM,541817.8326,4812678.223
50574,20144779,7/11/2020 4:04:00 PM,2020,7,11,16,4,0,Saturday,544115.438,4811895.67,-80.454692,43.458678,At intersection,1,Non-fatal injury,Within intersection,unknown,unknown,Angle,Unknown,Daylight,01 - Daylight,Regional municipality,unknown,Functioning,0,0,0,FALSE,FALSE,FALSE,Clear,,FALSE,Road 1: RIVER RD E (50 km/h); Road 2: MANCHESTER RD (50 km/h); Vehicle #1     Make: TOYT     Model: CHB     Colour: RED     Style: 4D; Vehicle #2     Make: FIAT     Model: 5SP     Colour: BLU     Style: 2B,5/13/2021 11:38:36 AM,544115.438,4811895.67
50575,20145783,7/12/2020 10:50:00 PM,2020,7,12,22,50,0,Sunday,539078.924,4811111.153,-80.517003,43.451894,Intersection related,2,P.D. only,Thru lane,unknown,unknown,Rear end,Unknown,"Dark, artificial","08 - Dark, artificial",Municipal (excl. Twp. Rd.),Traffic signal,Functioning,1,0,0,FALSE,FALSE,FALSE,Clear,,FALSE,Road 1: GLASGOW ST (50 km/h); Road 2: BELMONT AVE W; Distance: 5.0 K E; Vehicle #1     Make:      Model: -     Colour:      Style: ; Vehicle #2     Make: BUIC     Model: AXL     Colour: BLK     Style: 4D,5/13/2021 11:32:27 AM,539078.924,4811111.153
50576,20146304,7/13/2020 2:00:00 PM,2020,7,13,14,0,0,Monday,543230.9125,4810051.42,-80.465772,43.442124,Non intersection,2,Non-reportable,Thru lane,unknown,unknown,SMV unattended vehicle,Unknown,Daylight,01 - Daylight,Regional municipality,No control,unknown,0,0,0,FALSE,FALSE,FALSE,Clear,,TRUE,Road 1: SHELDON AVE N; Road 2: WEBER ST E; Vehicle #1     Make:      Model:      Colour:      Style: ; Vehicle #2     Make: HYUN     Model: GN2     Colour: GRY     Style: 2D,5/13/2021 11:40:26 AM,543230.9125,4810051.42
50577,20146638,7/14/2020 8:30:00 AM,2020,7,14,8,30,0,Tuesday,539079.729,4811110.758,-80.516993,43.45189,Intersection related,2,P.D. only,Within intersection,unknown,unknown,Angle,Unknown,Daylight,01 - Daylight,Regional municipality,Traffic signal,Functioning,0,0,0,FALSE,FALSE,FALSE,Clear,,TRUE,Road 1: BELMONT AVE W; Road 2: GLASGOW ST; Vehicle #1     Make: HOND     Model: UCL     Colour: WHI     Style: 4D; Vehicle #2     Make: GMC     Model: 35     Colour: WHI     Style: CO,5/13/2021 11:35:49 AM,539079.729,4811110.758
50578,20146659,7/14/2020 8:47:00 AM,2020,7,14,8,47,0,Tuesday,542356.9561,4806425.679,-80.476852,43.409527,Intersection related,1,Non-fatal injury,Within intersection,unknown,unknown,SMV other,Unknown,Daylight,01 - Daylight,Regional municipality,Stop sign,Functioning,0,0,0,TRUE,FALSE,FALSE,Clear,,FALSE,Road 1: TUERR DR (50 km/h); Road 2: COUNTRYSIDE CRES (50 km/h); Vehicle #1     Make: FRHT     Model: FM2     Colour: WHI     Style: CT,5/13/2021 11:38:13 AM,542356.9561,4806425.679
50579,20147045,7/14/2020 3:30:00 PM,2020,7,14,15,30,0,Tuesday,541194.5817,4803337.019,-80.491441,43.381781,Non intersection,2,P.D. only,Thru lane,unknown,unknown,Rear end,Unknown,Daylight,01 - Daylight,Regional municipality,No control,unknown,1,0,0,FALSE,FALSE,FALSE,Clear,,FALSE,Road 1: 1440 HURON RD (60 km/h); Road 2: HURON RD; Distance: 5.0 M N; Vehicle #1     Make: DODG     Model: DAK     Colour: BLK     Style: PK; Vehicle #2     Make: TOYT     Model: CTX     Colour: GRY     Style: 4B; Vehicle #3     Make: DODG     Model: CAR ,5/13/2021 11:39:18 AM,541194.5817,4803337.019
50580,20147114,7/14/2020 7:00:00 PM,2020,7,14,19,0,0,Tuesday,543938.4835,4805077.606,-80.457428,43.397298,Intersection related,2,P.D. only,Thru lane,unknown,unknown,Rear end,Unknown,Daylight,01 - Daylight,Municipal (excl. Twp. Rd.),Stop sign,Functioning,0,0,0,FALSE,FALSE,FALSE,Clear,,TRUE,Road 1: OLD HURON RD; Road 2: HURON RD; Vehicle #1     Make:      Model:      Colour:      Style: ; Vehicle #2     Make: HOND     Model: UDY     Colour: BLK     Style: TY,5/13/2021 11:28:00 AM,543938.4835,4805077.606
50581,20149138,7/17/2020 2:10:00 PM,2020,7,17,14,10,0,Friday,541217.2011,4811887.106,-80.490517,43.458766,At/near private drive,2,Non-reportable,Thru lane,unknown,unknown,Other,Unknown,Daylight,01 - Daylight,Municipal (excl. Twp. Rd.),No control,unknown,0,0,0,FALSE,FALSE,FALSE,Clear,,TRUE,Road 1: MARGARET AVE (IFO 121); Vehicle #1     Make: HYUN     Model: ESS     Colour: RED     Style: 4D; Vehicle #2     Make: CHEV     Model: EXP     Colour: WHI     Style: FV,5/13/2021 11:32:36 AM,541217.2011,4811887.106
50582,20149154,7/16/2020 8:10:00 PM,2020,7,16,20,10,0,Thursday,542303.52,4803942.43,-80.477704,43.387171,At/near private drive,2,Non-reportable,Thru lane,unknown,unknown,SMV unattended vehicle,Unknown,Dusk,05 - Dusk,Municipal (excl. Twp. Rd.),No control,unknown,0,0,0,FALSE,FALSE,FALSE,Clear,,TRUE,Road 1: 196 MAITLAND ST; Vehicle #1     Make:      Model:      Colour:      Style: ; Vehicle #2     Make: DODG     Model: CAR     Colour: BLK     Style: VN,5/13/2021 11:33:34 AM,542303.52,4803942.43
50583,20149582,7/18/2020 2:40:00 PM,2020,7,18,14,40,0,Saturday,546045.7983,4804449.732,-80.43146,43.391518,Non intersection,2,P.D. only,Left shoulder,unknown,unknown,SMV unattended vehicle,Unknown,Daylight,01 - Daylight,Municipal (excl. Twp. Rd.),No control,unknown,0,0,0,FALSE,FALSE,FALSE,Clear,,FALSE,Road 1: OLD CARRIAGE DR (50 km/h); Road 2: PIONEER DR; Distance: 200.0 M S; Vehicle #1     Make:      Model:      Colour:      Style: ; Vehicle #2     Make: HYUN     Model: ESM     Colour: WHI     Style: 4D; Vehicle #3     Make: HYUN     Model: SAN     Co,5/13/2021 11:31:07 AM,546045.7983,4804449.732
50584,20149617,7/18/2020 5:58:00 AM,2020,7,18,5,58,0,Saturday,540350.6575,4806817.959,-80.501602,43.41317,Intersection related,2,P.D. only,Not on roadway - left side,unknown,unknown,SMV other,Unknown,Daylight,01 - Daylight,Municipal (excl. Twp. Rd.),Stop sign,unknown,0,0,0,FALSE,FALSE,FALSE,Clear,,FALSE,Road 1: WILLIAMSBURG RD (50 km/h); Road 2: DINISON CRES (50 km/h); Distance: 8.0 M S; Vehicle #1     Make: DODG     Model: CHA     Colour: BLK     Style: 2D,5/13/2021 11:30:26 AM,540350.6575,4806817.959
50585,20149860,7/18/2020 2:16:00 PM,2020,7,18,14,16,0,Saturday,536921.8951,4808698.699,-80.543825,43.430281,Non intersection,1,Non-fatal injury,Not on roadway - right side,unknown,unknown,SMV other,Unknown,Daylight,01 - Daylight,Municipal (excl. Twp. Rd.),No control,unknown,0,0,0,TRUE,FALSE,FALSE,Clear,,FALSE,Road 1: 403 WESTFOREST TRAIL (50 km/h); Road 2: WESTFOREST TRAIL; Distance: 20.0 K W; Vehicle #1     Make: HYUN     Model: K3G     Colour: WHI     Style: TY,5/13/2021 11:31:23 AM,536921.8951,4808698.699
50586,20150618,7/19/2020 1:54:00 PM,2020,7,19,13,54,0,Sunday,540885.96,4812001.868,-80.494602,43.459817,Intersection related,1,Non-fatal injury,Within intersection,unknown,unknown,Angle,Unknown,Daylight,01 - Daylight,Municipal (excl. Twp. Rd.),Stop sign,Functioning,0,0,0,FALSE,FALSE,FALSE,Clear,,FALSE,Road 1: WILHELM ST (50 km/h); Road 2: AHRENS ST W (50 km/h); Vehicle #1     Make: FORD     Model: SPE     Colour: GRY     Style: TY; Vehicle #2     Make: KIA     Model: SOU     Colour: BLK     Style: TY,5/13/2021 11:30:24 AM,540885.96,4812001.868
50587,20150687,7/19/2020 3:45:00 PM,2020,7,19,15,45,0,Sunday,543792.6564,4809484.909,-80.458875,43.43699,Non intersection,2,P.D. only,Thru lane,unknown,unknown,Sideswipe,Unknown,Daylight,01 - Daylight,Regional municipality,No control,unknown,0,0,0,FALSE,FALSE,FALSE,Clear,,TRUE,Road 1: MONTGOMERY RD; Road 2: KING ST E; Vehicle #1     Make: HYUN     Model: ESM     Colour: GRY     Style: 4D; Vehicle #2     Make: RAM     Model: RTR     Colour: GRY     Style: PK,5/13/2021 11:40:53 AM,543792.6564,4809484.909
50588,20151471,7/20/2020 4:30:00 PM,2020,7,20,16,30,0,Monday,537487.6399,4809200.097,-80.536801,43.434768,Non intersection,2,P.D. only,Not on roadway - left side,unknown,unknown,SMV other,Unknown,Daylight,01 - Daylight,Regional municipality,No control,unknown,0,0,0,FALSE,FALSE,FALSE,Clear,,FALSE,Road 1: WEXFORD CRES (50 km/h); Road 2: STOKE DR; Distance: 170.0 K N; Vehicle #1     Make: CHEV     Model: CVT     Colour: WHI     Style: 2B,5/13/2021 11:39:23 AM,537487.6399,4809200.097
50589,20151940,7/17/2020 6:45:00 PM,2020,7,17,18,45,0,Friday,544970.3086,4811012.109,-80.444198,43.450671,At/near private drive,2,P.D. only,Thru lane,unknown,unknown,Sideswipe,Unknown,Daylight,01 - Daylight,Regional municipality,No control,unknown,0,0,0,FALSE,FALSE,FALSE,Clear,,TRUE,Road 1: 1025 OTTAWA ST N; Vehicle #1     Make: HYUN     Model: ETG     Colour: GRY     Style: 4B; Vehicle #2     Make:      Model:      Colour:      Style:,4/27/2022 10:42:23 AM,544970.3086,4811012.109
50590,20151946,7/2/2020 1:00:00 PM,2020,7,2,13,0,0,Thursday,539036.7625,4809014.615,-80.517674,43.433019,Non intersection,2,P.D. only,Thru lane,unknown,unknown,SMV unattended vehicle,Unknown,Daylight,01 - Daylight,Municipal (excl. Twp. Rd.),No control,unknown,0,0,0,FALSE,FALSE,FALSE,Clear,,TRUE,Road 1: OVERLEA DR; Road 2: KELLY; Vehicle #1     Make: HYUN     Model: SFT     Colour: BLK     Style: TY; Vehicle #2     Make: JEEP     Model: CMP     Colour: GRY     Style: TY,5/13/2021 11:31:11 AM,539036.7625,4809014.615
50591,20152250,7/17/2020 9:45:00 AM,2020,7,17,9,45,0,Friday,543937.9247,4811796.201,-80.456894,43.457792,At/near private drive,2,Non-reportable,Thru lane,unknown,unknown,SMV unattended vehicle,Unknown,Daylight,01 - Daylight,Municipal (excl. Twp. Rd.),No control,unknown,0,0,0,FALSE,FALSE,FALSE,Clear,,TRUE,Road 1: 55 PERKELL PLACE (PARKED ON ROADWAY); Vehicle #1     Make:      Model:      Colour:      Style: ; Vehicle #2     Make: KIA     Model: FLG     Colour: WHI     Style: 4D,5/13/2021 11:32:58 AM,543937.9247,4811796.201
50592,20152852,7/22/2020 1:14:00 PM,2020,7,22,13,14,0,Wednesday,540301.6514,4811097.706,-80.501892,43.451708,Non intersection,2,P.D. only,Not on roadway - right side,unknown,unknown,SMV unattended vehicle,Unknown,Daylight,01 - Daylight,Municipal (excl. Twp. Rd.),No control,unknown,0,0,0,FALSE,FALSE,FALSE,Clear,,FALSE,Road 1: JOSEPH ST (50 km/h); Road 2: VICTORIA ST S; Distance: 200.0 K N; Vehicle #1     Make: TOYT     Model: CEC     Colour: GRY     Style: 4D; Vehicle #2     Make: CHEV     Model: VTL     Colour: RED     Style: 4B,5/13/2021 11:26:23 AM,540301.6514,4811097.706
50593,20153027,7/22/2020 5:20:00 PM,2020,7,22,17,20,0,Wednesday,542444.1756,4803824.877,-80.475977,43.386104,Non intersection,2,P.D. only,Not on roadway - right side,unknown,unknown,SMV other,Unknown,Daylight,01 - Daylight,Municipal (excl. Twp. Rd.),No control,unknown,0,0,0,FALSE,FALSE,FALSE,Rain,,FALSE,Road 1: HURON RD (60 km/h); Road 2: SADDLEBROOK CT; Distance: 50.0 M S; Vehicle #1     Make: MERZ     Model: GLA     Colour: BLK     Style: TY,5/13/2021 11:33:27 AM,542444.1756,4803824.877
50594,20154647,7/24/2020 7:26:00 PM,2020,7,24,19,26,0,Friday,541950.7207,4810886.429,-80.481527,43.449715,Non intersection,1,Non-fatal injury,Not on roadway - right side,unknown,unknown,SMV other,Unknown,Daylight,01 - Daylight,Municipal (excl. Twp. Rd.),No control,unknown,0,0,0,FALSE,FALSE,FALSE,Clear,,FALSE,Road 1: LANCASTER ST E (50 km/h); Road 2: KRUG ST; Distance: 20.0 M W; Vehicle #1     Make: TOYT     Model: CTX     Colour: BLU     Style: 4B,5/13/2021 11:31:10 AM,541950.7207,4810886.429
50595,20155195,7/25/2020 2:15:00 PM,2020,7,25,14,15,0,Saturday,540068.4786,4810885.879,-80.504789,43.449813,At intersection,2,P.D. only,Thru lane,unknown,unknown,Rear end,Unknown,Daylight,01 - Daylight,Municipal (excl. Twp. Rd.),Stop sign,Functioning,1,0,0,FALSE,FALSE,FALSE,Clear,,FALSE,Road 1: PARK ST (50 km/h); Road 2: CHERRY ST (50 km/h); Distance: 0.0 K; Vehicle #1     Make: TOYT     Model: RG4     Colour: BRN     Style: TY; Vehicle #2     Make: VOLK     Model: GFS     Colour: GRN     Style: 4B,5/13/2021 11:34:19 AM,540068.4786,4810885.879
50596,20155217,7/25/2020 2:40:00 PM,2020,7,25,14,40,0,Saturday,545834.1387,4802634.727,-80.434225,43.375189,Non intersection,2,P.D. only,Thru lane,unknown,unknown,Sideswipe,Unknown,Daylight,01 - Daylight,Municipal (excl. Twp. Rd.),No control,unknown,0,0,0,FALSE,FALSE,FALSE,Clear,,TRUE,Road 1: 643 DOON SOUTH DR; Vehicle #1     Make: HYUN     Model: SAN     Colour: WHI     Style: TY; Vehicle #2     Make: DODG     Model: CTX     Colour: ONG     Style: 2D,5/13/2021 11:31:31 AM,545834.1387,4802634.727
50597,20155451,7/25/2020 8:44:00 PM,2020,7,25,20,44,0,Saturday,540756.1975,4806322.394,-80.49663,43.408686,Non intersection,2,P.D. only,Thru lane,unknown,unknown,SMV unattended vehicle,Unknown,Dusk,05 - Dusk,Municipal (excl. Twp. Rd.),No control,unknown,1,0,0,FALSE,FALSE,FALSE,Clear,,FALSE,Road 1: ERINBROOK DR (50 km/h); Road 2: TILLSLEY DR; Distance: 30.0 K E; Vehicle #1     Make: BMW     Model: C3I     Colour: SIL     Style: 4D; Vehicle #2     Make: FORD     Model: FL     Colour: BLK     Style: 4D,5/13/2021 11:31:27 AM,540756.1975,4806322.394
50598,20155713,7/26/2020 2:00:00 PM,2020,7,26,14,0,0,Sunday,541579.3159,4810752.137,-80.486127,43.448526,Intersection related,2,P.D. only,Not on roadway - right side,unknown,unknown,SMV other,Unknown,Daylight,01 - Daylight,Regional municipality,Traffic signal,Functioning,0,0,0,FALSE,FALSE,FALSE,Clear,,FALSE,Road 1: KING ST E (50 km/h); Road 2: SCOTT ST; Distance: 10.0 M N; Vehicle #1     Make: TOYT     Model: TUN     Colour: SIL     Style: CW,5/13/2021 11:36:38 AM,541579.3159,4810752.137
50599,20156350,7/26/2020 11:15:00 PM,2020,7,26,23,15,0,Sunday,544609.324,4809091.939,-80.448817,43.433404,At intersection,1,Non-fatal injury,Within intersection,unknown,unknown,Turning movement,Unknown,"Dark, artificial","08 - Dark, artificial",Regional municipality,Traffic signal,Functioning,0,0,0,FALSE,FALSE,FALSE,Clear,,FALSE,Road 1: KINGSWAY DR (50 km/h); Road 2: FRANKLIN ST S (50 km/h); Vehicle #1     Make: TOYT     Model: TUN     Colour: BLK     Style: PK; Vehicle #2     Make: HOND     Model: UAX     Colour: GRY     Style: 4D,5/13/2021 11:38:46 AM,544609.324,4809091.939
50600,20156540,7/1/2020 11:30:00 PM,2020,7,1,23,30,0,Wednesday,544032.7044,4808174.022,-80.456015,43.425173,At/near private drive,2,P.D. only,Thru lane,unknown,unknown,SMV unattended vehicle,Unknown,Dark,07 - Dark,Municipal (excl. Twp. Rd.),No control,unknown,0,0,0,FALSE,FALSE,FALSE,Clear,,TRUE,Road 1: HARBER AVE (IFO 86); Vehicle #1     Make:      Model:      Colour:      Style: ; Vehicle #2     Make: FORD     Model: EDG     Colour: WHI     Style: TY,5/13/2021 11:28:33 AM,544032.7044,4808174.022
50601,20156610,7/27/2020 11:25:00 AM,2020,7,27,11,25,0,Monday,537604.5663,4810054.344,-80.535297,43.442454,Intersection related,2,P.D. only,Not on roadway - right side,unknown,unknown,SMV unattended vehicle,Unknown,Daylight,01 - Daylight,Municipal (excl. Twp. Rd.),Stop sign,unknown,0,0,0,FALSE,FALSE,FALSE,Clear,,FALSE,Road 1: WESTWOOD DR (40 km/h); Road 2: GALLARNO CRT (40 km/h); Vehicle #1     Make: NISS     Model: ASL     Colour: SIL     Style: 4D; Vehicle #2     Make: MAZD     Model: M3S     Colour: BLK     Style: 4D; Vehicle #3     Make: HOND     Model: CTU     Col,5/13/2021 11:30:13 AM,537604.5663,4810054.344
50602,20157282,7/28/2020 11:00:00 AM,2020,7,28,11,0,0,Tuesday,546992.2466,4808376.141,-80.419437,43.426813,Intersection related,2,P.D. only,Thru lane,unknown,unknown,Other,Unknown,Daylight,01 - Daylight,Regional municipality,Stop sign,Functioning,0,0,0,FALSE,FALSE,FALSE,Clear,,TRUE,Road 1: GRAND RIVER BLVD; Road 2: RIVER RD E; Vehicle #1     Make: HINO     Model: HIN     Colour: WHI     Style: CT; Vehicle #2     Make: KIA     Model: FLX     Colour: SIL     Style: 4B,5/13/2021 11:40:14 AM,546992.2466,4808376.141
50603,20157446,7/28/2020 3:13:00 PM,2020,7,28,15,13,0,Tuesday,541752.9557,4810650.482,-80.483989,43.447601,Non intersection,1,Non-fatal injury,Right shoulder,unknown,unknown,Sideswipe,Unknown,Daylight,01 - Daylight,Municipal (excl. Twp. Rd.),No control,unknown,0,0,0,FALSE,TRUE,FALSE,Clear,,FALSE,Road 1: 300 KING ST E (50 km/h); Road 2: KING ST E; Distance: 2.0 K E; Vehicle #1     Make:      Model:      Colour:      Style: COU; Vehicle #2     Make: BICY     Model: .     Colour:      Style:,5/13/2021 11:28:39 AM,541752.9557,4810650.482
50604,20157897,7/28/2020 4:30:00 PM,2020,7,28,16,30,0,Tuesday,541843.5821,4810590.879,-80.482874,43.44706,Non intersection,2,Non-reportable,Thru lane,unknown,unknown,Rear end,Unknown,Daylight,01 - Daylight,Regional municipality,No control,unknown,0,0,0,FALSE,FALSE,FALSE,Clear,,TRUE,Road 1: KING ST E; Road 2: CEDAR ST S; Vehicle #1     Make: TOYT     Model: RV4     Colour: BLU     Style: TY; Vehicle #2     Make: VOLK     Model: GLF     Colour: BLU     Style: 2B,5/13/2021 11:40:22 AM,541843.5821,4810590.879
50605,20158058,7/29/2020 11:30:00 AM,2020,7,29,11,30,0,Wednesday,541141.5884,4806764.194,-80.491837,43.412643,At intersection,2,P.D. only,Within intersection,unknown,unknown,Turning movement,Unknown,Daylight,01 - Daylight,Municipal (excl. Twp. Rd.),unknown,Functioning,0,0,0,FALSE,FALSE,FALSE,Clear,,TRUE,Road 1: LAURENTIAN DR; Road 2: BLOCK LINE RD; Vehicle #1     Make: KIA     Model: SPO     Colour: BLK     Style: TY; Vehicle #2     Make: KIA     Model: SOU     Colour: SIL     Style: TY,5/13/2021 11:30:05 AM,541141.5884,4806764.194
50606,20159447,7/31/2020 7:00:00 AM,2020,7,31,7,0,0,Friday,542882.5343,4805424.694,-80.47044,43.400484,At/near private drive,2,P.D. only,Thru lane,unknown,unknown,Sideswipe,Unknown,Daylight,01 - Daylight,Municipal (excl. Twp. Rd.),No control,unknown,0,0,0,FALSE,FALSE,FALSE,Clear,,TRUE,Road 1: TRILLIUM DR (IFO 500); Road 2: STRASBURG RD; Vehicle #1     Make: GMC     Model: SIE     Colour: WHI     Style: PK; Vehicle #2     Make: HOND     Model: UDY     Colour: GRY     Style: TY,5/13/2021 11:27:34 AM,542882.5343,4805424.694
50607,20161606,8/2/2020 6:46:00 PM,2020,8,2,18,46,0,Sunday,535991.6823,4807553.11,-80.555393,43.420011,At/near private drive,2,P.D. only,Thru lane,unknown,unknown,Other,Unknown,Daylight,01 - Daylight,Municipal (excl. Twp. Rd.),No control,unknown,1,0,0,FALSE,FALSE,FALSE,Rain,,FALSE,Road 1: 102 PENELOPE DR (50 km/h); Road 2: PENELOPE DR; Distance: 2.0 K W; Vehicle #1     Make: AUDI     Model: A63     Colour: BGE     Style: 4D; Vehicle #2     Make: DODG     Model: CAR     Colour: GRY     Style: VN,5/13/2021 11:31:21 AM,535991.6823,4807553.11
50608,20161724,8/2/2020 10:30:00 PM,2020,8,2,22,30,0,Sunday,538785.1359,4810967.321,-80.520644,43.450614,Intersection related,2,P.D. only,Within intersection,unknown,unknown,Approaching,Unknown,Dark,07 - Dark,Municipal (excl. Twp. Rd.),Stop sign,Functioning,0,0,0,FALSE,FALSE,FALSE,Clear,,TRUE,Road 1: DUNBAR RD; Road 2: GLASGOW ST; Vehicle #1     Make: NISS     Model: VVL     Colour: SIL     Style: 4D; Vehicle #2     Make: MAZD     Model: M3I     Colour: GRY     Style: 4D,5/13/2021 11:34:10 AM,538785.1359,4810967.321
50609,20162182,8/3/2020 3:40:00 PM,2020,8,3,15,40,0,Monday,542627.754,4803999.287,-80.473697,43.387664,At intersection,2,P.D. only,Not on roadway - left side,unknown,unknown,SMV other,Unknown,Daylight,01 - Daylight,Municipal (excl. Twp. Rd.),Stop sign,unknown,0,0,0,FALSE,FALSE,FALSE,Rain,,FALSE,Road 1: FEATHERSTONE ST (60 km/h); Road 2: HURON RD (50 km/h); Vehicle #1     Make: VOLK     Model: JTC     Colour: GRN     Style: 4B,5/13/2021 11:32:08 AM,542627.754,4803999.287
50610,20162915,8/4/2020 2:00:00 PM,2020,8,4,14,0,0,Tuesday,545095.2927,4807778.988,-80.442921,43.421553,Non intersection,2,P.D. only,Thru lane,unknown,unknown,Angle,Unknown,Daylight,01 - Daylight,Regional municipality,No control,unknown,0,0,0,FALSE,FALSE,FALSE,Clear,,TRUE,Road 1: WILSON AVE; Road 2: FAIRWAY RD S; Vehicle #1     Make: HOND     Model: ACC     Colour: GRY     Style: 4D; Vehicle #2     Make: HOND     Model: CRV     Colour: SIL     Style: TY,5/13/2021 11:39:38 AM,545095.2927,4807778.988