OBJECTID,ACCIDENTNUM,ACCIDENTDATE,ACCIDENT_YEAR,ACCIDENT_MONTH,ACCIDENT_DAY,ACCIDENT_HOUR,ACCIDENT_MINUTE,ACCIDENT_SECOND,ACCIDENT_WEEKDAY,XCOORD,YCOORD,LONGITUDE,LATITUDE,ACCIDENTLOCATION,COLLISIONTYPE,CLASSIFICATIONOFACCIDENT,IMPACTLOCATION,INITIALDIRECTIONOFTRAVELONE,INITIALDIRECTIONOFTRAVELTWO,INITIALIMPACTTYPE,INTTRAFFICCONTROL,LIGHT,LIGHTFORREPORT,ROADJURISDICTION,TRAFFICCONTROL,TRAFFICCONTROLCONDITION,THRULANENO,NORTHBOUNDDISOBEYCOUNT,SOUTHBOUNDDISOBEYCOUNT,PEDESTRIANINVOLVED,CYCLISTINVOLVED,MOTORCYCLISTINVOLVED,ENVIRONMENTCONDITION1,ENVIRONMENTCONDITION2,SELFREPORTED,XMLIMPORTNOTES,LASTEDITEDDATE,x,y
50611,20163019,8/4/2020 4:16:00 PM,2020,8,4,16,16,0,Tuesday,537218.9986,4807578.671,-80.540231,43.420182,At intersection,1,Non-fatal injury,Thru lane,unknown,unknown,Sideswipe,Unknown,Daylight,01 - Daylight,Municipal (excl. Twp. Rd.),Stop sign,Functioning,1,0,0,FALSE,FALSE,FALSE,Clear,,FALSE,Road 1: WESTHEIGHTS DR (50 km/h); Road 2: BROKEN OAK CRESCENT (50 km/h); Vehicle #1     Make: HOND     Model: UDY     Colour: BLK     Style: VN; Vehicle #2     Make: SUBA     Model: I2P     Colour: BLU     Style: SW,5/13/2021 11:34:23 AM,537218.9986,4807578.671
50612,20163080,8/4/2020 5:20:00 PM,2020,8,4,17,20,0,Tuesday,541838.2826,4808906.689,-80.483068,43.431896,Intersection related,2,Non-reportable,Thru lane,unknown,unknown,Rear end,Unknown,Daylight,01 - Daylight,Municipal (excl. Twp. Rd.),Stop sign,Functioning,0,0,0,FALSE,FALSE,FALSE,Clear,,TRUE,Road 1: HOFFMAN ST; Road 2: MEINZINGER AVE; Vehicle #1     Make: CHEV     Model: IMP     Colour: BLK     Style: 4D; Vehicle #2     Make:      Model:      Colour:      Style:,5/13/2021 11:31:56 AM,541838.2826,4808906.689
50613,20163188,8/4/2020 8:25:00 PM,2020,8,4,20,25,0,Tuesday,542108.4813,4807131.297,-80.479867,43.415895,Intersection related,1,Non-fatal injury,Thru lane,unknown,unknown,Rear end,Unknown,Dark,07 - Dark,Municipal (excl. Twp. Rd.),Traffic signal,Functioning,1,0,0,FALSE,TRUE,FALSE,Clear,,FALSE,Road 1: STRASBURG RD (50 km/h); Road 2: BLOCK LINE RD (50 km/h); Vehicle #1     Make: PETE     Model:      Colour:      Style: ; Vehicle #2     Make: BICY     Model: .     Colour:      Style:,5/13/2021 11:34:21 AM,542108.4813,4807131.297
50614,20164520,8/6/2020 2:45:00 PM,2020,8,6,14,45,0,Thursday,541497.6236,4808743.141,-80.48729,43.430442,Intersection related,2,P.D. only,Thru lane,unknown,unknown,Rear end,Unknown,Daylight,01 - Daylight,Regional municipality,unknown,Functioning,0,0,0,FALSE,FALSE,FALSE,Clear,,TRUE,Road 1: HOFFMAN ST; Road 2: HIGHLAND RD E SOUTHDALE KITCHENER; Vehicle #1     Make: MERZ     Model: M35     Colour: SIL     Style: TY; Vehicle #2     Make: CHEV     Model: CAL     Colour: GRY     Style: PK,5/13/2021 11:38:27 AM,541497.6236,4808743.141
50615,20164550,8/6/2020 2:30:00 PM,2020,8,6,14,30,0,Thursday,538077.2226,4810112.36,-80.529453,43.442952,At/near private drive,2,Non-reportable,Thru lane,unknown,unknown,SMV unattended vehicle,Unknown,Daylight,01 - Daylight,Municipal (excl. Twp. Rd.),No control,unknown,0,0,0,FALSE,FALSE,FALSE,Clear,,TRUE,Road 1: MARKWOOD DR (IFO 88); Vehicle #1     Make:      Model:      Colour:      Style: ; Vehicle #2     Make: HOND     Model: AST     Colour: GRN     Style: 4D,5/13/2021 11:29:14 AM,538077.2226,4810112.36
50616,20164743,8/6/2020 9:38:00 PM,2020,8,6,21,38,0,Thursday,544282.5586,4808358.31,-80.452914,43.426817,Intersection related,2,P.D. only,Not on roadway - left side,unknown,unknown,SMV other,Unknown,Dark,07 - Dark,Municipal (excl. Twp. Rd.),unknown,Functioning,0,0,0,FALSE,FALSE,FALSE,Clear,,FALSE,Road 1: WILSON AVE (40 km/h); Road 2: FRANKLIN ST S (50 km/h); Vehicle #1     Make: OLDS     Model: AUR     Colour: BLK     Style: 4D,5/13/2021 11:32:12 AM,544282.5586,4808358.31
50617,20165143,8/7/2020 12:30:00 PM,2020,8,7,12,30,0,Friday,545146.9459,4807735.234,-80.442287,43.421156,At/near private drive,2,P.D. only,Thru lane,unknown,unknown,Turning movement,Unknown,Daylight,01 - Daylight,Regional municipality,No control,unknown,0,0,0,FALSE,FALSE,FALSE,Clear,,TRUE,Road 1: 385 FAIRWAY RD S; Road 2: WILSON AVE; Vehicle #1     Make: HOND     Model: UCL     Colour: WHI     Style: 4D; Vehicle #2     Make: MERZ     Model: C4A     Colour: BLK     Style: 4D; Vehicle #3     Make: HYUN     Model: ESM     Colour: RED     Styl,8/16/2022 2:57:17 PM,545146.9459,4807735.234
50618,20165151,8/7/2020 12:45:00 PM,2020,8,7,12,45,0,Friday,541515.303,4807850.759,-80.487139,43.422406,Non intersection,2,P.D. only,Thru lane,unknown,unknown,Rear end,Unknown,Daylight,01 - Daylight,Regional municipality,No control,unknown,0,0,0,FALSE,FALSE,FALSE,Clear,,TRUE,Road 1: STRASBURG RD; Road 2: OTTAWA ST S; Vehicle #1     Make: VOLV     Model: S6R     Colour: GRY     Style: 4D; Vehicle #2     Make: HOND     Model: UAX     Colour: WHI     Style: 4D,5/13/2021 11:39:40 AM,541515.303,4807850.759
50619,20165963,8/8/2020 1:06:00 PM,2020,8,8,13,6,0,Saturday,543726.4331,4812024.72,-80.45949,43.459862,Non intersection,2,P.D. only,Thru lane,unknown,unknown,SMV unattended vehicle,Unknown,Daylight,01 - Daylight,Regional municipality,No control,unknown,1,0,0,FALSE,FALSE,FALSE,Clear,,FALSE,Road 1: 208 RIVER RD E (50 km/h); Road 2: RIVER RD E; Distance: 2.0 K S; Vehicle #1     Make: TOYT     Model: RG4     Colour: WHI     Style: TY; Vehicle #2     Make: CHEV     Model: CZT     Colour: RED     Style: 4D,5/13/2021 11:40:38 AM,543726.4331,4812024.72
50620,20167400,8/10/2020 12:45:00 PM,2020,8,10,12,45,0,Monday,543988.5997,4807776.872,-80.456592,43.421599,At intersection,1,Non-fatal injury,Within intersection,unknown,unknown,Angle,Unknown,Daylight,01 - Daylight,Municipal (excl. Twp. Rd.),unknown,Functioning,0,0,0,FALSE,FALSE,FALSE,Clear,,TRUE,Road 1: VANIER DR; Road 2: SIEBERT AVE; Vehicle #1     Make: HOND     Model: AST     Colour: BLK     Style: 4D; Vehicle #2     Make: HYUN     Model: SAN     Colour: WHI     Style: TY,5/13/2021 11:30:43 AM,543988.5997,4807776.872
50621,20168257,8/9/2020 12:46:00 AM,2020,8,9,0,46,0,Sunday,547022.5467,4810472.07,-80.418882,43.445683,At/near private drive,2,P.D. only,Thru lane,unknown,unknown,SMV unattended vehicle,Unknown,Dark,07 - Dark,Municipal (excl. Twp. Rd.),No control,unknown,0,0,0,FALSE,FALSE,FALSE,Clear,,TRUE,Road 1: ROLLING ACRES DR (IFO 47); Vehicle #1     Make: VOLK     Model: JES     Colour: BLK     Style: 4D; Vehicle #2     Make: MAZD     Model: 3TR     Colour: WHI     Style: 4D,5/13/2021 11:32:40 AM,547022.5467,4810472.07
50622,20168370,7/11/2020 6:30:00 AM,2020,7,11,6,30,0,Saturday,544755.4447,4808023.96,-80.447099,43.423779,Intersection related,2,Non-reportable,Thru lane,unknown,unknown,Rear end,Unknown,Daylight,01 - Daylight,Municipal (excl. Twp. Rd.),Traffic signal,Functioning,0,0,0,FALSE,FALSE,FALSE,Clear,,TRUE,Road 1: TRAYNOR AVE; Road 2: WILSON AVE; Vehicle #1     Make: TOYT     Model: MTL     Colour: GRY     Style: 4D; Vehicle #2     Make: NISS     Model: SML     Colour: RED     Style: 4D,5/13/2021 11:33:57 AM,544755.4447,4808023.96
50623,20168399,8/11/2020 4:30:00 PM,2020,8,11,16,30,0,Tuesday,546355.8805,4809129.625,-80.427234,43.433637,Non intersection,2,P.D. only,Thru lane,unknown,unknown,Angle,Unknown,Daylight,01 - Daylight,Regional municipality,No control,unknown,0,0,0,FALSE,FALSE,FALSE,Clear,,TRUE,Road 1: RIVER RD E; Road 2: FAIRWAY RD N; Vehicle #1     Make: CHEV     Model: CZT     Colour: GRY     Style: 4D; Vehicle #2     Make: TOYT     Model: CBL     Colour: GRY     Style: 4D,5/13/2021 11:40:49 AM,546355.8805,4809129.625
50624,20168410,8/11/2020 4:00:00 PM,2020,8,11,16,0,0,Tuesday,540966.972,4810535.002,-80.493711,43.446605,Non intersection,2,Non-reportable,Thru lane,unknown,unknown,Rear end,Unknown,Daylight,01 - Daylight,Regional municipality,No control,unknown,0,0,0,FALSE,FALSE,FALSE,Clear,,TRUE,Road 1: COURTLAND AVE W; Road 2: JUBILEE DR; Vehicle #1     Make: HOND     Model: CXG     Colour: SIL     Style: 4D; Vehicle #2     Make: NISS     Model: A2S     Colour: WHI     Style: 4D,8/16/2022 2:55:55 PM,540966.972,4810535.002
50625,20168417,8/11/2020 4:58:00 PM,2020,8,11,16,58,0,Tuesday,542476.5537,4810188.698,-80.475083,43.443403,Non intersection,1,Non-fatal injury,Thru lane,unknown,unknown,Approaching,Unknown,Daylight,01 - Daylight,Municipal (excl. Twp. Rd.),No control,unknown,1,0,0,FALSE,FALSE,FALSE,Clear,,FALSE,Road 1: 880 KING ST E (50 km/h); Road 2: KING ST E; Distance: 5.0 M W; Vehicle #1     Make: HYUN     Model: EST     Colour: SIL     Style: 4D; Vehicle #2     Make: NISS     Model: KIC     Colour: MLT     Style: 4B,5/13/2021 11:27:02 AM,542476.5537,4810188.698
50626,20168742,8/12/2020 3:00:00 AM,2020,8,12,3,0,0,Wednesday,541809.3171,4810637.705,-80.483293,43.447483,Non intersection,2,P.D. only,Right shoulder,unknown,unknown,SMV other,Unknown,Dark,07 - Dark,Municipal (excl. Twp. Rd.),No control,unknown,0,0,0,FALSE,FALSE,FALSE,Clear,,FALSE,Road 1: CEDAR ST N (50 km/h); Road 2: KING ST E; Distance: 20.0 K N; Vehicle #1     Make: VOLK     Model: JSE     Colour: BLK     Style: 4D,5/13/2021 11:33:15 AM,541809.3171,4810637.705
50627,20168954,8/12/2020 12:13:00 PM,2020,8,12,12,13,0,Wednesday,541366.158,4808654.885,-80.48892,43.429654,Non intersection,1,Non-fatal injury,Thru lane,unknown,unknown,Rear end,Unknown,Daylight,01 - Daylight,Regional municipality,No control,unknown,1,0,0,FALSE,FALSE,FALSE,Clear,,FALSE,Road 1: HOFFMAN ST (50 km/h); Road 2: HOMER WATSON BLVD; Distance: 15.0 M N; Vehicle #1     Make: FORD     Model: VAN     Colour: WHI     Style: FV; Vehicle #2     Make: FORD     Model: SPE     Colour: GRY     Style: TY,5/13/2021 11:36:56 AM,541366.158,4808654.885
50628,20169209,8/4/2020 5:10:00 PM,2020,8,4,17,10,0,Tuesday,540990.5789,4809700.894,-80.493482,43.439093,Non intersection,2,P.D. only,Thru lane,unknown,unknown,Rear end,Unknown,Daylight,01 - Daylight,Regional municipality,No control,unknown,0,0,0,FALSE,FALSE,FALSE,Clear,,TRUE,Road 1: 140 HIGHLAND RD E (IN FRONT OF 140); Vehicle #1     Make: CHEV     Model: SNT     Colour: GRY     Style: 4D; Vehicle #2     Make: HOND     Model: UDY     Colour: RED     Style: TY,8/16/2022 2:59:22 PM,540990.5789,4809700.894
50629,20169293,8/8/2020 11:45:00 AM,2020,8,8,11,45,0,Saturday,539251.9191,4810072.224,-80.514939,43.44253,Non intersection,2,P.D. only,Thru lane,unknown,unknown,Sideswipe,Unknown,Daylight,01 - Daylight,Municipal (excl. Twp. Rd.),No control,unknown,0,0,0,FALSE,FALSE,FALSE,Clear,,TRUE,Road 1: LAWRENCE AVE; Road 2: TALBOT ST; Vehicle #1     Make: FORD     Model: SPE     Colour: WHI     Style: TY; Vehicle #2     Make: TOYT     Model: CEP     Colour: BRN     Style: 4D,5/13/2021 11:32:30 AM,539251.9191,4810072.224
50630,20169769,8/12/2020 5:10:00 PM,2020,8,12,17,10,0,Wednesday,545240.1392,4803118.293,-80.441517,43.379579,Non intersection,2,P.D. only,Thru lane,unknown,unknown,SMV unattended vehicle,Unknown,Daylight,01 - Daylight,Municipal (excl. Twp. Rd.),No control,unknown,0,0,0,FALSE,FALSE,FALSE,Clear,,TRUE,Road 1: FOREST CREEK DR; Road 2: DOON CREEK ST; Vehicle #1     Make:      Model:      Colour:      Style: ; Vehicle #2     Make: HOND     Model: FKG     Colour: GRY     Style: 4B,5/13/2021 11:32:38 AM,545240.1392,4803118.293
50631,20170152,8/13/2020 11:33:00 PM,2020,8,13,23,33,0,Thursday,539866.8778,4809174.559,-80.507406,43.434415,Non intersection,1,Non-fatal injury,Not on roadway - right side,unknown,unknown,SMV other,Unknown,"Dark, artificial","08 - Dark, artificial",Municipal (excl. Twp. Rd.),No control,unknown,0,0,0,FALSE,FALSE,FALSE,Clear,,FALSE,Road 1: QUEENS BLVD (50 km/h); Road 2: HAHN PL; Distance: 3.0 K E; Vehicle #1     Make: KIA     Model: SOR     Colour: BLK     Style: TY,5/13/2021 11:27:04 AM,539866.8778,4809174.559
50632,20170976,8/14/2020 11:07:00 PM,2020,8,14,23,7,0,Friday,542633.7194,4805359.727,-80.473517,43.399914,At intersection,1,Non-fatal injury,Within intersection,unknown,unknown,Angle,Unknown,Dark,07 - Dark,Regional municipality,Stop sign,Functioning,0,0,0,FALSE,FALSE,FALSE,Clear,,FALSE,Road 1: TRILLIUM DR (50 km/h); Road 2: MCBRINE DR (50 km/h); Vehicle #1     Make: NISS     Model: SML     Colour: BLK     Style: 4D; Vehicle #2     Make: DODG     Model: CXA     Colour: GRY     Style: 4D,5/13/2021 11:40:10 AM,542633.7194,4805359.727
50633,20172019,8/16/2020 11:15:00 AM,2020,8,16,11,15,0,Sunday,540275.617,4809958.696,-80.502297,43.441453,At/near private drive,2,P.D. only,Off highway,unknown,unknown,SMV unattended vehicle,Unknown,Daylight,01 - Daylight,Municipal (excl. Twp. Rd.),No control,unknown,0,0,0,FALSE,FALSE,FALSE,Other,,FALSE,Road 1: WEST AVE (50 km/h); Road 2: HIGHLAND RD W; Distance: 30.0 M N; Vehicle #1     Make: TOYT     Model: AXP     Colour: RED     Style: 4D; Vehicle #2     Make: LNDR     Model: LR2     Colour: BLK     Style: TY; Vehicle #3     Make: GMC     Model: SIE ,5/13/2021 11:27:09 AM,540275.617,4809958.696
50634,20172347,8/16/2020 5:00:00 PM,2020,8,16,17,0,0,Sunday,540120.3023,4806759.786,-80.504452,43.412659,At/near private drive,2,Non-reportable,Thru lane,unknown,unknown,SMV unattended vehicle,Unknown,Daylight,01 - Daylight,Regional municipality,No control,unknown,0,0,0,FALSE,FALSE,FALSE,Clear,,TRUE,Road 1: 16 ALBION ST (ON ROAD IN FRONT OF HOUSE); Vehicle #1     Make:      Model:      Colour:      Style: ; Vehicle #2     Make: BUIC     Model: ALX     Colour: GRY     Style: 4D,5/13/2021 11:39:45 AM,540120.3023,4806759.786
50635,20172420,8/17/2020 12:14:00 AM,2020,8,17,0,14,0,Monday,542486.4378,4810552.947,-80.474932,43.446682,Non intersection,2,P.D. only,Right shoulder,unknown,unknown,SMV unattended vehicle,Unknown,Dark,07 - Dark,Municipal (excl. Twp. Rd.),No control,unknown,0,0,0,FALSE,FALSE,FALSE,Clear,,FALSE,Road 1: 76 STIRLING AVE N (50 km/h); Road 2: STIRLING AVE N; Distance: 3.0 M W; Vehicle #1     Make: NISS     Model: SL2     Colour: SIL     Style: 4D; Vehicle #2     Make: TOYT     Model: YAR     Colour: BLU     Style: 4B; Vehicle #3     Make: CHEV     M,5/13/2021 11:25:04 AM,542486.4378,4810552.947
50636,20172589,8/17/2020 9:58:00 AM,2020,8,17,9,58,0,Monday,545491.254,4804591.696,-80.438295,43.39283,At/near private drive,1,Non-fatal injury,Thru lane,unknown,unknown,Sideswipe,Unknown,Daylight,01 - Daylight,Municipal (excl. Twp. Rd.),No control,unknown,1,0,0,FALSE,FALSE,FALSE,Clear,,FALSE,Road 1: 15 BECHTEL DR (50 km/h); Road 2: BECHTEL DR; Distance: 0.0 K E; Vehicle #1     Make: HYUN     Model: TUC     Colour: BLK     Style: TY; Vehicle #2     Make: KW     Model: CON     Colour: WHI     Style: CT,5/13/2021 11:35:35 AM,545491.254,4804591.696
50637,20173412,8/18/2020 10:35:00 AM,2020,8,18,10,35,0,Tuesday,540797.1522,4811364.346,-80.495748,43.454082,Non intersection,2,P.D. only,Not on roadway - right side,unknown,unknown,SMV other,Unknown,Daylight,01 - Daylight,Regional municipality,No control,unknown,0,0,0,FALSE,FALSE,FALSE,Clear,,FALSE,Road 1: DUKE ST W (50 km/h); Road 2: VICTORIA ST N; Distance: 8.0 K S; Vehicle #1     Make: TOYT     Model: SIE     Colour: GRY     Style: VN,5/13/2021 11:40:42 AM,540797.1521,4811364.346
50638,20173625,8/18/2020 3:01:00 PM,2020,8,18,15,1,0,Tuesday,542178.0351,4811766.504,-80.478649,43.457626,Intersection related,2,P.D. only,Thru lane,unknown,unknown,SMV unattended vehicle,Unknown,Daylight,01 - Daylight,Regional municipality,Stop sign,unknown,1,0,0,FALSE,FALSE,FALSE,Clear,,FALSE,Road 1: LOCUST ST (50 km/h); Road 2: MANSON ST (50 km/h); Vehicle #1     Make: FORD     Model: TSA     Colour: WHI     Style: 4D; Vehicle #2     Make: PONT     Model: TOR     Colour: GRN     Style: TY,5/13/2021 11:36:27 AM,542178.0351,4811766.504
50639,20173643,8/8/2020 1:30:00 PM,2020,8,8,13,30,0,Saturday,541098.5512,4809683.02,-80.492149,43.438927,At/near private drive,2,P.D. only,Thru lane,unknown,unknown,Turning movement,Unknown,Daylight,01 - Daylight,Municipal (excl. Twp. Rd.),No control,unknown,0,0,0,FALSE,FALSE,FALSE,Clear,,TRUE,Road 1: 271 SPADINA RD E; Vehicle #1     Make: FORD     Model: COF     Colour: BLU     Style: PK; Vehicle #2     Make: LEXS     Model: LS4     Colour: BRN     Style: 4D,5/13/2021 11:33:18 AM,541098.5512,4809683.02
50640,20173704,8/18/2020 4:20:00 PM,2020,8,18,16,20,0,Tuesday,542343.7611,4811869.91,-80.476593,43.458548,At/near private drive,2,P.D. only,Off highway,unknown,unknown,SMV other,Unknown,Daylight,01 - Daylight,Municipal (excl. Twp. Rd.),No control,unknown,0,0,0,FALSE,FALSE,FALSE,Clear,,FALSE,Road 1: DUNHAM AVE (50 km/h); Road 2: MANSION ST (50 km/h); Distance: 20.0 M N; Vehicle #1     Make: TOYT     Model: UCS     Colour: GRY     Style: 4D,5/13/2021 11:28:40 AM,542343.7611,4811869.91
50641,20173719,7/9/2020 8:00:00 AM,2020,7,9,8,0,0,Thursday,548212.5339,4810486.522,-80.404175,43.445737,Non intersection,2,Non-reportable,Thru lane,unknown,unknown,SMV unattended vehicle,Unknown,Daylight,01 - Daylight,Municipal (excl. Twp. Rd.),No control,unknown,0,0,0,FALSE,FALSE,FALSE,Clear,,TRUE,Road 1: 130 UPPER MERCER ST; Vehicle #1     Make: HOND     Model: PIL     Colour: GRY     Style: TY; Vehicle #2     Make: ACUR     Model: TXT     Colour: WHI     Style: 4D,5/13/2021 11:31:25 AM,548212.5339,4810486.523
50642,20174507,8/19/2020 6:42:00 PM,2020,8,19,18,42,0,Wednesday,539833.8378,4811252.384,-80.507662,43.453126,At/near private drive,1,Non-fatal injury,Thru lane,unknown,unknown,Other,Unknown,Daylight,01 - Daylight,Municipal (excl. Twp. Rd.),No control,unknown,1,0,0,FALSE,TRUE,FALSE,Clear,,FALSE,Road 1: GRUHN ST (50 km/h); Road 2: 28 GRUHN ST; Distance: 5.0 K W; Vehicle #1     Make: MAZD     Model: MA5     Colour: WHI     Style: 4B; Vehicle #2     Make: PONT     Model: SPOR     Colour: BLK     Style: EBI,5/13/2021 11:33:29 AM,539833.8378,4811252.384
50643,20174672,8/19/2020 10:50:00 PM,2020,8,19,22,50,0,Wednesday,543835.0781,4811849.652,-80.458161,43.45828,At/near private drive,2,P.D. only,Thru lane,unknown,unknown,Other,Unknown,"Dark, artificial","08 - Dark, artificial",Municipal (excl. Twp. Rd.),No control,unknown,1,0,0,FALSE,FALSE,FALSE,Clear,,FALSE,Road 1: 613 KRUG ST (50 km/h); Road 2: KRUG ST; Distance: 1.0 K W; Vehicle #1     Make: VOLK     Model: GLF     Colour: RED     Style: 4B; Vehicle #2     Make: GMC     Model: ACA     Colour: GRY     Style: TY,5/13/2021 11:34:37 AM,543835.0781,4811849.652
50644,20174942,8/20/2020 9:38:00 AM,2020,8,20,9,38,0,Thursday,541940.6055,4810611.057,-80.481673,43.447236,At/near private drive,2,Non-reportable,Thru lane,unknown,unknown,SMV unattended vehicle,Unknown,Daylight,01 - Daylight,Municipal (excl. Twp. Rd.),No control,unknown,0,0,0,FALSE,FALSE,FALSE,Clear,,TRUE,Road 1: 18 MADISON AVE N (ON ROADWAY); Vehicle #1     Make:      Model:      Colour:      Style: ; Vehicle #2     Make: SUZI     Model: SXA     Colour: GRY     Style: 4B,5/13/2021 11:33:31 AM,541940.6055,4810611.057
50645,20175243,8/20/2020 4:50:00 PM,2020,8,20,16,50,0,Thursday,537193.1441,4809283.98,-80.540434,43.435538,Intersection related,2,Non-reportable,Within intersection,unknown,unknown,Angle,Unknown,Daylight,01 - Daylight,Municipal (excl. Twp. Rd.),Stop sign,unknown,0,0,0,FALSE,FALSE,FALSE,Clear,,TRUE,Road 1: GREENGABLE WAY; Road 2: WESTFOREST TRAIL; Vehicle #1     Make: FORD     Model: SRW     Colour: WHI     Style: PK; Vehicle #2     Make: STRN     Model: VUE     Colour: GRY     Style: TY,5/13/2021 11:33:50 AM,537193.1441,4809283.98
50646,20175297,8/20/2020 5:00:00 PM,2020,8,20,17,0,0,Thursday,541771.7634,4807051.159,-80.484032,43.415192,At/near private drive,2,P.D. only,Thru lane,unknown,unknown,SMV unattended vehicle,Unknown,Daylight,01 - Daylight,Municipal (excl. Twp. Rd.),No control,unknown,0,0,0,FALSE,FALSE,FALSE,Clear,,TRUE,Road 1: 65 BLACKHORNE CRESCENT (IN FRONT OF 65 RESIDENCE ON STREET); Vehicle #1     Make:      Model:      Colour:      Style: ; Vehicle #2     Make: HYUN     Model: ETG     Colour: BLU     Style: 4B,5/13/2021 11:28:46 AM,541771.7634,4807051.159
50647,20175452,8/20/2020 10:07:00 PM,2020,8,20,22,7,0,Thursday,545306.9542,4808451.856,-80.440251,43.427598,At/near private drive,2,P.D. only,Right shoulder,unknown,unknown,SMV unattended vehicle,Unknown,"Dark, artificial","08 - Dark, artificial",Municipal (excl. Twp. Rd.),No control,unknown,0,0,0,FALSE,FALSE,FALSE,Clear,,FALSE,Road 1: 49 CEDARWOODS CRES (50 km/h); Road 2: CEDARWOODS CRES; Distance: 3.0 K E; Vehicle #1     Make: FORD     Model: TIN     Colour: WHI     Style: 4D; Vehicle #2     Make: VOLK     Model: C2T     Colour: BLK     Style: SW,5/13/2021 11:31:40 AM,545306.9542,4808451.856
50648,20175826,8/21/2020 1:00:00 PM,2020,8,21,13,0,0,Friday,537400.3805,4807445.344,-80.537999,43.418972,At intersection,2,P.D. only,Within intersection,unknown,unknown,Angle,Unknown,Daylight,01 - Daylight,Municipal (excl. Twp. Rd.),Stop sign,Functioning,0,0,0,FALSE,FALSE,FALSE,Clear,,TRUE,Road 1: WINDING WAY; Road 2: WESTHEIGHTS DR; Vehicle #1     Make: NISS     Model: MUR     Colour: ONG     Style: TY; Vehicle #2     Make: FORD     Model: FEE     Colour: RED     Style: 4B,5/13/2021 11:32:03 AM,537400.3805,4807445.344
50649,20176013,8/21/2020 4:26:00 PM,2020,8,21,16,26,0,Friday,545004.8784,4804709.899,-80.444291,43.393924,At/near private drive,1,Non-fatal injury,Thru lane,unknown,unknown,Angle,Unknown,Daylight,01 - Daylight,Municipal (excl. Twp. Rd.),No control,unknown,1,0,0,FALSE,FALSE,FALSE,Clear,,FALSE,Road 1: DOON VILLAGE RD (50 km/h); Road 2: 737 DOON VILLAGE RD; Distance: 10.0 K E; Vehicle #1     Make: DODG     Model: RPC     Colour: GRY     Style: CW; Vehicle #2     Make: VOLK     Model: JBS     Colour: BLU     Style: 4D,5/13/2021 11:25:08 AM,545004.8784,4804709.899
50650,20176221,8/21/2020 9:26:00 PM,2020,8,21,21,26,0,Friday,541418.4096,4808612.799,-80.488278,43.429273,Intersection related,1,Non-fatal injury,Thru lane,unknown,unknown,Approaching,Unknown,Dark,07 - Dark,Regional municipality,Stop sign,unknown,1,0,0,TRUE,TRUE,FALSE,Clear,,FALSE,Road 1: HOMER WATSON BLVD (60 km/h); Road 2: 7 8 W OFF TO HOMER WATSON BLVD (40 km/h); Vehicle #1     Make:      Model:      Colour:      Style: ; Vehicle #2     Make: BICY     Model: BICY     Colour:      Style: BIC,5/13/2021 11:40:04 AM,541418.4096,4808612.799
50651,20176403,8/22/2020 3:20:00 AM,2020,8,22,3,20,0,Saturday,540673.3809,4809344.158,-80.497428,43.435899,At/near private drive,2,P.D. only,Thru lane,unknown,unknown,SMV unattended vehicle,Unknown,Dark,07 - Dark,Municipal (excl. Twp. Rd.),No control,unknown,0,0,0,FALSE,FALSE,FALSE,Clear,,TRUE,Road 1: 130 PLEASANT AVE; Vehicle #1     Make: NISS     Model: ROG     Colour: BLU     Style: TY; Vehicle #2     Make: BMW     Model: BX3     Colour: BRZ     Style: 4D,5/13/2021 11:28:19 AM,540673.3809,4809344.158
50652,20176709,8/22/2020 3:19:00 PM,2020,8,22,15,19,0,Saturday,540870.8822,4808249.383,-80.49507,43.42603,Intersection related,2,P.D. only,Thru lane,unknown,unknown,SMV other,Unknown,Daylight,01 - Daylight,Municipal (excl. Twp. Rd.),Stop sign,Functioning,1,0,0,FALSE,FALSE,FALSE,Clear,,FALSE,Road 1: AVALON PL (50 km/h); Road 2: STIRLING AVE S (50 km/h); Vehicle #1     Make: DODG     Model: CAR     Colour: RED     Style: VN,5/13/2021 11:30:28 AM,540870.8822,4808249.383
50653,20176932,8/22/2020 8:05:00 PM,2020,8,22,20,5,0,Saturday,543732.5067,4808095.994,-80.45973,43.424488,Intersection related,2,P.D. only,Right shoulder,unknown,unknown,SMV other,Unknown,Dusk,05 - Dusk,Municipal (excl. Twp. Rd.),unknown,Functioning,0,0,0,FALSE,FALSE,FALSE,Clear,,FALSE,Road 1: SHELLEY DR (50 km/h); Road 2: VANIER DR (50 km/h); Vehicle #1     Make: TOYO     Model: CAM     Colour: BLK     Style: 4D,5/13/2021 11:31:59 AM,543732.5067,4808095.994