OBJECTID,ACCIDENTNUM,ACCIDENTDATE,ACCIDENT_YEAR,ACCIDENT_MONTH,ACCIDENT_DAY,ACCIDENT_HOUR,ACCIDENT_MINUTE,ACCIDENT_SECOND,ACCIDENT_WEEKDAY,XCOORD,YCOORD,LONGITUDE,LATITUDE,ACCIDENTLOCATION,COLLISIONTYPE,CLASSIFICATIONOFACCIDENT,IMPACTLOCATION,INITIALDIRECTIONOFTRAVELONE,INITIALDIRECTIONOFTRAVELTWO,INITIALIMPACTTYPE,INTTRAFFICCONTROL,LIGHT,LIGHTFORREPORT,ROADJURISDICTION,TRAFFICCONTROL,TRAFFICCONTROLCONDITION,THRULANENO,NORTHBOUNDDISOBEYCOUNT,SOUTHBOUNDDISOBEYCOUNT,PEDESTRIANINVOLVED,CYCLISTINVOLVED,MOTORCYCLISTINVOLVED,ENVIRONMENTCONDITION1,ENVIRONMENTCONDITION2,SELFREPORTED,XMLIMPORTNOTES,LASTEDITEDDATE,x,y
50654,20177503,8/23/2020 3:53:00 PM,2020,8,23,15,53,0,Sunday,546048.9112,4804920.456,-80.431382,43.395756,At/near private drive,1,Non-fatal injury,Not on roadway - right side,unknown,unknown,Angle,Unknown,Daylight,01 - Daylight,Regional municipality,No control,unknown,0,0,0,FALSE,TRUE,FALSE,Clear,,FALSE,Road 1: 40 PIONEER DR (50 km/h); Road 2: PIONEER DR; Distance: 0.0 K E; Vehicle #1     Make: MAZD     Model: M5T     Colour: WHI     Style: SW; Vehicle #2     Make: BICY     Model: EBIK     Colour:      Style: EBI,5/13/2021 11:38:48 AM,546048.9112,4804920.456
50655,20178399,8/24/2020 6:10:00 PM,2020,8,24,18,10,0,Monday,542318.9421,4803650.98,-80.477537,43.384546,Non intersection,2,P.D. only,Right shoulder,unknown,unknown,SMV other,Unknown,Daylight,01 - Daylight,Municipal (excl. Twp. Rd.),No control,unknown,0,0,0,FALSE,FALSE,TRUE,Clear,,FALSE,Road 1: HURON RD (60 km/h); Road 2: SPACHMAN ST; Distance: 152.0 M E; Vehicle #1     Make: YAMA     Model: ZFC     Colour: BLU     Style: MS,5/13/2021 11:29:17 AM,542318.9421,4803650.981
50656,20178829,8/25/2020 9:40:00 AM,2020,8,25,9,40,0,Tuesday,544725.3716,4810051.981,-80.447304,43.442041,Non intersection,2,P.D. only,Thru lane,unknown,unknown,Rear end,Unknown,Daylight,01 - Daylight,Regional municipality,No control,unknown,0,0,0,FALSE,FALSE,FALSE,Clear,,TRUE,Road 1: FRANKLIN ST N; Road 2: KENNETH AVE; Vehicle #1     Make: MERZ     Model: MG3     Colour: WHI     Style: TY; Vehicle #2     Make: HYUN     Model: BGS     Colour: RED     Style: 4D,5/13/2021 11:36:58 AM,544725.3716,4810051.981
50657,20179017,8/25/2020 1:54:00 PM,2020,8,25,13,54,0,Tuesday,545833.08,4802616.681,-80.43424,43.375026,Intersection related,2,P.D. only,Right shoulder,unknown,unknown,SMV unattended vehicle,Unknown,Daylight,01 - Daylight,Municipal (excl. Twp. Rd.),unknown,Functioning,0,0,0,FALSE,FALSE,FALSE,Clear,,FALSE,Road 1: DOON SOUTH DR (50 km/h); Road 2: THOMAS SLEE DR (50 km/h); Distance: 2.0 M N; Vehicle #1     Make: NEWF     Model: XD4     Colour: WHI     Style: BU; Vehicle #2     Make: TOYT     Model: UXS     Colour: GRY     Style: 4D,5/13/2021 11:29:50 AM,545833.08,4802616.681
50658,20179099,8/25/2020 3:00:00 PM,2020,8,25,15,0,0,Tuesday,539541.5762,4810099.903,-80.511358,43.442764,Non intersection,2,P.D. only,Thru lane,unknown,unknown,Rear end,Unknown,Daylight,01 - Daylight,Regional municipality,No control,unknown,0,0,0,FALSE,FALSE,FALSE,Clear,,TRUE,Road 1: BELMONT AVE W; Road 2: VICTORIA ST S; Vehicle #1     Make: TOYT     Model: RG4     Colour: GRN     Style: TY; Vehicle #2     Make: DODG     Model: CLB     Colour: BGE     Style: 4D,5/13/2021 11:37:31 AM,539541.5762,4810099.903
50659,20179251,8/25/2020 6:26:00 PM,2020,8,25,18,26,0,Tuesday,541929.7667,4807934.448,-80.482013,43.423136,Intersection related,1,Non-fatal injury,Within intersection,unknown,unknown,SMV other,Unknown,Daylight,01 - Daylight,Municipal (excl. Twp. Rd.),Stop sign,Functioning,0,0,0,TRUE,FALSE,FALSE,Clear,,FALSE,Road 1: FLINT DR (50 km/h); Road 2: KINGSWOOD DR (50 km/h); Vehicle #1     Make: CHEV     Model: SNT     Colour: RED     Style: 4B,5/13/2021 11:24:00 AM,541929.7667,4807934.448
50660,20179343,8/25/2020 8:20:00 PM,2020,8,25,20,20,0,Tuesday,544611.7383,4809093.676,-80.448787,43.433419,Intersection related,1,Non-fatal injury,Within intersection,unknown,unknown,SMV other,Unknown,Dusk,05 - Dusk,Regional municipality,Traffic signal,Functioning,0,0,0,TRUE,FALSE,FALSE,Clear,,FALSE,Road 1: KINGSWAY DR (50 km/h); Road 2: FRANKLIN ST S (50 km/h); Vehicle #1     Make: HOND     Model: FIS     Colour: BLK     Style: 4B,5/13/2021 11:36:33 AM,544611.7383,4809093.676
50661,20179893,8/25/2020 8:00:00 PM,2020,8,25,20,0,0,Tuesday,542013.6985,4810719.993,-80.480761,43.448213,Non intersection,2,P.D. only,Thru lane,unknown,unknown,SMV other,Unknown,Dusk,05 - Dusk,Municipal (excl. Twp. Rd.),No control,unknown,0,0,0,FALSE,FALSE,FALSE,Clear,,TRUE,Road 1: MADISON AVE N; Road 2: DUKE ST E; Vehicle #1     Make: MAZD     Model: X3S     Colour: BLK     Style: SW,5/13/2021 11:25:00 AM,542013.6985,4810719.993
50662,20180513,8/27/2020 11:14:00 AM,2020,8,27,11,14,0,Thursday,542458.9071,4809932.381,-80.475321,43.441096,At/near private drive,2,P.D. only,Not on roadway - right side,unknown,unknown,Turning movement,Unknown,Daylight,01 - Daylight,Municipal (excl. Twp. Rd.),No control,unknown,0,0,0,FALSE,FALSE,FALSE,Clear,,FALSE,Road 1: 70 BORDEN AVE S (50 km/h); Road 2: BORDEN AVE S; Distance: 3.0 K E; Vehicle #1     Make: TOYT     Model: CIE     Colour: GRY     Style: VN; Vehicle #2     Make:      Model:      Colour:      Style:,5/13/2021 11:31:38 AM,542458.9071,4809932.381
50663,20180661,8/27/2020 2:00:00 PM,2020,8,27,14,0,0,Thursday,545364.377,4811023.504,-80.439327,43.45075,At intersection,1,Non-fatal injury,Within intersection,unknown,unknown,Angle,Unknown,Daylight,01 - Daylight,Municipal (excl. Twp. Rd.),unknown,Functioning,0,0,0,FALSE,FALSE,FALSE,Clear,,FALSE,Road 1: HOLBORN DR (50 km/h); Road 2: OLD CHICOPEE DR (50 km/h); Vehicle #1     Make: PETE     Model:      Colour:      Style: ; Vehicle #2     Make: FORD     Model: FSE     Colour: BLK     Style: 2D,5/13/2021 11:31:58 AM,545364.377,4811023.504
50664,20181279,7/23/2020 5:50:00 PM,2020,7,23,17,50,0,Thursday,542471.068,4812924.013,-80.474937,43.468032,Intersection related,2,P.D. only,Within intersection,unknown,unknown,Angle,Unknown,Daylight,01 - Daylight,Municipal (excl. Twp. Rd.),Stop sign,Functioning,0,0,0,FALSE,FALSE,FALSE,Clear,,TRUE,Road 1: SEREDA RD; Road 2: GUELPH ST; Vehicle #1     Make: TOYT     Model: UCS     Colour: BRN     Style: 4D; Vehicle #2     Make: BMW     Model: 20X     Colour: WHI     Style: 4D,5/13/2021 11:25:39 AM,542471.068,4812924.013
50665,20181549,8/28/2020 5:49:00 PM,2020,8,28,17,49,0,Friday,545943.879,4808729.013,-80.432359,43.430055,Non intersection,1,Non-fatal injury,Thru lane,unknown,unknown,Rear end,Unknown,Daylight,01 - Daylight,Municipal (excl. Twp. Rd.),No control,unknown,1,0,0,FALSE,FALSE,FALSE,Clear,,FALSE,Road 1: MORGAN AVE (50 km/h); Road 2: FAIRWAY RD N; Distance: 40.0 K W; Vehicle #1     Make: HYUN     Model: SAN     Colour: BLU     Style: TY; Vehicle #2     Make: KIA     Model: SED     Colour: WHI     Style: VN,5/13/2021 11:33:24 AM,545943.879,4808729.013
50666,20182433,8/29/2020 9:13:00 PM,2020,8,29,21,13,0,Saturday,539471.3337,4810343.901,-80.512208,43.444965,Non intersection,2,P.D. only,Right shoulder,unknown,unknown,SMV unattended vehicle,Unknown,Dark,07 - Dark,Municipal (excl. Twp. Rd.),No control,unknown,0,0,0,FALSE,FALSE,FALSE,Clear,,FALSE,Road 1: 50 ADELAIDE ST (50 km/h); Road 2: ADELAIDE ST; Distance: 2.0 M W; Vehicle #1     Make: KIA     Model: RBL     Colour: BLK     Style: 4D; Vehicle #2     Make: HOND     Model: CVT     Colour: GRY     Style: 4D,5/13/2021 11:29:12 AM,539471.3337,4810343.901
50667,20182733,8/30/2020 8:16:00 PM,2020,8,30,20,16,0,Sunday,546738.6104,4812239.768,-80.422239,43.461617,Non intersection,2,P.D. only,Not on roadway - right side,unknown,unknown,SMV other,Unknown,Dark,07 - Dark,Regional municipality,No control,unknown,0,0,0,FALSE,FALSE,FALSE,Clear,,FALSE,Road 1: OTTERBEIN RD (50 km/h); Road 2: 502 OTTERBEIN RD; Distance: 1.0 K N; Vehicle #1     Make: AUDI     Model: AQ7     Colour: BLK     Style: TY,5/13/2021 11:38:51 AM,546738.6104,4812239.768
50668,20183437,8/25/2020 1:45:00 PM,2020,8,25,13,45,0,Tuesday,541654.4348,4812969.936,-80.485029,43.468491,Non intersection,2,P.D. only,Thru lane,unknown,unknown,SMV unattended vehicle,Unknown,Daylight,01 - Daylight,Municipal (excl. Twp. Rd.),No control,unknown,0,0,0,FALSE,FALSE,FALSE,Clear,,TRUE,Road 1: ELIZABETH ST; Road 2: LANCASTER ST W; Vehicle #1     Make: DODG     Model: CAR     Colour: WHI     Style: VN; Vehicle #2     Make: TOYT     Model: RV4     Colour: GRY     Style: TY,5/13/2021 11:26:21 AM,541654.4348,4812969.936
50669,20184273,8/19/2020 5:00:00 PM,2020,8,19,17,0,0,Wednesday,547083.8848,4809837.923,-80.418179,43.439969,Non intersection,2,P.D. only,Thru lane,unknown,unknown,Other,Unknown,Daylight,01 - Daylight,Municipal (excl. Twp. Rd.),No control,unknown,0,0,0,FALSE,FALSE,FALSE,Clear,,TRUE,Road 1: 448 BEAUMONT CRESCENT; Vehicle #1     Make: TOYT     Model: SIE     Colour: GRY     Style: VN; Vehicle #2     Make: MAZD     Model: CX5     Colour: RED     Style: TY,5/13/2021 11:28:15 AM,547083.8848,4809837.923
50670,20184344,8/20/2020 9:30:00 AM,2020,8,20,9,30,0,Thursday,542073.0726,4807174.644,-80.480301,43.416287,Non intersection,2,P.D. only,Thru lane,unknown,unknown,Rear end,Unknown,Daylight,01 - Daylight,Regional municipality,No control,unknown,0,0,0,FALSE,FALSE,FALSE,Clear,,TRUE,Road 1: STRASBURG RD; Road 2: BLOCK LINE RD; Vehicle #1     Make: TOYT     Model: TUN     Colour: BLK     Style: CW; Vehicle #2     Make: DODG     Model: DAK     Colour: WHI     Style: PK,5/13/2021 11:40:33 AM,542073.0726,4807174.644
50671,20184446,8/3/2020 6:30:00 PM,2020,8,3,18,30,0,Monday,538149.2677,4809109.108,-80.528632,43.433915,At/near private drive,2,P.D. only,Thru lane,unknown,unknown,Other,Unknown,Daylight,01 - Daylight,Municipal (excl. Twp. Rd.),No control,unknown,0,0,0,FALSE,FALSE,FALSE,Clear,,TRUE,Road 1: 209 BENESFORT CRESCENT (IFO 209); Vehicle #1     Make: HOND     Model: CRV     Colour: BLK     Style: TY; Vehicle #2     Make: MAZD     Model: M3G     Colour: BLK     Style: 4D,5/13/2021 11:35:05 AM,538149.2677,4809109.108
50672,20184564,9/1/2020 4:05:00 PM,2020,9,1,16,5,0,Tuesday,542595.1463,4810148.737,-80.47362,43.443036,Non intersection,2,P.D. only,Right shoulder,unknown,unknown,SMV other,Unknown,Daylight,01 - Daylight,Regional municipality,No control,unknown,0,0,0,FALSE,FALSE,FALSE,Clear,,FALSE,Road 1: BORDEN AVE N (50 km/h); Road 2: KING ST E; Distance: 25.0 K N; Vehicle #1     Make: HYUN     Model: TUC     Colour: BLK     Style: TY,5/13/2021 11:38:53 AM,542595.1463,4810148.737
50673,20185164,9/2/2020 11:36:00 AM,2020,9,2,11,36,0,Wednesday,541470.482,4808797.881,-80.487621,43.430936,Non intersection,2,P.D. only,Thru lane,unknown,unknown,Rear end,Unknown,Daylight,01 - Daylight,Regional municipality,No control,unknown,1,0,0,FALSE,FALSE,FALSE,Clear,,FALSE,Road 1: HIGHLAND RD E (50 km/h); Road 2: HOFFMAN ST (50 km/h); Distance: 60.0 M W; Vehicle #1     Make: NISS     Model: ROG     Colour: WHI     Style: TY; Vehicle #2     Make: GMC     Model: SAV     Colour: BLK     Style: VN,5/13/2021 11:39:10 AM,541470.482,4808797.881
50674,20185396,9/2/2020 4:30:00 PM,2020,9,2,16,30,0,Wednesday,538139.2447,4810653.789,-80.528648,43.447824,Intersection related,2,P.D. only,Not on roadway - right side,unknown,unknown,SMV other,Unknown,Daylight,01 - Daylight,Municipal (excl. Twp. Rd.),Stop sign,Functioning,0,0,0,FALSE,FALSE,FALSE,Clear,,FALSE,Road 1: 66 GLASGOW ST (50 km/h); Road 2: INWOOD DR (50 km/h); Vehicle #1     Make: TOYT     Model: MTL     Colour: SIL     Style: 4D,5/13/2021 11:32:22 AM,538139.2447,4810653.789
50675,20186755,9/4/2020 10:00:00 AM,2020,9,4,10,0,0,Friday,544806.8323,4811716.555,-80.446161,43.457024,At/near private drive,2,P.D. only,Thru lane,unknown,unknown,SMV unattended vehicle,Unknown,Daylight,01 - Daylight,Municipal (excl. Twp. Rd.),No control,unknown,0,0,0,FALSE,FALSE,FALSE,Clear,,TRUE,Road 1: 42 BETTLEY CRESCENT (IN FRONT OF 42); Vehicle #1     Make: DODG     Model: CVR     Colour: RED     Style: VN; Vehicle #2     Make: FORD     Model: DRW     Colour: WHI     Style: CB,5/13/2021 11:28:48 AM,544806.8323,4811716.555
50676,20186923,9/4/2020 1:40:00 PM,2020,9,4,13,40,0,Friday,541448.4588,4808717.961,-80.487899,43.430218,Non intersection,2,Non-reportable,Thru lane,unknown,unknown,Rear end,Unknown,Daylight,01 - Daylight,Regional municipality,No control,unknown,0,0,0,FALSE,FALSE,FALSE,Clear,,TRUE,Road 1: HOFFMAN ST; Road 2: HIGHLAND RD E; Vehicle #1     Make: NISS     Model: ROS     Colour: SIL     Style: 4W; Vehicle #2     Make:      Model:      Colour:      Style:,5/13/2021 11:36:49 AM,541448.4588,4808717.961
50677,20187802,9/5/2020 4:43:00 PM,2020,9,5,16,43,0,Saturday,542253.8872,4807870.412,-80.478014,43.422542,At/near private drive,2,P.D. only,Not on roadway - right side,unknown,unknown,SMV other,Unknown,Daylight,01 - Daylight,Regional municipality,No control,unknown,0,0,0,FALSE,FALSE,FALSE,Clear,,FALSE,Road 1: 190 ALPINE RD (50 km/h); Road 2: ALPINE RD; Distance: 2.0 K W; Vehicle #1     Make: FORD     Model: FST     Colour: BLU     Style: 4W,5/13/2021 11:37:17 AM,542253.8872,4807870.412
50678,20188592,9/6/2020 7:13:00 PM,2020,9,6,19,13,0,Sunday,539616.8711,4811375.299,-80.510335,43.454244,Intersection related,2,P.D. only,Not on roadway - right side,unknown,unknown,SMV other,Unknown,Dusk,05 - Dusk,Regional municipality,Traffic signal,Functioning,0,0,0,TRUE,FALSE,FALSE,Clear,,FALSE,Road 1: 33 PARK ST (50 km/h); Road 2: GLASGOW ST (50 km/h); Distance: 30.0 M E; Vehicle #1     Make: VOLK     Model: JTD     Colour: BLK     Style: 4D,5/13/2021 11:38:41 AM,539616.8711,4811375.299
50679,20190289,9/9/2020 5:45:00 AM,2020,9,9,5,45,0,Wednesday,538901.2906,4811471.862,-80.519172,43.455151,Intersection related,2,P.D. only,Within intersection,unknown,unknown,Turning movement,Unknown,Dark,07 - Dark,Municipal (excl. Twp. Rd.),Traffic signal,Functioning,0,0,0,FALSE,FALSE,FALSE,"Fog, mist, smoke, dust",,TRUE,Road 1: UNION BLVD; Road 2: BELMONT AVE W; Vehicle #1     Make: MITS     Model: LST     Colour: GRY     Style: 4D; Vehicle #2     Make: HOND     Model: CRV     Colour: SIL     Style: TY,5/13/2021 11:27:56 AM,538901.2906,4811471.862
50680,20190358,7/16/2020 12:00:00 PM,2020,7,16,12,0,0,Thursday,545385.6257,4810183.494,-80.439135,43.443185,Intersection related,2,Non-reportable,Thru lane,unknown,unknown,Other,Unknown,Daylight,01 - Daylight,Regional municipality,Stop sign,Functioning,0,0,0,FALSE,FALSE,FALSE,Clear,,TRUE,Road 1: RIVER RD; Road 2: RENNIE DR; Vehicle #1     Make:      Model:      Colour:      Style: ; Vehicle #2     Make: SUBA     Model: FOR     Colour: GRN     Style: TY,5/13/2021 11:38:44 AM,545385.6257,4810183.494
50681,20190379,8/13/2020 6:00:00 AM,2020,8,13,6,0,0,Thursday,543982.6307,4811335.802,-80.456379,43.453644,Non intersection,2,P.D. only,Thru lane,unknown,unknown,SMV unattended vehicle,Unknown,Dawn,03 - Dawn,Municipal (excl. Twp. Rd.),No control,unknown,0,0,0,FALSE,FALSE,FALSE,Clear,,TRUE,Road 1: MANCHESTER RD (IFO 268); Vehicle #1     Make:      Model:      Colour:      Style: ; Vehicle #2     Make: NISS     Model: ABS     Colour: SIL     Style: 4D,5/13/2021 11:28:29 AM,543982.6307,4811335.802
50682,20190386,8/6/2020 1:40:00 PM,2020,8,6,13,40,0,Thursday,540968.6001,4810323.633,-80.493707,43.444702,Non intersection,2,P.D. only,Thru lane,unknown,unknown,SMV unattended vehicle,Unknown,Daylight,01 - Daylight,Municipal (excl. Twp. Rd.),No control,unknown,0,0,0,FALSE,FALSE,FALSE,Clear,,TRUE,Road 1: MITCHELL ST; Road 2: QUEEN ST S; Vehicle #1     Make:      Model:      Colour:      Style: ; Vehicle #2     Make: SUBA     Model: CRO     Colour: BLK     Style: TY,5/13/2021 11:32:43 AM,540968.6001,4810323.633
50683,20191437,9/10/2020 3:10:00 PM,2020,9,10,15,10,0,Thursday,542508.7628,4807146.811,-80.474921,43.416012,At/near private drive,2,P.D. only,Thru lane,unknown,unknown,Rear end,Unknown,Daylight,01 - Daylight,Municipal (excl. Twp. Rd.),No control,unknown,0,0,0,FALSE,FALSE,FALSE,Clear,,TRUE,Road 1: 54 COUNTRY HILL DR (IN FRONT OF 54 ON ROADWAY); Vehicle #1     Make: PONT     Model: G5C     Colour: BLK     Style: 4D; Vehicle #2     Make: DODG     Model: CAR     Colour: BLK     Style: VN,5/13/2021 11:29:01 AM,542508.7628,4807146.811
50684,20191522,9/10/2020 4:45:00 PM,2020,9,10,16,45,0,Thursday,545096.0984,4807778.593,-80.442911,43.421549,Non intersection,2,Non-reportable,Thru lane,unknown,unknown,Sideswipe,Unknown,Daylight,01 - Daylight,Regional municipality,No control,unknown,0,0,0,FALSE,FALSE,FALSE,Clear,,TRUE,Road 1: WILSON AVE; Road 2: FAIRWAY RD S; Vehicle #1     Make:      Model:      Colour:      Style: ; Vehicle #2     Make: MITS     Model: LST     Colour: RED     Style: 4D,5/13/2021 11:37:00 AM,545096.0984,4807778.593
50685,20191541,9/10/2020 5:16:00 PM,2020,9,10,17,16,0,Thursday,546825.4669,4804106.114,-80.421863,43.388376,Non intersection,1,Non-fatal injury,Not on roadway - right side,unknown,unknown,SMV other,Unknown,Daylight,01 - Daylight,Municipal (excl. Twp. Rd.),No control,unknown,0,0,0,FALSE,FALSE,FALSE,Clear,,FALSE,Road 1: DOON VILLAGE RD (50 km/h); Road 2: DOON SOUTH DR; Distance: 50.0 M S; Vehicle #1     Make: FORD     Model: COF     Colour: BLU     Style: PK,5/13/2021 11:33:00 AM,546825.4669,4804106.114
50686,20192274,9/11/2020 2:00:00 PM,2020,9,11,14,0,0,Friday,545036.2192,4807867.207,-80.443643,43.422351,At intersection,2,P.D. only,Left turn lane,unknown,unknown,Sideswipe,Unknown,Daylight,01 - Daylight,Municipal (excl. Twp. Rd.),Traffic signal,Functioning,0,0,0,FALSE,FALSE,FALSE,Clear,,TRUE,Road 1: KINGSWAY DR; Road 2: WILSON AVE; Vehicle #1     Make: NISS     Model: NV2     Colour: WHI     Style: FV; Vehicle #2     Make: NISS     Model: KIC     Colour: SIL     Style: 4B,5/13/2021 11:28:02 AM,545036.2192,4807867.207
50687,20192365,9/11/2020 5:30:00 PM,2020,9,11,17,30,0,Friday,540694.6183,4810284.105,-80.497096,43.444361,Non intersection,2,Non-reportable,Thru lane,unknown,unknown,Rear end,Unknown,Daylight,01 - Daylight,Regional municipality,No control,unknown,0,0,0,FALSE,FALSE,FALSE,Clear,,TRUE,Road 1: JUBLEE; Road 2: DAVID ST; Vehicle #1     Make: MAZD     Model: M6S     Colour: GRY     Style: 4B; Vehicle #2     Make: HOND     Model: UCL     Colour: BLK     Style: 4D; Vehicle #3     Make: MAZD     Model: MCX     Colour: GRY     Style: TY,5/13/2021 11:37:06 AM,540694.6183,4810284.105
50688,20192507,9/11/2020 8:43:00 PM,2020,9,11,20,43,0,Friday,540977.5549,4805843.311,-80.493932,43.40436,At/near private drive,2,P.D. only,Thru lane,unknown,unknown,SMV unattended vehicle,Unknown,Dark,07 - Dark,Municipal (excl. Twp. Rd.),No control,unknown,1,0,0,FALSE,FALSE,FALSE,Clear,,FALSE,Road 1: 251 ERINBROOK DR (40 km/h); Road 2: ERINBROOK DR; Distance: 1.0 K S; Vehicle #1     Make: TOYT     Model: CBS     Colour: BLU     Style: 4D; Vehicle #2     Make: JEEP     Model: LIB     Colour: BLU     Style: TY,5/13/2021 11:27:27 AM,540977.5549,4805843.311
50689,20194029,9/13/2020 8:30:00 PM,2020,9,13,20,30,0,Sunday,546581.8589,4808506.074,-80.424496,43.428008,Non intersection,2,P.D. only,Thru lane,unknown,unknown,SMV unattended vehicle,Unknown,Dark,07 - Dark,Municipal (excl. Twp. Rd.),No control,unknown,1,0,0,FALSE,FALSE,FALSE,Clear,,FALSE,Road 1: 27 GREENDALE CRESCENT (50 km/h); Road 2: GREENDALE CRES; Distance: 2.0 M S; Vehicle #1     Make: AUDI     Model: AQ7     Colour: GRY     Style: TY; Vehicle #2     Make: CHEV     Model: CZT     Colour: BLU     Style: 4D,5/13/2021 11:29:08 AM,546581.8589,4808506.074
50690,20194234,9/13/2020 3:50:00 PM,2020,9,13,15,50,0,Sunday,542466.6833,4807225.108,-80.475435,43.416719,Non intersection,2,Non-reportable,Thru lane,unknown,unknown,SMV unattended vehicle,Unknown,Daylight,01 - Daylight,Municipal (excl. Twp. Rd.),No control,unknown,0,0,0,FALSE,FALSE,FALSE,Clear,,TRUE,Road 1: 20 COUNTRY HILL DR; Vehicle #1     Make:      Model:      Colour:      Style: ; Vehicle #2     Make: HOND     Model: FIT     Colour: GRY     Style: 4B,5/13/2021 11:26:30 AM,542466.6833,4807225.108
50691,20194570,6/6/2020 4:45:00 PM,2020,6,6,16,45,0,Saturday,538760.7775,4807793.711,-80.52117,43.42204,At/near private drive,2,Non-reportable,Thru lane,unknown,unknown,Other,Unknown,Daylight,01 - Daylight,Municipal (excl. Twp. Rd.),No control,unknown,0,0,0,FALSE,FALSE,FALSE,Clear,,TRUE,Road 1: 58 MCGARRY DR; Vehicle #1     Make: FORD     Model: RNG     Colour: GRY     Style: PK; Vehicle #2     Make:      Model:      Colour:      Style:,5/13/2021 11:34:59 AM,538760.7775,4807793.711
50692,20194578,6/4/2020 3:00:00 PM,2020,6,4,15,0,0,Thursday,546651.9786,4803465.054,-80.42406,43.382615,Non intersection,2,Non-reportable,Thru lane,unknown,unknown,SMV unattended vehicle,Unknown,Daylight,01 - Daylight,Regional municipality,No control,unknown,0,0,0,FALSE,FALSE,FALSE,Clear,,TRUE,Road 1: 63 WINDING WOOD CRESCENT; Vehicle #1     Make:      Model:      Colour:      Style: ; Vehicle #2     Make: HOND     Model: CCL     Colour: WHI     Style: 4D,5/13/2021 11:40:56 AM,546651.9786,4803465.054
50693,20194813,9/14/2020 6:35:00 PM,2020,9,14,18,35,0,Monday,539724.9673,4808380.211,-80.509217,43.42727,At/near private drive,2,Non-reportable,Right shoulder,unknown,unknown,SMV unattended vehicle,Unknown,Daylight,01 - Daylight,Municipal (excl. Twp. Rd.),No control,unknown,0,0,0,FALSE,FALSE,FALSE,Clear,,TRUE,Road 1: 335 GREENBROOK DR (IFO 335); Vehicle #1     Make: VOLK     Model: C2T     Colour: SIL     Style: 4D; Vehicle #2     Make: GMC     Model: SON     Colour: BLK     Style: PK,5/13/2021 11:26:54 AM,539724.9673,4808380.211
50694,20195271,9/15/2020 1:18:00 PM,2020,9,15,13,18,0,Tuesday,536923.5562,4808688.623,-80.543805,43.43019,At/near private drive,2,P.D. only,Not on roadway - left side,unknown,unknown,SMV unattended vehicle,Unknown,Daylight,01 - Daylight,Municipal (excl. Twp. Rd.),No control,unknown,0,0,0,FALSE,FALSE,FALSE,Clear,,FALSE,Road 1: 407 WESTFOREST TRAIL (50 km/h); Road 2: WESTFOREST TRAIL; Distance: 0.0 M S; Vehicle #1     Make: CADI     Model: CT     Colour: BLK     Style: 4D; Vehicle #2     Make: DODG     Model: CAR     Colour: RED     Style: VN,5/13/2021 11:25:02 AM,536923.5562,4808688.623
50695,20195285,6/12/2020 6:15:00 PM,2020,6,12,18,15,0,Friday,545856.0976,4804741.294,-80.433778,43.394155,At intersection,2,Non-reportable,Thru lane,unknown,unknown,Rear end,Unknown,Daylight,01 - Daylight,Municipal (excl. Twp. Rd.),Stop sign,Functioning,0,0,0,FALSE,FALSE,FALSE,Clear,,TRUE,Road 1: OLD CARRIAGE DR; Road 2: PIONEER DR; Vehicle #1     Make: NISS     Model: ROG     Colour: WHI     Style: TY; Vehicle #2     Make: DODG     Model: CAR     Colour: WHI     Style: VN,5/13/2021 11:33:47 AM,545856.0976,4804741.295
50696,20195320,6/14/2020 1:00:00 PM,2020,6,14,13,0,0,Sunday,541500.0571,4811995.438,-80.487012,43.459726,Intersection related,2,Non-reportable,Thru lane,unknown,unknown,Angle,Unknown,Daylight,01 - Daylight,Municipal (excl. Twp. Rd.),Stop sign,Functioning,0,0,0,FALSE,FALSE,FALSE,Clear,,TRUE,Road 1: ST LEGER ST; Road 2: WELLINGTON ST N; Vehicle #1     Make: HOND     Model: UAX     Colour: BLU     Style: 4D; Vehicle #2     Make: HYUN     Model: ESM     Colour: BLU     Style: 4D,5/13/2021 11:28:09 AM,541500.0571,4811995.438
50697,20195324,6/9/2020 6:55:00 AM,2020,6,9,6,55,0,Tuesday,543843.2323,4805166.233,-80.458597,43.398102,Non intersection,2,Non-reportable,Thru lane,unknown,unknown,Sideswipe,Unknown,Daylight,01 - Daylight,Regional municipality,No control,unknown,0,0,0,FALSE,FALSE,FALSE,Clear,,TRUE,Road 1: TRILLIUM DR; Road 2: HURON RD; Vehicle #1     Make: HYUN     Model: ESS     Colour: GRY     Style: 4D; Vehicle #2     Make: HOND     Model: AST     Colour: BLK     Style: 4D,5/13/2021 11:37:35 AM,543843.2323,4805166.233