OBJECTID,ACCIDENTNUM,ACCIDENTDATE,ACCIDENT_YEAR,ACCIDENT_MONTH,ACCIDENT_DAY,ACCIDENT_HOUR,ACCIDENT_MINUTE,ACCIDENT_SECOND,ACCIDENT_WEEKDAY,XCOORD,YCOORD,LONGITUDE,LATITUDE,ACCIDENTLOCATION,COLLISIONTYPE,CLASSIFICATIONOFACCIDENT,IMPACTLOCATION,INITIALDIRECTIONOFTRAVELONE,INITIALDIRECTIONOFTRAVELTWO,INITIALIMPACTTYPE,INTTRAFFICCONTROL,LIGHT,LIGHTFORREPORT,ROADJURISDICTION,TRAFFICCONTROL,TRAFFICCONTROLCONDITION,THRULANENO,NORTHBOUNDDISOBEYCOUNT,SOUTHBOUNDDISOBEYCOUNT,PEDESTRIANINVOLVED,CYCLISTINVOLVED,MOTORCYCLISTINVOLVED,ENVIRONMENTCONDITION1,ENVIRONMENTCONDITION2,SELFREPORTED,XMLIMPORTNOTES,LASTEDITEDDATE,x,y
50698,20195570,9/15/2020 7:40:00 PM,2020,9,15,19,40,0,Tuesday,540913.1026,4811835.731,-80.494279,43.45832,Non intersection,2,P.D. only,Right shoulder,unknown,unknown,SMV other,Unknown,Dark,07 - Dark,Municipal (excl. Twp. Rd.),No control,unknown,0,0,0,FALSE,FALSE,FALSE,Clear,,FALSE,Road 1: 231 LOUISA ST (50 km/h); Road 2: LOUISA ST; Distance: 5.0 M W; Vehicle #1     Make: FORD     Model: EDG     Colour: BLU     Style: TY,5/13/2021 11:33:01 AM,540913.1026,4811835.731
50699,20195964,9/16/2020 12:00:00 PM,2020,9,16,12,0,0,Wednesday,540813.5314,4812091.943,-80.495491,43.460632,At/near private drive,2,P.D. only,Thru lane,unknown,unknown,SMV unattended vehicle,Unknown,Daylight,01 - Daylight,Municipal (excl. Twp. Rd.),No control,unknown,0,0,0,FALSE,FALSE,FALSE,Clear,,TRUE,Road 1: AHRENS ST W (IFO 208); Road 2: BLUCHER ST; Distance: 40.0 M S; Vehicle #1     Make: HYUN     Model: ESM     Colour: BLU     Style: 4D; Vehicle #2     Make: TOYT     Model: CBS     Colour: BLK     Style: 4D,5/13/2021 11:26:31 AM,540813.5314,4812091.943
50700,20197038,9/17/2020 5:14:00 PM,2020,9,17,17,14,0,Thursday,543075.3708,4807397.871,-80.46790296,43.41823996,At intersection,2,P.D. only,Not on roadway - right side,unknown,unknown,SMV other,Unknown,Daylight,01 - Daylight,Municipal (excl. Twp. Rd.),Stop sign,Functioning,0,0,0,FALSE,FALSE,FALSE,Clear,,FALSE,Road 1: BLOCK LINE RD (50 km/h); Road 2: FALLOWFIELD DR (50 km/h); Vehicle #1     Make: FRHT     Model: CSC     Colour: WHI     Style: CT,5/13/2021 11:25:38 AM,543075.3708,4807397.872
50701,20197095,9/17/2020 6:00:00 PM,2020,9,17,18,0,0,Thursday,543070.8579,4805498.257,-80.468108,43.401136,At intersection,2,P.D. only,Within intersection,unknown,unknown,Angle,Unknown,Daylight,01 - Daylight,Municipal (excl. Twp. Rd.),unknown,Functioning,0,0,0,FALSE,FALSE,FALSE,Clear,,TRUE,Road 1: TRILLIUM DR; Road 2: STRASBURG RD; Vehicle #1     Make: BMW     Model: C3I     Colour: BLK     Style: 4D; Vehicle #2     Make: MERZ     Model: MET     Colour: BLK     Style: VN,5/13/2021 11:25:33 AM,543070.8579,4805498.257
50702,20197615,9/18/2020 1:29:00 PM,2020,9,18,13,29,0,Friday,542570.0248,4805980.778,-80.474256,43.405509,At intersection,2,P.D. only,Thru lane,unknown,unknown,Rear end,Unknown,Daylight,01 - Daylight,Municipal (excl. Twp. Rd.),Stop sign,unknown,1,0,0,FALSE,FALSE,FALSE,Clear,,FALSE,Road 1: STRASBURG RD (50 km/h); Road 2: SHOEMAKER ST (50 km/h); Distance: 5.0 M N; Vehicle #1     Make: HYUN     Model: SFT     Colour: GRY     Style: TY; Vehicle #2     Make: ICRP     Model: BUP     Colour: YEL     Style: BU,5/13/2021 11:26:05 AM,542570.0248,4805980.778
50703,20197666,6/21/2020 5:00:00 PM,2020,6,21,17,0,0,Sunday,542447.2867,4807279.796,-80.47567,43.417213,Intersection related,2,P.D. only,Within intersection,unknown,unknown,Angle,Unknown,Daylight,01 - Daylight,Regional municipality,Stop sign,Functioning,0,0,0,FALSE,FALSE,FALSE,Clear,,TRUE,Road 1: BLOCK LINE RD; Road 2: COUNTRY HILL DR; Vehicle #1     Make: INFI     Model: IFX     Colour: BRN     Style: TY; Vehicle #2     Make: BMW     Model: X12     Colour: GRY     Style: SW,5/13/2021 11:36:12 AM,542447.2867,4807279.796
50704,20197667,6/19/2020 7:00:00 PM,2020,6,19,19,0,0,Friday,542867.0631,4810785.936,-80.47021,43.448758,Intersection related,2,Non-reportable,Within intersection,unknown,unknown,Turning movement,Unknown,Daylight,01 - Daylight,Municipal (excl. Twp. Rd.),Stop sign,Functioning,0,0,0,FALSE,FALSE,FALSE,Clear,,TRUE,Road 1: STIRLING AVE N; Road 2: EAST AVE; Vehicle #1     Make: VOLK     Model: JBS     Colour: WHI     Style: 4D; Vehicle #2     Make:      Model:      Colour:      Style:,5/13/2021 11:34:16 AM,542867.0631,4810785.936
50705,20197670,6/23/2020 10:30:00 AM,2020,6,23,10,30,0,Tuesday,541359.4814,4808641.96,-80.489004,43.429538,Intersection related,2,Non-reportable,Thru lane,unknown,unknown,Rear end,Unknown,Daylight,01 - Daylight,Regional municipality,Traffic signal,Functioning,0,0,0,FALSE,FALSE,FALSE,Rain,,TRUE,Road 1: HOMER WATSON BLVD; Road 2: HOFFMAN ST; Vehicle #1     Make: TOYT     Model: SIE     Colour: GRY     Style: VN; Vehicle #2     Make: JEEP     Model: PRT     Colour: WHI     Style: TY,5/13/2021 11:38:30 AM,541359.4814,4808641.96
50706,20197690,6/24/2020 2:00:00 PM,2020,6,24,14,0,0,Wednesday,542314.0619,4811737.64,-80.47697,43.457359,Non intersection,2,P.D. only,Right shoulder,unknown,unknown,SMV unattended vehicle,Unknown,Daylight,01 - Daylight,Municipal (excl. Twp. Rd.),No control,unknown,0,0,0,FALSE,FALSE,FALSE,Clear,,TRUE,Road 1: 99 FILBERT ST; Vehicle #1     Make:      Model:      Colour:      Style: ; Vehicle #2     Make: TOYT     Model: CTX     Colour: WHI     Style: 4B,5/13/2021 11:28:37 AM,542314.0619,4811737.64
50707,20197798,6/30/2020 3:00:00 PM,2020,6,30,15,0,0,Tuesday,538944.1497,4807614.608,-80.518918,43.420418,At/near private drive,2,P.D. only,Thru lane,unknown,unknown,SMV unattended vehicle,Unknown,Daylight,01 - Daylight,Municipal (excl. Twp. Rd.),No control,unknown,0,0,0,FALSE,FALSE,FALSE,Clear,,TRUE,Road 1: FOREST GLEN CRESCENT; Road 2: FOREST GLEN CT; Vehicle #1     Make:      Model:      Colour:      Style: ; Vehicle #2     Make: ACUR     Model: TAA     Colour: BLK     Style: 4D,5/13/2021 11:26:34 AM,538944.1497,4807614.608
50708,20197802,6/27/2020 2:30:00 PM,2020,6,27,14,30,0,Saturday,536995.4746,4808249.347,-80.542946,43.426232,At/near private drive,2,P.D. only,Thru lane,unknown,unknown,SMV unattended vehicle,Unknown,Daylight,01 - Daylight,Municipal (excl. Twp. Rd.),No control,unknown,0,0,0,FALSE,FALSE,FALSE,Clear,,TRUE,Road 1: 472 BANKSIDE DR; Vehicle #1     Make: GMC     Model: SIE     Colour: BRN     Style: PK; Vehicle #2     Make: TOYT     Model: GZG     Colour: RED     Style: TY,5/13/2021 11:26:35 AM,536995.4746,4808249.347
50709,20197804,7/1/2020 6:30:00 PM,2020,7,1,18,30,0,Wednesday,539902.6317,4810673.778,-80.506854,43.447912,At/near private drive,2,Non-reportable,Thru lane,unknown,unknown,SMV unattended vehicle,Unknown,Daylight,01 - Daylight,Municipal (excl. Twp. Rd.),No control,unknown,0,0,0,FALSE,FALSE,FALSE,Clear,,TRUE,Road 1: CHERRY ST; Road 2: PARK ST; Vehicle #1     Make: MNNI     Model: COO     Colour: BLK     Style: 2B; Vehicle #2     Make: HOND     Model: AXL     Colour: BLK     Style: 2D,5/13/2021 11:29:33 AM,539902.6317,4810673.778
50710,20197881,7/5/2020 10:15:00 AM,2020,7,5,10,15,0,Sunday,541851.5106,4804343.223,-80.483254,43.390805,At/near private drive,2,P.D. only,Thru lane,unknown,unknown,SMV unattended vehicle,Unknown,Daylight,01 - Daylight,Municipal (excl. Twp. Rd.),No control,unknown,0,0,0,FALSE,FALSE,FALSE,Clear,,TRUE,Road 1: 81 SORRENTO ST; Vehicle #1     Make:      Model:      Colour:      Style: ; Vehicle #2     Make: HOND     Model: UAX     Colour: SIL     Style: 4D,5/13/2021 11:26:43 AM,541851.5106,4804343.223
50711,20197888,7/4/2020 11:30:00 AM,2020,7,4,11,30,0,Saturday,536786.2989,4808500.059,-80.545514,43.428499,Non intersection,2,P.D. only,Thru lane,unknown,unknown,SMV unattended vehicle,Unknown,Daylight,01 - Daylight,Municipal (excl. Twp. Rd.),No control,unknown,0,0,0,FALSE,FALSE,FALSE,Clear,,TRUE,Road 1: 21 WESTMEADOW DR; Vehicle #1     Make: HOND     Model: CRV     Colour: SIL     Style: 4W; Vehicle #2     Make: SUBA     Model: CRO     Colour: BLU     Style: TY,5/13/2021 11:26:45 AM,536786.2989,4808500.059
50712,20197896,7/6/2020 12:30:00 PM,2020,7,6,12,30,0,Monday,542470.6693,4812923.611,-80.474942,43.468028,Intersection related,2,P.D. only,Within intersection,unknown,unknown,Angle,Unknown,Daylight,01 - Daylight,Municipal (excl. Twp. Rd.),Stop sign,unknown,0,0,0,FALSE,FALSE,FALSE,Clear,,TRUE,Road 1: GUELPH ST; Road 2: SPRING VALLEY RD; Vehicle #1     Make: HYUN     Model: ASG     Colour: WHI     Style: 4D; Vehicle #2     Make: JEEP     Model: CHK     Colour: BLU     Style: TY,5/13/2021 11:25:42 AM,542470.6693,4812923.611
50713,20197934,7/7/2020 1:15:00 PM,2020,7,7,13,15,0,Tuesday,541617.0295,4808515.741,-80.485832,43.428388,Intersection related,2,P.D. only,Thru lane,unknown,unknown,Rear end,Unknown,Daylight,01 - Daylight,Regional municipality,Traffic signal,Functioning,0,0,0,FALSE,FALSE,FALSE,Clear,,TRUE,Road 1: HOMER WATSON BLVD; Road 2: HWY 7/8 RAMP; Vehicle #1     Make: MERZ     Model: 2C4     Colour: WHI     Style: 4D; Vehicle #2     Make: SUBA     Model: O6L     Colour: BLK     Style: SW,5/13/2021 11:36:02 AM,541617.0295,4808515.741
50714,20198013,9/18/2020 7:01:00 PM,2020,9,18,19,1,0,Friday,539256.486,4809748.841,-80.514906,43.439618,Non intersection,2,P.D. only,Thru lane,unknown,unknown,SMV unattended vehicle,Unknown,Dusk,05 - Dusk,Municipal (excl. Twp. Rd.),No control,unknown,1,0,0,FALSE,FALSE,TRUE,Clear,,FALSE,Road 1: 29 PAULANDER DR (50 km/h); Road 2: PAULANDER DR; Distance: 10.0 M N; Vehicle #1     Make: YAMA     Model: -     Colour:      Style: ; Vehicle #2     Make: HOND     Model: CCL     Colour: SIL     Style: 4D,5/13/2021 11:34:39 AM,539256.486,4809748.841
50715,20198069,7/9/2020 12:00:00 PM,2020,7,9,12,0,0,Thursday,542785.8685,4804146.673,-80.471733,43.388983,Intersection related,2,P.D. only,Within intersection,unknown,unknown,Angle,Unknown,Daylight,01 - Daylight,Regional municipality,unknown,Functioning,0,0,0,FALSE,FALSE,FALSE,Clear,,TRUE,Road 1: HURON RD; Road 2: PARKVALE DR; Vehicle #1     Make: SUZI     Model: CXJ     Colour: SIL     Style: 4B; Vehicle #2     Make: KIA     Model: SOU     Colour: SIL     Style: TY,5/13/2021 11:37:42 AM,542785.8685,4804146.673
50716,20198640,9/19/2020 4:30:00 PM,2020,9,19,16,30,0,Saturday,541499.06,4811994.432,-80.487024,43.459716,Intersection related,2,P.D. only,Thru lane,unknown,unknown,Rear end,Unknown,Daylight,01 - Daylight,Municipal (excl. Twp. Rd.),Stop sign,Functioning,0,0,0,FALSE,FALSE,FALSE,Clear,,TRUE,Road 1: WELLINGTON ST N; Road 2: ST LEGER ST; Vehicle #1     Make: BMW     Model: XIT     Colour: GRY     Style: SW; Vehicle #2     Make: NISS     Model: ROG     Colour: BLK     Style: TY,5/13/2021 11:25:44 AM,541499.06,4811994.432
50717,20199156,7/31/2020 3:30:00 PM,2020,7,31,15,30,0,Friday,541155.7855,4809442.439,-80.49146,43.436757,Non intersection,2,P.D. only,Thru lane,unknown,unknown,Rear end,Unknown,Daylight,01 - Daylight,Regional municipality,No control,unknown,0,0,0,FALSE,FALSE,FALSE,Clear,,TRUE,Road 1: HIGHLAND RD E; Road 2: STIRLING AVE S; Vehicle #1     Make: FORD     Model: SPE     Colour: BLK     Style: TY; Vehicle #2     Make: VOLK     Model: PASS     Colour:      Style: 4DO,5/13/2021 11:37:02 AM,541155.7855,4809442.439
50718,20200265,9/21/2020 9:32:00 PM,2020,9,21,21,32,0,Monday,539463.6854,4806032.265,-80.512614,43.406143,Non intersection,2,P.D. only,Thru lane,unknown,unknown,SMV unattended vehicle,Unknown,Dark,07 - Dark,Regional municipality,No control,unknown,1,0,1,FALSE,FALSE,FALSE,Clear,,FALSE,Road 1: MAX BECKER DR (40 km/h); Road 2: ACTIVA AVE; Distance: 25.0 M S; Vehicle #1     Make: HYUN     Model: SSE     Colour: BLK     Style: 4D; Vehicle #2     Make: FORD     Model: EPR     Colour: BLU     Style: TY; Vehicle #3     Make: FORD     Model: E,5/13/2021 11:40:44 AM,539463.6854,4806032.265
50719,20200390,9/22/2020 6:45:00 AM,2020,9,22,6,45,0,Tuesday,541637.7321,4805541.381,-80.485803,43.401605,At intersection,1,Non-fatal injury,Within intersection,unknown,unknown,SMV other,Unknown,Dawn,03 - Dawn,Regional municipality,Stop sign,unknown,0,0,0,TRUE,FALSE,FALSE,Clear,,FALSE,Road 1: TRILLIUM DR (50 km/h); Road 2: WASHBURN DR (50 km/h); Vehicle #1     Make: CHEV     Model: SIL     Colour: WHI     Style: PK,5/13/2021 11:37:54 AM,541637.7321,4805541.381
50720,20200470,8/26/2020 1:55:00 PM,2020,8,26,13,55,0,Wednesday,538667.8333,4807745.739,-80.522322,43.421613,Non intersection,2,Non-reportable,Thru lane,unknown,unknown,Rear end,Unknown,Daylight,01 - Daylight,Municipal (excl. Twp. Rd.),No control,unknown,0,0,0,FALSE,FALSE,FALSE,Clear,,TRUE,Road 1: MCGARRY DR; Road 2: FORESTWOOD DR; Vehicle #1     Make:      Model:      Colour:      Style: ; Vehicle #2     Make: BUIC     Model: UCX     Colour: BRN     Style: 4D,5/13/2021 11:35:13 AM,538667.8333,4807745.739
50721,20201113,9/23/2020 6:22:00 AM,2020,9,23,6,22,0,Wednesday,544560.7152,4813343.697,-80.44907,43.471689,At/near private drive,1,Non-fatal injury,Thru lane,unknown,unknown,Angle,Unknown,"Dark, artificial","08 - Dark, artificial",Regional municipality,No control,unknown,2,0,0,FALSE,TRUE,FALSE,Clear,,FALSE,Road 1: 460 BINGEMANS CENTRE DR (50 km/h); Road 2: BINGEMANS CENTRE DR; Distance: 10.0 K N; Vehicle #1     Make: NISS     Model: ROG     Colour: GRY     Style: 4D; Vehicle #2     Make: BICY     Model: .     Colour:      Style:,5/13/2021 11:37:28 AM,544560.7152,4813343.697
50722,20201160,9/23/2020 8:30:00 AM,2020,9,23,8,30,0,Wednesday,546062.8767,4809491.491,-80.430824,43.436913,Intersection related,2,P.D. only,Thru lane,unknown,unknown,Angle,Unknown,Daylight,01 - Daylight,Regional municipality,Traffic signal,Functioning,0,0,0,FALSE,FALSE,FALSE,Clear,,TRUE,Road 1: KINZIE AVE; Road 2: RIVER RD E; Vehicle #1     Make: VOLK     Model: CSR     Colour: BRN     Style: 4D; Vehicle #2     Make: NISS     Model: SBL     Colour: BRN     Style: 4D,5/13/2021 11:36:15 AM,546062.8767,4809491.491
50723,20201240,9/23/2020 10:40:00 AM,2020,9,23,10,40,0,Wednesday,541228.0543,4809296.754,-80.490578,43.435442,Intersection related,2,P.D. only,Thru lane,unknown,unknown,Rear end,Unknown,Daylight,01 - Daylight,Regional municipality,Stop sign,unknown,0,0,0,FALSE,FALSE,FALSE,Clear,,TRUE,Road 1: HIGHLAND RD E; Road 2: MAUSSER AVE; Vehicle #1     Make: CHEV     Model: ML2     Colour: WHI     Style: 4D; Vehicle #2     Make: HYUN     Model: SAN     Colour: WHI     Style: TY,5/13/2021 11:36:07 AM,541228.0543,4809296.754
50724,20201382,7/14/2020 12:00:00 PM,2020,7,14,12,0,0,Tuesday,540171.4721,4808228.396,-80.503712,43.425879,Non intersection,2,Non-reportable,Thru lane,unknown,unknown,SMV unattended vehicle,Unknown,Daylight,01 - Daylight,Municipal (excl. Twp. Rd.),No control,unknown,0,0,0,FALSE,FALSE,FALSE,Clear,,TRUE,Road 1: 149 STONYBROOK DR; Vehicle #1     Make:      Model:      Colour:      Style: ; Vehicle #2     Make: SUBA     Model: GKG     Colour: RED     Style: 4D,5/13/2021 11:29:35 AM,540171.4721,4808228.396
50725,20201383,7/14/2020 7:30:00 PM,2020,7,14,19,30,0,Tuesday,547281.5319,4811202.226,-80.415618,43.452241,At/near private drive,2,P.D. only,Thru lane,unknown,unknown,SMV unattended vehicle,Unknown,Daylight,01 - Daylight,Municipal (excl. Twp. Rd.),No control,unknown,0,0,0,FALSE,FALSE,FALSE,Clear,,TRUE,Road 1: 935 BRIDGEMILL COURT; Vehicle #1     Make: TOYT     Model: RV4     Colour: BLK     Style: TY; Vehicle #2     Make: DODG     Model: RPC     Colour: BLK     Style: CW,5/13/2021 11:27:24 AM,547281.5319,4811202.226
50726,20201814,9/23/2020 11:14:00 PM,2020,9,23,23,14,0,Wednesday,545144.2358,4806803.845,-80.442397,43.41277,At/near private drive,2,P.D. only,Thru lane,unknown,unknown,Angle,Unknown,"Dark, artificial","08 - Dark, artificial",Municipal (excl. Twp. Rd.),No control,unknown,2,0,0,FALSE,FALSE,FALSE,Clear,,FALSE,Road 1: 851 WILSON AVE (50 km/h); Road 2: WILSON AVE; Distance: 2.0 K N; Vehicle #1     Make: MAZD     Model: TRI     Colour: WHI     Style: TY; Vehicle #2     Make: PONT     Model: WLT     Colour: BLK     Style: 4D,5/13/2021 11:28:51 AM,545144.2358,4806803.845
50727,20201951,7/17/2020 11:00:00 AM,2020,7,17,11,0,0,Friday,542582.6431,4810126.41,-80.473776,43.442836,At intersection,2,P.D. only,Thru lane,unknown,unknown,Rear end,Unknown,Daylight,01 - Daylight,Regional municipality,Traffic signal,Functioning,0,0,0,FALSE,FALSE,FALSE,Clear,,TRUE,Road 1: KING ST E; Road 2: BORDEN AVE N; Vehicle #1     Make: MERZ     Model: CSP     Colour: WHI     Style: FV; Vehicle #2     Make: VOLV     Model: XC9     Colour: BLK     Style: TY,5/13/2021 11:36:29 AM,542582.6431,4810126.41
50728,20201958,7/17/2020 11:30:00 AM,2020,7,17,11,30,0,Friday,541962.2014,4815618.323,-80.481021,43.49232,Non intersection,2,Non-reportable,Thru lane,unknown,unknown,SMV unattended vehicle,Unknown,Daylight,01 - Daylight,Municipal (excl. Twp. Rd.),No control,unknown,0,0,0,FALSE,FALSE,FALSE,Clear,,TRUE,Road 1: 239 WOOLWICH ST; Vehicle #1     Make: FORD     Model: COF     Colour: GRY     Style: PK; Vehicle #2     Make: CHEV     Model: SIL     Colour: YEL     Style: PK,5/13/2021 11:30:57 AM,541962.2014,4815618.324
50729,20201974,7/19/2020 12:30:00 PM,2020,7,19,12,30,0,Sunday,544057.4535,4805076.481,-80.455959,43.397281,Intersection related,2,P.D. only,Thru lane,unknown,unknown,SMV unattended vehicle,Unknown,Daylight,01 - Daylight,Municipal (excl. Twp. Rd.),Stop sign,unknown,0,0,0,FALSE,FALSE,FALSE,Rain,,TRUE,Road 1: OLD HURON PL; Road 2: OLD HURON RD; Vehicle #1     Make: VOLK     Model: GLF     Colour: BLK     Style: 4D; Vehicle #2     Make:      Model:      Colour:      Style:,5/13/2021 11:26:00 AM,544057.4535,4805076.481
50730,20202104,7/25/2020 8:00:00 PM,2020,7,25,20,0,0,Saturday,544272.6092,4804825.765,-80.453323,43.395011,At/near private drive,2,Non-reportable,Thru lane,unknown,unknown,SMV unattended vehicle,Unknown,Daylight,01 - Daylight,Municipal (excl. Twp. Rd.),No control,unknown,0,0,0,FALSE,FALSE,FALSE,Clear,,TRUE,Road 1: 108 CARLYLE DR; Vehicle #1     Make:      Model:      Colour:      Style: ; Vehicle #2     Make: CHEV     Model: SIL     Colour: BLK     Style: PK,5/13/2021 11:35:01 AM,544272.6092,4804825.765
50731,20202117,7/26/2020 11:00:00 AM,2020,7,26,11,0,0,Sunday,540800.4568,4808813.942,-80.495898,43.431118,Non intersection,2,P.D. only,Thru lane,unknown,unknown,SMV other,Unknown,Daylight,01 - Daylight,Regional municipality,No control,unknown,0,0,0,FALSE,FALSE,FALSE,Clear,,TRUE,Road 1: HOMER WATSON BLVD; Road 2: STIRLING AVE S; Vehicle #1     Make: TOYT     Model: SIE     Colour: GRY     Style: VN,5/13/2021 11:37:04 AM,540800.4568,4808813.943
50732,20203213,9/25/2020 3:48:00 PM,2020,9,25,15,48,0,Friday,538524.7517,4807897.411,-80.524079,43.422986,Non intersection,1,Non-fatal injury,Not on roadway - right side,unknown,unknown,SMV other,Unknown,Daylight,01 - Daylight,Regional municipality,No control,unknown,0,0,0,FALSE,FALSE,FALSE,Clear,,FALSE,Road 1: ELM RIDGE DR (50 km/h); Road 2: SILVER ASPEN CRESCENT; Distance: 80.0 K S; Vehicle #1     Make: NISS     Model: NV2     Colour: WHI     Style: FV,5/13/2021 11:37:21 AM,538524.7517,4807897.411
50733,20203725,9/26/2020 6:25:00 AM,2020,9,26,6,25,0,Saturday,544163.3539,4809837.795,-80.454267,43.440146,Intersection related,2,P.D. only,Thru lane,unknown,unknown,SMV unattended vehicle,Unknown,Dark,07 - Dark,Regional municipality,Stop sign,Functioning,1,0,0,FALSE,FALSE,FALSE,Clear,,FALSE,Road 1: ROSS AVE (50 km/h); Road 2: SHANTZ LN (50 km/h); Distance: 30.0 M W; Vehicle #1     Make:      Model:      Colour:      Style: ; Vehicle #2     Make: VOLK     Model: CLF     Colour: BLK     Style: 4B,5/13/2021 11:36:31 AM,544163.3539,4809837.795
50734,20203801,9/25/2020 9:00:00 PM,2020,9,25,21,0,0,Friday,536416.7035,4808449.3,-80.550083,43.42806,At/near private drive,2,P.D. only,Thru lane,unknown,unknown,Angle,Unknown,Dark,07 - Dark,Municipal (excl. Twp. Rd.),No control,unknown,0,0,0,FALSE,FALSE,FALSE,Clear,,TRUE,Road 1: 108 WESTMEADOW DR; Vehicle #1     Make: HYUN     Model: ESS     Colour: GRY     Style: 4D; Vehicle #2     Make: HOND     Model: CIV     Colour: SIL     Style: 4D,5/13/2021 11:26:38 AM,536416.7035,4808449.3
50735,20204553,9/27/2020 1:00:00 AM,2020,9,27,1,0,0,Sunday,536771.6114,4806609.93,-80.545822,43.411481,At intersection,2,P.D. only,Not on roadway - left side,unknown,unknown,SMV other,Unknown,Dark,07 - Dark,Municipal (excl. Twp. Rd.),Stop sign,unknown,0,0,0,FALSE,FALSE,FALSE,Clear,,FALSE,Road 1: YELLOW BIRCH DR (50 km/h); Road 2: FRAN ELLEN CRES (50 km/h); Vehicle #1     Make: DODG     Model: DAK     Colour: BLK     Style: PK,5/13/2021 11:27:49 AM,536771.6114,4806609.93
50736,20207386,9/30/2020 5:27:00 PM,2020,9,30,17,27,0,Wednesday,541684.8433,4814660.877,-80.484524,43.483715,Non intersection,2,P.D. only,Not on roadway - left side,unknown,unknown,SMV unattended vehicle,Unknown,Daylight,01 - Daylight,Regional municipality,No control,unknown,0,0,0,FALSE,FALSE,FALSE,Rain,,FALSE,Road 1: 39  WOOLWICH ST (50 km/h); Road 2: WOOLWICH ST; Distance: 2.0 M E; Vehicle #1     Make:      Model:      Colour:      Style: ; Vehicle #2     Make: LEXS     Model: RX5     Colour: WHI     Style: TY,5/13/2021 11:36:46 AM,541684.8433,4814660.877
50737,20207392,9/30/2020 5:33:00 PM,2020,9,30,17,33,0,Wednesday,543931.1397,4809146.971,-80.457192,43.433939,At intersection,2,P.D. only,Thru lane,unknown,unknown,Approaching,Unknown,Daylight,01 - Daylight,Municipal (excl. Twp. Rd.),Stop sign,unknown,1,0,0,FALSE,TRUE,FALSE,Clear,,FALSE,Road 1: ECKERT ST (50 km/h); Road 2: FIRST AVE (50 km/h); Vehicle #1     Make: BICY     Model: .     Colour:      Style: 36; Vehicle #2     Make: NOVA     Model: HEV     Colour: WHI     Style: BU,5/13/2021 11:27:58 AM,543931.1397,4809146.971
50738,20207802,10/1/2020 7:30:00 AM,2020,10,1,7,30,0,Thursday,538060.3996,4807973.847,-80.52981,43.423698,At/near private drive,2,P.D. only,Thru lane,unknown,unknown,Sideswipe,Unknown,Daylight,01 - Daylight,Regional municipality,No control,unknown,0,0,0,FALSE,FALSE,FALSE,Clear,,TRUE,Road 1: 193 WESTHEIGHTS DR; Vehicle #1     Make: HYUN     Model: SFT     Colour: RED     Style: TY; Vehicle #2     Make: HYUN     Model: ESM     Colour: BLK     Style: 4D,5/13/2021 11:51:24 AM,538060.3996,4807973.847
50739,20207981,9/30/2020 6:00:00 PM,2020,9,30,18,0,0,Wednesday,546447.2362,4810180.301,-80.426016,43.443091,At/near private drive,2,Non-reportable,Thru lane,unknown,unknown,SMV unattended vehicle,Unknown,Daylight,01 - Daylight,Municipal (excl. Twp. Rd.),No control,unknown,0,0,0,FALSE,FALSE,FALSE,Clear,,TRUE,Road 1: BRIARMEADOW PLACE (IFO 106); Road 2: DAIMLER DR; Distance: 10.0 M N; Vehicle #1     Make:      Model:      Colour:      Style: ; Vehicle #2     Make: CHEV     Model: COB     Colour: BLK     Style: 4D,5/13/2021 11:29:03 AM,546447.2362,4810180.301
50740,20207998,10/1/2020 11:45:00 AM,2020,10,1,11,45,0,Thursday,541538.7607,4811905.079,-80.486541,43.45891,Non intersection,2,P.D. only,Thru lane,unknown,unknown,SMV unattended vehicle,Unknown,Daylight,01 - Daylight,Municipal (excl. Twp. Rd.),No control,unknown,0,0,0,FALSE,FALSE,FALSE,Clear,,TRUE,Road 1: ST LEGER ST (IFO 72); Road 2: BREITHAUPT ST; Distance: 20.0 M W; Vehicle #1     Make: TOYT     Model: SIE     Colour: GRY     Style: VN; Vehicle #2     Make: NISS     Model: A2S     Colour: SIL     Style: 4D,5/13/2021 11:58:29 AM,541538.7606,4811905.079
50741,20208671,9/5/2020 3:30:00 PM,2020,9,5,15,30,0,Saturday,539261.6103,4805632.593,-80.515139,43.402555,Other,2,Non-reportable,Off highway,unknown,unknown,SMV unattended vehicle,Unknown,Daylight,01 - Daylight,Municipal (excl. Twp. Rd.),No control,unknown,0,0,0,FALSE,FALSE,FALSE,Clear,,TRUE,Road 1: 3 HENHOEFFER CRESCENT; Vehicle #1     Make:      Model:      Colour:      Style: ; Vehicle #2     Make: DODG     Model: DAX     Colour: SIL     Style: 4D,5/13/2021 11:35:02 AM,539261.6103,4805632.593