OBJECTID,ACCIDENTNUM,ACCIDENTDATE,ACCIDENT_YEAR,ACCIDENT_MONTH,ACCIDENT_DAY,ACCIDENT_HOUR,ACCIDENT_MINUTE,ACCIDENT_SECOND,ACCIDENT_WEEKDAY,XCOORD,YCOORD,LONGITUDE,LATITUDE,ACCIDENTLOCATION,COLLISIONTYPE,CLASSIFICATIONOFACCIDENT,IMPACTLOCATION,INITIALDIRECTIONOFTRAVELONE,INITIALDIRECTIONOFTRAVELTWO,INITIALIMPACTTYPE,INTTRAFFICCONTROL,LIGHT,LIGHTFORREPORT,ROADJURISDICTION,TRAFFICCONTROL,TRAFFICCONTROLCONDITION,THRULANENO,NORTHBOUNDDISOBEYCOUNT,SOUTHBOUNDDISOBEYCOUNT,PEDESTRIANINVOLVED,CYCLISTINVOLVED,MOTORCYCLISTINVOLVED,ENVIRONMENTCONDITION1,ENVIRONMENTCONDITION2,SELFREPORTED,XMLIMPORTNOTES,LASTEDITEDDATE,x,y
50742,20208679,8/28/2020 8:00:00 AM,2020,8,28,8,0,0,Friday,538497.3811,4808057.621,-80.524405,43.42443,Non intersection,2,Non-reportable,Thru lane,unknown,unknown,SMV unattended vehicle,Unknown,Daylight,01 - Daylight,Municipal (excl. Twp. Rd.),No control,unknown,0,0,0,FALSE,FALSE,FALSE,Clear,,TRUE,Road 1: 90 HICKORY HEIGHTS CRESCENT; Vehicle #1     Make:      Model:      Colour:      Style: ; Vehicle #2     Make: FORD     Model: COF     Colour: BLK     Style: PK,5/13/2021 11:33:33 AM,538497.3811,4808057.621
50743,20208685,10/2/2020 9:15:00 AM,2020,10,2,9,15,0,Friday,545509.643,4808452.632,-80.437746,43.427593,At/near private drive,1,Non-fatal injury,Thru lane,unknown,unknown,Approaching,Unknown,Daylight,01 - Daylight,Regional municipality,No control,unknown,1,0,0,FALSE,FALSE,FALSE,Clear,,FALSE,Road 1: 2960 KINGSWAY DR (50 km/h); Road 2: KINGSWAY DR; Distance: 67.0 M N; Vehicle #1     Make: TOYT     Model: SIE     Colour: GLD     Style: VN; Vehicle #2     Make: DODG     Model: JOU     Colour: WHI     Style: TY,5/13/2021 11:51:10 AM,545509.643,4808452.632
50744,20208723,8/22/2020 4:20:00 PM,2020,8,22,16,20,0,Saturday,539867.4669,4808466.837,-80.50745,43.428043,At/near private drive,2,P.D. only,Thru lane,unknown,unknown,Other,Unknown,Daylight,01 - Daylight,Regional municipality,No control,unknown,0,0,0,FALSE,FALSE,FALSE,Clear,,TRUE,Road 1: GREENBROOK DR; Road 2: WESTMOUNT RD; Vehicle #1     Make: HOND     Model: UDY     Colour: RED     Style: TY; Vehicle #2     Make: CHEV     Model: SIL     Colour: WHI     Style: PK,5/13/2021 11:37:37 AM,539867.4668,4808466.837
50745,20208754,10/2/2020 9:00:00 AM,2020,10,2,9,0,0,Friday,540038.2806,4806717.943,-80.505468,43.412286,Non intersection,2,Non-reportable,Thru lane,unknown,unknown,SMV unattended vehicle,Unknown,Daylight,01 - Daylight,Municipal (excl. Twp. Rd.),No control,unknown,0,0,0,FALSE,FALSE,FALSE,Clear,,TRUE,Road 1: 103 DINISON CRESCENT (ON THE ROADWAY); Vehicle #1     Make:      Model:      Colour:      Style: ; Vehicle #2     Make: VOLK     Model: JSA     Colour: WHI     Style: 4D,5/13/2021 11:51:15 AM,540038.2806,4806717.943
50746,20208842,11/12/2020 6:40:00 PM,2020,11,12,18,40,0,Thursday,542582.3709,4810126.165,-80.47378,43.442834,At intersection,2,P.D. only,Within intersection,unknown,unknown,Turning movement,Unknown,Dark,07 - Dark,Regional municipality,Traffic signal,Functioning,0,0,0,FALSE,FALSE,FALSE,Clear,,TRUE,Road 1: KING; Road 2: BORDEN; Vehicle #1     Make:      Model:      Colour:      Style: ; Vehicle #2     Make: SUBA     Model: FOR     Colour: GRN     Style: TY,5/13/2021 11:51:08 AM,542582.3709,4810126.165
50747,20209484,10/3/2020 6:52:00 AM,2020,10,3,6,52,0,Saturday,539316.896,4810615.703,-80.514097,43.44742,At intersection,2,P.D. only,Within intersection,unknown,unknown,Angle,Unknown,Dawn,03 - Dawn,Municipal (excl. Twp. Rd.),Traffic signal,Functioning,0,0,1,FALSE,FALSE,FALSE,Clear,,FALSE,Road 1: GAGE AVE (50 km/h); Road 2: BELMONT AVE W (50 km/h); Vehicle #1     Make: TOYT     Model: TIM     Colour: RED     Style: 4B; Vehicle #2     Make: HOND     Model: CRV     Colour: BLK     Style: TY,5/13/2021 11:50:35 AM,539316.896,4810615.703
50748,20210618,10/3/2020 6:00:00 PM,2020,10,3,18,0,0,Saturday,544526.1726,4811752.846,-80.449627,43.457367,Non intersection,2,P.D. only,Thru lane,unknown,unknown,SMV other,Unknown,Dusk,05 - Dusk,Regional municipality,No control,unknown,0,0,0,FALSE,FALSE,FALSE,Clear,,TRUE,Road 1: RIVER RD E; Road 2: LORRAINE AVE; Vehicle #1     Make: HOND     Model: UCL     Colour: WHI     Style: 4D,5/13/2021 11:51:42 AM,544526.1726,4811752.847
50749,20210679,10/4/2020 4:58:00 PM,2020,10,4,16,58,0,Sunday,538918.8068,4807525.297,-80.519237,43.419615,Non intersection,2,P.D. only,Off highway,unknown,unknown,SMV unattended vehicle,Unknown,Daylight,01 - Daylight,Municipal (excl. Twp. Rd.),No control,unknown,0,0,0,FALSE,FALSE,FALSE,Rain,,FALSE,Road 1: FORESTWOOD DR (50 km/h); Road 2: GLEN AVON CRESCENT; Distance: 10.0 K E; Vehicle #1     Make: TOYT     Model: FRS     Colour: BLK     Style: 2D; Vehicle #2     Make: KIA     Model: OEX     Colour: WHI     Style: 4D,5/13/2021 11:51:58 AM,538918.8068,4807525.297
50750,20211478,10/5/2020 4:39:00 PM,2020,10,5,16,39,0,Monday,545137.8755,4806391.02,-80.44251,43.409053,At/near private drive,2,P.D. only,Thru lane,unknown,unknown,Rear end,Unknown,Daylight,01 - Daylight,Municipal (excl. Twp. Rd.),No control,unknown,1,0,0,FALSE,FALSE,FALSE,Clear,,FALSE,Road 1: 685 WABANAKI DR (50 km/h); Road 2: WABANAKI DR; Distance: 7.0 M E; Vehicle #1     Make: TOYT     Model: CYR     Colour: WHI     Style: 4D; Vehicle #2     Make: HYUN     Model: CTS     Colour: GRY     Style: 2D; Vehicle #3     Make: LEXU     Model:,5/13/2021 11:51:18 AM,545137.8755,4806391.02
50751,20212209,10/6/2020 8:00:00 AM,2020,10,6,8,0,0,Tuesday,546607.3793,4809861.748,-80.424065,43.440213,At/near private drive,2,P.D. only,Thru lane,unknown,unknown,SMV unattended vehicle,Unknown,Daylight,01 - Daylight,Municipal (excl. Twp. Rd.),No control,unknown,0,0,0,FALSE,FALSE,FALSE,Clear,,TRUE,Road 1: SANDWELL COURT (IFO 18); Vehicle #1     Make: FORD     Model: SRW     Colour: WHI     Style: PK; Vehicle #2     Make: AUDI     Model: 4PP     Colour: BLU     Style: 4D,5/13/2021 11:51:39 AM,546607.3793,4809861.748
50752,20212756,10/7/2020 7:49:00 PM,2020,10,7,19,49,0,Wednesday,541708.9565,4810677.916,-80.484531,43.447851,Intersection related,2,P.D. only,Thru lane,unknown,unknown,SMV other,Unknown,Dark,07 - Dark,Regional municipality,Stop sign,unknown,1,0,0,TRUE,FALSE,FALSE,Clear,,FALSE,Road 1: KING ST E (40 km/h); Road 2: EBY ST S (50 km/h); Vehicle #1     Make: HOND     Model: UAX     Colour: BLU     Style: 4D,5/13/2021 11:50:44 AM,541708.9565,4810677.916
50753,20212758,10/7/2020 7:45:00 AM,2020,10,7,7,45,0,Wednesday,538626.4601,4807726.144,-80.522834,43.421438,Non intersection,2,P.D. only,Thru lane,unknown,unknown,Sideswipe,Unknown,Daylight,01 - Daylight,Municipal (excl. Twp. Rd.),No control,unknown,0,0,0,FALSE,FALSE,FALSE,Rain,,TRUE,Road 1: MCGARRY DR; Road 2: PINEHURST CRES; Distance: 1.0 M W; Vehicle #1     Make:      Model:      Colour:      Style: ; Vehicle #2     Make: TOYT     Model: UCS     Colour: BLU     Style: 4D,5/13/2021 11:51:30 AM,538626.4601,4807726.144
50754,20213571,10/8/2020 6:52:00 AM,2020,10,8,6,52,0,Thursday,543741.9895,4808124.888,-80.45961,43.424747,Non intersection,1,Non-fatal injury,Right shoulder,unknown,unknown,SMV other,Unknown,Dawn,03 - Dawn,Regional municipality,No control,unknown,0,0,0,FALSE,FALSE,FALSE,Clear,,FALSE,Road 1: SHELLEY DR (50 km/h); Road 2: VANIER DR; Distance: 30.0 M N; Vehicle #1     Make: JAGU     Model: XTY     Colour: BRN     Style: 4D,5/13/2021 11:58:26 AM,543741.9895,4808124.888
50755,20214974,10/9/2020 3:23:00 PM,2020,10,9,15,23,0,Friday,539869.7412,4810633.705,-80.507264,43.447553,Intersection related,2,P.D. only,Within intersection,unknown,unknown,Rear end,Unknown,Daylight,01 - Daylight,Municipal (excl. Twp. Rd.),Stop sign,unknown,0,0,0,FALSE,FALSE,FALSE,Clear,,FALSE,Road 1: STRANGE ST (50 km/h); Road 2: CHERRY ST (50 km/h); Vehicle #1     Make: HYUN     Model: TUC     Colour: BLK     Style: TY; Vehicle #2     Make: CHEV     Model: ETV     Colour: YEL     Style: BU,5/13/2021 11:50:37 AM,539869.7412,4810633.705
50756,20215526,10/10/2020 2:20:00 AM,2020,10,10,2,20,0,Saturday,546965.9999,4803234.96,-80.420203,43.380523,At/near private drive,1,Non-fatal injury,Not on roadway - right side,unknown,unknown,SMV other,Unknown,Dark,07 - Dark,Municipal (excl. Twp. Rd.),No control,unknown,0,0,0,FALSE,FALSE,FALSE,Clear,,FALSE,Road 1: 43 AUTUMN RIDGE TRAIL (50 km/h); Road 2: AUTUMN RIDGE TRAIL; Distance: 2.0 M S; Vehicle #1     Make: MITS     Model: LST     Colour: BLU     Style: 4B,5/13/2021 11:51:12 AM,546965.9999,4803234.96
50757,20215620,10/10/2020 8:04:00 AM,2020,10,10,8,4,0,Saturday,538718.5578,4810186.16,-80.521522,43.443584,Non intersection,2,P.D. only,Right shoulder,unknown,unknown,SMV unattended vehicle,Unknown,Daylight,01 - Daylight,Municipal (excl. Twp. Rd.),No control,unknown,0,0,0,FALSE,FALSE,FALSE,Clear,,FALSE,Road 1: 180 BRYBECK CRES (50 km/h); Road 2: BRYBECK CRES; Distance: 5.0 M N; Vehicle #1     Make: TOYT     Model: CBA     Colour: GRY     Style: 4D; Vehicle #2     Make: NISS     Model: VSL     Colour: GRY     Style: 4B,5/13/2021 11:51:13 AM,538718.5578,4810186.16
50758,20215706,10/10/2020 10:00:00 AM,2020,10,10,10,0,0,Saturday,538607.5624,4808974.907,-80.522979,43.432683,At/near private drive,2,P.D. only,Thru lane,unknown,unknown,SMV unattended vehicle,Unknown,Daylight,01 - Daylight,Municipal (excl. Twp. Rd.),No control,unknown,0,0,0,FALSE,FALSE,FALSE,Clear,,TRUE,Road 1: 11- 205 HIGHLAND CRESCENT; Vehicle #1     Make: HYUN     Model: TUC     Colour: BLU     Style: TY; Vehicle #2     Make: HOND     Model: UCL     Colour: RED     Style: 4D,4/22/2022 2:26:46 PM,538607.5624,4808974.907
50759,20216313,10/10/2020 10:52:00 PM,2020,10,10,22,52,0,Saturday,542977.2409,4811302.025,-80.468808,43.453399,Non intersection,2,P.D. only,Left shoulder,unknown,unknown,SMV other,Unknown,Dark,07 - Dark,Municipal (excl. Twp. Rd.),No control,unknown,0,0,0,FALSE,FALSE,FALSE,Clear,,FALSE,Road 1: 340 DUMFRIES AVE (50 km/h); Road 2: DUMFRIES AVE; Distance: 3.0 K S; Vehicle #1     Make:      Model: -     Colour:      Style:,4/22/2022 2:24:58 PM,542977.2409,4811302.025
50760,20218820,10/14/2020 9:00:00 AM,2020,10,14,9,0,0,Wednesday,540830.2693,4809572.66,-80.495473,43.437948,Non intersection,2,P.D. only,Thru lane,unknown,unknown,SMV unattended vehicle,Unknown,Daylight,01 - Daylight,Municipal (excl. Twp. Rd.),No control,unknown,0,0,0,FALSE,FALSE,FALSE,Clear,,TRUE,Road 1: GLEN RD; Road 2: ST CLAIR AVE; Vehicle #1     Make:      Model:      Colour:      Style: ; Vehicle #2     Make: DODG     Model: CAR     Colour: BLK     Style: VN,5/13/2021 11:51:43 AM,540830.2693,4809572.66
50761,20219195,10/14/2020 1:00:00 PM,2020,10,14,13,0,0,Wednesday,545343.6539,4802519.535,-80.440289,43.374181,At/near private drive,2,P.D. only,Thru lane,unknown,unknown,SMV unattended vehicle,Unknown,Daylight,01 - Daylight,Regional municipality,No control,unknown,0,0,0,FALSE,FALSE,FALSE,Clear,,TRUE,Road 1: 16 MEADOWRIDGE ST; Vehicle #1     Make:      Model:      Colour:      Style: ; Vehicle #2     Make: VOLK     Model: GLF     Colour:      Style: 4DO,5/13/2021 11:52:13 AM,545343.6539,4802519.535
50762,20219357,10/14/2020 7:52:00 PM,2020,10,14,19,52,0,Wednesday,544855.6115,4812437.511,-80.445499,43.463512,Non intersection,2,P.D. only,Off highway,unknown,unknown,SMV other,Unknown,Dark,07 - Dark,Municipal (excl. Twp. Rd.),No control,unknown,0,0,0,FALSE,FALSE,FALSE,Clear,,FALSE,Road 1: 45 HALIFAX DR (50 km/h); Road 2: HALIFAX DR; Distance: 2.0 M N; Vehicle #1     Make: HYUN     Model: SGL     Colour: SIL     Style: 4D,5/13/2021 11:56:11 AM,544855.6115,4812437.511
50763,20219931,10/15/2020 2:30:00 PM,2020,10,15,14,30,0,Thursday,545148.5018,4807184.33,-80.442313,43.416195,Non intersection,2,P.D. only,Thru lane,unknown,unknown,Approaching,Unknown,Daylight,01 - Daylight,Regional municipality,No control,unknown,0,0,0,FALSE,FALSE,FALSE,Rain,,TRUE,Road 1: WILSON AVE; Road 2: WEBSTER RD; Vehicle #1     Make: HYUN     Model: EGM     Colour: BLU     Style: 4D; Vehicle #2     Make: MASE     Model: GQ4     Colour: WHI     Style: 4D,5/13/2021 11:58:06 AM,545148.5018,4807184.33
50764,20221362,10/17/2020 8:35:00 AM,2020,10,17,8,35,0,Saturday,541741.0998,4811636.767,-80.48406,43.456483,Non intersection,2,P.D. only,Thru lane,unknown,unknown,SMV unattended vehicle,Unknown,Daylight,01 - Daylight,Municipal (excl. Twp. Rd.),No control,unknown,1,0,0,FALSE,FALSE,FALSE,Clear,,FALSE,Road 1: ST LEGER ST (50 km/h); Road 2: QUEEN ST N; Distance: 20.0 K W; Charged Driver #1 on page 1: NA NA (NA) (NA); Vehicle #1     Make: TOYT     Model: UCS     Colour: GRY     Style: 4D; Vehicle #2     Make: MERZ     Model: B25     Colour: BLK     Style,4/27/2022 10:39:25 AM,541741.0998,4811636.768
50765,20221674,10/17/2020 4:14:00 PM,2020,10,17,16,14,0,Saturday,544548.7185,4813339.803,-80.449219,43.471655,Non intersection,1,Non-fatal injury,Thru lane,unknown,unknown,Turning movement,Unknown,Daylight,01 - Daylight,Municipal (excl. Twp. Rd.),No control,unknown,2,0,0,FALSE,FALSE,FALSE,Clear,,FALSE,Road 1: 460 BINGEMANS CENTRE DR (50 km/h); Road 2: BINGEMANS CENTRE DR; Distance: 0.0 K E; Vehicle #1     Make: HOND     Model: PIL     Colour: WHI     Style: TY; Vehicle #2     Make: SUZI     Model: GVT     Colour: RED     Style: TY,5/13/2021 11:51:34 AM,544548.7185,4813339.803
50766,20222622,10/18/2020 10:16:00 PM,2020,10,18,22,16,0,Sunday,539370.8759,4810185.59,-80.513461,43.443545,Non intersection,2,P.D. only,Right shoulder,unknown,unknown,SMV unattended vehicle,Unknown,Dark,07 - Dark,Regional municipality,No control,unknown,0,0,0,FALSE,FALSE,FALSE,Rain,,FALSE,Road 1: TALBOT ST (50 km/h); Road 2: BELMONT AVE W; Distance: 100.0 K W; Vehicle #1     Make:      Model:      Colour:      Style: ; Vehicle #2     Make: HOND     Model: CXG     Colour: BLK     Style: 4D,5/13/2021 11:51:57 AM,539370.8759,4810185.59
50767,20223878,10/20/2020 4:23:00 PM,2020,10,20,16,23,0,Tuesday,541915.6961,4813835.691,-80.481733,43.476272,Non intersection,2,P.D. only,Thru lane,unknown,unknown,Rear end,Unknown,Daylight,01 - Daylight,Municipal (excl. Twp. Rd.),No control,unknown,2,0,0,FALSE,FALSE,FALSE,Clear,,FALSE,Road 1: SHIRLEY AVE (50 km/h); Road 2: RIVERBEND DR; Distance: 50.0 K E; Vehicle #1     Make: KIA     Model: FLX     Colour: WHI     Style: 4D; Vehicle #2     Make: NISS     Model: ROG     Colour: BLU     Style: TY; Vehicle #3     Make: GMC     Model: TER,5/13/2021 11:28:23 AM,541915.6961,4813835.692
50768,20223928,10/20/2020 5:00:00 PM,2020,10,20,17,0,0,Tuesday,543529.8571,4805014.014,-80.462479,43.396749,Non intersection,2,P.D. only,Thru lane,unknown,unknown,Sideswipe,Unknown,Daylight,01 - Daylight,Regional municipality,No control,unknown,0,0,0,FALSE,FALSE,FALSE,Clear,,TRUE,Road 1: BATTLER RD; Road 2: HURON RD; Vehicle #1     Make: HOND     Model: UEX     Colour: GRY     Style: 4D; Vehicle #2     Make: CHEV     Model: SIL     Colour: GRY     Style: PK,5/13/2021 11:37:11 AM,543529.8571,4805014.015
50769,20225036,10/22/2020 5:58:00 AM,2020,10,22,5,58,0,Thursday,545582.8946,4807129.662,-80.436952,43.415677,At intersection,1,Non-fatal injury,Within intersection,unknown,unknown,SMV other,Unknown,Dark,07 - Dark,Regional municipality,Stop sign,unknown,0,0,0,TRUE,FALSE,FALSE,Rain,,FALSE,Road 1: GOODRICH DR (50 km/h); Road 2: CHANDARIA PL (50 km/h); Vehicle #1     Make: RAM     Model: RTR     Colour: WHI     Style: CW,5/13/2021 11:36:37 AM,545582.8946,4807129.662
50770,20225118,10/22/2020 8:55:00 AM,2020,10,22,8,55,0,Thursday,538629.3086,4811280.729,-80.522547,43.453444,Intersection related,2,P.D. only,Thru lane,unknown,unknown,Rear end,Unknown,Daylight,01 - Daylight,Regional municipality,Stop sign,Functioning,1,0,0,FALSE,FALSE,FALSE,Rain,,FALSE,Road 1: UNION BLVD (40 km/h); Road 2: DUNBAR RD (40 km/h); Vehicle #1     Make: CHEV     Model: EXP     Colour: YEL     Style: BU; Vehicle #2     Make: TOYT     Model: CEP     Colour: BLK     Style: 4D,5/13/2021 11:36:04 AM,538629.3086,4811280.729
50771,20226459,10/23/2020 7:33:00 PM,2020,10,23,19,33,0,Friday,545364.583,4811022.706,-80.439325,43.450743,At intersection,2,P.D. only,Within intersection,unknown,unknown,Angle,Unknown,"Dark, artificial","08 - Dark, artificial",Municipal (excl. Twp. Rd.),unknown,Functioning,0,0,0,FALSE,FALSE,FALSE,Rain,,FALSE,Road 1: OLD CHICOPEE DR (50 km/h); Road 2: HOLBORN DR (50 km/h); Vehicle #1     Make: NISS     Model: XTR     Colour: BGE     Style: 4W; Vehicle #2     Make: TOYT     Model: RV4     Colour: RED     Style: TY,5/13/2021 11:27:51 AM,545364.583,4811022.706
50772,20227034,10/24/2020 1:00:00 PM,2020,10,24,13,0,0,Saturday,539426.6798,4810321.991,-80.512762,43.44477,At intersection,2,P.D. only,Within intersection,unknown,unknown,Approaching,Unknown,Daylight,01 - Daylight,Municipal (excl. Twp. Rd.),Stop sign,unknown,0,0,0,FALSE,FALSE,FALSE,Clear,,TRUE,Road 1: BELMONT AVE W; Road 2: ADELAIDE ST; Vehicle #1     Make: DODG     Model: CAR     Colour: BLK     Style: VN; Vehicle #2     Make: SUBA     Model: FOR     Colour: BLK     Style: TY,5/13/2021 11:25:57 AM,539426.6798,4810321.991
50773,20227597,10/25/2020 4:00:00 AM,2020,10,25,4,0,0,Sunday,537281.4834,4807521.981,-80.539463,43.419668,Non intersection,2,P.D. only,Right shoulder,unknown,unknown,SMV unattended vehicle,Unknown,Dark,07 - Dark,Municipal (excl. Twp. Rd.),No control,unknown,0,0,0,FALSE,FALSE,FALSE,Clear,,FALSE,Road 1: WESTHEIGHTS DR (40 km/h); Road 2: LORILEE CRESCENT; Distance: 500.0 K W; Vehicle #1     Make:      Model:      Colour:      Style: ; Vehicle #2     Make: NISS     Model: QST     Colour: SIL     Style: VN,5/13/2021 11:28:22 AM,537281.4834,4807521.981
50774,20228710,10/26/2020 2:50:00 PM,2020,10,26,14,50,0,Monday,541797.3656,4810623.233,-80.483442,43.447354,At intersection,1,Non-fatal injury,Within intersection,unknown,unknown,Angle,Unknown,Daylight,01 - Daylight,Municipal (excl. Twp. Rd.),Traffic signal,Functioning,0,0,0,FALSE,FALSE,FALSE,Clear,,FALSE,Road 1: CEDAR ST N (50 km/h); Road 2: KING ST E (40 km/h); Vehicle #1     Make: KIA     Model: SOR     Colour: GRY     Style: TY; Vehicle #2     Make: DODG     Model: JOU     Colour: GRY     Style: TY,5/13/2021 11:25:50 AM,541797.3656,4810623.233
50775,20228735,10/26/2020 4:29:00 PM,2020,10,26,16,29,0,Monday,540894.8331,4811104.823,-80.49456,43.45174,At intersection,2,P.D. only,Within intersection,unknown,unknown,Rear end,Unknown,Daylight,01 - Daylight,Regional municipality,Traffic signal,Functioning,0,0,0,FALSE,FALSE,FALSE,Clear,,FALSE,Road 1: KING ST W (50 km/h); Road 2: WATER ST N (50 km/h); Vehicle #1     Make: CHEV     Model: TRX     Colour: WHI     Style: TY; Vehicle #2     Make: FORD     Model: COF     Colour: BLU     Style: PK,5/13/2021 11:38:09 AM,540894.8331,4811104.823
50776,20228790,10/26/2020 5:36:00 PM,2020,10,26,17,36,0,Monday,542501.3902,4806640.553,-80.475052,43.411454,Non intersection,1,Non-fatal injury,Thru lane,unknown,unknown,Rear end,Unknown,Daylight,01 - Daylight,Municipal (excl. Twp. Rd.),No control,unknown,1,0,0,FALSE,FALSE,FALSE,Clear,,FALSE,Road 1: OLD COUNTRY DR (50 km/h); Road 2: STRASBURG RD (50 km/h); Distance: 100.0 M E; Vehicle #1     Make: FORD     Model: FE     Colour: BLK     Style: 4D; Vehicle #2     Make: RAM     Model: RTR     Colour: BRN     Style: PK,5/13/2021 11:26:50 AM,542501.3902,4806640.553
50777,20229679,10/27/2020 4:15:00 PM,2020,10,27,16,15,0,Tuesday,542405.8171,4806620.275,-80.476234,43.411277,At intersection,2,P.D. only,Thru lane,unknown,unknown,Rear end,Unknown,Daylight,01 - Daylight,Regional municipality,unknown,unknown,0,0,0,FALSE,FALSE,FALSE,Rain,,TRUE,Road 1: STRASBURG RD; Road 2: OLD COUNTRY DR; Vehicle #1     Make: HOND     Model: UCL     Colour: WHI     Style: 4D; Vehicle #2     Make: HOND     Model: UAX     Colour: BLU     Style: 4D,5/13/2021 11:35:58 AM,542405.8171,4806620.275
50778,20230241,10/28/2020 11:45:00 AM,2020,10,28,11,45,0,Wednesday,542844.2049,4809872.096,-80.470564,43.440531,At intersection,2,P.D. only,Within intersection,unknown,unknown,Angle,Unknown,Daylight,01 - Daylight,Regional municipality,Stop sign,Functioning,0,0,0,FALSE,FALSE,FALSE,Clear,,TRUE,Road 1: SYDNEY ST S; Road 2: CHARLES ST E; Vehicle #1     Make: MAZD     Model: CX5     Colour: GRY     Style: TY; Vehicle #2     Make: KIA     Model: FEX     Colour: BRZ     Style: 4D,5/13/2021 11:36:23 AM,542844.2049,4809872.096
50779,20230865,10/29/2020 5:05:00 AM,2020,10,29,5,5,0,Thursday,538348.4835,4805470.638,-80.526426,43.401144,At/near private drive,2,P.D. only,Thru lane,unknown,unknown,SMV unattended vehicle,Unknown,Dark,07 - Dark,Municipal (excl. Twp. Rd.),No control,unknown,0,0,0,FALSE,FALSE,FALSE,Clear,,TRUE,Road 1: GRAVEL RIDGE TRAIL (IFO 259); Vehicle #1     Make: ACUR     Model: CPN     Colour: GRY     Style: 4D; Vehicle #2     Make: HOND     Model: CVL     Colour: BLK     Style: 2D,5/13/2021 11:27:15 AM,538348.4835,4805470.638
50780,20230912,9/25/2020 8:00:00 PM,2020,9,25,20,0,0,Friday,541388.7089,4808687.947,-80.488639,43.429951,Non intersection,2,Non-reportable,Thru lane,unknown,unknown,Rear end,Unknown,Dusk,05 - Dusk,Regional municipality,No control,unknown,0,0,0,FALSE,FALSE,FALSE,Clear,,TRUE,Road 1: HOFFMAN ST; Road 2: HOMER WATSON BLVD; Vehicle #1     Make: FORD     Model: RNG     Colour: BLU     Style: PK; Vehicle #2     Make: KIA     Model: FSX     Colour: SIL     Style: 4D,5/13/2021 11:36:51 AM,541388.7089,4808687.947
50781,20230917,9/20/2020 8:30:00 PM,2020,9,20,20,30,0,Sunday,542699.5624,4816100.325,-80.471864,43.496618,At/near private drive,2,P.D. only,Thru lane,unknown,unknown,SMV unattended vehicle,Unknown,Dark,07 - Dark,Municipal (excl. Twp. Rd.),No control,unknown,0,0,0,FALSE,FALSE,FALSE,Clear,,TRUE,Road 1: KESTREL ST (IFO 102); Road 2: EAGLECREST ST; Distance: 20.0 M S; Vehicle #1     Make: BMW     Model: 328I     Colour:      Style: 4D; Vehicle #2     Make: KIA     Model: SOR     Colour: BLK     Style: TY,5/13/2021 11:27:05 AM,542699.5624,4816100.325
50782,20231514,10/10/2020 5:00:00 PM,2020,10,10,17,0,0,Saturday,543431.6596,4812327.154,-80.46311,43.462603,Non intersection,2,P.D. only,Thru lane,unknown,unknown,SMV unattended vehicle,Unknown,Daylight,01 - Daylight,Regional municipality,No control,unknown,0,0,0,FALSE,FALSE,FALSE,Clear,,TRUE,Road 1: EPHRAIM ST; Road 2: RIVER RD E; Vehicle #1     Make: MAZD     Model: CX9     Colour: WHI     Style: TY; Vehicle #2     Make: FORD     Model: FPA     Colour: BLK     Style: 4D,5/13/2021 11:58:37 AM,543431.6596,4812327.154
50783,20231538,10/7/2020 4:00:00 PM,2020,10,7,16,0,0,Wednesday,536795.4055,4808907.826,-80.545374,43.43217,Non intersection,2,P.D. only,Thru lane,unknown,unknown,SMV unattended vehicle,Unknown,Daylight,01 - Daylight,Municipal (excl. Twp. Rd.),No control,unknown,0,0,0,FALSE,FALSE,FALSE,Rain,,TRUE,Road 1: WESTFOREST TRAIL; Road 2: WOOD HURST CT; Distance: 1.0 M N; Vehicle #1     Make:      Model:      Colour:      Style: ; Vehicle #2     Make: TOYT     Model: TIM     Colour: RED     Style: 4B,5/13/2021 11:58:09 AM,536795.4055,4808907.826
50784,20231875,10/30/2020 9:03:00 AM,2020,10,30,9,3,0,Friday,545391.2373,4809332.35,-80.439136,43.435521,Other,2,P.D. only,Thru lane,unknown,unknown,SMV unattended vehicle,Unknown,Daylight,01 - Daylight,Municipal (excl. Twp. Rd.),No control,unknown,1,0,0,FALSE,FALSE,FALSE,Clear,,FALSE,Road 1: FERGUS AVE (50 km/h); Road 2: CLOVER PL; Distance: 1.0 M S; Vehicle #1     Make: HOND     Model: CRV     Colour: GRY     Style: TY; Vehicle #2     Make: HYUN     Model: ESM     Colour: WHI     Style: 4D; Vehicle #3     Make: KIA     Model: OLX    ,5/13/2021 11:28:42 AM,545391.2373,4809332.35