OBJECTID,ACCIDENTNUM,ACCIDENTDATE,ACCIDENT_YEAR,ACCIDENT_MONTH,ACCIDENT_DAY,ACCIDENT_HOUR,ACCIDENT_MINUTE,ACCIDENT_SECOND,ACCIDENT_WEEKDAY,XCOORD,YCOORD,LONGITUDE,LATITUDE,ACCIDENTLOCATION,COLLISIONTYPE,CLASSIFICATIONOFACCIDENT,IMPACTLOCATION,INITIALDIRECTIONOFTRAVELONE,INITIALDIRECTIONOFTRAVELTWO,INITIALIMPACTTYPE,INTTRAFFICCONTROL,LIGHT,LIGHTFORREPORT,ROADJURISDICTION,TRAFFICCONTROL,TRAFFICCONTROLCONDITION,THRULANENO,NORTHBOUNDDISOBEYCOUNT,SOUTHBOUNDDISOBEYCOUNT,PEDESTRIANINVOLVED,CYCLISTINVOLVED,MOTORCYCLISTINVOLVED,ENVIRONMENTCONDITION1,ENVIRONMENTCONDITION2,SELFREPORTED,XMLIMPORTNOTES,LASTEDITEDDATE,x,y
50785,20232215,10/30/2020 4:11:00 PM,2020,10,30,16,11,0,Friday,543988.6103,4807776.912,-80.456592,43.4216,At intersection,1,Non-fatal injury,Within intersection,unknown,unknown,Angle,Unknown,Daylight,01 - Daylight,Regional municipality,unknown,Functioning,0,0,0,FALSE,FALSE,FALSE,Clear,,FALSE,Road 1: VANIER DR (50 km/h); Road 2: SIEBERT AVE (50 km/h); Vehicle #1     Make: NISS     Model: PFI     Colour: WHI     Style: TY; Vehicle #2     Make: TOYT     Model: MTL     Colour: RED     Style: 4D,5/13/2021 11:36:35 AM,543988.6103,4807776.912
50786,20232380,10/5/2020 10:22:00 AM,2020,10,5,10,22,0,Monday,540547.7204,4810791.853,-80.498873,43.448941,Non intersection,2,Non-reportable,Thru lane,unknown,unknown,SMV unattended vehicle,Unknown,Daylight,01 - Daylight,Municipal (excl. Twp. Rd.),No control,unknown,0,0,0,FALSE,TRUE,FALSE,Clear,,TRUE,Road 1: LINDEN AVE; Road 2: OAT ST; Distance: 20.0 M S; Vehicle #1     Make:      Model:      Colour:      Style: ; Vehicle #2     Make: SUBA     Model: 30R     Colour: SIL     Style: SW,5/13/2021 11:52:06 AM,540547.7204,4810791.853
50787,20232833,10/7/2020 9:20:00 AM,2020,10,7,9,20,0,Wednesday,544232.5909,4803538.453,-80.453921,43.383422,Non intersection,2,P.D. only,Thru lane,unknown,unknown,Angle,Unknown,Daylight,01 - Daylight,Municipal (excl. Twp. Rd.),No control,unknown,0,0,0,FALSE,FALSE,FALSE,Clear,,TRUE,Road 1: 442 CARYNDALE DR (ON THE ROADWAY); Vehicle #1     Make: ACUR     Model: RDX     Colour: BLK     Style: TY; Vehicle #2     Make: HOND     Model: UDY     Colour: RED     Style: VN,5/13/2021 11:52:11 AM,544232.5909,4803538.453
50788,20232947,9/28/2020 2:45:00 PM,2020,9,28,14,45,0,Monday,544397.3356,4813271.372,-80.451096,43.471048,Non intersection,2,P.D. only,Thru lane,unknown,unknown,Angle,Unknown,Daylight,01 - Daylight,Regional municipality,No control,unknown,0,0,0,FALSE,FALSE,FALSE,Clear,,TRUE,Road 1: 400 BINGEMANS CENTRE DR VICTORIA NORTH; Vehicle #1     Make: TOYT     Model: UCS     Colour: BLU     Style: 4D; Vehicle #2     Make: FORD     Model: COF     Colour: RED     Style: PK,5/13/2021 11:37:26 AM,544397.3356,4813271.372
50789,20233059,10/1/2020 1:10:00 PM,2020,10,1,13,10,0,Thursday,543008.2545,4810493.269,-80.468488,43.446115,Non intersection,2,Non-reportable,Thru lane,unknown,unknown,Turning movement,Unknown,Daylight,01 - Daylight,Regional municipality,No control,unknown,0,0,0,FALSE,FALSE,FALSE,Clear,,TRUE,Road 1: 400 EAST AVE; Vehicle #1     Make: HYUN     Model: SAN     Colour: WHI     Style: TY; Vehicle #2     Make: TOYT     Model: CBS     Colour: RED     Style: 4D,5/13/2021 11:52:03 AM,543008.2545,4810493.269
50790,20233150,10/6/2020 4:21:00 PM,2020,10,6,16,21,0,Tuesday,544989.8008,4808198.33,-80.44419,43.425335,Non intersection,2,P.D. only,Thru lane,unknown,unknown,Rear end,Unknown,Daylight,01 - Daylight,Regional municipality,No control,unknown,0,0,0,FALSE,FALSE,FALSE,Clear,,TRUE,Road 1: 560 GREENFIELD AVE; Vehicle #1     Make: HOND     Model: UCL     Colour: WHI     Style: 4D; Vehicle #2     Make: FORD     Model: FSE     Colour: BLK     Style: 4D,5/13/2021 11:52:15 AM,544989.8008,4808198.33
50791,20233151,10/6/2020 12:50:00 PM,2020,10,6,12,50,0,Tuesday,546932.5977,4811266.99,-80.419925,43.452846,Non intersection,2,P.D. only,Thru lane,unknown,unknown,Rear end,Unknown,Daylight,01 - Daylight,Regional municipality,No control,unknown,0,0,0,FALSE,FALSE,FALSE,Clear,,TRUE,Road 1: 122 ZELLER DR; Vehicle #1     Make: CHEV     Model: CZT     Colour: RED     Style: 4D; Vehicle #2     Make: FORD     Model: CTN     Colour: WHI     Style: FV,5/13/2021 11:53:39 AM,546932.5977,4811266.99
50792,20234384,11/2/2020 8:00:00 AM,2020,11,2,8,0,0,Monday,543880.0629,4805121.97,-80.458146,43.397701,Non intersection,2,P.D. only,Thru lane,unknown,unknown,Turning movement,Unknown,Daylight,01 - Daylight,Municipal (excl. Twp. Rd.),No control,unknown,0,0,0,FALSE,FALSE,FALSE,Clear,,TRUE,Road 1: HURON RD; Road 2: TRILLIUM DR; Vehicle #1     Make: HOND     Model: UDY     Colour: SIL     Style: TY; Vehicle #2     Make: FORD     Model: FSE     Colour: RED     Style: 4B,4/27/2022 10:39:29 AM,543880.0629,4805121.97
50793,20234455,11/2/2020 9:15:00 AM,2020,11,2,9,15,0,Monday,538099.7314,4811073.062,-80.529107,43.451601,Intersection related,2,Non-reportable,Thru lane,unknown,unknown,Angle,Unknown,Daylight,01 - Daylight,unknown,Stop sign,Functioning,0,0,0,FALSE,FALSE,FALSE,Clear,,TRUE,Road 1: ABERDEEN RD; Road 2: WESTGATE WALK; Vehicle #1     Make: FORD     Model: EDG     Colour: BLK     Style: TY; Vehicle #2     Make:      Model:      Colour:      Style:,5/13/2021 11:51:01 AM,538099.7314,4811073.062
50794,20234487,11/2/2020 6:00:00 AM,2020,11,2,6,0,0,Monday,543250.8868,4811487.422,-80.465411,43.455052,At/near private drive,2,Non-reportable,Thru lane,unknown,unknown,SMV unattended vehicle,Unknown,Dark,07 - Dark,Regional municipality,No control,unknown,0,0,0,FALSE,FALSE,FALSE,Clear,,TRUE,Road 1: 410 KRUG ST; Vehicle #1     Make:      Model:      Colour:      Style: ; Vehicle #2     Make: NISS     Model: MSV     Colour: SIL     Style: 4D,5/13/2021 11:51:38 AM,543250.8868,4811487.422
50795,20234513,11/2/2020 11:08:00 AM,2020,11,2,11,8,0,Monday,545034.048,4807869.143,-80.44367,43.422368,At intersection,2,P.D. only,Right shoulder,unknown,unknown,SMV other,Unknown,Daylight,01 - Daylight,Municipal (excl. Twp. Rd.),Traffic signal,Functioning,0,0,0,FALSE,FALSE,FALSE,Clear,,FALSE,Road 1: WILSON AVE (50 km/h); Road 2: KINGSWAY DR (50 km/h); Vehicle #1     Make: KIA     Model: SPO     Colour: BLK     Style: TY,5/13/2021 11:50:56 AM,545034.048,4807869.143
50796,20235567,11/3/2020 6:20:00 PM,2020,11,3,18,20,0,Tuesday,542406.3604,4806619.027,-80.476227,43.411265,Intersection related,2,P.D. only,Thru lane,unknown,unknown,Rear end,Unknown,Dark,07 - Dark,Municipal (excl. Twp. Rd.),unknown,Functioning,0,0,0,FALSE,FALSE,FALSE,Clear,,TRUE,Road 1: STRASBURG RD; Road 2: OLD COUNTRY DR; Vehicle #1     Make: CHRY     Model: S30     Colour: WHI     Style: 4D; Vehicle #2     Make: GMC     Model: SIE     Colour: BLK     Style: PK,5/13/2021 11:57:37 AM,542406.3604,4806619.027
50797,20236129,9/25/2020 9:30:00 AM,2020,9,25,9,30,0,Friday,536511.8477,4808517.241,-80.548903,43.428667,At/near private drive,2,Non-reportable,Thru lane,unknown,unknown,SMV unattended vehicle,Unknown,Daylight,01 - Daylight,Municipal (excl. Twp. Rd.),No control,unknown,0,0,0,FALSE,FALSE,FALSE,Clear,,TRUE,Road 1: WESTMEADOW DR (IFO 81); Road 2: BRAMBLEWOOD ST; Vehicle #1     Make:      Model:      Colour:      Style: ; Vehicle #2     Make: TOYT     Model: RV4     Colour: GRY     Style: TY,5/13/2021 11:29:10 AM,536511.8477,4808517.241
50798,20236191,9/22/2020 5:00:00 PM,2020,9,22,17,0,0,Tuesday,544797.9685,4809474.114,-80.446455,43.436833,At/near private drive,2,P.D. only,Thru lane,unknown,unknown,Rear end,Unknown,Daylight,01 - Daylight,Municipal (excl. Twp. Rd.),No control,unknown,0,0,0,FALSE,FALSE,FALSE,Clear,,TRUE,Road 1: FRANKLIN ST N (IFO 122); Vehicle #1     Make: RAM     Model: RTR     Colour: YEL     Style: CW; Vehicle #2     Make: DODG     Model: NR4     Colour: SIL     Style: 4D; Vehicle #3     Make: GMC     Model: TER     Colour: BLK     Style: TY,5/13/2021 11:26:09 AM,544797.9685,4809474.114
50799,20236360,11/4/2020 4:45:00 PM,2020,11,4,16,45,0,Wednesday,543073.0465,4812800.766,-80.467505,43.466888,Intersection related,1,Non-fatal injury,Thru lane,unknown,unknown,Rear end,Unknown,Dusk,05 - Dusk,Municipal (excl. Twp. Rd.),unknown,Functioning,1,0,0,FALSE,FALSE,FALSE,Clear,,FALSE,Road 1: SHIRLEY AVE (50 km/h); Road 2: RIVERBEND DR (50 km/h); Vehicle #1     Make: VOLK     Model: JBS     Colour: WHI     Style: 4D; Vehicle #2     Make:      Model:      Colour:      Style:,5/13/2021 11:50:51 AM,543073.0465,4812800.766
50800,20237088,10/15/2020 8:00:00 AM,2020,10,15,8,0,0,Thursday,541252.6072,4809246.681,-80.490279,43.434989,Non intersection,2,P.D. only,Thru lane,unknown,unknown,Rear end,Unknown,Daylight,01 - Daylight,Regional municipality,No control,unknown,0,0,0,FALSE,FALSE,FALSE,Clear,,TRUE,Road 1: HIGHLAND RD E; Road 2: MAUSSER AVE SOUTHDALE KITCHENER; Vehicle #1     Make: PONT     Model: MON     Colour: WHI     Style: VN; Vehicle #2     Make: HOND     Model: HRV     Colour: GRY     Style: TY,5/13/2021 11:58:10 AM,541252.6072,4809246.681
50801,20237283,11/5/2020 5:44:00 PM,2020,11,5,17,44,0,Thursday,539269.0984,4805651.842,-80.515045,43.402728,At intersection,1,Non-fatal injury,Within intersection,unknown,unknown,SMV other,Unknown,Dark,07 - Dark,Municipal (excl. Twp. Rd.),Stop sign,Functioning,0,0,0,TRUE,FALSE,FALSE,Clear,,FALSE,Road 1: HENHOEFFER CRES (40 km/h); Road 2: ACTIVA AVE (50 km/h); Vehicle #1     Make: TOYT     Model: SIE     Colour: GRN     Style: VN,5/13/2021 11:50:49 AM,539269.0984,4805651.842
50802,20237687,10/22/2020 2:30:00 PM,2020,10,22,14,30,0,Thursday,544140.3334,4808844.284,-80.454631,43.431202,Intersection related,2,P.D. only,Within intersection,unknown,unknown,Turning movement,Unknown,Daylight,01 - Daylight,Municipal (excl. Twp. Rd.),Stop sign,unknown,0,0,0,FALSE,FALSE,FALSE,Clear,,TRUE,Road 1: 4TH AVE; Road 2: CONNAUGHT ST; Vehicle #1     Make: RAM     Model: RTR     Colour: WHI     Style: PK; Vehicle #2     Make: KIA     Model: OHY     Colour: BLK     Style: 4D,5/13/2021 11:25:54 AM,544140.3334,4808844.284
50803,20237770,11/6/2020 10:44:00 AM,2020,11,6,10,44,0,Friday,543078.4014,4812171.182,-80.467489,43.461219,Non intersection,2,P.D. only,Thru lane,unknown,unknown,Rear end,Unknown,Daylight,01 - Daylight,Municipal (excl. Twp. Rd.),No control,unknown,1,0,0,FALSE,FALSE,FALSE,Clear,,FALSE,Road 1: EPHRAIM ST (50 km/h); Road 2: ETHEL ST; Distance: 40.0 M S; Vehicle #1     Make: VOLK     Model: CTG     Colour: SIL     Style: 4B; Vehicle #2     Make: CANA     Model: DT     Colour: BLK     Style: DT,5/13/2021 11:58:34 AM,543078.4014,4812171.182
50804,20237942,10/24/2020 2:30:00 PM,2020,10,24,14,30,0,Saturday,542844.2023,4809872.496,-80.470564,43.440535,Intersection related,2,P.D. only,Within intersection,unknown,unknown,Angle,Unknown,Daylight,01 - Daylight,Regional municipality,Stop sign,Functioning,0,1,0,FALSE,FALSE,FALSE,Clear,,TRUE,Road 1: CHARLES ST E; Road 2: SYDNEY ST S; Vehicle #1     Make: HYUN     Model: K6G     Colour: GRY     Style: TY; Vehicle #2     Make: HOND     Model: UAX     Colour: BLU     Style: 4D,5/13/2021 11:36:19 AM,542844.2023,4809872.496
50805,20237943,11/6/2020 1:50:00 PM,2020,11,6,13,50,0,Friday,542398.2253,4811081.054,-80.475981,43.451442,At intersection,2,P.D. only,Within intersection,unknown,unknown,Angle,Unknown,Daylight,01 - Daylight,Municipal (excl. Twp. Rd.),Stop sign,Functioning,0,0,0,FALSE,FALSE,FALSE,Clear,,TRUE,Road 1: KRUG ST; Road 2: SIMEON ST; Vehicle #1     Make: FORD     Model: 5SE     Colour: GRY     Style: 4D; Vehicle #2     Make: GMC     Model: TER     Colour: BLK     Style: TY,5/13/2021 11:52:37 AM,542398.2253,4811081.054
50806,20238048,11/6/2020 3:15:00 PM,2020,11,6,15,15,0,Friday,541920.4616,4803576.665,-80.482462,43.383899,At intersection,2,Non-reportable,Thru lane,unknown,unknown,Sideswipe,Unknown,Daylight,01 - Daylight,Regional municipality,Stop sign,unknown,0,0,0,FALSE,FALSE,FALSE,Clear,,TRUE,Road 1: 20 ROCHEFORT ST; Road 2: CANNES ST; Vehicle #1     Make: MAZD     Model: MA5     Colour: SIL     Style: 4B; Vehicle #2     Make: DODG     Model: AVN     Colour: BLK     Style: 4D,5/13/2021 11:50:53 AM,541920.4616,4803576.665
50807,20238594,10/24/2020 10:00:00 AM,2020,10,24,10,0,0,Saturday,545973.3885,4808972.799,-80.431973,43.432248,At/near private drive,2,P.D. only,Thru lane,unknown,unknown,SMV unattended vehicle,Unknown,Daylight,01 - Daylight,Regional municipality,No control,unknown,0,0,0,FALSE,FALSE,FALSE,Clear,,TRUE,Road 1: 164 JANSEN AVE; Vehicle #1     Make:      Model:      Colour:      Style: ; Vehicle #2     Make: MERZ     Model: C4A     Colour: BLK     Style: 4D,5/13/2021 11:37:15 AM,545973.3885,4808972.799
50808,20239619,11/8/2020 11:40:00 AM,2020,11,8,11,40,0,Sunday,542842.101,4809875.045,-80.47059,43.440558,At intersection,2,P.D. only,Within intersection,unknown,unknown,Angle,Unknown,Daylight,01 - Daylight,Regional municipality,unknown,Functioning,0,0,0,FALSE,FALSE,TRUE,Clear,,FALSE,Road 1: CHARLES ST E (50 km/h); Road 2: SYDNEY ST S (50 km/h); Distance: 1.0 M E; Charged Driver #1 on page 1: CAI 2 (1) (NA); Vehicle #1     Make: MERZ     Model: M50     Colour: GRY     Style: TY; Vehicle #2     Make: HOND     Model: SC5     Colour: BLK,4/27/2022 10:41:12 AM,542842.101,4809875.045
50809,20239627,10/28/2020 11:00:00 AM,2020,10,28,11,0,0,Wednesday,539870.2583,4808470.054,-80.507415,43.428071,At/near private drive,2,P.D. only,Off highway,unknown,unknown,Other,Unknown,Daylight,01 - Daylight,Municipal (excl. Twp. Rd.),No control,unknown,0,0,0,FALSE,FALSE,FALSE,Clear,,TRUE,Road 1: GREENBROOK DR; Road 2: WESTMOUNT RD E; Vehicle #1     Make: TOYT     Model: TER     Colour: BLU     Style: 4D; Vehicle #2     Make: FORD     Model: SPE     Colour: GRY     Style: TY,5/13/2021 11:27:22 AM,539870.2583,4808470.054
50810,20239630,10/29/2020 7:30:00 PM,2020,10,29,19,30,0,Thursday,545918.1448,4804792.129,-80.433007,43.394609,At/near private drive,2,P.D. only,Thru lane,unknown,unknown,Angle,Unknown,Dark,07 - Dark,Municipal (excl. Twp. Rd.),No control,unknown,0,0,0,FALSE,FALSE,FALSE,Rain,,TRUE,Road 1: 123 PIONEER DR; Vehicle #1     Make: TOYT     Model: TAC     Colour: RED     Style: PK; Vehicle #2     Make: MAZD     Model: CX5     Colour: BLK     Style: TY,5/13/2021 11:27:29 AM,545918.1448,4804792.129
50811,20239655,10/8/2020 8:00:00 PM,2020,10,8,20,0,0,Thursday,545979.5001,4802966.258,-80.432403,43.378165,Non intersection,2,Non-reportable,Thru lane,unknown,unknown,SMV unattended vehicle,Unknown,Dark,07 - Dark,Municipal (excl. Twp. Rd.),No control,unknown,0,0,0,FALSE,FALSE,FALSE,Clear,,TRUE,Road 1: ROBERT FERRIE DR; Road 2: DOON S DR; Vehicle #1     Make:      Model:      Colour:      Style: ; Vehicle #2     Make: HOND     Model: HRV     Colour: BLK     Style: TY,5/13/2021 11:51:52 AM,545979.5001,4802966.258
50812,20239663,10/28/2020 3:30:00 PM,2020,10,28,15,30,0,Wednesday,544903.6833,4804856.76,-80.445528,43.395252,At/near private drive,2,P.D. only,Thru lane,unknown,unknown,Rear end,Unknown,Daylight,01 - Daylight,Municipal (excl. Twp. Rd.),No control,unknown,0,0,0,FALSE,FALSE,FALSE,Clear,,TRUE,Road 1: PIONEER DR (IFO 450); Road 2: DOON VILLAGE RD; Vehicle #1     Make: FORD     Model: FE     Colour: GRY     Style: 4D; Vehicle #2     Make: FORD     Model: FCL     Colour: RED     Style: 4B,5/13/2021 11:27:20 AM,544903.6833,4804856.76
50813,20239679,10/6/2020 3:00:00 PM,2020,10,6,15,0,0,Tuesday,546123.496,4809662.699,-80.430061,43.438451,At/near private drive,2,Non-reportable,Thru lane,unknown,unknown,Sideswipe,Unknown,Daylight,01 - Daylight,Regional municipality,No control,unknown,0,0,0,FALSE,FALSE,FALSE,Clear,,TRUE,Road 1: 211 VERONICA DR; Vehicle #1     Make: FORD     Model: TST     Colour: WHI     Style: FV; Vehicle #2     Make: FRHT     Model: FM2     Colour: WHI     Style: CT,5/13/2021 11:51:54 AM,546123.496,4809662.699
50814,20240407,11/9/2020 1:50:00 PM,2020,11,9,13,50,0,Monday,541548.845,4811887.912,-80.486417,43.458755,Intersection related,2,P.D. only,Within intersection,unknown,unknown,Angle,Unknown,Daylight,01 - Daylight,Municipal (excl. Twp. Rd.),Stop sign,Functioning,0,0,0,FALSE,FALSE,FALSE,Clear,,TRUE,Road 1: ST LEGER ST; Road 2: BREITHAUPT ST; Vehicle #1     Make: TOYT     Model: GZG     Colour: GRY     Style: TY; Vehicle #2     Make: HYUN     Model: SFT     Colour: ONG     Style: TY,5/13/2021 11:52:39 AM,541548.845,4811887.912
50815,20240544,11/9/2020 4:45:00 PM,2020,11,9,16,45,0,Monday,543247.8249,4804520.837,-80.466,43.392325,At intersection,2,Non-reportable,Within intersection,unknown,unknown,Angle,Unknown,Dusk,05 - Dusk,Municipal (excl. Twp. Rd.),Stop sign,Functioning,0,0,0,FALSE,FALSE,FALSE,Clear,,TRUE,Road 1: HURON RD; Road 2: STRASBURG RD; Vehicle #1     Make: FORD     Model: FE     Colour: BLK     Style: 4D; Vehicle #2     Make:      Model:      Colour:      Style:,5/13/2021 11:50:42 AM,543247.8249,4804520.837
50816,20240743,11/9/2020 9:40:00 PM,2020,11,9,21,40,0,Monday,541941.2509,4815042.591,-80.481324,43.487137,Non intersection,2,P.D. only,Thru lane,unknown,unknown,SMV other,Unknown,Dark,07 - Dark,Municipal (excl. Twp. Rd.),No control,unknown,1,0,0,FALSE,FALSE,FALSE,Clear,,FALSE,Road 1: MACVILLE AVE (50 km/h); Road 2: 12 MACVILLE AVE; Distance: 1.0 K S; Vehicle #1     Make: HYUN     Model: VRZ     Colour: SIL     Style: TY,5/13/2021 11:52:24 AM,541941.2509,4815042.591
50817,20241135,11/10/2020 11:50:00 AM,2020,11,10,11,50,0,Tuesday,539296.7047,4811575.42,-80.514278,43.456063,Intersection related,2,P.D. only,Within intersection,unknown,unknown,Angle,Unknown,Daylight,01 - Daylight,Regional municipality,Stop sign,Functioning,0,0,1,FALSE,FALSE,FALSE,Clear,,TRUE,Road 1: MOUNT HOPE ST; Road 2: PARK ST; Vehicle #1     Make: HOND     Model: UAX     Colour: BLU     Style: 4D; Vehicle #2     Make: NISS     Model: VRS     Colour: SIL     Style: 4B,5/13/2021 11:52:42 AM,539296.7047,4811575.42
50818,20241363,11/10/2020 5:00:00 PM,2020,11,10,17,0,0,Tuesday,542312.8279,4810283.955,-80.477098,43.44427,At intersection,2,P.D. only,Within intersection,unknown,unknown,Rear end,Unknown,Dusk,05 - Dusk,Regional municipality,Traffic signal,Functioning,0,0,0,FALSE,FALSE,FALSE,Clear,,TRUE,Road 1: KING ST E; Road 2: STIRLING AVE N; Vehicle #1     Make: HYUN     Model: SFT     Colour: BLK     Style: TY; Vehicle #2     Make: RAM     Model: RTR     Colour: WHI     Style: CW,5/13/2021 11:52:54 AM,542312.8279,4810283.955
50819,20241584,11/10/2020 9:00:00 PM,2020,11,10,21,0,0,Tuesday,542013.3427,4813739.938,-80.480533,43.475404,Non intersection,2,Non-reportable,Thru lane,unknown,unknown,SMV other,Unknown,Dark,07 - Dark,Regional municipality,No control,unknown,0,0,0,FALSE,FALSE,FALSE,Clear,,TRUE,Road 1: 575 RIVERBEND DR; Vehicle #1     Make: HYUN     Model: SAN     Colour: SIL     Style: TY,5/13/2021 11:58:41 AM,542013.3427,4813739.938
50820,20241609,11/10/2020 10:00:00 PM,2020,11,10,22,0,0,Tuesday,537983.4253,4809787.11,-80.530634,43.440028,Non intersection,2,P.D. only,Thru lane,unknown,unknown,Sideswipe,Unknown,Dark,07 - Dark,Municipal (excl. Twp. Rd.),No control,unknown,1,0,0,FALSE,FALSE,FALSE,Clear,,FALSE,Road 1: 43 INGLESIDE DR (50 km/h); Road 2: INGLESIDE DR; Distance: 15.0 M S; Vehicle #1     Make: RAM     Model: RTR     Colour: RED     Style: CW; Vehicle #2     Make:      Model:      Colour:      Style:,5/13/2021 11:56:34 AM,537983.4253,4809787.11
50821,20242278,11/11/2020 6:00:00 PM,2020,11,11,18,0,0,Wednesday,536852.6025,4808264.93,-80.54471,43.426379,Intersection related,2,P.D. only,Thru lane,unknown,unknown,Other,Unknown,"Dark, artificial","08 - Dark, artificial",Municipal (excl. Twp. Rd.),unknown,Functioning,1,0,0,FALSE,FALSE,FALSE,Clear,,FALSE,Road 1: WESTMEADOW DR (50 km/h); Road 2: WESTFOREST TRAIL; Distance: 5.0 K W; Vehicle #1     Make: HOND     Model: UAX     Colour: BLK     Style: 4D; Vehicle #2     Make: DODG     Model: CAR     Colour: BLK     Style: VN; Vehicle #3     Make: FORD     Mod,5/13/2021 11:57:39 AM,536852.6025,4808264.93
50822,20243146,11/12/2020 5:26:00 PM,2020,11,12,17,26,0,Thursday,543946.0688,4808106.146,-80.457091,43.424567,Intersection related,2,P.D. only,Right shoulder,unknown,unknown,SMV other,Unknown,Dark,07 - Dark,Municipal (excl. Twp. Rd.),Stop sign,Functioning,0,0,0,FALSE,FALSE,FALSE,Clear,,FALSE,Road 1: HARBER AVE (50 km/h); Road 2: SIEBERT AVE (50 km/h); Vehicle #1     Make: MAZD     Model: M6I     Colour: GRY     Style: 4D,5/13/2021 11:55:13 AM,543946.0688,4808106.146
50823,20243456,11/13/2020 4:34:00 AM,2020,11,13,4,34,0,Friday,542040.3636,4809422.311,-80.480532,43.436527,Non intersection,2,P.D. only,Thru lane,unknown,unknown,Approaching,Unknown,"Dark, artificial","08 - Dark, artificial",Regional municipality,No control,unknown,1,0,0,FALSE,FALSE,FALSE,Clear,,FALSE,Road 1: 279 BORDEN AVE S (50 km/h); Road 2: BORDEN AVE S; Distance: 1.0 K S; Vehicle #1     Make: BMW     Model: 28I     Colour: BLK     Style: 4D; Vehicle #2     Make: FORD     Model: EPR     Colour: BLU     Style: TY; Vehicle #3     Make: HOND     Model,5/13/2021 11:55:43 AM,542040.3636,4809422.311
50824,20243467,11/13/2020 4:30:00 AM,2020,11,13,4,30,0,Friday,542111.6345,4809510.325,-80.479644,43.437315,Non intersection,2,P.D. only,Right shoulder,unknown,unknown,SMV other,Unknown,"Dark, artificial","08 - Dark, artificial",Regional municipality,No control,unknown,0,0,0,FALSE,FALSE,FALSE,Clear,,FALSE,Road 1: BORDEN AVE S (50 km/h); Road 2: COURTLAND AVE E; Distance: 100.0 M S; Vehicle #1     Make: FORD     Model: FSE     Colour: GRY     Style: 4B,5/13/2021 11:55:42 AM,542111.6345,4809510.325
50825,20243525,11/13/2020 7:30:00 AM,2020,11,13,7,30,0,Friday,545651.8325,4803687.787,-80.436388,43.384682,Non intersection,2,P.D. only,Thru lane,unknown,unknown,Sideswipe,Unknown,Daylight,01 - Daylight,Regional municipality,No control,unknown,0,0,0,FALSE,FALSE,FALSE,Rain,,TRUE,Road 1: 87 APPLE RIDGE DR; Vehicle #1     Make: LEXS     Model: NXT     Colour: GRY     Style: TY; Vehicle #2     Make: SUZI     Model: KSE     Colour: SIL     Style: 4D,5/13/2021 11:52:21 AM,545651.8325,4803687.787
50826,20243879,10/28/2020 2:00:00 PM,2020,10,28,14,0,0,Wednesday,537822.9006,4809343.155,-80.532649,43.436039,At/near private drive,2,P.D. only,Thru lane,unknown,unknown,SMV unattended vehicle,Unknown,Daylight,01 - Daylight,Municipal (excl. Twp. Rd.),No control,unknown,0,0,0,FALSE,FALSE,FALSE,Clear,,TRUE,Road 1: 9 STOKE COURT; Vehicle #1     Make: TOYT     Model: SIE     Colour: GRY     Style: VN; Vehicle #2     Make: ACUR     Model: RDX     Colour: PLE     Style: TY,5/13/2021 11:27:36 AM,537822.9006,4809343.155
50827,20244055,11/13/2020 7:53:00 PM,2020,11,13,19,53,0,Friday,536732.5266,4810034.525,-80.546075,43.442318,At intersection,1,Non-fatal injury,Within intersection,unknown,unknown,Angle,Unknown,"Dark, artificial","08 - Dark, artificial",Regional municipality,Stop sign,Functioning,0,0,0,FALSE,FALSE,FALSE,Clear,,FALSE,Road 1: UNIVERSITY AVE W (50 km/h); Road 2: GLASGOW ST (50 km/h); Vehicle #1     Make: KIA     Model: CRO     Colour: WHI     Style: 4B; Vehicle #2     Make: NISS     Model: 3ZC     Colour: BLK     Style: 2D,5/13/2021 11:50:58 AM,536732.5266,4810034.525
50828,20244871,11/14/2020 7:45:00 PM,2020,11,14,19,45,0,Saturday,543551.6071,4804955.567,-80.462215,43.396222,Non intersection,2,P.D. only,Thru lane,unknown,unknown,Rear end,Unknown,"Dark, artificial","08 - Dark, artificial",Municipal (excl. Twp. Rd.),No control,unknown,1,0,0,FALSE,FALSE,FALSE,Clear,,FALSE,Road 1: 275 HURON RD (60 km/h); Road 2: BATTLER RD; Distance: 50.0 M S; Vehicle #1     Make: MERZ     Model: CWC     Colour: WHI     Style: 4D; Vehicle #2     Make: FORD     Model: FSE     Colour: GRY     Style: 4D,5/13/2021 11:51:31 AM,543551.6071,4804955.567
50829,20245663,11/15/2020 5:31:00 PM,2020,11,15,17,31,0,Sunday,543932.9601,4809147.851,-80.457169,43.433947,At intersection,2,P.D. only,Not on roadway - left side,unknown,unknown,SMV other,Unknown,Dark,07 - Dark,Municipal (excl. Twp. Rd.),Stop sign,unknown,0,0,0,FALSE,FALSE,FALSE,Rain,,FALSE,Road 1: FIRST AVE (50 km/h); Road 2: ECKERT ST (50 km/h); Vehicle #1     Make: HYUN     Model: CER     Colour: BLU     Style: 4D,5/13/2021 11:54:45 AM,543932.9601,4809147.851