OBJECTID,ACCIDENTNUM,ACCIDENTDATE,ACCIDENT_YEAR,ACCIDENT_MONTH,ACCIDENT_DAY,ACCIDENT_HOUR,ACCIDENT_MINUTE,ACCIDENT_SECOND,ACCIDENT_WEEKDAY,XCOORD,YCOORD,LONGITUDE,LATITUDE,ACCIDENTLOCATION,COLLISIONTYPE,CLASSIFICATIONOFACCIDENT,IMPACTLOCATION,INITIALDIRECTIONOFTRAVELONE,INITIALDIRECTIONOFTRAVELTWO,INITIALIMPACTTYPE,INTTRAFFICCONTROL,LIGHT,LIGHTFORREPORT,ROADJURISDICTION,TRAFFICCONTROL,TRAFFICCONTROLCONDITION,THRULANENO,NORTHBOUNDDISOBEYCOUNT,SOUTHBOUNDDISOBEYCOUNT,PEDESTRIANINVOLVED,CYCLISTINVOLVED,MOTORCYCLISTINVOLVED,ENVIRONMENTCONDITION1,ENVIRONMENTCONDITION2,SELFREPORTED,XMLIMPORTNOTES,LASTEDITEDDATE,x,y
50830,20247227,11/17/2020 5:37:00 PM,2020,11,17,17,37,0,Tuesday,540920.2144,4810570.317,-80.494286,43.446926,At intersection,2,P.D. only,Within intersection,unknown,unknown,Angle,Unknown,Dark,07 - Dark,Municipal (excl. Twp. Rd.),unknown,Functioning,0,0,0,FALSE,FALSE,FALSE,Clear,,TRUE,Road 1: JUBILEE DR; Road 2: DAVID ST; Vehicle #1     Make: HOND     Model: UCL     Colour: BLU     Style: 4D; Vehicle #2     Make: HYUN     Model: TUC     Colour: GRY     Style: TY,5/13/2021 11:52:44 AM,540920.2144,4810570.317
50831,20247415,11/17/2020 10:40:00 PM,2020,11,17,22,40,0,Tuesday,542353.9836,4804066.663,-80.477072,43.388287,Non intersection,2,P.D. only,Right shoulder,unknown,unknown,SMV unattended vehicle,Unknown,Dark,07 - Dark,Municipal (excl. Twp. Rd.),No control,unknown,0,0,0,FALSE,FALSE,FALSE,Snow,,FALSE,Road 1: 260 MAITLAND ST (40 km/h); Road 2: MAITLAND ST; Distance: 3.0 K S; Vehicle #1     Make: HOND     Model: CXG     Colour: GRY     Style: 4D; Vehicle #2     Make: NISS     Model: ROG     Colour: SIL     Style: TY,5/13/2021 11:56:46 AM,542353.9836,4804066.663
50832,20247573,11/18/2020 8:25:00 AM,2020,11,18,8,25,0,Wednesday,539751.8246,4806799.651,-80.509,43.413037,Intersection related,2,P.D. only,Within intersection,unknown,unknown,Rear end,Unknown,Daylight,01 - Daylight,Municipal (excl. Twp. Rd.),Stop sign,Functioning,0,0,0,FALSE,FALSE,FALSE,Snow,,FALSE,Road 1: ACTIVA AVE (50 km/h); Road 2: GREY FOX DR (50 km/h); Vehicle #1     Make: MAZD     Model: CX5     Colour: RED     Style: TY; Vehicle #2     Make: INTE     Model: 105     Colour: YEL     Style: BU,5/13/2021 11:55:14 AM,539751.8246,4806799.651
50833,20247963,10/2/2020 10:00:00 PM,2020,10,2,22,0,0,Friday,547958.4886,4804543.966,-80.407836,43.392247,At/near private drive,2,P.D. only,Thru lane,unknown,unknown,SMV unattended vehicle,Unknown,Dark,07 - Dark,Regional municipality,No control,unknown,0,0,0,FALSE,FALSE,FALSE,Clear,,TRUE,Road 1: ORCHARD MILL CRESCENT; Road 2: 12 ORCHARD MILL CRESCENT; Vehicle #1     Make:      Model:      Colour:      Style: ; Vehicle #2     Make: NISS     Model: A5S     Colour: BLK     Style: 2D,5/13/2021 11:58:24 AM,547958.4886,4804543.966
50834,20248001,10/2/2020 7:45:00 PM,2020,10,2,19,45,0,Friday,544012.9226,4805477.119,-80.456477,43.400891,Non intersection,2,Non-reportable,Thru lane,unknown,unknown,Sideswipe,Unknown,Dark,07 - Dark,Regional municipality,No control,unknown,0,0,0,FALSE,FALSE,FALSE,Clear,,TRUE,Road 1: 1111 HOMER WATSON BLVD (TRILLIUM INDUSTRIAL PARK); Vehicle #1     Make:      Model:      Colour:      Style: ; Vehicle #2     Make: CHEV     Model: ML1     Colour: GRY     Style: 4D,5/13/2021 11:51:45 AM,544012.9226,4805477.119
50835,20248015,11/18/2020 6:00:00 PM,2020,11,18,18,0,0,Wednesday,543209.0121,4807481.475,-80.466246,43.418985,Non intersection,2,Non-reportable,Thru lane,unknown,unknown,SMV other,Unknown,Dark,07 - Dark,Regional municipality,No control,unknown,0,0,0,FALSE,FALSE,FALSE,Clear,,TRUE,Road 1: BLOCK LINE RD; Road 2: COURTLAND AVE E; Vehicle #1     Make: HYUN     Model: ESM     Colour: GRY     Style: 4D,5/13/2021 11:58:39 AM,543209.0121,4807481.475
50836,20248137,11/18/2020 8:58:00 PM,2020,11,18,20,58,0,Wednesday,539945.6487,4809633.761,-80.506399,43.438545,Non intersection,1,Non-fatal injury,Thru lane,unknown,unknown,Angle,Unknown,Dark,07 - Dark,Municipal (excl. Twp. Rd.),No control,unknown,1,0,0,FALSE,FALSE,FALSE,Clear,,FALSE,Road 1: 103 BELMONT AVE W (50 km/h); Road 2: GAGE AVE; Distance: 3.0 K S; Vehicle #1     Make: BMW     Model: 5CI     Colour: GRY     Style: 2D; Vehicle #2     Make: NISS     Model: ROG     Colour: BLK     Style: TY,5/13/2021 11:51:50 AM,539945.6487,4809633.761
50837,20248644,11/19/2020 2:22:00 PM,2020,11,19,14,22,0,Thursday,542128.4714,4807432.751,-80.479597,43.418608,At/near private drive,2,P.D. only,Thru lane,unknown,unknown,SMV unattended vehicle,Unknown,Daylight,01 - Daylight,Regional municipality,No control,unknown,1,0,0,FALSE,FALSE,FALSE,Clear,,FALSE,Road 1: GENEVA CRESCENT (50 km/h); Road 2: 96 GENEVA CRES; Distance: 10.0 K S; Vehicle #1     Make:      Model:      Colour:      Style: ; Vehicle #2     Make: GMC     Model: SIE     Colour: GRY     Style: CW,5/13/2021 11:53:35 AM,542128.4714,4807432.751
50838,20248744,11/14/2020 11:15:00 AM,2020,11,14,11,15,0,Saturday,545221.3107,4806416.383,-80.441477,43.409276,Non intersection,2,P.D. only,Thru lane,unknown,unknown,Rear end,Unknown,Daylight,01 - Daylight,Regional municipality,No control,unknown,0,0,0,FALSE,FALSE,FALSE,Clear,,TRUE,Road 1: WABANAKI DR; Road 2: WILSON AVE; Vehicle #1     Make: GMC     Model: ACA     Colour: BLK     Style: TY; Vehicle #2     Make: NISS     Model: ROG     Colour: RED     Style: TY,5/13/2021 11:52:00 AM,545221.3107,4806416.383
50839,20248829,11/2/2020 6:30:00 AM,2020,11,2,6,30,0,Monday,542631.4349,4804094.436,-80.473644,43.388521,Non intersection,2,P.D. only,Thru lane,unknown,unknown,SMV unattended vehicle,Unknown,Dark,07 - Dark,Municipal (excl. Twp. Rd.),No control,unknown,0,0,0,FALSE,FALSE,FALSE,Clear,,TRUE,Road 1: FEATHERSTONE CRESCENT (IFO 225); Vehicle #1     Make: TOYT     Model: RV4     Colour: BLK     Style: TY; Vehicle #2     Make: HOND     Model: UEX     Colour: GRY     Style: 4D,5/13/2021 11:58:13 AM,542631.4349,4804094.436
50840,20248832,11/19/2020 5:40:00 PM,2020,11,19,17,40,0,Thursday,540172.7094,4809414.987,-80.503609,43.436563,At intersection,2,P.D. only,Within intersection,unknown,unknown,Angle,Unknown,Dark,07 - Dark,Regional municipality,Traffic signal,Functioning,0,0,0,FALSE,FALSE,FALSE,Clear,,TRUE,Road 1: BELMONT AVE W; Road 2: QUEEN'S BLVD; Vehicle #1     Make: KIA     Model: FSX     Colour: GRY     Style: 4B; Vehicle #2     Make: NISS     Model: ROG     Colour: SIL     Style: TY,5/13/2021 11:52:47 AM,540172.7094,4809414.987
50841,20248902,11/19/2020 7:00:00 PM,2020,11,19,19,0,0,Thursday,542472.874,4807377.097,-80.475347,43.418087,At/near private drive,2,P.D. only,Not on roadway - left side,unknown,unknown,SMV other,Unknown,Dark,07 - Dark,Regional municipality,No control,unknown,0,0,0,FALSE,FALSE,FALSE,Clear,,FALSE,Road 1: 29 SELKIRK DR (50 km/h); Road 2: SELKIRK DR; Distance: 1.0 K S; Vehicle #1     Make: PETE     Model:      Colour:      Style:,5/13/2021 11:52:02 AM,542472.874,4807377.097
50842,20248920,11/11/2020 3:45:00 PM,2020,11,11,15,45,0,Wednesday,542582.1479,4810126.135,-80.473783,43.442834,At intersection,2,P.D. only,Within intersection,unknown,unknown,Turning movement,Unknown,Daylight,01 - Daylight,Regional municipality,Traffic signal,Functioning,0,0,0,FALSE,FALSE,FALSE,Clear,,TRUE,Road 1: BORDEN AVE N; Road 2: KING ST E; Vehicle #1     Make: NISS     Model: SML     Colour: BLU     Style: 4D; Vehicle #2     Make: VOLV     Model: VVN     Colour: WHI     Style: CT,5/13/2021 11:57:13 AM,542582.1479,4810126.135
50843,20248935,11/10/2020 4:00:00 PM,2020,11,10,16,0,0,Tuesday,546312.2736,4809180.158,-80.427769,43.434095,Non intersection,2,P.D. only,Thru lane,unknown,unknown,Rear end,Unknown,Daylight,01 - Daylight,Regional municipality,No control,unknown,0,0,0,FALSE,FALSE,FALSE,Clear,,TRUE,Road 1: RIVER RD E; Road 2: FAIRWAY RD N; Vehicle #1     Make: TOYT     Model: CBL     Colour: GRY     Style: 4D; Vehicle #2     Make: KIA     Model: OLX     Colour: WHI     Style: 4D,5/13/2021 11:53:44 AM,546312.2736,4809180.158
50844,20249513,11/11/2020 11:25:00 AM,2020,11,11,11,25,0,Wednesday,541176.4152,4810977.009,-80.491089,43.450573,Non intersection,2,P.D. only,Thru lane,unknown,unknown,Angle,Unknown,Daylight,01 - Daylight,Regional municipality,No control,unknown,0,0,0,FALSE,FALSE,FALSE,Clear,,TRUE,Road 1: KING ST W; Road 2: YOUNG ST; Vehicle #1     Make: NISS     Model: CXT     Colour: SIL     Style: TY; Vehicle #2     Make: TOYT     Model: MTL     Colour: BLK     Style: 4D,5/13/2021 11:56:18 AM,541176.4152,4810977.009
50845,20249516,11/9/2020 2:45:00 PM,2020,11,9,14,45,0,Monday,541188.387,4810875.496,-80.490949,43.449659,At/near private drive,2,P.D. only,Off highway,unknown,unknown,SMV unattended vehicle,Unknown,Daylight,01 - Daylight,Municipal (excl. Twp. Rd.),No control,unknown,0,0,0,FALSE,FALSE,FALSE,Clear,,TRUE,Road 1: HALLS LN W; Road 2: ONTARIO ST S; Vehicle #1     Make: DODG     Model: CAR     Colour: WHI     Style: VN; Vehicle #2     Make: HOND     Model: FKG     Colour: GRY     Style: 4B,5/13/2021 11:53:50 AM,541188.387,4810875.496
50846,20249518,11/12/2020 7:45:00 PM,2020,11,12,19,45,0,Thursday,539991.4894,4811358.244,-80.505706,43.45407,At intersection,2,P.D. only,Within intersection,unknown,unknown,Rear end,Unknown,Dark,07 - Dark,Regional municipality,unknown,Functioning,0,1,0,FALSE,FALSE,FALSE,Clear,,TRUE,Road 1: AGNES ST; Road 2: WALTER ST; Vehicle #1     Make: HOND     Model: UEX     Colour: ONG     Style: 4D; Vehicle #2     Make: TOYT     Model: UCS     Colour: SIL     Style: 4D,5/13/2021 11:52:52 AM,539991.4894,4811358.244
50847,20249554,11/13/2020 9:30:00 PM,2020,11,13,21,30,0,Friday,541436.1092,4811352.187,-80.487851,43.453937,At/near private drive,2,P.D. only,Thru lane,unknown,unknown,SMV unattended vehicle,Unknown,Dark,07 - Dark,Municipal (excl. Twp. Rd.),No control,unknown,0,0,0,FALSE,FALSE,FALSE,Clear,,TRUE,Road 1: 28 AHRENS ST W; Vehicle #1     Make:      Model:      Colour:      Style: ; Vehicle #2     Make: MAZD     Model: 3SP     Colour: GRY     Style: 4D; Vehicle #3     Make: TOYO     Model: MAT     Colour: GRY     Style: 4D,5/13/2021 11:55:58 AM,541436.1092,4811352.187
50848,20249695,7/29/2020 3:00:00 PM,2020,7,29,15,0,0,Wednesday,541772.9259,4810576.885,-80.483748,43.446938,Non intersection,2,P.D. only,Thru lane,unknown,unknown,SMV unattended vehicle,Unknown,Daylight,01 - Daylight,Regional municipality,No control,unknown,0,0,0,FALSE,FALSE,FALSE,Clear,,TRUE,Road 1: CEDAR ST N; Road 2: KING ST E; Vehicle #1     Make: TOYT     Model: VEN     Colour: WHI     Style: TY; Vehicle #2     Make: TOYT     Model: PRV     Colour: BLK     Style: SW,5/13/2021 11:39:32 AM,541772.9259,4810576.885
50849,20249713,11/20/2020 5:20:00 PM,2020,11,20,17,20,0,Friday,543995.6787,4808046.647,-80.456483,43.424028,At/near private drive,2,Non-reportable,Thru lane,unknown,unknown,Other,Unknown,Dark,07 - Dark,Municipal (excl. Twp. Rd.),No control,unknown,0,0,0,FALSE,FALSE,TRUE,Clear,,TRUE,Road 1: 66 SIEBERT AVE; Vehicle #1     Make: HYUN     Model: CFE     Colour: BLK     Style: TY; Vehicle #2     Make:      Model:      Colour:      Style:,5/13/2021 11:58:44 AM,543995.6787,4808046.647
50850,20249961,11/20/2020 11:06:00 PM,2020,11,20,23,6,0,Friday,538922.8267,4809250.678,-80.519065,43.43515,Non intersection,2,P.D. only,Right shoulder,unknown,unknown,SMV unattended vehicle,Unknown,Dark,07 - Dark,Municipal (excl. Twp. Rd.),No control,unknown,0,0,0,FALSE,FALSE,FALSE,Clear,,FALSE,Road 1: 94 HIGHLAND CRES (50 km/h); Road 2: HIGHLAND CRES; Distance: 5.0 M S; Vehicle #1     Make: RAM     Model: RTR     Colour: BLK     Style: PK; Vehicle #2     Make: TOYT     Model: GTF     Colour: BLK     Style: 2B; Vehicle #3     Make: CHEV     Mode,5/13/2021 11:57:47 AM,538922.8267,4809250.678
50851,20251062,11/22/2020 11:06:00 AM,2020,11,22,11,6,0,Sunday,545823.0715,4806754.798,-80.434017,43.412287,Non intersection,2,P.D. only,Not on roadway - right side,unknown,unknown,SMV other,Unknown,Daylight,01 - Daylight,Township,No control,unknown,0,0,0,FALSE,FALSE,FALSE,Snow,,FALSE,Road 1: WABANAKI DR (50 km/h); Road 2: 875 WABANAKI DR; Distance: 200.0 K S; Vehicle #1     Make: ACUR     Model: RDX     Colour: WHI     Style: TY,5/13/2021 11:52:07 AM,545823.0715,4806754.798
50852,20251139,11/22/2020 12:00:00 PM,2020,11,22,12,0,0,Sunday,539091.1203,4805675.527,-80.517241,43.40295,Non intersection,2,P.D. only,Thru lane,unknown,unknown,SMV unattended vehicle,Unknown,Daylight,01 - Daylight,Municipal (excl. Twp. Rd.),No control,unknown,0,0,0,FALSE,FALSE,FALSE,Snow,,TRUE,Road 1: ACTIVA AVE; Road 2: SNOWDROP CRESCENT; Vehicle #1     Make: HYUN     Model: SFT     Colour: GRY     Style: TY; Vehicle #2     Make:      Model:      Colour:      Style:,5/13/2021 11:53:33 AM,539091.1203,4805675.527
50853,20251143,11/22/2020 12:55:00 PM,2020,11,22,12,55,0,Sunday,539652.9125,4811391.802,-80.509888,43.45439,Non intersection,2,Non-reportable,Thru lane,unknown,unknown,Approaching,Unknown,Daylight,01 - Daylight,Municipal (excl. Twp. Rd.),No control,unknown,0,0,0,FALSE,FALSE,FALSE,Snow,,TRUE,Road 1: GLASGOW ST; Road 2: GRUHN ST; Vehicle #1     Make: TOYT     Model: SIE     Colour: GRY     Style: VN; Vehicle #2     Make:      Model:      Colour:      Style:,5/13/2021 11:58:22 AM,539652.9125,4811391.802
50854,20251201,11/22/2020 2:42:00 PM,2020,11,22,14,42,0,Sunday,546283.0662,4808538.13,-80.428184,43.428316,Non intersection,2,P.D. only,Thru lane,unknown,unknown,SMV other,Unknown,Daylight,01 - Daylight,Municipal (excl. Twp. Rd.),No control,unknown,1,0,0,FALSE,FALSE,FALSE,Snow,,FALSE,Road 1: MORGAN AVE (50 km/h); Road 2: SOUTHILL DR; Distance: 20.0 K E; Vehicle #1     Make: CHEV     Model: SIL     Colour: SIL     Style: PK,5/13/2021 11:51:26 AM,546283.0662,4808538.13
50855,20251249,11/22/2020 3:53:00 PM,2020,11,22,15,53,0,Sunday,547383.1722,4803630.491,-80.415019,43.384059,Non intersection,1,Non-fatal injury,Not on roadway - right side,unknown,unknown,SMV other,Unknown,Daylight,01 - Daylight,Township,No control,unknown,0,0,0,FALSE,FALSE,FALSE,Snow,,FALSE,Road 1: PINNACLE DR (50 km/h); Road 2: 359 PINNACLE DR; Distance: 15.0 K N; Vehicle #1     Make: MAZD     Model: M6I     Colour: BLU     Style: 4D,5/13/2021 11:51:28 AM,547383.1722,4803630.491
50856,20251373,11/22/2020 7:30:00 PM,2020,11,22,19,30,0,Sunday,545746.8311,4809202.63,-80.434753,43.434332,At intersection,2,P.D. only,Right turn lane,unknown,unknown,Angle,Unknown,"Dark, artificial","08 - Dark, artificial",Municipal (excl. Twp. Rd.),Stop sign,Functioning,0,0,0,FALSE,FALSE,FALSE,Drifting Snow,,FALSE,Road 1: KINZIE AVE (50 km/h); Road 2: OBERMEYER DR (50 km/h); Vehicle #1     Make: CHEV     Model: SIL     Colour: GRN     Style: PK; Vehicle #2     Make: DODG     Model: CAR     Colour: BLU     Style: VN,5/13/2021 11:57:25 AM,545746.8311,4809202.63
50857,20251431,11/22/2020 9:23:00 PM,2020,11,22,21,23,0,Sunday,541581.4682,4810751.254,-80.486101,43.448518,At intersection,1,Non-fatal injury,Within intersection,unknown,unknown,Rear end,Unknown,Dark,07 - Dark,Municipal (excl. Twp. Rd.),Traffic signal,Functioning,0,0,0,FALSE,TRUE,FALSE,Snow,,FALSE,Road 1: KING ST E (40 km/h); Road 2: SCOTT ST (40 km/h); Vehicle #1     Make: MERZ     Model: GLC     Colour: BLU     Style: TY; Vehicle #2     Make: PETE     Model:      Colour:      Style:,5/13/2021 11:53:16 AM,541581.4682,4810751.254
50858,20252012,11/23/2020 5:39:00 PM,2020,11,23,17,39,0,Monday,546940.2003,4808499.775,-80.420069,43.427929,At intersection,2,P.D. only,Within intersection,unknown,unknown,Rear end,Unknown,Dark,07 - Dark,Regional municipality,Stop sign,Functioning,0,0,0,FALSE,FALSE,FALSE,Clear,,FALSE,Road 1: MORGAN AVE (40 km/h); Road 2: RIVER RD E (60 km/h); Vehicle #1     Make: HYUN     Model: ESM     Colour: WHI     Style: 4D; Vehicle #2     Make: ACUR     Model: CSX     Colour: BLK     Style: 4D,5/13/2021 11:50:39 AM,546940.2003,4808499.775
50859,20252290,11/24/2020 12:29:00 AM,2020,11,24,0,29,0,Tuesday,539938.4762,4810531.637,-80.506422,43.44663,At intersection,2,P.D. only,Within intersection,unknown,unknown,Angle,Unknown,Dark,07 - Dark,Municipal (excl. Twp. Rd.),Stop sign,unknown,0,0,0,FALSE,FALSE,FALSE,Clear,,FALSE,Road 1: HERLAN AVE (50 km/h); Road 2: STRANGE ST (50 km/h); Vehicle #1     Make: VOLV     Model: S6A     Colour: BLK     Style: 4D; Vehicle #2     Make: FORD     Model: EPR     Colour: BLU     Style: TY,5/13/2021 11:54:57 AM,539938.4762,4810531.637
50860,20253173,11/25/2020 7:45:00 AM,2020,11,25,7,45,0,Wednesday,541300.4652,4801941.658,-80.490239,43.369212,Non intersection,2,P.D. only,Not on roadway - right side,unknown,unknown,SMV other,Unknown,Daylight,01 - Daylight,Township,No control,unknown,0,0,0,FALSE,FALSE,FALSE,Clear,,FALSE,Road 1: PLAINS RD (80 km/h); Road 2: 432 PLAINS RD; Distance: 10.0 K E; Vehicle #1     Make: CHRY     Model: S30     Colour: WHI     Style: 4D,5/13/2021 11:58:27 AM,541300.4652,4801941.658
50861,20253429,11/25/2020 1:23:00 PM,2020,11,25,13,23,0,Wednesday,542842.1126,4809874.974,-80.47059,43.440557,Intersection related,2,P.D. only,Within intersection,unknown,unknown,Angle,Unknown,Daylight,01 - Daylight,Regional municipality,Stop sign,Functioning,0,0,0,FALSE,FALSE,FALSE,Clear,,TRUE,Road 1: CHARLES ST E; Road 2: SYDNEY ST S; Vehicle #1     Make: TOYT     Model: CBS     Colour: RED     Style: 4D; Vehicle #2     Make: TOYT     Model: HIG     Colour: GRY     Style: TY,5/13/2021 11:52:34 AM,542842.1126,4809874.974
50862,20253461,3/6/2020 10:55:00 AM,2020,3,6,10,55,0,Friday,541376.0581,4810965.037,-80.488623,43.450455,Non intersection,2,P.D. only,Thru lane,unknown,unknown,Approaching,Unknown,Daylight,01 - Daylight,Municipal (excl. Twp. Rd.),No control,unknown,0,0,0,FALSE,FALSE,FALSE,Clear,,TRUE,Road 1: 20 QUEEN ST S; Vehicle #1     Make: KIA     Model: SPO     Colour: ONG     Style: TY; Vehicle #2     Make: ISU     Model: NPR     Colour: WHI     Style: FV,5/13/2021 11:24:35 AM,541376.0581,4810965.037
50863,20253502,10/27/2020 1:30:00 PM,2020,10,27,13,30,0,Tuesday,540148.5485,4807793.956,-80.504027,43.421969,At/near private drive,2,Non-reportable,Thru lane,unknown,unknown,SMV unattended vehicle,Unknown,Daylight,01 - Daylight,Regional municipality,No control,unknown,0,0,0,FALSE,FALSE,FALSE,Rain,,TRUE,Road 1: 16 HOWE DR; Vehicle #1     Make: TOYT     Model: SIE     Colour: WHI     Style: VN; Vehicle #2     Make: MAZD     Model: M3I     Colour: RED     Style: 4D,5/13/2021 11:38:56 AM,540148.5485,4807793.956
50864,20253507,10/27/2020 7:20:00 AM,2020,10,27,7,20,0,Tuesday,540525.801,4811757.763,-80.499072,43.457639,Non intersection,2,Non-reportable,Thru lane,unknown,unknown,SMV other,Unknown,Dawn,03 - Dawn,Municipal (excl. Twp. Rd.),No control,unknown,0,0,0,FALSE,FALSE,FALSE,Rain,,TRUE,Road 1: SHANLEY ST; Road 2: DUKE ST W; Vehicle #1     Make: MAZD     Model: CX9     Colour: WHI     Style: TY,5/13/2021 11:29:05 AM,540525.801,4811757.763
50865,20253681,11/25/2020 6:30:00 PM,2020,11,25,18,30,0,Wednesday,541142.0376,4806764.622,-80.491832,43.412647,Intersection related,2,P.D. only,Within intersection,unknown,unknown,Sideswipe,Unknown,Dark,07 - Dark,Regional municipality,unknown,Functioning,0,0,0,FALSE,FALSE,FALSE,"Fog, mist, smoke, dust",,TRUE,Road 1: BLOCK LINE RD; Road 2: LAURENTIAN DR; Vehicle #1     Make: HOND     Model: CRV     Colour: RED     Style: TY; Vehicle #2     Make: TESL     Model: MSS     Colour: BLU     Style: 4B,5/13/2021 11:54:52 AM,541142.0376,4806764.622
50866,20254349,11/24/2020 3:40:00 PM,2020,11,24,15,40,0,Tuesday,543232.0657,4804480.965,-80.466198,43.391967,Intersection related,2,P.D. only,Thru lane,unknown,unknown,Rear end,Unknown,Daylight,01 - Daylight,Municipal (excl. Twp. Rd.),Stop sign,Functioning,0,0,0,FALSE,FALSE,FALSE,Clear,,TRUE,Road 1: STRASBURG RD; Road 2: HURON RD; Vehicle #1     Make: TOYT     Model: MTL     Colour: RED     Style: 4D; Vehicle #2     Make:      Model:      Colour:      Style:,5/13/2021 11:55:04 AM,543232.0657,4804480.965
50867,20254485,11/26/2020 5:00:00 PM,2020,11,26,17,0,0,Thursday,542448.9275,4807281.597,-80.47565,43.417229,Intersection related,2,P.D. only,Within intersection,unknown,unknown,Sideswipe,Unknown,Dark,07 - Dark,Regional municipality,Stop sign,Functioning,0,0,0,FALSE,FALSE,FALSE,Clear,,TRUE,Road 1: COUNTRY HILL DR; Road 2: BLOCK LINE RD; Vehicle #1     Make: HYUN     Model: ION     Colour: BLK     Style: 4B; Vehicle #2     Make: TOYT     Model: RG4     Colour: WHI     Style: TY,5/13/2021 11:54:54 AM,542448.9275,4807281.597
50868,20255131,11/23/2020 8:35:00 AM,2020,11,23,8,35,0,Monday,539538.5145,4810102.927,-80.511395,43.442791,Non intersection,2,Non-reportable,Thru lane,unknown,unknown,Rear end,Unknown,Daylight,01 - Daylight,Regional municipality,No control,unknown,0,0,0,FALSE,FALSE,FALSE,Clear,,TRUE,Road 1: BELMONT AVE W; Road 2: VICTORIA ST S; Vehicle #1     Make: FORD     Model: COF     Colour: BLK     Style: CW; Vehicle #2     Make:      Model:      Colour:      Style:,5/13/2021 11:52:09 AM,539538.5145,4810102.927
50869,20255293,11/27/2020 6:05:00 PM,2020,11,27,18,5,0,Friday,546236.7412,4804744.591,-80.429077,43.394161,Non intersection,2,P.D. only,Thru lane,unknown,unknown,SMV unattended vehicle,Unknown,"Dark, artificial","08 - Dark, artificial",Municipal (excl. Twp. Rd.),No control,unknown,1,0,0,FALSE,FALSE,FALSE,Clear,,FALSE,Road 1: ARROWHEAD CRESCENT (50 km/h); Road 2: 67 ARROWHEAD CRES; Distance: 1.0 K N; Vehicle #1     Make: VOLK     Model: JBS     Colour: GRY     Style: 4D; Vehicle #2     Make: FORD     Model: SRW     Colour: BLK     Style: PK,5/13/2021 11:55:56 AM,546236.7412,4804744.591
50870,20255444,11/27/2020 9:50:00 PM,2020,11,27,21,50,0,Friday,545034.4507,4807866.461,-80.443665,43.422344,At intersection,1,Non-fatal injury,Within intersection,unknown,unknown,SMV other,Unknown,Dark,07 - Dark,Regional municipality,Traffic signal,unknown,0,0,0,TRUE,FALSE,FALSE,Rain,,FALSE,Road 1: WILSON AVE (50 km/h); Road 2: KINGSWAY DR (50 km/h); Vehicle #1     Make: HOND     Model: UAX     Colour: BLK     Style: 4D,5/13/2021 11:52:32 AM,545034.4507,4807866.461
50871,20255602,11/28/2020 2:03:00 AM,2020,11,28,2,3,0,Saturday,542612.1885,4805881.316,-80.473743,43.404611,At intersection,1,Non-fatal injury,Within intersection,unknown,unknown,Angle,Unknown,"Dark, artificial","08 - Dark, artificial",Municipal (excl. Twp. Rd.),Stop sign,Functioning,0,0,0,FALSE,FALSE,FALSE,Clear,,FALSE,Road 1: MCINTYRE DR (50 km/h); Road 2: STRASBURG RD (50 km/h); Vehicle #1     Make: TOYT     Model: MTL     Colour: SIL     Style: 4D; Vehicle #2     Make: KIA     Model: SOR     Colour: WHI     Style: TY,5/13/2021 11:53:06 AM,542612.1885,4805881.316
50872,20256112,11/28/2020 4:00:00 PM,2020,11,28,16,0,0,Saturday,539251.3916,4809742.621,-80.514969,43.439562,Non intersection,2,P.D. only,Right shoulder,unknown,unknown,SMV unattended vehicle,Unknown,Daylight,01 - Daylight,Municipal (excl. Twp. Rd.),No control,unknown,0,0,0,FALSE,FALSE,FALSE,Clear,,FALSE,Road 1: PAULANDER DR (50 km/h); Road 2: 20 PAULANDER DR; Distance: 5.0 M W; Vehicle #1     Make: MITS     Model: LES     Colour: BLK     Style: 4D; Vehicle #2     Make: RAM     Model: RTR     Colour: GRY     Style: PK,5/13/2021 11:55:54 AM,539251.3916,4809742.621
50873,20256155,11/28/2020 6:33:00 PM,2020,11,28,18,33,0,Saturday,537977.1849,4810066.029,-80.530692,43.44254,Non intersection,2,P.D. only,Passing lane,unknown,unknown,SMV unattended vehicle,Unknown,Dark,07 - Dark,Municipal (excl. Twp. Rd.),No control,unknown,0,0,0,FALSE,FALSE,FALSE,Clear,,FALSE,Road 1: 112 MARKWOOD DR (50 km/h); Road 2: MARKWOOD DR; Distance: 15.0 M S; Vehicle #1     Make: FORD     Model: FSE     Colour: GRY     Style: 4D; Vehicle #2     Make: MAZD     Model: 3SP     Colour: WHI     Style: 4D,5/13/2021 11:54:20 AM,537977.1849,4810066.029