OBJECTID,ACCIDENTNUM,ACCIDENTDATE,ACCIDENT_YEAR,ACCIDENT_MONTH,ACCIDENT_DAY,ACCIDENT_HOUR,ACCIDENT_MINUTE,ACCIDENT_SECOND,ACCIDENT_WEEKDAY,XCOORD,YCOORD,LONGITUDE,LATITUDE,ACCIDENTLOCATION,COLLISIONTYPE,CLASSIFICATIONOFACCIDENT,IMPACTLOCATION,INITIALDIRECTIONOFTRAVELONE,INITIALDIRECTIONOFTRAVELTWO,INITIALIMPACTTYPE,INTTRAFFICCONTROL,LIGHT,LIGHTFORREPORT,ROADJURISDICTION,TRAFFICCONTROL,TRAFFICCONTROLCONDITION,THRULANENO,NORTHBOUNDDISOBEYCOUNT,SOUTHBOUNDDISOBEYCOUNT,PEDESTRIANINVOLVED,CYCLISTINVOLVED,MOTORCYCLISTINVOLVED,ENVIRONMENTCONDITION1,ENVIRONMENTCONDITION2,SELFREPORTED,XMLIMPORTNOTES,LASTEDITEDDATE,x,y
50874,20256882,11/29/2020 5:40:00 PM,2020,11,29,17,40,0,Sunday,539616.0674,4811376.331,-80.510345,43.454253,Intersection related,1,Non-fatal injury,Within intersection,unknown,unknown,Angle,Unknown,"Dark, artificial","08 - Dark, artificial",Municipal (excl. Twp. Rd.),Traffic signal,Functioning,0,0,1,FALSE,FALSE,FALSE,Clear,,FALSE,Road 1: GLASGOW ST (50 km/h); Road 2: PARK ST (50 km/h); Vehicle #1     Make: HOND     Model: UCL     Colour: WHI     Style: 4D; Vehicle #2     Make: NISS     Model: QST     Colour: SIL     Style: VN; Vehicle #3     Make: TOYT     Model: XLL     Colour: R,5/13/2021 11:57:32 AM,539616.0674,4811376.331
50875,20257675,11/30/2020 6:35:00 PM,2020,11,30,18,35,0,Monday,540469.9593,4805999.111,-80.500189,43.405791,Non intersection,2,Non-reportable,Thru lane,unknown,unknown,Rear end,Unknown,Dark,07 - Dark,Municipal (excl. Twp. Rd.),No control,unknown,0,0,0,FALSE,FALSE,FALSE,Clear,,TRUE,Road 1: MAX BECKER DR; Road 2: FISCHER-HALLMAN RD; Vehicle #1     Make:      Model:      Colour:      Style: ; Vehicle #2     Make: CHEV     Model: VTL     Colour: GRY     Style: 4B,5/13/2021 11:53:37 AM,540469.9593,4805999.111
50876,20257691,11/2/2020 11:30:00 AM,2020,11,2,11,30,0,Monday,546316.8137,4803416.711,-80.428201,43.3822,At intersection,2,P.D. only,Left turn lane,unknown,unknown,Sideswipe,Unknown,Daylight,01 - Daylight,Regional municipality,Stop sign,Functioning,0,0,0,FALSE,FALSE,FALSE,Clear,,TRUE,Road 1: DOON S DR DOON SOUTH KITCHENER; Road 2: DOON; Vehicle #1     Make: HYUN     Model: ESM     Colour: WHI     Style: 4D; Vehicle #2     Make: VOLK     Model: GSE     Colour: BLU     Style: SW,5/13/2021 11:53:31 AM,546316.8137,4803416.711
50877,20257764,9/5/2020 1:15:00 PM,2020,9,5,13,15,0,Saturday,542135.2285,4806286.156,-80.479602,43.408283,At/near private drive,2,Non-reportable,Thru lane,unknown,unknown,SMV unattended vehicle,Unknown,Daylight,01 - Daylight,Municipal (excl. Twp. Rd.),No control,unknown,0,0,0,FALSE,FALSE,FALSE,Clear,,TRUE,Road 1: 112 KESSELRING COURT; Vehicle #1     Make:      Model:      Colour:      Style: ; Vehicle #2     Make: VOLV     Model: XC4     Colour: WHI     Style: TY,5/13/2021 11:28:07 AM,542135.2285,4806286.156
50878,20257765,10/7/2020 4:10:00 PM,2020,10,7,16,10,0,Wednesday,539786.6979,4809709.345,-80.508357,43.439234,Non intersection,2,Non-reportable,Thru lane,unknown,unknown,Sideswipe,Unknown,Daylight,01 - Daylight,Municipal (excl. Twp. Rd.),No control,unknown,0,0,0,FALSE,FALSE,FALSE,Clear,,TRUE,Road 1: 274 HIGHLAND RD W (ON THE ROADWAY); Vehicle #1     Make:      Model:      Colour:      Style: ; Vehicle #2     Make: NISS     Model: ATS     Colour: GRY     Style: 4D,4/27/2022 10:39:41 AM,539786.6979,4809709.345
50879,20257803,11/14/2020 5:30:00 PM,2020,11,14,17,30,0,Saturday,543373.3158,4807259.107,-80.464234,43.416973,At/near private drive,2,P.D. only,Thru lane,unknown,unknown,Other,Unknown,Dark,07 - Dark,Municipal (excl. Twp. Rd.),No control,unknown,0,0,0,FALSE,FALSE,FALSE,Clear,,TRUE,Road 1: JOSHUA ST; Vehicle #1     Make: KIA     Model: FSX     Colour: WHI     Style: 4D; Vehicle #2     Make: KIA     Model: FKG     Colour: BLK     Style: 4D,5/13/2021 11:58:18 AM,543373.3158,4807259.107
50880,20257841,11/30/2020 9:23:00 PM,2020,11,30,21,23,0,Monday,543203.9802,4804494.111,-80.466544,43.392087,Intersection related,2,P.D. only,Other,unknown,unknown,Angle,Unknown,Dark,07 - Dark,Municipal (excl. Twp. Rd.),Stop sign,Functioning,0,0,0,FALSE,FALSE,FALSE,Snow,,FALSE,Road 1: HURON RD (50 km/h); Road 2: STRASBURG RD; Distance: 1.0 M E; Vehicle #1     Make: MERZ     Model: C4A     Colour: SIL     Style: 4D; Vehicle #2     Make: TOYT     Model: CTX     Colour: BLK     Style: 4B,5/13/2021 11:57:04 AM,543203.9802,4804494.111
50881,20257930,12/1/2020 12:32:00 AM,2020,12,1,0,32,0,Tuesday,545257.0702,4802997.579,-80.441318,43.378491,At intersection,2,P.D. only,Thru lane,unknown,unknown,Angle,Unknown,Dark,07 - Dark,Municipal (excl. Twp. Rd.),unknown,Functioning,1,0,0,FALSE,FALSE,FALSE,Snow,,FALSE,Road 1: ROBERT FERRIE DR (50 km/h); Road 2: FOREST CREEK DR (50 km/h); Vehicle #1     Make: FORD     Model: EPR     Colour: BLU     Style: TY; Vehicle #2     Make: TOYT     Model: CH4     Colour: GRY     Style: 4D,5/13/2021 11:57:07 AM,545257.0702,4802997.579
50882,20258109,12/1/2020 9:54:00 AM,2020,12,1,9,54,0,Tuesday,536670.8625,4809949.669,-80.546842,43.441557,Non intersection,1,Non-fatal injury,Not on roadway - right side,unknown,unknown,SMV other,Unknown,Daylight,01 - Daylight,Regional municipality,No control,unknown,0,0,0,FALSE,FALSE,FALSE,Snow,,FALSE,Road 1: UNIVERSITY AVE W (60 km/h); Road 2: GLASGOW ST; Distance: 100.0 M W; Vehicle #1     Make: TOYT     Model: CXL     Colour: GRY     Style: 4D,5/13/2021 11:57:56 AM,536670.8625,4809949.669
50883,20258456,12/1/2020 5:55:00 PM,2020,12,1,17,55,0,Tuesday,546957.5307,4809667.679,-80.419755,43.438444,Non intersection,2,P.D. only,Thru lane,unknown,unknown,SMV unattended vehicle,Unknown,Dark,07 - Dark,Municipal (excl. Twp. Rd.),No control,unknown,0,0,0,FALSE,FALSE,FALSE,Snow,,TRUE,Road 1: 103 SIMS ESTATE DR; Vehicle #1     Make:      Model:      Colour:      Style: ; Vehicle #2     Make: NISS     Model: MSV     Colour: BLK     Style: 4D,5/13/2021 11:55:31 AM,546957.5307,4809667.679
50884,20258482,12/1/2020 6:30:00 PM,2020,12,1,18,30,0,Tuesday,539685.0114,4811135.513,-80.50951,43.452081,Non intersection,2,P.D. only,Thru lane,unknown,unknown,Rear end,Unknown,Dark,07 - Dark,Municipal (excl. Twp. Rd.),No control,unknown,0,0,0,FALSE,FALSE,FALSE,Freezing Rain,,TRUE,Road 1: STRANGE ST; Road 2: DOMINION ST; Vehicle #1     Make: ACUR     Model: MDX     Colour: BLK     Style: TY; Vehicle #2     Make: VOLK     Model: GLF     Colour: BLK     Style: 4B,5/13/2021 11:56:53 AM,539685.0114,4811135.513
50885,20258518,12/1/2020 6:50:00 PM,2020,12,1,18,50,0,Tuesday,543986.6749,4807778.658,-80.456616,43.421616,Intersection related,2,Non-reportable,Thru lane,unknown,unknown,Rear end,Unknown,Dark,07 - Dark,Municipal (excl. Twp. Rd.),unknown,Functioning,0,0,0,FALSE,FALSE,FALSE,Snow,,TRUE,Road 1: SIEBERT AVE; Road 2: VANIER DR; Vehicle #1     Make:      Model:      Colour:      Style: ; Vehicle #2     Make: TOYT     Model: SIE     Colour: GRY     Style: VN,5/13/2021 11:57:03 AM,543986.6749,4807778.658
50886,20258540,10/2/2020 11:45:00 AM,2020,10,2,11,45,0,Friday,541368.5,4812286.655,-80.488616,43.462355,At/near private drive,2,P.D. only,Thru lane,unknown,unknown,Angle,Unknown,Daylight,01 - Daylight,Municipal (excl. Twp. Rd.),No control,unknown,0,0,0,FALSE,FALSE,FALSE,Clear,,TRUE,Road 1: 15 PRINCE ALBERT BLVD; Road 2: LEGER ST; Vehicle #1     Make: HOND     Model: CCL     Colour: WHI     Style: 4D; Vehicle #2     Make: VOLK     Model: JSG     Colour: WHI     Style: CV,5/13/2021 11:58:32 AM,541368.5,4812286.655
50887,20258670,12/1/2020 10:33:00 PM,2020,12,1,22,33,0,Tuesday,536498.2581,4809054.983,-80.549035,43.43351,Non intersection,2,P.D. only,Left shoulder,unknown,unknown,SMV other,Unknown,"Dark, artificial","08 - Dark, artificial",Municipal (excl. Twp. Rd.),No control,unknown,0,0,0,FALSE,FALSE,FALSE,Snow,,FALSE,Road 1: WESTFOREST TRAIL (50 km/h); Road 2: HIGHGATE RD (50 km/h); Distance: 10.0 M N; Vehicle #1     Make: TOYT     Model: CEP     Colour: BLK     Style: 4D,5/13/2021 11:57:58 AM,536498.2581,4809054.983
50888,20258675,12/1/2020 10:01:00 PM,2020,12,1,22,1,0,Tuesday,539273.8316,4805649.846,-80.514986,43.402709,Non intersection,2,P.D. only,Thru lane,unknown,unknown,SMV other,Unknown,Dark,07 - Dark,Municipal (excl. Twp. Rd.),No control,unknown,2,0,0,FALSE,FALSE,FALSE,Snow,,FALSE,Road 1: ACTIVA AVE (50 km/h); Road 2: HENHOEFFER CRES; Distance: 5.0 M W; Vehicle #1     Make:      Model:      Colour:      Style:,5/13/2021 11:58:47 AM,539273.8316,4805649.846
50889,20259043,12/2/2020 1:11:00 PM,2020,12,2,13,11,0,Wednesday,539083.7179,4811101.058,-80.516944,43.451803,Non intersection,2,P.D. only,Left turn lane,unknown,unknown,Rear end,Unknown,Daylight,01 - Daylight,Municipal (excl. Twp. Rd.),No control,unknown,0,0,0,FALSE,FALSE,FALSE,Clear,,FALSE,Road 1: BELMONT AVE W (60 km/h); Road 2: GLASGOW ST; Distance: 10.0 M S; Vehicle #1     Make: GMC     Model: STV     Colour: YEL     Style: BU; Vehicle #2     Make: NISS     Model: A2B     Colour: WHI     Style: 4D,5/13/2021 11:54:09 AM,539083.7179,4811101.058
50890,20259265,12/2/2020 5:25:00 PM,2020,12,2,17,25,0,Wednesday,545037.3709,4812007.989,-80.443287,43.459634,Non intersection,1,Non-fatal injury,Thru lane,unknown,unknown,Angle,Unknown,Dark,07 - Dark,Regional municipality,No control,unknown,1,0,0,FALSE,FALSE,FALSE,Clear,,FALSE,Road 1: LORRAINE AVE (40 km/h); Road 2: MONTCALM DR; Distance: 8.0 M S; Vehicle #1     Make: TOYT     Model: CBL     Colour: GRY     Style: 4D; Vehicle #2     Make: HYUN     Model: ESS     Colour: BLK     Style: 4D; Vehicle #3     Make: TOYT     Model: HI,5/13/2021 11:56:13 AM,545037.3709,4812007.989
50891,20259296,12/2/2020 5:58:00 PM,2020,12,2,17,58,0,Wednesday,540671.9072,4807052.265,-80.497617,43.415262,At intersection,1,Non-fatal injury,Within intersection,unknown,unknown,SMV other,Unknown,Dark,07 - Dark,Municipal (excl. Twp. Rd.),Stop sign,Functioning,0,0,0,TRUE,FALSE,FALSE,Clear,,FALSE,Road 1: DUNSMERE CT (50 km/h); Road 2: DUNSMERE DR (50 km/h); Vehicle #1     Make: GMC     Model: SIE     Colour: RED     Style: PK,5/13/2021 11:53:08 AM,540671.9072,4807052.265
50892,20260769,12/4/2020 4:42:00 PM,2020,12,4,16,42,0,Friday,540732.7481,4811509.921,-80.496533,43.455396,Intersection related,2,P.D. only,Thru lane,unknown,unknown,SMV unattended vehicle,Unknown,Dusk,05 - Dusk,Municipal (excl. Twp. Rd.),Stop sign,Functioning,1,0,0,FALSE,FALSE,FALSE,Clear,,FALSE,Road 1: DUKE ST W (50 km/h); Road 2: BREITHAUPT ST (50 km/h); Distance: 12.0 M W; Vehicle #1     Make: HOND     Model: CCL     Colour: BLK     Style: 4D; Vehicle #2     Make: MERZ     Model: C4A     Colour: SIL     Style: 4D; Vehicle #3     Make: TOYT    ,5/13/2021 11:57:22 AM,540732.7481,4811509.921
50893,20260891,12/4/2020 6:44:00 PM,2020,12,4,18,44,0,Friday,542581.1937,4810126.323,-80.473794,43.442835,At intersection,1,Non-fatal injury,Within intersection,unknown,unknown,SMV other,Unknown,Dark,07 - Dark,Municipal (excl. Twp. Rd.),Traffic signal,Functioning,0,0,0,TRUE,FALSE,FALSE,Clear,,FALSE,Road 1: BORDEN AVE S (50 km/h); Road 2: KING ST E (50 km/h); Vehicle #1     Make: KIA     Model: FEX     Colour: SIL     Style: 4D,5/13/2021 11:57:11 AM,542581.1937,4810126.323
50894,20261133,12/5/2020 12:21:00 AM,2020,12,5,0,21,0,Saturday,547354.3654,4803537.679,-80.415382,43.383225,Non intersection,1,Non-fatal injury,Not on roadway - left side,unknown,unknown,SMV other,Unknown,Dark,07 - Dark,Municipal (excl. Twp. Rd.),No control,unknown,0,0,0,FALSE,FALSE,FALSE,Clear,,FALSE,Road 1: 389 PINNACLE DR (50 km/h); Road 2: PINNACLE DR; Distance: 10.0 K W; Vehicle #1     Make: LEXS     Model: E35     Colour: RED     Style: 4D,5/13/2021 11:56:50 AM,547354.3654,4803537.679
50895,20263805,11/27/2020 3:55:00 PM,2020,11,27,15,55,0,Friday,539739.833,4806562.081,-80.509165,43.410899,Non intersection,2,Non-reportable,Thru lane,unknown,unknown,Other,Unknown,Daylight,01 - Daylight,Regional municipality,No control,unknown,0,0,0,FALSE,FALSE,FALSE,Clear,,TRUE,Road 1: 6 BUSH CLOVER CRESCENT; Road 2: ACTIVIA; Vehicle #1     Make: TOYT     Model: CMB     Colour: GRY     Style: 4D; Vehicle #2     Make: CHEV     Model: EQU     Colour: BLK     Style: TY,5/13/2021 11:54:11 AM,539739.833,4806562.081
50896,20264065,12/8/2020 11:24:00 PM,2020,12,8,23,24,0,Tuesday,544681.114,4808318.19,-80.447993,43.426433,At intersection,1,Non-fatal injury,Within intersection,unknown,unknown,Angle,Unknown,"Dark, artificial","08 - Dark, artificial",Municipal (excl. Twp. Rd.),Stop sign,Functioning,0,0,1,FALSE,FALSE,FALSE,Clear,,FALSE,Road 1: GREENFIELD AVE (50 km/h); Road 2: WOODHAVEN RD (50 km/h); Distance: 0.0 K S; Vehicle #1     Make: HOND     Model: CRV     Colour: GRY     Style: TY; Vehicle #2     Make: TOYT     Model: CTR     Colour: GRY     Style: 4B,5/13/2021 11:57:28 AM,544681.114,4808318.19
50897,20264371,12/9/2020 11:39:00 AM,2020,12,9,11,39,0,Wednesday,542107.4974,4807133.443,-80.479879,43.415914,At intersection,1,Non-fatal injury,Within intersection,unknown,unknown,SMV other,Unknown,Daylight,01 - Daylight,Municipal (excl. Twp. Rd.),Traffic signal,Functioning,0,0,0,TRUE,FALSE,FALSE,Clear,,FALSE,Road 1: BLOCK LINE RD (60 km/h); Road 2: STRASBURG RD (50 km/h); Distance: 1.0 M S; Vehicle #1     Make: SUBA     Model: TRB     Colour: WHI     Style: TY,5/13/2021 11:53:04 AM,542107.4974,4807133.443
50898,20265369,12/1/2020 4:10:00 PM,2020,12,1,16,10,0,Tuesday,543663.7163,4808152.527,-80.460575,43.425001,Non intersection,2,P.D. only,Thru lane,unknown,unknown,SMV other,Unknown,Dusk,05 - Dusk,Regional municipality,No control,unknown,0,0,0,FALSE,FALSE,FALSE,Snow,,TRUE,Road 1: KIPLING AVE; Road 2: VANIER DR; Vehicle #1     Make: KIA     Model: SOU     Colour: WHI     Style: TY,5/13/2021 11:53:59 AM,543663.7163,4808152.527
50899,20265438,12/3/2020 7:30:00 AM,2020,12,3,7,30,0,Thursday,549238.629,4806294.879,-80.391873,43.407929,Non intersection,2,P.D. only,Thru lane,unknown,unknown,Rear end,Unknown,Dawn,03 - Dawn,Regional municipality,No control,unknown,0,0,0,FALSE,FALSE,FALSE,Clear,,TRUE,Road 1: 50 GATEWAY PARK DR; Vehicle #1     Make: NISS     Model: MUR     Colour: BLK     Style: TY; Vehicle #2     Make: HOND     Model: UCL     Colour: SIL     Style: 2D,5/13/2021 11:53:56 AM,549238.629,4806294.879
50900,20265452,12/1/2020 5:45:00 PM,2020,12,1,17,45,0,Tuesday,546308.3495,4803398.961,-80.428307,43.382041,At intersection,2,Non-reportable,Within intersection,unknown,unknown,Rear end,Unknown,Dark,07 - Dark,Regional municipality,Stop sign,Functioning,0,0,0,FALSE,FALSE,FALSE,Clear,,TRUE,Road 1: DOON S DR; Road 2: CHESTNUT HILL CRESCENT; Vehicle #1     Make: FORD     Model: SPE     Colour: WHI     Style: TY; Vehicle #2     Make:      Model:      Colour:      Style:,5/13/2021 11:51:04 AM,546308.3495,4803398.961
50901,20265454,12/1/2020 1:30:00 AM,2020,12,1,1,30,0,Tuesday,544495.928,4804466.68,-80.450594,43.391764,Non intersection,2,Non-reportable,Thru lane,unknown,unknown,SMV other,Unknown,Dark,07 - Dark,Regional municipality,No control,unknown,0,0,0,FALSE,FALSE,FALSE,Snow,,TRUE,Road 1: BLACK WALNUT DR; Road 2: PIONEER DR; Vehicle #1     Make: BMW     Model: 20X     Colour: WHI     Style: 4D,5/13/2021 11:52:18 AM,544495.928,4804466.68
50902,20265461,12/1/2020 8:50:00 AM,2020,12,1,8,50,0,Tuesday,543856.7044,4805114.935,-80.458435,43.397639,At intersection,2,P.D. only,Thru lane,unknown,unknown,Rear end,Unknown,Daylight,01 - Daylight,Regional municipality,Traffic signal,Functioning,0,0,0,FALSE,FALSE,FALSE,Snow,,TRUE,Road 1: TRILLIUM DR; Road 2: HURON RD; Vehicle #1     Make:      Model:      Colour:      Style: ; Vehicle #2     Make: HOND     Model: UCL     Colour: WHI     Style: 2D; Vehicle #3     Make: HOND     Model: UDY     Colour: BLU     Style: TY,5/13/2021 11:53:00 AM,543856.7044,4805114.935
50903,20265542,12/1/2020 9:30:00 PM,2020,12,1,21,30,0,Tuesday,539087.2866,4805672.82,-80.517288,43.402926,Non intersection,2,Non-reportable,Thru lane,unknown,unknown,SMV other,Unknown,Dark,07 - Dark,Regional municipality,No control,unknown,0,0,0,FALSE,FALSE,FALSE,Snow,,TRUE,Road 1: ACTIVA AVE; Road 2: SNOWDROP CRESCENT; Vehicle #1     Make: SUBA     Model: SWR     Colour: WHI     Style: 4D,5/13/2021 11:58:48 AM,539087.2866,4805672.82
50904,20265605,11/21/2020 9:40:00 AM,2020,11,21,9,40,0,Saturday,537237.8279,4806873.815,-80.540046,43.413834,Non intersection,2,Non-reportable,Thru lane,unknown,unknown,Sideswipe,Unknown,Daylight,01 - Daylight,Municipal (excl. Twp. Rd.),No control,unknown,0,0,0,FALSE,FALSE,FALSE,Clear,,TRUE,Road 1: DRIFTWOOD DR; Road 2: DRIFTWOOD PL; Vehicle #1     Make: SUBA     Model: TRI     Colour: WHI     Style: 4B; Vehicle #2     Make:      Model:      Colour:      Style:,5/13/2021 11:58:16 AM,537237.8279,4806873.815
50905,20265905,12/11/2020 8:00:00 AM,2020,12,11,8,0,0,Friday,541477.2771,4813981.022,-80.487143,43.477605,At/near private drive,2,Non-reportable,Thru lane,unknown,unknown,SMV unattended vehicle,Unknown,Daylight,01 - Daylight,Municipal (excl. Twp. Rd.),No control,unknown,0,0,0,FALSE,FALSE,FALSE,Clear,,TRUE,Road 1: 30 LANG CRESCENT; Vehicle #1     Make:      Model:      Colour:      Style: ; Vehicle #2     Make: DODG     Model: NIT     Colour: BLK     Style: TY,5/13/2021 11:57:59 AM,541477.2771,4813981.022
50906,20265936,12/11/2020 8:49:00 PM,2020,12,11,20,49,0,Friday,544523.7278,4811944.688,-80.449642,43.459095,At/near private drive,2,P.D. only,Not on roadway - right side,unknown,unknown,SMV other,Unknown,"Dark, artificial","08 - Dark, artificial",Regional municipality,No control,unknown,0,0,0,FALSE,FALSE,FALSE,Clear,,FALSE,Road 1: 12 BIRKSHIRE COURT (50 km/h); Road 2: BIRKSHIRE CRT; Distance: 3.0 M E; Vehicle #1     Make: PETE     Model:      Colour:      Style:,5/13/2021 11:57:44 AM,544523.7278,4811944.688
50907,20266220,12/11/2020 3:33:00 PM,2020,12,11,15,33,0,Friday,539285.2249,4810353.435,-80.514507,43.44506,Other,2,P.D. only,Not on roadway - right side,unknown,unknown,SMV other,Unknown,Daylight,01 - Daylight,Municipal (excl. Twp. Rd.),No control,unknown,0,0,0,FALSE,FALSE,FALSE,Clear,,FALSE,Road 1: BRYBECK CRESCENT (50 km/h); Road 2: 6 BRYBECK CRESCENT; Distance: 27.0 K W; Vehicle #1     Make: ICRP     Model: BUD     Colour: YEL     Style: BU,5/13/2021 11:53:47 AM,539285.2249,4810353.435
50908,20266437,12/11/2020 8:35:00 PM,2020,12,11,20,35,0,Friday,545798.7571,4809256.448,-80.434107,43.434813,At intersection,2,P.D. only,Within intersection,unknown,unknown,Angle,Unknown,Dark,07 - Dark,Municipal (excl. Twp. Rd.),Stop sign,Functioning,0,0,0,FALSE,FALSE,FALSE,Clear,,FALSE,Road 1: KINZIE AVE (50 km/h); Road 2: RUTHERFORD DR (50 km/h); Vehicle #1     Make: TOYT     Model: CBA     Colour: GRY     Style: 4D; Vehicle #2     Make: HOND     Model: ULS     Colour: BLK     Style: 4D,5/13/2021 11:53:14 AM,545798.7571,4809256.448
50909,20266954,12/12/2020 3:04:00 PM,2020,12,12,15,4,0,Saturday,546035.6804,4805365.841,-80.431508,43.399768,Non intersection,1,Non-fatal injury,Not on roadway - right side,unknown,unknown,SMV other,Unknown,Daylight,01 - Daylight,Municipal (excl. Twp. Rd.),No control,unknown,0,0,0,FALSE,FALSE,FALSE,Rain,,FALSE,Road 1: MILL PARK DR (50 km/h); Road 2: GREEN VALLEY DR; Distance: 100.0 M S; Vehicle #1     Make: TOYT     Model: TAC     Colour: BLK     Style: PK,5/13/2021 11:58:52 AM,546035.6804,4805365.841
50910,20267173,12/12/2020 2:20:00 PM,2020,12,12,14,20,0,Saturday,545094.9855,4807779.895,-80.442925,43.421561,Non intersection,2,P.D. only,Thru lane,unknown,unknown,Turning movement,Unknown,Daylight,01 - Daylight,Municipal (excl. Twp. Rd.),No control,unknown,0,0,0,FALSE,FALSE,FALSE,Rain,,TRUE,Road 1: WILSON AVE; Road 2: FAIRWAY RD S; Vehicle #1     Make: HYUN     Model: ESM     Colour: GRY     Style: 4D; Vehicle #2     Make: FORD     Model: SPE     Colour: WHI     Style: TY,5/13/2021 11:54:13 AM,545094.9855,4807779.895
50911,20267617,12/13/2020 3:00:00 PM,2020,12,13,15,0,0,Sunday,545688.0494,4807746.769,-80.435601,43.421227,At railway crossing,2,P.D. only,Not on roadway - right side,unknown,unknown,SMV other,Unknown,Daylight,01 - Daylight,Municipal (excl. Twp. Rd.),No control,unknown,0,0,0,FALSE,FALSE,FALSE,Clear,,FALSE,Road 1: WABANAKI DR (60 km/h); Road 2: HIDDEN VALLEY RD; Distance: 51.0 K W; Vehicle #1     Make: FORD     Model: CSC     Colour: WHI     Style: IC,5/13/2021 11:58:54 AM,545688.0494,4807746.769
50912,20269028,12/15/2020 4:15:00 PM,2020,12,15,16,15,0,Tuesday,543214.5954,4804529.811,-80.46641,43.392408,At intersection,2,P.D. only,Within intersection,unknown,unknown,Sideswipe,Unknown,Dusk,05 - Dusk,Regional municipality,Stop sign,Functioning,0,0,0,FALSE,FALSE,FALSE,Clear,,TRUE,Road 1: STRASBURG RD; Road 2: HURON RD; Vehicle #1     Make: RAM     Model: RTR     Colour: WHI     Style: PK; Vehicle #2     Make: HYUN     Model: VTO     Colour: BLK     Style: 4D,5/13/2021 11:52:57 AM,543214.5954,4804529.811
50913,20269584,12/6/2020 3:30:00 PM,2020,12,6,15,30,0,Sunday,538240.7806,4809061.054,-80.527505,43.433478,Non intersection,2,P.D. only,Thru lane,unknown,unknown,Other,Unknown,Daylight,01 - Daylight,Regional municipality,No control,unknown,0,0,0,FALSE,FALSE,FALSE,Clear,,TRUE,Road 1: BANKSIDE DR; Road 2: FISCHER-HALLMAN RD; Vehicle #1     Make: DODG     Model: CAR     Colour: BLK     Style: VN; Vehicle #2     Make: HOND     Model: CIV     Colour: BLK     Style: 4D,5/13/2021 11:56:26 AM,538240.7806,4809061.054
50914,20269586,12/14/2020 5:20:00 PM,2020,12,14,17,20,0,Monday,539002.6057,4805927.193,-80.518316,43.405221,Intersection related,2,P.D. only,Within intersection,unknown,unknown,Rear end,Unknown,Dark,07 - Dark,Municipal (excl. Twp. Rd.),unknown,Functioning,0,0,0,FALSE,FALSE,FALSE,Snow,,TRUE,Road 1: DAVID BERGEY DR; Road 2: ACTIVA AVE; Vehicle #1     Make: HOND     Model: PIL     Colour: BLK     Style: TY; Vehicle #2     Make: CHEV     Model: EQU     Colour: RED     Style: TY; Vehicle #3     Make: KIA     Model: 5SX     Colour: GRY     Style:,5/13/2021 11:55:06 AM,539002.6057,4805927.193
50915,20269599,12/11/2020 10:30:00 PM,2020,12,11,22,30,0,Friday,543009.8165,4810495.185,-80.468469,43.446132,Non intersection,2,P.D. only,Thru lane,unknown,unknown,Turning movement,Unknown,Dark,07 - Dark,Regional municipality,No control,unknown,0,0,0,FALSE,FALSE,FALSE,Clear,,TRUE,"Road 1: KITCHENER MEMORIAL AUDITORIUM (CUSTOMER SERVICE), EAST AVENUE, KITCHENER, ON, CANADA; Vehicle #1     Make: CHEV     Model: SIL     Colour: GRY     Style: PK; Vehicle #2     Make: FORD     Model: FSE     Colour: GRY     Style: 4B",5/13/2021 11:56:08 AM,543009.8165,4810495.185
50916,20269605,12/11/2020 3:00:00 PM,2020,12,11,15,0,0,Friday,538511.1323,4807669.027,-80.524263,43.42093,Non intersection,2,P.D. only,Thru lane,unknown,unknown,Sideswipe,Unknown,Daylight,01 - Daylight,Municipal (excl. Twp. Rd.),No control,unknown,0,0,0,FALSE,FALSE,FALSE,Clear,,TRUE,Road 1: MCGARRY DR; Road 2: MCGARRY DR FOREST HEIGHTS KITCHENER; Distance:  S; Vehicle #1     Make: HOND     Model: UDY     Colour: SIL     Style: TY; Vehicle #2     Make:      Model:      Colour:      Style:,5/13/2021 11:56:06 AM,538511.1323,4807669.027
50917,20269677,11/27/2020 7:00:00 PM,2020,11,27,19,0,0,Friday,546103.7615,4811507.971,-80.430148,43.455067,At/near private drive,2,P.D. only,Thru lane,unknown,unknown,SMV unattended vehicle,Unknown,Dark,07 - Dark,Regional municipality,No control,unknown,0,0,0,FALSE,FALSE,FALSE,Clear,,TRUE,Road 1: 51 EBYDALE DR; Vehicle #1     Make:      Model:      Colour:      Style: ; Vehicle #2     Make: DODG     Model: CHL     Colour: GRY     Style: 2D,5/13/2021 11:56:04 AM,546103.7615,4811507.971