OBJECTID,ACCIDENTNUM,ACCIDENTDATE,ACCIDENT_YEAR,ACCIDENT_MONTH,ACCIDENT_DAY,ACCIDENT_HOUR,ACCIDENT_MINUTE,ACCIDENT_SECOND,ACCIDENT_WEEKDAY,XCOORD,YCOORD,LONGITUDE,LATITUDE,ACCIDENTLOCATION,COLLISIONTYPE,CLASSIFICATIONOFACCIDENT,IMPACTLOCATION,INITIALDIRECTIONOFTRAVELONE,INITIALDIRECTIONOFTRAVELTWO,INITIALIMPACTTYPE,INTTRAFFICCONTROL,LIGHT,LIGHTFORREPORT,ROADJURISDICTION,TRAFFICCONTROL,TRAFFICCONTROLCONDITION,THRULANENO,NORTHBOUNDDISOBEYCOUNT,SOUTHBOUNDDISOBEYCOUNT,PEDESTRIANINVOLVED,CYCLISTINVOLVED,MOTORCYCLISTINVOLVED,ENVIRONMENTCONDITION1,ENVIRONMENTCONDITION2,SELFREPORTED,XMLIMPORTNOTES,LASTEDITEDDATE,x,y
50918,20269692,12/2/2020 12:00:00 PM,2020,12,2,12,0,0,Wednesday,538331.9962,4805676.87,-80.526615,43.403001,At/near private drive,2,P.D. only,Thru lane,unknown,unknown,Rear end,Unknown,Daylight,01 - Daylight,Regional municipality,No control,unknown,0,0,0,FALSE,FALSE,FALSE,Clear,,TRUE,Road 1: 155 GRAVEL RIDGE TRAIL; Vehicle #1     Make: HYUN     Model: ESM     Colour: RED     Style: 4D; Vehicle #2     Make: FORD     Model: COF     Colour: RED     Style: PK,5/13/2021 11:56:23 AM,538331.9962,4805676.87
50919,20269863,12/16/2020 5:15:00 PM,2020,12,16,17,15,0,Wednesday,540535.1697,4809924.598,-80.499093,43.441132,Non intersection,2,P.D. only,Thru lane,unknown,unknown,Rear end,Unknown,Dark,07 - Dark,Municipal (excl. Twp. Rd.),No control,unknown,0,0,0,FALSE,FALSE,FALSE,Clear,,TRUE,Road 1: HIGHLAND RD E; Road 2: QUEEN ST S; Vehicle #1     Make: NISS     Model: ROG     Colour: RED     Style: 4B; Vehicle #2     Make: FORD     Model: SPE     Colour: GRN     Style: TY,8/16/2022 2:59:32 PM,540535.1697,4809924.598
50920,20269989,12/16/2020 8:22:00 PM,2020,12,16,20,22,0,Wednesday,536640.5948,4808635.318,-80.547305,43.429724,At/near private drive,2,P.D. only,Off highway,unknown,unknown,SMV unattended vehicle,Unknown,Dark,07 - Dark,Municipal (excl. Twp. Rd.),No control,unknown,0,0,0,FALSE,FALSE,FALSE,Snow,,FALSE,Road 1: 22 JACQUELINE PLACE (60 km/h); Road 2: JACQUELINE PL; Distance: 15.0 K E; Vehicle #1     Make: TOYT     Model: CBS     Colour: SIL     Style: 4D; Vehicle #2     Make: CHEV     Model: EQU     Colour: BRN     Style: TY,5/13/2021 11:54:00 AM,536640.5948,4808635.318
50921,20270369,12/17/2020 11:39:00 AM,2020,12,17,11,39,0,Thursday,542670.7966,4810072.62,-80.472691,43.442347,Intersection related,1,Non-fatal injury,Thru lane,unknown,unknown,Turning movement,Unknown,Daylight,01 - Daylight,Regional municipality,Stop sign,unknown,1,0,0,FALSE,FALSE,FALSE,Clear,,FALSE,Road 1: KING ST E (50 km/h); Road 2: ONWARD AVE (50 km/h); Vehicle #1     Make: HYUN     Model: TUC     Colour: BLU     Style: TY; Vehicle #2     Make: VOLK     Model: JSA     Colour: BLK     Style: 4D,5/13/2021 11:55:11 AM,542670.7966,4810072.62
50922,20270751,12/17/2020 7:30:00 PM,2020,12,17,19,30,0,Thursday,543522.5562,4807203.362,-80.462395,43.416463,At/near private drive,2,P.D. only,Thru lane,unknown,unknown,SMV unattended vehicle,Unknown,Dark,07 - Dark,Municipal (excl. Twp. Rd.),No control,unknown,0,0,0,FALSE,FALSE,FALSE,Clear,,TRUE,Road 1: 11 BRISBANE DR; Road 2: FALLOWFIELD DR; Vehicle #1     Make: MERZ     Model: GK3     Colour: SIL     Style: TY; Vehicle #2     Make: ACUR     Model: TST     Colour: WHI     Style: 4D,5/13/2021 11:54:06 AM,543522.5562,4807203.362
50923,20271067,11/30/2020 9:00:00 AM,2020,11,30,9,0,0,Monday,545243.5473,4812482.085,-80.4407,43.46389,At/near private drive,2,P.D. only,Off highway,unknown,unknown,SMV unattended vehicle,Unknown,Daylight,01 - Daylight,Regional municipality,No control,unknown,0,0,0,FALSE,FALSE,FALSE,Clear,,TRUE,Road 1: 26 KEEWATIN AVE; Vehicle #1     Make: TOYT     Model: MTL     Colour: BLU     Style: 4D; Vehicle #2     Make: PONT     Model: GRA     Colour: BLU     Style: 4D,5/13/2021 11:56:01 AM,545243.5473,4812482.085
50924,20271127,12/6/2020 12:30:00 PM,2020,12,6,12,30,0,Sunday,539687.3279,4807476.405,-80.509747,43.419134,Non intersection,2,P.D. only,Thru lane,unknown,unknown,Rear end,Unknown,Daylight,01 - Daylight,Municipal (excl. Twp. Rd.),No control,unknown,0,0,0,FALSE,FALSE,FALSE,Clear,,TRUE,Road 1: 17 WINDALE CRESCENT; Vehicle #1     Make: TOYT     Model: LLX     Colour: GRY     Style: 4D; Vehicle #2     Make: CHEV     Model: CZT     Colour: BGE     Style: 4D,5/13/2021 11:55:52 AM,539687.3279,4807476.405
50925,20271130,12/18/2020 9:54:00 AM,2020,12,18,9,54,0,Friday,540780.6061,4812295.016,-80.495883,43.462462,At intersection,2,P.D. only,Within intersection,unknown,unknown,Angle,Unknown,Daylight,01 - Daylight,Regional municipality,Stop sign,Functioning,0,1,0,FALSE,FALSE,FALSE,Clear,,FALSE,Road 1: GUELPH ST (50 km/h); Road 2: BRUNSWICK AVE (50 km/h); Vehicle #1     Make:      Model:      Colour:      Style: ; Vehicle #2     Make: DODG     Model: CAR     Colour: BLK     Style: VN,5/13/2021 11:53:03 AM,540780.6061,4812295.016
50926,20271367,8/20/2020 2:00:00 PM,2020,8,20,14,0,0,Thursday,545531.6933,4803103.866,-80.437919,43.379431,Non intersection,2,Non-reportable,Thru lane,unknown,unknown,SMV unattended vehicle,Unknown,Daylight,01 - Daylight,Municipal (excl. Twp. Rd.),No control,unknown,0,0,0,FALSE,FALSE,FALSE,Clear,,TRUE,Road 1: 11 REYNOLDS COURT; Vehicle #1     Make: HOND     Model: ULS     Colour: BLU     Style: 4D; Vehicle #2     Make: CHEV     Model: CZT     Colour: RED     Style: 4D,5/13/2021 11:26:59 AM,545531.6933,4803103.866
50927,20271436,12/18/2020 3:07:00 PM,2020,12,18,15,7,0,Friday,542582.0944,4810126.145,-80.473783,43.442834,At intersection,1,Non-fatal injury,Within intersection,unknown,unknown,Angle,Unknown,Daylight,01 - Daylight,Regional municipality,Traffic signal,Functioning,0,1,0,FALSE,FALSE,FALSE,Clear,,FALSE,Road 1: KING ST E (50 km/h); Road 2: BORDEN AVE N (50 km/h); Vehicle #1     Make: FORD     Model: FSH     Colour: BLK     Style: 4D; Vehicle #2     Make: TOYT     Model: YSE     Colour: GRY     Style: 4B,5/13/2021 11:53:27 AM,542582.0944,4810126.146
50928,20271866,12/18/2020 11:00:00 PM,2020,12,18,23,0,0,Friday,541662.0241,4810409.267,-80.485131,43.445435,At intersection,2,P.D. only,Within intersection,unknown,unknown,Angle,Unknown,Dark,07 - Dark,Municipal (excl. Twp. Rd.),Stop sign,unknown,0,0,0,FALSE,FALSE,FALSE,Clear,,TRUE,Road 1: CEDAR ST S; Road 2: CHURCH ST; Vehicle #1     Make: HYUN     Model: EGM     Colour: GRY     Style: 4D; Vehicle #2     Make:      Model:      Colour:      Style:,5/13/2021 11:53:12 AM,541662.0241,4810409.267
50929,20272096,8/22/2020 12:30:00 PM,2020,8,22,12,30,0,Saturday,543248.6108,4804518.468,-80.465991,43.392304,At intersection,2,P.D. only,Within intersection,unknown,unknown,Sideswipe,Unknown,Daylight,01 - Daylight,Regional municipality,Stop sign,Functioning,0,0,0,FALSE,FALSE,FALSE,Clear,,TRUE,Road 1: HURON; Road 2: STRASBURG RD; Vehicle #1     Make: LEXS     Model: RX0     Colour: GRY     Style: TY; Vehicle #2     Make: OLDS     Model: AUR     Colour: GRY     Style: 4D,5/13/2021 11:36:10 AM,543248.6108,4804518.468
50930,20272168,8/23/2020 1:10:00 AM,2020,8,23,1,10,0,Sunday,541747.3316,4812108.402,-80.483947,43.460729,Non intersection,2,P.D. only,Thru lane,unknown,unknown,SMV other,Unknown,Dark,07 - Dark,Regional municipality,No control,unknown,0,0,0,FALSE,FALSE,FALSE,Clear,,TRUE,Road 1: WELLINGTON ST N; Road 2: LANCASTER ST W; Vehicle #1     Make: HYUN     Model: SFT     Colour: GRY     Style: TY,5/13/2021 11:37:33 AM,541747.3316,4812108.402
50931,20272233,8/7/2020 11:30:00 AM,2020,8,7,11,30,0,Friday,541937.7339,4811093.66,-80.481671,43.451581,At/near private drive,2,P.D. only,Thru lane,unknown,unknown,Other,Unknown,Daylight,01 - Daylight,Regional municipality,No control,unknown,0,0,0,FALSE,FALSE,FALSE,Clear,,TRUE,Road 1: 168 LANCASTER ST E; Vehicle #1     Make:      Model:      Colour:      Style: ; Vehicle #2     Make: HYUN     Model: ESS     Colour: BLK     Style: 4D,5/13/2021 11:37:24 AM,541937.7339,4811093.66
50932,20272236,8/7/2020 6:30:00 AM,2020,8,7,6,30,0,Friday,540268.4538,4809967.122,-80.502385,43.44153,Non intersection,2,P.D. only,Thru lane,unknown,unknown,Other,Unknown,Daylight,01 - Daylight,Regional municipality,No control,unknown,0,0,0,FALSE,FALSE,FALSE,Clear,,TRUE,Road 1: WEST AVE; Road 2: HIGHLAND RD W; Vehicle #1     Make: HYUN     Model: SGL     Colour: BLK     Style: 4D; Vehicle #2     Make:      Model:      Colour:      Style:,8/16/2022 3:05:49 PM,540268.4538,4809967.122
50933,20272247,8/6/2020 10:00:00 AM,2020,8,6,10,0,0,Thursday,545157.7044,4807241.89,-80.442194,43.416713,Intersection related,2,P.D. only,Within intersection,unknown,unknown,Sideswipe,Stop sign,Daylight,01 - Daylight,Municipal (excl. Twp. Rd.),Stop sign,Functioning,0,0,0,FALSE,FALSE,FALSE,Clear,,TRUE,Road 1: WILSON AVE; Road 2: WEBSTER RD; Vehicle #1     Make: GMC     Model: SAV     Colour: WHI     Style: FV; Vehicle #2     Make: TOYT     Model: SIE     Colour: GRY     Style: VN,5/13/2021 11:25:47 AM,545157.7044,4807241.89
50934,20272250,12/19/2020 12:13:00 PM,2020,12,19,12,13,0,Saturday,545056.7121,4804814.776,-80.443642,43.394865,At/near private drive,2,P.D. only,Right shoulder,unknown,unknown,SMV unattended vehicle,Unknown,Daylight,01 - Daylight,Township,No control,unknown,0,0,0,FALSE,FALSE,FALSE,Snow,,FALSE,Road 1: PIONEER DR (50 km/h); Road 2: 399 PIONEER DR; Distance: 5.0 K W; Vehicle #1     Make: TOYT     Model: RUN     Colour: BLK     Style: TY; Vehicle #2     Make: SUBA     Model: FOR     Colour: RED     Style: TY,5/13/2021 11:54:31 AM,545056.7121,4804814.776
50935,20272419,12/19/2020 2:15:00 PM,2020,12,19,14,15,0,Saturday,544116.6661,4809295.554,-80.454887,43.435266,At intersection,2,P.D. only,Within intersection,unknown,unknown,Angle,Unknown,Daylight,01 - Daylight,Regional municipality,Stop sign,Functioning,0,0,0,FALSE,FALSE,FALSE,Snow,,FALSE,Road 1: 2ND AVE (50 km/h); Road 2: KINGSWAY DR (50 km/h); Vehicle #1     Make: KIA     Model: RIO     Colour: SIL     Style: 4B; Vehicle #2     Make: CHEV     Model: CZT     Colour: GRY     Style: 4D,5/13/2021 11:54:40 AM,544116.6661,4809295.554
50936,20272420,12/19/2020 2:20:00 PM,2020,12,19,14,20,0,Saturday,543930.6567,4809147.069,-80.457198,43.43394,At intersection,2,P.D. only,Thru lane,unknown,unknown,Rear end,Unknown,Daylight,01 - Daylight,Municipal (excl. Twp. Rd.),Stop sign,unknown,1,0,0,FALSE,FALSE,FALSE,Snow,,FALSE,Road 1: FIRST AVE (20 km/h); Road 2: ECKERT ST (20 km/h); Vehicle #1     Make: KIA     Model: RIO     Colour: SIL     Style: 4B; Vehicle #2     Make: CHEV     Model: CZT     Colour: GRY     Style: 4D,5/13/2021 11:54:43 AM,543930.6567,4809147.069
50937,20272931,8/6/2020 1:00:00 PM,2020,8,6,13,0,0,Thursday,542747.9736,4816293.221,-80.47125,43.498352,At/near private drive,2,P.D. only,Thru lane,unknown,unknown,SMV unattended vehicle,Unknown,Daylight,01 - Daylight,Municipal (excl. Twp. Rd.),No control,unknown,0,0,0,FALSE,FALSE,FALSE,Clear,,TRUE,Road 1: EAGLECREST ST (IFO 65); Road 2: KESTREL ST; Vehicle #1     Make: HYUN     Model: EGM     Colour: BLK     Style: 4D; Vehicle #2     Make: BMW     Model: 325     Colour: BLK     Style: 4D,5/13/2021 11:28:34 AM,542747.9736,4816293.221
50938,20272936,7/26/2020 2:40:00 PM,2020,7,26,14,40,0,Sunday,542581.6169,4810126.523,-80.473789,43.442837,Intersection related,2,Non-reportable,Thru lane,unknown,unknown,Other,Unknown,Daylight,01 - Daylight,Regional municipality,Traffic signal,Functioning,0,0,0,FALSE,FALSE,FALSE,Clear,,TRUE,Road 1: KING ST; Road 2: BORDEN AVE N; Vehicle #1     Make:      Model:      Colour:      Style: ; Vehicle #2     Make: KIA     Model: FLG     Colour: SIL     Style: 4D,5/13/2021 11:38:03 AM,542581.6169,4810126.523
50939,20272968,7/4/2020 10:30:00 AM,2020,7,4,10,30,0,Saturday,538293.1529,4807863.585,-80.526942,43.422693,Non intersection,2,P.D. only,Thru lane,unknown,unknown,SMV unattended vehicle,Unknown,Daylight,01 - Daylight,Municipal (excl. Twp. Rd.),No control,unknown,0,0,0,FALSE,FALSE,FALSE,Clear,,TRUE,Road 1: SILVER ASPEN CRESCENT (IFO 62); Vehicle #1     Make:      Model:      Colour:      Style: ; Vehicle #2     Make: TOYT     Model: TUN     Colour: WHI     Style: PK,5/13/2021 11:31:33 AM,538293.1529,4807863.585
50940,20272999,7/15/2020 3:03:00 PM,2020,7,15,15,3,0,Wednesday,541132.1115,4813888.771,-80.491417,43.476793,At/near private drive,2,P.D. only,Thru lane,unknown,unknown,Other,Unknown,Daylight,01 - Daylight,Municipal (excl. Twp. Rd.),No control,unknown,0,0,0,FALSE,FALSE,FALSE,Clear,,TRUE,Road 1: LANG CRESCENT (IFO 91); Vehicle #1     Make:      Model:      Colour:      Style: ; Vehicle #2     Make: RAM     Model: RTR     Colour: BLK     Style: PK,5/13/2021 11:26:08 AM,541132.1115,4813888.771
50941,20273081,6/26/2020 12:40:00 PM,2020,6,26,12,40,0,Friday,539600.4293,4805656.471,-80.510953,43.402752,At/near private drive,2,Non-reportable,Thru lane,unknown,unknown,SMV unattended vehicle,Unknown,Daylight,01 - Daylight,Municipal (excl. Twp. Rd.),No control,unknown,0,0,0,FALSE,FALSE,FALSE,Clear,,TRUE,Road 1: 11 YARROW COURT (IFO HOSUE); Vehicle #1     Make:      Model:      Colour:      Style: ; Vehicle #2     Make: LEXS     Model: RX5     Colour: GRY     Style: TY,5/13/2021 11:28:54 AM,539600.4293,4805656.471
50942,20273111,6/25/2020 5:30:00 PM,2020,6,25,17,30,0,Thursday,541409.6617,4808700.561,-80.48838,43.430063,At/near private drive,2,Non-reportable,Thru lane,unknown,unknown,Angle,Unknown,Daylight,01 - Daylight,Municipal (excl. Twp. Rd.),No control,unknown,0,0,0,FALSE,FALSE,FALSE,Clear,,TRUE,Road 1: HOFFMAN ST (IFO 357); Vehicle #1     Make: FORD     Model: FL     Colour: BLK     Style: 4D; Vehicle #2     Make: TOYT     Model: RV4     Colour: SIL     Style: TY,5/13/2021 11:28:56 AM,541409.6617,4808700.561
50943,20273119,6/17/2020 4:00:00 PM,2020,6,17,16,0,0,Wednesday,542406.9335,4816057.443,-80.475486,43.496249,At/near private drive,2,P.D. only,Thru lane,unknown,unknown,SMV unattended vehicle,Unknown,Daylight,01 - Daylight,Municipal (excl. Twp. Rd.),No control,unknown,0,0,0,FALSE,FALSE,FALSE,Clear,,TRUE,Road 1: HAWKSWOOD DR (IFO 135); Vehicle #1     Make:      Model:      Colour:      Style: ; Vehicle #2     Make: LEXS     Model: RX5     Colour: GRY     Style: TY,5/13/2021 11:31:36 AM,542406.9335,4816057.443
50944,20273141,6/23/2020 7:45:00 AM,2020,6,23,7,45,0,Tuesday,543565.1685,4812259.417,-80.461465,43.461985,Intersection related,2,Non-reportable,Thru lane,unknown,unknown,Rear end,Unknown,Daylight,01 - Daylight,Regional municipality,Traffic signal,Functioning,0,0,0,FALSE,FALSE,FALSE,Clear,,TRUE,Road 1: FREDERICK ST; Road 2: RIVER RD E; Vehicle #1     Make:      Model:      Colour:      Style: ; Vehicle #2     Make: HYUN     Model: SFT     Colour: ONG     Style: TY,5/13/2021 11:38:43 AM,543565.1685,4812259.417
50945,20273835,5/13/2020 2:00:00 PM,2020,5,13,14,0,0,Wednesday,544211.5346,4811863.282,-80.453507,43.45838,Intersection related,2,P.D. only,Right turn lane,unknown,unknown,Rear end,Unknown,Daylight,01 - Daylight,Regional municipality,Stop sign,Functioning,0,0,0,FALSE,FALSE,FALSE,Clear,,TRUE,Road 1: NIAGARA RD; Road 2: RIVER RD; Vehicle #1     Make:      Model:      Colour:      Style: ; Vehicle #2     Make: TOYT     Model: HV4     Colour: BLU     Style: TY,5/13/2021 11:36:00 AM,544211.5346,4811863.282
50946,20273931,4/10/2020 9:20:00 AM,2020,4,10,9,20,0,Friday,539122.1896,4809001.603,-80.516619,43.432897,Non intersection,2,P.D. only,Thru lane,unknown,unknown,SMV unattended vehicle,Unknown,Daylight,01 - Daylight,Municipal (excl. Twp. Rd.),No control,unknown,0,0,0,FALSE,FALSE,FALSE,Clear,,TRUE,Road 1: OVERLEA COURT (IFO 10); Road 2: OVERLEA DR; Vehicle #1     Make:      Model:      Colour:      Style: ; Vehicle #2     Make: ACUR     Model: RSX     Colour: BGE     Style: 2B,5/13/2021 11:35:18 AM,539122.1896,4809001.603
50947,20273964,12/1/2020 4:00:00 PM,2020,12,1,16,0,0,Tuesday,542110.9394,4812324.919,-80.479436,43.462658,Intersection related,2,P.D. only,Thru lane,unknown,unknown,Angle,Unknown,Dusk,05 - Dusk,Regional municipality,Stop sign,unknown,0,0,0,FALSE,FALSE,FALSE,Snow,,TRUE,Road 1: WELLINGTON ST N; Road 2: SPRING VALLEY RD; Vehicle #1     Make: HYUN     Model: EGM     Colour: BLK     Style: 4D; Vehicle #2     Make: FORD     Model: COF     Colour: WHI     Style: PK,5/13/2021 11:54:47 AM,542110.9394,4812324.919
50948,20273996,12/2/2020 4:00:00 PM,2020,12,2,16,0,0,Wednesday,543485.1615,4811605.92,-80.462506,43.456106,Non intersection,2,P.D. only,Thru lane,unknown,unknown,SMV other,Unknown,Dusk,05 - Dusk,Municipal (excl. Twp. Rd.),No control,unknown,0,0,0,FALSE,FALSE,FALSE,Clear,,TRUE,Road 1: KRUG ST; Road 2: ETON DR; Vehicle #1     Make: ACUR     Model: MDX     Colour: WHI     Style: TY; Vehicle #2     Make:      Model:      Colour:      Style:,5/13/2021 11:58:42 AM,543485.1615,4811605.92
50949,20275251,12/15/2020 11:15:00 AM,2020,12,15,11,15,0,Tuesday,547406.2558,4805674.048,-80.414557,43.402457,At/near private drive,2,P.D. only,Thru lane,unknown,unknown,SMV unattended vehicle,Unknown,Daylight,01 - Daylight,Municipal (excl. Twp. Rd.),No control,unknown,0,0,0,FALSE,FALSE,FALSE,Clear,,TRUE,Road 1: 216 LONGVIEW CRESCENT (IFO); Vehicle #1     Make:      Model:      Colour:      Style: ; Vehicle #2     Make: HYUN     Model: R5G     Colour: BLU     Style: TY,5/13/2021 11:56:29 AM,547406.2558,4805674.048
50950,20275266,12/21/2020 4:30:00 PM,2020,12,21,16,30,0,Monday,541741.3481,4810345.908,-80.484156,43.44486,Non intersection,2,Non-reportable,Thru lane,unknown,unknown,SMV unattended vehicle,Unknown,Dusk,05 - Dusk,Regional municipality,No control,unknown,0,0,0,FALSE,FALSE,FALSE,Clear,,TRUE,Road 1: 162 CHURCH ST; Vehicle #1     Make: GMC     Model: ACA     Colour: BLK     Style: TY; Vehicle #2     Make: DODG     Model: CHS     Colour: BLK     Style: 4D,5/13/2021 11:58:01 AM,541741.3481,4810345.908
50951,20275279,12/23/2020 2:30:00 PM,2020,12,23,14,30,0,Wednesday,542546.2031,4804126.977,-80.474694,43.388819,At/near private drive,2,P.D. only,Thru lane,unknown,unknown,Other,Unknown,Daylight,01 - Daylight,Municipal (excl. Twp. Rd.),No control,unknown,0,0,0,FALSE,FALSE,FALSE,Clear,,TRUE,Road 1: FEATHERSTONE CRESCENT (IFO 313); Road 2: FEATHERSTONE ST; Vehicle #1     Make: ACUR     Model: ATL     Colour: GRY     Style: 4D; Vehicle #2     Make: TOYT     Model: CEP     Colour: BLK     Style: 4D,5/13/2021 11:54:26 AM,542546.2031,4804126.977
50952,20275327,12/23/2020 4:02:00 PM,2020,12,23,16,2,0,Wednesday,546155.4082,4812407.768,-80.429434,43.463165,At/near private drive,2,P.D. only,Not on roadway - right side,unknown,unknown,SMV other,Unknown,Dusk,05 - Dusk,Municipal (excl. Twp. Rd.),No control,unknown,0,0,0,FALSE,FALSE,FALSE,Clear,,FALSE,Road 1: 12 STANMORE AVE (10 km/h); Road 2: STANMORE AVE; Distance: 5.0 M S; Vehicle #1     Make: HYUN     Model: ION     Colour: GRY     Style: 4B,5/13/2021 11:57:53 AM,546155.4082,4812407.768
50953,20275871,12/22/2020 10:00:00 AM,2020,12,22,10,0,0,Tuesday,543000.2965,4810512.247,-80.468585,43.446286,Non intersection,2,P.D. only,Thru lane,unknown,unknown,Sideswipe,Unknown,Daylight,01 - Daylight,Municipal (excl. Twp. Rd.),No control,unknown,0,0,0,FALSE,FALSE,FALSE,Clear,,TRUE,Road 1: EAST AVE (IFO 400); Vehicle #1     Make: GMC     Model: CAN     Colour: BLK     Style: PK; Vehicle #2     Make: KIA     Model: FNG     Colour: WHI     Style: 4D,5/13/2021 11:53:53 AM,543000.2965,4810512.247
50954,20275884,12/6/2020 6:00:00 PM,2020,12,6,18,0,0,Sunday,541510.3499,4812289.967,-80.486862,43.462377,Non intersection,2,Non-reportable,Thru lane,unknown,unknown,SMV unattended vehicle,Unknown,Dark,07 - Dark,Municipal (excl. Twp. Rd.),No control,unknown,0,0,0,FALSE,FALSE,FALSE,Clear,,TRUE,Road 1: 42 EDWIN ST; Vehicle #1     Make: FORD     Model: TRN     Colour: WHI     Style: FV; Vehicle #2     Make: CHEV     Model: SIL     Colour: WHI     Style: PK,5/13/2021 11:55:34 AM,541510.3499,4812289.967
50955,20276135,12/24/2020 8:00:00 PM,2020,12,24,20,0,0,Thursday,544611.6296,4809092.409,-80.448788,43.433408,At intersection,2,P.D. only,Within intersection,unknown,unknown,Turning movement,Unknown,Dark,07 - Dark,Municipal (excl. Twp. Rd.),Traffic signal,Functioning,0,0,0,FALSE,FALSE,FALSE,Snow,,TRUE,Road 1: KINGSWAY DR; Road 2: FRANKLIN ST S; Vehicle #1     Make: VOLK     Model: PTL     Colour: WHI     Style: 4D; Vehicle #2     Make:      Model:      Colour:      Style:,5/13/2021 11:53:24 AM,544611.6296,4809092.409
50956,20276149,12/24/2020 6:22:00 PM,2020,12,24,18,22,0,Thursday,546633.9297,4802741.21,-80.424344,43.376098,Intersection related,2,P.D. only,Within intersection,unknown,unknown,SMV other,Unknown,Dark,07 - Dark,Municipal (excl. Twp. Rd.),Stop sign,Functioning,0,0,0,FALSE,FALSE,FALSE,Snow,,FALSE,Road 1: THOMAS SLEE DR (50 km/h); Road 2: ROBERT FERRIE DR (50 km/h); Vehicle #1     Make: TOYT     Model: CBL     Colour: SIL     Style: 4D,5/13/2021 11:57:09 AM,546633.9297,4802741.21
50957,20276157,12/24/2020 6:26:00 PM,2020,12,24,18,26,0,Thursday,544910.6788,4812482.348,-80.444814,43.463913,At intersection,2,P.D. only,Not on roadway - right side,unknown,unknown,SMV other,Unknown,"Dark, artificial","08 - Dark, artificial",Municipal (excl. Twp. Rd.),Stop sign,Functioning,0,0,0,FALSE,FALSE,FALSE,Snow,,FALSE,Road 1: NATCHEZ RD (50 km/h); Road 2: HALIFAX DR (50 km/h); Vehicle #1     Make: PETE     Model:      Colour:      Style:,5/13/2021 11:55:03 AM,544910.6788,4812482.348
50958,20276161,12/24/2020 6:30:00 PM,2020,12,24,18,30,0,Thursday,544812.4484,4812886.835,-80.445995,43.467561,Non intersection,2,P.D. only,Not on roadway - right side,unknown,unknown,SMV unattended vehicle,Unknown,Dark,07 - Dark,Municipal (excl. Twp. Rd.),No control,unknown,0,0,0,FALSE,FALSE,FALSE,Snow,,FALSE,Road 1: 63 MATTHEW ST (50 km/h); Road 2: MATTHEW ST; Distance: 2.0 M E; Vehicle #1     Make: CHEV     Model: CAL     Colour: BLK     Style: PK; Vehicle #2     Make: DODG     Model: CJO     Colour: SIL     Style: TY,5/13/2021 11:56:31 AM,544812.4484,4812886.835
50959,20276328,12/25/2020 1:00:00 PM,2020,12,25,13,0,0,Friday,544305.5827,4813255.949,-80.452231,43.470914,Non intersection,2,P.D. only,Not on roadway - right side,unknown,unknown,SMV other,Unknown,"Daylight, artificial","02 - Daylight, artificial",Municipal (excl. Twp. Rd.),No control,unknown,0,0,0,FALSE,FALSE,FALSE,Snow,,FALSE,Road 1: 400 BINGEMANS CENTRE DR (50 km/h); Road 2: BINGEMANS CENTRE DR; Distance: 24.0 M W; Vehicle #1     Make: TOYT     Model: CBL     Colour: GRY     Style: 4D,5/13/2021 11:57:55 AM,544305.5827,4813255.949
50960,20277404,12/26/2020 11:55:00 PM,2020,12,26,23,55,0,Saturday,541068,4811108,-80.5122389,43.4219719,Other,2,P.D. only,Off highway,unknown,unknown,SMV other,Unknown,"Dark, artificial","08 - Dark, artificial",Municipal (excl. Twp. Rd.),No control,unknown,0,0,0,FALSE,FALSE,FALSE,Clear,,FALSE,Road 1: 529 GREENBROOK DR; Road 2: GREENBROOK DR; Vehicle #1     Make: CHEV     Model: SIL     Colour: WHI     Style: CW,5/13/2021 11:54:03 AM,541068,4811108
50961,20277580,12/25/2020 10:00:00 AM,2020,12,25,10,0,0,Friday,536121.8276,4808855.158,-80.553699,43.431729,At/near private drive,2,P.D. only,Thru lane,unknown,unknown,SMV unattended vehicle,Unknown,Daylight,01 - Daylight,Municipal (excl. Twp. Rd.),No control,unknown,0,0,0,FALSE,FALSE,FALSE,Snow,,TRUE,Road 1: HUCK CRESCENT (IFO 187); Road 2: LAUREL SPRINGS CT; Vehicle #1     Make: HOND     Model: UCL     Colour: BRN     Style: 4D; Vehicle #2     Make: CHRY     Model: 20S     Colour: BLK     Style: 4D,5/13/2021 11:54:29 AM,536121.8276,4808855.158
50962,20277663,12/25/2020 8:15:00 PM,2020,12,25,20,15,0,Friday,542562.0354,4812547.72,-80.473842,43.464639,Intersection related,2,Non-reportable,Thru lane,unknown,unknown,SMV other,Unknown,Dark,07 - Dark,Municipal (excl. Twp. Rd.),Stop sign,unknown,0,0,0,FALSE,FALSE,FALSE,Clear,,TRUE,Road 1: WELLINGTON ST N; Road 2: HWY 7 OFFRAMP; Vehicle #1     Make: KIA     Model: RES     Colour: WHI     Style: 4D,5/13/2021 11:57:19 AM,542562.0354,4812547.72