OBJECTID,ACCIDENTNUM,ACCIDENTDATE,ACCIDENT_YEAR,ACCIDENT_MONTH,ACCIDENT_DAY,ACCIDENT_HOUR,ACCIDENT_MINUTE,ACCIDENT_SECOND,ACCIDENT_WEEKDAY,XCOORD,YCOORD,LONGITUDE,LATITUDE,ACCIDENTLOCATION,COLLISIONTYPE,CLASSIFICATIONOFACCIDENT,IMPACTLOCATION,INITIALDIRECTIONOFTRAVELONE,INITIALDIRECTIONOFTRAVELTWO,INITIALIMPACTTYPE,INTTRAFFICCONTROL,LIGHT,LIGHTFORREPORT,ROADJURISDICTION,TRAFFICCONTROL,TRAFFICCONTROLCONDITION,THRULANENO,NORTHBOUNDDISOBEYCOUNT,SOUTHBOUNDDISOBEYCOUNT,PEDESTRIANINVOLVED,CYCLISTINVOLVED,MOTORCYCLISTINVOLVED,ENVIRONMENTCONDITION1,ENVIRONMENTCONDITION2,SELFREPORTED,XMLIMPORTNOTES,LASTEDITEDDATE,x,y
50963,20277831,12/27/2020 3:30:00 PM,2020,12,27,15,30,0,Sunday,546510.435,4810012.334,-80.42525,43.441575,Non intersection,2,P.D. only,Thru lane,unknown,unknown,SMV unattended vehicle,Unknown,Daylight,01 - Daylight,Regional municipality,No control,unknown,0,0,0,FALSE,FALSE,FALSE,Clear,,TRUE,Road 1: 231 BRIARMEADOW DR; Vehicle #1     Make: FORD     Model: EPR     Colour: BLK     Style: TY; Vehicle #2     Make: HOND     Model: CPL     Colour: GRN     Style: TY,5/13/2021 11:58:04 AM,546510.435,4810012.334
50964,20277872,12/27/2020 4:50:00 PM,2020,12,27,16,50,0,Sunday,540223.9859,4811994.897,-80.502785,43.45979,Intersection related,2,P.D. only,Off highway,unknown,unknown,SMV other,Unknown,Dusk,05 - Dusk,Municipal (excl. Twp. Rd.),Stop sign,Functioning,0,0,0,FALSE,FALSE,FALSE,Clear,,FALSE,Road 1: 175 WATERLOO ST (50 km/h); Road 2: GUELPH ST (50 km/h); Vehicle #1     Make: TOYT     Model: CXR     Colour: BLU     Style: 4B,5/13/2021 11:55:01 AM,540223.9859,4811994.897
50965,20278300,12/28/2020 11:00:00 AM,2020,12,28,11,0,0,Monday,542313.6938,4810287.617,-80.477087,43.444303,At intersection,2,Non-reportable,Within intersection,unknown,unknown,Angle,Unknown,Daylight,01 - Daylight,Regional municipality,Traffic signal,Functioning,0,0,0,FALSE,FALSE,FALSE,Clear,,TRUE,Road 1: KING ST E; Road 2: STIRLING AVE N; Vehicle #1     Make: VOLK     Model: JTD     Colour: GRY     Style: 4D; Vehicle #2     Make:      Model:      Colour:      Style:,5/13/2021 11:57:16 AM,542313.6938,4810287.617
50966,20278422,12/28/2020 2:30:00 PM,2020,12,28,14,30,0,Monday,540987.8747,4809702.746,-80.493515,43.43911,Non intersection,2,P.D. only,Thru lane,unknown,unknown,Angle,Unknown,Daylight,01 - Daylight,Regional municipality,No control,unknown,0,0,0,FALSE,FALSE,FALSE,Drifting Snow,,TRUE,Road 1: HIGHLAND RD E; Road 2: SPADINA RD E; Vehicle #1     Make: DODG     Model: JOU     Colour: GRY     Style: TY; Vehicle #2     Make: FORD     Model: SPE     Colour: SIL     Style: TY,5/13/2021 11:55:24 AM,540987.8747,4809702.746
50967,20278676,12/28/2020 8:46:00 PM,2020,12,28,20,46,0,Monday,542244.2201,4810332.82,-80.477942,43.444714,Non intersection,2,P.D. only,Thru lane,unknown,unknown,Approaching,Unknown,"Dark, artificial","08 - Dark, artificial",Regional municipality,No control,unknown,1,0,0,FALSE,FALSE,FALSE,Clear,,FALSE,Road 1: KING ST E (50 km/h); Road 2: FAIRVIEW AVE; Distance: 5.0 M E; Vehicle #1     Make: FORD     Model: COF     Colour: RED     Style: PK; Vehicle #2     Make: CHEV     Model: ETV     Colour: WHI     Style: CB,8/16/2022 3:00:42 PM,542244.2201,4810332.82
50968,20279028,12/25/2020 10:00:00 AM,2020,12,25,10,0,0,Friday,542095.9482,4812317.478,-80.479622,43.462592,At/near private drive,2,P.D. only,Thru lane,unknown,unknown,SMV unattended vehicle,Unknown,Daylight,01 - Daylight,Municipal (excl. Twp. Rd.),No control,unknown,0,0,0,FALSE,FALSE,FALSE,Clear,,TRUE,Road 1: 543 WELLINGTON ST N; Vehicle #1     Make:      Model:      Colour:      Style: ; Vehicle #2     Make: CHEV     Model: ML2     Colour: BRN     Style: 4D,5/13/2021 11:55:27 AM,542095.9482,4812317.478
50969,20279126,12/27/2020 5:15:00 PM,2020,12,27,17,15,0,Sunday,543374.798,4807674.603,-80.464182,43.420714,Non intersection,2,P.D. only,Thru lane,unknown,unknown,Turning movement,Unknown,Dark,07 - Dark,Regional municipality,No control,unknown,0,0,0,FALSE,FALSE,FALSE,Clear,,TRUE,Road 1: BLOCK LINE RD; Road 2: COURTLAND AVE E VANIER KITCHENER; Vehicle #1     Make: HOND     Model: CCL     Colour: BLK     Style: 4D; Vehicle #2     Make: BUIC     Model: ENC     Colour: WHI     Style: TY,8/16/2022 2:54:35 PM,543374.798,4807674.603
50970,20279157,12/29/2020 1:40:00 PM,2020,12,29,13,40,0,Tuesday,546135.2046,4814096.608,-80.429541,43.478373,At/near private drive,2,P.D. only,Thru lane,unknown,unknown,Angle,Unknown,Daylight,01 - Daylight,Municipal (excl. Twp. Rd.),No control,unknown,0,0,0,FALSE,FALSE,FALSE,Clear,,TRUE,Road 1: 2365 SHIRLEY DR; Vehicle #1     Make: BMW     Model: M55     Colour: BLK     Style: 4D; Vehicle #2     Make: VOLV     Model: ARO     Colour: WHI     Style: CT,5/13/2021 11:54:16 AM,546135.2046,4814096.608
50971,20279238,12/24/2020 2:36:00 PM,2020,12,24,14,36,0,Thursday,544038.2977,4809307.214,-80.455855,43.435376,Non intersection,2,P.D. only,Thru lane,unknown,unknown,Approaching,Unknown,Daylight,01 - Daylight,Municipal (excl. Twp. Rd.),No control,unknown,0,0,0,FALSE,FALSE,FALSE,Snow,,TRUE,Road 1: KINGSWAY DR; Road 2: 2ND AVE; Vehicle #1     Make: JEEP     Model: WUL     Colour: BLK     Style: TY; Vehicle #2     Make: NISS     Model: TTN     Colour: WHI     Style: PK,5/13/2021 11:55:18 AM,544038.2977,4809307.214
50972,20280191,12/30/2020 11:41:00 PM,2020,12,30,23,41,0,Wednesday,548100.3348,4806107.409,-80.405947,43.406315,At/near private drive,2,P.D. only,Not on roadway - left side,unknown,unknown,SMV other,Unknown,"Dark, artificial","08 - Dark, artificial",Township,No control,unknown,0,0,0,FALSE,FALSE,FALSE,Clear,,FALSE,Road 1: 210 PIONEER TOWER RD (50 km/h); Road 2: PIONEER TOWER RD; Distance: 15.0 M W; Vehicle #1     Make: FORD     Model: EDG     Colour: SIL     Style: TY,5/13/2021 11:54:02 AM,548100.3348,4806107.409
50973,20280745,12/31/2020 6:20:00 PM,2020,12,31,18,20,0,Thursday,547233.9717,4808838.801,-80.416411,43.430963,Non intersection,2,P.D. only,Thru lane,unknown,unknown,SMV unattended vehicle,Unknown,Dark,07 - Dark,Municipal (excl. Twp. Rd.),No control,unknown,0,0,0,FALSE,FALSE,FALSE,Clear,,TRUE,Road 1: 270 MORRISON RD (ON THE ROADWAY); Vehicle #1     Make: HOND     Model: HRV     Colour: WHI     Style: TY; Vehicle #2     Make: KIA     Model: E5G     Colour: GRY     Style: 4B,5/13/2021 11:55:28 AM,547233.9717,4808838.801
50974,20280852,12/31/2020 8:45:00 PM,2020,12,31,20,45,0,Thursday,539675.7763,4806484.501,-80.509962,43.410204,Intersection related,2,P.D. only,Thru lane,unknown,unknown,Sideswipe,Unknown,Dark,07 - Dark,Regional municipality,unknown,Functioning,0,0,0,FALSE,FALSE,FALSE,Clear,,TRUE,Road 1: ACTIVA AVE; Road 2: WILDERNESS DR; Vehicle #1     Make: TOYT     Model: MTL     Colour: SIL     Style: 4D; Vehicle #2     Make: HYUN     Model: TUC     Colour: BLK     Style: TY,5/13/2021 11:57:30 AM,539675.7763,4806484.501
50975,20389061,2/19/2020 12:30:00 PM,2020,2,19,12,30,0,Wednesday,545516.0436,4804672.967,-80.437982,43.393561,Non intersection,2,P.D. only,Thru lane,unknown,unknown,Rear end,Unknown,Daylight,01 - Daylight,Municipal (excl. Twp. Rd.),No control,unknown,0,0,0,FALSE,FALSE,FALSE,Clear,,TRUE,Road 1: PIONEER DR; Road 2: BECHTEL DR KITCHENER; Vehicle #1     Make:      Model:      Colour:      Style: ; Vehicle #2     Make: DODG     Model: RPC     Colour: TAN     Style: CW,5/3/2021 10:38:40 AM,545516.0436,4804672.967
50976,20422202,6/12/2020 11:55:00 AM,2020,6,12,11,55,0,Friday,541723.9515,4810360.47,-80.48437,43.444992,Non intersection,2,P.D. only,Thru lane,unknown,unknown,SMV unattended vehicle,Unknown,Daylight,01 - Daylight,Municipal (excl. Twp. Rd.),No control,unknown,0,0,0,FALSE,FALSE,FALSE,Clear,,TRUE,Road 1: 156 CHURCH ST; Vehicle #1     Make:      Model:      Colour:      Style: ; Vehicle #2     Make: HYUN     Model: ESM     Colour: BLK     Style: 4D,5/13/2021 11:29:22 AM,541723.9515,4810360.47
50977,20446788,2/29/2020 8:30:00 AM,2020,2,29,8,30,0,Saturday,540436.721,4810020.897,-80.500302,43.442005,At/near private drive,2,P.D. only,Thru lane,unknown,unknown,Other,Unknown,Daylight,01 - Daylight,Municipal (excl. Twp. Rd.),No control,unknown,0,0,0,FALSE,FALSE,FALSE,Clear,,TRUE,Road 1: 69 BROCK ST; Vehicle #1     Make: MERZ     Model: ZFG     Colour: WHI     Style: 4D; Vehicle #2     Make: GMC     Model: SIE     Colour: WHI     Style: PK,5/3/2021 10:41:49 AM,540436.721,4810020.897
50978,20815360,1/8/2020 9:00:00 PM,2020,1,8,21,0,0,Wednesday,542746.2618,4812640.429,-80.471558,43.465463,Intersection related,2,P.D. only,Thru lane,unknown,unknown,Sideswipe,Unknown,Dark,07 - Dark,Regional municipality,Stop sign,unknown,0,0,0,FALSE,FALSE,FALSE,Clear,,TRUE,Road 1: WELLINGTON ST N (ON OVERPASS TO CONNESTOGA PKWY); Vehicle #1     Make:      Model:      Colour:      Style: ; Vehicle #2     Make: HYUN     Model: SGL     Colour: RED     Style: 4D,5/3/2021 10:39:38 AM,542746.2618,4812640.429
50979,20924191,11/12/2020 8:50:00 PM,2020,11,12,20,50,0,Thursday,542651.679,4816445.647,-80.472429,43.49973,Non intersection,2,Non-reportable,Thru lane,unknown,unknown,SMV unattended vehicle,Unknown,Dark,07 - Dark,Municipal (excl. Twp. Rd.),No control,unknown,0,0,0,FALSE,FALSE,FALSE,Clear,,TRUE,Road 1: 117 EAGLECREST ST; Vehicle #1     Make:      Model:      Colour:      Style: ; Vehicle #2     Make: VOLK     Model: GLF     Colour: GRY     Style: 4D,5/13/2021 11:51:47 AM,542651.679,4816445.647
50980,21000071,1/1/2021 1:32:00 AM,2021,1,1,1,32,0,Friday,540044.9614,4806709.662,-80.505386,43.412211,Non intersection,2,P.D. only,Right shoulder,unknown,unknown,SMV unattended vehicle,Unknown,Dark,07 - Dark,Municipal (excl. Twp. Rd.),No control,unknown,0,0,0,FALSE,FALSE,FALSE,Clear,,FALSE,Road 1: DINISON CRESCENT (40 km/h); Road 2: WILLIAMSBURG RD; Distance: 300.0 M E; Vehicle #1     Make: INFI     Model: G35     Colour: BLK     Style: 2D; Vehicle #2     Make: TOYT     Model: XLL     Colour: BRN     Style: 4D,12/20/2021 10:55:05 AM,540044.9613,4806709.662
50981,21000205,1/1/2021 8:11:00 AM,2021,1,1,8,11,0,Friday,539112.0346,4811656.138,-80.516554,43.456799,At intersection,1,Non-fatal injury,Within intersection,unknown,unknown,Angle,Unknown,Daylight,01 - Daylight,Municipal (excl. Twp. Rd.),unknown,Functioning,0,0,1,FALSE,FALSE,FALSE,Clear,,FALSE,Road 1: UNION BLVD (50 km/h); Road 2: PARK ST (50 km/h); Vehicle #1     Make: HOND     Model: CXG     Colour: SIL     Style: 4D; Vehicle #2     Make: TOYT     Model: VEN     Colour: WHI     Style: TY,12/20/2021 10:47:49 AM,539112.0346,4811656.139
50982,21000570,1/1/2021 7:58:00 PM,2021,1,1,19,58,0,Friday,538878.041,4807912.662,-80.519713,43.423105,At/near private drive,2,P.D. only,Not on roadway - right side,unknown,unknown,SMV other,Unknown,"Dark, artificial","08 - Dark, artificial",Municipal (excl. Twp. Rd.),No control,unknown,0,0,0,FALSE,FALSE,FALSE,Snow,,FALSE,Road 1: 15 MCGARRY DR (50 km/h); Road 2: MCGARRY DR; Distance: 10.0 K N; Charged Driver #1 on page 1: CCC 320.14SU (NA) (NA); Vehicle #1     Make: HYUN     Model: C2G     Colour: WHI     Style: 4B,12/20/2021 10:57:02 AM,538878.041,4807912.662
50983,21000613,1/1/2021 9:15:00 PM,2021,1,1,21,15,0,Friday,538842.1682,4807873.12,-80.520159,43.42275,At/near private drive,2,P.D. only,Thru lane,unknown,unknown,SMV unattended vehicle,Unknown,Dark,07 - Dark,Municipal (excl. Twp. Rd.),No control,unknown,1,0,0,FALSE,FALSE,FALSE,Freezing Rain,,FALSE,Road 1: 27 MCGARRY DR (50 km/h); Road 2: MCGARRY DR; Distance: 1.0 K W; Vehicle #1     Make: FORD     Model: EPR     Colour: BLU     Style: TY; Vehicle #2     Make: MERZ     Model: SPR     Colour: WHI     Style: FV,12/20/2021 10:55:03 AM,538842.1682,4807873.12
50984,21001068,1/2/2021 3:20:00 PM,2021,1,2,15,20,0,Saturday,539618.515,4811374.667,-80.510315,43.454238,Intersection related,2,P.D. only,Thru lane,unknown,unknown,Turning movement,Unknown,Daylight,01 - Daylight,Municipal (excl. Twp. Rd.),unknown,Functioning,0,0,0,FALSE,FALSE,FALSE,Clear,,TRUE,Road 1: PARK ST; Road 2: GLASGOW ST; Vehicle #1     Make: TOYT     Model: YAR     Colour: GRY     Style: 4B; Vehicle #2     Make: SUBA     Model: FOR     Colour: SIL     Style: TY,12/20/2021 10:47:37 AM,539618.515,4811374.667
50985,21001357,11/22/2020 9:50:00 AM,2020,11,22,9,50,0,Sunday,542112.2365,4803623.285,-80.480091,43.384308,Non intersection,2,P.D. only,Thru lane,unknown,unknown,Rear end,Unknown,Daylight,01 - Daylight,Municipal (excl. Twp. Rd.),No control,unknown,0,0,0,FALSE,FALSE,FALSE,Snow,,TRUE,Road 1: ROCHEFORT ST.; Road 2: MADELEINE ST; Vehicle #1     Make: DODG     Model: CAR     Colour: WHI     Style: VN; Vehicle #2     Make:      Model:      Colour:      Style:,5/13/2021 11:54:24 AM,542112.2365,4803623.285
50986,21001536,11/22/2020 5:15:00 PM,2020,11,22,17,15,0,Sunday,545099.2817,4804324.052,-80.443157,43.390444,Intersection related,2,P.D. only,Within intersection,unknown,unknown,Angle,Unknown,Dusk,05 - Dusk,Municipal (excl. Twp. Rd.),Stop sign,unknown,0,0,0,FALSE,FALSE,FALSE,Snow,,TRUE,Road 1: BECHTEL DR; Road 2: PATHFINDER CRESCENT; Vehicle #1     Make:      Model:      Colour:      Style: ; Vehicle #2     Make: VOLK     Model: TIG     Colour: BLK     Style: TY,5/13/2021 11:53:23 AM,545099.2817,4804324.052
50987,21001546,11/22/2020 2:30:00 PM,2020,11,22,14,30,0,Sunday,545760.7453,4803959.374,-80.43502,43.387121,At intersection,2,P.D. only,Within intersection,unknown,unknown,Rear end,Unknown,Daylight,01 - Daylight,Municipal (excl. Twp. Rd.),unknown,Functioning,0,0,0,FALSE,FALSE,FALSE,Snow,,TRUE,Road 1: DOON MILLS DR; Road 2: APPLE RIDGE DR DOON SOUTH KITCHENER; Distance:  S; Vehicle #1     Make: JAGU     Model: XER     Colour: WHI     Style: 4D; Vehicle #2     Make:      Model:      Colour:      Style:,5/13/2021 11:53:20 AM,545760.7453,4803959.374
50988,21004050,1/6/2021 4:14:00 PM,2021,1,6,16,14,0,Wednesday,539112.5103,4811656.141,-80.516548,43.456799,At intersection,1,Non-fatal injury,Within intersection,unknown,unknown,Angle,Unknown,Daylight,01 - Daylight,Municipal (excl. Twp. Rd.),unknown,Functioning,0,0,0,FALSE,FALSE,FALSE,Clear,,FALSE,Road 1: UNION BLVD (50 km/h); Road 2: PARK ST (50 km/h); Vehicle #1     Make: NISS     Model: VSA     Colour: BLU     Style: 4D; Vehicle #2     Make: TOYT     Model: CIE     Colour: BLU     Style: VN,12/20/2021 10:54:15 AM,539112.5103,4811656.141
50989,21004649,12/10/2020 7:20:00 AM,2020,12,10,7,20,0,Thursday,543135.5861,4806537.809,-80.467227,43.410492,Intersection related,2,P.D. only,Thru lane,unknown,unknown,Rear end,Unknown,Dawn,03 - Dawn,Municipal (excl. Twp. Rd.),Stop sign,Functioning,0,0,0,FALSE,FALSE,FALSE,Clear,,TRUE,Road 1: CENTURY HILL DR; Road 2: COUNTRY HILL DR; Vehicle #1     Make: FORD     Model: FSE     Colour: GRY     Style: 4D; Vehicle #2     Make: RAM     Model: RTR     Colour: WHI     Style: PK,5/13/2021 11:54:58 AM,543135.5861,4806537.809
50990,21004669,12/11/2020 10:35:00 AM,2020,12,11,10,35,0,Friday,539110.9371,4811656.691,-80.516568,43.456804,Intersection related,2,Non-reportable,Thru lane,unknown,unknown,Sideswipe,Unknown,Daylight,01 - Daylight,Municipal (excl. Twp. Rd.),Traffic signal,Functioning,0,0,0,FALSE,FALSE,FALSE,Clear,,TRUE,Road 1: PARK ST; Road 2: UNION BLVD; Distance: 100.0 M S; Vehicle #1     Make: CHEV     Model: ETV     Colour: MLT     Style: CB; Vehicle #2     Make:      Model:      Colour:      Style:,5/13/2021 11:53:10 AM,539110.9371,4811656.691
50991,21004786,11/6/2020 12:45:00 PM,2020,11,6,12,45,0,Friday,541904.1938,4812108.017,-80.482008,43.460717,Non intersection,2,Non-reportable,Thru lane,unknown,unknown,SMV unattended vehicle,Unknown,Daylight,01 - Daylight,Regional municipality,No control,unknown,0,0,0,FALSE,FALSE,FALSE,Clear,,TRUE,Road 1: 399 BREITHAUPT ST; Vehicle #1     Make:      Model:      Colour:      Style: ; Vehicle #2     Make: NISS     Model: VMT     Colour: GRY     Style: 4D,5/13/2021 11:54:22 AM,541904.1938,4812108.017
50992,21004858,12/29/2020 2:40:00 PM,2020,12,29,14,40,0,Tuesday,541314.4154,4811057.106,-80.489378,43.451287,At/near private drive,2,P.D. only,Thru lane,unknown,unknown,Other,Unknown,Daylight,01 - Daylight,Municipal (excl. Twp. Rd.),No control,unknown,0,0,0,FALSE,FALSE,FALSE,Clear,,TRUE,Road 1: 30 DUKE ST W; Vehicle #1     Make: FORD     Model: TST     Colour: WHI     Style: FV; Vehicle #2     Make: HYUN     Model: EGM     Colour: BRN     Style: 4D,5/13/2021 11:55:39 AM,541314.4154,4811057.106
50993,21004860,12/28/2020 7:45:00 PM,2020,12,28,19,45,0,Monday,547114.5141,4808354.953,-80.417928,43.426614,Non intersection,2,P.D. only,Thru lane,unknown,unknown,SMV unattended vehicle,Unknown,Dark,07 - Dark,Regional municipality,No control,unknown,0,0,0,FALSE,FALSE,FALSE,Snow,,TRUE,Road 1: 15 MANOR DR; Vehicle #1     Make: NISS     Model: FRT     Colour: BLK     Style: PK; Vehicle #2     Make: KIA     Model: SOU     Colour: BLU     Style: TY,5/13/2021 11:55:37 AM,547114.5141,4808354.953
50994,21005049,1/7/2021 7:45:00 PM,2021,1,7,19,45,0,Thursday,545598.5344,4804030.863,-80.437017,43.387774,Intersection related,2,P.D. only,Thru lane,unknown,unknown,Rear end,Unknown,Dark,07 - Dark,Municipal (excl. Twp. Rd.),unknown,Functioning,0,0,0,FALSE,FALSE,FALSE,Clear,,TRUE,Road 1: TILT DR; Road 2: DOON MILLS DR; Vehicle #1     Make: CHEV     Model: CZT     Colour: WHI     Style: 4D; Vehicle #2     Make: HOND     Model: PIL     Colour: BLK     Style: TY,12/20/2021 10:47:41 AM,545598.5344,4804030.863
50995,21005666,9/15/2020 4:20:00 PM,2020,9,15,16,20,0,Tuesday,541758.0927,4810557.075,-80.483933,43.44676,At/near private drive,2,Non-reportable,Thru lane,unknown,unknown,Other,Unknown,Daylight,01 - Daylight,Municipal (excl. Twp. Rd.),No control,unknown,0,0,0,FALSE,FALSE,FALSE,Clear,,TRUE,Road 1: CEDAR ST S (IFO 21); Road 2: CHARLES ST E; Distance: 10.0 M N; Vehicle #1     Make:      Model:      Colour:      Style: ; Vehicle #2     Make: FORD     Model: TST     Colour: WHI     Style: VN,5/13/2021 11:29:06 AM,541758.0927,4810557.075
50996,21006372,10/20/2020 3:30:00 PM,2020,10,20,15,30,0,Tuesday,543986.1874,4807778.997,-80.456622,43.421619,Intersection related,2,Non-reportable,Thru lane,unknown,unknown,Rear end,Unknown,Daylight,01 - Daylight,Municipal (excl. Twp. Rd.),unknown,Functioning,0,0,0,FALSE,FALSE,FALSE,Clear,,TRUE,Road 1: VANIER DR; Road 2: SIEBERT AVE; Vehicle #1     Make:      Model:      Colour:      Style: ; Vehicle #2     Make: TOYT     Model: YSE     Colour: GRY     Style: 4B,5/13/2021 11:27:47 AM,543986.1874,4807778.997
50997,21006466,1/9/2021 12:00:00 PM,2021,1,9,12,0,0,Saturday,545501.9884,4808976.044,-80.437797,43.432306,At/near private drive,2,P.D. only,Not on roadway - right side,unknown,unknown,SMV other,Unknown,Daylight,01 - Daylight,Municipal (excl. Twp. Rd.),No control,unknown,0,0,0,FALSE,FALSE,FALSE,Clear,,FALSE,Road 1: KINZIE AVE (50 km/h); Road 2: 58 KINZIE AVE; Distance: 3.0 M E; Vehicle #1     Make: HINO     Model: HIN     Colour: WHI     Style: CT,12/20/2021 10:49:19 AM,545501.9884,4808976.044
50998,21006559,1/9/2021 2:00:00 PM,2021,1,9,14,0,0,Saturday,540914.5348,4805850.531,-80.49471,43.404429,At/near private drive,2,P.D. only,Thru lane,unknown,unknown,SMV unattended vehicle,Unknown,Daylight,01 - Daylight,Regional municipality,No control,unknown,0,0,0,FALSE,FALSE,FALSE,Clear,,TRUE,Road 1: 267 ERINBROOK DR; Vehicle #1     Make: SUBA     Model: OBK     Colour: GRY     Style: TY; Vehicle #2     Make: HOND     Model: UCL     Colour: BLK     Style: 4D,12/20/2021 10:50:53 AM,540914.5348,4805850.531
50999,21006650,1/9/2021 3:40:00 PM,2021,1,9,15,40,0,Saturday,545681.1856,4808889.145,-80.435591,43.431513,At/near private drive,2,P.D. only,Right shoulder,unknown,unknown,SMV unattended vehicle,Unknown,Daylight,01 - Daylight,Municipal (excl. Twp. Rd.),No control,unknown,0,0,0,FALSE,FALSE,FALSE,Clear,,FALSE,Road 1: FLORENCE AVE (50 km/h); Road 2: 80 FLORENCE AVE; Distance: 3.0 M E; Vehicle #1     Make: PETE     Model:      Colour:      Style: ; Vehicle #2     Make: SUBA     Model: OBK     Colour: WHI     Style: TY,12/20/2021 10:50:24 AM,545681.1856,4808889.145
51000,21007256,1/3/2021 1:00:00 PM,2021,1,3,13,0,0,Sunday,545634.5447,4811941.213,-80.435912,43.458997,At/near private drive,2,P.D. only,Thru lane,unknown,unknown,SMV unattended vehicle,Unknown,Daylight,01 - Daylight,Municipal (excl. Twp. Rd.),No control,unknown,0,0,0,FALSE,FALSE,FALSE,Clear,,TRUE,Road 1: 108 OAKHURST CRESCENT; Vehicle #1     Make: CHRY     Model: PIF     Colour: WHI     Style: VN; Vehicle #2     Make: JEEP     Model: GCK     Colour: WHI     Style: TY,12/20/2021 10:48:48 AM,545634.5447,4811941.213
51001,21007368,1/2/2021 12:00:00 PM,2021,1,2,12,0,0,Saturday,545251.8008,4812770.028,-80.440574,43.466482,At/near private drive,2,P.D. only,Thru lane,unknown,unknown,Other,Unknown,Daylight,01 - Daylight,Municipal (excl. Twp. Rd.),No control,unknown,0,0,0,FALSE,FALSE,FALSE,Clear,,TRUE,Road 1: GEORGIAN CRESCENT (IFO 15); Road 2: GEORGIAN ST; Vehicle #1     Make: MERZ     Model: MS6     Colour: GRY     Style: TY; Vehicle #2     Make: HOND     Model: UDY     Colour: WHI     Style: TY,12/20/2021 10:48:50 AM,545251.8008,4812770.028
51002,21007410,1/7/2021 11:00:00 AM,2021,1,7,11,0,0,Thursday,542904.2068,4812717.232,-80.469599,43.466145,At intersection,2,P.D. only,Within intersection,unknown,unknown,Angle,Unknown,Daylight,01 - Daylight,Municipal (excl. Twp. Rd.),unknown,Functioning,0,0,0,FALSE,FALSE,FALSE,Clear,,TRUE,Road 1: WELLINGTON ST N; Road 2: CONESTOGA PKWY; Vehicle #1     Make: HOND     Model: UCL     Colour: BLK     Style: 4D; Vehicle #2     Make: HYUN     Model: ELA     Colour: GRY     Style: 4D,12/20/2021 10:49:46 AM,542904.2068,4812717.232
51003,21008299,1/11/2021 1:50:00 PM,2021,1,11,13,50,0,Monday,545302.2054,4812133.233,-80.440004,43.460746,Non intersection,2,Non-reportable,Thru lane,unknown,unknown,Sideswipe,Unknown,Daylight,01 - Daylight,Municipal (excl. Twp. Rd.),No control,unknown,0,0,0,FALSE,FALSE,FALSE,Snow,,TRUE,Road 1: LORRAINE AVE; Road 2: HERITAGE DR; Vehicle #1     Make: HOND     Model: ULS     Colour: WHI     Style: 4D; Vehicle #2     Make:      Model:      Colour:      Style:,12/20/2021 10:55:34 AM,545302.2054,4812133.234
51004,21008317,1/11/2021 3:59:00 PM,2021,1,11,15,59,0,Monday,544995.598,4811791.542,-80.443822,43.457688,Non intersection,2,P.D. only,Off highway,unknown,unknown,SMV other,Unknown,Daylight,01 - Daylight,Municipal (excl. Twp. Rd.),No control,unknown,0,0,0,FALSE,FALSE,FALSE,Clear,,FALSE,Road 1: 28 HUDSON COURT (50 km/h); Road 2: HUDSON CRT; Distance: 10.0 M S; Vehicle #1     Make: CONS     Model: UNK     Colour:      Style: ROT,12/20/2021 10:54:27 AM,544995.598,4811791.542
51005,21008409,12/8/2020 9:40:00 AM,2020,12,8,9,40,0,Tuesday,546054.9846,4802616.552,-80.431501,43.375012,Non intersection,2,Non-reportable,Thru lane,unknown,unknown,Sideswipe,Unknown,Daylight,01 - Daylight,Regional municipality,No control,unknown,0,0,0,FALSE,FALSE,FALSE,Clear,,TRUE,Road 1: 413 THOMAS SLEE DR; Vehicle #1     Make: FORD     Model: TST     Colour: WHI     Style: FV; Vehicle #2     Make:      Model:      Colour:      Style:,5/13/2021 11:55:32 AM,546054.9846,4802616.552
51006,21008486,12/14/2020 7:30:00 AM,2020,12,14,7,30,0,Monday,540121.8569,4806071.336,-80.504483,43.40646,Non intersection,2,Non-reportable,Thru lane,unknown,unknown,SMV unattended vehicle,Unknown,Dawn,03 - Dawn,Municipal (excl. Twp. Rd.),No control,unknown,0,0,0,FALSE,FALSE,FALSE,Clear,,TRUE,Road 1: COTTON GRASS ST; Road 2: COMMONWEALTH DR; Vehicle #1     Make:      Model:      Colour:      Style: ; Vehicle #2     Make: WSTR     Model: WB1     Colour: YEL     Style: DP,5/13/2021 11:57:45 AM,540121.8569,4806071.336