OBJECTID,ACCIDENTNUM,ACCIDENTDATE,ACCIDENT_YEAR,ACCIDENT_MONTH,ACCIDENT_DAY,ACCIDENT_HOUR,ACCIDENT_MINUTE,ACCIDENT_SECOND,ACCIDENT_WEEKDAY,XCOORD,YCOORD,LONGITUDE,LATITUDE,ACCIDENTLOCATION,COLLISIONTYPE,CLASSIFICATIONOFACCIDENT,IMPACTLOCATION,INITIALDIRECTIONOFTRAVELONE,INITIALDIRECTIONOFTRAVELTWO,INITIALIMPACTTYPE,INTTRAFFICCONTROL,LIGHT,LIGHTFORREPORT,ROADJURISDICTION,TRAFFICCONTROL,TRAFFICCONTROLCONDITION,THRULANENO,NORTHBOUNDDISOBEYCOUNT,SOUTHBOUNDDISOBEYCOUNT,PEDESTRIANINVOLVED,CYCLISTINVOLVED,MOTORCYCLISTINVOLVED,ENVIRONMENTCONDITION1,ENVIRONMENTCONDITION2,SELFREPORTED,XMLIMPORTNOTES,LASTEDITEDDATE,x,y
51007,21008503,1/1/2021 2:00:00 PM,2021,1,1,14,0,0,Friday,541244.6624,4806253.746,-80.490603,43.408041,Non intersection,2,Non-reportable,Thru lane,unknown,unknown,SMV unattended vehicle,Unknown,Daylight,01 - Daylight,Regional municipality,No control,unknown,0,0,0,FALSE,FALSE,FALSE,Clear,,TRUE,Road 1: 81 FOLKSTONE CRESCENT; Vehicle #1     Make: RAM     Model: RTR     Colour: GRY     Style: PK; Vehicle #2     Make: CHEV     Model: CAV     Colour: RED     Style: 4D,12/20/2021 10:55:07 AM,541244.6624,4806253.746
51008,21008962,1/12/2021 11:40:00 AM,2021,1,12,11,40,0,Tuesday,545245.3043,4803051.277,-80.441459,43.378975,Non intersection,2,P.D. only,Thru lane,unknown,unknown,Rear end,Unknown,Daylight,01 - Daylight,Regional municipality,No control,unknown,0,0,0,FALSE,FALSE,FALSE,Drifting Snow,,TRUE,Road 1: FOREST CREEK DR; Road 2: ROBERT FERRIE DR; Vehicle #1     Make: HYUN     Model: TUC     Colour: GRY     Style: TY; Vehicle #2     Make: TOYT     Model: RV4     Colour: RED     Style: TY,12/20/2021 10:50:50 AM,545245.3043,4803051.277
51009,21009062,1/5/2021 10:15:00 PM,2021,1,5,22,15,0,Tuesday,544036.0633,4802432.316,-80.456436,43.373474,Non intersection,2,P.D. only,Thru lane,unknown,unknown,SMV other,Unknown,Dark,07 - Dark,Municipal (excl. Twp. Rd.),No control,unknown,0,0,0,FALSE,FALSE,FALSE,Clear,,TRUE,Road 1: STAUFFER DR (IFO 500); Road 2: REIDEL DR; Distance: 40.0 M W; Vehicle #1     Make: HYUN     Model: SSE     Colour: WHI     Style: 4D,12/20/2021 10:52:50 AM,544036.0633,4802432.316
51010,21009068,12/26/2020 12:15:00 PM,2020,12,26,12,15,0,Saturday,539732.7606,4808902.188,-80.509083,43.43197,At/near private drive,2,Non-reportable,Thru lane,unknown,unknown,Other,Unknown,Daylight,01 - Daylight,Regional municipality,No control,unknown,0,0,0,FALSE,FALSE,FALSE,Snow,,TRUE,Road 1: 195 GATEWOOD RD; Vehicle #1     Make: VOLK     Model: CGD     Colour: BLU     Style: 4B; Vehicle #2     Make:      Model:      Colour:      Style:,5/13/2021 11:55:22 AM,539732.7606,4808902.188
51011,21009142,1/12/2021 3:51:00 PM,2021,1,12,15,51,0,Tuesday,540344.344,4812005.01,-80.501297,43.459875,Non intersection,2,P.D. only,Thru lane,unknown,unknown,SMV other,Unknown,Daylight,01 - Daylight,Municipal (excl. Twp. Rd.),No control,unknown,1,0,0,FALSE,FALSE,FALSE,Snow,,FALSE,Road 1: 514 DUKE ST W (50 km/h); Road 2: DUKE ST W; Distance: 1.0 M N; Vehicle #1     Make: BMW     Model: BX6     Colour: BLK     Style: TY,12/20/2021 10:55:52 AM,540344.344,4812005.01
51012,21009196,12/17/2020 6:10:00 AM,2020,12,17,6,10,0,Thursday,536790.7409,4808876.462,-80.545433,43.431888,Non intersection,2,P.D. only,Thru lane,unknown,unknown,Angle,Unknown,Dark,07 - Dark,Regional municipality,No control,unknown,0,0,0,FALSE,FALSE,FALSE,Snow,,TRUE,Road 1: 905 WOODHURST COURT; Vehicle #1     Make:      Model:      Colour:      Style: ; Vehicle #2     Make: DODG     Model: CHS     Colour: BLU     Style: 4D,5/13/2021 11:54:05 AM,536790.7409,4808876.462
51013,21009254,11/29/2020 1:30:00 PM,2020,11,29,13,30,0,Sunday,544553.9265,4810515.475,-80.449385,43.446224,Non intersection,2,P.D. only,Thru lane,unknown,unknown,Other,Unknown,Daylight,01 - Daylight,Regional municipality,No control,unknown,0,0,0,FALSE,FALSE,FALSE,Clear,,TRUE,Road 1: 445 FRANKLIN ST N; Vehicle #1     Make: CHEV     Model: SIL     Colour: RED     Style: PK; Vehicle #2     Make:      Model:      Colour:      Style:,5/13/2021 11:56:37 AM,544553.9265,4810515.475
51014,21009357,1/12/2021 8:25:00 PM,2021,1,12,20,25,0,Tuesday,544330.5249,4808468.035,-80.452312,43.427803,At intersection,2,P.D. only,Within intersection,unknown,unknown,Angle,Unknown,"Dark, artificial","08 - Dark, artificial",Municipal (excl. Twp. Rd.),unknown,Functioning,0,0,0,FALSE,FALSE,FALSE,Clear,,FALSE,Road 1: FRANKLIN ST S (50 km/h); Road 2: GREENFIELD AVE (50 km/h); Vehicle #1     Make: DODG     Model: CAR     Colour: RED     Style: VN; Vehicle #2     Make: FORD     Model: SPE     Colour: GRY     Style: TY,12/20/2021 10:47:52 AM,544330.5249,4808468.035
51015,21010447,1/14/2021 4:10:00 AM,2021,1,14,4,10,0,Thursday,543234.4044,4808715.807,-80.465834,43.430098,Non intersection,2,P.D. only,Not on roadway - right side,unknown,unknown,SMV other,Unknown,Dark,07 - Dark,Municipal (excl. Twp. Rd.),No control,unknown,0,0,0,FALSE,FALSE,FALSE,Clear,,FALSE,Road 1: 23 VANIER DR (50 km/h); Road 2: VANIER DR; Distance: 10.0 M S; Charged Driver #1 on page 1: HTA 4 (NA) (NA); Vehicle #1     Make: RAM     Model: RTR     Colour: GRY     Style: PK,2/11/2022 11:09:11 AM,543234.4044,4808715.807
51016,21010782,5/15/2021 6:53:00 PM,2021,5,15,18,53,0,Saturday,536817.1237,4808475.557,-80.545135,43.428277,Non intersection,2,P.D. only,Thru lane,unknown,unknown,SMV unattended vehicle,Unknown,Daylight,01 - Daylight,Municipal (excl. Twp. Rd.),No control,unknown,1,0,0,FALSE,FALSE,FALSE,Clear,,FALSE,Road 1: WESTMEADOW DR (50 km/h); Road 2: WESTFOREST TRAIL; Distance: 2.0 M E; Vehicle #1     Make: FORD     Model: COF     Colour: BLU     Style: PK; Vehicle #2     Make: TOYT     Model: RV4     Colour: GRY     Style: TY,2/11/2022 11:13:26 AM,536817.1236,4808475.557
51017,21011621,5/24/2021 10:47:00 PM,2021,5,24,22,47,0,Monday,545275.2634,4806435.011,-80.440809,43.409441,At intersection,1,Non-fatal injury,Within intersection,unknown,unknown,Angle,Stop sign,Dark,07 - Dark,Regional municipality,Stop sign,Functioning,0,0,0,FALSE,FALSE,FALSE,Clear,,FALSE,Road 1: WABANAKI DR (50 km/h); Road 2: WILSON AVE (50 km/h); Charged Driver #1 on page 1: HTA 142 (NA) (NA); Vehicle #1     Make: HYUN     Model: ESM     Colour: BLU     Style: 4D; Vehicle #2     Make: HYUN     Model: AGS     Colour: RED     Style: 4B,2/11/2022 11:17:10 AM,545275.2634,4806435.011
51018,21012521,6/4/2021 5:42:00 PM,2021,6,4,17,42,0,Friday,542555.6674,4812548.624,-80.473921,43.464647,Intersection related,1,Non-fatal injury,Thru lane,unknown,unknown,Angle,Unknown,Daylight,01 - Daylight,Regional municipality,unknown,Functioning,1,0,0,FALSE,FALSE,FALSE,Clear,,FALSE,Road 1: WELLINGTON ST N (50 km/h); Road 2: HIGHWAY 85 (50 km/h); Charged Driver #1 on page 1: HTA 144 (NA) (NA); Vehicle #1     Make: HOND     Model: UDY     Colour: GRY     Style: TY; Vehicle #2     Make: HOND     Model: AXL     Colour: WHI     Style: 4D,8/16/2022 3:05:39 PM,542555.6674,4812548.624
51019,21012642,1/16/2021 8:18:00 PM,2021,1,16,20,18,0,Saturday,543082.3919,4810049.698,-80.467607,43.442117,Intersection related,2,P.D. only,Not on roadway - right side,unknown,unknown,SMV other,Unknown,Dark,07 - Dark,Municipal (excl. Twp. Rd.),unknown,Functioning,0,0,0,FALSE,FALSE,FALSE,Clear,,FALSE,Road 1: ROSEDALE AVE (50 km/h); Road 2: SYDNEY ST N (50 km/h); Charged Driver #1 on page 1: NA NA (NA) (NA); Vehicle #1     Make: SUBA     Model: IR4     Colour: GRY     Style: 4W,12/20/2021 10:56:51 AM,543082.3919,4810049.698
51020,21013112,1/17/2021 1:25:00 PM,2021,1,17,13,25,0,Sunday,539946.146,4808510.636,-80.506475,43.428433,At/near private drive,2,P.D. only,Off highway,unknown,unknown,SMV other,Unknown,Daylight,01 - Daylight,Municipal (excl. Twp. Rd.),No control,unknown,0,0,0,FALSE,FALSE,FALSE,Clear,,FALSE,Road 1: 258 GREENBROOK DR (50 km/h); Road 2: GREENBROOK DR; Distance: 10.0 M N; Vehicle #1     Make: KIA     Model: SEV     Colour: BLK     Style: TY,12/20/2021 10:55:37 AM,539946.146,4808510.636
51021,21013360,1/18/2022 11:24:00 AM,2022,1,18,11,24,0,Tuesday,545861.8611,4808691.208,-80.433375,43.42972,Intersection related,1,Non-fatal injury,Within intersection,unknown,unknown,Angle,Unknown,Daylight,01 - Daylight,Municipal (excl. Twp. Rd.),Stop sign,Functioning,0,0,0,FALSE,FALSE,FALSE,Clear,,FALSE,Road 1: MORGAN AVE (50 km/h); Road 2: CENTREVILLE ST (50 km/h); Distance: 5.0 M E; Charged Driver #1 on page 1: NA NA (NA) (NA); Vehicle #1     Make: HINO     Model: HIN     Colour: PLE     Style: CT; Vehicle #2     Make: HOND     Model: UDY     Colour: S,12/22/2022 9:37:12 AM,545861.8611,4808691.208
51022,21015484,1/15/2021 2:00:00 PM,2021,1,15,14,0,0,Friday,545648.2339,4809093.945,-80.435981,43.433359,Non intersection,2,P.D. only,Thru lane,unknown,unknown,Other,Unknown,Daylight,01 - Daylight,Municipal (excl. Twp. Rd.),No control,unknown,0,0,0,FALSE,FALSE,FALSE,Clear,,TRUE,Road 1: KINZIE AVE; Road 2: WALKER ST; Vehicle #1     Make: FORD     Model: FE     Colour: GRY     Style: 4D; Vehicle #2     Make: MITS     Model: COT     Colour: WHI     Style: TY,12/20/2021 10:51:18 AM,545648.2339,4809093.945
51023,21015603,1/20/2021 4:18:00 PM,2021,1,20,16,18,0,Wednesday,545967.9195,4809262.996,-80.432017,43.434862,At/near private drive,2,Non-reportable,Off highway,unknown,unknown,SMV unattended vehicle,Unknown,Daylight,01 - Daylight,Municipal (excl. Twp. Rd.),No control,unknown,0,0,0,FALSE,FALSE,FALSE,Clear,,TRUE,Road 1: 119 THALER AVE (IFO); Vehicle #1     Make:      Model:      Colour:      Style: ; Vehicle #2     Make: CHEV     Model: CZT     Colour: GRY     Style: 4D,12/20/2021 10:48:35 AM,545967.9195,4809262.996
51024,21015609,1/9/2021 4:30:00 PM,2021,1,9,16,30,0,Saturday,546328.7653,4812264.27,-80.427303,43.461863,At/near private drive,2,Non-reportable,Thru lane,unknown,unknown,SMV unattended vehicle,Unknown,Daylight,01 - Daylight,Municipal (excl. Twp. Rd.),No control,unknown,0,0,0,FALSE,FALSE,FALSE,Clear,,TRUE,Road 1: MISTY COURT (IFO 203); Vehicle #1     Make: TOYT     Model: TUN     Colour: GRY     Style: CW; Vehicle #2     Make: GMC     Model: TER     Colour: GRY     Style: TY,12/20/2021 10:48:53 AM,546328.7653,4812264.27
51025,21016318,10/12/2020 4:30:00 PM,2020,10,12,16,30,0,Monday,541979.4946,4812825.913,-80.481022,43.467176,Non intersection,2,Non-reportable,Thru lane,unknown,unknown,SMV unattended vehicle,Unknown,Daylight,01 - Daylight,Municipal (excl. Twp. Rd.),No control,unknown,0,0,0,FALSE,FALSE,FALSE,Clear,,TRUE,Road 1: 25 BIRCH AVE (ON THE ROADWAY); Vehicle #1     Make: SUBA     Model: XVC     Colour: SIL     Style: TY; Vehicle #2     Make: DODG     Model: RPC     Colour: GRY     Style: CW,5/13/2021 11:56:43 AM,541979.4946,4812825.913
51026,21016362,10/3/2020 10:30:00 PM,2020,10,3,22,30,0,Saturday,541057.7185,4811034.03,-80.492552,43.451093,At intersection,2,Non-reportable,Within intersection,unknown,unknown,Rear end,Unknown,Dark,07 - Dark,Regional municipality,Traffic signal,Functioning,0,0,0,FALSE,FALSE,FALSE,Clear,,TRUE,Road 1: KING ST W; Road 2: GAUKEL ST; Vehicle #1     Make:      Model:      Colour:      Style: ; Vehicle #2     Make: CHEV     Model: EQU     Colour: BLU     Style: TY,5/13/2021 11:50:46 AM,541057.7185,4811034.03
51027,21016374,10/10/2020 2:00:00 PM,2020,10,10,14,0,0,Saturday,543544.4217,4809126.05,-80.461971,43.433773,Non intersection,2,Non-reportable,Thru lane,unknown,unknown,SMV unattended vehicle,Unknown,Daylight,01 - Daylight,Municipal (excl. Twp. Rd.),No control,unknown,0,0,0,FALSE,FALSE,FALSE,Clear,,TRUE,Road 1: 70 CORNELL AVE (ON ROADWAY IN FRONT OF 70); Vehicle #1     Make:      Model:      Colour:      Style: ; Vehicle #2     Make: MAZD     Model: MA5     Colour: BLK     Style: 4B,5/13/2021 11:56:39 AM,543544.4217,4809126.05
51028,21016518,10/2/2020 8:30:00 PM,2020,10,2,20,30,0,Friday,539065.5906,4806661.77,-80.517486,43.411832,At/near private drive,2,Non-reportable,Thru lane,unknown,unknown,SMV unattended vehicle,Unknown,Dark,07 - Dark,Municipal (excl. Twp. Rd.),No control,unknown,0,0,0,FALSE,FALSE,FALSE,Clear,,TRUE,Road 1: 30 WATERCRESS COURT; Vehicle #1     Make:      Model:      Colour:      Style: ; Vehicle #2     Make: TOYT     Model: PRI     Colour: BLK     Style: 4B,5/13/2021 11:56:41 AM,539065.5906,4806661.771
51029,21017113,9/22/2020 3:30:00 PM,2020,9,22,15,30,0,Tuesday,542506.9345,4806170.15,-80.47502,43.407218,Non intersection,2,Non-reportable,Thru lane,unknown,unknown,Rear end,Unknown,Daylight,01 - Daylight,Regional municipality,No control,unknown,0,0,0,FALSE,FALSE,FALSE,Clear,,TRUE,Road 1: 975 STRASBURG RD; Vehicle #1     Make:      Model:      Colour:      Style: ; Vehicle #2     Make: FORD     Model: COF     Colour: RED     Style: PK,5/13/2021 11:36:45 AM,542506.9345,4806170.15
51030,21017316,9/13/2020 4:00:00 PM,2020,9,13,16,0,0,Sunday,543244.3689,4806681.35,-80.465872,43.411779,Non intersection,2,Non-reportable,Thru lane,unknown,unknown,SMV unattended vehicle,Unknown,Daylight,01 - Daylight,Municipal (excl. Twp. Rd.),No control,unknown,0,0,0,FALSE,FALSE,FALSE,Clear,,TRUE,Road 1: 14 MARTINGLEN CRESCENT (ON THE ROADWAY); Vehicle #1     Make:      Model:      Colour:      Style: ; Vehicle #2     Make: DODG     Model: AVN     Colour: BLU     Style: 4D,5/13/2021 11:24:58 AM,543244.3689,4806681.35
51031,21020204,1/26/2021 1:20:00 PM,2021,1,26,13,20,0,Tuesday,543984.9184,4809244.752,-80.456519,43.434816,Non intersection,2,P.D. only,Thru lane,unknown,unknown,Angle,Unknown,Daylight,01 - Daylight,Municipal (excl. Twp. Rd.),No control,unknown,0,0,0,FALSE,FALSE,FALSE,Snow,,TRUE,Road 1: FIRST AVE; Road 2: KINGSWAY DR; Vehicle #1     Make: MAZD     Model: 3GT     Colour: WHI     Style: 4D; Vehicle #2     Make: DODG     Model: JOU     Colour: SIL     Style: TY,12/20/2021 10:55:15 AM,543984.9184,4809244.752
51032,21020354,1/26/2021 5:00:00 PM,2021,1,26,17,0,0,Tuesday,538843.3634,4809022.341,-80.520063,43.433098,At/near private drive,2,P.D. only,Thru lane,unknown,unknown,SMV unattended vehicle,Unknown,Dusk,05 - Dusk,Municipal (excl. Twp. Rd.),No control,unknown,0,0,0,FALSE,FALSE,FALSE,Snow,,TRUE,Road 1: 97 RALGREEN CRESCENT; Vehicle #1     Make: FORD     Model: RNG     Colour: WHI     Style: FV; Vehicle #2     Make: KIA     Model: ROL     Colour: RED     Style: 4W,12/20/2021 10:55:41 AM,538843.3634,4809022.341
51033,21021712,1/25/2021 8:55:00 AM,2021,1,25,8,55,0,Monday,543388.3372,4810029.657,-80.463828,43.441919,At/near private drive,2,P.D. only,Thru lane,unknown,unknown,Rear end,Unknown,Daylight,01 - Daylight,Municipal (excl. Twp. Rd.),No control,unknown,0,0,0,FALSE,FALSE,FALSE,Clear,,TRUE,Road 1: 22 RAYMOND RD; Vehicle #1     Make: FORD     Model: CTV     Colour: WHI     Style: BU; Vehicle #2     Make: BMW     Model: C3I     Colour: GRY     Style: 4D,12/20/2021 10:52:59 AM,543388.3372,4810029.657
51034,21021754,1/21/2021 11:50:00 AM,2021,1,21,11,50,0,Thursday,546608.1035,4809835.638,-80.424058,43.439978,Non intersection,2,Non-reportable,Thru lane,unknown,unknown,SMV unattended vehicle,Unknown,Daylight,01 - Daylight,Municipal (excl. Twp. Rd.),No control,unknown,0,0,0,FALSE,FALSE,FALSE,Snow,,TRUE,Road 1: 3 LYNN COURT (ON THE ROADWAY); Vehicle #1     Make: MAZD     Model: CX5     Colour: BLK     Style: TY; Vehicle #2     Make: TOYT     Model: MTL     Colour: GRY     Style: 4D,12/20/2021 10:52:52 AM,546608.1035,4809835.638
51035,21021912,1/28/2021 4:30:00 PM,2021,1,28,16,30,0,Thursday,539815.0955,4805988.863,-80.508278,43.405733,Intersection related,2,P.D. only,Thru lane,unknown,unknown,Rear end,Unknown,Daylight,01 - Daylight,Municipal (excl. Twp. Rd.),unknown,Functioning,0,0,0,FALSE,FALSE,FALSE,Clear,,TRUE,Road 1: COPPER LEAF ST; Road 2: ACTIVA; Vehicle #1     Make: MAZD     Model: 3TR     Colour: SIL     Style: 4B; Vehicle #2     Make: KIA     Model: FNG     Colour: RED     Style: 4D,12/20/2021 10:54:18 AM,539815.0955,4805988.863
51036,21021918,9/22/2021 12:01:00 AM,2021,9,22,0,1,0,Wednesday,541876.0414,4811808.96,-80.482379,43.458026,At intersection,2,P.D. only,Within intersection,unknown,unknown,Angle,Unknown,Dark,07 - Dark,Municipal (excl. Twp. Rd.),unknown,Functioning,0,0,0,FALSE,FALSE,FALSE,Rain,,FALSE,Road 1: LANCASTER ST E (40 km/h); Road 2: QUEEN ST N (40 km/h); Charged Driver #1 on page 1: HTA 139 (NA) (NA); Vehicle #1     Make: ACUR     Model: 32T     Colour: BLK     Style: 4D; Vehicle #2     Make: TOYT     Model: SIE     Colour: GRY     Style: VN,1/3/2023 10:18:31 AM,541876.0413,4811808.96
51037,21022603,9/3/2020 11:30:00 AM,2020,9,3,11,30,0,Thursday,541804.2928,4803871.895,-80.483873,43.386564,Non intersection,2,Non-reportable,Thru lane,unknown,unknown,SMV unattended vehicle,Unknown,Daylight,01 - Daylight,Municipal (excl. Twp. Rd.),No control,unknown,0,0,0,FALSE,FALSE,FALSE,Clear,,TRUE,Road 1: WOODBINE CT (CONSTRUCTION ZONE); Road 2: WOODBINE AVE; Vehicle #1     Make: HINO     Model: HIN     Colour: WHI     Style: CT; Vehicle #2     Make: OLDS     Model: AGX     Colour: GRY     Style: 4D,5/13/2021 11:26:14 AM,541804.2928,4803871.895
51038,21023413,9/3/2020 8:00:00 PM,2020,9,3,20,0,0,Thursday,539613.2306,4805518.197,-80.510805,43.401506,At/near private drive,2,Non-reportable,Thru lane,unknown,unknown,SMV unattended vehicle,Unknown,Dark,07 - Dark,Municipal (excl. Twp. Rd.),No control,unknown,0,0,0,FALSE,FALSE,FALSE,Clear,,TRUE,Road 1: 74 SWEET WILLIAM ST (IN FRONT OF 74 SWEET WILLIAM); Vehicle #1     Make:      Model:      Colour:      Style: ; Vehicle #2     Make: NISS     Model: ROG     Colour: BLK     Style: TY,5/13/2021 11:26:18 AM,539613.2306,4805518.197
51039,21023432,9/2/2020 3:30:00 PM,2020,9,2,15,30,0,Wednesday,541126.4271,4811100.667,-80.491698,43.45169,Non intersection,2,Non-reportable,Thru lane,unknown,unknown,SMV unattended vehicle,Unknown,Daylight,01 - Daylight,Municipal (excl. Twp. Rd.),No control,unknown,0,0,0,FALSE,FALSE,FALSE,Clear,,TRUE,Road 1: YOUNG ST; Road 2: DUKE ST W; Vehicle #1     Make: RAM     Model: RPR     Colour: WHI     Style: FV; Vehicle #2     Make: VOLK     Model: TO2     Colour: GRN     Style: TY,5/13/2021 11:27:12 AM,541126.4271,4811100.667
51040,21023463,4/19/2020 4:56:00 PM,2020,4,19,16,56,0,Sunday,544264.4348,4807791.884,-80.453183,43.421718,At/near private drive,2,Non-reportable,Thru lane,unknown,unknown,SMV unattended vehicle,Unknown,Daylight,01 - Daylight,Municipal (excl. Twp. Rd.),No control,unknown,0,0,0,FALSE,FALSE,FALSE,Clear,,TRUE,Road 1: REYBURN AVE (IFO 78); Vehicle #1     Make:      Model:      Colour:      Style: ; Vehicle #2     Make: SUBA     Model: BLB     Colour: BLU     Style: 2D,5/13/2021 11:35:15 AM,544264.4348,4807791.884
51041,21023534,1/27/2021 3:30:00 AM,2021,1,27,3,30,0,Wednesday,548203.7017,4806873.71,-80.404603,43.413208,Non intersection,2,Non-reportable,Thru lane,unknown,unknown,SMV other,Unknown,Dark,07 - Dark,Municipal (excl. Twp. Rd.),No control,unknown,0,0,0,FALSE,FALSE,FALSE,Clear,,TRUE,Road 1: GRAND HILL DR; Road 2: THE CRESTWAY; Vehicle #1     Make: TOYT     Model: MTL     Colour: RED     Style: 4D,12/20/2021 10:56:07 AM,548203.7017,4806873.71
51042,21024195,10/17/2021 9:00:00 PM,2021,10,17,21,0,0,Sunday,539705.8598,4805445.601,-80.509666,43.400848,At/near private drive,2,P.D. only,Thru lane,unknown,unknown,SMV unattended vehicle,Unknown,Dark,07 - Dark,Municipal (excl. Twp. Rd.),No control,unknown,1,0,0,FALSE,FALSE,FALSE,Rain,,FALSE,Road 1: 14 PERIWINKLE ST (50 km/h); Road 2: PERIWINKLE ST; Distance: 5.0 M N; Vehicle #1     Make: DODG     Model: CCX     Colour: BLK     Style: 4D; Vehicle #2     Make: TOYT     Model: RG4     Colour: GRY     Style: TY,4/22/2022 2:26:55 PM,539705.8598,4805445.601
51043,21024402,10/20/2021 11:52:00 AM,2021,10,20,11,52,0,Wednesday,541424.289,4811534.7,-80.487984,43.455581,At intersection,2,P.D. only,Right turn lane,unknown,unknown,SMV other,Unknown,Daylight,01 - Daylight,Municipal (excl. Twp. Rd.),unknown,Functioning,0,0,0,FALSE,FALSE,FALSE,Rain,,FALSE,Road 1: MARGARET AVE (50 km/h); Road 2: MAYNARD AVE (50 km/h); Vehicle #1     Make: KIA     Model: RI5     Colour: GRY     Style: 4B,4/22/2022 2:26:13 PM,541424.289,4811534.7
51044,21025185,2/1/2021 8:00:00 PM,2021,2,1,20,0,0,Monday,540172.5876,4809415.167,-80.503611,43.436565,Intersection related,2,P.D. only,Thru lane,unknown,unknown,Sideswipe,Unknown,Dark,07 - Dark,Municipal (excl. Twp. Rd.),unknown,Functioning,0,0,0,FALSE,FALSE,FALSE,Clear,,TRUE,Road 1: QUEENS BLVD; Road 2: BELMONT AVE E; Vehicle #1     Make: MAZD     Model: M6I     Colour: SIL     Style: 4D; Vehicle #2     Make: JEEP     Model: CHK     Colour: RED     Style: TY,12/20/2021 10:52:34 AM,540172.5876,4809415.167
51045,21025743,2/2/2021 12:00:00 PM,2021,2,2,12,0,0,Tuesday,542303.8696,4803942.829,-80.4777,43.387174,Non intersection,2,Non-reportable,Thru lane,unknown,unknown,SMV unattended vehicle,Unknown,Daylight,01 - Daylight,Municipal (excl. Twp. Rd.),No control,Not applicable,0,0,0,FALSE,FALSE,FALSE,Clear,,TRUE,Road 1: 196 MAITLAND ST; Vehicle #1     Make:      Model:      Colour:      Style: ; Vehicle #2     Make: JEEP     Model: CMP     Colour: BLK     Style: TY,12/20/2021 10:51:21 AM,542303.8696,4803942.829
51046,21025860,2/2/2021 4:18:00 PM,2021,2,2,16,18,0,Tuesday,546749.1054,4811093.796,-80.422208,43.451298,At/near private drive,2,P.D. only,Thru lane,unknown,unknown,Sideswipe,Unknown,Daylight,01 - Daylight,Municipal (excl. Twp. Rd.),No control,unknown,1,0,0,FALSE,FALSE,FALSE,Clear,,FALSE,Road 1: 46 ZELLER DR (50 km/h); Road 2: ZELLER DR; Distance: 6.0 M S; Vehicle #1     Make: PETE     Model:      Colour:      Style: ; Vehicle #2     Make: NISS     Model: ATL     Colour: GRY     Style: 4D,12/20/2021 10:53:29 AM,546749.1054,4811093.796
51047,21026361,2/3/2021 9:43:00 AM,2021,2,3,9,43,0,Wednesday,541059.453,4809626.66,-80.492637,43.438421,Non intersection,1,Non-fatal injury,Not on roadway - left side,unknown,unknown,SMV other,Unknown,Daylight,01 - Daylight,Regional municipality,No control,unknown,0,0,0,FALSE,FALSE,FALSE,Clear,,FALSE,Road 1: 174 HIGHLAND RD E (50 km/h); Road 2: HIGHLAND RD E; Distance: 20.0 M W; Charged Driver #1 on page 1: HTA 320.16 (NA) (NA); Vehicle #1     Make: GMC     Model: YUK     Colour: GRY     Style: TY,1/3/2023 10:10:48 AM,541059.453,4809626.66
51048,21026616,2/3/2021 3:04:00 PM,2021,2,3,15,4,0,Wednesday,541142.6927,4806764.346,-80.491824,43.412644,At intersection,2,P.D. only,Thru lane,unknown,unknown,Rear end,Unknown,Daylight,01 - Daylight,Regional municipality,unknown,unknown,0,0,0,FALSE,FALSE,FALSE,Clear,,TRUE,Road 1: STRASBURG RD; Road 2: BLOCK LINE RD COUNTRY HILLS WEST KITCHENER; Vehicle #1     Make: HYUN     Model: SFT     Colour: SIL     Style: TY; Vehicle #2     Make: JEEP     Model: GCK     Colour: BLK     Style: TY,12/20/2021 10:52:13 AM,541142.6927,4806764.346
51049,21026930,2/3/2021 11:42:00 PM,2021,2,3,23,42,0,Wednesday,544610.5071,4809092.409,-80.448802,43.433408,At intersection,2,P.D. only,Within intersection,unknown,unknown,Turning movement,Unknown,Dark,07 - Dark,Municipal (excl. Twp. Rd.),unknown,Functioning,0,0,0,FALSE,FALSE,FALSE,Clear,,FALSE,Road 1: FRANKLIN ST S (50 km/h); Road 2: KINGSWAY DR (50 km/h); Distance: 7.0 M W; Vehicle #1     Make: HYUN     Model: HEL     Colour: RED     Style: 4D; Vehicle #2     Make: HOND     Model: UAX     Colour: BLU     Style: 2D,12/20/2021 10:52:43 AM,544610.5071,4809092.409
51050,21027225,2/2/2021 7:00:00 AM,2021,2,2,7,0,0,Tuesday,538960.5935,4805626.167,-80.518856,43.402513,At/near private drive,2,Non-reportable,Off highway,unknown,unknown,SMV unattended vehicle,Unknown,Dawn,03 - Dawn,Municipal (excl. Twp. Rd.),No control,unknown,0,0,0,FALSE,FALSE,FALSE,Clear,,TRUE,Road 1: 5 SNOWDROP CRESCENT (IN DRIVEWAY); Vehicle #1     Make:      Model:      Colour:      Style: ; Vehicle #2     Make: HOND     Model: UDY     Colour: PLE     Style: TY,12/20/2021 10:51:23 AM,538960.5935,4805626.167