OBJECTID,ACCIDENTNUM,ACCIDENTDATE,ACCIDENT_YEAR,ACCIDENT_MONTH,ACCIDENT_DAY,ACCIDENT_HOUR,ACCIDENT_MINUTE,ACCIDENT_SECOND,ACCIDENT_WEEKDAY,XCOORD,YCOORD,LONGITUDE,LATITUDE,ACCIDENTLOCATION,COLLISIONTYPE,CLASSIFICATIONOFACCIDENT,IMPACTLOCATION,INITIALDIRECTIONOFTRAVELONE,INITIALDIRECTIONOFTRAVELTWO,INITIALIMPACTTYPE,INTTRAFFICCONTROL,LIGHT,LIGHTFORREPORT,ROADJURISDICTION,TRAFFICCONTROL,TRAFFICCONTROLCONDITION,THRULANENO,NORTHBOUNDDISOBEYCOUNT,SOUTHBOUNDDISOBEYCOUNT,PEDESTRIANINVOLVED,CYCLISTINVOLVED,MOTORCYCLISTINVOLVED,ENVIRONMENTCONDITION1,ENVIRONMENTCONDITION2,SELFREPORTED,XMLIMPORTNOTES,LASTEDITEDDATE,x,y
51094,21040617,2/22/2021 6:40:00 AM,2021,2,22,6,40,0,Monday,540402.4182,4809556.729,-80.50076,43.437827,Intersection related,2,P.D. only,Within intersection,unknown,unknown,Rear end,Unknown,Dawn,03 - Dawn,Municipal (excl. Twp. Rd.),unknown,Functioning,0,0,0,FALSE,FALSE,FALSE,Snow,,TRUE,Road 1: QUEEN'S BLVD; Road 2: PLEASANT AVE; Vehicle #1     Make: FORD     Model: COF     Colour: BLU     Style: CW; Vehicle #2     Make: FORD     Model: SPE     Colour: BLK     Style: TY,12/20/2021 10:52:16 AM,540402.4182,4809556.729
51095,21040691,2/17/2021 8:17:00 AM,2021,2,17,8,17,0,Wednesday,540211.9792,4805494.986,-80.503412,43.401265,Non intersection,2,P.D. only,Thru lane,unknown,unknown,SMV unattended vehicle,Unknown,Daylight,01 - Daylight,Regional municipality,No control,unknown,0,0,0,FALSE,FALSE,FALSE,Clear,,TRUE,Road 1: 547 COMMONWEALTH CRESCENT; Vehicle #1     Make: FORD     Model: CTV     Colour: WHI     Style: BU; Vehicle #2     Make: TOYT     Model: HIG     Colour: WHI     Style: TY,12/20/2021 10:53:17 AM,540211.9792,4805494.986
51096,21040807,2/22/2021 12:00:00 PM,2021,2,22,12,0,0,Monday,545293.126,4804714.319,-80.440731,43.393946,At/near private drive,2,P.D. only,Thru lane,unknown,unknown,SMV unattended vehicle,Unknown,Daylight,01 - Daylight,Municipal (excl. Twp. Rd.),No control,unknown,0,0,0,FALSE,FALSE,FALSE,Clear,,TRUE,Road 1: PIONEER DR (IFO 283); Road 2: DOON VILLAGE RD; Vehicle #1     Make: NISS     Model: ROG     Colour: SIL     Style: TY; Vehicle #2     Make: FORD     Model: TST     Colour: WHI     Style: FV,12/20/2021 10:53:50 AM,545293.126,4804714.319
51097,21040870,2/19/2021 3:30:00 PM,2021,2,19,15,30,0,Friday,542462.1754,4807561.751,-80.475465,43.419751,Non intersection,2,Non-reportable,Thru lane,unknown,unknown,SMV unattended vehicle,Unknown,Daylight,01 - Daylight,Municipal (excl. Twp. Rd.),No control,unknown,0,0,0,FALSE,FALSE,FALSE,Clear,,TRUE,Road 1: GRACEFIELD CRESCENT; Road 2: KINGSWOOD DR; Vehicle #1     Make: INTE     Model: PB1     Colour: YEL     Style: BU; Vehicle #2     Make: HYUN     Model: SAN     Colour: GRY     Style: TY,12/20/2021 10:49:02 AM,542462.1754,4807561.751
51098,21041055,2/5/2021 5:30:00 PM,2021,2,5,17,30,0,Friday,543664.0936,4804889.5,-80.460831,43.39562,Intersection related,2,P.D. only,Thru lane,unknown,unknown,Rear end,Unknown,Dark,07 - Dark,Municipal (excl. Twp. Rd.),unknown,unknown,0,0,0,FALSE,FALSE,FALSE,Snow,,TRUE,Road 1: OLD HURON RD; Road 2: HURON RD; Vehicle #1     Make: FORD     Model: FSE     Colour: RED     Style: 4D; Vehicle #2     Make: GMC     Model: SIE     Colour: RED     Style: PK,12/20/2021 10:50:05 AM,543664.0936,4804889.5
51099,21041061,2/5/2021 3:00:00 PM,2021,2,5,15,0,0,Friday,545528.5551,4812078.422,-80.43721,43.460238,Non intersection,2,P.D. only,Thru lane,unknown,unknown,SMV unattended vehicle,Unknown,Daylight,01 - Daylight,Municipal (excl. Twp. Rd.),No control,unknown,0,0,0,FALSE,FALSE,FALSE,Clear,,TRUE,Road 1: 60 OAKHURST CRESCENT (ON THE ROADWAY); Vehicle #1     Make: FORD     Model: COF     Colour: BLU     Style: PK; Vehicle #2     Make: MAZD     Model: 3TR     Colour: RED     Style: 4B,12/20/2021 10:51:31 AM,545528.5551,4812078.422
51100,21041443,2/23/2021 9:00:00 AM,2021,2,23,9,0,0,Tuesday,540335.7062,4805514.671,-80.501883,43.401436,Intersection related,2,Non-reportable,Thru lane,unknown,unknown,Sideswipe,Unknown,Daylight,01 - Daylight,Municipal (excl. Twp. Rd.),unknown,unknown,0,0,0,FALSE,FALSE,FALSE,Clear,,TRUE,Road 1: COMMONWEALTH ST; Road 2: COMMONWEALTH CRESCENT; Vehicle #1     Make: FORD     Model: CTV     Colour: WHI     Style: BU; Vehicle #2     Make:      Model:      Colour:      Style:,12/20/2021 10:47:55 AM,540335.7062,4805514.671
51101,21042218,2/16/2021 8:30:00 AM,2021,2,16,8,30,0,Tuesday,543369.9859,4810268.446,-80.464036,43.44407,At/near private drive,2,Non-reportable,Thru lane,unknown,unknown,SMV unattended vehicle,Unknown,Daylight,01 - Daylight,Municipal (excl. Twp. Rd.),No control,unknown,0,0,0,FALSE,FALSE,FALSE,Clear,,TRUE,Road 1: RANDERSON AVE (IFO 30); Road 2: MCKENZIE AVE; Vehicle #1     Make:      Model:      Colour:      Style: ; Vehicle #2     Make: FORD     Model: COF     Colour: BLU     Style: PK,12/20/2021 10:54:52 AM,543369.9859,4810268.446
51102,21042223,2/24/2021 8:00:00 AM,2021,2,24,8,0,0,Wednesday,543907.4046,4810167.99,-80.457403,43.443134,Non intersection,2,P.D. only,Thru lane,unknown,unknown,Sideswipe,Unknown,Daylight,01 - Daylight,Regional municipality,No control,unknown,0,0,0,FALSE,FALSE,FALSE,Clear,,TRUE,Road 1: MONTGOMERY RD; Road 2: CLIVE RD; Vehicle #1     Make: MAZD     Model: MGR     Colour: BLU     Style: 4D; Vehicle #2     Make: GMC     Model: M95     Colour: BLU     Style: PK,12/20/2021 10:53:20 AM,543907.4046,4810167.99
51103,21042261,2/17/2021 10:45:00 AM,2021,2,17,10,45,0,Wednesday,542160.8521,4806322.538,-80.479282,43.40861,Non intersection,2,P.D. only,Thru lane,unknown,unknown,Other,Unknown,Daylight,01 - Daylight,Regional municipality,No control,unknown,0,0,0,FALSE,FALSE,FALSE,Clear,,TRUE,Road 1: 100 KESSELRING COURT; Vehicle #1     Make: HYUN     Model: R3G     Colour: GRY     Style: TY; Vehicle #2     Make: CONS     Model: UNK     Colour:      Style:,12/20/2021 10:53:33 AM,542160.8521,4806322.538
51104,21042327,2/19/2021 3:38:00 PM,2021,2,19,15,38,0,Friday,542297.5585,4807637.055,-80.477492,43.420438,At/near private drive,2,Non-reportable,Thru lane,unknown,unknown,SMV unattended vehicle,Unknown,Daylight,01 - Daylight,Municipal (excl. Twp. Rd.),No control,unknown,0,0,0,FALSE,FALSE,FALSE,Clear,,TRUE,Road 1: 48 GRACEFIELD CRESCENT; Vehicle #1     Make: INTE     Model: PB1     Colour: YEL     Style: BU; Vehicle #2     Make: HYUN     Model: SAN     Colour: GRY     Style: TY,12/20/2021 10:55:53 AM,542297.5585,4807637.055
51105,21042377,2/24/2021 11:30:00 AM,2021,2,24,11,30,0,Wednesday,541580.0391,4807769.309,-80.486345,43.421669,Non intersection,2,Non-reportable,Thru lane,unknown,unknown,Sideswipe,Unknown,Daylight,01 - Daylight,Municipal (excl. Twp. Rd.),No control,unknown,0,0,0,FALSE,FALSE,FALSE,Clear,,TRUE,Road 1: STRASBURG RD; Road 2: OTTAWA ST S; Vehicle #1     Make: HOND     Model: UDY     Colour: GRY     Style: TY; Vehicle #2     Make: CHEV     Model: RAX     Colour: GRY     Style: TY,12/20/2021 10:48:59 AM,541580.0391,4807769.309
51106,21042441,2/24/2021 12:50:00 PM,2021,2,24,12,50,0,Wednesday,541299.953,4812438.558,-80.489452,43.463726,At intersection,2,P.D. only,Within intersection,unknown,unknown,Angle,Unknown,Daylight,01 - Daylight,Municipal (excl. Twp. Rd.),unknown,Functioning,0,0,0,FALSE,FALSE,FALSE,Rain,,TRUE,Road 1: BLUCHER ST; Road 2: ST LEGER ST; Vehicle #1     Make: INFI     Model: AWD     Colour: GRY     Style: 4D; Vehicle #2     Make: VOLK     Model: GTI     Colour: WHI     Style: 4B,12/20/2021 10:52:37 AM,541299.953,4812438.558
51107,21042682,2/24/2021 5:15:00 PM,2021,2,24,17,15,0,Wednesday,540057.5911,4810229.99,-80.504972,43.443908,At/near private drive,2,P.D. only,Thru lane,unknown,unknown,Rear end,Unknown,Dusk,05 - Dusk,Municipal (excl. Twp. Rd.),No control,unknown,1,0,0,FALSE,FALSE,FALSE,Clear,,FALSE,Road 1: 128 WEST AVE (50 km/h); Road 2: WEST AVE; Distance: 0.0 M W; Vehicle #1     Make: LINC     Model: LLS     Colour: CRM     Style: 4D; Vehicle #2     Make: LEXS     Model: NXT     Colour: GRY     Style: TY,12/20/2021 10:54:37 AM,540057.5911,4810229.99
51108,21043465,2/25/2021 5:10:00 PM,2021,2,25,17,10,0,Thursday,542049.9303,4810457.932,-80.480334,43.445851,Non intersection,2,P.D. only,Thru lane,unknown,unknown,Sideswipe,Unknown,Daylight,01 - Daylight,Regional municipality,No control,unknown,0,0,0,FALSE,FALSE,FALSE,Clear,,TRUE,Road 1: KING ST E; Road 2: CAMERON ST N; Vehicle #1     Make: CADI     Model: SRX     Colour: BRN     Style: TY; Vehicle #2     Make: TOYT     Model: RV4     Colour: BLK     Style: TY,12/20/2021 10:54:49 AM,542049.9303,4810457.933
51109,21043914,2/26/2021 8:30:00 AM,2021,2,26,8,30,0,Friday,547819.5424,4804523.626,-80.409554,43.392073,At/near private drive,2,Non-reportable,Thru lane,unknown,unknown,SMV unattended vehicle,Unknown,Daylight,01 - Daylight,Municipal (excl. Twp. Rd.),No control,unknown,0,0,0,FALSE,FALSE,FALSE,Clear,,TRUE,Road 1: ORCHARD MILL CRESCENT (IFO 78); Road 2: DOON VALLEY DR; Vehicle #1     Make:      Model:      Colour:      Style: ; Vehicle #2     Make: VOLK     Model: PTS     Colour: GRY     Style: 4D,12/20/2021 10:53:02 AM,547819.5424,4804523.626
51110,21044263,2/8/2021 4:59:00 PM,2021,2,8,16,59,0,Monday,541672.9051,4806419.267,-80.485301,43.409508,Intersection related,2,P.D. only,Within intersection,unknown,unknown,SMV other,Unknown,Daylight,01 - Daylight,Municipal (excl. Twp. Rd.),unknown,Functioning,0,0,0,FALSE,FALSE,FALSE,Snow,,FALSE,Road 1: RITTENHOUSE RD (50 km/h); Road 2: ERINBROOK DR (50 km/h); Charged Driver #1 on page 1: NA NA (NA) (NA); Vehicle #1     Make: CHEV     Model: VTZ     Colour: BLU     Style: 4B,12/20/2021 10:56:34 AM,541672.9051,4806419.267
51111,21044952,2/26/2021 12:00:00 PM,2021,2,26,12,0,0,Friday,543430.1202,4812324.27,-80.463129,43.462577,Non intersection,2,P.D. only,Thru lane,unknown,unknown,SMV unattended vehicle,Unknown,Daylight,01 - Daylight,Municipal (excl. Twp. Rd.),No control,unknown,0,0,0,FALSE,FALSE,FALSE,Clear,,TRUE,Road 1: EPHRAIM ST; Road 2: RIVER RD E; Vehicle #1     Make: SUBA     Model: BRL     Colour: WHI     Style: 2D; Vehicle #2     Make: TOYT     Model: TIM     Colour: BLU     Style: 4B,12/20/2021 10:49:05 AM,543430.1202,4812324.27
51112,21045852,2/28/2021 2:00:00 PM,2021,2,28,14,0,0,Sunday,542243.2332,4806966.341,-80.478215,43.414402,Non intersection,2,P.D. only,Within intersection,unknown,unknown,Angle,Unknown,Daylight,01 - Daylight,Municipal (excl. Twp. Rd.),No control,unknown,0,0,0,FALSE,FALSE,FALSE,Clear,,TRUE,Road 1: 700 STRASBURG RD; Road 2: PARKING LOT EXIT/ENTRANCE; Vehicle #1     Make: TOYT     Model: RUN     Colour: GRY     Style: TY; Vehicle #2     Make: TOYT     Model: RV4     Colour: GRY     Style: TY,12/20/2021 10:55:44 AM,542243.2332,4806966.341
51113,21046523,3/1/2021 12:00:00 PM,2021,3,1,12,0,0,Monday,538933.8994,4808111.005,-80.519009,43.424888,Non intersection,2,P.D. only,Passing lane,unknown,unknown,SMV unattended vehicle,Unknown,Daylight,01 - Daylight,Municipal (excl. Twp. Rd.),No control,unknown,0,0,0,FALSE,FALSE,FALSE,Clear,,FALSE,Road 1: UPLANDS DR (50 km/h); Road 2: FOREST HILL DR; Distance: 50.0 M S; Vehicle #1     Make: ISU     Model: NRR     Colour: WHI     Style: CO; Vehicle #2     Make: CHEV     Model: EXP     Colour: WHI     Style: FV,2/11/2022 11:16:22 AM,538933.8994,4808111.005
51114,21046554,2/23/2021 6:45:00 PM,2021,2,23,18,45,0,Tuesday,543438.5894,4808912.313,-80.463296,43.431855,Intersection related,2,Non-reportable,Thru lane,unknown,unknown,Angle,Unknown,Dark,07 - Dark,Regional municipality,unknown,Functioning,0,0,0,FALSE,FALSE,FALSE,Clear,,TRUE,Road 1: DIXON ST; Road 2: CARLIN AVE; Vehicle #1     Make: HOND     Model: UCD     Colour: GRY     Style: 4D; Vehicle #2     Make:      Model:      Colour:      Style:,12/20/2021 10:47:32 AM,543438.5894,4808912.313
51115,21046679,3/1/2021 3:15:00 PM,2021,3,1,15,15,0,Monday,540271.7523,4811639.864,-80.502221,43.456591,At intersection,2,P.D. only,Within intersection,unknown,unknown,Angle,Unknown,Daylight,01 - Daylight,Municipal (excl. Twp. Rd.),unknown,Functioning,0,0,0,FALSE,FALSE,FALSE,Clear,,TRUE,Road 1: MOORE AVE; Road 2: SHANLEY ST; Vehicle #1     Make: CADI     Model: SRX     Colour: GRY     Style: TY; Vehicle #2     Make: HOND     Model: UCL     Colour: BLK     Style: 4D,12/20/2021 10:54:21 AM,540271.7523,4811639.864
51116,21047272,3/2/2021 12:30:00 PM,2021,3,2,12,30,0,Tuesday,542601.4884,4810112.601,-80.473545,43.442711,Non intersection,2,P.D. only,Thru lane,unknown,unknown,Sideswipe,Unknown,Daylight,01 - Daylight,Regional municipality,No control,unknown,0,0,0,FALSE,FALSE,FALSE,Clear,,TRUE,Road 1: KING; Road 2: BORDEN; Vehicle #1     Make: HOND     Model: CLL     Colour: BLU     Style: 4D; Vehicle #2     Make: GMC     Model: SIE     Colour: WHI     Style: PK,12/20/2021 10:48:28 AM,542601.4884,4810112.601
51117,21047428,3/2/2021 3:10:00 PM,2021,3,2,15,10,0,Tuesday,536003.3153,4809523.721,-80.55512,43.437755,At/near private drive,2,Non-reportable,Off highway,unknown,unknown,SMV unattended vehicle,Unknown,Daylight,01 - Daylight,Municipal (excl. Twp. Rd.),No control,unknown,0,0,0,FALSE,FALSE,FALSE,Clear,,TRUE,Road 1: 103 IRON GATE ST (ON THE ROAWAY); Vehicle #1     Make: DODG     Model: CAR     Colour: WHI     Style: VN; Vehicle #2     Make: HYUN     Model: BGS     Colour: SIL     Style: 4D,12/20/2021 10:53:10 AM,536003.3153,4809523.721
51118,21047709,3/2/2021 11:19:00 PM,2021,3,2,23,19,0,Tuesday,539617.3621,4811375.443,-80.510329,43.454245,At intersection,2,P.D. only,Within intersection,unknown,unknown,Sideswipe,Unknown,Dark,07 - Dark,Municipal (excl. Twp. Rd.),unknown,Functioning,0,0,1,FALSE,FALSE,FALSE,Clear,,FALSE,Road 1: GLASGOW ST (50 km/h); Road 2: PARK ST (50 km/h); Charged Driver #1 on page 1: HTA 144 (18) (NA); Vehicle #1     Make: HYUN     Model: VTO     Colour: GRY     Style: 4D; Vehicle #2     Make: HYUN     Model: TUC     Colour: WHI     Style: TY,12/20/2021 10:56:44 AM,539617.3621,4811375.443
51119,21047857,3/3/2021 7:57:00 AM,2021,3,3,7,57,0,Wednesday,540912.8426,4811150.177,-80.494334,43.452147,Non intersection,2,P.D. only,Right shoulder,unknown,unknown,SMV other,Unknown,Daylight,01 - Daylight,Regional municipality,No control,unknown,0,0,0,FALSE,FALSE,FALSE,Clear,,FALSE,Road 1: WATER ST N (50 km/h); Road 2: BELL LANE; Distance: 5.0 K S; Vehicle #1     Make:      Model: -     Colour:      Style:,12/20/2021 10:54:01 AM,540912.8426,4811150.177
51120,21048912,3/1/2021 5:30:00 PM,2021,3,1,17,30,0,Monday,543203.0562,4804492.98,-80.466555,43.392077,Intersection related,2,P.D. only,Right turn lane,unknown,unknown,Sideswipe,Unknown,Daylight,01 - Daylight,Regional municipality,unknown,unknown,0,0,0,FALSE,FALSE,FALSE,Clear,,TRUE,Road 1: HURON RD; Road 2: STRASBURG RD; Vehicle #1     Make: HYUN     Model: ESM     Colour: BLK     Style: 4D; Vehicle #2     Make:      Model:      Colour:      Style:,12/20/2021 10:47:23 AM,543203.0562,4804492.98
51121,21049509,3/4/2021 9:20:00 AM,2021,3,4,9,20,0,Thursday,545044.2267,4806362.161,-80.443669,43.408799,Non intersection,2,P.D. only,Thru lane,unknown,unknown,Angle,Unknown,Daylight,01 - Daylight,Municipal (excl. Twp. Rd.),No control,unknown,0,0,0,FALSE,FALSE,FALSE,Clear,,TRUE,Road 1: 655 WABANAKI DR TRILLIUM INDUSTRIAL PARK; Vehicle #1     Make: HYUN     Model: TUC     Colour: WHI     Style: TY; Vehicle #2     Make: HOND     Model: FIT     Colour: RED     Style: TY,12/20/2021 10:50:12 AM,545044.2267,4806362.161
51122,21049632,2/25/2021 9:00:00 PM,2021,2,25,21,0,0,Thursday,545067.7844,4812879.344,-80.442839,43.467478,At/near private drive,2,P.D. only,Thru lane,unknown,unknown,SMV unattended vehicle,Unknown,Dark,07 - Dark,Municipal (excl. Twp. Rd.),No control,unknown,0,0,0,FALSE,FALSE,FALSE,Clear,,TRUE,Road 1: 18 MARKETA CRESCENT; Vehicle #1     Make: JEEP     Model: GCK     Colour: GRY     Style: TY; Vehicle #2     Make: CHEV     Model: S2L     Colour: RED     Style: 4B,12/20/2021 10:48:24 AM,545067.7844,4812879.344
51123,21050147,3/6/2021 12:51:00 AM,2021,3,6,0,51,0,Saturday,541932.2713,4808322.233,-80.481952,43.426628,Non intersection,2,P.D. only,Off highway,unknown,unknown,SMV other,Unknown,Dark,07 - Dark,Regional municipality,No control,unknown,0,0,0,FALSE,FALSE,FALSE,Snow,,FALSE,Road 1: HOMER WATSON BLVD (50 km/h); Road 2: OTTAWA ST S; Distance: 40.0 M E; Charged Driver #1 on page 1: CCC 320 (14) (1); Vehicle #1     Make: CHEV     Model: CZT     Colour: WHI     Style: 4D,1/3/2023 10:10:24 AM,541932.2713,4808322.233
51124,21050339,3/6/2021 8:20:00 AM,2021,3,6,8,20,0,Saturday,543371.6925,4807665.476,-80.464221,43.420632,Non intersection,2,P.D. only,Thru lane,unknown,unknown,Sideswipe,Unknown,Daylight,01 - Daylight,Regional municipality,No control,unknown,0,0,0,FALSE,FALSE,FALSE,Clear,,TRUE,Road 1: BLOCK LINE RD; Road 2: LENNOX LEWIS WAY; Vehicle #1     Make: TOYT     Model: RV4     Colour: WHI     Style: TY; Vehicle #2     Make: NISS     Model: ROG     Colour: BLU     Style: 4W,12/20/2021 10:50:36 AM,543371.6925,4807665.476
51125,21050540,3/6/2021 2:41:00 PM,2021,3,6,14,41,0,Saturday,545168.648,4809088.864,-80.441906,43.433342,At/near private drive,1,Non-fatal injury,Thru lane,unknown,unknown,Turning movement,Unknown,Daylight,01 - Daylight,Municipal (excl. Twp. Rd.),No control,unknown,1,0,0,FALSE,FALSE,FALSE,Clear,,FALSE,Road 1: FERGUS AVE (50 km/h); Road 2: WEBER ST E; Distance: 20.0 M S; Charged Driver #1 on page 1: NA NA (NA) (NA); Vehicle #1     Make: ACUR     Model: IES     Colour: BLU     Style: 4D; Vehicle #2     Make: KIA     Model: SPO     Colour: BLU     Style: ,12/20/2021 10:56:14 AM,545168.648,4809088.864
51126,21050987,3/6/2021 9:00:00 PM,2021,3,6,21,0,0,Saturday,539309.5617,4806739.754,-80.514467,43.412521,At/near private drive,2,Non-reportable,Thru lane,unknown,unknown,SMV unattended vehicle,Unknown,Dark,07 - Dark,Municipal (excl. Twp. Rd.),No control,unknown,0,0,0,FALSE,FALSE,FALSE,Clear,,TRUE,Road 1: GREY FOX DR (IFO 256); Road 2: WILDERNESS DR; Vehicle #1     Make:      Model:      Colour:      Style: ; Vehicle #2     Make: HYUN     Model: ESM     Colour: WHI     Style: 4D,12/20/2021 10:53:53 AM,539309.5617,4806739.754
51127,21051221,3/5/2021 12:15:00 PM,2021,3,5,12,15,0,Friday,547364.2619,4808123.585,-80.414863,43.424515,Non intersection,2,Non-reportable,Thru lane,unknown,unknown,SMV other,Unknown,Daylight,01 - Daylight,Regional municipality,No control,unknown,0,0,0,FALSE,FALSE,FALSE,Clear,,TRUE,Road 1: KING ST E; Road 2: STONEGATE DR; Vehicle #1     Make: HOND     Model: UDY     Colour: SIL     Style: TY,12/20/2021 10:56:04 AM,547364.2619,4808123.585
51128,21051229,2/17/2021 8:45:00 AM,2021,2,17,8,45,0,Wednesday,541698.2243,4804136.856,-80.485163,43.388955,At/near private drive,2,P.D. only,Off highway,unknown,unknown,SMV unattended vehicle,Unknown,Daylight,01 - Daylight,Municipal (excl. Twp. Rd.),No control,unknown,0,0,0,FALSE,FALSE,FALSE,Clear,,TRUE,Road 1: PARKVALE DR; Road 2: WOODBINE AVE; Vehicle #1     Make:      Model:      Colour:      Style: ; Vehicle #2     Make: BMW     Model: 20X     Colour: BLK     Style: 4D,12/20/2021 10:50:16 AM,541698.2243,4804136.856
51129,21051375,3/7/2021 2:55:00 PM,2021,3,7,14,55,0,Sunday,541672.7525,4806419.363,-80.485303,43.409509,Intersection related,2,P.D. only,Within intersection,unknown,unknown,SMV other,Unknown,Daylight,01 - Daylight,Municipal (excl. Twp. Rd.),unknown,Functioning,0,0,0,FALSE,FALSE,FALSE,Clear,,FALSE,Road 1: ERINBROOK DR (50 km/h); Road 2: RITTENHOUSE RD (50 km/h); Charged Driver #1 on page 1: HTA 142 (NA) (NA); Vehicle #1     Make: FORD     Model: SPE     Colour: GRY     Style: TY,12/20/2021 10:56:32 AM,541672.7525,4806419.363
51130,21051597,3/7/2021 9:00:00 PM,2021,3,7,21,0,0,Sunday,547729.1653,4804524.325,-80.410669,43.392085,At/near private drive,2,P.D. only,Thru lane,unknown,unknown,SMV unattended vehicle,Unknown,Dark,07 - Dark,Municipal (excl. Twp. Rd.),No control,Not applicable,0,0,0,FALSE,FALSE,FALSE,Clear,,TRUE,Road 1: AMHERST DR (ON THE ROADWAY 189); Road 2: DURHAM ST; Vehicle #1     Make: TOYT     Model: AXP     Colour: GRY     Style: 4D; Vehicle #2     Make: HYUN     Model: ESM     Colour: SIL     Style: 4D,12/20/2021 10:50:43 AM,547729.1653,4804524.325
51131,21052045,3/7/2021 12:00:00 PM,2021,3,7,12,0,0,Sunday,545931.5202,4804805.456,-80.432841,43.394728,At/near private drive,2,P.D. only,Off highway,unknown,unknown,SMV unattended vehicle,Unknown,Daylight,01 - Daylight,Regional municipality,No control,unknown,0,0,0,FALSE,FALSE,FALSE,Clear,,TRUE,Road 1: 123 PIONEER DR PIONEER PARK (PARK LOT); Vehicle #1     Make:      Model:      Colour:      Style: ; Vehicle #2     Make: TOYT     Model: SCM     Colour: BLU     Style: 4B,12/20/2021 10:51:01 AM,545931.5202,4804805.456
51132,21052125,3/7/2021 5:30:00 PM,2021,3,7,17,30,0,Sunday,539985.844,4806032.261,-80.506166,43.406115,At/near private drive,2,P.D. only,Thru lane,unknown,unknown,Other,Unknown,Daylight,01 - Daylight,Municipal (excl. Twp. Rd.),No control,unknown,0,0,0,FALSE,FALSE,FALSE,Clear,,TRUE,Road 1: 192 COTTON GRASS ST; Vehicle #1     Make: DODG     Model: CAR     Colour: WHI     Style: VN; Vehicle #2     Make: VOLK     Model: TOU     Colour: GRY     Style: TY,12/20/2021 10:50:39 AM,539985.844,4806032.261
51133,21052130,3/2/2021 5:00:00 PM,2021,3,2,17,0,0,Tuesday,544287.9031,4807408.822,-80.452925,43.418268,Non intersection,2,P.D. only,Thru lane,unknown,unknown,Angle,Unknown,Daylight,01 - Daylight,Regional municipality,No control,unknown,0,0,0,FALSE,FALSE,FALSE,Clear,,TRUE,Road 1: WILSON AVE; Road 2: FAIRWAY RD S; Vehicle #1     Make: TOYT     Model: CBA     Colour: GRY     Style: 4D; Vehicle #2     Make: HYUN     Model: TUC     Colour: RED     Style: TY,12/20/2021 10:48:40 AM,544287.9031,4807408.822
51134,21052625,3/9/2021 8:00:00 AM,2021,3,9,8,0,0,Tuesday,546010.835,4812344.199,-80.431226,43.462602,At/near private drive,2,P.D. only,Thru lane,unknown,unknown,SMV other,Unknown,Daylight,01 - Daylight,Municipal (excl. Twp. Rd.),No control,unknown,1,0,0,FALSE,FALSE,FALSE,Clear,,FALSE,Road 1: 123 GLENCLIFFE CRT (50 km/h); Road 2: GLENCLIFFE CRT; Distance: 25.0 M S; Vehicle #1     Make:      Model: -     Colour:      Style:,12/20/2021 10:54:29 AM,546010.835,4812344.199
51135,21052639,3/9/2021 9:02:00 AM,2021,3,9,9,2,0,Tuesday,540933.6083,4811732.479,-80.494034,43.457389,At railway crossing,2,P.D. only,Thru lane,unknown,unknown,Rear end,Unknown,Daylight,01 - Daylight,Municipal (excl. Twp. Rd.),No control,unknown,1,0,0,FALSE,FALSE,FALSE,Clear,,FALSE,Road 1: WELLINGTON ST N (50 km/h); Road 2: WEBER ST W; Distance: 50.0 M E; Charged Driver #1 on page 1: HTA 130 (NA) (NA); Vehicle #1     Make: DODG     Model: CPO     Colour: WHI     Style: 4D; Vehicle #2     Make: INTE     Model: PB1     Colour: YEL    ,12/20/2021 10:56:58 AM,540933.6082,4811732.479
51136,21052733,3/9/2021 10:41:00 AM,2021,3,9,10,41,0,Tuesday,544559.3245,4811740.558,-80.449218,43.457255,At intersection,2,P.D. only,Not on roadway - right side,unknown,unknown,SMV other,Unknown,Daylight,01 - Daylight,Regional municipality,unknown,Functioning,0,0,0,FALSE,FALSE,FALSE,Clear,,FALSE,Road 1: RIVER RD E (50 km/h); Road 2: LORRAINE AVE (50 km/h); Vehicle #1     Make: HYUN     Model: ALS     Colour: BGE     Style: 4D,12/20/2021 10:52:28 AM,544559.3245,4811740.558
51137,21052749,3/8/2021 12:00:00 AM,2021,3,8,0,0,0,Monday,541023.2834,4811372.014,-80.492952,43.454138,At/near private drive,2,P.D. only,Not on roadway - right side,unknown,unknown,SMV other,Unknown,Dark,07 - Dark,Regional municipality,No control,unknown,0,0,0,FALSE,FALSE,FALSE,Clear,,FALSE,Road 1: WATER ST N (50 km/h); Road 2: WEBER ST W; Distance: 15.0 M S; Charged Driver #1 on page 1: NA NA (NA) (NA); Vehicle #1     Make: CHEV     Model: SIL     Colour: RED     Style: PK,12/20/2021 10:56:54 AM,541023.2834,4811372.014