OBJECTID,ACCIDENTNUM,ACCIDENTDATE,ACCIDENT_YEAR,ACCIDENT_MONTH,ACCIDENT_DAY,ACCIDENT_HOUR,ACCIDENT_MINUTE,ACCIDENT_SECOND,ACCIDENT_WEEKDAY,XCOORD,YCOORD,LONGITUDE,LATITUDE,ACCIDENTLOCATION,COLLISIONTYPE,CLASSIFICATIONOFACCIDENT,IMPACTLOCATION,INITIALDIRECTIONOFTRAVELONE,INITIALDIRECTIONOFTRAVELTWO,INITIALIMPACTTYPE,INTTRAFFICCONTROL,LIGHT,LIGHTFORREPORT,ROADJURISDICTION,TRAFFICCONTROL,TRAFFICCONTROLCONDITION,THRULANENO,NORTHBOUNDDISOBEYCOUNT,SOUTHBOUNDDISOBEYCOUNT,PEDESTRIANINVOLVED,CYCLISTINVOLVED,MOTORCYCLISTINVOLVED,ENVIRONMENTCONDITION1,ENVIRONMENTCONDITION2,SELFREPORTED,XMLIMPORTNOTES,LASTEDITEDDATE,x,y
51138,21052797,3/9/2021 11:53:00 AM,2021,3,9,11,53,0,Tuesday,548474.9574,4806544.645,-80.401282,43.410228,At intersection,2,P.D. only,Off highway,unknown,unknown,SMV other,Unknown,Daylight,01 - Daylight,Municipal (excl. Twp. Rd.),unknown,Functioning,0,0,0,FALSE,FALSE,FALSE,Clear,,FALSE,Road 1: GRAND HILL DR (50 km/h); Road 2: DEER RIDGE DR (40 km/h); Charged Driver #1 on page 1: HTA 130 (1) (NA); Vehicle #1     Make: TOYT     Model: CBA     Colour: BLK     Style: 4D,12/20/2021 10:56:49 AM,548474.9574,4806544.645
51139,21052915,2/21/2021 11:50:00 AM,2021,2,21,11,50,0,Sunday,539675.0393,4806169.588,-80.509994,43.407368,Intersection related,2,P.D. only,Thru lane,unknown,unknown,Other,Unknown,Daylight,01 - Daylight,Municipal (excl. Twp. Rd.),unknown,Functioning,0,0,0,FALSE,FALSE,FALSE,Clear,,TRUE,Road 1: WISTERIA CT; Road 2: COPPER LEAF ST; Vehicle #1     Make:      Model:      Colour:      Style: ; Vehicle #2     Make: BMW     Model: BX5     Colour: GRY     Style: TY,12/20/2021 10:47:35 AM,539675.0393,4806169.588
51140,21052925,2/20/2021 5:30:00 PM,2021,2,20,17,30,0,Saturday,538083.9689,4809285.963,-80.529427,43.435511,At/near private drive,2,Non-reportable,Thru lane,unknown,unknown,SMV unattended vehicle,Unknown,Dusk,05 - Dusk,Municipal (excl. Twp. Rd.),No control,unknown,0,0,0,FALSE,FALSE,FALSE,Clear,,TRUE,Road 1: 275 BENESFORT CRESCENT; Vehicle #1     Make:      Model:      Colour:      Style: ; Vehicle #2     Make: HYUN     Model: ESS     Colour: WHI     Style: 4D,12/20/2021 10:52:55 AM,538083.9689,4809285.963
51141,21052937,2/17/2021 3:00:00 PM,2021,2,17,15,0,0,Wednesday,539110.6045,4811656.604,-80.516572,43.456803,Intersection related,2,Non-reportable,Thru lane,unknown,unknown,Rear end,Unknown,Daylight,01 - Daylight,Municipal (excl. Twp. Rd.),unknown,Functioning,0,0,0,FALSE,FALSE,FALSE,Clear,,TRUE,Road 1: UNION BLVD; Road 2: PARK ST; Vehicle #1     Make:      Model:      Colour:      Style: ; Vehicle #2     Make: CHEV     Model: CZP     Colour: WHI     Style: 4D,12/20/2021 10:50:08 AM,539110.6045,4811656.604
51142,21052944,2/16/2021 4:15:00 PM,2021,2,16,16,15,0,Tuesday,537588.2519,4809656.351,-80.535526,43.438871,Non intersection,2,Non-reportable,Thru lane,unknown,unknown,Other,Unknown,Daylight,01 - Daylight,Regional municipality,No control,unknown,0,0,0,FALSE,FALSE,FALSE,Clear,,TRUE,Road 1: STOKE DR; Road 2: FISCHER-HALLMAN RD; Vehicle #1     Make: MAZD     Model: M6I     Colour: SIL     Style: 4D; Vehicle #2     Make:      Model:      Colour:      Style:,12/20/2021 10:51:42 AM,537588.2519,4809656.351
51143,21052949,2/16/2021 5:15:00 PM,2021,2,16,17,15,0,Tuesday,542737.4848,4804192.075,-80.472327,43.389394,Non intersection,2,P.D. only,Thru lane,unknown,unknown,Other,Unknown,Dusk,05 - Dusk,Municipal (excl. Twp. Rd.),No control,unknown,0,0,0,FALSE,FALSE,FALSE,Clear,,TRUE,Road 1: 10 PARKVALE DR (ON THE ROADWAY); Vehicle #1     Make: BMW     Model: JGG     Colour: BLK     Style: TY; Vehicle #2     Make:      Model:      Colour:      Style:,12/20/2021 10:49:23 AM,542737.4848,4804192.075
51144,21053154,3/9/2021 7:30:00 PM,2021,3,9,19,30,0,Tuesday,544880.9612,4808344.378,-80.445522,43.426656,Non intersection,2,P.D. only,Thru lane,unknown,unknown,SMV unattended vehicle,Unknown,Dark,07 - Dark,Municipal (excl. Twp. Rd.),No control,unknown,0,0,0,FALSE,FALSE,FALSE,Clear,,TRUE,Road 1: TRAYNOR AVE (IFO 50); Road 2: GREENFIELD AVE; Vehicle #1     Make: TOYT     Model: TUN     Colour: BLU     Style: CW; Vehicle #2     Make: VOLK     Model: GSL     Colour: GRY     Style: 4D,12/20/2021 10:51:06 AM,544880.9612,4808344.378
51145,21053417,3/10/2021 7:51:00 AM,2021,3,10,7,51,0,Wednesday,540105.0365,4810847.498,-80.50434,43.449465,Underpass or tunnel,2,P.D. only,Thru lane,unknown,unknown,SMV other,Unknown,Daylight,01 - Daylight,Municipal (excl. Twp. Rd.),No control,unknown,1,1,0,FALSE,FALSE,FALSE,Clear,,FALSE,Road 1: PARK ST (50 km/h); Road 2: CN RAIL; Distance: 1.0 M S; Vehicle #1     Make: VOLV     Model: VVN     Colour: WHI     Style: CT,12/20/2021 10:54:02 AM,540105.0365,4810847.498
51146,21055751,3/12/2021 6:00:00 PM,2021,3,12,18,0,0,Friday,545556.9988,4808952.539,-80.43712,43.432091,At/near private drive,2,Non-reportable,Thru lane,unknown,unknown,SMV unattended vehicle,Unknown,Daylight,01 - Daylight,Municipal (excl. Twp. Rd.),No control,unknown,0,0,0,FALSE,FALSE,FALSE,Clear,,TRUE,Road 1: 130 HUBER ST; Vehicle #1     Make:      Model:      Colour:      Style: ; Vehicle #2     Make: HOND     Model: CTU     Colour: GRY     Style: 4D,12/20/2021 10:55:25 AM,545556.9988,4808952.539
51147,21056111,3/11/2021 3:00:00 PM,2021,3,11,15,0,0,Thursday,540483.1269,4806417.144,-80.499996,43.409554,At/near private drive,2,Non-reportable,Thru lane,unknown,unknown,SMV unattended vehicle,Unknown,Daylight,01 - Daylight,Municipal (excl. Twp. Rd.),No control,unknown,0,0,0,FALSE,FALSE,FALSE,Clear,,TRUE,Road 1: 42 HIGHBROOK ST; Vehicle #1     Make: NISS     Model: ROG     Colour: BLU     Style: TY; Vehicle #2     Make: DODG     Model: RPC     Colour: BLK     Style: CW,12/20/2021 10:55:27 AM,540483.1269,4806417.144
51148,21056560,3/13/2021 7:08:00 PM,2021,3,13,19,8,0,Saturday,541230.7387,4810951.137,-80.49042,43.450337,Intersection related,2,P.D. only,Thru lane,unknown,unknown,Sideswipe,Unknown,Dark,07 - Dark,Municipal (excl. Twp. Rd.),unknown,Functioning,1,0,0,FALSE,FALSE,FALSE,Clear,,FALSE,Road 1: KING ST W (40 km/h); Road 2: ONTARIO ST N (40 km/h); Vehicle #1     Make:      Model: -     Colour:      Style: ; Vehicle #2     Make: VOLK     Model: PTE     Colour: BLK     Style: 4D,12/20/2021 10:52:32 AM,541230.7387,4810951.137
51149,21057598,3/15/2021 8:20:00 AM,2021,3,15,8,20,0,Monday,543455.772,4809831.105,-80.46301,43.440127,Non intersection,2,P.D. only,Thru lane,unknown,unknown,Other,Unknown,Daylight,01 - Daylight,Municipal (excl. Twp. Rd.),No control,unknown,1,0,0,FALSE,FALSE,FALSE,Clear,,FALSE,Road 1: JACKSON AVE (50 km/h); Road 2: WEBER ST E; Distance: 5.0 M W; Vehicle #1     Make: HOND     Model: UDY     Colour: SIL     Style: VN; Vehicle #2     Make: FORD     Model: SRW     Colour: WHI     Style: PK,8/16/2022 3:00:01 PM,543455.772,4809831.105
51150,21057722,3/12/2021 4:00:00 PM,2021,3,12,16,0,0,Friday,539688.8979,4808357.565,-80.509664,43.427068,At/near private drive,2,Non-reportable,Thru lane,unknown,unknown,SMV unattended vehicle,Unknown,Daylight,01 - Daylight,Municipal (excl. Twp. Rd.),No control,unknown,0,0,0,FALSE,FALSE,FALSE,Clear,,TRUE,Road 1: GREENBROOK DR (IFO 346); Road 2: WARREN RD; Vehicle #1     Make: DODG     Model: JOU     Colour: WHI     Style: TY; Vehicle #2     Make:      Model:      Colour:      Style: ; Vehicle #3     Make: FORD     Model: SPE     Colour: GRY     Style: TY,12/20/2021 10:55:21 AM,539688.8979,4808357.566
51151,21057873,2/6/2021 5:50:00 PM,2021,2,6,17,50,0,Saturday,545689.963,4802917.6,-80.435981,43.377745,At/near private drive,2,Non-reportable,Thru lane,unknown,unknown,Angle,Unknown,Dusk,05 - Dusk,Municipal (excl. Twp. Rd.),No control,unknown,0,0,0,FALSE,FALSE,FALSE,Clear,,TRUE,Road 1: 179 STEEPLERIDGE ST; Vehicle #1     Make: MAZD     Model: CX5     Colour: BLU     Style: TY; Vehicle #2     Make:      Model:      Colour:      Style:,12/20/2021 10:48:56 AM,545689.963,4802917.6
51152,21057955,3/15/2021 4:30:00 PM,2021,3,15,16,30,0,Monday,544622.3124,4808638.223,-80.448693,43.429318,Intersection related,2,P.D. only,Within intersection,unknown,unknown,Angle,Unknown,Daylight,01 - Daylight,Municipal (excl. Twp. Rd.),unknown,unknown,0,0,0,FALSE,FALSE,FALSE,Clear,,TRUE,Road 1: CONNAUGHT ST; Road 2: 9TH AVE; Vehicle #1     Make: TOYT     Model: CTX     Colour: BLK     Style: 4B; Vehicle #2     Make: NISS     Model: ROG     Colour: BLK     Style: TY,12/20/2021 10:52:22 AM,544622.3124,4808638.223
51153,21058529,3/12/2021 7:46:00 AM,2021,3,12,7,46,0,Friday,546178.7079,4813736.447,-80.429033,43.475127,Intersection related,2,P.D. only,Thru lane,unknown,unknown,Turning movement,Unknown,Daylight,01 - Daylight,Municipal (excl. Twp. Rd.),unknown,Functioning,0,0,0,FALSE,FALSE,FALSE,Clear,,TRUE,Road 1: CENTENNIAL COURT; Road 2: CENTENNIAL RD; Vehicle #1     Make: CHEV     Model: SIL     Colour: BLK     Style: PK; Vehicle #2     Make: MERZ     Model: SMA     Colour: BLK     Style: 2D,12/20/2021 10:49:49 AM,546178.7079,4813736.447
51154,21058550,2/9/2021 2:20:00 PM,2021,2,9,14,20,0,Tuesday,547838.4406,4803164.996,-80.409439,43.379838,At/near private drive,2,P.D. only,Off highway,unknown,unknown,SMV unattended vehicle,Unknown,Daylight,01 - Daylight,Regional municipality,No control,unknown,0,0,0,FALSE,FALSE,FALSE,Clear,,TRUE,Road 1: 2 EXECUTIVE PL DOON SOUTH (PARK LOT); Vehicle #1     Make:      Model:      Colour:      Style: ; Vehicle #2     Make: HYUN     Model: SAN     Colour: WHI     Style: TY,12/20/2021 10:53:31 AM,547838.4406,4803164.996
51155,21058618,3/5/2021 10:30:00 AM,2021,3,5,10,30,0,Friday,541806.9242,4803483.818,-80.48387,43.383069,Non intersection,2,Non-reportable,Thru lane,unknown,unknown,Sideswipe,Unknown,Daylight,01 - Daylight,Regional municipality,No control,unknown,0,0,0,FALSE,FALSE,FALSE,Clear,,TRUE,Road 1: HURON RD; Road 2: WOODBINE DR; Vehicle #1     Make: MAZD     Model: CX9     Colour: BLU     Style: TY; Vehicle #2     Make: FORD     Model: COF     Colour: WHI     Style: CW,12/20/2021 10:55:59 AM,541806.9242,4803483.818
51156,21058651,3/16/2021 2:00:00 PM,2021,3,16,14,0,0,Tuesday,541279.3648,4810923.298,-80.489821,43.450084,Non intersection,2,P.D. only,Right shoulder,unknown,unknown,SMV unattended vehicle,Unknown,Daylight,01 - Daylight,Municipal (excl. Twp. Rd.),No control,unknown,0,0,0,FALSE,FALSE,FALSE,Clear,,FALSE,Road 1: 41 KING ST W (40 km/h); Road 2: QUEEN ST S; Distance: 25.0 M W; Vehicle #1     Make: HYUN     Model: TUC     Colour: WHI     Style: TY; Vehicle #2     Make: LEXU     Model: RX3     Colour: GRN     Style: 4D,1/3/2023 10:09:56 AM,541279.3648,4810923.298
51157,21059164,3/9/2021 6:00:00 PM,2021,3,9,18,0,0,Tuesday,545571.7739,4808936.901,-80.436938,43.43195,At/near private drive,2,P.D. only,Off highway,unknown,unknown,SMV unattended vehicle,Unknown,Dusk,05 - Dusk,Municipal (excl. Twp. Rd.),No control,unknown,0,0,0,FALSE,FALSE,FALSE,Clear,,TRUE,Road 1: HUBER ST (IFO 135); Road 2: KINZIE AVE; Vehicle #1     Make: HYUN     Model: ESE     Colour: GRY     Style: 4D; Vehicle #2     Make: TOYT     Model: RV4     Colour: WHI     Style: TY,12/20/2021 10:51:09 AM,545571.7739,4808936.901
51158,21059190,3/12/2021 8:15:00 AM,2021,3,12,8,15,0,Friday,547084.6235,4804123.272,-80.418662,43.388514,At/near private drive,2,P.D. only,Thru lane,unknown,unknown,Other,Unknown,Daylight,01 - Daylight,Municipal (excl. Twp. Rd.),No control,unknown,0,0,0,FALSE,FALSE,FALSE,Clear,,TRUE,Road 1: DOON VILLAGE RD (IFO 1437); Road 2: DOON S DR; Vehicle #1     Make: HOND     Model: CRV     Colour: BRN     Style: TY; Vehicle #2     Make: DODG     Model: JOU     Colour: BLK     Style: TY,12/20/2021 10:51:34 AM,547084.6235,4804123.272
51159,21059220,3/7/2021 7:00:00 PM,2021,3,7,19,0,0,Sunday,541748.5646,4803601.486,-80.484582,43.384132,At/near private drive,2,P.D. only,Off highway,unknown,unknown,SMV unattended vehicle,Unknown,Dark,07 - Dark,Municipal (excl. Twp. Rd.),No control,unknown,0,0,0,FALSE,FALSE,FALSE,Clear,,TRUE,Road 1: VERONA ST (IFO 22); Vehicle #1     Make: NISS     Model: ROG     Colour: WHI     Style: TY; Vehicle #2     Make: TOYT     Model: SIE     Colour: GRY     Style: VN,12/20/2021 10:51:03 AM,541748.5646,4803601.486
51160,21059432,3/17/2021 1:45:00 PM,2021,3,17,13,45,0,Wednesday,543988.1566,4807777.129,-80.456597,43.421602,Intersection related,2,P.D. only,Thru lane,unknown,unknown,Angle,Unknown,Daylight,01 - Daylight,Municipal (excl. Twp. Rd.),unknown,Functioning,0,0,0,FALSE,FALSE,FALSE,Clear,,TRUE,Road 1: SIEBERT AVE; Road 2: VANIER DR; Vehicle #1     Make: HOND     Model: CLL     Colour: SIL     Style: 4D; Vehicle #2     Make: DODG     Model: CAR     Colour: WHI     Style: VN,12/20/2021 10:52:25 AM,543988.1566,4807777.129
51161,21060129,3/12/2021 6:30:00 PM,2021,3,12,18,30,0,Friday,546634.9924,4810686.715,-80.423653,43.44764,At/near private drive,2,P.D. only,Off highway,unknown,unknown,SMV unattended vehicle,Unknown,Dusk,05 - Dusk,Municipal (excl. Twp. Rd.),No control,unknown,0,0,0,FALSE,FALSE,FALSE,Clear,,TRUE,Road 1: MICHENER CRESCENT (IFO 236); Road 2: SPRINGMOUNT DR; Vehicle #1     Make: LEXS     Model: RX5     Colour: BLU     Style: TY; Vehicle #2     Make:      Model:      Colour:      Style:,12/20/2021 10:56:12 AM,546634.9924,4810686.715
51162,21060367,3/18/2021 2:38:00 PM,2021,3,18,14,38,0,Thursday,541360.255,4808641.592,-80.488994,43.429535,At intersection,1,Non-fatal injury,Within intersection,unknown,unknown,Angle,Unknown,Daylight,01 - Daylight,Regional municipality,unknown,Functioning,0,1,0,FALSE,FALSE,FALSE,Clear,,FALSE,Road 1: HOMER WATSON BLVD (60 km/h); Road 2: HOFFMAN ST (50 km/h); Charged Driver #1 on page 1: NA NA (NA) (NA); Vehicle #1     Make: HOND     Model: UAX     Colour: GRY     Style: 4D; Vehicle #2     Make: TOYT     Model: RV4     Colour: RED     Style: TY,12/20/2021 10:56:27 AM,541360.255,4808641.593
51163,21060989,3/19/2021 10:54:00 AM,2021,3,19,10,54,0,Friday,541511.9522,4808906.379,-80.4871,43.431911,At/near private drive,2,P.D. only,Off highway,unknown,unknown,SMV other,Unknown,Daylight,01 - Daylight,Municipal (excl. Twp. Rd.),No control,unknown,0,0,0,FALSE,FALSE,FALSE,Clear,,FALSE,Road 1: 43 SOUTHDALE AVE (50 km/h); Road 2: SOUTHDALE AVE; Distance: 2.0 M E; Vehicle #1     Make: VOLK     Model: JBS     Colour: WHI     Style: 4D,12/20/2021 10:49:08 AM,541511.9522,4808906.379
51164,21061049,3/18/2021 9:10:00 AM,2021,3,18,9,10,0,Thursday,545390.3918,4803476.541,-80.439633,43.382796,Non intersection,2,P.D. only,Right shoulder,unknown,unknown,SMV unattended vehicle,Unknown,Daylight,01 - Daylight,Municipal (excl. Twp. Rd.),No control,unknown,0,0,0,FALSE,FALSE,FALSE,Clear,,TRUE,Road 1: 370 PINE VALLEY DR; Vehicle #1     Make: SUBA     Model: XVC     Colour: WHI     Style: TY; Vehicle #2     Make: BMW     Model: 20X     Colour: GRY     Style: 4D,12/20/2021 10:53:36 AM,545390.3918,4803476.541
51165,21061190,2/12/2021 3:50:00 PM,2021,2,12,15,50,0,Friday,541313.3319,4806225.119,-80.489757,43.40778,Non intersection,2,Non-reportable,Thru lane,unknown,unknown,SMV unattended vehicle,Unknown,Daylight,01 - Daylight,Municipal (excl. Twp. Rd.),No control,unknown,0,0,0,FALSE,FALSE,FALSE,Clear,,TRUE,Road 1: 42 FOLKSTONE CRESCENT; Vehicle #1     Make: TOYT     Model: RG4     Colour: BLK     Style: TY; Vehicle #2     Make: VOLK     Model: TIG     Colour: WHI     Style: TY,12/20/2021 10:48:43 AM,541313.3319,4806225.119
51166,21061425,3/19/2021 7:00:00 PM,2021,3,19,19,0,0,Friday,541874.6635,4810742.839,-80.482478,43.448426,Intersection related,2,P.D. only,Within intersection,unknown,unknown,Angle,Unknown,Dusk,05 - Dusk,Municipal (excl. Twp. Rd.),unknown,Functioning,0,0,0,FALSE,FALSE,FALSE,Clear,,TRUE,Road 1: CEDAR ST N; Road 2: DUKE ST E; Vehicle #1     Make: HOND     Model: UCL     Colour: WHI     Style: 4D; Vehicle #2     Make: HYUN     Model: EGM     Colour: BRZ     Style: 4D,12/20/2021 10:52:41 AM,541874.6635,4810742.839
51167,21061808,3/20/2021 8:30:00 AM,2021,3,20,8,30,0,Saturday,547613.5692,4804528.947,-80.412096,43.392134,At/near private drive,2,P.D. only,Thru lane,unknown,unknown,SMV unattended vehicle,Unknown,Daylight,01 - Daylight,Municipal (excl. Twp. Rd.),No control,unknown,0,0,0,FALSE,FALSE,FALSE,Clear,,TRUE,Road 1: 69 AMHERST DR; Vehicle #1     Make: HYUN     Model: BGS     Colour: BLK     Style: 4D; Vehicle #2     Make: MERZ     Model: C4A     Colour: WHI     Style: 4D,12/20/2021 10:53:39 AM,547613.5692,4804528.947
51168,21062950,3/21/2021 1:00:00 PM,2021,3,21,13,0,0,Sunday,542676.4717,4816157.772,-80.472145,43.497137,At/near private drive,2,Non-reportable,Off highway,unknown,unknown,SMV unattended vehicle,Unknown,Daylight,01 - Daylight,Municipal (excl. Twp. Rd.),No control,unknown,0,0,0,FALSE,FALSE,FALSE,Clear,,TRUE,Road 1: EAGLECREST ST (IFO 14); Vehicle #1     Make: HOND     Model: UDY     Colour: WHI     Style: TY; Vehicle #2     Make:      Model:      Colour:      Style:,12/20/2021 10:52:48 AM,542676.4717,4816157.772
51169,21063915,3/22/2021 5:45:00 PM,2021,3,22,17,45,0,Monday,537220.7894,4807866.129,-80.540189,43.42277,Non intersection,2,P.D. only,Thru lane,unknown,unknown,Other,Unknown,Daylight,01 - Daylight,Municipal (excl. Twp. Rd.),No control,unknown,0,0,0,FALSE,FALSE,FALSE,Clear,,TRUE,Road 1: 280 BLACKWELL DR; Vehicle #1     Make: NISS     Model: QST     Colour: SIL     Style: VN; Vehicle #2     Make: ACUR     Model: MDX     Colour: SIL     Style: TY,12/20/2021 10:53:55 AM,537220.7894,4807866.129
51170,21064566,3/23/2021 3:15:00 PM,2021,3,23,15,15,0,Tuesday,539129.9658,4807876.62,-80.516604,43.422767,Non intersection,2,Non-reportable,Thru lane,unknown,unknown,SMV unattended vehicle,Unknown,Daylight,01 - Daylight,Municipal (excl. Twp. Rd.),No control,unknown,0,0,0,FALSE,FALSE,FALSE,Clear,,TRUE,Road 1: 115 UPLANDS DR (ON THE ROADWAY); Vehicle #1     Make: FORD     Model: CSC     Colour: WHI     Style: IC; Vehicle #2     Make: HOND     Model: FIT     Colour: BLU     Style: 4W,12/20/2021 10:53:04 AM,539129.9658,4807876.62
51171,21065255,3/20/2021 7:00:00 PM,2021,3,20,19,0,0,Saturday,542271.3428,4810383.781,-80.477603,43.445171,Non intersection,2,Non-reportable,Thru lane,unknown,unknown,SMV other,Unknown,Dusk,05 - Dusk,Regional municipality,No control,unknown,0,0,0,FALSE,FALSE,FALSE,Clear,,TRUE,Road 1: FAIRVIEW AVE; Road 2: KING ST E; Vehicle #1     Make: NISS     Model: ROG     Colour: BLK     Style: TY; Vehicle #2     Make:      Model:      Colour:      Style:,12/20/2021 10:56:01 AM,542271.3428,4810383.781
51172,21065267,3/15/2021 4:40:00 PM,2021,3,15,16,40,0,Monday,545144.9172,4807125.367,-80.442362,43.415665,Intersection related,2,Non-reportable,Right turn lane,unknown,unknown,Rear end,Unknown,Daylight,01 - Daylight,Municipal (excl. Twp. Rd.),unknown,Functioning,0,0,0,FALSE,FALSE,FALSE,Clear,,TRUE,Road 1: GOODRICH DR; Road 2: WILSON AVE; Vehicle #1     Make: TOYT     Model: MTL     Colour: GRY     Style: 4D; Vehicle #2     Make:      Model:      Colour:      Style:,12/20/2021 10:52:07 AM,545144.9172,4807125.367
51173,21065952,3/25/2021 11:05:00 AM,2021,3,25,11,5,0,Thursday,545048.207,4810839.598,-80.44325,43.449113,At intersection,2,P.D. only,Within intersection,unknown,unknown,Angle,Unknown,Daylight,01 - Daylight,Municipal (excl. Twp. Rd.),unknown,Functioning,0,0,0,FALSE,FALSE,FALSE,Clear,,FALSE,Road 1: RIVER RD E (50 km/h); Road 2: HOLBORN DR (50 km/h); Charged Driver #1 on page 1: HTA 144 (NA) (NA); Vehicle #1     Make: HOND     Model: CIV     Colour: BLU     Style: 4D; Vehicle #2     Make: TOYT     Model: CTR     Colour: GRY     Style: 4B,12/20/2021 10:56:36 AM,545048.2069,4810839.598
51174,21065958,3/25/2021 11:10:00 AM,2021,3,25,11,10,0,Thursday,540700.8398,4811053.765,-80.496961,43.451291,Intersection related,2,Non-reportable,Thru lane,unknown,unknown,Other,Unknown,Daylight,01 - Daylight,Municipal (excl. Twp. Rd.),unknown,Functioning,0,0,0,FALSE,FALSE,FALSE,Clear,,TRUE,Road 1: QUEEN ST S; Road 2: JOSEPH ST; Vehicle #1     Make: HOND     Model: UDY     Colour: GRY     Style: TY; Vehicle #2     Make:      Model:      Colour:      Style:,12/20/2021 10:52:11 AM,540700.8398,4811053.765
51175,21066212,3/24/2021 10:07:00 AM,2021,3,24,10,7,0,Wednesday,542154.9146,4811355.678,-80.478967,43.453929,At/near private drive,2,P.D. only,Thru lane,unknown,unknown,Angle,Unknown,Daylight,01 - Daylight,Municipal (excl. Twp. Rd.),No control,unknown,1,0,0,FALSE,FALSE,FALSE,Clear,,FALSE,Road 1: 30 SAMUEL ST (40 km/h); Road 2: SAMUEL ST; Distance: 5.0 M E; Vehicle #1     Make: HOND     Model: CVL     Colour: WHI     Style: 2D; Vehicle #2     Make: CHEV     Model: EXP     Colour: WHI     Style: VN,12/20/2021 10:53:44 AM,542154.9146,4811355.678
51176,21066260,3/25/2021 2:40:00 PM,2021,3,25,14,40,0,Thursday,544574.441,4804497.869,-80.449623,43.392041,Non intersection,2,P.D. only,Right shoulder,unknown,unknown,SMV unattended vehicle,Unknown,Daylight,01 - Daylight,Municipal (excl. Twp. Rd.),No control,unknown,0,0,0,FALSE,FALSE,FALSE,Clear,,TRUE,Road 1: NATHANIEL CRESCENT; Road 2: PIONEER DR; Vehicle #1     Make: AUDI     Model: 4QP     Colour: WHI     Style: 4D; Vehicle #2     Make: NISS     Model: ROG     Colour: GRY     Style: TY,12/20/2021 10:53:58 AM,544574.441,4804497.87
51177,21066454,3/25/2021 10:11:00 PM,2021,3,25,22,11,0,Thursday,542396.5971,4811080.186,-80.476001,43.451434,Non intersection,1,Non-fatal injury,Thru lane,unknown,unknown,Approaching,Unknown,"Dark, artificial","08 - Dark, artificial",Municipal (excl. Twp. Rd.),No control,unknown,3,0,0,FALSE,TRUE,FALSE,Clear,,FALSE,Road 1: KRUG ST (50 km/h); Road 2: SIMEON ST; Distance: 1.0 M W; Vehicle #1     Make: CHEV     Model: NWG     Colour: GRY     Style: PK; Vehicle #2     Make: BICY     Model: EBIK     Colour:      Style: EBI,12/20/2021 10:51:37 AM,542396.5971,4811080.186
51178,21067249,3/26/2021 10:03:00 PM,2021,3,26,22,3,0,Friday,545964.9768,4803112.896,-80.43257,43.379486,Non intersection,2,P.D. only,Right shoulder,unknown,unknown,SMV unattended vehicle,Unknown,Dark,07 - Dark,Municipal (excl. Twp. Rd.),No control,unknown,0,0,0,FALSE,FALSE,FALSE,Clear,,FALSE,Road 1: 471 DOON SOUTH DR (40 km/h); Road 2: DOON SOUTH DR; Distance: 10.0 K E; Vehicle #1     Make:      Model:      Colour:      Style: PIC; Vehicle #2     Make: CHEV     Model: 2KN     Colour: WHI     Style: PK,12/20/2021 10:53:08 AM,545964.9768,4803112.896
51179,21067607,3/27/2021 11:40:00 AM,2021,3,27,11,40,0,Saturday,544785.4486,4811398.336,-80.446451,43.45416,Non intersection,2,P.D. only,Thru lane,unknown,unknown,Rear end,Unknown,Daylight,01 - Daylight,Regional municipality,No control,unknown,0,0,0,FALSE,FALSE,FALSE,Clear,,TRUE,Road 1: RIVER RD E; Road 2: HICKSON DR; Vehicle #1     Make: HOND     Model: UCL     Colour: BLU     Style: 2D; Vehicle #2     Make: HYUN     Model: SFT     Colour: BLU     Style: TY,12/20/2021 10:54:54 AM,544785.4486,4811398.336
51180,21067641,3/18/2021 5:00:00 PM,2021,3,18,17,0,0,Thursday,538222.0656,4810183.613,-80.527658,43.443586,At/near private drive,2,Non-reportable,Off highway,unknown,unknown,SMV unattended vehicle,Unknown,Daylight,01 - Daylight,Municipal (excl. Twp. Rd.),No control,unknown,0,0,0,FALSE,FALSE,FALSE,Clear,,TRUE,Road 1: ROSSFORD CRESCENT (IFO 107); Vehicle #1     Make:      Model:      Colour:      Style: ; Vehicle #2     Make: HOND     Model: FIT     Colour: PLE     Style: 4B,12/20/2021 10:52:46 AM,538222.0656,4810183.613
51181,21068466,3/28/2021 2:00:00 PM,2021,3,28,14,0,0,Sunday,548102.2825,4810896.464,-80.405501,43.449435,At/near private drive,2,P.D. only,Thru lane,unknown,unknown,Other,Unknown,Daylight,01 - Daylight,Municipal (excl. Twp. Rd.),No control,unknown,0,0,0,FALSE,FALSE,FALSE,Clear,,TRUE,Road 1: 1534 ZELLER DR; Vehicle #1     Make: TOYT     Model: RUN     Colour: WHI     Style: TY; Vehicle #2     Make: FORD     Model: EPR     Colour: BLK     Style: TY,12/20/2021 10:54:57 AM,548102.2825,4810896.464