OBJECTID,ACCIDENTNUM,ACCIDENTDATE,ACCIDENT_YEAR,ACCIDENT_MONTH,ACCIDENT_DAY,ACCIDENT_HOUR,ACCIDENT_MINUTE,ACCIDENT_SECOND,ACCIDENT_WEEKDAY,XCOORD,YCOORD,LONGITUDE,LATITUDE,ACCIDENTLOCATION,COLLISIONTYPE,CLASSIFICATIONOFACCIDENT,IMPACTLOCATION,INITIALDIRECTIONOFTRAVELONE,INITIALDIRECTIONOFTRAVELTWO,INITIALIMPACTTYPE,INTTRAFFICCONTROL,LIGHT,LIGHTFORREPORT,ROADJURISDICTION,TRAFFICCONTROL,TRAFFICCONTROLCONDITION,THRULANENO,NORTHBOUNDDISOBEYCOUNT,SOUTHBOUNDDISOBEYCOUNT,PEDESTRIANINVOLVED,CYCLISTINVOLVED,MOTORCYCLISTINVOLVED,ENVIRONMENTCONDITION1,ENVIRONMENTCONDITION2,SELFREPORTED,XMLIMPORTNOTES,LASTEDITEDDATE,x,y
51182,21069810,3/30/2021 9:30:00 AM,2021,3,30,9,30,0,Tuesday,539820.067,4809783.827,-80.50794,43.439903,At/near private drive,1,Non-fatal injury,Left turn lane,unknown,unknown,Angle,Unknown,Daylight,01 - Daylight,Municipal (excl. Twp. Rd.),No control,unknown,0,0,0,FALSE,FALSE,FALSE,Clear,,FALSE,Road 1: BELMONT AVE W (50 km/h); Road 2: HIGHLAND RD W; Distance: 32.0 M N; Vehicle #1     Make: NISS     Model: CUB     Colour: BLU     Style: TY; Vehicle #2     Make: CHEV     Model: CZT     Colour: RED     Style: 4D,1/3/2023 10:20:17 AM,539820.067,4809783.827
51183,21070045,3/30/2021 1:51:00 PM,2021,3,30,13,51,0,Tuesday,539297.3021,4811575.631,-80.51427,43.456064,At intersection,2,P.D. only,Within intersection,unknown,unknown,Angle,Unknown,Daylight,01 - Daylight,Municipal (excl. Twp. Rd.),unknown,Functioning,0,0,0,FALSE,FALSE,FALSE,Clear,,FALSE,Road 1: PARK ST (50 km/h); Road 2: MOUNT HOPE ST (40 km/h); Vehicle #1     Make: PETE     Model:      Colour:      Style: 4DR; Vehicle #2     Make: TOYT     Model: SIE     Colour: WHI     Style: VN,12/20/2021 10:49:52 AM,539297.3021,4811575.631
51184,21071835,4/1/2021 2:00:00 PM,2021,4,1,14,0,0,Thursday,540566.6555,4812716.566,-80.498496,43.46627,Non intersection,2,P.D. only,Thru lane,unknown,unknown,Sideswipe,Unknown,Daylight,01 - Daylight,Municipal (excl. Twp. Rd.),No control,unknown,0,0,0,FALSE,FALSE,FALSE,Clear,,TRUE,Road 1: MARGARET AVE; Road 2: UNION ST; Vehicle #1     Make: FORD     Model: COF     Colour: BLK     Style: PK; Vehicle #2     Make:      Model:      Colour:      Style:,12/20/2021 10:55:47 AM,540566.6555,4812716.566
51185,21072172,4/2/2021 5:51:00 AM,2021,4,2,5,51,0,Friday,539983.9327,4810586.371,-80.505856,43.447121,Non intersection,2,P.D. only,Right shoulder,unknown,unknown,SMV unattended vehicle,Unknown,"Dark, artificial","08 - Dark, artificial",Municipal (excl. Twp. Rd.),No control,unknown,0,0,0,FALSE,FALSE,FALSE,Clear,,FALSE,Road 1: HERLAN AVE (50 km/h); Road 2: 27 HERLAN AVE; Distance: 10.0 M N; Vehicle #1     Make: PETE     Model:      Colour:      Style: ; Vehicle #2     Make: TOYT     Model: CBL     Colour: GRY     Style: 4D,12/20/2021 10:51:16 AM,539983.9327,4810586.371
51186,21072365,3/31/2021 4:00:00 PM,2021,3,31,16,0,0,Wednesday,541142.6655,4806765.106,-80.491824,43.412651,Intersection related,2,P.D. only,Thru lane,unknown,unknown,Rear end,Unknown,Daylight,01 - Daylight,Regional municipality,unknown,Functioning,0,0,0,FALSE,FALSE,FALSE,Clear,,TRUE,Road 1: BLOCK LINE RD; Road 2: LAURENTIAN DR; Vehicle #1     Make: TOYT     Model: PRI     Colour: BLK     Style: 4B; Vehicle #2     Make: TOYT     Model: TAC     Colour: BLK     Style: PK,12/20/2021 10:54:12 AM,541142.6655,4806765.106
51187,21072367,4/1/2021 12:00:00 PM,2021,4,1,12,0,0,Thursday,537998.4171,4808216.207,-80.530558,43.425883,Non intersection,2,P.D. only,Thru lane,unknown,unknown,SMV unattended vehicle,Unknown,Daylight,01 - Daylight,Regional municipality,No control,unknown,0,0,0,FALSE,FALSE,FALSE,Clear,,TRUE,Road 1: 10 TRAILVIEW DR; Vehicle #1     Make: HOND     Model: PIL     Colour: WHI     Style: TY; Vehicle #2     Make: MAZD     Model: M3I     Colour: GRY     Style: 4D,12/20/2021 10:55:00 AM,537998.4171,4808216.207
51188,21072665,4/2/2021 6:45:00 PM,2021,4,2,18,45,0,Friday,538685.4799,4806981.168,-80.522158,43.414727,At/near private drive,2,P.D. only,Thru lane,unknown,unknown,Other,Unknown,Daylight,01 - Daylight,Municipal (excl. Twp. Rd.),No control,unknown,0,0,0,FALSE,FALSE,FALSE,Clear,,TRUE,Road 1: 633 WINDFLOWER CRESCENT; Vehicle #1     Make: TOYT     Model: AXP     Colour: BLK     Style: 4D; Vehicle #2     Make: TOYT     Model: MTL     Colour: BLU     Style: 4D,12/20/2021 10:55:29 AM,538685.4799,4806981.168
51189,21072958,4/3/2021 3:41:00 AM,2021,4,3,3,41,0,Saturday,540430.7883,4809654.183,-80.500403,43.438703,Intersection related,2,P.D. only,Not on roadway - right side,unknown,unknown,SMV other,Unknown,Dark,07 - Dark,Municipal (excl. Twp. Rd.),unknown,unknown,0,0,0,FALSE,FALSE,FALSE,Clear,,FALSE,Road 1: QUEEN'S BLVD (50 km/h); Road 2: REX DR (50 km/h); Distance: 40.0 M S; Vehicle #1     Make: TOYO     Model: UCS     Colour:      Style:,12/20/2021 10:49:55 AM,540430.7883,4809654.183
51190,21073161,4/3/2021 11:30:00 AM,2021,4,3,11,30,0,Saturday,541349.1459,4808055.538,-80.489176,43.424259,Non intersection,2,P.D. only,Thru lane,unknown,unknown,Angle,Unknown,Daylight,01 - Daylight,Regional municipality,No control,unknown,0,0,0,FALSE,FALSE,FALSE,Clear,,TRUE,Road 1: STRASBURG RD; Road 2: OTTAWA ST S; Vehicle #1     Make: FORD     Model: FEE     Colour: WHI     Style: 4D; Vehicle #2     Make: FORD     Model: MUS     Colour: GRN     Style: 2D,12/20/2021 10:55:49 AM,541349.1459,4808055.538
51191,21073330,4/3/2021 3:30:00 PM,2021,4,3,15,30,0,Saturday,539444.7878,4806048.907,-80.512846,43.406294,Intersection related,2,P.D. only,Thru lane,unknown,unknown,Rear end,Unknown,Daylight,01 - Daylight,Municipal (excl. Twp. Rd.),unknown,Functioning,0,0,0,FALSE,FALSE,FALSE,Clear,,TRUE,Road 1: MAX BECKER DR; Road 2: ACTIVA AVE; Vehicle #1     Make: DODG     Model: JOU     Colour: BLK     Style: TY; Vehicle #2     Make: MERZ     Model: GK3     Colour: WHI     Style: TY,12/20/2021 10:54:24 AM,539444.7878,4806048.907
51192,21073385,4/3/2021 4:56:00 PM,2021,4,3,16,56,0,Saturday,536986.0729,4810005.788,-80.542944,43.442047,Intersection related,1,Non-fatal injury,Within intersection,unknown,unknown,Other,Unknown,Daylight,01 - Daylight,Municipal (excl. Twp. Rd.),unknown,Functioning,0,0,0,FALSE,FALSE,FALSE,Clear,,FALSE,Road 1: GLASGOW ST (50 km/h); Road 2: NORTHFOREST TRAIL (50 km/h); Vehicle #1     Make: TOYT     Model: RG4     Colour: GRY     Style: TY; Vehicle #2     Make: FORD     Model: EPR     Colour: BLU     Style: TY,12/20/2021 10:52:19 AM,536986.0729,4810005.788
51193,21073993,4/4/2021 3:00:00 PM,2021,4,4,15,0,0,Sunday,545494.1339,4811168.001,-80.437712,43.452043,Non intersection,2,P.D. only,Thru lane,unknown,unknown,Sideswipe,Unknown,Daylight,01 - Daylight,Municipal (excl. Twp. Rd.),No control,unknown,0,0,0,FALSE,FALSE,FALSE,Clear,,TRUE,Road 1: 12 CARNABY CRESCENT (ON THE ROADWAY); Vehicle #1     Make: HOND     Model: FB2     Colour: GRY     Style: 4D; Vehicle #2     Make: HYUN     Model: EGM     Colour: BLU     Style: 4D,12/20/2021 10:49:12 AM,545494.1339,4811168.001
51194,21074178,4/4/2021 12:00:00 PM,2021,4,4,12,0,0,Sunday,540560.7219,4810822.115,-80.49871,43.449212,Non intersection,2,Non-reportable,Thru lane,unknown,unknown,SMV unattended vehicle,Unknown,Daylight,01 - Daylight,Municipal (excl. Twp. Rd.),No control,unknown,0,0,0,FALSE,FALSE,FALSE,Clear,,TRUE,Road 1: 35 LINDEN AVE (ON THE ROADWAY); Vehicle #1     Make:      Model:      Colour:      Style: ; Vehicle #2     Make: VOLK     Model: DTC     Colour: WHI     Style: 4D,12/20/2021 10:48:45 AM,540560.7219,4810822.115
51195,21074635,3/25/2021 4:34:00 PM,2021,3,25,16,34,0,Thursday,544560.1711,4811740.249,-80.449208,43.457252,Intersection related,2,P.D. only,Thru lane,unknown,unknown,Rear end,Unknown,Daylight,01 - Daylight,Regional municipality,unknown,Functioning,0,0,0,FALSE,FALSE,FALSE,Clear,,TRUE,Road 1: RIVER RD E; Road 2: LORRAINE AVE; Vehicle #1     Make: VOLK     Model: TOU     Colour: WHI     Style: TY; Vehicle #2     Make:      Model:      Colour:      Style:,12/20/2021 10:52:30 AM,544560.1711,4811740.249
51196,21075427,4/7/2021 8:30:00 AM,2021,4,7,8,30,0,Wednesday,539508.6503,4805987.287,-80.512062,43.405735,At/near private drive,2,P.D. only,Thru lane,unknown,unknown,SMV unattended vehicle,Unknown,Daylight,01 - Daylight,Municipal (excl. Twp. Rd.),No control,unknown,0,0,0,FALSE,FALSE,FALSE,Clear,,TRUE,Road 1: 22 MAX BECKER DR; Vehicle #1     Make: TOYT     Model: CBL     Colour: RED     Style: 4D; Vehicle #2     Make: FORD     Model: SPE     Colour: GRY     Style: TY,12/20/2021 10:49:16 AM,539508.6503,4805987.287
51197,21075493,4/2/2021 10:45:00 AM,2021,4,2,10,45,0,Friday,542582.2023,4805341.569,-80.474155,43.399753,Non intersection,2,P.D. only,Thru lane,unknown,unknown,SMV unattended vehicle,Unknown,Daylight,01 - Daylight,Municipal (excl. Twp. Rd.),No control,unknown,0,0,0,FALSE,FALSE,FALSE,Clear,,TRUE,Road 1: TRILLIUM DR; Road 2: MCBRINE DR; Vehicle #1     Make:      Model:      Colour:      Style: ; Vehicle #2     Make: TOYT     Model: C4E     Colour: BLK     Style: 4D,12/20/2021 10:48:31 AM,542582.2023,4805341.57
51198,21075497,4/2/2021 11:00:00 AM,2021,4,2,11,0,0,Friday,540053.5634,4807308.725,-80.505236,43.417605,At/near private drive,2,P.D. only,Thru lane,unknown,unknown,SMV unattended vehicle,Unknown,Daylight,01 - Daylight,Municipal (excl. Twp. Rd.),No control,unknown,0,0,0,FALSE,FALSE,FALSE,Clear,,TRUE,Road 1: HILLSBOROUGH CRESCENT (IFO 107); Road 2: PINEDALE DR; Vehicle #1     Make:      Model:      Colour:      Style: ; Vehicle #2     Make: VOLK     Model: TIG     Colour: BLK     Style: TY,12/20/2021 10:55:32 AM,540053.5634,4807308.725
51199,21076086,4/7/2021 6:15:00 AM,2021,4,7,6,15,0,Wednesday,544351.6683,4803090.364,-80.452487,43.379381,Non intersection,2,P.D. only,Off highway,unknown,unknown,SMV other,Unknown,Dawn,03 - Dawn,Municipal (excl. Twp. Rd.),No control,unknown,0,0,0,FALSE,FALSE,FALSE,Clear,,FALSE,Road 1: CARYNDALE DR (50 km/h); Road 2: ROBERT FERRIE DR; Distance: 6.0 M S; Vehicle #1     Make: HYUN     Model: ESS     Colour: WHI     Style: 4D,12/20/2021 10:53:13 AM,544351.6683,4803090.364
51200,21076171,3/22/2021 8:10:00 AM,2021,3,22,8,10,0,Monday,543856.5472,4805112.858,-80.458437,43.39762,Intersection related,2,P.D. only,Thru lane,unknown,unknown,Sideswipe,Unknown,Daylight,01 - Daylight,Regional municipality,unknown,unknown,0,0,0,FALSE,FALSE,FALSE,Clear,,TRUE,Road 1: HURON RD; Road 2: TRILLIUM DR; Vehicle #1     Make: SUBA     Model: BLB     Colour: GRY     Style: 2D; Vehicle #2     Make: AUTC     Model: XPT     Colour: WHI     Style: CO,12/20/2021 10:51:56 AM,543856.5472,4805112.858
51201,21076319,3/20/2021 9:30:00 AM,2021,3,20,9,30,0,Saturday,540800.7942,4812108.043,-80.495647,43.460778,At/near private drive,2,Non-reportable,Thru lane,unknown,unknown,Other,Unknown,Daylight,01 - Daylight,Municipal (excl. Twp. Rd.),No control,unknown,0,0,0,FALSE,FALSE,FALSE,Clear,,TRUE,Road 1: 209 AHRENS ST W; Vehicle #1     Make:      Model:      Colour:      Style: ; Vehicle #2     Make: FORD     Model: FSE     Colour: GRY     Style: 4D,12/20/2021 10:51:44 AM,540800.7942,4812108.043
51202,21076395,4/7/2021 2:36:00 PM,2021,4,7,14,36,0,Wednesday,545119.417,4807678.782,-80.442631,43.420649,At/near private drive,2,P.D. only,Thru lane,unknown,unknown,Turning movement,Unknown,Daylight,01 - Daylight,Regional municipality,No control,unknown,1,0,0,FALSE,FALSE,FALSE,Clear,,FALSE,Road 1: 385 WILSON AVE (50 km/h); Road 2: FAIRWAY RD S; Distance: 48.0 M S; Charged Driver #1 on page 1: HTA 142 (1) (NA); Vehicle #1     Make: KIA     Model: EUG     Colour: YEL     Style: TY; Vehicle #2     Make: PONT     Model: 6BS     Colour: GRY     ,12/20/2021 10:56:17 AM,545119.417,4807678.782
51203,21076593,4/1/2021 7:30:00 AM,2021,4,1,7,30,0,Thursday,545086.4037,4811844.707,-80.442695,43.458161,At/near private drive,2,P.D. only,Thru lane,unknown,unknown,SMV unattended vehicle,Unknown,Daylight,01 - Daylight,Municipal (excl. Twp. Rd.),No control,unknown,0,0,0,FALSE,FALSE,FALSE,Clear,,TRUE,Road 1: 52 MONTCALM DR; Vehicle #1     Make:      Model:      Colour:      Style: ; Vehicle #2     Make: TOYT     Model: MTL     Colour: GRY     Style: 4D,12/20/2021 10:49:15 AM,545086.4037,4811844.707
51204,21076651,4/7/2021 6:49:00 PM,2021,4,7,18,49,0,Wednesday,543988.23,4807777.926,-80.456596,43.421609,Intersection related,2,P.D. only,Within intersection,unknown,unknown,Angle,Unknown,Daylight,01 - Daylight,Municipal (excl. Twp. Rd.),unknown,Functioning,0,0,0,FALSE,TRUE,FALSE,Clear,,FALSE,Road 1: SIEBERT AVE (50 km/h); Road 2: VANIER DR (50 km/h); Vehicle #1     Make:      Model: -     Colour:      Style: ; Vehicle #2     Make: HYUN     Model: SGL     Colour: GRY     Style: 4D,12/20/2021 10:47:44 AM,543988.23,4807777.926
51205,21077210,4/3/2021 5:50:00 PM,2021,4,3,17,50,0,Saturday,540755.9909,4807993.253,-80.496508,43.423731,At/near private drive,2,Non-reportable,Thru lane,unknown,unknown,SMV unattended vehicle,Unknown,Daylight,01 - Daylight,Municipal (excl. Twp. Rd.),No control,unknown,0,0,0,FALSE,TRUE,FALSE,Clear,,TRUE,Road 1: 11 ELMSDALE DR; Vehicle #1     Make:      Model:      Colour:      Style: ; Vehicle #2     Make: FORD     Model: FSE     Colour: GRY     Style: 4D,12/20/2021 10:49:10 AM,540755.9909,4807993.253
51206,21077369,3/28/2021 8:00:00 PM,2021,3,28,20,0,0,Sunday,547959.2097,4804544.703,-80.407827,43.392254,At/near private drive,2,Non-reportable,Thru lane,unknown,unknown,SMV unattended vehicle,Unknown,Dark,07 - Dark,Municipal (excl. Twp. Rd.),No control,unknown,0,0,0,FALSE,FALSE,FALSE,Clear,,TRUE,Road 1: 12 ORCHARD MILL CRESCENT; Vehicle #1     Make:      Model:      Colour:      Style: ; Vehicle #2     Make: FORD     Model: FSE     Colour: GRY     Style: 4D,12/20/2021 10:48:33 AM,547959.2097,4804544.703
51207,21078274,4/7/2021 4:00:00 PM,2021,4,7,16,0,0,Wednesday,544207.4466,4803633.52,-80.454224,43.38428,Non intersection,2,Non-reportable,Thru lane,unknown,unknown,Rear end,Unknown,Daylight,01 - Daylight,Municipal (excl. Twp. Rd.),No control,unknown,0,0,0,FALSE,FALSE,FALSE,Clear,,TRUE,Road 1: CARYNDALE DR; Road 2: CHAPEL HILL DR; Vehicle #1     Make: TOYT     Model: RUN     Colour: GRY     Style: TY; Vehicle #2     Make: TOYT     Model: CBL     Colour: SIL     Style: 4D,12/20/2021 10:50:18 AM,544207.4466,4803633.52
51208,21078275,4/7/2021 1:20:00 PM,2021,4,7,13,20,0,Wednesday,536403.0896,4807788.706,-80.550295,43.422113,At/near private drive,2,P.D. only,Thru lane,unknown,unknown,SMV unattended vehicle,Unknown,Daylight,01 - Daylight,Municipal (excl. Twp. Rd.),No control,unknown,0,0,0,FALSE,FALSE,FALSE,Clear,,TRUE,Road 1: 89 COVINGTON CRESCENT (IN DRIVE WAY); Vehicle #1     Make:      Model:      Colour:      Style: ; Vehicle #2     Make: MERZ     Model: M35     Colour: BLU     Style: TY,12/20/2021 10:51:12 AM,536403.0896,4807788.706
51209,21079314,4/10/2021 3:43:00 PM,2021,4,10,15,43,0,Saturday,541564.3195,4813804.974,-80.48608,43.476015,Non intersection,1,Non-fatal injury,Thru lane,unknown,unknown,SMV other,Unknown,Daylight,01 - Daylight,Regional municipality,No control,unknown,1,0,0,FALSE,FALSE,TRUE,Clear,,FALSE,Road 1: BRIDGEPORT RD (50 km/h); Road 2: LANCASTER ST W; Distance: 3.0 M S; Vehicle #1     Make: HD     Model: 20C     Colour: BLK     Style: MS,1/3/2023 10:10:03 AM,541564.3195,4813804.974
51210,21079807,4/11/2021 12:11:00 AM,2021,4,11,0,11,0,Sunday,542507.0983,4806176.913,-80.475017,43.407279,Non intersection,2,P.D. only,Left shoulder,unknown,unknown,SMV other,Unknown,Dark,07 - Dark,Municipal (excl. Twp. Rd.),No control,unknown,0,0,0,FALSE,FALSE,FALSE,Clear,,FALSE,Road 1: STRASBURG RD (50 km/h); Road 2: BLEAMS (60 km/h); Vehicle #1     Make: PETE     Model:      Colour:      Style: SED,1/3/2023 10:10:00 AM,542507.0983,4806176.913
51211,21080611,4/12/2021 1:34:00 AM,2021,4,12,1,34,0,Monday,539708.0531,4806653.176,-80.509551,43.411721,At/near private drive,2,P.D. only,Thru lane,unknown,unknown,SMV unattended vehicle,Unknown,Dark,07 - Dark,Municipal (excl. Twp. Rd.),No control,unknown,1,0,0,FALSE,FALSE,FALSE,Clear,,FALSE,Road 1: ACTIVA AVE (50 km/h); Road 2: 41 ACTIVA AVE; Distance: 1.0 M W; Charged Driver #1 on page 1: HTA 130 (NA) (NA); Vehicle #1     Make: MAZD     Model: CX5     Colour: GRY     Style: TY; Vehicle #2     Make: DODG     Model: AVN     Colour: BLK     St,12/20/2021 10:56:56 AM,539708.0531,4806653.176
51212,21080986,4/12/2021 3:25:00 PM,2021,4,12,15,25,0,Monday,545035.5803,4807868.617,-80.443651,43.422363,Intersection related,2,P.D. only,Left turn lane,unknown,unknown,Approaching,Unknown,Daylight,01 - Daylight,Regional municipality,unknown,Functioning,0,0,0,FALSE,FALSE,FALSE,Clear,,FALSE,Road 1: KINGSWAY DR (50 km/h); Road 2: WILSON AVE (50 km/h); Vehicle #1     Make: DODG     Model: CAR     Colour: GRN     Style: VN; Vehicle #2     Make: NISS     Model: PFI     Colour: BLK     Style: TY,12/20/2021 10:51:59 AM,545035.5803,4807868.617
51213,21082170,4/14/2021 7:22:00 AM,2021,4,14,7,22,0,Wednesday,538923.6529,4810144.384,-80.518991,43.443197,At/near private drive,2,P.D. only,Thru lane,unknown,unknown,Other,Unknown,Daylight,01 - Daylight,Municipal (excl. Twp. Rd.),No control,unknown,1,0,0,FALSE,FALSE,FALSE,Clear,,FALSE,Road 1: 437 KARN ST (50 km/h); Road 2: KARN ST; Distance: 1.0 M N; Vehicle #1     Make: DODG     Model: JOU     Colour: BLU     Style: TY; Vehicle #2     Make: NISS     Model: VSL     Colour: BLU     Style: 4B,12/20/2021 10:53:42 AM,538923.6529,4810144.384
51214,21082276,4/1/2021 3:45:00 PM,2021,4,1,15,45,0,Thursday,548200.8162,4810714.118,-80.4043,43.447787,At intersection,2,P.D. only,Thru lane,unknown,unknown,Rear end,Unknown,Daylight,01 - Daylight,Regional municipality,unknown,Functioning,0,0,0,FALSE,FALSE,FALSE,Clear,,TRUE,Road 1: FAIRWAY RD N; Road 2: WOOLNER TRAIL; Vehicle #1     Make: HYUN     Model: ESS     Colour: WHI     Style: 4D; Vehicle #2     Make: HOND     Model: UCD     Colour: SIL     Style: 4D,12/20/2021 10:47:47 AM,548200.8162,4810714.118
51215,21082313,2/23/2021 8:55:00 AM,2021,2,23,8,55,0,Tuesday,540141.5045,4805718.878,-80.504266,43.403285,Non intersection,2,Non-reportable,Thru lane,unknown,unknown,Sideswipe,Unknown,"Daylight, artificial","02 - Daylight, artificial",Municipal (excl. Twp. Rd.),No control,unknown,0,0,0,FALSE,FALSE,FALSE,Clear,,TRUE,Road 1: 760 COMMONWEALTH CRESCENT LAURENTIAN WEST; Vehicle #1     Make:      Model:      Colour:      Style: ; Vehicle #2     Make: FORD     Model: SPE     Colour: BLK     Style: TY,12/20/2021 10:50:46 AM,540141.5045,4805718.878
51216,21082408,4/10/2021 11:50:00 PM,2021,4,10,23,50,0,Saturday,547486.465,4802998.845,-80.413798,43.378365,Non intersection,2,P.D. only,Thru lane,unknown,unknown,SMV other,Unknown,Dark,07 - Dark,Municipal (excl. Twp. Rd.),No control,unknown,0,0,0,FALSE,FALSE,FALSE,Clear,,TRUE,Road 1: PINNACLE DR; Road 2: THOMAS SLEE DR; Vehicle #1     Make: DODG     Model: CAR     Colour: BLU     Style: VN,12/20/2021 10:56:08 AM,547486.465,4802998.845
51217,21084083,4/13/2021 8:00:00 AM,2021,4,13,8,0,0,Tuesday,544552.1217,4808729.344,-80.449553,43.430142,At/near private drive,2,P.D. only,Off highway,unknown,unknown,SMV unattended vehicle,Unknown,Daylight,01 - Daylight,Municipal (excl. Twp. Rd.),No control,unknown,0,0,0,FALSE,FALSE,FALSE,Clear,,TRUE,Road 1: 100 8TH AVE KITCHENER ON (IFO 8TH AVE); Vehicle #1     Make:      Model:      Colour:      Style: ; Vehicle #2     Make: KIA     Model: RIO     Colour: SIL     Style: 4D,12/20/2021 10:50:48 AM,544552.1217,4808729.344
51218,21084331,4/16/2021 4:15:00 PM,2021,4,16,16,15,0,Friday,545069.6025,4810785.332,-80.44299,43.448623,Non intersection,2,P.D. only,Thru lane,unknown,unknown,Sideswipe,Unknown,Daylight,01 - Daylight,Regional municipality,No control,unknown,0,0,0,FALSE,FALSE,FALSE,Clear,,TRUE,Road 1: RIVER RD E; Road 2: HOLBORN DR; Vehicle #1     Make: CHRY     Model: SLT     Colour: BLK     Style: 4D; Vehicle #2     Make: FORD     Model: RNG     Colour: BLU     Style: PK,12/20/2021 10:54:34 AM,545069.6025,4810785.332
51219,21084366,4/16/2021 4:30:00 PM,2021,4,16,16,30,0,Friday,539926.6539,4811945.626,-80.506464,43.459363,Non intersection,2,P.D. only,Not on roadway - right side,unknown,unknown,SMV other,Unknown,Daylight,01 - Daylight,Municipal (excl. Twp. Rd.),No control,unknown,0,0,0,FALSE,FALSE,FALSE,Clear,,FALSE,Road 1: 184 MOORE AVE (50 km/h); Road 2: MOORE AVE; Distance: 5.0 M S; Charged Driver #1 on page 1: NA NA (NA) (NA); Vehicle #1     Make: NISS     Model: MIC     Colour: GRN     Style: 4B,2/11/2022 11:16:31 AM,539926.6539,4811945.626
51220,21084470,4/16/2021 7:15:00 PM,2021,4,16,19,15,0,Friday,540117.3159,4812114.309,-80.504095,43.460871,Non intersection,2,P.D. only,Not on roadway - right side,unknown,unknown,SMV other,Unknown,Daylight,01 - Daylight,Municipal (excl. Twp. Rd.),No control,unknown,0,0,0,FALSE,FALSE,FALSE,Clear,,FALSE,Road 1: 222 WATERLOO ST (50 km/h); Road 2: WATERLOO ST; Distance: 0.0 M N; Charged Driver #1 on page 1: NA NA (NA) (NA); Vehicle #1     Make: NISS     Model: MIC     Colour: GRN     Style: 4B,2/11/2022 11:16:23 AM,540117.3159,4812114.309
51221,21087434,4/19/2021 5:30:00 PM,2021,4,19,17,30,0,Monday,543020.5231,4814187.539,-80.468045,43.479377,Intersection related,2,P.D. only,Within intersection,unknown,unknown,Angle,Unknown,Daylight,01 - Daylight,Municipal (excl. Twp. Rd.),unknown,Functioning,0,0,0,FALSE,FALSE,FALSE,Rain,,TRUE,Road 1: TAGGE ST; Road 2: STANLEY AVE; Vehicle #1     Make: PONT     Model: GGT     Colour: BLK     Style: 4D; Vehicle #2     Make: BUIC     Model: UXS     Colour: GRY     Style: 4D,12/20/2021 10:47:29 AM,543020.5231,4814187.539
51222,21087450,3/1/2021 7:30:00 PM,2021,3,1,19,30,0,Monday,544891.3641,4809558.79,-80.445294,43.43759,At/near private drive,2,Non-reportable,Off highway,unknown,unknown,SMV unattended vehicle,Unknown,Dark,07 - Dark,Municipal (excl. Twp. Rd.),No control,unknown,0,0,0,FALSE,FALSE,FALSE,Clear,,TRUE,Road 1: 115 SHUH AVE (ON THE ROADWAY); Vehicle #1     Make:      Model:      Colour:      Style: ; Vehicle #2     Make: TOYT     Model: CHL     Colour: GRY     Style: 4D,12/20/2021 10:51:14 AM,544891.3641,4809558.79
51223,21087474,4/19/2021 7:55:00 AM,2021,4,19,7,55,0,Monday,541410.0974,4810747.775,-80.488219,43.448497,Non intersection,2,P.D. only,Thru lane,unknown,unknown,Sideswipe,Unknown,Daylight,01 - Daylight,Regional municipality,No control,unknown,0,0,0,FALSE,FALSE,FALSE,Clear,,TRUE,Road 1: BENTON ST; Road 2: CHARLES ST E; Vehicle #1     Make: DODG     Model: CAR     Colour: MLT     Style: VN; Vehicle #2     Make: JEEP     Model: GCK     Colour: BLK     Style: TY,12/20/2021 10:50:21 AM,541410.0974,4810747.775
51224,21087496,4/20/2021 12:26:00 PM,2021,4,20,12,26,0,Tuesday,539261.7937,4809756.53,-80.51484,43.439687,Non intersection,2,P.D. only,Thru lane,unknown,unknown,Approaching,Unknown,Daylight,01 - Daylight,Municipal (excl. Twp. Rd.),No control,unknown,1,0,0,FALSE,FALSE,FALSE,Clear,,FALSE,Road 1: 20 PAULANDER DR (50 km/h); Road 2: PAULANDER DR; Distance: 5.0 M S; Charged Driver #1 on page 1: HTA 130 (NA) (NA); Vehicle #1     Make: PONT     Model: WLT     Colour: BLK     Style: 4D; Vehicle #2     Make: NISS     Model: VVS     Colour: WHI   ,2/11/2022 11:13:15 AM,539261.7937,4809756.53
51225,21087598,4/20/2021 10:50:00 AM,2021,4,20,10,50,0,Tuesday,536472.3635,4808491.696,-80.549393,43.428439,At/near private drive,2,P.D. only,Off highway,unknown,unknown,SMV unattended vehicle,Unknown,Daylight,01 - Daylight,Municipal (excl. Twp. Rd.),No control,unknown,0,0,0,FALSE,FALSE,FALSE,Clear,,TRUE,Road 1: WESTMEADOW DR (IFO 93); Vehicle #1     Make: HYUN     Model: ETG     Colour: GRY     Style: 4B; Vehicle #2     Make: FORD     Model: FSE     Colour: WHI     Style: 4B,12/20/2021 10:48:03 AM,536472.3635,4808491.696