OBJECTID,ACCIDENTNUM,ACCIDENTDATE,ACCIDENT_YEAR,ACCIDENT_MONTH,ACCIDENT_DAY,ACCIDENT_HOUR,ACCIDENT_MINUTE,ACCIDENT_SECOND,ACCIDENT_WEEKDAY,XCOORD,YCOORD,LONGITUDE,LATITUDE,ACCIDENTLOCATION,COLLISIONTYPE,CLASSIFICATIONOFACCIDENT,IMPACTLOCATION,INITIALDIRECTIONOFTRAVELONE,INITIALDIRECTIONOFTRAVELTWO,INITIALIMPACTTYPE,INTTRAFFICCONTROL,LIGHT,LIGHTFORREPORT,ROADJURISDICTION,TRAFFICCONTROL,TRAFFICCONTROLCONDITION,THRULANENO,NORTHBOUNDDISOBEYCOUNT,SOUTHBOUNDDISOBEYCOUNT,PEDESTRIANINVOLVED,CYCLISTINVOLVED,MOTORCYCLISTINVOLVED,ENVIRONMENTCONDITION1,ENVIRONMENTCONDITION2,SELFREPORTED,XMLIMPORTNOTES,LASTEDITEDDATE,x,y
51226,21087655,4/20/2021 4:45:00 PM,2021,4,20,16,45,0,Tuesday,541548.7855,4811887.917,-80.486418,43.458755,Intersection related,2,P.D. only,Within intersection,unknown,unknown,Angle,Unknown,Daylight,01 - Daylight,Municipal (excl. Twp. Rd.),unknown,Functioning,0,0,0,FALSE,FALSE,FALSE,Clear,,TRUE,Road 1: ST LEGER ST; Road 2: BREITHAUPT ST; Vehicle #1     Make: FORD     Model: SRW     Colour: WHI     Style: PK; Vehicle #2     Make: HYUN     Model: ESS     Colour: BLK     Style: 4D,12/20/2021 10:49:34 AM,541548.7855,4811887.917
51227,21088037,4/21/2021 5:50:00 AM,2021,4,21,5,50,0,Wednesday,544632.659,4808111.062,-80.448609,43.42457,Non intersection,2,P.D. only,Right shoulder,unknown,unknown,SMV other,Unknown,"Dawn, artificial","04 - Dawn, artificial",Municipal (excl. Twp. Rd.),No control,unknown,0,0,0,FALSE,FALSE,FALSE,Snow,,FALSE,Road 1: WILSON AVE (50 km/h); Road 2: WOODHAVEN RD; Distance: 38.0 K S; Charged Driver #1 on page 1: HTA 130 (NA) (NA); Vehicle #1     Make: TOYT     Model: CBA     Colour: WHI     Style: 4D,2/11/2022 11:14:28 AM,544632.659,4808111.062
51228,21088711,4/21/2021 11:17:00 PM,2021,4,21,23,17,0,Wednesday,545154.8124,4811493.284,-80.441878,43.454993,Intersection related,2,P.D. only,Not on roadway - left side,unknown,unknown,SMV other,Unknown,Dark,07 - Dark,Municipal (excl. Twp. Rd.),unknown,unknown,0,0,0,FALSE,FALSE,FALSE,Clear,,FALSE,Road 1: MONTCALM DR (50 km/h); Road 2: OLD YORK CRES (50 km/h); Distance: 20.0 M S; Charged Driver #1 on page 1: HTA 41.2 (NA) (NA); Vehicle #1     Make: ACUR     Model: ATL     Colour: BLK     Style: 4D,12/20/2021 10:56:30 AM,545154.8124,4811493.284
51229,21089075,4/22/2021 12:40:00 PM,2021,4,22,12,40,0,Thursday,541518.9622,4813634.976,-80.486653,43.474487,Non intersection,2,P.D. only,Off highway,unknown,unknown,SMV other,Unknown,Daylight,01 - Daylight,Municipal (excl. Twp. Rd.),No control,unknown,0,0,0,FALSE,FALSE,FALSE,Snow,,FALSE,Road 1: HAMEL AVE (50 km/h); Road 2: MACKIE PL; Distance: 30.0 M E; Charged Driver #1 on page 1: NA NA (NA) (NA); Vehicle #1     Make: HYUN     Model: ASE     Colour: RED     Style: 2B,2/11/2022 11:17:35 AM,541518.9622,4813634.976
51230,21090190,4/23/2021 7:08:00 PM,2021,4,23,19,8,0,Friday,543958.1,4807816.081,-80.456966,43.421954,Non intersection,2,P.D. only,Right shoulder,unknown,unknown,SMV unattended vehicle,Unknown,Daylight,01 - Daylight,Municipal (excl. Twp. Rd.),No control,unknown,0,0,0,FALSE,FALSE,FALSE,Clear,,FALSE,Road 1: 378 VANIER DR (50 km/h); Road 2: VANIER DR; Distance: 2.0 M S; Charged Driver #1 on page 1: HTA 130 (NA) (NA); Vehicle #1     Make: TOYT     Model: CBA     Colour: GRY     Style: 4D; Vehicle #2     Make: HOND     Model: UCD     Colour: SIL     Sty,2/11/2022 11:14:09 AM,543958.1,4807816.081
51231,21091105,4/24/2021 11:50:00 AM,2021,4,24,11,50,0,Saturday,542418.1533,4806564.498,-80.476086,43.410774,Non intersection,2,Non-reportable,Thru lane,unknown,unknown,Rear end,Unknown,Daylight,01 - Daylight,Municipal (excl. Twp. Rd.),No control,unknown,0,0,0,FALSE,FALSE,FALSE,Clear,,TRUE,Road 1: STRASBURG RD; Road 2: OLD COUNTRY DR; Vehicle #1     Make: VOLV     Model: V54     Colour: BLU     Style: 4W; Vehicle #2     Make:      Model:      Colour:      Style:,2/11/2022 11:11:24 AM,542418.1533,4806564.498
51232,21093720,4/28/2021 7:16:00 AM,2021,4,28,7,16,0,Wednesday,543569.0396,4804977.382,-80.461998,43.396417,At intersection,2,P.D. only,Within intersection,unknown,unknown,Angle,Unknown,Daylight,01 - Daylight,Municipal (excl. Twp. Rd.),unknown,Functioning,0,1,0,FALSE,FALSE,FALSE,Clear,,FALSE,Road 1: HURON RD (60 km/h); Road 2: BATTLER RD (50 km/h); Vehicle #1     Make: HYUN     Model: ETO     Colour:      Style: SW; Vehicle #2     Make: SUBA     Model: IPR     Colour:      Style: 4D,12/20/2021 10:47:20 AM,543569.0396,4804977.382
51233,21094001,4/23/2021 5:00:00 PM,2021,4,23,17,0,0,Friday,540529.6195,4807794.858,-80.499319,43.421956,At/near private drive,2,Non-reportable,Thru lane,unknown,unknown,SMV other,Unknown,Daylight,01 - Daylight,Municipal (excl. Twp. Rd.),No control,unknown,0,0,0,FALSE,FALSE,FALSE,Clear,,TRUE,Road 1: MOWAT BLVD; Road 2: CHANDLER DR; Vehicle #1     Make: NISS     Model: VSL     Colour: BLU     Style: 4B; Vehicle #2     Make: HYUN     Model: TUC     Colour: GRY     Style: TY,2/11/2022 11:11:08 AM,540529.6195,4807794.858
51234,21094597,4/29/2021 7:10:00 AM,2021,4,29,7,10,0,Thursday,546025.7282,4813465.027,-80.430948,43.472693,At/near private drive,2,P.D. only,Right shoulder,unknown,unknown,SMV other,Unknown,Daylight,01 - Daylight,Municipal (excl. Twp. Rd.),No control,unknown,0,0,0,FALSE,FALSE,FALSE,Clear,,FALSE,Road 1: CENTENNIAL RD (50 km/h); Road 2: CENTENNIAL CT; Distance: 250.0 M S; Charged Driver #1 on page 1: HTA 130 (NA) (NA); Vehicle #1     Make: STRG     Model: STE     Colour: WHI     Style: CB,2/11/2022 11:11:41 AM,546025.7282,4813465.027
51235,21094625,4/29/2021 8:23:00 AM,2021,4,29,8,23,0,Thursday,541332.7966,4806341.804,-80.489508,43.408829,Other,2,P.D. only,Not on roadway - right side,unknown,unknown,SMV other,Unknown,Daylight,01 - Daylight,Municipal (excl. Twp. Rd.),No control,unknown,0,0,0,FALSE,FALSE,FALSE,Clear,,FALSE,Road 1: 259 RITTENHOUSE RD; Vehicle #1     Make:      Model:      Colour:      Style:,12/20/2021 10:48:00 AM,541332.7966,4806341.804
51236,21095177,4/29/2021 10:52:00 PM,2021,4,29,22,52,0,Thursday,542633.5696,4805359.024,-80.473519,43.399907,At intersection,1,Non-fatal injury,Within intersection,unknown,unknown,Angle,Unknown,Dark,07 - Dark,Regional municipality,unknown,Functioning,0,0,0,FALSE,FALSE,FALSE,Clear,,FALSE,Road 1: TRILLIUM DR (50 km/h); Road 2: MCBRINE DR (50 km/h); Charged Driver #1 on page 1: HTA 136 (NA) (NA); Vehicle #1     Make: TOYT     Model: AXP     Colour: BLK     Style: 4D; Vehicle #2     Make: WSTR     Model: CNV     Colour: BLU     Style: CT,2/11/2022 11:10:28 AM,542633.5696,4805359.024
51237,21096557,5/1/2021 8:30:00 AM,2021,5,1,8,30,0,Saturday,544546.2429,4812127.347,-80.449348,43.460738,Non intersection,2,Non-reportable,Right shoulder,unknown,unknown,SMV unattended vehicle,Unknown,Daylight,01 - Daylight,Municipal (excl. Twp. Rd.),No control,unknown,0,0,0,FALSE,FALSE,FALSE,Clear,,TRUE,Road 1: 351 CARSON DR; Vehicle #1     Make:      Model:      Colour:      Style: ; Vehicle #2     Make: TOYT     Model: PRV     Colour: BLU     Style: SW,2/11/2022 11:11:45 AM,544546.2429,4812127.347
51238,21097133,5/2/2021 12:55:00 PM,2021,5,2,12,55,0,Sunday,545649.4404,4803976.049,-80.436393,43.387277,At/near private drive,2,P.D. only,Thru lane,unknown,unknown,Sideswipe,Unknown,Daylight,01 - Daylight,Municipal (excl. Twp. Rd.),No control,unknown,1,0,0,FALSE,FALSE,FALSE,Clear,,FALSE,Road 1: 278 DOON MILLS DR (40 km/h); Road 2: DOON MILLS DR; Distance: 1.0 M N; Charged Driver #1 on page 1: HTA 136 (NA) (NA); Vehicle #1     Make: PONT     Model: SFS     Colour: BLK     Style: 4D; Vehicle #2     Make: TOYT     Model: YAR     Colour: BLU,2/11/2022 11:14:12 AM,545649.4404,4803976.049
51239,21097644,5/3/2021 1:54:00 AM,2021,5,3,1,54,0,Monday,545088.6125,4811829.82,-80.442669,43.458027,Non intersection,2,P.D. only,Thru lane,unknown,unknown,SMV unattended vehicle,Unknown,Dark,07 - Dark,Municipal (excl. Twp. Rd.),No control,unknown,1,0,0,FALSE,FALSE,FALSE,Clear,,FALSE,Road 1: MONTCALM DR (50 km/h); Road 2: TECUMSEH CRESCENT; Distance: 50.0 M W; Vehicle #1     Make: PETE     Model:      Colour:      Style: ; Vehicle #2     Make: KIA     Model: RIO     Colour: BLK     Style: 4B,2/11/2022 11:11:43 AM,545088.6125,4811829.82
51240,21097915,5/3/2021 11:50:00 AM,2021,5,3,11,50,0,Monday,543230.2338,4804482.626,-80.466221,43.391982,At intersection,2,P.D. only,Within intersection,unknown,unknown,Approaching,Unknown,Daylight,01 - Daylight,Municipal (excl. Twp. Rd.),unknown,Functioning,0,0,0,FALSE,FALSE,FALSE,Rain,,FALSE,Road 1: HURON RD (50 km/h); Road 2: STRASBURG RD (50 km/h); Vehicle #1     Make: MERZ     Model: ZFG     Colour: BLK     Style: 4D; Vehicle #2     Make: FORD     Model: COF     Colour: BLU     Style: PK,2/11/2022 11:10:03 AM,543230.2338,4804482.626
51241,21098703,5/3/2021 7:00:00 PM,2021,5,3,19,0,0,Monday,541384.6705,4810982.346,-80.488515,43.45061,Non intersection,2,P.D. only,Thru lane,unknown,unknown,SMV other,Unknown,Unknown,00 - Unknown,Municipal (excl. Twp. Rd.),No control,unknown,0,0,0,FALSE,FALSE,FALSE,Clear,,TRUE,Road 1: QUEEN ST N; Road 2: GOUDIES LN; Vehicle #1     Make: MITS     Model: COT     Colour: WHI     Style: TY,2/11/2022 11:17:28 AM,541384.6705,4810982.346
51242,21099230,5/5/2021 7:35:00 AM,2021,5,5,7,35,0,Wednesday,542929.7171,4803700.615,-80.469992,43.384958,Non intersection,2,P.D. only,Right shoulder,unknown,unknown,SMV unattended vehicle,Unknown,Daylight,01 - Daylight,Municipal (excl. Twp. Rd.),No control,unknown,0,0,0,FALSE,FALSE,FALSE,Clear,,FALSE,Road 1: ROCKCLIFFE DR (50 km/h); Road 2: NEWCASTLE DR; Distance: 30.0 M E; Vehicle #1     Make: FORD     Model: FORD     Colour:      Style: TRU; Vehicle #2     Make: FORD     Model: FL     Colour: BLU     Style: 4D,2/11/2022 11:13:17 AM,542929.7171,4803700.615
51243,21100161,5/6/2021 11:20:00 AM,2021,5,6,11,20,0,Thursday,541143.0768,4811830.809,-80.491437,43.458263,At/near private drive,2,P.D. only,Not on roadway - right side,unknown,unknown,SMV other,Unknown,Daylight,01 - Daylight,Municipal (excl. Twp. Rd.),No control,unknown,0,0,0,FALSE,FALSE,FALSE,Clear,,FALSE,Road 1: 238 WELLINGTON ST N (50 km/h); Road 2: WELLINGTON ST N; Distance: 8.0 M S; Vehicle #1     Make: RAM     Model: RPR     Colour: WHI     Style: FV,2/11/2022 11:11:59 AM,541143.0768,4811830.809
51244,21100225,5/6/2021 12:48:00 PM,2021,5,6,12,48,0,Thursday,540569.0998,4812711.409,-80.498466,43.466223,Intersection related,1,Non-fatal injury,Thru lane,unknown,unknown,Rear end,Stop sign,Daylight,01 - Daylight,Regional municipality,Stop sign,Functioning,1,0,0,FALSE,FALSE,FALSE,Clear,,FALSE,Road 1: MARGARET AVE S (50 km/h); Road 2: UNION ST (50 km/h); Vehicle #1     Make: DODG     Model: NIT     Colour: SIL     Style: TY; Vehicle #2     Make: KIA     Model: SPO     Colour: RED     Style: TY,2/11/2022 11:10:13 AM,540569.0998,4812711.409
51245,21100870,5/7/2021 9:31:00 AM,2021,5,7,9,31,0,Friday,540103.6783,4810847.675,-80.504357,43.449467,Non intersection,2,P.D. only,Thru lane,unknown,unknown,SMV other,Unknown,Daylight,01 - Daylight,Regional municipality,No control,unknown,1,0,0,FALSE,FALSE,FALSE,Clear,,FALSE,Road 1: PARK ST (50 km/h); Road 2: CHERRY ST; Distance: 50.0 M S; Charged Driver #1 on page 1: HTA 182 (NA) (NA); Vehicle #1     Make: VOLV     Model: ARO     Colour: BLU     Style: CT,2/11/2022 11:13:18 AM,540103.6783,4810847.675
51246,21101149,5/7/2021 3:21:00 PM,2021,5,7,15,21,0,Friday,538127.272,4809870.666,-80.528851,43.440773,Intersection related,2,P.D. only,Off highway,unknown,unknown,SMV other,Unknown,Daylight,01 - Daylight,Municipal (excl. Twp. Rd.),unknown,Functioning,0,0,0,FALSE,FALSE,FALSE,Clear,,FALSE,Road 1: INGLESIDE DR; Road 2: DALEGROVE DR; Distance: 1.0 M E; Charged Driver #1 on page 1: HTA 130 (NA) (NA); Vehicle #1     Make: HOND     Model: CIV     Colour: SIL     Style: 4D,2/11/2022 11:10:31 AM,538127.272,4809870.666
51247,21102256,5/8/2021 9:55:00 PM,2021,5,8,21,55,0,Saturday,538983.3536,4806005.744,-80.518548,43.405929,Intersection related,2,P.D. only,Thru lane,unknown,unknown,Turning movement,Unknown,Dark,07 - Dark,Municipal (excl. Twp. Rd.),unknown,Not applicable,0,0,0,FALSE,FALSE,FALSE,Clear,,TRUE,Road 1: DAVID BERGEY DR; Road 2: PEACH BLOSSOM CRESCENT; Vehicle #1     Make:      Model:      Colour:      Style: ; Vehicle #2     Make: VOLK     Model: JWE     Colour: WHI     Style: 4D,2/11/2022 11:17:01 AM,538983.3536,4806005.745
51248,21102460,5/9/2021 6:50:00 AM,2021,5,9,6,50,0,Sunday,541117.767,4812352.358,-80.491711,43.46296,At/near private drive,2,P.D. only,Thru lane,unknown,unknown,SMV unattended vehicle,Unknown,Daylight,01 - Daylight,Municipal (excl. Twp. Rd.),No control,unknown,1,0,0,FALSE,FALSE,FALSE,Clear,,FALSE,Road 1: 209 BLUCHER ST (50 km/h); Road 2: BLUCHER ST; Distance: 1.0 M W; Charged Driver #1 on page 1: HTA 130 (NA) (NA); Vehicle #1     Make: MERZ     Model: MET     Colour: WHI     Style: FV; Vehicle #2     Make: FORD     Model: COF     Colour: MRN     S,2/11/2022 11:13:35 AM,541117.767,4812352.358
51249,21102893,5/9/2021 8:42:00 PM,2021,5,9,20,42,0,Sunday,544246.535,4808834.467,-80.45332,43.431107,Non intersection,1,Non-fatal injury,Other,unknown,unknown,Turning movement,Unknown,Dark,07 - Dark,Municipal (excl. Twp. Rd.),No control,unknown,0,0,0,FALSE,FALSE,FALSE,Clear,,FALSE,Road 1: FIFTH AVE (50 km/h); Road 2: CONNAUGHT ST; Distance: 30.0 M N; Charged Driver #1 on page 1: HTA 130 (NA) (NA); Vehicle #1     Make: MERZ     Model: C4A     Colour: BLK     Style: 4D; Vehicle #2     Make: KIA     Model: FLX     Colour: SIL     Styl,2/11/2022 11:12:13 AM,544246.535,4808834.467
51250,21103547,5/10/2021 6:06:00 PM,2021,5,10,18,6,0,Monday,542437.5086,4811893.082,-80.475432,43.458751,Intersection related,2,P.D. only,Thru lane,unknown,unknown,SMV unattended vehicle,Unknown,Daylight,01 - Daylight,Municipal (excl. Twp. Rd.),unknown,unknown,1,0,0,FALSE,FALSE,FALSE,Clear,,FALSE,Road 1: MANSION ST (50 km/h); Road 2: INDIANA ST (50 km/h); Charged Driver #1 on page 1: HTA 2 (NA) (NA); Vehicle #1     Make:      Model:      Colour:      Style: ; Vehicle #2     Make: FORD     Model: FTU     Colour: WHI     Style: 4D,2/11/2022 11:10:21 AM,542437.5086,4811893.082
51251,21104119,5/8/2021 11:30:00 AM,2021,5,8,11,30,0,Saturday,545600.3079,4809360.515,-80.43655,43.435762,Non intersection,2,Non-reportable,Thru lane,unknown,unknown,SMV unattended vehicle,Unknown,Daylight,01 - Daylight,Municipal (excl. Twp. Rd.),No control,unknown,0,0,0,FALSE,FALSE,FALSE,Clear,,TRUE,Road 1: 32 OBERMEYER DR (ON THE ROADWAY); Vehicle #1     Make:      Model:      Colour:      Style: ; Vehicle #2     Make: FORD     Model: COF     Colour: BLK     Style: PK,2/11/2022 11:17:26 AM,545600.3079,4809360.516
51252,21105794,5/13/2021 1:20:00 PM,2021,5,13,13,20,0,Thursday,538848.387,4810644.545,-80.519885,43.447704,Non intersection,2,Non-reportable,Thru lane,unknown,unknown,Approaching,Unknown,Daylight,01 - Daylight,Municipal (excl. Twp. Rd.),No control,unknown,0,0,0,FALSE,FALSE,FALSE,Clear,,TRUE,Road 1: 138 BRANDON AVE (ON THE ROADWAY); Vehicle #1     Make: HOND     Model: UAX     Colour: BLK     Style: 4D; Vehicle #2     Make: TOYT     Model: RV4     Colour: BLK     Style: TY,2/11/2022 11:13:39 AM,538848.387,4810644.545
51253,21105815,5/13/2021 1:23:00 PM,2021,5,13,13,23,0,Thursday,544759.954,4809385.734,-80.446932,43.43604,Intersection related,2,Non-reportable,Thru lane,unknown,unknown,Turning movement,Unknown,Daylight,01 - Daylight,Regional municipality,unknown,Functioning,0,0,0,FALSE,FALSE,FALSE,Clear,,TRUE,Road 1: PROSPECT AVE; Road 2: FRANKLIN ST N; Vehicle #1     Make: HYUN     Model: TUC     Colour: BLK     Style: TY; Vehicle #2     Make:      Model:      Colour:      Style:,2/11/2022 11:10:08 AM,544759.954,4809385.734
51254,21105867,5/13/2021 2:30:00 PM,2021,5,13,14,30,0,Thursday,540767.4422,4810374.535,-80.496189,43.445171,Non intersection,2,P.D. only,Thru lane,unknown,unknown,Sideswipe,Unknown,Daylight,01 - Daylight,Municipal (excl. Twp. Rd.),No control,unknown,0,0,0,FALSE,FALSE,FALSE,Clear,,TRUE,Road 1: DAVID ST; Road 2: ROLAND ST; Vehicle #1     Make: TOYT     Model: CBA     Colour: BRN     Style: 4D; Vehicle #2     Make: INFI     Model: Q5S     Colour: BLK     Style: 4D,2/11/2022 11:11:32 AM,540767.4422,4810374.535
51255,21106575,5/14/2021 11:30:00 AM,2021,5,14,11,30,0,Friday,544896.7237,4812657.167,-80.444972,43.465488,At/near private drive,2,Non-reportable,Thru lane,unknown,unknown,SMV unattended vehicle,Unknown,Daylight,01 - Daylight,Municipal (excl. Twp. Rd.),No control,unknown,0,0,0,FALSE,FALSE,FALSE,Clear,,TRUE,Road 1: 7 MATTHEW COURT; Vehicle #1     Make:      Model:      Colour:      Style: ; Vehicle #2     Make: FIAT     Model: 5PP     Colour: BLK     Style: 2B,2/11/2022 11:13:01 AM,544896.7237,4812657.167
51256,21108149,5/16/2021 3:20:00 AM,2021,5,16,3,20,0,Sunday,542674.2216,4805212.294,-80.473029,43.398584,At/near private drive,2,P.D. only,Left shoulder,unknown,unknown,SMV other,Unknown,Dark,07 - Dark,Regional municipality,No control,unknown,0,0,0,FALSE,FALSE,FALSE,Clear,,FALSE,Road 1: TRILLIUM DR (50 km/h); Road 2: MCBRINE DR; Distance: 150.0 M S; Vehicle #1     Make: AUDI     Model: A42     Colour: BLK     Style: 4D,2/11/2022 11:17:13 AM,542674.2216,4805212.294
51257,21108217,5/16/2021 9:14:00 AM,2021,5,16,9,14,0,Sunday,540486.7065,4809735.83,-80.499706,43.439435,At intersection,1,Non-fatal injury,Within intersection,unknown,unknown,Angle,Unknown,Daylight,01 - Daylight,Municipal (excl. Twp. Rd.),unknown,Functioning,0,0,0,FALSE,FALSE,TRUE,Clear,,FALSE,Road 1: QUEEN'S BLVD (50 km/h); Road 2: SPADINA RD E (50 km/h); Charged Driver #1 on page 1: HTA 3 (NA) (NA); Vehicle #1     Make: HOND     Model: CHY     Colour: SIL     Style: 4D; Vehicle #2     Make: YAMA     Model: VAC     Colour: RED     Style: MS,2/11/2022 11:15:17 AM,540486.7065,4809735.83
51258,21108780,5/16/2021 10:28:00 PM,2021,5,16,22,28,0,Sunday,546133.7731,4802616.633,-80.430528,43.375008,Non intersection,2,P.D. only,Right shoulder,unknown,unknown,SMV unattended vehicle,Unknown,Dark,07 - Dark,Municipal (excl. Twp. Rd.),No control,unknown,0,0,0,FALSE,FALSE,FALSE,Clear,,FALSE,Road 1: 446 THOMAS SLEE DR (50 km/h); Road 2: THOMAS SLEE DR; Distance: 1.0 M E; Vehicle #1     Make: PETE     Model:      Colour:      Style: ; Vehicle #2     Make: LEXS     Model: RC0     Colour: BLK     Style: 2D,2/11/2022 11:15:50 AM,546133.7731,4802616.633
51259,21109256,5/17/2021 1:58:00 PM,2021,5,17,13,58,0,Monday,544604.1247,4811712.788,-80.448667,43.457002,Non intersection,1,Non-fatal injury,Not on roadway - left side,unknown,unknown,SMV other,Unknown,Daylight,01 - Daylight,Regional municipality,No control,unknown,0,0,0,FALSE,FALSE,FALSE,Clear,,FALSE,Road 1: RIVER RD E (50 km/h); Road 2: LORRAINE AVE; Distance: 50.0 M E; Charged Driver #1 on page 1: HTA 130 (NA) (NA); Vehicle #1     Make: CHEV     Model: BEG     Colour: RED     Style: 4D,2/11/2022 11:15:52 AM,544604.1247,4811712.788
51260,21110003,5/16/2021 3:10:00 PM,2021,5,16,15,10,0,Sunday,538153.8875,4806454.409,-80.528761,43.410012,At/near private drive,2,P.D. only,Thru lane,unknown,unknown,SMV unattended vehicle,Unknown,Daylight,01 - Daylight,Municipal (excl. Twp. Rd.),No control,unknown,0,0,0,FALSE,FALSE,FALSE,Clear,,TRUE,Road 1: 145 FOXGLOVE CRESCENT (IFO 145); Vehicle #1     Make: HOND     Model: CIL     Colour: WHI     Style: 4D; Vehicle #2     Make: DODG     Model: CRC     Colour: BRN     Style: 4D,2/11/2022 11:11:47 AM,538153.8875,4806454.409
51261,21110144,5/10/2021 5:25:00 PM,2021,5,10,17,25,0,Monday,541602.6397,4813276.505,-80.485646,43.471255,Intersection related,2,P.D. only,Within intersection,unknown,unknown,Angle,Unknown,Daylight,01 - Daylight,Municipal (excl. Twp. Rd.),unknown,Functioning,0,0,0,FALSE,FALSE,FALSE,Clear,,TRUE,Road 1: UNION ST; Road 2: BOND ST; Vehicle #1     Make: MITS     Model: RVR     Colour: GRY     Style: TY; Vehicle #2     Make: NISS     Model: NV2     Colour: WHI     Style: FV,2/11/2022 11:17:06 AM,541602.6397,4813276.505
51262,21110357,5/18/2021 4:53:00 PM,2021,5,18,16,53,0,Tuesday,545312.3343,4804465.15,-80.440515,43.391702,Non intersection,2,P.D. only,Thru lane,unknown,unknown,Angle,Unknown,Daylight,01 - Daylight,Municipal (excl. Twp. Rd.),No control,unknown,1,0,0,FALSE,FALSE,FALSE,Clear,,FALSE,Road 1: BECHTEL DR (50 km/h); Road 2: DOON VILLAGE RD; Distance: 5.0 M W; Charged Driver #1 on page 1: HTA 159 (NA) (NA); Vehicle #1     Make: TOYT     Model: SIE     Colour: BLK     Style: VN; Vehicle #2     Make: CHEV     Model: ETV     Colour: WHI     ,2/11/2022 11:15:36 AM,545312.3343,4804465.15
51263,21111043,5/19/2021 12:05:00 PM,2021,5,19,12,5,0,Wednesday,539568.1799,4810749.849,-80.510982,43.448615,Non intersection,2,P.D. only,Right shoulder,unknown,unknown,SMV other,Unknown,Daylight,01 - Daylight,Municipal (excl. Twp. Rd.),No control,unknown,0,0,0,FALSE,FALSE,FALSE,Clear,,FALSE,Road 1: 85 GAGE AVE (10 km/h); Road 2: GAGE AVE; Distance: 4.0 M N; Vehicle #1     Make: TOYT     Model: MTL     Colour: WHI     Style: 4D,2/11/2022 11:14:31 AM,539568.1799,4810749.849
51264,21111768,5/20/2021 7:30:00 AM,2021,5,20,7,30,0,Thursday,541786.1798,4812128.167,-80.483465,43.460905,Non intersection,1,Non-fatal injury,Thru lane,unknown,unknown,SMV other,Unknown,Daylight,01 - Daylight,Municipal (excl. Twp. Rd.),No control,unknown,1,0,0,FALSE,FALSE,TRUE,Clear,,FALSE,Road 1: WELLINGTON ST N (50 km/h); Road 2: LANCASTER ST W; Distance: 10.0 M W; Vehicle #1     Make: HD     Model: FLU     Colour: BLU     Style: MS,2/11/2022 11:15:38 AM,541786.1798,4812128.167
51265,21111880,5/20/2021 10:29:00 AM,2021,5,20,10,29,0,Thursday,544304.1242,4809222.988,-80.452577,43.434602,Intersection related,2,P.D. only,Thru lane,unknown,unknown,Rear end,Unknown,Daylight,01 - Daylight,Regional municipality,unknown,Functioning,1,0,0,FALSE,FALSE,FALSE,Clear,,FALSE,Road 1: KINGSWAY DR (60 km/h); Road 2: FOURTH AVE (60 km/h); Distance: 2.0 M N; Charged Driver #1 on page 1: NA NA (NA) (NA); Vehicle #1     Make: FORD     Model: FL     Colour: RED     Style: 4D; Vehicle #2     Make: NISS     Model: SML     Colour: SIL  ,2/11/2022 11:12:29 AM,544304.1242,4809222.988
51266,21112331,5/20/2021 6:10:00 PM,2021,5,20,18,10,0,Thursday,545268.6955,4809239.164,-80.440658,43.43469,Non intersection,2,P.D. only,Thru lane,unknown,unknown,SMV unattended vehicle,Unknown,Daylight,01 - Daylight,Municipal (excl. Twp. Rd.),No control,unknown,0,0,0,FALSE,FALSE,FALSE,Clear,,TRUE,Road 1: 110 FERGUS AVE (IFO); Vehicle #1     Make: TOYT     Model: MAT     Colour: GRY     Style: 4D; Vehicle #2     Make: AUDI     Model: A5P     Colour: BLK     Style: 2D,2/11/2022 11:12:58 AM,545268.6955,4809239.164
51267,21113390,5/21/2021 9:42:00 PM,2021,5,21,21,42,0,Friday,540918.265,4812367.444,-80.494176,43.463107,Intersection related,2,P.D. only,Within intersection,unknown,unknown,SMV other,Unknown,Dark,07 - Dark,Municipal (excl. Twp. Rd.),unknown,Functioning,0,0,0,TRUE,FALSE,FALSE,Clear,,FALSE,Road 1: GUELPH ST (50 km/h); Road 2: MARGARET AVE (50 km/h); Distance: 0.0 M N; Vehicle #1     Make: MAZD     Model: M3I     Colour: BLK     Style: 4D,2/11/2022 11:12:52 AM,540918.265,4812367.444
51268,21113911,5/22/2021 12:25:00 PM,2021,5,22,12,25,0,Saturday,547917.8968,4806097.026,-80.408201,43.406233,Other,2,P.D. only,Off highway,unknown,unknown,SMV unattended vehicle,Unknown,Daylight,01 - Daylight,Municipal (excl. Twp. Rd.),No control,unknown,0,0,0,FALSE,FALSE,FALSE,Clear,,FALSE,Road 1: 211; Road 2: PIONEER TOWER RD; Vehicle #1     Make: KIA     Model: SOR     Colour: RED     Style: TY; Vehicle #2     Make: CADI     Model: SRX     Colour: BLU     Style: TY; Vehicle #3     Make: PETE     Model:      Colour:      Style: ; Vehicle #,2/11/2022 11:13:09 AM,547917.8968,4806097.026