OBJECTID,ACCIDENTNUM,ACCIDENTDATE,ACCIDENT_YEAR,ACCIDENT_MONTH,ACCIDENT_DAY,ACCIDENT_HOUR,ACCIDENT_MINUTE,ACCIDENT_SECOND,ACCIDENT_WEEKDAY,XCOORD,YCOORD,LONGITUDE,LATITUDE,ACCIDENTLOCATION,COLLISIONTYPE,CLASSIFICATIONOFACCIDENT,IMPACTLOCATION,INITIALDIRECTIONOFTRAVELONE,INITIALDIRECTIONOFTRAVELTWO,INITIALIMPACTTYPE,INTTRAFFICCONTROL,LIGHT,LIGHTFORREPORT,ROADJURISDICTION,TRAFFICCONTROL,TRAFFICCONTROLCONDITION,THRULANENO,NORTHBOUNDDISOBEYCOUNT,SOUTHBOUNDDISOBEYCOUNT,PEDESTRIANINVOLVED,CYCLISTINVOLVED,MOTORCYCLISTINVOLVED,ENVIRONMENTCONDITION1,ENVIRONMENTCONDITION2,SELFREPORTED,XMLIMPORTNOTES,LASTEDITEDDATE,x,y
51269,21115899,5/23/2021 3:15:00 PM,2021,5,23,15,15,0,Sunday,546613.287,4803245.799,-80.424556,43.380643,Non intersection,2,P.D. only,Thru lane,unknown,unknown,Sideswipe,Unknown,Daylight,01 - Daylight,Municipal (excl. Twp. Rd.),No control,unknown,0,0,0,FALSE,FALSE,FALSE,Clear,,TRUE,Road 1: 46 FOREST EDGE TRAIL (ON THE ROADWAY); Vehicle #1     Make: MAZD     Model: MGR     Colour: RED     Style: 4D; Vehicle #2     Make: LEXS     Model: RX5     Colour: BRN     Style: TY,2/11/2022 11:13:20 AM,546613.287,4803245.799
51270,21117379,5/23/2021 2:15:00 PM,2021,5,23,14,15,0,Sunday,546393.011,4802848.256,-80.427309,43.377077,Non intersection,2,Non-reportable,Thru lane,unknown,unknown,Turning movement,Unknown,Daylight,01 - Daylight,Municipal (excl. Twp. Rd.),No control,unknown,0,0,0,FALSE,FALSE,FALSE,Clear,,TRUE,Road 1: 376 ROBERT FERRIE DR; Vehicle #1     Make: SUBA     Model: GKG     Colour: GRY     Style: 4D; Vehicle #2     Make:      Model:      Colour:      Style:,2/11/2022 11:13:03 AM,546393.011,4802848.256
51271,21117741,5/25/2021 1:00:00 PM,2021,5,25,13,0,0,Tuesday,543466.6591,4805741.22,-80.463201,43.403301,Non intersection,2,P.D. only,Thru lane,unknown,unknown,SMV unattended vehicle,Unknown,Daylight,01 - Daylight,Municipal (excl. Twp. Rd.),No control,unknown,0,0,0,FALSE,FALSE,FALSE,Clear,,TRUE,Road 1: ADAM FERRIE PLACE (ON THE ROADWAY); Vehicle #1     Make: FORD     Model: COF     Colour: BLU     Style: PK; Vehicle #2     Make: TOYT     Model: C4E     Colour: GRY     Style: 4D,2/11/2022 11:12:32 AM,543466.6591,4805741.22
51272,21118244,5/11/2021 4:00:00 PM,2021,5,11,16,0,0,Tuesday,539568.1695,4811425.322,-80.510933,43.454697,Intersection related,2,P.D. only,Left turn lane,unknown,unknown,Rear end,Unknown,Daylight,01 - Daylight,Municipal (excl. Twp. Rd.),unknown,Functioning,0,0,0,FALSE,FALSE,FALSE,Clear,,TRUE,Road 1: GREEN ST; Road 2: PARK ST; Vehicle #1     Make:      Model:      Colour:      Style: ; Vehicle #2     Make: DODG     Model: CAR     Colour: BLU     Style: VN,2/11/2022 11:14:46 AM,539568.1695,4811425.322
51273,21118274,4/13/2021 9:45:00 PM,2021,4,13,21,45,0,Tuesday,544600.2762,4811888.389,-80.4487,43.458583,Non intersection,2,Non-reportable,Thru lane,unknown,unknown,Sideswipe,Unknown,Dark,07 - Dark,Municipal (excl. Twp. Rd.),No control,unknown,0,0,0,FALSE,FALSE,FALSE,Clear,,TRUE,Road 1: BIRKSHIRE COURT; Vehicle #1     Make:      Model:      Colour:      Style: ; Vehicle #2     Make: HYUN     Model: TUC     Colour: BLK     Style: TY,2/11/2022 11:13:37 AM,544600.2762,4811888.389
51274,21119044,5/26/2021 4:15:00 PM,2021,5,26,16,15,0,Wednesday,541842.0154,4803556.246,-80.483432,43.383719,Intersection related,2,P.D. only,Within intersection,unknown,unknown,Angle,Unknown,Daylight,01 - Daylight,Municipal (excl. Twp. Rd.),unknown,Functioning,0,0,0,FALSE,FALSE,FALSE,Clear,,TRUE,Road 1: SIENNA CRESCENT; Road 2: WOODBINE AVE; Vehicle #1     Make: ACUR     Model: RDX     Colour: BLK     Style: TY; Vehicle #2     Make: CHEV     Model: EQU     Colour: GRY     Style: TY,2/11/2022 11:12:49 AM,541842.0154,4803556.246
51275,21119139,5/29/2021 1:00:00 PM,2021,5,29,13,0,0,Saturday,541181.9409,4811715.372,-80.490965,43.457221,Non intersection,2,Non-reportable,Thru lane,unknown,unknown,Other,Unknown,Daylight,01 - Daylight,Municipal (excl. Twp. Rd.),No control,unknown,0,0,0,FALSE,FALSE,FALSE,Rain,,TRUE,Road 1: 208 BREITHAUPT ST; Vehicle #1     Make:      Model:      Colour:      Style: ; Vehicle #2     Make: MAZD     Model: B23     Colour: BLK     Style: PK,2/11/2022 11:16:01 AM,541181.9409,4811715.372
51276,21119235,5/28/2021 3:30:00 PM,2021,5,28,15,30,0,Friday,542107.9907,4807131.48,-80.479873,43.415896,Intersection related,2,P.D. only,Within intersection,unknown,unknown,Turning movement,Unknown,Daylight,01 - Daylight,Municipal (excl. Twp. Rd.),unknown,Functioning,0,0,0,FALSE,FALSE,FALSE,Rain,,TRUE,Road 1: STRASBURG; Road 2: BLOCKLINE; Vehicle #1     Make: CHEV     Model: AVT     Colour: BGE     Style: 4D; Vehicle #2     Make: FORD     Model: FSE     Colour: BLK     Style: 4B,2/11/2022 11:12:38 AM,542107.9907,4807131.48
51277,21119625,5/29/2021 2:06:00 AM,2021,5,29,2,6,0,Saturday,538611.9342,4806649.026,-80.52309,43.411741,Non intersection,2,P.D. only,Right shoulder,unknown,unknown,SMV unattended vehicle,Unknown,"Dark, artificial","08 - Dark, artificial",Municipal (excl. Twp. Rd.),No control,unknown,0,0,0,FALSE,FALSE,FALSE,Clear,,FALSE,Road 1: WINDALE DR (50 km/h); Road 2: FOXGLOVE CRES; Distance: 50.0 M S; Vehicle #1     Make: HOND     Model: UAX     Colour: RED     Style: 4D; Vehicle #2     Make: JEEP     Model: WUL     Colour: GRY     Style: TY,2/11/2022 11:13:51 AM,538611.9342,4806649.026
51278,21119806,5/29/2021 10:28:00 AM,2021,5,29,10,28,0,Saturday,543252.1083,4810953.109,-80.465438,43.450241,At intersection,2,P.D. only,Right shoulder,unknown,unknown,SMV unattended vehicle,Unknown,Daylight,01 - Daylight,Regional municipality,unknown,Functioning,0,0,0,FALSE,FALSE,FALSE,Clear,,FALSE,Road 1: STIRLING AVE N (50 km/h); Road 2: DUMFRIES AVE (50 km/h); Charged Driver #1 on page 1: HTA 130 (NA) (NA); Vehicle #1     Make: INFI     Model: IFX     Colour: GRN     Style: TY; Vehicle #2     Make: ACUR     Model: ATL     Colour: GRY     Style: 4,2/11/2022 11:14:48 AM,543252.1082,4810953.109
51279,21120057,5/29/2021 3:30:00 PM,2021,5,29,15,30,0,Saturday,542107.726,4807130.313,-80.479876,43.415886,Intersection related,2,P.D. only,Thru lane,unknown,unknown,Rear end,Unknown,Daylight,01 - Daylight,Municipal (excl. Twp. Rd.),unknown,Functioning,0,0,0,FALSE,FALSE,FALSE,Clear,,TRUE,Road 1: STRASBURG RD; Road 2: BLOCK LINE RD; Vehicle #1     Make: MAZD     Model: MCX     Colour: SIL     Style: TY; Vehicle #2     Make: TOYT     Model: UCS     Colour: GRY     Style: 4D,2/11/2022 11:15:00 AM,542107.726,4807130.313
51280,21121911,5/31/2021 7:00:00 PM,2021,5,31,19,0,0,Monday,545349.6027,4812158.875,-80.439416,43.460974,Intersection related,2,P.D. only,Thru lane,unknown,unknown,Angle,Unknown,Daylight,01 - Daylight,Municipal (excl. Twp. Rd.),unknown,Functioning,0,0,0,FALSE,FALSE,FALSE,Clear,,TRUE,Road 1: LORRAINE AVE; Road 2: HERITAGE DR; Vehicle #1     Make: BMW     Model: 5RG     Colour: BLK     Style: 4D; Vehicle #2     Make: TOYT     Model: MRI     Colour: RED     Style: 4D,2/11/2022 11:14:56 AM,545349.6027,4812158.875
51281,21122311,5/28/2021 6:06:00 PM,2021,5,28,18,6,0,Friday,538407.4041,4810023.046,-80.525379,43.442131,Non intersection,2,P.D. only,Thru lane,unknown,unknown,SMV other,Unknown,Daylight,01 - Daylight,Municipal (excl. Twp. Rd.),No control,unknown,0,0,0,FALSE,FALSE,FALSE,Clear,,TRUE,Road 1: CHOPIN DR (IFO 95); Road 2: MARKWOOD DR; Vehicle #1     Make: HYUN     Model: SFT     Colour: WHI     Style: TY,2/11/2022 11:13:53 AM,538407.4041,4810023.046
51282,21123088,6/1/2021 3:25:00 PM,2021,6,1,15,25,0,Tuesday,541413.4637,4807979.511,-80.488387,43.423571,At/near private drive,2,Non-reportable,Thru lane,unknown,unknown,Turning movement,Unknown,Daylight,01 - Daylight,Regional municipality,No control,unknown,0,0,0,FALSE,FALSE,FALSE,Clear,,TRUE,Road 1: STRASBURG RD (IFO 750 OTTAWA ST S); Road 2: OTTAWA ST S; Vehicle #1     Make: CHEV     Model: IMT     Colour: BLK     Style: 4D; Vehicle #2     Make: CHRY     Model: PTC     Colour: SIL     Style: VN,2/11/2022 11:13:55 AM,541413.4637,4807979.511
51283,21123152,5/28/2021 11:30:00 AM,2021,5,28,11,30,0,Friday,541127.2888,4811101.949,-80.491687,43.451701,Non intersection,2,P.D. only,Thru lane,unknown,unknown,Rear end,Unknown,Daylight,01 - Daylight,Municipal (excl. Twp. Rd.),No control,unknown,0,0,0,FALSE,FALSE,FALSE,Rain,,TRUE,Road 1: YOUNG ST; Road 2: DUKE ST W; Vehicle #1     Make: MAZD     Model: 3TR     Colour: BLK     Style: 4D; Vehicle #2     Make: KIA     Model: SEV     Colour: SIL     Style: TY,2/11/2022 11:13:23 AM,541127.2888,4811101.949
51284,21123233,5/29/2021 12:00:00 PM,2021,5,29,12,0,0,Saturday,546347.4176,4808661.985,-80.4273787,43.4294268,Non intersection,2,P.D. only,Thru lane,unknown,unknown,SMV unattended vehicle,Unknown,Daylight,01 - Daylight,Municipal (excl. Twp. Rd.),No control,unknown,0,0,0,FALSE,FALSE,FALSE,Clear,,TRUE,Road 1: 378 SOUTHILL DR; Vehicle #1     Make:      Model:      Colour:      Style: ; Vehicle #2     Make: CADI     Model: ALA     Colour: GRY     Style: 4D,2/11/2022 11:13:42 AM,546347.4176,4808661.985
51285,21123234,5/30/2021 5:30:00 AM,2021,5,30,5,30,0,Sunday,543762.4114,4806853.847,-80.45946,43.413302,At/near private drive,2,P.D. only,Off highway,unknown,unknown,SMV unattended vehicle,Unknown,Unknown,00 - Unknown,Municipal (excl. Twp. Rd.),No control,unknown,0,0,0,FALSE,FALSE,FALSE,Clear,,TRUE,Road 1: 294 FALLOWFIELD DR (IFO); Vehicle #1     Make:      Model:      Colour:      Style: ; Vehicle #2     Make: LEXS     Model: E35     Colour: BLK     Style: 4D,2/11/2022 11:13:44 AM,543762.4114,4806853.847
51286,21124210,6/3/2021 3:00:00 PM,2021,6,3,15,0,0,Thursday,542562.7775,4812551.988,-80.473833,43.464677,Intersection related,1,Non-fatal injury,Thru lane,unknown,unknown,Angle,Unknown,Daylight,01 - Daylight,Municipal (excl. Twp. Rd.),unknown,Functioning,1,0,0,FALSE,FALSE,FALSE,Clear,,FALSE,Road 1: WELLINGTON ST N (50 km/h); Road 2: HIGHWAY 85 (50 km/h); Charged Driver #1 on page 1: HTA 130 (NA) (NA); Vehicle #1     Make: PTRB     Model: CON     Colour: WHI     Style: CT; Vehicle #2     Make: HOND     Model: CRV     Colour: WHI     Style: TY,2/11/2022 11:12:35 AM,542562.7775,4812551.988
51287,21124306,6/3/2021 5:00:00 PM,2021,6,3,17,0,0,Thursday,540021.3085,4806737.42,-80.505676,43.412462,Non intersection,2,P.D. only,Thru lane,unknown,unknown,SMV unattended vehicle,Unknown,Daylight,01 - Daylight,Municipal (excl. Twp. Rd.),No control,unknown,1,0,0,FALSE,FALSE,FALSE,Clear,,FALSE,Road 1: 113 DINISON CRES (50 km/h); Road 2: DINISON CRES; Distance: 2.0 K N; Charged Driver #1 on page 1: HTA 320.16 (NA) (NA); Vehicle #1     Make: MERZ     Model: GL3     Colour: WHI     Style: TY; Vehicle #2     Make: DODG     Model: DUR     Colour: RE,2/11/2022 11:08:38 AM,540021.3085,4806737.42
51288,21124726,6/4/2021 6:17:00 AM,2021,6,4,6,17,0,Friday,541225.1869,4811869.085,-80.490419,43.458603,At intersection,1,Non-fatal injury,Within intersection,unknown,unknown,Turning movement,Unknown,Daylight,01 - Daylight,Municipal (excl. Twp. Rd.),unknown,unknown,0,0,0,FALSE,TRUE,FALSE,Clear,,FALSE,Road 1: MARGARET AVE (50 km/h); Road 2: WELLINGTON ST N (50 km/h); Charged Driver #1 on page 1: HTA 142 (NA) (NA); Vehicle #1     Make: MITS     Model: LAN     Colour: BLU     Style: 4D; Vehicle #2     Make: BICY     Model: BICY     Colour:      Style: BK,2/11/2022 11:16:56 AM,541225.1869,4811869.085
51289,21124968,6/4/2021 12:30:00 PM,2021,6,4,12,30,0,Friday,545125.3455,4807656.481,-80.44256,43.420448,Non intersection,2,Non-reportable,Thru lane,unknown,unknown,Angle,Unknown,Daylight,01 - Daylight,Municipal (excl. Twp. Rd.),No control,unknown,0,0,0,FALSE,FALSE,FALSE,Clear,,TRUE,Road 1: WILSON AVE; Road 2: FAIRWAY RD S; Vehicle #1     Make: SUBA     Model: FOR     Colour: SIL     Style: TY; Vehicle #2     Make:      Model:      Colour:      Style:,2/11/2022 11:12:18 AM,545125.3455,4807656.481
51290,21125133,6/4/2021 12:00:00 PM,2021,6,4,12,0,0,Friday,544933.1018,4808952.518,-80.444828,43.432129,Non intersection,2,P.D. only,Thru lane,unknown,unknown,Rear end,Unknown,Daylight,01 - Daylight,Regional municipality,No control,unknown,0,0,0,FALSE,FALSE,FALSE,Clear,,TRUE,Road 1: KINGSWAY DR; Road 2: FRANKLIN ST; Vehicle #1     Make: TOYT     Model: PRI     Colour: WHI     Style: 4B; Vehicle #2     Make: HOND     Model: UAX     Colour: BLK     Style: 4D; Vehicle #3     Make: FORD     Model: EDG     Colour: RED     Style: T,2/11/2022 11:11:35 AM,544933.1018,4808952.518
51291,21125245,6/4/2021 6:20:00 PM,2021,6,4,18,20,0,Friday,541669.8315,4810421.917,-80.485034,43.445548,Non intersection,2,P.D. only,Thru lane,unknown,unknown,Rear end,Unknown,Daylight,01 - Daylight,Municipal (excl. Twp. Rd.),No control,unknown,1,0,0,FALSE,TRUE,FALSE,Clear,,FALSE,Road 1: CEDAR ST S (40 km/h); Road 2: CHURCH ST; Distance: 15.0 M N; Vehicle #1     Make: HOND     Model: UCL     Colour: BLU     Style: 4D; Vehicle #2     Make: BICY     Model: .     Colour:      Style: BK,2/11/2022 11:15:33 AM,541669.8315,4810421.917
51292,21126191,6/5/2021 8:22:00 PM,2021,6,5,20,22,0,Saturday,544602.9287,4812951.345,-80.44858,43.468154,Overpass or bridge,2,P.D. only,Right shoulder,unknown,unknown,SMV other,Unknown,Daylight,01 - Daylight,Regional municipality,No control,unknown,0,0,0,FALSE,FALSE,FALSE,Clear,,FALSE,Road 1: NATCHEZ RD (50 km/h); Road 2: ROTHSAY AVE; Distance: 20.0 K N; Charged Driver #1 on page 1: HTA 130 (NA) (NA); Vehicle #1     Make: PONT     Model: MON     Colour: WHI     Style: VN,2/11/2022 11:16:36 AM,544602.9287,4812951.345
51293,21126886,6/6/2021 2:30:00 PM,2021,6,6,14,30,0,Sunday,546291.5373,4804899.735,-80.428388,43.395555,Non intersection,2,P.D. only,Thru lane,unknown,unknown,SMV unattended vehicle,Unknown,Daylight,01 - Daylight,Municipal (excl. Twp. Rd.),No control,unknown,0,0,0,FALSE,FALSE,FALSE,Clear,,TRUE,Road 1: GREEN VALLEY DR (IFO 87); Vehicle #1     Make:      Model:      Colour:      Style: ; Vehicle #2     Make: DODG     Model: CJO     Colour: BLK     Style: TY,2/11/2022 11:12:01 AM,546291.5373,4804899.735
51294,21127843,6/7/2021 10:00:00 AM,2021,6,7,10,0,0,Monday,544168.6322,4803770.113,-80.454692,43.385512,At/near private drive,2,P.D. only,Off highway,unknown,unknown,SMV other,Unknown,Daylight,01 - Daylight,Municipal (excl. Twp. Rd.),No control,unknown,0,0,0,FALSE,FALSE,FALSE,Clear,,FALSE,Road 1: CARYNDALE DR (40 km/h); Road 2: 412 CARYNDALE DR; Distance: 15.0 M E; Vehicle #1     Make: PETE     Model:      Colour:      Style:,2/11/2022 11:14:30 AM,544168.6322,4803770.113
51295,2112831,5/31/2021 6:00:00 PM,2021,5,31,18,0,0,Monday,540154.6398,4805722.056,-80.504104,43.403313,Non intersection,2,Non-reportable,Thru lane,unknown,unknown,SMV unattended vehicle,Unknown,Daylight,01 - Daylight,Municipal (excl. Twp. Rd.),No control,unknown,0,0,0,FALSE,FALSE,FALSE,Clear,,TRUE,Road 1: 783 COMMONWEALTH CRESCENT (IFO); Vehicle #1     Make:      Model:      Colour:      Style: ; Vehicle #2     Make: BMW     Model: 20X     Colour: BLK     Style: 4D,2/11/2022 11:16:17 AM,540154.6398,4805722.056
51296,21128417,6/8/2021 2:24:00 PM,2021,6,8,14,24,0,Tuesday,540181.6256,4811968.722,-80.503311,43.459557,At/near private drive,2,P.D. only,Off highway,unknown,unknown,SMV other,Unknown,Daylight,01 - Daylight,Municipal (excl. Twp. Rd.),No control,unknown,0,0,0,FALSE,FALSE,FALSE,Clear,,FALSE,Road 1: 42 GUELPH ST (50 km/h); Road 2: GUELPH ST; Distance: 5.0 M S; Vehicle #1     Make: FORD     Model: EPR     Colour: BLU     Style: TY,2/11/2022 11:16:30 AM,540181.6256,4811968.722
51297,21129412,6/9/2021 5:00:00 PM,2021,6,9,17,0,0,Wednesday,546815.884,4804206.608,-80.421973,43.389282,Non intersection,2,P.D. only,Thru lane,unknown,unknown,Turning movement,Unknown,Daylight,01 - Daylight,Regional municipality,No control,unknown,0,0,0,FALSE,FALSE,FALSE,Clear,,TRUE,Road 1: DOON S DR; Road 2: HOMER WATSON BLVD; Vehicle #1     Make: TOYT     Model: CBS     Colour: GRY     Style: 4D; Vehicle #2     Make: HOND     Model: FLS     Colour: WHI     Style: 4B,2/11/2022 11:11:50 AM,546815.884,4804206.608
51298,21129939,6/2/2021 5:50:00 PM,2021,6,2,17,50,0,Wednesday,545157.2849,4803386.756,-80.442518,43.382001,Non intersection,2,P.D. only,Thru lane,unknown,unknown,SMV unattended vehicle,Unknown,Daylight,01 - Daylight,Municipal (excl. Twp. Rd.),No control,unknown,0,0,0,FALSE,FALSE,FALSE,Clear,,TRUE,Road 1: 67 PONDCLIFFE DR (ON THE ROADWAY); Vehicle #1     Make: MAZD     Model: M3S     Colour: WHI     Style: 4B; Vehicle #2     Make: DODG     Model: CJO     Colour: GRY     Style: TY,2/11/2022 11:15:54 AM,545157.2849,4803386.756
51299,21129950,6/5/2021 10:15:00 PM,2021,6,5,22,15,0,Saturday,547723.8436,4811488.556,-80.410127,43.454791,Non intersection,2,Non-reportable,Thru lane,unknown,unknown,SMV unattended vehicle,Unknown,Dark,07 - Dark,Municipal (excl. Twp. Rd.),No control,unknown,0,0,0,FALSE,FALSE,FALSE,Clear,,TRUE,Road 1: 2 VALEBROOK ST (IFO); Vehicle #1     Make:      Model:      Colour:      Style: ; Vehicle #2     Make: TOYT     Model: CEN     Colour: GRY     Style: TY,2/11/2022 11:12:03 AM,547723.8436,4811488.556
51300,21130223,6/10/2021 4:34:00 PM,2021,6,10,16,34,0,Thursday,541140.8526,4810724.849,-80.491548,43.448305,Non intersection,2,P.D. only,Not on roadway - left side,unknown,unknown,SMV other,Unknown,Daylight,01 - Daylight,Municipal (excl. Twp. Rd.),No control,unknown,0,0,0,FALSE,FALSE,FALSE,Clear,,FALSE,Road 1: 15 JOSEPH ST (40 km/h); Road 2: JOSEPH ST; Distance: 3.0 M W; Vehicle #1     Make: INTL     Model: 40S     Colour: WHI     Style: VN,2/11/2022 11:17:18 AM,541140.8526,4810724.849
51301,21130649,6/11/2021 6:45:00 AM,2021,6,11,6,45,0,Friday,537874.7743,4808866.666,-80.532041,43.431746,At intersection,1,Non-fatal injury,Within intersection,unknown,unknown,Turning movement,Unknown,Daylight,01 - Daylight,Municipal (excl. Twp. Rd.),unknown,Functioning,0,0,0,FALSE,TRUE,FALSE,Clear,,FALSE,Road 1: BANKSIDE DR (50 km/h); Road 2: OPRINGTON DR (50 km/h); Vehicle #1     Make: HYUN     Model: ESS     Colour: RED     Style: 4D; Vehicle #2     Make: BICY     Model: BICY     Colour:      Style: BIC,2/11/2022 11:10:16 AM,537874.7743,4808866.666
51302,21130691,6/11/2021 8:29:00 AM,2021,6,11,8,29,0,Friday,541312.0959,4809125.587,-80.489553,43.433896,Non intersection,2,P.D. only,Right shoulder,unknown,unknown,SMV unattended vehicle,Unknown,Daylight,01 - Daylight,Regional municipality,No control,unknown,0,0,0,FALSE,FALSE,FALSE,Clear,,FALSE,Road 1: 354 HIGHLAND RD E (50 km/h); Road 2: HIGHLAND RD E; Distance: 5.0 M S; Vehicle #1     Make: FORD     Model: DRW     Colour: WHI     Style: CT; Vehicle #2     Make: RAM     Model: RTR     Colour: WHI     Style: PK,1/3/2023 10:10:11 AM,541312.0959,4809125.587
51303,21133388,5/31/2021 5:00:00 AM,2021,5,31,5,0,0,Monday,539393.2157,4806755.161,-80.513432,43.412656,At/near private drive,2,P.D. only,Thru lane,unknown,unknown,SMV unattended vehicle,Unknown,Dark,07 - Dark,Municipal (excl. Twp. Rd.),No control,unknown,0,0,0,FALSE,FALSE,FALSE,Clear,,TRUE,Road 1: 239 GREY FOX DR (IFO); Vehicle #1     Make:      Model:      Colour:      Style: ; Vehicle #2     Make: FORD     Model: SPE     Colour: BLK     Style: TY,2/11/2022 11:13:59 AM,539393.2157,4806755.161
51304,21133420,6/10/2021 8:20:00 AM,2021,6,10,8,20,0,Thursday,540042.9277,4811640.964,-80.505049,43.456613,Intersection related,2,P.D. only,Within intersection,unknown,unknown,Angle,Unknown,Daylight,01 - Daylight,Municipal (excl. Twp. Rd.),unknown,unknown,0,0,0,FALSE,FALSE,FALSE,Clear,,TRUE,Road 1: BRAUN ST; Road 2: ANDREW ST; Vehicle #1     Make: NISS     Model: A2S     Colour: GRY     Style: 4D; Vehicle #2     Make: VOLK     Model: JSA     Colour: BLK     Style: 4D,2/11/2022 11:10:23 AM,540042.9277,4811640.965
51305,21133457,6/10/2021 7:00:00 AM,2021,6,10,7,0,0,Thursday,543904.5336,4809054.693,-80.457528,43.43311,Non intersection,2,P.D. only,Thru lane,unknown,unknown,SMV unattended vehicle,Unknown,Daylight,01 - Daylight,Municipal (excl. Twp. Rd.),No control,unknown,0,0,0,FALSE,FALSE,FALSE,Clear,,TRUE,Road 1: CONNAUGHT PLACE (IFO 33); Vehicle #1     Make:      Model:      Colour:      Style: ; Vehicle #2     Make: HOND     Model: FKG     Colour: GRY     Style: 4B,2/11/2022 11:10:26 AM,543904.5336,4809054.693
51306,21134311,6/15/2021 1:00:00 PM,2021,6,15,13,0,0,Tuesday,545309.4359,4812623.271,-80.439873,43.465158,Non intersection,2,Non-reportable,Thru lane,unknown,unknown,SMV unattended vehicle,Unknown,Daylight,01 - Daylight,Municipal (excl. Twp. Rd.),No control,unknown,0,0,0,FALSE,FALSE,FALSE,Clear,,TRUE,Road 1: 94 NIPIGON ST (ON THE ROADWAY); Vehicle #1     Make: WSTR     Model: CNV     Colour: SIL     Style: CT; Vehicle #2     Make:      Model:      Colour:      Style:,2/11/2022 11:12:05 AM,545309.4359,4812623.271
51307,21134650,6/15/2021 9:56:00 PM,2021,6,15,21,56,0,Tuesday,543449.1154,4807962.706,-80.463241,43.423304,Non intersection,1,Non-fatal injury,Thru lane,unknown,unknown,SMV other,Unknown,Dark,07 - Dark,unknown,No control,unknown,2,0,0,TRUE,FALSE,FALSE,Clear,,FALSE,Road 1: BLOCK LINE RD (60 km/h); Road 2: HILLMOUNT ST; Distance: 52.0 K S; Vehicle #1     Make:      Model:      Colour:      Style:,2/11/2022 11:16:03 AM,543449.1154,4807962.706
51308,21135530,6/13/2021 9:30:00 AM,2021,6,13,9,30,0,Sunday,539178.5404,4811418.303,-80.515749,43.454654,At/near private drive,2,Non-reportable,Thru lane,unknown,unknown,SMV unattended vehicle,Unknown,Daylight,01 - Daylight,Municipal (excl. Twp. Rd.),No control,unknown,0,0,0,FALSE,FALSE,FALSE,Clear,,TRUE,Road 1: MOUNT HOPE ST (IFO 101); Vehicle #1     Make: KIA     Model: SOR     Colour: SIL     Style: TY; Vehicle #2     Make: HOND     Model: UDY     Colour: BLK     Style: TY,2/11/2022 11:12:10 AM,539178.5404,4811418.303
51309,21136158,6/17/2021 5:45:00 PM,2021,6,17,17,45,0,Thursday,545797.0141,4808980.497,-80.434152,43.432329,At/near private drive,2,Non-reportable,Thru lane,unknown,unknown,SMV unattended vehicle,Unknown,Daylight,01 - Daylight,Municipal (excl. Twp. Rd.),No control,unknown,0,0,0,FALSE,FALSE,FALSE,Clear,,TRUE,Road 1: 125 FLORENCE AVE; Vehicle #1     Make: GMC     Model: SIE     Colour: RED     Style: PK; Vehicle #2     Make: CHEV     Model: TRX     Colour: GRY     Style: TY,2/11/2022 11:11:53 AM,545797.0141,4808980.497
51310,21136559,6/18/2021 9:20:00 AM,2021,6,18,9,20,0,Friday,544610.3192,4809092.843,-80.448804,43.433412,At intersection,1,Non-fatal injury,Within intersection,unknown,unknown,SMV other,Unknown,Daylight,01 - Daylight,Regional municipality,unknown,Functioning,0,0,0,TRUE,FALSE,FALSE,Rain,,FALSE,Road 1: KINGSWAY DR (50 km/h); Road 2: FRANKLIN ST S (50 km/h); Charged Driver #1 on page 1: NA NA (NA) (NA); Vehicle #1     Make: KIA     Model: CRO     Colour: SIL     Style: 4B,2/11/2022 11:15:24 AM,544610.3192,4809092.843
51311,21136682,6/13/2021 11:00:00 PM,2021,6,13,23,0,0,Sunday,540744.4108,4808819.765,-80.49659,43.431173,Non intersection,2,P.D. only,Thru lane,unknown,unknown,SMV other,Unknown,Dark,07 - Dark,Regional municipality,No control,unknown,0,0,0,FALSE,FALSE,FALSE,Clear,,TRUE,"Road 1: STIRLING AVE SOUTH , ONTARIO; Road 2: HOMER WATSON BLVD; Vehicle #1     Make: HYUN     Model: ESM     Colour: WHI     Style: 4D",2/11/2022 11:14:18 AM,540744.4108,4808819.765
51312,21136714,6/14/2021 9:45:00 AM,2021,6,14,9,45,0,Monday,538071.7226,4807548.661,-80.529699,43.419869,Intersection related,2,P.D. only,Thru lane,unknown,unknown,Rear end,Unknown,Daylight,01 - Daylight,Municipal (excl. Twp. Rd.),unknown,Functioning,0,0,0,FALSE,FALSE,FALSE,Rain,,TRUE,Road 1: MCGARRY DR; Road 2: WESTHEIGHTS DR; Vehicle #1     Make: MITS     Model: MES     Colour: BLU     Style: 4B; Vehicle #2     Make:      Model:      Colour:      Style:,2/11/2022 11:12:56 AM,538071.7226,4807548.661