OBJECTID,ACCIDENTNUM,ACCIDENTDATE,ACCIDENT_YEAR,ACCIDENT_MONTH,ACCIDENT_DAY,ACCIDENT_HOUR,ACCIDENT_MINUTE,ACCIDENT_SECOND,ACCIDENT_WEEKDAY,XCOORD,YCOORD,LONGITUDE,LATITUDE,ACCIDENTLOCATION,COLLISIONTYPE,CLASSIFICATIONOFACCIDENT,IMPACTLOCATION,INITIALDIRECTIONOFTRAVELONE,INITIALDIRECTIONOFTRAVELTWO,INITIALIMPACTTYPE,INTTRAFFICCONTROL,LIGHT,LIGHTFORREPORT,ROADJURISDICTION,TRAFFICCONTROL,TRAFFICCONTROLCONDITION,THRULANENO,NORTHBOUNDDISOBEYCOUNT,SOUTHBOUNDDISOBEYCOUNT,PEDESTRIANINVOLVED,CYCLISTINVOLVED,MOTORCYCLISTINVOLVED,ENVIRONMENTCONDITION1,ENVIRONMENTCONDITION2,SELFREPORTED,XMLIMPORTNOTES,LASTEDITEDDATE,x,y
51313,21136778,6/6/2021 11:20:00 PM,2021,6,6,23,20,0,Sunday,536909.1928,4806767.499,-80.544112,43.412893,Non intersection,2,Non-reportable,Thru lane,unknown,unknown,SMV unattended vehicle,Unknown,Dark,07 - Dark,Municipal (excl. Twp. Rd.),No control,unknown,0,0,0,FALSE,FALSE,FALSE,Clear,,TRUE,Road 1: 107 SUGAR MAPLE ST; Vehicle #1     Make: TOYT     Model: HIG     Colour: GRY     Style: TY; Vehicle #2     Make: TOYT     Model: CEP     Colour: GRY     Style: 4D,2/11/2022 11:15:58 AM,536909.1928,4806767.499
51314,21136785,6/12/2021 12:30:00 PM,2021,6,12,12,30,0,Saturday,537997.3298,4809250.588,-80.5305,43.435197,At/near private drive,2,Non-reportable,Thru lane,unknown,unknown,Other,Unknown,Daylight,01 - Daylight,Municipal (excl. Twp. Rd.),No control,unknown,0,0,0,FALSE,FALSE,FALSE,Clear,,TRUE,Road 1: 288 BENESFORT CRESCENT (IFO); Vehicle #1     Make: TOYT     Model: YAR     Colour: GRY     Style: 4B; Vehicle #2     Make: HOND     Model: UCL     Colour: BLK     Style: 4D,2/11/2022 11:15:26 AM,537997.3298,4809250.588
51315,21137019,6/18/2021 7:02:00 PM,2021,6,18,19,2,0,Friday,539568.2893,4811425.383,-80.510932,43.454697,Intersection related,2,P.D. only,Off highway,unknown,unknown,SMV other,Unknown,Daylight,01 - Daylight,Township,unknown,Functioning,0,0,0,FALSE,FALSE,FALSE,Clear,,FALSE,Road 1: PARK ST (50 km/h); Road 2: GREEN ST (50 km/h); Charged Driver #1 on page 1: HTA 142 (NA) (NA); Vehicle #1     Make: HYUN     Model: AGG     Colour: BLK     Style: 4B,2/11/2022 11:08:14 AM,539568.2893,4811425.383
51316,21137602,6/19/2021 12:40:00 PM,2021,6,19,12,40,0,Saturday,541798.0288,4810621.588,-80.483434,43.447339,Intersection related,2,Non-reportable,Thru lane,unknown,unknown,Rear end,Unknown,Daylight,01 - Daylight,Regional municipality,unknown,Functioning,0,0,0,FALSE,FALSE,FALSE,Clear,,TRUE,Road 1: KING ST E; Road 2: CEDAR ST N; Vehicle #1     Make: TOYT     Model: RV4     Colour: WHI     Style: TY; Vehicle #2     Make: HYUN     Model: SFT     Colour: GRY     Style: TY,2/11/2022 11:15:07 AM,541798.0288,4810621.588
51317,21138212,6/20/2021 1:17:00 AM,2021,6,20,1,17,0,Sunday,543130.4282,4804696.11,-80.467436,43.39391,Non intersection,2,P.D. only,Thru lane,unknown,unknown,SMV other,Unknown,Dark,07 - Dark,Municipal (excl. Twp. Rd.),No control,unknown,1,0,0,FALSE,FALSE,FALSE,Clear,,FALSE,Road 1: STRASBURG RD (50 km/h); Road 2: HURON ROAD; Distance: 200.0 M E; Vehicle #1     Make: AUDI     Model: S6Q     Colour: SIL     Style: 4D,2/11/2022 11:10:45 AM,543130.4282,4804696.11
51318,21139126,6/8/2021 12:30:00 PM,2021,6,8,12,30,0,Tuesday,546127.0638,4805000.137,-80.43041,43.396469,Intersection related,2,Non-reportable,Thru lane,unknown,unknown,Angle,Unknown,Daylight,01 - Daylight,Municipal (excl. Twp. Rd.),unknown,Functioning,0,0,0,FALSE,FALSE,FALSE,Clear,,TRUE,Road 1: PIONEER DR; Road 2: GREEN VALLEY DR; Vehicle #1     Make:      Model:      Colour:      Style: ; Vehicle #2     Make: TOYT     Model: MTL     Colour: GRY     Style: 4D,2/11/2022 11:14:41 AM,546127.0638,4805000.137
51319,21139132,6/8/2021 2:30:00 PM,2021,6,8,14,30,0,Tuesday,541049.6625,4810180.654,-80.492716,43.44341,Non intersection,2,Non-reportable,Thru lane,unknown,unknown,SMV unattended vehicle,Unknown,Daylight,01 - Daylight,Municipal (excl. Twp. Rd.),No control,unknown,0,0,0,FALSE,FALSE,FALSE,Clear,,TRUE,Road 1: 19 BRUDER AVE; Vehicle #1     Make:      Model:      Colour:      Style: ; Vehicle #2     Make: NISS     Model: ATS     Colour: SIL     Style: 4D,2/11/2022 11:15:40 AM,541049.6625,4810180.654
51320,21139332,6/21/2021 12:55:00 PM,2021,6,21,12,55,0,Monday,541625.5394,4807581.266,-80.485798,43.419973,Non intersection,2,P.D. only,Thru lane,unknown,unknown,SMV unattended vehicle,Unknown,Daylight,01 - Daylight,Municipal (excl. Twp. Rd.),No control,unknown,1,0,0,FALSE,FALSE,FALSE,Clear,,FALSE,Road 1: 53 BARWOOD CRESCENT (50 km/h); Road 2: BARWOOD CRES; Distance: 2.0 M W; Charged Driver #1 on page 1: CAI 3 (NA) (NA); Vehicle #1     Make: HOND     Model: CIV     Colour: BLK     Style: 4D; Vehicle #2     Make: BUIC     Model: ENC     Colour: WHI ,2/11/2022 11:14:14 AM,541625.5394,4807581.266
51321,21139413,6/21/2021 2:38:00 PM,2021,6,21,14,38,0,Monday,541276.1444,4810062.532,-80.489926,43.442334,Non intersection,2,P.D. only,Thru lane,unknown,unknown,SMV other,Unknown,Daylight,01 - Daylight,Municipal (excl. Twp. Rd.),No control,unknown,1,0,0,FALSE,FALSE,FALSE,Clear,,FALSE,Road 1: 100 WHITNEY PL (50 km/h); Road 2: WHITNEY PL; Distance: 1.0 M W; Vehicle #1     Make: VOLV     Model: VNL6     Colour:      Style:,2/11/2022 11:14:16 AM,541276.1444,4810062.532
51322,21140011,5/29/2021 7:00:00 PM,2021,5,29,19,0,0,Saturday,540327.2148,4806246.964,-80.501934,43.40803,At intersection,2,Non-reportable,Thru lane,unknown,unknown,Other,Unknown,Daylight,01 - Daylight,Regional municipality,unknown,Functioning,0,0,0,FALSE,FALSE,FALSE,Clear,,TRUE,Road 1: COTTON GRASS ST; Road 2: FISCHER-HALLMAN RD; Vehicle #1     Make: GMC     Model: SAV     Colour: WHI     Style: FV; Vehicle #2     Make:      Model:      Colour:      Style:,2/11/2022 11:12:44 AM,540327.2148,4806246.964
51323,21140015,5/28/2021 4:00:00 PM,2021,5,28,16,0,0,Friday,542107.9892,4807131.72,-80.479873,43.415898,At intersection,2,Non-reportable,Thru lane,unknown,unknown,Sideswipe,Unknown,Daylight,01 - Daylight,Regional municipality,unknown,Functioning,0,0,0,FALSE,FALSE,FALSE,Rain,,TRUE,Road 1: STRASBURG RD; Road 2: BLOCK LINE RD; Vehicle #1     Make: TOYT     Model: RV4     Colour: GRY     Style: TY; Vehicle #2     Make:      Model:      Colour:      Style:,2/11/2022 11:12:42 AM,542107.9892,4807131.72
51324,21140434,6/22/2021 7:30:00 PM,2021,6,22,19,30,0,Tuesday,545057.3047,4808190.181,-80.443356,43.425257,Non intersection,2,P.D. only,Thru lane,unknown,unknown,Sideswipe,Unknown,Daylight,01 - Daylight,Municipal (excl. Twp. Rd.),No control,unknown,0,0,0,FALSE,FALSE,FALSE,Clear,,TRUE,Road 1: 588 GREENFIELD AVE (IFO); Vehicle #1     Make: NISS     Model: ATS     Colour: GRY     Style: 4D; Vehicle #2     Make: HYUN     Model: K2G     Colour: WHI     Style: TY,2/11/2022 11:16:25 AM,545057.3047,4808190.181
51325,21141058,6/20/2021 5:30:00 PM,2021,6,20,17,30,0,Sunday,539205.5379,4805379.659,-80.515849,43.40028,Non intersection,2,Non-reportable,Right shoulder,unknown,unknown,SMV unattended vehicle,Unknown,Daylight,01 - Daylight,Municipal (excl. Twp. Rd.),No control,unknown,0,0,0,FALSE,FALSE,FALSE,Clear,,TRUE,Road 1: RED CLOVER CT; Road 2: RED CLOVER CRESCENT; Distance: 100.0 M E; Vehicle #1     Make:      Model:      Colour:      Style: ; Vehicle #2     Make: VOLK     Model: JETT     Colour: BGE     Style: 4D,2/11/2022 11:14:01 AM,539205.5379,4805379.659
51326,21141154,6/19/2021 11:00:00 AM,2021,6,19,11,0,0,Saturday,541067.6719,4810166.245,-80.492494,43.443279,Non intersection,2,P.D. only,Left shoulder,unknown,unknown,SMV unattended vehicle,Unknown,Other,99 - Other,Regional municipality,No control,unknown,0,0,0,FALSE,FALSE,FALSE,Other,,FALSE,Road 1: 27 BRUDER AVE (50 km/h); Road 2: BRUDER AVE; Distance: 3.0 M W; Vehicle #1     Make: PETE     Model:      Colour:      Style: ; Vehicle #2     Make: HOND     Model: ULS     Colour: BRN     Style: 4D,2/11/2022 11:13:29 AM,541067.6719,4810166.245
51327,21141756,6/16/2021 2:16:00 AM,2021,6,16,2,16,0,Wednesday,545095.1166,4808424.643,-80.44287,43.427366,Non intersection,2,Non-reportable,Off highway,unknown,unknown,SMV unattended vehicle,Unknown,Dark,07 - Dark,Municipal (excl. Twp. Rd.),No control,unknown,0,0,0,FALSE,FALSE,FALSE,Clear,,TRUE,Road 1: 178 CEDARWOODS CRESCENT (IFO); Vehicle #1     Make:      Model:      Colour:      Style: ; Vehicle #2     Make: TOYT     Model: SXC     Colour: GRY     Style: 2B,2/11/2022 11:12:08 AM,545095.1166,4808424.643
51328,21141959,6/24/2021 4:50:00 PM,2021,6,24,16,50,0,Thursday,545927.5496,4802981.829,-80.433043,43.378308,Intersection related,2,P.D. only,Thru lane,unknown,unknown,Rear end,Unknown,Daylight,01 - Daylight,Regional municipality,unknown,Functioning,0,0,0,FALSE,FALSE,FALSE,Clear,,TRUE,Road 1: DOON S DR; Road 2: ROBERT FERRIE DR; Vehicle #1     Make: FORD     Model: SPE     Colour: GRY     Style: TY; Vehicle #2     Make: HYUN     Model: ESM     Colour: WHI     Style: 4D,2/11/2022 11:15:19 AM,545927.5496,4802981.829
51329,21142186,6/24/2021 11:22:00 PM,2021,6,24,23,22,0,Thursday,541934.6203,4806813.323,-80.482039,43.413041,Non intersection,2,P.D. only,Other,unknown,unknown,SMV unattended vehicle,Unknown,Dark,07 - Dark,Regional municipality,No control,unknown,0,0,0,FALSE,FALSE,FALSE,Clear,,FALSE,Road 1: 18 BROOKFIELD CRES (50 km/h); Road 2: BROOKFIELD CRES; Distance: 1.0 K N; Vehicle #1     Make:      Model:      Colour:      Style: SUV; Vehicle #2     Make: TOYT     Model: VEN     Colour: GRY     Style: TY,2/11/2022 11:16:09 AM,541934.6203,4806813.323
51330,21142474,5/27/2021 10:00:00 AM,2021,5,27,10,0,0,Thursday,545683.433,4808596.255,-80.435587,43.428876,Non intersection,2,Non-reportable,Thru lane,unknown,unknown,Other,Unknown,Daylight,01 - Daylight,Municipal (excl. Twp. Rd.),No control,unknown,0,0,0,FALSE,FALSE,FALSE,Clear,,TRUE,Road 1: 31 KINGSBURY DR (IFO); Vehicle #1     Make: TOYT     Model: RV4     Colour: GRY     Style: TY; Vehicle #2     Make: TOYT     Model: CBS     Colour: SIL     Style: 4D,2/11/2022 11:17:32 AM,545683.433,4808596.255
51331,21142801,6/25/2021 1:30:00 PM,2021,6,25,13,30,0,Friday,539787.6909,4811189.151,-80.508237,43.452559,At/near private drive,2,P.D. only,Thru lane,unknown,unknown,Other,Unknown,Daylight,01 - Daylight,Municipal (excl. Twp. Rd.),No control,unknown,0,0,0,FALSE,FALSE,FALSE,Rain,,TRUE,Road 1: 295 PARK ST; Vehicle #1     Make: MAZD     Model: MA5     Colour: GRY     Style: SW; Vehicle #2     Make: CHEV     Model: EQU     Colour: BLK     Style: TY,2/11/2022 11:16:33 AM,539787.6909,4811189.151
51332,21143301,6/17/2021 9:00:00 AM,2021,6,17,9,0,0,Thursday,542800.4376,4814306.42,-80.470757,43.48046,Non intersection,2,Non-reportable,Thru lane,unknown,unknown,SMV unattended vehicle,Unknown,Daylight,01 - Daylight,Municipal (excl. Twp. Rd.),No control,unknown,0,0,0,FALSE,FALSE,FALSE,Clear,,TRUE,Road 1: 55 SCHWEITZER ST; Vehicle #1     Make:      Model:      Colour:      Style: ; Vehicle #2     Make: TOYT     Model: YAR     Colour: GRY     Style: 4B,2/11/2022 11:17:22 AM,542800.4376,4814306.421
51333,21143528,6/26/2021 3:26:00 PM,2021,6,26,15,26,0,Saturday,536074.3333,4807656.936,-80.554365,43.420942,At/near private drive,2,P.D. only,Right shoulder,unknown,unknown,SMV unattended vehicle,Unknown,Daylight,01 - Daylight,Municipal (excl. Twp. Rd.),No control,unknown,0,0,0,FALSE,FALSE,FALSE,Clear,,FALSE,Road 1: 10 RAUCH CRT (40 km/h); Road 2: RAUCH CRT; Distance: 1.0 M W; Charged Driver #1 on page 1: HTA 130 (NA) (NA); Vehicle #1     Make: FORD     Model: ZX4     Colour: GRY     Style: 4D; Vehicle #2     Make: FORD     Model: STF     Colour: BLK     Styl,2/11/2022 11:09:29 AM,536074.3333,4807656.936
51334,21143536,6/26/2021 3:34:00 PM,2021,6,26,15,34,0,Saturday,545980.2668,4811006.91,-80.431717,43.450563,Other,2,P.D. only,Off highway,unknown,unknown,SMV other,Unknown,Daylight,01 - Daylight,Municipal (excl. Twp. Rd.),No control,unknown,0,0,0,FALSE,FALSE,FALSE,Clear,,FALSE,Road 1: 57 JADESTONE COURT; Vehicle #1     Make: FORD     Model: TST     Colour: WHI     Style: FV,2/11/2022 11:10:06 AM,545980.2668,4811006.91
51335,21143548,6/26/2021 3:58:00 PM,2021,6,26,15,58,0,Saturday,542464.7229,4807233.043,-80.475459,43.416791,Non intersection,1,Non-fatal injury,Not on roadway - left side,unknown,unknown,SMV other,Unknown,Daylight,01 - Daylight,Regional municipality,No control,unknown,0,0,0,FALSE,FALSE,FALSE,Clear,,FALSE,Road 1: COUNTRY HILL DR (50 km/h); Road 2: BLOCK LINE RD; Distance: 50.0 M S; Charged Driver #1 on page 1: HTA 130 (NA) (NA); Vehicle #1     Make: MAZD     Model: M3I     Colour: GRY     Style: 4D,2/11/2022 11:17:30 AM,542464.7229,4807233.043
51336,21144522,6/27/2021 6:16:00 PM,2021,6,27,18,16,0,Sunday,542790.6215,4809801.57,-80.471232,43.439899,At intersection,2,P.D. only,Within intersection,unknown,unknown,SMV other,Unknown,Daylight,01 - Daylight,Regional municipality,unknown,Functioning,0,0,0,FALSE,FALSE,FALSE,Clear,,FALSE,Road 1: SYDNEY ST S (30 km/h); Road 2: MAURICE ST (30 km/h); Vehicle #1     Make: FORD     Model: COF     Colour: BLK     Style: CW,2/11/2022 11:15:05 AM,542790.6215,4809801.57
51337,21145809,6/28/2021 6:00:00 AM,2021,6,28,6,0,0,Monday,536916.9537,4807413.844,-80.543973,43.418712,Non intersection,2,Non-reportable,Thru lane,unknown,unknown,SMV unattended vehicle,Unknown,Daylight,01 - Daylight,Municipal (excl. Twp. Rd.),No control,unknown,0,0,0,FALSE,FALSE,FALSE,Clear,,TRUE,Road 1: 32 TIMBERLANE CRESCENT (IFO); Vehicle #1     Make: TOYT     Model: CEP     Colour: WHI     Style: 4D; Vehicle #2     Make: RAM     Model: RTR     Colour: GRY     Style: CW,2/11/2022 11:17:24 AM,536916.9537,4807413.844
51338,21146360,6/29/2021 5:20:00 PM,2021,6,29,17,20,0,Tuesday,538581.6739,4810868.321,-80.523165,43.449733,Non intersection,2,Non-reportable,Thru lane,unknown,unknown,SMV other,Unknown,Daylight,01 - Daylight,Regional municipality,No control,unknown,0,0,0,FALSE,FALSE,FALSE,Rain,,TRUE,Road 1: GLASGOW ST; Road 2: WESTMOUNT RD; Vehicle #1     Make: TOYT     Model: CTR     Colour: GRY     Style: 4B,2/11/2022 11:15:31 AM,538581.6739,4810868.321
51339,21147189,6/30/2021 3:19:00 PM,2021,6,30,15,19,0,Wednesday,543361.855,4807654.484,-80.464344,43.420534,At intersection,1,Non-fatal injury,Within intersection,unknown,unknown,Angle,Unknown,Daylight,01 - Daylight,Municipal (excl. Twp. Rd.),unknown,Functioning,0,0,0,FALSE,FALSE,TRUE,Clear,,FALSE,Road 1: BLOCK LINE RD (50 km/h); Road 2: LENNOX LEWIS WAY (50 km/h); Vehicle #1     Make: HOND     Model: C60     Colour: BLK     Style: MS; Vehicle #2     Make: HINO     Model: 195     Colour: WHI     Style: CT,2/11/2022 11:15:11 AM,543361.855,4807654.484
51340,21147342,6/30/2021 6:07:00 PM,2021,6,30,18,7,0,Wednesday,544272.6731,4803389.572,-80.453438,43.382079,At intersection,2,P.D. only,Other,unknown,unknown,SMV other,Unknown,Daylight,01 - Daylight,Municipal (excl. Twp. Rd.),unknown,Functioning,0,1,0,FALSE,FALSE,FALSE,Clear,,FALSE,Road 1: EVENSTONE AVE (50 km/h); Road 2: CARYNDALE DR (50 km/h); Charged Driver #1 on page 1: NA NA (NA) (NA); Vehicle #1     Make: TOYT     Model: RG4     Colour: GRY     Style: TY,2/11/2022 11:15:22 AM,544272.6731,4803389.572
51341,21147972,6/28/2021 3:20:00 PM,2021,6,28,15,20,0,Monday,542617.1866,4806576.817,-80.473627,43.410873,Intersection related,2,P.D. only,Thru lane,unknown,unknown,Angle,Unknown,Daylight,01 - Daylight,Municipal (excl. Twp. Rd.),unknown,unknown,0,0,0,FALSE,FALSE,FALSE,Clear,,TRUE,Road 1: DEVONGLEN DR; Road 2: DEVONGLEN CT; Vehicle #1     Make:      Model:      Colour:      Style: ; Vehicle #2     Make: MAZD     Model: M3S     Colour: SIL     Style: 4D,8/16/2022 2:56:24 PM,542617.1866,4806576.817
51342,21147977,6/30/2021 3:00:00 PM,2021,6,30,15,0,0,Wednesday,538406.3951,4807617.357,-80.52556,43.42047,Non intersection,2,Non-reportable,Right shoulder,unknown,unknown,SMV unattended vehicle,Unknown,Daylight,01 - Daylight,Municipal (excl. Twp. Rd.),No control,unknown,0,0,0,FALSE,FALSE,FALSE,Clear,,TRUE,Road 1: 153 MCGARRY DR; Vehicle #1     Make:      Model:      Colour:      Style: ; Vehicle #2     Make: MAZD     Model: 3TR     Colour: BLU     Style: 4B,2/11/2022 11:13:33 AM,538406.3951,4807617.357
51343,21148070,7/1/2021 2:30:00 PM,2021,7,1,14,30,0,Thursday,542500.0167,4812519.021,-80.474611,43.464384,Non intersection,2,P.D. only,Thru lane,unknown,unknown,Sideswipe,Unknown,Daylight,01 - Daylight,Regional municipality,No control,unknown,0,0,0,FALSE,FALSE,FALSE,Clear,,TRUE,Road 1: WELLINGTON ST N; Road 2: CONESTOGA PKWY ON-RAMP; Vehicle #1     Make: FORD     Model: DRW     Colour: WHI     Style: MH; Vehicle #2     Make: TOYT     Model: MTL     Colour: GRY     Style: 4D,2/11/2022 11:13:30 AM,542500.0167,4812519.021
51344,21148585,7/2/2021 1:00:00 AM,2021,7,2,1,0,0,Friday,541906.339,4806804.343,-80.482389,43.412962,Non intersection,2,P.D. only,Thru lane,unknown,unknown,SMV unattended vehicle,Unknown,Dark,07 - Dark,Municipal (excl. Twp. Rd.),No control,unknown,1,0,0,FALSE,FALSE,FALSE,Clear,,FALSE,Road 1: 9 BROOKFIELD CRES (40 km/h); Road 2: BROOKFIELD CRES; Distance: 15.0 M S; Charged Driver #1 on page 1: CCC 320.14 (NA) (NA); Vehicle #1     Make: CHEV     Model: CZT     Colour: WHI     Style: 4D; Vehicle #2     Make: HOND     Model: ULS     Colou,2/11/2022 11:09:07 AM,541906.339,4806804.343
51345,21148908,7/2/2021 8:45:00 AM,2021,7,2,8,45,0,Friday,543971.6254,4808237.944,-80.456765,43.425752,At/near private drive,2,P.D. only,Thru lane,unknown,unknown,SMV unattended vehicle,Unknown,Daylight,01 - Daylight,Municipal (excl. Twp. Rd.),No control,unknown,0,0,0,FALSE,FALSE,FALSE,Clear,,TRUE,Road 1: 58 BROADMOOR AVE; Road 2: DRIVE WAY; Vehicle #1     Make: FORD     Model: COF     Colour: WHI     Style: PK; Vehicle #2     Make: FORD     Model: FE     Colour: BLU     Style: 4D,2/11/2022 11:14:06 AM,543971.6254,4808237.944
51346,21148910,6/28/2021 4:10:00 PM,2021,6,28,16,10,0,Monday,543789.3214,4809466.886,-80.458918,43.436828,Non intersection,2,P.D. only,Thru lane,unknown,unknown,Angle,Unknown,Daylight,01 - Daylight,Regional municipality,No control,unknown,0,0,0,FALSE,FALSE,FALSE,Clear,,TRUE,Road 1: DIXON ST; Road 2: KING ST E; Vehicle #1     Make: NISS     Model: VNS     Colour: YEL     Style: 4B; Vehicle #2     Make:      Model:      Colour:      Style:,2/11/2022 11:13:48 AM,543789.3214,4809466.887
51347,21148923,6/1/2021 8:00:00 AM,2021,6,1,8,0,0,Tuesday,545236.0309,4811262.528,-80.440894,43.45291,At/near private drive,2,P.D. only,Thru lane,unknown,unknown,SMV unattended vehicle,Unknown,Daylight,01 - Daylight,Municipal (excl. Twp. Rd.),No control,unknown,0,0,0,FALSE,FALSE,FALSE,Clear,,TRUE,Road 1: BISHOP COURT (IFO 28); Vehicle #1     Make:      Model:      Colour:      Style: ; Vehicle #2     Make: CHEV     Model: C15     Colour: BLU     Style: TY,8/16/2022 2:54:07 PM,545236.0309,4811262.528
51348,21148925,6/17/2021 4:00:00 PM,2021,6,17,16,0,0,Thursday,546947.0218,4804100.158,-80.420363,43.388315,At/near private drive,2,P.D. only,Within intersection,unknown,unknown,Rear end,Unknown,Daylight,01 - Daylight,Municipal (excl. Twp. Rd.),No control,unknown,0,0,0,FALSE,FALSE,FALSE,Clear,,TRUE,Road 1: 1398 DOON VILLAGE RD; Road 2: DOON S DR DOON SOUTH KITCHENER; Vehicle #1     Make: RAM     Model: RTR     Colour: BLU     Style: PK; Vehicle #2     Make: CHEV     Model: EQU     Colour: WHI     Style: TY,2/11/2022 11:13:06 AM,546947.0218,4804100.158
51349,21148949,6/18/2021 6:21:00 PM,2021,6,18,18,21,0,Friday,538800.8841,4808626.539,-80.520616,43.429537,At/near private drive,2,Non-reportable,Thru lane,unknown,unknown,Angle,Unknown,Daylight,01 - Daylight,Municipal (excl. Twp. Rd.),No control,unknown,0,0,0,FALSE,FALSE,FALSE,Clear,,TRUE,Road 1: 1468 QUEEN'S BLVD; Vehicle #1     Make: DODG     Model: CAR     Colour: WHI     Style: VN; Vehicle #2     Make:      Model:      Colour:      Style:,2/11/2022 11:17:19 AM,538800.8841,4808626.539
51350,21150508,7/4/2021 11:35:00 AM,2021,7,4,11,35,0,Sunday,545314.6546,4804469.785,-80.440486,43.391743,Intersection related,2,Non-reportable,Within intersection,unknown,unknown,Turning movement,Unknown,Daylight,01 - Daylight,Regional municipality,unknown,Functioning,0,0,0,FALSE,FALSE,FALSE,Clear,,TRUE,"Road 1: DOON VILLAGE RD KITCHENER WATERLOO REGIONAL MUNICIPALITY , ONTARIO , ONTARIO , ONTARIO , ONTARIO , O; Road 2: BETCHEL ROAD; Vehicle #1     Make:      Model:      Colour:      Style: ; Vehicle #2     Make: TOYT     Model: SXC     Colour: WHI     St",2/11/2022 11:12:54 AM,545314.6546,4804469.785
51351,21151282,7/5/2021 10:07:00 AM,2021,7,5,10,7,0,Monday,542560.8699,4812549.581,-80.473856,43.464655,Intersection related,2,P.D. only,Thru lane,unknown,unknown,Rear end,Unknown,Daylight,01 - Daylight,Regional municipality,unknown,Functioning,2,0,0,FALSE,FALSE,FALSE,Clear,,FALSE,Road 1: WELLINGTON ST N (50 km/h); Road 2: WELLINGTON ST N N TO 85 N ON (50 km/h); Distance: 1.0 M E; Charged Driver #1 on page 1: HTA 130 (NA) (NA); Vehicle #1     Make: RAM     Model: RTR     Colour: BLK     Style: PK; Vehicle #2     Make: MACK     Mode,2/11/2022 11:08:01 AM,542560.8699,4812549.581
51352,21151487,7/5/2021 2:29:00 PM,2021,7,5,14,29,0,Monday,543911.1202,4811028.189,-80.457288,43.450879,Non intersection,2,P.D. only,Thru lane,unknown,unknown,SMV other,Unknown,Daylight,01 - Daylight,Regional municipality,No control,unknown,1,0,0,FALSE,FALSE,FALSE,Clear,,FALSE,Road 1: 190 MANCHESTER RD (40 km/h); Road 2: MANCHESTER RD; Distance: 15.0 M W; Vehicle #1     Make: FORD     Model: COF     Colour: GRY     Style: PK,4/22/2022 2:25:15 PM,543911.1202,4811028.19
51353,21152060,6/16/2021 4:30:00 PM,2021,6,16,16,30,0,Wednesday,537280.0055,4808364.798,-80.539423,43.427257,Non intersection,2,Non-reportable,Thru lane,unknown,unknown,SMV unattended vehicle,Unknown,Daylight,01 - Daylight,Regional municipality,No control,unknown,0,0,0,FALSE,FALSE,FALSE,Clear,,TRUE,Road 1: 323 BANKSIDE DR; Vehicle #1     Make:      Model:      Colour:      Style: ; Vehicle #2     Make: HOND     Model: UCL     Colour: RED     Style: 4D,2/11/2022 11:13:46 AM,537280.0055,4808364.798
51354,21152200,7/4/2021 3:15:00 PM,2021,7,4,15,15,0,Sunday,544480.4247,4813307.4,-80.450066,43.471367,Non intersection,2,P.D. only,Thru lane,unknown,unknown,Sideswipe,Unknown,Daylight,01 - Daylight,Municipal (excl. Twp. Rd.),No control,unknown,0,0,0,FALSE,FALSE,FALSE,Clear,,TRUE,Road 1: 425 BINGEMANS CENTRE DR; Road 2: IFO; Vehicle #1     Make: CHEV     Model: UPL     Colour: GRY     Style: VN; Vehicle #2     Make: MAZD     Model: CX9     Colour: WHI     Style: TY,2/11/2022 11:14:03 AM,544480.4247,4813307.4
51355,21152374,7/6/2021 2:00:00 PM,2021,7,6,14,0,0,Tuesday,540038.5149,4811338.089,-80.505126,43.453886,Non intersection,2,Non-reportable,Thru lane,unknown,unknown,SMV unattended vehicle,Unknown,Daylight,01 - Daylight,Municipal (excl. Twp. Rd.),No control,unknown,0,0,0,FALSE,FALSE,FALSE,Clear,,TRUE,Road 1: 69 WALTER ST (IFO); Vehicle #1     Make:      Model:      Colour:      Style: ; Vehicle #2     Make: MAZD     Model: 3TR     Colour: WHI     Style: 4D,2/11/2022 11:14:23 AM,540038.5149,4811338.089
51356,21152514,7/6/2021 6:14:00 PM,2021,7,6,18,14,0,Tuesday,544784.1774,4811397.246,-80.446467,43.45415,Non intersection,1,Non-fatal injury,Thru lane,unknown,unknown,Rear end,Unknown,Daylight,01 - Daylight,Regional municipality,No control,unknown,1,0,0,FALSE,FALSE,FALSE,Clear,,FALSE,Road 1: RIVER RD E (50 km/h); Road 2: OTTAWA ST N; Distance: 400.0 M W; Charged Driver #1 on page 1: NA NA (NA) (NA); Vehicle #1     Make: MAZD     Model: M3I     Colour: BLU     Style: 4D; Vehicle #2     Make: HOND     Model: CTU     Colour: GRY     Styl,2/11/2022 11:11:57 AM,544784.1774,4811397.246