OBJECTID,ACCIDENTNUM,ACCIDENTDATE,ACCIDENT_YEAR,ACCIDENT_MONTH,ACCIDENT_DAY,ACCIDENT_HOUR,ACCIDENT_MINUTE,ACCIDENT_SECOND,ACCIDENT_WEEKDAY,XCOORD,YCOORD,LONGITUDE,LATITUDE,ACCIDENTLOCATION,COLLISIONTYPE,CLASSIFICATIONOFACCIDENT,IMPACTLOCATION,INITIALDIRECTIONOFTRAVELONE,INITIALDIRECTIONOFTRAVELTWO,INITIALIMPACTTYPE,INTTRAFFICCONTROL,LIGHT,LIGHTFORREPORT,ROADJURISDICTION,TRAFFICCONTROL,TRAFFICCONTROLCONDITION,THRULANENO,NORTHBOUNDDISOBEYCOUNT,SOUTHBOUNDDISOBEYCOUNT,PEDESTRIANINVOLVED,CYCLISTINVOLVED,MOTORCYCLISTINVOLVED,ENVIRONMENTCONDITION1,ENVIRONMENTCONDITION2,SELFREPORTED,XMLIMPORTNOTES,LASTEDITEDDATE,x,y
51357,21153291,7/7/2021 3:30:00 PM,2021,7,7,15,30,0,Wednesday,546224.3321,4810167.503,-80.428772,43.44299,At/near private drive,2,P.D. only,Thru lane,unknown,unknown,Other,Unknown,Daylight,01 - Daylight,Regional municipality,No control,unknown,0,0,0,FALSE,FALSE,FALSE,Clear,,TRUE,Road 1: 198 DAIMLER DR; Vehicle #1     Make: FORD     Model: COF     Colour: BLK     Style: CW; Vehicle #2     Make: AUDI     Model: CQ7     Colour: GRY     Style: TY,2/11/2022 11:14:25 AM,546224.3321,4810167.503
51358,21153989,7/8/2021 2:50:00 PM,2021,7,8,14,50,0,Thursday,545547.8066,4804672.821,-80.43759,43.393557,Intersection related,2,P.D. only,Within intersection,unknown,unknown,Sideswipe,Stop sign,Daylight,01 - Daylight,unknown,Stop sign,Functioning,0,0,0,FALSE,FALSE,FALSE,Rain,,TRUE,Road 1: PIONEER DR; Road 2: BECHTEL DR; Vehicle #1     Make: KIA     Model: SED     Colour: GRY     Style: VN; Vehicle #2     Make: VOLK     Model: CTG     Colour: BLU     Style: 4B,2/11/2022 11:16:44 AM,545547.8066,4804672.821
51359,21154815,7/9/2021 3:30:00 PM,2021,7,9,15,30,0,Friday,545904.674,4809349.138,-80.432791,43.435641,Other,2,P.D. only,Off highway,unknown,unknown,SMV other,Unknown,Daylight,01 - Daylight,Regional municipality,No control,unknown,0,0,0,FALSE,FALSE,FALSE,Clear,,FALSE,Road 1: THALER; Road 2: KINZIE AVE; Distance: 5.0 M N; Charged Driver #1 on page 1: HTA 130 (NA) (NA); Vehicle #1     Make: CHEV     Model: UPL     Colour: GRY     Style: VN,2/11/2022 11:16:11 AM,545904.674,4809349.138
51360,21155040,7/9/2021 8:44:00 PM,2021,7,9,20,44,0,Friday,541141.3094,4806764.661,-80.491841,43.412647,At intersection,1,Non-fatal injury,Within intersection,unknown,unknown,Angle,Unknown,Dusk,05 - Dusk,Regional municipality,unknown,Functioning,0,0,0,FALSE,FALSE,FALSE,Clear,,FALSE,Road 1: LAURENTIAN DR (50 km/h); Road 2: BLOCK LINE RD (50 km/h); Charged Driver #1 on page 1: HTA 136 (NA) (NA); Vehicle #1     Make: TOYT     Model: RV4     Colour: GRY     Style: TY; Vehicle #2     Make: TOYT     Model: UCS     Colour: GRY     Style: 4,2/11/2022 11:08:06 AM,541141.3094,4806764.661
51361,21155657,7/10/2021 4:12:00 PM,2021,7,10,16,12,0,Saturday,544907.1623,4811142.597,-80.444968,43.45185,At/near private drive,1,Non-fatal injury,Not on roadway - right side,unknown,unknown,SMV other,Unknown,Daylight,01 - Daylight,Municipal (excl. Twp. Rd.),No control,unknown,0,0,0,TRUE,FALSE,FALSE,Clear,,FALSE,Road 1: 1020 RIVER RD E (50 km/h); Road 2: OTTAWA ST N; Distance: 0.0 M N; Charged Driver #1 on page 1: HTA 130 (NA) (NA); Vehicle #1     Make: BUIC     Model: RZV     Colour: GRY     Style: TY,4/22/2022 2:26:41 PM,544907.1623,4811142.597
51362,21156782,7/12/2021 7:45:00 AM,2021,7,12,7,45,0,Monday,546770.4451,4801999.527,-80.422722,43.369412,Non intersection,2,P.D. only,Not on roadway - right side,unknown,unknown,SMV other,Unknown,Daylight,01 - Daylight,Municipal (excl. Twp. Rd.),No control,unknown,0,0,0,FALSE,FALSE,FALSE,Clear,,FALSE,Road 1: REICHERT DR (80 km/h); Road 2: NEW DUNDEE RD; Distance: 400.0 M S; Charged Driver #1 on page 1: HTA 130 (NA) (NA); Vehicle #1     Make: PTRB     Model: CON     Colour: BLU     Style: CT,2/11/2022 11:09:48 AM,546770.4451,4801999.527
51363,21157013,7/12/2021 1:02:00 PM,2021,7,12,13,2,0,Monday,539174.7112,4810911.613,-80.515833,43.450092,Non intersection,2,Non-reportable,Thru lane,unknown,unknown,Rear end,Unknown,Daylight,01 - Daylight,Regional municipality,No control,unknown,0,0,0,FALSE,FALSE,FALSE,Clear,,TRUE,Road 1: 564 BELMONT AVE W CHERRY HILL (ON BELMONT AVE - IN FRONT OF); Vehicle #1     Make:      Model:      Colour:      Style: ; Vehicle #2     Make: LNDR     Model: DVS     Colour: BLK     Style: TY,2/11/2022 11:16:07 AM,539174.7112,4810911.614
51364,21157331,7/12/2021 8:17:00 PM,2021,7,12,20,17,0,Monday,544883.4026,4804850.242,-80.445779,43.395195,At intersection,2,P.D. only,Thru lane,unknown,unknown,Rear end,Unknown,"Daylight, artificial","02 - Daylight, artificial",Regional municipality,unknown,Functioning,1,0,0,FALSE,FALSE,FALSE,Clear,,FALSE,Road 1: DOON VILLAGE RD (50 km/h); Road 2: PIONEER DR (50 km/h); Vehicle #1     Make: KIA     Model: FLX     Colour: WHI     Style: 4D; Vehicle #2     Make: NISS     Model: ROG     Colour: WHI     Style: TY,2/11/2022 11:12:46 AM,544883.4026,4804850.242
51365,21158009,7/13/2021 4:00:00 PM,2021,7,13,16,0,0,Tuesday,545170.3759,4813410.492,-80.441527,43.472254,Non intersection,2,P.D. only,Thru lane,unknown,unknown,Rear end,Unknown,Daylight,01 - Daylight,Regional municipality,No control,unknown,0,0,0,FALSE,FALSE,FALSE,Rain,,TRUE,Road 1: BINGEMANS CENTRE DR; Road 2: VICTORIA ST N; Vehicle #1     Make: TOYT     Model: CBS     Colour: GRY     Style: 4D; Vehicle #2     Make: HYUN     Model: K2G     Colour: RED     Style: TY,2/11/2022 11:11:26 AM,545170.3758,4813410.492
51366,21159989,7/15/2021 8:30:00 PM,2021,7,15,20,30,0,Thursday,539422.6916,4807044.354,-80.513048,43.415258,Non intersection,2,Non-reportable,Thru lane,unknown,unknown,Angle,Unknown,Dusk,05 - Dusk,Regional municipality,No control,unknown,0,0,0,FALSE,FALSE,FALSE,Clear,,TRUE,"Road 1: SUNRISE SHOPPING CENTRE, KITCHENER, ON, CANADA; Road 2: OTTAWA STREET SOUTH; Vehicle #1     Make:      Model:      Colour:      Style: ; Vehicle #2     Make: HYUN     Model: ASE     Colour: WHI     Style: 4D",2/11/2022 11:08:23 AM,539422.6916,4807044.354
51367,21161003,7/17/2021 4:57:00 AM,2021,7,17,4,57,0,Saturday,537333.3502,4807489.065,-80.538824,43.419369,At intersection,2,P.D. only,Not on roadway - left side,unknown,unknown,SMV other,Unknown,Dawn,03 - Dawn,Municipal (excl. Twp. Rd.),unknown,Functioning,0,0,0,FALSE,FALSE,FALSE,Rain,,FALSE,Road 1: WESTHEIGHTS DR (50 km/h); Road 2: DRIFTWOOD DR (50 km/h); Vehicle #1     Make: HOND     Model: HRV     Colour: BLK     Style: TY,2/11/2022 11:07:39 AM,537333.3502,4807489.065
51368,21161210,7/17/2021 12:59:00 PM,2021,7,17,12,59,0,Saturday,544559.7086,4811741.236,-80.449213,43.457261,At intersection,2,P.D. only,Within intersection,unknown,unknown,Turning movement,Unknown,Daylight,01 - Daylight,Municipal (excl. Twp. Rd.),unknown,Functioning,0,0,0,FALSE,FALSE,FALSE,Other,,FALSE,Road 1: LORRAINE AVE (50 km/h); Road 2: RIVER RD E (50 km/h); Charged Driver #1 on page 1: HTA 142 (NA) (NA); Vehicle #1     Make: HOND     Model: UCL     Colour: BRN     Style: 4D; Vehicle #2     Make: FORD     Model: COF     Colour: BLK     Style: CW,2/11/2022 11:08:12 AM,544559.7086,4811741.236
51369,21162051,7/18/2021 1:57:00 PM,2021,7,18,13,57,0,Sunday,543920.0527,4805128.338,-80.457652,43.397756,Non intersection,1,Non-fatal injury,Not on roadway - right side,unknown,unknown,SMV other,Unknown,Daylight,01 - Daylight,Municipal (excl. Twp. Rd.),No control,unknown,0,0,0,FALSE,FALSE,FALSE,Clear,,FALSE,Road 1: OLD HURON RD (50 km/h); Road 2: OLD HURON RD OFF TO HURON RD; Distance: 1.0 M S; Vehicle #1     Make: DODG     Model: CAR     Colour: BLK     Style: VN,4/22/2022 2:24:51 PM,543920.0527,4805128.338
51370,21162059,7/18/2021 2:16:00 PM,2021,7,18,14,16,0,Sunday,544755.1205,4808023.047,-80.447103,43.423771,At intersection,1,Non-fatal injury,Within intersection,unknown,unknown,Turning movement,Unknown,Daylight,01 - Daylight,Municipal (excl. Twp. Rd.),unknown,Functioning,0,0,0,FALSE,FALSE,FALSE,Clear,,FALSE,Road 1: WILSON AVE (50 km/h); Road 2: TRAYNOR AVE (50 km/h); Charged Driver #1 on page 1: NA NA (NA) (NA); Vehicle #1     Make: VOLK     Model: TIG     Colour: BLK     Style: TY; Vehicle #2     Make: HOND     Model: UEX     Colour: GLD     Style: 4D,2/11/2022 11:14:51 AM,544755.1205,4808023.047
51371,21162511,7/19/2021 2:50:00 AM,2021,7,19,2,50,0,Monday,541571.953,4808583.444,-80.486383,43.429,Non intersection,1,Non-fatal injury,Not on roadway - right side,unknown,unknown,SMV other,Unknown,Dark,07 - Dark,Municipal (excl. Twp. Rd.),No control,unknown,0,0,0,FALSE,FALSE,FALSE,Clear,,FALSE,Road 1: HIGHLAND RD E (50 km/h); Road 2: HOMER WATSON BLVD KITCHENER (70 km/h); Distance: 10.0 M S; Vehicle #1     Make: HYUN     Model: CPL     Colour: BLK     Style: 4B,1/3/2023 10:15:06 AM,541571.953,4808583.444
51372,21162829,7/11/2021 12:28:00 PM,2021,7,11,12,28,0,Sunday,544560.1988,4811739.802,-80.449208,43.457248,At intersection,2,Non-reportable,Within intersection,unknown,unknown,Rear end,Unknown,Daylight,01 - Daylight,Regional municipality,unknown,Functioning,0,0,0,FALSE,FALSE,FALSE,"Fog, mist, smoke, dust",,TRUE,Road 1: RIVER RD E; Road 2: LORRAINE AVE; Vehicle #1     Make: CHEV     Model: ML     Colour: BLK     Style: 4D; Vehicle #2     Make:      Model:      Colour:      Style:,2/11/2022 11:14:44 AM,544560.1988,4811739.802
51373,21162988,7/18/2021 2:30:00 PM,2021,7,18,14,30,0,Sunday,540923.7087,4810569.549,-80.494243,43.446919,Intersection related,1,Non-fatal injury,Right turn lane,unknown,unknown,Other,Unknown,Daylight,01 - Daylight,Municipal (excl. Twp. Rd.),unknown,Functioning,0,0,0,FALSE,FALSE,FALSE,Clear,,FALSE,Road 1: DAVID ST (30 km/h); Road 2: COURTLAND AVE W (50 km/h); Vehicle #1     Make: INTL     Model: 40S     Colour: WHI     Style: VN; Vehicle #2     Make: HYUN     Model: ESM     Colour: GRY     Style: 4D,1/3/2023 10:15:31 AM,540923.7087,4810569.549
51374,21163372,7/20/2021 1:35:00 AM,2021,7,20,1,35,0,Tuesday,538975.3228,4810169.261,-80.51835,43.443418,Non intersection,2,P.D. only,Passing lane,unknown,unknown,SMV unattended vehicle,Unknown,Dark,07 - Dark,Municipal (excl. Twp. Rd.),No control,unknown,0,0,0,FALSE,FALSE,FALSE,Clear,,FALSE,Road 1: KARN ST (50 km/h); Road 2: ALICE AVE; Distance: 35.0 K W; Charged Driver #1 on page 1: HTA 320 (NA) (NA); Vehicle #1     Make: INFI     Model: Q5S     Colour: WHI     Style: 4D; Vehicle #2     Make: FORD     Model: COF     Colour: RED     Style: C,4/22/2022 2:25:32 PM,538975.3228,4810169.261
51375,21163541,7/20/2021 8:30:00 AM,2021,7,20,8,30,0,Tuesday,543230.348,4804482.342,-80.466219,43.391979,Intersection related,2,Non-reportable,Within intersection,unknown,unknown,Sideswipe,Unknown,Daylight,01 - Daylight,Regional municipality,unknown,Functioning,0,0,1,FALSE,FALSE,FALSE,Clear,,TRUE,Road 1: STRASBURG RD KITCHENER; Road 2: HURON ROAD KITCHENER; Vehicle #1     Make: FORD     Model: COF     Colour: GRY     Style: PK; Vehicle #2     Make:      Model:      Colour:      Style:,2/11/2022 11:17:03 AM,543230.348,4804482.342
51376,21163548,7/18/2021 5:30:00 PM,2021,7,18,17,30,0,Sunday,537545.4855,4806772.104,-80.536253,43.412903,Non intersection,2,P.D. only,Thru lane,unknown,unknown,SMV unattended vehicle,Unknown,Daylight,01 - Daylight,Municipal (excl. Twp. Rd.),No control,unknown,0,0,0,FALSE,FALSE,FALSE,Clear,,TRUE,Road 1: 202 DRIFTWOOD DR; Vehicle #1     Make: INFI     Model: EXA     Colour: SIL     Style: SW; Vehicle #2     Make: HYUN     Model: EGM     Colour: BLK     Style: 4D,2/11/2022 11:16:38 AM,537545.4855,4806772.104
51377,21163652,7/3/2021 10:00:00 AM,2021,7,3,10,0,0,Saturday,537004.1114,4808628.953,-80.542814,43.429649,At/near private drive,2,P.D. only,Thru lane,unknown,unknown,SMV unattended vehicle,Unknown,Daylight,01 - Daylight,Municipal (excl. Twp. Rd.),No control,unknown,0,0,0,FALSE,FALSE,FALSE,Clear,,TRUE,Road 1: HOLLYRIDGE CRESCENT (IFO 72); Vehicle #1     Make: INFI     Model: GAW     Colour: SIL     Style: 4D; Vehicle #2     Make: ACUR     Model: AWT     Colour: SIL     Style: 4D,2/11/2022 11:11:29 AM,537004.1114,4808628.953
51378,21163733,7/20/2021 12:00:00 PM,2021,7,20,12,0,0,Tuesday,539842.8416,4808451.718,-80.507755,43.427908,Non intersection,2,P.D. only,Thru lane,unknown,unknown,Sideswipe,Unknown,Daylight,01 - Daylight,Municipal (excl. Twp. Rd.),No control,unknown,0,0,0,FALSE,FALSE,FALSE,Clear,,TRUE,Road 1: 295 GREENBROOK DR KITCHENER; Vehicle #1     Make: HYUN     Model: EGM     Colour: GRY     Style: 4D; Vehicle #2     Make: FORD     Model: COF     Colour: BLK     Style: PK,2/11/2022 11:16:41 AM,539842.8416,4808451.718
51379,21163823,7/14/2021 2:15:00 PM,2021,7,14,14,15,0,Wednesday,539028.7121,4811085.552,-80.517625,43.451666,Non intersection,2,P.D. only,Thru lane,unknown,unknown,Rear end,Unknown,Daylight,01 - Daylight,Municipal (excl. Twp. Rd.),No control,unknown,0,0,0,FALSE,FALSE,FALSE,Clear,,TRUE,Road 1: GLASGOW ST; Road 2: BELMONT AVE W; Vehicle #1     Make: TOYT     Model: UCS     Colour: GRY     Style: 4D; Vehicle #2     Make: MAZD     Model: M3I     Colour: BLU     Style: 4D; Vehicle #3     Make: TOYT     Model: CH4     Colour: RED     Style: ,2/11/2022 11:15:43 AM,539028.7121,4811085.552
51380,21163996,7/20/2021 4:55:00 PM,2021,7,20,16,55,0,Tuesday,543243.4109,4808703.375,-80.465724,43.429985,Non intersection,2,P.D. only,Thru lane,unknown,unknown,SMV unattended vehicle,Unknown,Daylight,01 - Daylight,Municipal (excl. Twp. Rd.),No control,unknown,1,0,0,FALSE,FALSE,FALSE,Rain,,FALSE,Road 1: 37 VANIER DR (50 km/h); Road 2: VANIER DR; Distance: 20.0 M W; Vehicle #1     Make:      Model:      Colour:      Style: ; Vehicle #2     Make: HYUN     Model: TUC     Colour: WHI     Style: TY,2/11/2022 11:09:10 AM,543243.4109,4808703.375
51381,21164340,7/21/2021 2:28:00 AM,2021,7,21,2,28,0,Wednesday,539148.8496,4808817.467,-80.516303,43.431238,Non intersection,2,P.D. only,Left shoulder,unknown,unknown,SMV other,Unknown,Dark,07 - Dark,Regional municipality,No control,unknown,0,0,0,FALSE,FALSE,FALSE,Clear,,FALSE,Road 1: 1369 QUEENS BLVD (50 km/h); Road 2: QUEENS BLVD; Distance: 10.0 M N; Vehicle #1     Make: FORD     Model: MUS     Colour: BLK     Style: CV,2/11/2022 11:09:41 AM,539148.8496,4808817.467
51382,21164518,6/22/2021 9:00:00 AM,2021,6,22,9,0,0,Tuesday,542423.4718,4815928.275,-80.475292,43.495085,Non intersection,2,Non-reportable,Right shoulder,unknown,unknown,SMV unattended vehicle,Unknown,Daylight,01 - Daylight,Municipal (excl. Twp. Rd.),No control,unknown,0,0,0,FALSE,FALSE,FALSE,Clear,,TRUE,Road 1: 51 COOPERSHAWK ST; Vehicle #1     Make:      Model:      Colour:      Style: ; Vehicle #2     Make: HOND     Model: CCL     Colour: BLU     Style: 4D,2/11/2022 11:15:48 AM,542423.4718,4815928.276
51383,21164776,5/6/2021 3:30:00 PM,2021,5,6,15,30,0,Thursday,544597.8067,4811795.297,-80.448738,43.457745,Non intersection,2,P.D. only,Thru lane,unknown,unknown,Rear end,Unknown,Daylight,01 - Daylight,Municipal (excl. Twp. Rd.),No control,unknown,0,0,0,FALSE,FALSE,FALSE,Clear,,TRUE,Road 1: LORRAINE AVE; Road 2: BIRKSHIRE CT; Vehicle #1     Make: HOND     Model: UCL     Colour: WHI     Style: 4D; Vehicle #2     Make: BUIC     Model: VER     Colour: WHI     Style: 4D,2/11/2022 11:16:04 AM,544597.8067,4811795.297
51384,21165390,5/22/2021 11:00:00 PM,2021,5,22,23,0,0,Saturday,538966.3152,4810031.195,-80.518471,43.442176,At/near private drive,2,Non-reportable,Thru lane,unknown,unknown,SMV unattended vehicle,Unknown,Dark,07 - Dark,Municipal (excl. Twp. Rd.),No control,unknown,0,0,0,FALSE,FALSE,FALSE,Clear,,TRUE,Road 1: WEICHEL ST (IFO 27); Vehicle #1     Make:      Model:      Colour:      Style: ; Vehicle #2     Make: FORD     Model: COF     Colour: GRY     Style: PK,8/16/2022 3:05:33 PM,538966.3152,4810031.195
51385,21165476,7/22/2021 11:30:00 AM,2021,7,22,11,30,0,Thursday,543214.2926,4804530.831,-80.466414,43.392417,Intersection related,2,Non-reportable,Thru lane,unknown,unknown,SMV other,Unknown,Daylight,01 - Daylight,Regional municipality,unknown,Functioning,0,0,0,FALSE,FALSE,FALSE,Clear,,TRUE,Road 1: STRASBURG; Road 2: HURON; Vehicle #1     Make: TOYT     Model: MTL     Colour: SIL     Style: 4D,2/11/2022 11:07:41 AM,543214.2926,4804530.831
51386,21165801,7/22/2021 5:30:00 PM,2021,7,22,17,30,0,Thursday,541298.8928,4813245.167,-80.489404,43.470989,Non intersection,2,P.D. only,Thru lane,unknown,unknown,Rear end,Unknown,Daylight,01 - Daylight,Municipal (excl. Twp. Rd.),No control,unknown,0,0,0,FALSE,FALSE,FALSE,Clear,,TRUE,Road 1: UNION ST; Vehicle #1     Make: MAZD     Model: 3TR     Colour: BLU     Style: 4D; Vehicle #2     Make: MERZ     Model: MS6     Colour: BLK     Style: TY,2/11/2022 11:10:33 AM,541298.8928,4813245.168
51387,21166676,7/23/2021 4:45:00 PM,2021,7,23,16,45,0,Friday,548200.7311,4806491.278,-80.404674,43.409765,At/near private drive,1,Non-fatal injury,Not on roadway - right side,unknown,unknown,Other,Unknown,Daylight,01 - Daylight,Municipal (excl. Twp. Rd.),No control,unknown,0,0,0,FALSE,TRUE,FALSE,Clear,,FALSE,Road 1: 22 WAGON ST (50 km/h); Road 2: WAGON ST; Distance: 7.0 M W; Vehicle #1     Make: LNDR     Model: RSP     Colour: BLK     Style: TY; Vehicle #2     Make: BICY     Model: BICY     Colour:      Style: BIC,2/11/2022 11:09:02 AM,548200.7311,4806491.278
51388,21166680,7/23/2021 5:30:00 PM,2021,7,23,17,30,0,Friday,539079.5311,4811110.28,-80.516995,43.451886,Intersection related,2,P.D. only,Thru lane,unknown,unknown,Rear end,Unknown,Daylight,01 - Daylight,Regional municipality,unknown,Functioning,0,0,0,FALSE,FALSE,FALSE,Clear,,TRUE,Road 1: BELMONT AVE W; Road 2: GLASGOW ST; Distance: 20.0 M S; Vehicle #1     Make: RAM     Model: DUR     Colour: BLK     Style: PK; Vehicle #2     Make: NISS     Model: BSS     Colour: BLK     Style: 2D,2/11/2022 11:08:09 AM,539079.5311,4811110.28
51389,21166707,7/23/2021 5:45:00 PM,2021,7,23,17,45,0,Friday,543482.4674,4811530.27,-80.462545,43.455425,Non intersection,2,P.D. only,Right shoulder,unknown,unknown,SMV unattended vehicle,Unknown,Daylight,01 - Daylight,Regional municipality,No control,unknown,0,0,0,FALSE,FALSE,FALSE,Clear,,FALSE,Road 1: 121 CAMBRIDGE AVE (40 km/h); Road 2: KRUG ST; Distance: 10.0 M S; Vehicle #1     Make:      Model:      Colour:      Style: ; Vehicle #2     Make: ACUR     Model: TL4     Colour: GRY     Style: 4D,2/11/2022 11:16:28 AM,543482.4674,4811530.27
51390,21167026,7/24/2021 2:30:00 AM,2021,7,24,2,30,0,Saturday,543047.2173,4807457.419,-80.468246,43.418778,Intersection related,2,P.D. only,Not on roadway - right side,unknown,unknown,SMV other,Unknown,Dark,07 - Dark,Regional municipality,unknown,unknown,0,0,0,FALSE,FALSE,FALSE,Clear,,FALSE,Road 1: BLOCK LINE RD (50 km/h); Road 2: FALLOWFIELD DR (50 km/h); Distance: 4.0 M E; Charged Driver #1 on page 1: HTA 32 (NA) (NA); Vehicle #1     Make: HOND     Model: CRV     Colour: GRY     Style: TY,2/11/2022 11:14:54 AM,543047.2173,4807457.419
51391,21168186,7/25/2021 2:17:00 PM,2021,7,25,14,17,0,Sunday,542017.3053,4807242.212,-80.480984,43.416898,Intersection related,2,P.D. only,Not on roadway - right side,unknown,unknown,SMV other,Unknown,Daylight,01 - Daylight,Regional municipality,unknown,Functioning,0,0,0,FALSE,FALSE,FALSE,Clear,,FALSE,Road 1: BLACKHORNE DR (50 km/h); Road 2: STRASBURG RD; Distance: 1.0 M N; Charged Driver #1 on page 1: HTA 130 (NA) (NA); Vehicle #1     Make: HOND     Model: ULS     Colour: SIL     Style: 4D,4/22/2022 2:25:46 PM,542017.3053,4807242.212
51392,21168308,7/25/2021 5:30:00 PM,2021,7,25,17,30,0,Sunday,544330.5279,4808468.014,-80.452312,43.427802,At intersection,2,P.D. only,Within intersection,unknown,unknown,Angle,Unknown,Daylight,01 - Daylight,Regional municipality,unknown,Functioning,0,0,0,FALSE,FALSE,FALSE,Clear,,TRUE,Road 1: GREENFIELD AVE; Road 2: FRANKLIN ST S; Vehicle #1     Make: HOND     Model: ULX     Colour: BLK     Style: 4D; Vehicle #2     Make: HYUN     Model: AGG     Colour: BLU     Style: 4B,2/11/2022 11:07:49 AM,544330.5279,4808468.014
51393,21168697,7/26/2021 8:15:00 AM,2021,7,26,8,15,0,Monday,537549.8788,4808106.531,-80.536107,43.424918,At/near private drive,2,P.D. only,Thru lane,unknown,unknown,SMV unattended vehicle,Unknown,Daylight,01 - Daylight,Municipal (excl. Twp. Rd.),No control,unknown,0,0,0,FALSE,FALSE,FALSE,Clear,,TRUE,Road 1: 40 LANARK CT FOREST HEIGHTS (IFO); Vehicle #1     Make: ACUR     Model: MDX     Colour: GLD     Style: TY; Vehicle #2     Make: HINO     Model: CIN     Colour: WHI     Style: CT,2/11/2022 11:08:50 AM,537549.8788,4808106.531
51394,21169754,7/27/2021 11:30:00 AM,2021,7,27,11,30,0,Tuesday,538062.671,4808311.473,-80.529758,43.426737,At intersection,2,P.D. only,Thru lane,unknown,unknown,Rear end,Unknown,Daylight,01 - Daylight,Municipal (excl. Twp. Rd.),unknown,Functioning,0,0,0,FALSE,FALSE,FALSE,Clear,,TRUE,Road 1: QUEEN'S BLVD; Road 2: WESTHEIGHTS DR; Vehicle #1     Make: TOYT     Model: TIM     Colour: GRY     Style: 4W; Vehicle #2     Make: VOLK     Model: JTD     Colour: WHI     Style: SW,2/11/2022 11:07:52 AM,538062.671,4808311.473
51395,21170022,7/27/2021 6:45:00 PM,2021,7,27,18,45,0,Tuesday,538380.2907,4805283.774,-80.526047,43.399459,At/near private drive,2,P.D. only,Not on roadway - right side,unknown,unknown,SMV other,Unknown,Daylight,01 - Daylight,Municipal (excl. Twp. Rd.),No control,unknown,0,0,0,FALSE,FALSE,FALSE,Clear,,FALSE,Road 1: ELIZA AVE (50 km/h); Road 2: NYLES DR; Distance: 1.0 K S; Charged Driver #1 on page 1: HTA 130 (NA) (NA); Vehicle #1     Make: HOND     Model: ODY     Colour: WHI     Style: VN,4/22/2022 2:27:11 PM,538380.2907,4805283.774
51396,21170618,7/25/2021 6:20:00 PM,2021,7,25,18,20,0,Sunday,545203.4363,4808061.865,-80.441562,43.424093,At/near private drive,2,P.D. only,Off highway,unknown,unknown,Sideswipe,Unknown,Daylight,01 - Daylight,Municipal (excl. Twp. Rd.),No control,unknown,0,0,0,FALSE,FALSE,FALSE,Clear,,TRUE,Road 1: 2960 KINGSWAY DR (PARK LOT); Vehicle #1     Make:      Model:      Colour:      Style: ; Vehicle #2     Make: KIA     Model: FNG     Colour: GRY     Style: 4D,2/11/2022 11:09:05 AM,545203.4363,4808061.865
51397,21170662,7/25/2021 5:45:00 PM,2021,7,25,17,45,0,Sunday,546105.3638,4811067.65,-80.430166,43.451102,At/near private drive,2,P.D. only,Thru lane,unknown,unknown,SMV unattended vehicle,Unknown,Daylight,01 - Daylight,Municipal (excl. Twp. Rd.),No control,unknown,0,0,0,FALSE,FALSE,FALSE,Clear,,TRUE,Road 1: OLDFIELD DR (IFO 115); Road 2: BURNT EMBER; Vehicle #1     Make: TOYT     Model: TAC     Colour: BLK     Style: CW; Vehicle #2     Make: HYUN     Model: ELA     Colour: WHI     Style: 4D,2/11/2022 11:08:53 AM,546105.3638,4811067.65
51398,21170763,7/28/2021 2:38:00 PM,2021,7,28,14,38,0,Wednesday,538358.4949,4809783.825,-80.526,43.43998,Non intersection,2,P.D. only,Thru lane,unknown,unknown,Approaching,Unknown,Daylight,01 - Daylight,Municipal (excl. Twp. Rd.),No control,unknown,1,0,0,FALSE,FALSE,FALSE,Clear,,FALSE,Road 1: HAZELGLEN DR (50 km/h); Road 2: MOOREGATE CRESCENT; Distance: 5.0 M S; Vehicle #1     Make: FORD     Model: EPR     Colour: BLU     Style: TY; Vehicle #2     Make: LEXS     Model: AS3     Colour: SIL     Style: 4D,2/11/2022 11:08:28 AM,538358.4949,4809783.825
51399,21171129,7/29/2021 12:30:00 AM,2021,7,29,0,30,0,Thursday,547677.6857,4804527.15,-80.411305,43.392113,Non intersection,2,P.D. only,Thru lane,unknown,unknown,SMV unattended vehicle,Unknown,Dark,07 - Dark,Municipal (excl. Twp. Rd.),No control,unknown,0,0,0,FALSE,FALSE,FALSE,Clear,,TRUE,Road 1: 78 AMHERST DRIVE (IN FRONT OF); Vehicle #1     Make:      Model:      Colour:      Style: ; Vehicle #2     Make: MERZ     Model: C4A     Colour: BLK     Style: 4D,2/11/2022 11:10:46 AM,547677.6857,4804527.15
51400,21171397,7/29/2021 11:15:00 AM,2021,7,29,11,15,0,Thursday,545364.3429,4811022.493,-80.439328,43.450741,At intersection,2,Non-reportable,Within intersection,unknown,unknown,Angle,Unknown,Daylight,01 - Daylight,Municipal (excl. Twp. Rd.),unknown,Functioning,0,0,0,FALSE,FALSE,FALSE,Clear,,TRUE,Road 1: OLD CHICOPEE DR; Road 2: HOLBORN DR; Vehicle #1     Make: KIA     Model: OLX     Colour: BLK     Style: 4D; Vehicle #2     Make: SUBA     Model: FOR     Colour: WHI     Style: TY,2/11/2022 11:09:59 AM,545364.3429,4811022.493