OBJECTID,ACCIDENTNUM,ACCIDENTDATE,ACCIDENT_YEAR,ACCIDENT_MONTH,ACCIDENT_DAY,ACCIDENT_HOUR,ACCIDENT_MINUTE,ACCIDENT_SECOND,ACCIDENT_WEEKDAY,XCOORD,YCOORD,LONGITUDE,LATITUDE,ACCIDENTLOCATION,COLLISIONTYPE,CLASSIFICATIONOFACCIDENT,IMPACTLOCATION,INITIALDIRECTIONOFTRAVELONE,INITIALDIRECTIONOFTRAVELTWO,INITIALIMPACTTYPE,INTTRAFFICCONTROL,LIGHT,LIGHTFORREPORT,ROADJURISDICTION,TRAFFICCONTROL,TRAFFICCONTROLCONDITION,THRULANENO,NORTHBOUNDDISOBEYCOUNT,SOUTHBOUNDDISOBEYCOUNT,PEDESTRIANINVOLVED,CYCLISTINVOLVED,MOTORCYCLISTINVOLVED,ENVIRONMENTCONDITION1,ENVIRONMENTCONDITION2,SELFREPORTED,XMLIMPORTNOTES,LASTEDITEDDATE,x,y
51401,21171478,7/23/2021 11:45:00 AM,2021,7,23,11,45,0,Friday,544191.5931,4809887.324,-80.453914,43.44059,Non intersection,2,Non-reportable,Thru lane,unknown,unknown,SMV unattended vehicle,Unknown,Daylight,01 - Daylight,Municipal (excl. Twp. Rd.),No control,unknown,0,0,0,FALSE,FALSE,FALSE,Clear,,TRUE,Road 1: ROSS AVE; Road 2: SHANTZ LN; Vehicle #1     Make:      Model:      Colour:      Style: ; Vehicle #2     Make: FORD     Model: TRN     Colour: WHI     Style: FV,2/11/2022 11:09:27 AM,544191.5931,4809887.324
51402,21172046,7/30/2021 3:00:00 AM,2021,7,30,3,0,0,Friday,542798.766,4806611.069,-80.471381,43.411171,Non intersection,2,P.D. only,Thru lane,unknown,unknown,SMV unattended vehicle,Unknown,Dark,07 - Dark,Municipal (excl. Twp. Rd.),No control,unknown,0,0,0,FALSE,FALSE,FALSE,Clear,,TRUE,Road 1: 60 CENTURY HILL DR (IN FRONT OF); Vehicle #1     Make:      Model:      Colour:      Style: ; Vehicle #2     Make: CHEV     Model: MLT     Colour: BLK     Style: 4D,2/11/2022 11:08:21 AM,542798.766,4806611.069
51403,21172979,7/31/2021 4:12:00 AM,2021,7,31,4,12,0,Saturday,540202.0371,4809750.974,-80.503222,43.439587,Non intersection,2,P.D. only,Left shoulder,unknown,unknown,SMV other,Unknown,"Dark, artificial","08 - Dark, artificial",Municipal (excl. Twp. Rd.),No control,unknown,0,0,0,FALSE,FALSE,FALSE,Clear,,FALSE,Road 1: 56 PATRICIA AVE (50 km/h); Road 2: PATRICIA AVE; Distance: 10.0 M W; Vehicle #1     Make: TOYT     Model: FRS     Colour: BLK     Style: 2D,4/22/2022 2:25:02 PM,540202.0371,4809750.974
51404,21173044,7/31/2021 8:35:00 AM,2021,7,31,8,35,0,Saturday,539482.5813,4811490.616,-80.511986,43.455289,Non intersection,2,P.D. only,Thru lane,unknown,unknown,Sideswipe,Unknown,Daylight,01 - Daylight,Municipal (excl. Twp. Rd.),No control,unknown,0,0,0,FALSE,FALSE,FALSE,Clear,,TRUE,Road 1: 431 PARK ST; Road 2: GILDNER ST; Vehicle #1     Make: BMW     Model: 28X     Colour: BRZ     Style: 4D; Vehicle #2     Make: TOYT     Model: MTL     Colour: BLU     Style: 4D,8/16/2022 3:02:53 PM,539482.5813,4811490.616
51405,21173127,7/29/2021 12:10:00 PM,2021,7,29,12,10,0,Thursday,543513.3442,4805029.1,-80.462682,43.396886,Non intersection,2,P.D. only,Thru lane,unknown,unknown,Rear end,Unknown,Daylight,01 - Daylight,Municipal (excl. Twp. Rd.),No control,unknown,0,0,0,FALSE,FALSE,FALSE,Clear,,TRUE,Road 1: BATTLER RD; Road 2: HURON RD; Vehicle #1     Make: FORD     Model: SPE     Colour: BLK     Style: TY; Vehicle #2     Make: JEEP     Model: CMP     Colour: WHI     Style: TY,2/11/2022 11:10:41 AM,543513.3442,4805029.1
51406,21173214,7/31/2021 11:00:00 AM,2021,7,31,11,0,0,Saturday,538935.9262,4811487.639,-80.518743,43.455291,Non intersection,2,Non-reportable,Thru lane,unknown,unknown,Sideswipe,Unknown,Daylight,01 - Daylight,Municipal (excl. Twp. Rd.),No control,unknown,0,0,0,FALSE,TRUE,FALSE,Clear,,TRUE,Road 1: UNION BLVD; Road 2: BELMONT AVE W; Vehicle #1     Make: MAZD     Model: 3TR     Colour: WHI     Style: 4B; Vehicle #2     Make:      Model:      Colour:      Style:,2/11/2022 11:10:38 AM,538935.9262,4811487.639
51407,21173223,7/22/2021 12:20:00 PM,2021,7,22,12,20,0,Thursday,537652.3627,4807392.773,-80.53489,43.418486,Intersection related,2,P.D. only,Within intersection,unknown,unknown,Other,Unknown,Daylight,01 - Daylight,Municipal (excl. Twp. Rd.),unknown,Functioning,0,0,0,FALSE,FALSE,FALSE,Clear,,TRUE,Road 1: DRIFTWOOD DR; Road 2: WESTHEIGHTS DR; Vehicle #1     Make: CHEV     Model: SIL     Colour: BLK     Style: CW; Vehicle #2     Make: HOND     Model: UAX     Colour: RED     Style: 4D,2/11/2022 11:07:35 AM,537652.3627,4807392.773
51408,21173990,5/30/2021 12:30:00 PM,2021,5,30,12,30,0,Sunday,535910.6349,4809369.323,-80.556275,43.436369,Non intersection,2,Non-reportable,Thru lane,unknown,unknown,SMV unattended vehicle,Unknown,Daylight,01 - Daylight,Municipal (excl. Twp. Rd.),No control,unknown,0,0,0,FALSE,FALSE,FALSE,Clear,,TRUE,Road 1: 251 LEMON GRASS CRESCENT; Vehicle #1     Make:      Model:      Colour:      Style: ; Vehicle #2     Make: FORD     Model: SRW     Colour: YEL     Style: PK,2/11/2022 11:09:15 AM,535910.6349,4809369.323
51409,21174084,6/28/2021 11:00:00 AM,2021,6,28,11,0,0,Monday,543079.1838,4811614.847,-80.467523,43.456209,Non intersection,2,Non-reportable,Right shoulder,unknown,unknown,SMV unattended vehicle,Unknown,Daylight,01 - Daylight,Municipal (excl. Twp. Rd.),No control,unknown,0,0,0,FALSE,FALSE,FALSE,Clear,,TRUE,Road 1: 26 EDINBURGH RD; Vehicle #1     Make:      Model:      Colour:      Style: ; Vehicle #2     Make: TOYT     Model: YAR     Colour: BLK     Style: 4B,2/11/2022 11:09:13 AM,543079.1838,4811614.847
51410,21174334,8/1/2021 6:24:00 PM,2021,8,1,18,24,0,Sunday,541874.597,4810743.784,-80.482479,43.448435,At intersection,2,P.D. only,Within intersection,unknown,unknown,SMV other,Unknown,Daylight,01 - Daylight,Municipal (excl. Twp. Rd.),unknown,Functioning,0,0,0,FALSE,FALSE,FALSE,Rain,,FALSE,Road 1: DUKE ST E (50 km/h); Road 2: CEDAR ST N (50 km/h); Charged Driver #1 on page 1: HTA 130 (NA) (NA); Vehicle #1     Make: CHEV     Model: RAX     Colour: RED     Style: TY,2/11/2022 11:08:04 AM,541874.597,4810743.784
51411,21174802,7/19/2021 6:45:00 PM,2021,7,19,18,45,0,Monday,538983.236,4806005.264,-80.51855,43.405925,Intersection related,2,Non-reportable,Within intersection,unknown,unknown,Angle,Unknown,Daylight,01 - Daylight,Municipal (excl. Twp. Rd.),unknown,unknown,0,0,0,FALSE,FALSE,FALSE,Clear,,TRUE,Road 1: DAVID BERGEY DR; Road 2: PEACH BLOSSOM CRESCENT; Vehicle #1     Make:      Model:      Colour:      Style: ; Vehicle #2     Make: NISS     Model: PFI     Colour: BLK     Style: TY,2/11/2022 11:16:59 AM,538983.236,4806005.264
51412,21174862,7/31/2021 1:40:00 PM,2021,7,31,13,40,0,Saturday,545984.1157,4802616.437,-80.432376,43.375015,Non intersection,2,P.D. only,Thru lane,unknown,unknown,SMV unattended vehicle,Unknown,Daylight,01 - Daylight,Municipal (excl. Twp. Rd.),No control,unknown,0,0,0,FALSE,FALSE,FALSE,Clear,,TRUE,Road 1: 396 THOMAS SLEE DR (IFO); Vehicle #1     Make:      Model:      Colour:      Style: ; Vehicle #2     Make: HOND     Model: CRV     Colour: BLK     Style: TY,2/11/2022 11:10:49 AM,545984.1157,4802616.437
51413,21174893,8/2/2021 11:30:00 AM,2021,8,2,11,30,0,Monday,541096.0653,4811567.675,-80.492038,43.455896,Non intersection,2,P.D. only,Thru lane,unknown,unknown,Other,Unknown,Daylight,01 - Daylight,Municipal (excl. Twp. Rd.),No control,unknown,0,0,0,FALSE,FALSE,FALSE,Clear,,TRUE,Road 1: 100 AHRENS ST W (IFO); Vehicle #1     Make: VOLV     Model: S42     Colour: BLU     Style: 4D; Vehicle #2     Make: TOYT     Model: MTL     Colour: WHI     Style: 4D,2/11/2022 11:10:52 AM,541096.0653,4811567.675
51414,21174910,7/22/2021 5:30:00 PM,2021,7,22,17,30,0,Thursday,539268.5692,4809763.056,-80.514756,43.439745,Non intersection,2,P.D. only,Thru lane,unknown,unknown,Sideswipe,Unknown,Daylight,01 - Daylight,Municipal (excl. Twp. Rd.),No control,unknown,0,0,0,FALSE,FALSE,FALSE,Clear,,TRUE,Road 1: 29 PAULANDER DR VICTORIA HILLS (IN FRONT OF); Vehicle #1     Make:      Model:      Colour:      Style: ; Vehicle #2     Make: HOND     Model: UDY     Colour: WHI     Style: VN,2/11/2022 11:08:26 AM,539268.5692,4809763.056
51415,21175104,8/2/2021 4:24:00 PM,2021,8,2,16,24,0,Monday,544631.5126,4810345.66,-80.44844,43.444691,Non intersection,2,P.D. only,Right shoulder,unknown,unknown,Approaching,Unknown,Daylight,01 - Daylight,Regional municipality,No control,unknown,0,0,0,FALSE,FALSE,FALSE,Clear,,FALSE,Road 1: FRANKLIN ST N (40 km/h); Road 2: BRADLEY DR; Distance: 50.0 M S; Charged Driver #1 on page 1: HTA 130 (NA) (NA); Vehicle #1     Make: DODG     Model: CVR     Colour: RED     Style: VN; Vehicle #2     Make: DODG     Model: DAX     Colour: ONG     S,2/11/2022 11:09:39 AM,544631.5126,4810345.66
51416,21175196,8/2/2021 4:00:00 PM,2021,8,2,16,0,0,Monday,545835.2886,4803008.583,-80.43418,43.378555,Non intersection,2,P.D. only,Thru lane,unknown,unknown,SMV unattended vehicle,Unknown,Daylight,01 - Daylight,Municipal (excl. Twp. Rd.),No control,unknown,0,0,0,FALSE,FALSE,FALSE,Clear,,TRUE,Road 1: 541 ROBERT FERRIE DR (IFO); Vehicle #1     Make:      Model:      Colour:      Style: ; Vehicle #2     Make: CHEV     Model: SIL     Colour: BLK     Style: PK,2/11/2022 11:10:59 AM,545835.2886,4803008.583
51417,21175619,7/20/2021 5:00:00 PM,2021,7,20,17,0,0,Tuesday,543089.4756,4806562.724,-80.467795,43.410719,Non intersection,2,P.D. only,Right shoulder,unknown,unknown,SMV unattended vehicle,Unknown,Daylight,01 - Daylight,Municipal (excl. Twp. Rd.),No control,unknown,0,0,0,FALSE,FALSE,FALSE,Clear,,TRUE,Road 1: CENTURY HILL DR; Road 2: SOUTHWOOD DR; Vehicle #1     Make:      Model:      Colour:      Style: ; Vehicle #2     Make: NISS     Model: ROG     Colour: BLK     Style: TY,2/11/2022 11:08:32 AM,543089.4756,4806562.724
51418,21175898,8/3/2021 2:30:00 PM,2021,8,3,14,30,0,Tuesday,545190.9048,4808136.343,-80.44171,43.424765,Non intersection,2,P.D. only,Thru lane,unknown,unknown,Turning movement,Unknown,Daylight,01 - Daylight,Municipal (excl. Twp. Rd.),No control,unknown,0,0,0,FALSE,FALSE,FALSE,Clear,,TRUE,Road 1: GREENFIELD AVE; Road 2: KINGSWAY DR; Vehicle #1     Make: TOYT     Model: MTL     Colour: BLK     Style: 4D; Vehicle #2     Make: BMW     Model: 43X     Colour: GRY     Style: 2D,2/11/2022 11:10:55 AM,545190.9048,4808136.343
51419,21175999,8/3/2021 5:04:00 PM,2021,8,3,17,4,0,Tuesday,545142.5333,4806853.564,-80.442414,43.413217,Non intersection,1,Non-fatal injury,Not on roadway - right side,unknown,unknown,SMV other,Unknown,Daylight,01 - Daylight,Municipal (excl. Twp. Rd.),No control,unknown,0,0,0,FALSE,FALSE,FALSE,Clear,,FALSE,Road 1: 800 WILSON AVE (60 km/h); Road 2: WILSON AVE; Distance: 1.0 M E; Vehicle #1     Make: TOYT     Model: RUN     Colour: BLK     Style: TY,2/11/2022 11:10:37 AM,545142.5333,4806853.564
51420,21176644,8/4/2021 1:16:00 PM,2021,8,4,13,16,0,Wednesday,541906.1596,4808344.597,-80.482273,43.426831,At intersection,2,P.D. only,Within intersection,unknown,unknown,SMV other,Unknown,Daylight,01 - Daylight,Regional municipality,unknown,Functioning,0,0,0,FALSE,FALSE,FALSE,Clear,,FALSE,Road 1: OTTAWA ST S (50 km/h); Road 2: HOMER WATSON BLVD (50 km/h); Vehicle #1     Make: PETE     Model:      Colour:      Style:,4/22/2022 2:26:25 PM,541906.1596,4808344.597
51421,21176930,8/4/2021 5:50:00 PM,2021,8,4,17,50,0,Wednesday,542805.609,4814638.338,-80.470667,43.483449,Non intersection,2,P.D. only,Thru lane,unknown,unknown,Rear end,Unknown,"Daylight, artificial","02 - Daylight, artificial",Municipal (excl. Twp. Rd.),No control,unknown,1,0,0,FALSE,FALSE,FALSE,Clear,,FALSE,Road 1: BLOOMINGDALE RD N (60 km/h); Road 2: STANLEY AVE; Distance: 5.0 M E; Vehicle #1     Make: STRN     Model: ASE     Colour: BLK     Style: 4B; Vehicle #2     Make:      Model:      Colour:      Style:,4/22/2022 2:24:49 PM,542805.609,4814638.338
51422,21177265,8/5/2021 9:07:00 AM,2021,8,5,9,7,0,Thursday,540172.4943,4809414.77,-80.503612,43.436561,At intersection,1,Non-fatal injury,Within intersection,unknown,unknown,Angle,Unknown,Daylight,01 - Daylight,Municipal (excl. Twp. Rd.),unknown,Functioning,0,0,0,FALSE,FALSE,FALSE,Clear,,FALSE,Road 1: QUEEN'S BLVD (50 km/h); Road 2: BELMONT AVE E (50 km/h); Charged Driver #1 on page 1: HTA 114 (NA) (NA); Vehicle #1     Make: TOYT     Model: MTL     Colour: GRY     Style: 4D; Vehicle #2     Make: HYUN     Model: TLS     Colour: BLK     Style: SW,2/11/2022 11:07:58 AM,540172.4943,4809414.77
51423,21179161,8/7/2021 1:26:00 PM,2021,8,7,13,26,0,Saturday,544809.7065,4804210.217,-80.446741,43.389437,Non intersection,1,Non-fatal injury,Thru lane,unknown,unknown,Rear end,Unknown,Daylight,01 - Daylight,Municipal (excl. Twp. Rd.),No control,unknown,1,0,0,FALSE,FALSE,FALSE,Clear,,FALSE,Road 1: 171 BECHTEL DR (30 km/h); Road 2: BECHTEL DR; Distance: 10.0 M W; Charged Driver #1 on page 1: HTA 158 (NA) (NA); Vehicle #1     Make: MERZ     Model: EWM     Colour: SIL     Style: 4W; Vehicle #2     Make: TOYT     Model: RG4     Colour: GRN     ,2/11/2022 11:09:43 AM,544809.7065,4804210.217
51424,21181658,8/10/2021 12:46:00 PM,2021,8,10,12,46,0,Tuesday,543895.8498,4811907.107,-80.457406,43.458793,At intersection,2,P.D. only,Left turn lane,unknown,unknown,Sideswipe,Unknown,Daylight,01 - Daylight,Regional municipality,unknown,Functioning,0,0,0,FALSE,FALSE,FALSE,Clear,,FALSE,Road 1: KRUG ST (50 km/h); Road 2: RIVER RD E (50 km/h); Vehicle #1     Make: NFLY     Model: D8D     Colour: WHI     Style: BU; Vehicle #2     Make: NISS     Model: BSS     Colour: YEL     Style: 2D,4/22/2022 2:26:07 PM,543895.8498,4811907.107
51425,21181721,8/10/2021 2:36:00 PM,2021,8,10,14,36,0,Tuesday,542413.4293,4807349.644,-80.476083,43.417843,At/near private drive,2,P.D. only,Right shoulder,unknown,unknown,SMV unattended vehicle,Unknown,Daylight,01 - Daylight,Municipal (excl. Twp. Rd.),No control,unknown,0,0,0,FALSE,FALSE,FALSE,Clear,,FALSE,Road 1: 43 SELKIRK DR (50 km/h); Road 2: SELKIRK DR; Distance: 1.0 M N; Charged Driver #1 on page 1: HTA 340.94 (NA) (NA); Vehicle #1     Make: HOND     Model: UDY     Colour: GRY     Style: VN; Vehicle #2     Make: HYUN     Model: ESM     Colour: ONG    ,2/11/2022 11:09:46 AM,542413.4293,4807349.644
51426,21181871,8/10/2021 5:38:00 PM,2021,8,10,17,38,0,Tuesday,538476.6895,4809668.869,-80.524547,43.438938,At intersection,2,P.D. only,Within intersection,unknown,unknown,Angle,Unknown,Daylight,01 - Daylight,Municipal (excl. Twp. Rd.),unknown,Functioning,0,0,0,FALSE,FALSE,FALSE,Clear,,FALSE,Road 1: HAZELGLEN DR (50 km/h); Road 2: MOOREGATE CRES (50 km/h); Charged Driver #1 on page 1: NA NA (NA) (NA); Vehicle #1     Make: HYUN     Model: ESS     Colour: GRY     Style: 4D; Vehicle #2     Make: FORD     Model: EDG     Colour: BLK     Style: TY,2/11/2022 11:07:46 AM,538476.6895,4809668.869
51427,21182474,8/11/2021 12:52:00 PM,2021,8,11,12,52,0,Wednesday,545622.7043,4810703.473,-80.436161,43.447853,Intersection related,1,Non-fatal injury,Within intersection,unknown,unknown,Angle,Unknown,Daylight,01 - Daylight,Municipal (excl. Twp. Rd.),unknown,unknown,0,0,0,FALSE,TRUE,FALSE,Clear,,FALSE,Road 1: OLD CHICOPEE DR (50 km/h); Road 2: EDENBRIDGE DR (50 km/h); Distance: 5.0 M W; Charged Driver #1 on page 1: HTA 144 (NA) (NA); Vehicle #1     Make: TOYT     Model: CEE     Colour: GRY     Style: CV; Vehicle #2     Make: PETE     Model:      Colour,4/22/2022 2:25:48 PM,545622.7043,4810703.473
51428,21182656,8/11/2021 3:00:00 PM,2021,8,11,15,0,0,Wednesday,545410.8832,4809350.669,-80.438892,43.435685,At/near private drive,2,Non-reportable,Thru lane,unknown,unknown,SMV unattended vehicle,Unknown,Daylight,01 - Daylight,Regional municipality,No control,unknown,0,0,0,FALSE,FALSE,FALSE,Clear,,TRUE,Road 1: 174 FERGUS AVE STANLEY PARK (IN FRONT OF); Vehicle #1     Make:      Model:      Colour:      Style: ; Vehicle #2     Make: CHEV     Model: CZT     Colour: BLK     Style: 4D,4/22/2022 2:26:36 PM,545410.8832,4809350.669
51429,21183734,8/12/2021 8:53:00 PM,2021,8,12,20,53,0,Thursday,541912.1226,4802966.853,-80.482611,43.378409,Non intersection,0,Fatal injury,Off highway,unknown,unknown,SMV other,Unknown,Dark,07 - Dark,Regional municipality,No control,unknown,0,0,0,FALSE,FALSE,FALSE,Clear,,FALSE,Road 1: PLAINS RD (50 km/h); Road 2: FISCHER HALLMAN RD; Distance: 500.0 M N; Vehicle #1     Make: HYUN     Model: ESM     Colour: BLK     Style: 4D,2/11/2022 11:09:34 AM,541912.1226,4802966.853
51430,21184368,8/13/2021 5:00:00 PM,2021,8,13,17,0,0,Friday,542017.6904,4812746.019,-80.480556,43.466455,Intersection related,2,Non-reportable,Within intersection,unknown,unknown,Angle,Unknown,Daylight,01 - Daylight,Municipal (excl. Twp. Rd.),unknown,Functioning,0,0,0,FALSE,FALSE,FALSE,Clear,,TRUE,Road 1: BIRCH AVE; Road 2: GUELPH ST; Vehicle #1     Make: CHEV     Model: EXP     Colour: WHI     Style: FV; Vehicle #2     Make:      Model:      Colour:      Style:,4/22/2022 2:26:02 PM,542017.6904,4812746.019
51431,21184581,8/13/2021 8:48:00 PM,2021,8,13,20,48,0,Friday,542253.998,4808877.879,-80.477934,43.431613,Non intersection,1,Non-fatal injury,Not on roadway - right side,unknown,unknown,SMV other,Unknown,Dark,07 - Dark,Municipal (excl. Twp. Rd.),No control,unknown,0,0,0,FALSE,FALSE,FALSE,Clear,,FALSE,Road 1: 12 HOFFMAN ST (50 km/h); Road 2: HOFFMAN ST; Distance: 5.0 M N; Charged Driver #1 on page 1: HTA 3 (NA) (NA); Vehicle #1     Make: FORD     Model: MGT     Colour: WHI     Style: 2D,2/11/2022 11:08:30 AM,542253.998,4808877.879
51432,21186030,8/15/2021 5:05:00 PM,2021,8,15,17,5,0,Sunday,542651.0898,4807351.337,-80.473147,43.417845,At intersection,2,P.D. only,Within intersection,unknown,unknown,Angle,Unknown,Daylight,01 - Daylight,Municipal (excl. Twp. Rd.),unknown,unknown,0,0,0,FALSE,FALSE,FALSE,Clear,,FALSE,Road 1: BLOCK LINE RD (60 km/h); Road 2: KINGSWOOD DR (60 km/h); Distance: 0.0 K; Charged Driver #1 on page 1: HTA 130 (NA) (NA); Vehicle #1     Make: HOND     Model: ULS     Colour: BLK     Style: 4D; Vehicle #2     Make: TOYT     Model: MTL     Colour: ,4/22/2022 2:26:15 PM,542651.0898,4807351.337
51433,21186598,8/16/2021 11:00:00 AM,2021,8,16,11,0,0,Monday,540575.0729,4807730.288,-80.498763,43.421373,Non intersection,2,Non-reportable,Thru lane,unknown,unknown,SMV unattended vehicle,Unknown,Daylight,01 - Daylight,Municipal (excl. Twp. Rd.),No control,unknown,0,0,0,FALSE,FALSE,FALSE,Clear,,TRUE,Road 1: 32 MOWAT BLVD (IFO); Vehicle #1     Make: FORD     Model: CTN     Colour: WHI     Style: FV; Vehicle #2     Make: DODG     Model: JOU     Colour: SIL     Style: TY,2/11/2022 11:11:05 AM,540575.0729,4807730.288
51434,21187165,8/17/2021 2:02:00 AM,2021,8,17,2,2,0,Tuesday,543829.3988,4811918.809,-80.458226,43.458903,Non intersection,1,Non-fatal injury,Right shoulder,unknown,unknown,SMV unattended vehicle,Unknown,Dark,07 - Dark,Regional municipality,No control,unknown,0,0,0,FALSE,FALSE,FALSE,Clear,,FALSE,Road 1: RIVER RD E (50 km/h); Road 2: KRUG ST; Distance: 25.0 M W; Charged Driver #1 on page 1: HTA 106 (NA) (NA); Vehicle #1     Make: MAZD     Model: M3I     Colour: RED     Style: 4D; Vehicle #2     Make: BMW     Model: 20X     Colour: BLU     Style: 4,2/11/2022 11:09:18 AM,543829.3988,4811918.809
51435,21187312,8/17/2021 8:55:00 AM,2021,8,17,8,55,0,Tuesday,544783.9613,4808000.838,-80.446749,43.423569,At/near private drive,1,Non-fatal injury,Right turn lane,unknown,unknown,Angle,Unknown,Daylight,01 - Daylight,Municipal (excl. Twp. Rd.),No control,unknown,0,0,0,FALSE,FALSE,FALSE,Clear,,FALSE,Road 1: 385 WILSON AVE (60 km/h); Road 2: WILSON AVE; Distance: 2.0 M S; Charged Driver #1 on page 1: HTA 138 (NA) (NA); Vehicle #1     Make: TOYT     Model: XLL     Colour: RED     Style: 4D; Vehicle #2     Make: DODG     Model: CAR     Colour: SIL     S,2/11/2022 11:11:02 AM,544783.9613,4808000.838
51436,21187534,8/17/2021 12:00:00 PM,2021,8,17,12,0,0,Tuesday,541945.2282,4807328.889,-80.481868,43.417683,Non intersection,2,P.D. only,Thru lane,unknown,unknown,Angle,Unknown,Daylight,01 - Daylight,Municipal (excl. Twp. Rd.),No control,unknown,0,0,0,FALSE,FALSE,FALSE,Clear,,TRUE,Road 1: 581 STRASBURG RD (IFO); Vehicle #1     Make: NISS     Model: SL2     Colour: SIL     Style: 4D; Vehicle #2     Make: TESL     Model: 3     Colour: SIL     Style: 4D,2/11/2022 11:11:18 AM,541945.2282,4807328.889
51437,21187603,8/17/2021 2:50:00 PM,2021,8,17,14,50,0,Tuesday,540415.2245,4810595.472,-80.500525,43.44718,At intersection,1,Non-fatal injury,Within intersection,unknown,unknown,Other,Unknown,Daylight,01 - Daylight,Municipal (excl. Twp. Rd.),unknown,unknown,0,0,0,FALSE,FALSE,TRUE,Clear,,FALSE,Road 1: JUBILEE DR (50 km/h); Road 2: PARK ST (30 km/h); Charged Driver #1 on page 1: NA NA (NA) (NA); Vehicle #1     Make: PONT     Model: SPOR     Colour:      Style: MOT; Vehicle #2     Make: CADI     Model: XT5     Colour: GRY     Style: TY,2/11/2022 11:07:43 AM,540415.2245,4810595.472
51438,21189045,8/9/2021 11:00:00 AM,2021,8,9,11,0,0,Monday,541719.3259,4806957.385,-80.484687,43.414351,Non intersection,2,P.D. only,Thru lane,unknown,unknown,Other,Unknown,Daylight,01 - Daylight,Municipal (excl. Twp. Rd.),No control,unknown,0,0,0,FALSE,FALSE,FALSE,Clear,,TRUE,Road 1: 125 BLACKHORNE DR; Road 2: IFO; Vehicle #1     Make: VOLK     Model: PGS     Colour: SIL     Style: 4D; Vehicle #2     Make: GMC     Model: TER     Colour: BLK     Style: TY,2/11/2022 11:08:17 AM,541719.3259,4806957.385
51439,21189205,8/16/2021 5:00:00 PM,2021,8,16,17,0,0,Monday,541108.7022,4811011.513,-80.491924,43.450888,Non intersection,2,P.D. only,Thru lane,unknown,unknown,SMV unattended vehicle,Unknown,Daylight,01 - Daylight,Regional municipality,No control,unknown,0,0,0,FALSE,FALSE,FALSE,Clear,,TRUE,Road 1: KING ST W; Road 2: YOUNG ST; Vehicle #1     Make:      Model:      Colour:      Style: ; Vehicle #2     Make: TOYT     Model: HIG     Colour: WHI     Style: TY,2/11/2022 11:11:21 AM,541108.7022,4811011.513
51440,21189250,8/18/2021 4:30:00 PM,2021,8,18,16,30,0,Wednesday,541999.9588,4813398.454,-80.480725,43.47233,Non intersection,2,P.D. only,Thru lane,unknown,unknown,Sideswipe,Unknown,Daylight,01 - Daylight,Municipal (excl. Twp. Rd.),No control,unknown,0,0,0,FALSE,FALSE,FALSE,Clear,,TRUE,Road 1: 1214 UNION ST (IFO); Vehicle #1     Make: CHEV     Model: CZT     Colour: GRY     Style: 4D; Vehicle #2     Make: LEXS     Model: RX5     Colour: GRY     Style: TY,2/11/2022 11:08:59 AM,541999.9588,4813398.454
51441,21189254,8/15/2021 3:00:00 PM,2021,8,15,15,0,0,Sunday,547433.2022,4805468.392,-80.414242,43.400604,Non intersection,2,P.D. only,Thru lane,unknown,unknown,SMV unattended vehicle,Unknown,Daylight,01 - Daylight,Municipal (excl. Twp. Rd.),No control,unknown,0,0,0,FALSE,FALSE,FALSE,Clear,,TRUE,Road 1: 297 JOSEPH SCHOERG CRESCENT (IFO); Vehicle #1     Make: HOND     Model: UEX     Colour: BLK     Style: 4D; Vehicle #2     Make: CHEV     Model: SIL     Colour: SIL     Style: PK,2/11/2022 11:11:12 AM,547433.2022,4805468.392
51442,21189534,8/19/2021 7:00:00 PM,2021,8,19,19,0,0,Thursday,540793.3357,4809150.234,-80.49596,43.434146,Non intersection,2,P.D. only,Thru lane,unknown,unknown,Turning movement,Unknown,Daylight,01 - Daylight,Regional municipality,No control,unknown,0,0,0,FALSE,FALSE,FALSE,Clear,,TRUE,Road 1: STIRLING AVE S; Road 2: MAUSSER AVE; Vehicle #1     Make:      Model:      Colour:      Style: ; Vehicle #2     Make: TOYT     Model: CBS     Colour: WHI     Style: 4D,12/20/2021 10:48:15 AM,540793.3357,4809150.234
51443,21190057,8/20/2021 11:03:00 AM,2021,8,20,11,3,0,Friday,545145.985,4813469.905,-80.441824,43.47279,At railway crossing,2,P.D. only,Thru lane,unknown,unknown,SMV other,Unknown,Daylight,01 - Daylight,Municipal (excl. Twp. Rd.),No control,unknown,2,0,1,FALSE,FALSE,FALSE,Clear,,FALSE,Road 1: CN RAIL (50 km/h); Road 2: BINGEMANS CENTRE DR; Distance: 3.0 M E; Vehicle #1     Make:      Model:      Colour:      Style:,12/20/2021 10:56:06 AM,545145.985,4813469.905