OBJECTID,ACCIDENTNUM,ACCIDENTDATE,ACCIDENT_YEAR,ACCIDENT_MONTH,ACCIDENT_DAY,ACCIDENT_HOUR,ACCIDENT_MINUTE,ACCIDENT_SECOND,ACCIDENT_WEEKDAY,XCOORD,YCOORD,LONGITUDE,LATITUDE,ACCIDENTLOCATION,COLLISIONTYPE,CLASSIFICATIONOFACCIDENT,IMPACTLOCATION,INITIALDIRECTIONOFTRAVELONE,INITIALDIRECTIONOFTRAVELTWO,INITIALIMPACTTYPE,INTTRAFFICCONTROL,LIGHT,LIGHTFORREPORT,ROADJURISDICTION,TRAFFICCONTROL,TRAFFICCONTROLCONDITION,THRULANENO,NORTHBOUNDDISOBEYCOUNT,SOUTHBOUNDDISOBEYCOUNT,PEDESTRIANINVOLVED,CYCLISTINVOLVED,MOTORCYCLISTINVOLVED,ENVIRONMENTCONDITION1,ENVIRONMENTCONDITION2,SELFREPORTED,XMLIMPORTNOTES,LASTEDITEDDATE,x,y
51487,21209563,8/4/2021 5:15:00 PM,2021,8,4,17,15,0,Wednesday,539265.7154,4808684.239,-80.514869,43.430032,At/near private drive,2,Non-reportable,Thru lane,unknown,unknown,SMV unattended vehicle,Unknown,Daylight,01 - Daylight,Municipal (excl. Twp. Rd.),No control,unknown,0,0,0,FALSE,FALSE,FALSE,Clear,,TRUE,Road 1: BUTTONWOOD DR (IFO 6); Vehicle #1     Make: NISS     Model: PFI     Colour: BLU     Style: TY; Vehicle #2     Make: MAZD     Model: 3TR     Colour: RED     Style: 4D,2/11/2022 11:09:23 AM,539265.7154,4808684.239
51488,21209577,9/10/2021 12:45:00 PM,2021,9,10,12,45,0,Friday,541835.6185,4803488.413,-80.483516,43.383109,At intersection,2,P.D. only,Within intersection,unknown,unknown,Sideswipe,Unknown,Daylight,01 - Daylight,Regional municipality,unknown,Functioning,0,0,0,FALSE,FALSE,FALSE,Clear,,TRUE,Road 1: HURON RD; Road 2: BECKVIEW DR; Vehicle #1     Make: BMW     Model: TRG     Colour: BLK     Style: TY; Vehicle #2     Make: VOLK     Model: NTI     Colour: BLK     Style: 2B,4/22/2022 2:26:08 PM,541835.6185,4803488.413
51489,21209603,9/7/2021 6:45:00 AM,2021,9,7,6,45,0,Tuesday,542764.9486,4807310.492,-80.471744,43.417471,Non intersection,2,P.D. only,Thru lane,unknown,unknown,SMV unattended vehicle,Unknown,Dawn,03 - Dawn,Municipal (excl. Twp. Rd.),No control,unknown,0,0,0,FALSE,FALSE,FALSE,Clear,,TRUE,Road 1: 78 COACH HILL DR (IFO); Vehicle #1     Make: FORD     Model: CTV     Colour: WHI     Style: BU; Vehicle #2     Make: GMC     Model: SIE     Colour: GRY     Style: PK,4/22/2022 2:24:30 PM,542764.9486,4807310.492
51490,21209604,9/9/2021 11:30:00 AM,2021,9,9,11,30,0,Thursday,540014.3685,4805689.406,-80.505839,43.403026,Non intersection,2,Non-reportable,Thru lane,unknown,unknown,SMV unattended vehicle,Unknown,Daylight,01 - Daylight,Municipal (excl. Twp. Rd.),No control,unknown,0,0,0,FALSE,FALSE,FALSE,Clear,,TRUE,Road 1: COMMONWEALTH CRESCENT (IFO 731); Road 2: ISABELLA ST; Vehicle #1     Make:      Model:      Colour:      Style: ; Vehicle #2     Make: RAM     Model: RTR     Colour: WHI     Style: PK,4/22/2022 2:24:31 PM,540014.3685,4805689.406
51491,21209615,8/27/2021 4:50:00 PM,2021,8,27,16,50,0,Friday,545538.5187,4805399.528,-80.437644,43.400101,Non intersection,2,P.D. only,Thru lane,unknown,unknown,Rear end,Unknown,Daylight,01 - Daylight,Regional municipality,No control,unknown,0,0,0,FALSE,FALSE,FALSE,Clear,,TRUE,Road 1: 10 HURON RD; Vehicle #1     Make: MITS     Model: OUT     Colour: BLK     Style: TY; Vehicle #2     Make: CADI     Model: APE     Colour: GRY     Style: 4D,12/20/2021 10:48:18 AM,545538.5187,4805399.528
51492,21210743,8/5/2021 6:45:00 AM,2021,8,5,6,45,0,Thursday,544489.1988,4802566.192,-80.450832,43.374653,Intersection related,2,Non-reportable,Thru lane,unknown,unknown,Rear end,Unknown,Daylight,01 - Daylight,Municipal (excl. Twp. Rd.),unknown,Functioning,0,0,0,FALSE,FALSE,FALSE,Clear,,TRUE,Road 1: STAUFFER DR; Road 2: CARYNDALE DR; Vehicle #1     Make:      Model:      Colour:      Style: ; Vehicle #2     Make: JEEP     Model: WRA     Colour: GRY     Style: TY,2/11/2022 11:07:56 AM,544489.1988,4802566.192
51493,21210911,9/12/2021 5:10:00 PM,2021,9,12,17,10,0,Sunday,545050.1666,4810837.852,-80.443226,43.449097,At intersection,1,Non-fatal injury,Within intersection,unknown,unknown,Angle,Unknown,Daylight,01 - Daylight,Township,unknown,Functioning,0,0,1,FALSE,FALSE,FALSE,Rain,,FALSE,Road 1: RIVER RD E (50 km/h); Road 2: HOLBORN DR (50 km/h); Charged Driver #1 on page 1: HTA 144 (NA) (NA); Vehicle #1     Make: NISS     Model: ROG     Colour: SIL     Style: TY; Vehicle #2     Make: HOND     Model: UCL     Colour: BLU     Style: 4D; Veh,4/22/2022 2:26:24 PM,545050.1666,4810837.852
51494,21212098,9/13/2021 8:15:00 PM,2021,9,13,20,15,0,Monday,543519.8539,4808208.927,-80.462348,43.425517,Non intersection,2,P.D. only,Thru lane,unknown,unknown,SMV unattended vehicle,Unknown,"Dark, artificial","08 - Dark, artificial",Municipal (excl. Twp. Rd.),No control,unknown,1,0,0,FALSE,FALSE,FALSE,Clear,,FALSE,Road 1: 226 KIPLING AVE (50 km/h); Road 2: KIPLING AVE; Distance: 3.0 K S; Charged Driver #1 on page 1: NA NA (NA) (NA); Vehicle #1     Make: TOYT     Model: UVS     Colour: BRN     Style: 4D; Vehicle #2     Make: TOYT     Model: SXC     Colour: GRY     S,4/22/2022 2:24:53 PM,543519.8539,4808208.927
51495,21212211,9/14/2021 8:17:00 AM,2021,9,14,8,17,0,Tuesday,539685.834,4811408.6,-80.50948,43.45454,Non intersection,1,Non-fatal injury,Thru lane,unknown,unknown,SMV other,Unknown,Daylight,01 - Daylight,Municipal (excl. Twp. Rd.),No control,unknown,1,0,0,TRUE,FALSE,FALSE,Clear,,FALSE,Road 1: GLASGOW ST (50 km/h); Road 2: GRUHN ST; Distance: 10.0 K W; Vehicle #1     Make: NISS     Model: QST     Colour: SIL     Style: VN,4/22/2022 2:24:40 PM,539685.834,4811408.6
51496,21212366,9/3/2021 6:30:00 AM,2021,9,3,6,30,0,Friday,536230.0747,4806977.137,-80.552487,43.414814,Non intersection,2,P.D. only,Thru lane,unknown,unknown,Sideswipe,Unknown,Dawn,03 - Dawn,Regional municipality,No control,unknown,0,0,0,FALSE,FALSE,FALSE,Clear,,TRUE,Road 1: HIGHVIEW DR; Road 2: IRA NEEDLES; Vehicle #1     Make: ISU     Model: NRR     Colour: WHI     Style: CT; Vehicle #2     Make: HOND     Model: UAX     Colour: RED     Style: 4D,4/22/2022 2:24:29 PM,536230.0747,4806977.137
51497,21212465,9/2/2021 1:20:00 PM,2021,9,2,13,20,0,Thursday,539568.2893,4811425.383,-80.510932,43.454697,Intersection related,2,Non-reportable,Thru lane,unknown,unknown,Rear end,Unknown,Daylight,01 - Daylight,Municipal (excl. Twp. Rd.),unknown,Functioning,0,0,0,FALSE,FALSE,FALSE,Clear,,TRUE,Road 1: GREEN ST; Road 2: PARK ST; Vehicle #1     Make: TOYT     Model: CEP     Colour: WHI     Style: 4D; Vehicle #2     Make:      Model:      Colour:      Style:,4/22/2022 2:25:41 PM,539568.2893,4811425.383
51498,21212542,7/15/2021 5:40:00 AM,2021,7,15,5,40,0,Thursday,544544.1094,4802578.264,-80.450153,43.374758,Non intersection,2,Non-reportable,Thru lane,unknown,unknown,SMV other,Unknown,Dawn,03 - Dawn,Regional municipality,No control,unknown,0,0,0,FALSE,FALSE,FALSE,Clear,,TRUE,Road 1: STAUFFER DR; Road 2: CARYNDALE DR; Vehicle #1     Make: RAM     Model: RTR     Colour: WHI     Style: PK,2/11/2022 11:09:36 AM,544544.1094,4802578.264
51499,21213109,8/21/2021 8:00:00 AM,2021,8,21,8,0,0,Saturday,544376.7007,4810433.749,-80.451582,43.445499,At/near private drive,2,Non-reportable,Thru lane,unknown,unknown,SMV unattended vehicle,Unknown,Daylight,01 - Daylight,Municipal (excl. Twp. Rd.),No control,unknown,0,0,0,FALSE,FALSE,FALSE,Clear,,TRUE,Road 1: DALEWOOD DR; Road 2: PENROSE AVE; Vehicle #1     Make:      Model:      Colour:      Style: ; Vehicle #2     Make: TOYT     Model: RV4     Colour: WHI     Style: TY,12/20/2021 10:48:13 AM,544376.7007,4810433.749
51500,21213156,8/27/2021 1:30:00 PM,2021,8,27,13,30,0,Friday,544116.8378,4811896.229,-80.454675,43.458683,Intersection related,2,Non-reportable,Thru lane,unknown,unknown,Rear end,Unknown,Daylight,01 - Daylight,Regional municipality,unknown,Functioning,0,0,0,FALSE,FALSE,FALSE,Clear,,TRUE,Road 1: RIVER RD E; Road 2: MANCHESTER RD; Vehicle #1     Make:      Model:      Colour:      Style: ; Vehicle #2     Make: HYUN     Model: SAN     Colour: BLK     Style: TY,8/16/2022 3:01:30 PM,544116.8378,4811896.229
51501,21213336,9/9/2021 10:30:00 AM,2021,9,9,10,30,0,Thursday,541800.5317,4803728.929,-80.483931,43.385277,Non intersection,2,Non-reportable,Thru lane,unknown,unknown,SMV unattended vehicle,Unknown,Daylight,01 - Daylight,Municipal (excl. Twp. Rd.),No control,unknown,0,0,0,FALSE,FALSE,FALSE,Clear,,TRUE,Road 1: WOODBINE AVE; Road 2: MAITLAND ST; Vehicle #1     Make: ICRP     Model: BUP     Colour: YEL     Style: BU; Vehicle #2     Make:      Model:      Colour:      Style:,4/22/2022 2:24:35 PM,541800.5317,4803728.929
51502,21213698,9/15/2021 7:45:00 PM,2021,9,15,19,45,0,Wednesday,545315.4955,4810293.698,-80.439992,43.444182,Non intersection,2,P.D. only,Thru lane,unknown,unknown,Other,Unknown,Dusk,05 - Dusk,Regional municipality,No control,unknown,0,0,0,FALSE,FALSE,FALSE,Clear,,TRUE,Road 1: RIVER RD E; Vehicle #1     Make: GMC     Model: SIE     Colour: WHI     Style: PK; Vehicle #2     Make: TOYT     Model: MTL     Colour: GRY     Style: 4D,4/22/2022 2:24:50 PM,545315.4955,4810293.698
51503,21214651,9/16/2021 9:44:00 PM,2021,9,16,21,44,0,Thursday,537357.9642,4808413.832,-80.538457,43.427695,At/near private drive,2,P.D. only,Right shoulder,unknown,unknown,SMV unattended vehicle,Unknown,Dark,07 - Dark,Regional municipality,No control,unknown,0,0,0,FALSE,FALSE,FALSE,Clear,,FALSE,Road 1: 303 BANKSIDE DR (40 km/h); Road 2: BANKSIDE DR; Distance: 2.0 M N; Vehicle #1     Make: TOYT     Model: CBA     Colour: GRY     Style: 4D; Vehicle #2     Make: NISS     Model: ATS     Colour: GRY     Style: 4D,4/22/2022 2:26:40 PM,537357.9642,4808413.832
51504,21215102,9/16/2021 1:30:00 PM,2021,9,16,13,30,0,Thursday,547700.0709,4805996.464,-80.4109,43.405342,Non intersection,2,Non-reportable,Thru lane,unknown,unknown,SMV unattended vehicle,Unknown,Daylight,01 - Daylight,Municipal (excl. Twp. Rd.),No control,unknown,0,0,0,FALSE,FALSE,FALSE,Clear,,TRUE,Road 1: 7 SPRING MIST DR; Road 2: 7 SPRING MIST DR; Vehicle #1     Make:      Model:      Colour:      Style: ; Vehicle #2     Make: CHEV     Model: SIL     Colour: BLK     Style: PK,4/22/2022 2:24:43 PM,547700.0709,4805996.464
51505,21215368,9/17/2021 5:00:00 PM,2021,9,17,17,0,0,Friday,545136.2547,4807607.662,-80.442429,43.420008,Non intersection,2,P.D. only,Thru lane,unknown,unknown,Turning movement,Unknown,Daylight,01 - Daylight,Regional municipality,No control,unknown,0,0,0,FALSE,FALSE,FALSE,Clear,,TRUE,Road 1: WILSON AVE; Road 2: FAIRWAY RD S; Vehicle #1     Make: CADI     Model: XT5     Colour: WHI     Style: TY; Vehicle #2     Make: CHEV     Model: RAX     Colour: BLK     Style: TY,4/27/2022 10:39:44 AM,545136.2547,4807607.662
51506,21216044,9/18/2021 11:04:00 AM,2021,9,18,11,4,0,Saturday,546063.2252,4809491.895,-80.43082,43.436917,At intersection,2,P.D. only,Within intersection,unknown,unknown,Angle,Unknown,Daylight,01 - Daylight,Regional municipality,unknown,Functioning,0,0,0,FALSE,FALSE,FALSE,Clear,,FALSE,Road 1: RIVER RD E (60 km/h); Road 2: KINZIE AVE (50 km/h); Charged Driver #1 on page 1: HTA 144 (NA) (NA); Vehicle #1     Make: SUBA     Model: FOR     Colour: SIL     Style: TY; Vehicle #2     Make: TOYT     Model: C4E     Colour: BLU     Style: 4D,4/22/2022 2:26:07 PM,546063.2252,4809491.895
51507,21216766,9/19/2021 2:20:00 AM,2021,9,19,2,20,0,Sunday,542555.7615,4807064.643,-80.474347,43.415269,Intersection related,1,Non-fatal injury,Not on roadway - left side,unknown,unknown,SMV other,Unknown,Dark,07 - Dark,Municipal (excl. Twp. Rd.),unknown,unknown,0,0,0,FALSE,FALSE,FALSE,Clear,,FALSE,Road 1: COUNTRY HILL DR (50 km/h); Road 2: CEDARHILL CRESCENT (50 km/h); Charged Driver #1 on page 1: HTA 130 (NA) (NA); Vehicle #1     Make: VOLK     Model: JBS     Colour: BLK     Style: 4D,4/22/2022 2:25:44 PM,542555.7615,4807064.643
51508,21216953,9/19/2021 10:15:00 AM,2021,9,19,10,15,0,Sunday,545978.2671,4802615.06,-80.432448,43.375003,Non intersection,2,P.D. only,Thru lane,unknown,unknown,Other,Unknown,Daylight,01 - Daylight,Municipal (excl. Twp. Rd.),No control,unknown,0,0,0,FALSE,FALSE,FALSE,Clear,,TRUE,Road 1: 385 THOMAS SLEE DR; Road 2: 385 THOMAS SLEE DR; Vehicle #1     Make:      Model:      Colour:      Style: ; Vehicle #2     Make: AUDI     Model: AQ8     Colour: BLK     Style: TY,4/22/2022 2:24:35 PM,545978.2671,4802615.06
51509,21218484,9/21/2021 7:55:00 AM,2021,9,21,7,55,0,Tuesday,543158.0719,4804459.579,-80.467113,43.391779,Non intersection,2,P.D. only,Thru lane,unknown,unknown,Sideswipe,Unknown,Daylight,01 - Daylight,Regional municipality,No control,unknown,0,0,0,FALSE,FALSE,FALSE,Clear,,TRUE,Road 1: HURON; Road 2: STRAWBURG; Vehicle #1     Make: INFI     Model: QX6     Colour: BLK     Style: 4D; Vehicle #2     Make: SUZI     Model: SX4     Colour: SIL     Style: 4D,4/22/2022 2:24:53 PM,543158.0719,4804459.579
51510,21218545,9/20/2021 7:30:00 AM,2021,9,20,7,30,0,Monday,537619.1,4807072.991,-80.535323,43.415608,At/near private drive,2,P.D. only,Thru lane,unknown,unknown,SMV unattended vehicle,Unknown,Daylight,01 - Daylight,Municipal (excl. Twp. Rd.),No control,unknown,0,0,0,FALSE,FALSE,FALSE,Clear,,TRUE,Road 1: PARKLAND CRESCENT (IFO 18); Vehicle #1     Make:      Model:      Colour:      Style: ; Vehicle #2     Make: MERZ     Model: C4A     Colour: GRY     Style: 4D,8/16/2022 3:02:59 PM,537619.1,4807072.991
51511,21218972,9/21/2021 6:00:00 PM,2021,9,21,18,0,0,Tuesday,545034.7147,4807870.154,-80.443662,43.422377,At intersection,2,Non-reportable,Within intersection,unknown,unknown,Rear end,Unknown,Daylight,01 - Daylight,Municipal (excl. Twp. Rd.),unknown,Functioning,0,0,0,FALSE,FALSE,FALSE,Clear,,TRUE,Road 1: 3101 KINGSWAY DR; Road 2: WILSON AVE; Vehicle #1     Make: TOYT     Model: HIG     Colour: GRY     Style: TY; Vehicle #2     Make: HYUN     Model: ESM     Colour: WHI     Style: 4D,4/22/2022 2:26:05 PM,545034.7146,4807870.154
51512,21219348,9/21/2021 11:30:00 AM,2021,9,21,11,30,0,Tuesday,546233.3739,4808792.146,-80.428777,43.430606,At/near private drive,2,P.D. only,Thru lane,unknown,unknown,SMV unattended vehicle,Unknown,Daylight,01 - Daylight,Municipal (excl. Twp. Rd.),No control,unknown,0,0,0,FALSE,FALSE,FALSE,Clear,,TRUE,Road 1: 48 WINDOM RD (IFO); Vehicle #1     Make:      Model:      Colour:      Style: ; Vehicle #2     Make: RAM     Model: RTR     Colour: WHI     Style: PK,4/22/2022 2:26:44 PM,546233.3739,4808792.147
51513,21219609,9/22/2021 1:40:00 PM,2021,9,22,13,40,0,Wednesday,541516.2613,4811215.459,-80.486871,43.452702,Intersection related,2,Non-reportable,Within intersection,unknown,unknown,Angle,Unknown,Daylight,01 - Daylight,Municipal (excl. Twp. Rd.),unknown,unknown,0,0,0,FALSE,FALSE,FALSE,Rain,,TRUE,Road 1: QUEEN ST N; Road 2: ROY ST; Vehicle #1     Make:      Model:      Colour:      Style: ; Vehicle #2     Make: TOYT     Model: CHB     Colour: GRY     Style: 4D,4/22/2022 2:25:35 PM,541516.2613,4811215.459
51514,21219776,9/29/2021 5:17:00 PM,2021,9,29,17,17,0,Wednesday,538015.9953,4808435.314,-80.530326,43.427855,At intersection,2,P.D. only,Thru lane,unknown,unknown,SMV other,Unknown,Daylight,01 - Daylight,Municipal (excl. Twp. Rd.),unknown,Functioning,1,0,0,FALSE,FALSE,FALSE,Rain,,FALSE,Road 1: BLACKWELL DR (40 km/h); Road 2: WESTHEIGHTS DR (40 km/h); Distance: 10.0 M W; Vehicle #1     Make: LEXS     Model: I25     Colour: GRY     Style: 4D,4/22/2022 2:26:23 PM,538015.9953,4808435.314
51515,21221004,9/24/2021 2:00:00 PM,2021,9,24,14,0,0,Friday,536013.3872,4807644.278,-80.555119,43.420831,Non intersection,2,P.D. only,Thru lane,unknown,unknown,SMV unattended vehicle,Unknown,Daylight,01 - Daylight,Municipal (excl. Twp. Rd.),No control,unknown,0,0,0,FALSE,FALSE,FALSE,Clear,,TRUE,Road 1: RAUCH COURT (IFO 27); Vehicle #1     Make:      Model:      Colour:      Style: ; Vehicle #2     Make: ACUR     Model: ATL     Colour: GRY     Style: 4D,4/22/2022 2:24:25 PM,536013.3872,4807644.278
51516,21221438,9/24/2021 5:11:00 PM,2021,9,24,17,11,0,Friday,536393.5591,4807046.275,-80.550463,43.415428,Non intersection,2,P.D. only,Thru lane,unknown,unknown,Rear end,Unknown,Daylight,01 - Daylight,Municipal (excl. Twp. Rd.),No control,unknown,0,0,0,FALSE,FALSE,FALSE,Clear,,TRUE,Road 1: 215 HIGHVIEW DR; Vehicle #1     Make: HOND     Model: CXG     Colour: RED     Style: 4D; Vehicle #2     Make: FORD     Model: COF     Colour: WHI     Style: PK,4/22/2022 2:24:22 PM,536393.5591,4807046.275
51517,21222855,9/26/2021 1:54:00 AM,2021,9,26,1,54,0,Sunday,542871.9273,4807421.84,-80.470414,43.418467,Intersection related,2,P.D. only,Thru lane,unknown,unknown,Sideswipe,Unknown,"Dark, artificial","08 - Dark, artificial",Regional municipality,unknown,unknown,1,0,0,FALSE,FALSE,FALSE,Clear,,FALSE,Road 1: BLOCK LINE RD (50 km/h); Road 2: HOMER WATSON BLVD; Distance: 3.0 M E; Vehicle #1     Make:      Model:      Colour:      Style: 4D; Vehicle #2     Make: ACUR     Model: TXT     Colour: BLK     Style: 4D,4/22/2022 2:25:45 PM,542871.9273,4807421.84
51518,21223243,9/26/2021 2:32:00 PM,2021,9,26,14,32,0,Sunday,538219.3298,4808772.416,-80.52779,43.43088,At/near private drive,1,Non-fatal injury,Other,unknown,unknown,Sideswipe,Unknown,Daylight,01 - Daylight,Municipal (excl. Twp. Rd.),No control,unknown,0,0,0,FALSE,TRUE,FALSE,Clear,,FALSE,Road 1: 875 QUEENS BLVD (50 km/h); Road 2: HIGHLAND RD W; Distance: 1.0 K W; Charged Driver #1 on page 1: NA NA (NA) (NA); Vehicle #1     Make: HOND     Model: CXG     Colour: SIL     Style: 4D; Vehicle #2     Make: PETE     Model:      Colour:      Style,4/22/2022 2:26:27 PM,538219.3298,4808772.416
51519,21223362,9/26/2021 5:00:00 PM,2021,9,26,17,0,0,Sunday,545856.2967,4804741.362,-80.433775,43.394156,Intersection related,1,Non-fatal injury,Off highway,unknown,unknown,SMV other,Unknown,Daylight,01 - Daylight,Municipal (excl. Twp. Rd.),unknown,unknown,0,0,0,FALSE,FALSE,FALSE,Clear,,FALSE,Road 1: 120 PIONEER DR; Road 2: PIONEER DR; Vehicle #1     Make: PONT     Model: MON     Colour: BLU     Style: VN,4/22/2022 2:25:43 PM,545856.2967,4804741.362
51520,21224663,9/28/2021 8:20:00 AM,2021,9,28,8,20,0,Tuesday,541957.3194,4815745.514,-80.481071,43.493466,At intersection,2,P.D. only,Within intersection,unknown,unknown,Angle,Unknown,Daylight,01 - Daylight,Municipal (excl. Twp. Rd.),unknown,unknown,0,0,0,FALSE,FALSE,FALSE,Clear,,TRUE,Road 1: 14 FALCONRIDGE DR; Road 2: 250 WOOLWICH ST; Vehicle #1     Make: TOYT     Model: RV4     Colour: GRY     Style: TY; Vehicle #2     Make: NISS     Model: NV2     Colour: BLK     Style: FV,4/22/2022 2:26:13 PM,541957.3194,4815745.514
51521,21225471,9/29/2021 12:01:00 AM,2021,9,29,0,1,0,Wednesday,544089.5106,4805043.491,-80.455566,43.396982,Non intersection,2,P.D. only,Not on roadway - right side,unknown,unknown,SMV other,Unknown,"Dark, artificial","08 - Dark, artificial",Municipal (excl. Twp. Rd.),No control,unknown,0,0,0,FALSE,FALSE,FALSE,Clear,,FALSE,Road 1: 28 BIEHN DR (50 km/h); Road 2: BIEHN DR; Distance: 3.0 M W; Vehicle #1     Make:      Model:      Colour:      Style:,4/22/2022 2:24:51 PM,544089.5106,4805043.491
51522,21226535,9/30/2021 12:36:00 PM,2021,9,30,12,36,0,Thursday,540839.4893,4810222.882,-80.49531,43.443802,At/near private drive,2,P.D. only,Thru lane,unknown,unknown,Sideswipe,Unknown,Daylight,01 - Daylight,Regional municipality,No control,unknown,1,0,0,FALSE,FALSE,FALSE,Clear,,FALSE,Road 1: QUEEN ST S (50 km/h); Road 2: 541 QUEEN ST S; Distance: 7.0 M W; Charged Driver #1 on page 1: HTA 158 (NA) (NA); Vehicle #1     Make:      Model:      Colour: RED     Style: 4D; Vehicle #2     Make: HYUN     Model: SAN     Colour: GRY     Style: T,8/16/2022 3:03:23 PM,540839.4893,4810222.882
51523,21227032,9/30/2021 10:15:00 PM,2021,9,30,22,15,0,Thursday,540566.6219,4807901.904,-80.498854,43.422918,At/near private drive,2,P.D. only,Thru lane,unknown,unknown,Approaching,Unknown,Dark,07 - Dark,Municipal (excl. Twp. Rd.),No control,unknown,0,0,0,FALSE,FALSE,FALSE,Clear,,TRUE,Road 1: 200 CHANDLER DR; Vehicle #1     Make: FORD     Model: COF     Colour: GLD     Style: PK; Vehicle #2     Make:      Model:      Colour:      Style:,4/22/2022 2:26:37 PM,540566.6219,4807901.904
51524,21227199,10/1/2021 7:07:00 AM,2021,10,1,7,7,0,Friday,544647.8473,4808627.508,-80.448379,43.42922,Non intersection,2,P.D. only,Other,unknown,unknown,Sideswipe,Unknown,"Daylight, artificial","02 - Daylight, artificial",Municipal (excl. Twp. Rd.),No control,unknown,0,0,0,FALSE,FALSE,FALSE,Clear,,FALSE,Road 1: CONNAUGHT ST (40 km/h); Road 2: NINTH AVE; Distance: 15.0 M W; Charged Driver #1 on page 1: HTA 130 (NA) (NA); Vehicle #1     Make: MERZ     Model: CSP     Colour: WHI     Style: FV; Vehicle #2     Make: KIA     Model: FEX     Colour: BLU     Styl,4/22/2022 2:24:42 PM,544647.8473,4808627.508
51525,21227447,7/19/2021 11:10:00 AM,2021,7,19,11,10,0,Monday,541429.8526,4809581.753,-80.488063,43.437997,Non intersection,2,P.D. only,Thru lane,unknown,unknown,Sideswipe,Unknown,Daylight,01 - Daylight,Municipal (excl. Twp. Rd.),No control,unknown,0,0,0,FALSE,FALSE,FALSE,Clear,,TRUE,Road 1: 213 MILL ST; Vehicle #1     Make: FORD     Model: RNG     Colour: GRY     Style: PK; Vehicle #2     Make: HYUN     Model: EXL     Colour: BLK     Style: 4D,4/22/2022 2:24:37 PM,541429.8526,4809581.753
51526,21227541,9/24/2021 12:30:00 PM,2021,9,24,12,30,0,Friday,538060.7527,4808256.119,-80.529785,43.426239,Non intersection,2,P.D. only,Thru lane,unknown,unknown,SMV unattended vehicle,Unknown,Daylight,01 - Daylight,Regional municipality,No control,unknown,0,0,0,FALSE,FALSE,FALSE,Clear,,TRUE,Road 1: WESTHEIGHTS DR (IFO 116); Road 2: QUEENS'S BLVD; Vehicle #1     Make: LEXS     Model: P9L     Colour: WHI     Style: 4W; Vehicle #2     Make: CHEV     Model: SIL     Colour: WHI     Style: PK,4/22/2022 2:24:52 PM,538060.7527,4808256.119
51527,21227628,9/18/2021 2:00:00 AM,2021,9,18,2,0,0,Saturday,542016.1225,4807242.388,-80.480999,43.4169,At intersection,2,Non-reportable,Within intersection,unknown,unknown,Turning movement,Unknown,Dark,07 - Dark,Regional municipality,unknown,Functioning,0,0,0,FALSE,FALSE,FALSE,Clear,,TRUE,Road 1: BLACKHORNE RD; Road 2: 596 STRASBURG RD; Vehicle #1     Make: CHEV     Model: SIL     Colour: BLU     Style: PK; Vehicle #2     Make:      Model:      Colour:      Style:,4/22/2022 2:26:10 PM,542016.1225,4807242.388
51528,21227638,8/26/2021 3:30:00 PM,2021,8,26,15,30,0,Thursday,540750.8052,4808048.569,-80.496568,43.424229,At/near private drive,2,P.D. only,Thru lane,unknown,unknown,SMV unattended vehicle,Unknown,Daylight,01 - Daylight,Municipal (excl. Twp. Rd.),No control,unknown,0,0,0,FALSE,FALSE,FALSE,Clear,,TRUE,Road 1: 140 CHANDLER DR (IFO); Vehicle #1     Make:      Model:      Colour:      Style: ; Vehicle #2     Make: JEEP     Model: CMP     Colour: SIL     Style: TY,4/22/2022 2:26:43 PM,540750.8052,4808048.569
51529,21227656,10/1/2021 3:05:00 PM,2021,10,1,15,5,0,Friday,537265.2914,4810090.573,-80.539487,43.442797,Non intersection,2,P.D. only,Off highway,unknown,unknown,SMV other,Unknown,Daylight,01 - Daylight,Regional municipality,No control,unknown,0,0,0,FALSE,FALSE,FALSE,Clear,,FALSE,Road 1: 403 WESTWOOD DR (50 km/h); Road 2: WESTWOOD DR; Distance: 100.0 M S; Charged Driver #1 on page 1: HTA 130 (NA) (NA); Vehicle #1     Make: HOND     Model: UEX     Colour: BLK     Style: 4D,4/22/2022 2:24:34 PM,537265.2914,4810090.573
51530,21227665,9/29/2021 12:00:00 PM,2021,9,29,12,0,0,Wednesday,538134.7989,4808865.529,-80.528828,43.431723,Non intersection,2,Non-reportable,Thru lane,unknown,unknown,SMV unattended vehicle,Unknown,Daylight,01 - Daylight,Municipal (excl. Twp. Rd.),No control,unknown,0,0,0,FALSE,FALSE,FALSE,Clear,,TRUE,Road 1: 71 BANKSIDE DR (IFO); Vehicle #1     Make:      Model:      Colour:      Style: ; Vehicle #2     Make: HOND     Model: CRV     Colour: BLK     Style: TY,4/22/2022 2:24:27 PM,538134.7989,4808865.529