OBJECTID,ACCIDENTNUM,ACCIDENTDATE,ACCIDENT_YEAR,ACCIDENT_MONTH,ACCIDENT_DAY,ACCIDENT_HOUR,ACCIDENT_MINUTE,ACCIDENT_SECOND,ACCIDENT_WEEKDAY,XCOORD,YCOORD,LONGITUDE,LATITUDE,ACCIDENTLOCATION,COLLISIONTYPE,CLASSIFICATIONOFACCIDENT,IMPACTLOCATION,INITIALDIRECTIONOFTRAVELONE,INITIALDIRECTIONOFTRAVELTWO,INITIALIMPACTTYPE,INTTRAFFICCONTROL,LIGHT,LIGHTFORREPORT,ROADJURISDICTION,TRAFFICCONTROL,TRAFFICCONTROLCONDITION,THRULANENO,NORTHBOUNDDISOBEYCOUNT,SOUTHBOUNDDISOBEYCOUNT,PEDESTRIANINVOLVED,CYCLISTINVOLVED,MOTORCYCLISTINVOLVED,ENVIRONMENTCONDITION1,ENVIRONMENTCONDITION2,SELFREPORTED,XMLIMPORTNOTES,LASTEDITEDDATE,x,y
51531,21227670,9/29/2021 1:50:00 PM,2021,9,29,13,50,0,Wednesday,547571.3328,4806076.086,-80.412483,43.406067,At/near private drive,2,P.D. only,Thru lane,unknown,unknown,SMV unattended vehicle,Unknown,Daylight,01 - Daylight,Municipal (excl. Twp. Rd.),No control,unknown,0,0,0,FALSE,FALSE,FALSE,Clear,,TRUE,Road 1: DEER RIDGE DR (IFO 234); Vehicle #1     Make: FORD     Model: COF     Colour: BLK     Style: CW; Vehicle #2     Make: SUBA     Model: IPR     Colour: WHI     Style: SW,4/22/2022 2:26:27 PM,547571.3328,4806076.086
51532,21227804,10/1/2021 5:30:00 PM,2021,10,1,17,30,0,Friday,538254.5763,4809876.61,-80.527277,43.44082,Non intersection,1,Non-fatal injury,Thru lane,unknown,unknown,Sideswipe,Unknown,Daylight,01 - Daylight,Municipal (excl. Twp. Rd.),No control,unknown,1,0,0,FALSE,FALSE,FALSE,Clear,,FALSE,Road 1: HAZELGLEN DR (50 km/h); Road 2: DALEGROVE DR; Distance: 3.0 M S; Charged Driver #1 on page 1: HTA 130 (NA) (NA); Vehicle #1     Make: KIA     Model: RIO     Colour: GRY     Style: 4D; Vehicle #2     Make: ACUR     Model: INT     Colour: BLK     St,4/22/2022 2:25:16 PM,538254.5763,4809876.61
51533,21227810,9/1/2021 11:30:00 AM,2021,9,1,11,30,0,Wednesday,545619.7264,4803071.409,-80.436835,43.379134,Non intersection,2,P.D. only,Thru lane,unknown,unknown,Other,Unknown,Daylight,01 - Daylight,Municipal (excl. Twp. Rd.),No control,unknown,0,0,0,FALSE,FALSE,FALSE,Clear,,TRUE,Road 1: 613 ROBERT FERRIE DR (IFO); Vehicle #1     Make: FRHT     Model: FM2     Colour: BRN     Style: CT; Vehicle #2     Make: FORD     Model: TRN     Colour: WHI     Style: FV,4/22/2022 2:24:23 PM,545619.7264,4803071.409
51534,21228268,10/2/2021 7:33:00 AM,2021,10,2,7,33,0,Saturday,540264.9249,4809574.408,-80.502458,43.437994,Other,2,P.D. only,Off highway,unknown,unknown,SMV other,Unknown,Daylight,01 - Daylight,Municipal (excl. Twp. Rd.),No control,unknown,0,0,0,FALSE,FALSE,FALSE,Clear,,FALSE,Road 1: QUEENS BLVD; Road 2: CIVIC 960 QUEENS BLVD; Charged Driver #1 on page 1: HTA 139 (NA) (NA); Vehicle #1     Make: HOND     Model: ATR     Colour: WHI     Style: 4D,4/22/2022 2:27:13 PM,540264.9249,4809574.408
51535,21228663,9/20/2021 1:15:00 PM,2021,9,20,13,15,0,Monday,546055.3775,4803301.12,-80.431438,43.381176,Non intersection,2,Non-reportable,Thru lane,unknown,unknown,SMV unattended vehicle,Unknown,Daylight,01 - Daylight,Municipal (excl. Twp. Rd.),No control,unknown,0,0,0,FALSE,FALSE,FALSE,Clear,,TRUE,Road 1: 405 DOON SOUTH DR (IFO); Vehicle #1     Make:      Model:      Colour:      Style: ; Vehicle #2     Make: MERZ     Model: ESM     Colour: SIL     Style: 2D,4/22/2022 2:24:44 PM,546055.3775,4803301.12
51536,21229248,10/3/2021 6:00:00 AM,2021,10,3,6,0,0,Sunday,538856.3372,4805421.377,-80.520158,43.400674,Non intersection,2,P.D. only,Right shoulder,unknown,unknown,SMV unattended vehicle,Unknown,Dark,07 - Dark,Municipal (excl. Twp. Rd.),No control,unknown,0,0,0,FALSE,FALSE,FALSE,Clear,,FALSE,Road 1: PURPLE SAGE CRES (50 km/h); Road 2: CIVIC 220 PURPLE SAGE CRES; Distance: 1.0 M S; Vehicle #1     Make:      Model: -     Colour:      Style: ; Vehicle #2     Make: TOYT     Model: UXS     Colour: GRN     Style: 4D,4/22/2022 2:24:27 PM,538856.3372,4805421.377
51537,21229522,10/2/2021 1:00:00 AM,2021,10,2,1,0,0,Saturday,543091.9593,4811475.162,-80.467376,43.454951,At/near private drive,2,P.D. only,Off highway,unknown,unknown,SMV unattended vehicle,Unknown,Dark,07 - Dark,Municipal (excl. Twp. Rd.),No control,unknown,0,0,0,FALSE,FALSE,FALSE,Clear,,TRUE,Road 1: 185 BECKER ST; Vehicle #1     Make: CHEV     Model: IPL     Colour: RED     Style: 4D; Vehicle #2     Make: MAZD     Model: CX5     Colour: GRY     Style: TY,4/22/2022 2:26:38 PM,543091.9593,4811475.162
51538,21229536,10/3/2021 3:17:00 PM,2021,10,3,15,17,0,Sunday,545035.2547,4807868.673,-80.443655,43.422364,Intersection related,2,P.D. only,Left turn lane,unknown,unknown,Rear end,Unknown,Daylight,01 - Daylight,Municipal (excl. Twp. Rd.),unknown,Functioning,0,0,0,FALSE,FALSE,FALSE,Clear,,FALSE,Road 1: KINGSWAY DR (50 km/h); Road 2: WILSON AVE (50 km/h); Distance: 5.0 M; Charged Driver #1 on page 1: HTA 130 (NA) (NA); Vehicle #1     Make: HYUN     Model: ESE     Colour: RED     Style: 4D; Vehicle #2     Make: SUBA     Model: FOR     Colour: SIL ,4/22/2022 2:25:42 PM,545035.2547,4807868.673
51539,21229579,10/3/2021 3:50:00 PM,2021,10,3,15,50,0,Sunday,537135.3808,4807763.845,-80.541251,43.421853,Non intersection,2,P.D. only,Thru lane,unknown,unknown,Sideswipe,Unknown,Daylight,01 - Daylight,Municipal (excl. Twp. Rd.),No control,unknown,0,0,0,FALSE,FALSE,FALSE,Clear,,TRUE,Road 1: WESTHEIGHTS DR; Road 2: BLACKWELL DR; Vehicle #1     Make:      Model:      Colour:      Style: ; Vehicle #2     Make: HYUN     Model: SAN     Colour: RED     Style: TY,4/22/2022 2:24:48 PM,537135.3808,4807763.845
51540,21230081,9/3/2021 2:30:00 PM,2021,9,3,14,30,0,Friday,540733.9297,4808040.533,-80.496777,43.424157,Intersection related,2,Non-reportable,Thru lane,unknown,unknown,Angle,Unknown,Daylight,01 - Daylight,Municipal (excl. Twp. Rd.),unknown,unknown,0,0,0,FALSE,FALSE,FALSE,Clear,,TRUE,Road 1: CHANDLER DR; Road 2: ELMSDALE DR; Vehicle #1     Make: GMC     Model: STV     Colour: YEL     Style: BU; Vehicle #2     Make: HYUN     Model: SAN     Colour: BLU     Style: TY,4/22/2022 2:25:39 PM,540733.9297,4808040.533
51541,21230085,9/7/2021 11:25:00 AM,2021,9,7,11,25,0,Tuesday,539831.6164,4811143.694,-80.507698,43.452147,At intersection,2,P.D. only,Thru lane,unknown,unknown,Approaching,Unknown,Daylight,01 - Daylight,Municipal (excl. Twp. Rd.),unknown,Functioning,0,0,0,FALSE,FALSE,FALSE,Clear,,TRUE,Road 1: DOMINION ST; Road 2: PARK ST; Vehicle #1     Make: DODG     Model: JOU     Colour: BLK     Style: TY; Vehicle #2     Make: HOND     Model: UCL     Colour: SIL     Style: 4D,4/22/2022 2:26:12 PM,539831.6164,4811143.694
51542,21230225,9/20/2021 5:20:00 PM,2021,9,20,17,20,0,Monday,539732.1665,4806763.496,-80.509245,43.412713,Non intersection,2,Non-reportable,Thru lane,unknown,unknown,SMV unattended vehicle,Unknown,Daylight,01 - Daylight,Municipal (excl. Twp. Rd.),No control,unknown,0,0,0,FALSE,FALSE,FALSE,Clear,,TRUE,Road 1: 12 ACTIVA AVE; Road 2: 12 ACTIVA AVE; Vehicle #1     Make:      Model:      Colour:      Style: ; Vehicle #2     Make: LNDR     Model: EQU     Colour: WHI     Style: TY,4/22/2022 2:24:36 PM,539732.1665,4806763.496
51543,21230384,10/4/2021 3:00:00 PM,2021,10,4,15,0,0,Monday,542523.7351,4807122.777,-80.474738,43.415794,Intersection related,2,P.D. only,Thru lane,unknown,unknown,Rear end,Unknown,Daylight,01 - Daylight,Municipal (excl. Twp. Rd.),unknown,unknown,0,0,0,FALSE,FALSE,FALSE,Clear,,TRUE,Road 1: COUNTRY HILL DR; Road 2: CHERRY HILL DR; Vehicle #1     Make: MERZ     Model: C25     Colour: BLK     Style: 4D; Vehicle #2     Make: TOYT     Model: K6G     Colour: WHI     Style: 4D,4/22/2022 2:25:38 PM,542523.7351,4807122.777
51544,21230923,10/5/2021 7:30:00 AM,2021,10,5,7,30,0,Tuesday,544096.5678,4805171.9,-80.455468,43.398138,Non intersection,2,P.D. only,Right turn channel,unknown,unknown,Sideswipe,Unknown,Dawn,03 - Dawn,Regional municipality,No control,unknown,0,0,0,FALSE,FALSE,FALSE,Clear,,TRUE,Road 1: HURON RD; Road 2: HOMER WATSON BLVD; Vehicle #1     Make: NISS     Model: ALTI     Colour: BLK     Style: 4D; Vehicle #2     Make: HINO     Model: HIN     Colour: WHI     Style: CT,4/22/2022 2:24:45 PM,544096.5678,4805171.9
51545,21231218,9/10/2021 8:15:00 AM,2021,9,10,8,15,0,Friday,539521.3743,4810123.094,-80.511606,43.442974,At/near private drive,2,P.D. only,Thru lane,unknown,unknown,Other,Unknown,Daylight,01 - Daylight,Regional municipality,No control,unknown,0,0,0,FALSE,FALSE,FALSE,Clear,,TRUE,Road 1: BELMONT AVE W (IFO 301); Road 2: VICTORIA ST S; Vehicle #1     Make: HOND     Model: CIV     Colour: SIL     Style: 4D; Vehicle #2     Make:      Model:      Colour:      Style:,4/22/2022 2:26:34 PM,539521.3743,4810123.094
51546,21231222,9/11/2021 2:30:00 PM,2021,9,11,14,30,0,Saturday,541671.4122,4803575.617,-80.485536,43.383903,Non intersection,2,Non-reportable,Thru lane,unknown,unknown,SMV unattended vehicle,Unknown,Daylight,01 - Daylight,Municipal (excl. Twp. Rd.),No control,unknown,0,0,0,FALSE,FALSE,FALSE,Clear,,TRUE,Road 1: FRANKFURT ST (INO 19); Road 2: SIENNA CRES; Vehicle #1     Make:      Model:      Colour:      Style: ; Vehicle #2     Make: KIA     Model: TEL     Colour: WHI     Style: TY,4/22/2022 2:24:34 PM,541671.4122,4803575.617
51547,21231234,9/24/2021 3:15:00 PM,2021,9,24,15,15,0,Friday,538992.2752,4805966.399,-80.518441,43.405574,Non intersection,2,Non-reportable,Thru lane,unknown,unknown,Sideswipe,Unknown,Daylight,01 - Daylight,Municipal (excl. Twp. Rd.),No control,unknown,0,0,0,FALSE,FALSE,FALSE,Clear,,TRUE,Road 1: DAVID BERGEY DR; Road 2: ACTIVA AVE; Vehicle #1     Make: HYUN     Model: ESM     Colour: WHI     Style: 4D; Vehicle #2     Make: VOLV     Model: XC9     Colour: SIL     Style: TY,4/22/2022 2:24:41 PM,538992.2752,4805966.399
51548,21231938,9/28/2021 9:47:00 AM,2021,9,28,9,47,0,Tuesday,546002.0909,4802848.945,-80.432134,43.377107,Non intersection,2,Non-reportable,Thru lane,unknown,unknown,SMV unattended vehicle,Unknown,Daylight,01 - Daylight,Municipal (excl. Twp. Rd.),No control,unknown,0,0,0,FALSE,FALSE,FALSE,Clear,,TRUE,Road 1: 56 STEEPLERIDGE ST (IFO); Vehicle #1     Make:      Model:      Colour:      Style: ; Vehicle #2     Make: CHEV     Model: UPL     Colour: BRN     Style: VN,4/22/2022 2:24:38 PM,546002.0909,4802848.945
51549,21232558,10/7/2021 1:25:00 AM,2021,10,7,1,25,0,Thursday,545526.7801,4810823.077,-80.437337,43.448936,Non intersection,2,P.D. only,Thru lane,unknown,unknown,SMV unattended vehicle,Unknown,Dark,07 - Dark,Municipal (excl. Twp. Rd.),No control,unknown,1,0,0,FALSE,FALSE,FALSE,"Fog, mist, smoke, dust",,FALSE,Road 1: OLD CHICOPEE DR (50 km/h); Road 2: NOTCHWOOD CRT; Distance: 13.0 M W; Charged Driver #1 on page 1: HTA 130 (NA) (NA); Vehicle #1     Make: BMW     Model: X12     Colour: BLK     Style: SW; Vehicle #2     Make: VOLK     Model: TIG     Colour: BLK  ,8/16/2022 3:02:30 PM,545526.7801,4810823.077
51550,21233078,10/7/2021 3:15:00 PM,2021,10,7,15,15,0,Thursday,541208.0265,4809334.903,-80.490823,43.435786,At/near private drive,2,P.D. only,Thru lane,unknown,unknown,Turning movement,Unknown,Daylight,01 - Daylight,Regional municipality,No control,unknown,0,0,0,FALSE,FALSE,FALSE,Clear,,TRUE,Road 1: HIGHLAND RD E; Road 2: STERLING RD; Vehicle #1     Make:      Model:      Colour:      Style: ; Vehicle #2     Make: MERC     Model: MGL     Colour: BRN     Style: 4D,4/22/2022 2:26:45 PM,541208.0265,4809334.903
51551,21233236,10/7/2021 6:30:00 PM,2021,10,7,18,30,0,Thursday,544116.4765,4811896.347,-80.454679,43.458684,Intersection related,2,Non-reportable,Thru lane,unknown,unknown,Rear end,Unknown,Dark,07 - Dark,Municipal (excl. Twp. Rd.),unknown,Functioning,0,0,0,FALSE,FALSE,FALSE,Clear,,TRUE,Road 1: RIVER RD E; Road 2: MANCHESTER RD; Vehicle #1     Make:      Model:      Colour:      Style: ; Vehicle #2     Make: GMC     Model: TER     Colour: BLK     Style: TY,4/22/2022 2:25:36 PM,544116.4765,4811896.347
51552,21233454,10/8/2021 12:33:00 AM,2021,10,8,0,33,0,Friday,542983.4392,4806588.721,-80.469102,43.41096,At/near private drive,2,P.D. only,Left shoulder,unknown,unknown,SMV unattended vehicle,Unknown,Dark,07 - Dark,Regional municipality,No control,unknown,0,0,0,FALSE,FALSE,FALSE,Clear,,FALSE,Road 1: 106 CENTURY HILL DR (50 km/h); Road 2: CENTURY HILL DR; Distance: 2.0 M W; Vehicle #1     Make: CHEV     Model: UPL     Colour: GRY     Style: VN; Vehicle #2     Make: MAZD     Model: M3I     Colour: GRY     Style: 4D,4/22/2022 2:26:47 PM,542983.4392,4806588.721
51553,21233580,10/8/2021 7:31:00 AM,2021,10,8,7,31,0,Friday,545035.1988,4807869.678,-80.443656,43.422373,At intersection,1,Non-fatal injury,Within intersection,unknown,unknown,SMV other,Unknown,Dawn,03 - Dawn,Municipal (excl. Twp. Rd.),unknown,Functioning,0,0,0,TRUE,FALSE,FALSE,Clear,,FALSE,Road 1: WILSON AVE (50 km/h); Road 2: KINGSWAY DR (50 km/h); Vehicle #1     Make: PETE     Model:      Colour:      Style:,4/22/2022 2:26:05 PM,545035.1988,4807869.678
51554,21234072,10/8/2021 5:34:00 PM,2021,10,8,17,34,0,Friday,546473.6337,4812523.127,-80.42549,43.464184,Non intersection,2,P.D. only,Thru lane,unknown,unknown,SMV unattended vehicle,Unknown,Daylight,01 - Daylight,Municipal (excl. Twp. Rd.),No control,unknown,1,0,0,FALSE,FALSE,FALSE,Clear,,FALSE,Road 1: OTTERBEIN RD (50 km/h); Road 2: BRANDY CRES; Distance: 62.0 K W; Charged Driver #1 on page 1: HTA 199 (NA) (NA); Vehicle #1     Make: GMC     Model: SAV     Colour: WHI     Style: FV; Vehicle #2     Make: CHEV     Model: BGG     Colour: WHI     St,4/22/2022 2:25:13 PM,546473.6337,4812523.127
51555,21234417,10/9/2021 12:00:00 AM,2021,10,9,0,0,0,Saturday,544071.7243,4807873.408,-80.455557,43.422464,Non intersection,2,P.D. only,Right shoulder,unknown,unknown,SMV other,Unknown,Dark,07 - Dark,Municipal (excl. Twp. Rd.),No control,unknown,0,0,0,FALSE,FALSE,FALSE,Clear,,FALSE,Road 1: 122 SIEBERT AVE (50 km/h); Road 2: SIEBERT AVE; Distance: 1.0 M S; Charged Driver #1 on page 1: HTA 320.14 (NA) (NA); Vehicle #1     Make: FORD     Model: RNG     Colour: BLK     Style: PK,4/22/2022 2:25:08 PM,544071.7243,4807873.408
51556,21234673,10/9/2021 10:57:00 AM,2021,10,9,10,57,0,Saturday,541688.0497,4810690.175,-80.484788,43.447962,Non intersection,1,Non-fatal injury,Thru lane,unknown,unknown,Sideswipe,Unknown,Daylight,01 - Daylight,Regional municipality,No control,unknown,1,0,0,FALSE,TRUE,FALSE,Clear,,FALSE,Road 1: KING ST E (40 km/h); Road 2: EBY ST N; Distance: 25.0 M W; Charged Driver #1 on page 1: HTA 154 (NA) (NA); Vehicle #1     Make: TOYT     Model: CBS     Colour: BLU     Style: 4D; Vehicle #2     Make: BICY     Model: ELEC     Colour:      Style: EB,4/22/2022 2:25:03 PM,541688.0497,4810690.175
51557,21234693,10/9/2021 11:29:00 AM,2021,10,9,11,29,0,Saturday,541700.2467,4807744.059,-80.484862,43.421435,At/near private drive,2,P.D. only,Off highway,unknown,unknown,SMV other,Unknown,Other,99 - Other,Municipal (excl. Twp. Rd.),No control,unknown,0,0,0,FALSE,FALSE,FALSE,Other,,FALSE,Road 1: KINGSWOOD DR (50 km/h); Road 2: 18 KINGSWOOD DR; Distance: 5.0 M S; Vehicle #1     Make:      Model:      Colour:      Style:,4/22/2022 2:26:49 PM,541700.2467,4807744.059
51558,21235288,10/9/2021 11:28:00 PM,2021,10,9,23,28,0,Saturday,536143.5282,4807327.586,-80.553532,43.417973,Non intersection,2,P.D. only,Not on roadway - right side,unknown,unknown,SMV other,Unknown,"Dark, artificial","08 - Dark, artificial",Municipal (excl. Twp. Rd.),No control,unknown,0,0,0,FALSE,FALSE,FALSE,Clear,,FALSE,Road 1: PENELOPE DR (50 km/h); Road 2: 15 PENELOPE DR; Distance: 10.0 M S; Vehicle #1     Make: TOYT     Model: MTL     Colour: GRY     Style: 4D,4/22/2022 2:24:29 PM,536143.5282,4807327.586
51559,21235628,10/10/2021 12:17:00 PM,2021,10,10,12,17,0,Sunday,538854.5265,4805838.023,-80.520151,43.404426,At/near private drive,1,Non-fatal injury,Not on roadway - right side,unknown,unknown,SMV unattended vehicle,Unknown,Daylight,01 - Daylight,Municipal (excl. Twp. Rd.),No control,unknown,0,0,0,FALSE,FALSE,FALSE,Clear,,FALSE,Road 1: ACTIVA AVE (50 km/h); Road 2: 404 ACTIVA AVE; Distance: 0.0 M E; Vehicle #1     Make: CHEV     Model: C10     Colour: YEL     Style: PK; Vehicle #2     Make: BMW     Model: 28X     Colour: BLK     Style: 2D,4/22/2022 2:26:33 PM,538854.5265,4805838.023
51560,21235822,10/10/2021 4:53:00 PM,2021,10,10,16,53,0,Sunday,549159.1864,4806311.836,-80.392852,43.408087,Non intersection,1,Non-fatal injury,Left turn lane,unknown,unknown,SMV other,Unknown,Daylight,01 - Daylight,Municipal (excl. Twp. Rd.),No control,unknown,0,0,0,TRUE,FALSE,TRUE,Clear,,FALSE,Road 1: 50 GATEWAY PARK DR (50 km/h); Road 2: GATEWAY PARK DR; Distance: 6.0 M E; Vehicle #1     Make: HD     Model: FXT     Colour: RED     Style: MS,4/22/2022 2:25:01 PM,549159.1864,4806311.836
51561,21237177,10/3/2021 10:30:00 PM,2021,10,3,22,30,0,Sunday,540238.0689,4810739.509,-80.502704,43.448486,Non intersection,2,Non-reportable,Thru lane,unknown,unknown,SMV other,Unknown,Dark,07 - Dark,Regional municipality,No control,unknown,0,0,0,FALSE,FALSE,FALSE,Rain,,TRUE,Road 1: PARK ST; Road 2: VICTORIA ST S; Vehicle #1     Make: HOND     Model: UCS     Colour: WHI     Style: 4D,4/22/2022 2:24:45 PM,540238.0689,4810739.509
51562,21237598,10/12/2021 3:30:00 PM,2021,10,12,15,30,0,Tuesday,543860.6442,4811362.331,-80.457884,43.45389,At/near private drive,2,P.D. only,Right shoulder,unknown,unknown,SMV other,Unknown,Daylight,01 - Daylight,Regional municipality,No control,unknown,0,0,0,FALSE,FALSE,FALSE,Clear,,FALSE,Road 1: 217 KENWOOD DR (40 km/h); Road 2: LYNDHURST DR; Distance: 17.0 K E; Vehicle #1     Make: PETE     Model:      Colour:      Style:,4/22/2022 2:27:05 PM,543860.6442,4811362.331
51563,21237603,10/12/2021 4:10:00 PM,2021,10,12,16,10,0,Tuesday,536219.3631,4806972.157,-80.552619,43.414769,At intersection,2,Non-reportable,Within intersection,unknown,unknown,Rear end,Unknown,Daylight,01 - Daylight,Municipal (excl. Twp. Rd.),unknown,unknown,0,0,0,FALSE,FALSE,FALSE,Clear,,TRUE,Road 1: 256 HIGHVIEW DR; Road 2: 256 HIGHVIEW DR; Vehicle #1     Make: HYUN     Model: SFT     Colour: GRY     Style: TY; Vehicle #2     Make:      Model:      Colour:      Style:,4/22/2022 2:26:12 PM,536219.3631,4806972.157
51564,21237674,10/12/2021 6:40:00 PM,2021,10,12,18,40,0,Tuesday,541473.8277,4812053.701,-80.487332,43.460252,Non intersection,2,Non-reportable,Thru lane,unknown,unknown,Sideswipe,Unknown,Dusk,05 - Dusk,Municipal (excl. Twp. Rd.),No control,unknown,0,0,0,FALSE,FALSE,FALSE,Clear,,TRUE,Road 1: ST LEGER ST; Road 2: LOUISA ST; Vehicle #1     Make: HOND     Model: FXL     Colour: BLK     Style: 4B; Vehicle #2     Make:      Model:      Colour:      Style:,4/22/2022 2:24:46 PM,541473.8277,4812053.701
51565,21237730,10/12/2021 8:08:00 PM,2021,10,12,20,8,0,Tuesday,539400.62,4806502.195,-80.513359,43.410377,Non intersection,2,P.D. only,Thru lane,unknown,unknown,Approaching,Unknown,Dark,07 - Dark,Municipal (excl. Twp. Rd.),No control,unknown,1,0,0,FALSE,FALSE,FALSE,Clear,,FALSE,Road 1: 161 WILDERNESS DR (40 km/h); Road 2: WILDERNESS DR; Distance: 10.0 K S; Charged Driver #1 on page 1: HTA 130 (NA) (NA); Vehicle #1     Make: LEXS     Model: SC4     Colour: BLK     Style: 2D; Vehicle #2     Make: FORD     Model: EPR     Colour: GR,4/22/2022 2:24:30 PM,539400.62,4806502.195
51566,21238079,10/13/2021 8:12:00 AM,2021,10,13,8,12,0,Wednesday,547237.5509,4808457.608,-80.416399,43.427531,At/near private drive,2,P.D. only,Thru lane,unknown,unknown,SMV unattended vehicle,Unknown,Daylight,01 - Daylight,Municipal (excl. Twp. Rd.),No control,unknown,0,0,0,FALSE,FALSE,FALSE,Clear,,TRUE,Road 1: GRAND RIVER BLVD (IFO 74); Road 2: UNDERHILL CRESCENT; Vehicle #1     Make: DODG     Model: CAR     Colour: GRY     Style: VN; Vehicle #2     Make:      Model:      Colour:      Style:,4/22/2022 2:26:35 PM,547237.5509,4808457.608
51567,21238628,10/13/2021 3:30:00 PM,2021,10,13,15,30,0,Wednesday,543922.2324,4805131.068,-80.457624,43.39778,Intersection related,2,Non-reportable,Thru lane,unknown,unknown,Rear end,Unknown,Daylight,01 - Daylight,Regional municipality,unknown,Functioning,0,0,0,FALSE,FALSE,FALSE,Clear,,TRUE,Road 1: 371 HURON RD; Road 2: 371 HURON RD; Vehicle #1     Make: MAZD     Model: CX5     Colour: GRY     Style: TY; Vehicle #2     Make: HYUN     Model: ESM     Colour: RED     Style: 4D,4/22/2022 2:25:30 PM,543922.2324,4805131.068
51568,21238878,10/11/2021 9:00:00 PM,2021,10,11,21,0,0,Monday,542601.39,4809527.805,-80.473592,43.437445,At/near private drive,2,P.D. only,Thru lane,unknown,unknown,SMV unattended vehicle,Unknown,Dark,07 - Dark,Municipal (excl. Twp. Rd.),No control,unknown,0,0,0,FALSE,FALSE,FALSE,Clear,,TRUE,Road 1: SYDNEY ST S (IFO 171); Vehicle #1     Make:      Model:      Colour:      Style: ; Vehicle #2     Make: CHEV     Model: CEO     Colour: RED     Style: 4D,8/16/2022 3:05:02 PM,542601.39,4809527.805
51569,21238882,10/4/2021 11:15:00 AM,2021,10,4,11,15,0,Monday,541960.0818,4807676.829,-80.481658,43.420815,At/near private drive,2,Non-reportable,Thru lane,unknown,unknown,SMV unattended vehicle,Unknown,Daylight,01 - Daylight,Municipal (excl. Twp. Rd.),No control,unknown,0,0,0,FALSE,FALSE,FALSE,Clear,,TRUE,Road 1: 128 APPALACHIAN CRESCENT (IFO); Vehicle #1     Make: GMC     Model: SIE     Colour: GRN     Style: PK; Vehicle #2     Make:      Model:      Colour:      Style:,4/22/2022 2:26:40 PM,541960.0818,4807676.829
51570,21238898,10/12/2021 9:30:00 AM,2021,10,12,9,30,0,Tuesday,546690.5691,4809914.127,-80.423032,43.44068,Non intersection,2,Non-reportable,Thru lane,unknown,unknown,SMV unattended vehicle,Unknown,Daylight,01 - Daylight,Municipal (excl. Twp. Rd.),No control,unknown,0,0,0,FALSE,FALSE,FALSE,Clear,,TRUE,Road 1: 293 BRIARMEADOW DR (IFO); Vehicle #1     Make: LEXU     Model: RX35     Colour: WHI     Style: MUL; Vehicle #2     Make: VOLK     Model: PSP     Colour: GRN     Style: 4D,4/22/2022 2:24:48 PM,546690.5691,4809914.127
51571,21238915,10/14/2021 9:25:00 AM,2021,10,14,9,25,0,Thursday,542238.2373,4809662.184,-80.478068,43.438676,At intersection,2,P.D. only,Within intersection,unknown,unknown,Sideswipe,Unknown,Daylight,01 - Daylight,Municipal (excl. Twp. Rd.),unknown,unknown,0,0,0,FALSE,FALSE,FALSE,Clear,,TRUE,Road 1: BORDEN AVE S; Road 2: BEDFORD RD; Vehicle #1     Make: FORD     Model: COF     Colour: WHI     Style: PK; Vehicle #2     Make: HYUN     Model: ASE     Colour: WHI     Style: 4B,4/22/2022 2:26:11 PM,542238.2373,4809662.184
51572,21239207,10/14/2021 2:56:00 PM,2021,10,14,14,56,0,Thursday,547682.9222,4810886.633,-80.410685,43.449374,Non intersection,1,Non-fatal injury,Thru lane,unknown,unknown,SMV other,Unknown,Daylight,01 - Daylight,Regional municipality,No control,unknown,1,0,0,TRUE,FALSE,FALSE,Clear,,FALSE,Road 1: PEBBLECREEK DR (40 km/h); Road 2: APPLEROCK CRT; Distance: 45.0 K S; Vehicle #1     Make: FORD     Model: COF     Colour: BLK     Style: PK,4/22/2022 2:25:21 PM,547682.9222,4810886.633
51573,21239855,10/15/2021 11:03:00 AM,2021,10,15,11,3,0,Friday,542398.4985,4811081.228,-80.475978,43.451444,At intersection,2,P.D. only,Within intersection,unknown,unknown,Angle,Unknown,Daylight,01 - Daylight,Regional municipality,unknown,Functioning,0,0,0,FALSE,FALSE,FALSE,Rain,,FALSE,Road 1: KRUG ST (40 km/h); Road 2: SIMEON ST (50 km/h); Charged Driver #1 on page 1: HTA 136 (NA) (NA); Vehicle #1     Make: HOND     Model: CTU     Colour: RED     Style: 4D; Vehicle #2     Make: DODG     Model: CAR     Colour: BLK     Style: VN,4/22/2022 2:26:18 PM,542398.4985,4811081.228
51574,21240009,10/15/2021 2:15:00 PM,2021,10,15,14,15,0,Friday,541224.0131,4811868.91,-80.490434,43.458602,Intersection related,2,P.D. only,Within intersection,unknown,unknown,Rear end,Unknown,Daylight,01 - Daylight,Regional municipality,unknown,Functioning,0,0,0,FALSE,FALSE,FALSE,Rain,,TRUE,Road 1: MARGARET AVE; Road 2: WELLINGTON ST N; Vehicle #1     Make: CHRY     Model: 2LX     Colour: GRY     Style: 4D; Vehicle #2     Make: NISS     Model: ROG     Colour: BLK     Style: TY,4/22/2022 2:25:39 PM,541224.0131,4811868.911