OBJECTID,ACCIDENTNUM,ACCIDENTDATE,ACCIDENT_YEAR,ACCIDENT_MONTH,ACCIDENT_DAY,ACCIDENT_HOUR,ACCIDENT_MINUTE,ACCIDENT_SECOND,ACCIDENT_WEEKDAY,XCOORD,YCOORD,LONGITUDE,LATITUDE,ACCIDENTLOCATION,COLLISIONTYPE,CLASSIFICATIONOFACCIDENT,IMPACTLOCATION,INITIALDIRECTIONOFTRAVELONE,INITIALDIRECTIONOFTRAVELTWO,INITIALIMPACTTYPE,INTTRAFFICCONTROL,LIGHT,LIGHTFORREPORT,ROADJURISDICTION,TRAFFICCONTROL,TRAFFICCONTROLCONDITION,THRULANENO,NORTHBOUNDDISOBEYCOUNT,SOUTHBOUNDDISOBEYCOUNT,PEDESTRIANINVOLVED,CYCLISTINVOLVED,MOTORCYCLISTINVOLVED,ENVIRONMENTCONDITION1,ENVIRONMENTCONDITION2,SELFREPORTED,XMLIMPORTNOTES,LASTEDITEDDATE,x,y
51575,21240052,10/15/2021 3:05:00 PM,2021,10,15,15,5,0,Friday,542357.229,4809327.436,-80.476624,43.435655,Non intersection,2,Non-reportable,Thru lane,unknown,unknown,Other,Unknown,Daylight,01 - Daylight,Municipal (excl. Twp. Rd.),No control,unknown,0,0,0,FALSE,FALSE,FALSE,Clear,,TRUE,Road 1: 36 LILAC ST (IFO); Vehicle #1     Make: KIA     Model: 5SX     Colour: SIL     Style: 4B; Vehicle #2     Make:      Model:      Colour:      Style:,4/22/2022 2:24:47 PM,542357.229,4809327.436
51576,21240093,10/15/2021 4:10:00 PM,2021,10,15,16,10,0,Friday,544806.3672,4805155.775,-80.446705,43.397951,Intersection related,2,Non-reportable,Within intersection,unknown,unknown,Sideswipe,Unknown,Daylight,01 - Daylight,unknown,unknown,unknown,0,0,0,FALSE,FALSE,FALSE,Rain,,TRUE,Road 1: DOON VILLAGE RD PIONEER PARK KITCHENER; Road 2: MILLWOOD CRESCENT; Vehicle #1     Make:      Model:      Colour:      Style: ; Vehicle #2     Make: TOYT     Model: UCS     Colour: GRY     Style: 4D,4/22/2022 2:25:36 PM,544806.3672,4805155.775
51577,21240512,10/16/2021 1:20:00 AM,2021,10,16,1,20,0,Saturday,540179.1364,4809406.13,-80.50353,43.436483,Non intersection,2,P.D. only,Not on roadway - left side,unknown,unknown,SMV other,Unknown,"Dark, artificial","08 - Dark, artificial",Regional municipality,No control,unknown,0,0,0,FALSE,FALSE,FALSE,Rain,,FALSE,Road 1: BELMONT AVE W (50 km/h); Road 2: QUEENS BLVD; Distance: 10.0 K S; Charged Driver #1 on page 1: HTA 199 (NA) (NA); Vehicle #1     Make: CHEV     Model: Z28     Colour: WHI     Style: 2D,4/22/2022 2:25:23 PM,540179.1364,4809406.13
51578,21241067,10/16/2021 6:53:00 PM,2021,10,16,18,53,0,Saturday,544144.8589,4805187.539,-80.454871,43.398276,Non intersection,2,P.D. only,Right turn lane,unknown,unknown,Sideswipe,Unknown,Dark,07 - Dark,Municipal (excl. Twp. Rd.),No control,unknown,0,0,0,FALSE,FALSE,FALSE,Clear,,FALSE,Road 1: HURON RD (60 km/h); Road 2: TRILLIUM DR; Distance: 300.0 M E; Vehicle #1     Make: TOYT     Model: CBS     Colour: BRN     Style: 4D; Vehicle #2     Make: MITS     Model: OUT     Colour: BRN     Style: TY,4/22/2022 2:25:11 PM,544144.8589,4805187.539
51579,21241510,10/17/2021 10:05:00 AM,2021,10,17,10,5,0,Sunday,538267.9742,4806449.46,-80.527352,43.409961,Non intersection,2,Non-reportable,Thru lane,unknown,unknown,Sideswipe,Unknown,Daylight,01 - Daylight,Municipal (excl. Twp. Rd.),No control,unknown,0,0,0,FALSE,FALSE,FALSE,Clear,,TRUE,Road 1: 22 PROSPERITY DR; Vehicle #1     Make: MAZD     Model: CX5     Colour: WHI     Style: TY; Vehicle #2     Make:      Model:      Colour:      Style:,4/22/2022 2:24:42 PM,538267.9742,4806449.46
51580,21241704,10/16/2021 10:43:00 AM,2021,10,16,10,43,0,Saturday,540696.6751,4808012.265,-80.49724,43.423905,At/near private drive,2,P.D. only,Right shoulder,unknown,unknown,SMV unattended vehicle,Unknown,Daylight,01 - Daylight,Regional municipality,No control,unknown,0,0,0,FALSE,FALSE,FALSE,Clear,,FALSE,Road 1: 155 CHANDLER DR (50 km/h); Road 2: CHANDLER DR; Distance: 5.0 M W; Vehicle #1     Make:      Model:      Colour:      Style: ; Vehicle #2     Make: DODG     Model: CVR     Colour: GRY     Style: VN,4/22/2022 2:27:06 PM,540696.6751,4808012.265
51581,21242162,10/18/2021 7:54:00 AM,2021,10,18,7,54,0,Monday,539653.3254,4811335.591,-80.509887,43.453884,At/near private drive,2,P.D. only,Thru lane,unknown,unknown,Other,Unknown,Daylight,01 - Daylight,Municipal (excl. Twp. Rd.),No control,unknown,1,0,0,FALSE,FALSE,FALSE,Clear,,FALSE,Road 1: PARK ST (50 km/h); Road 2: STRANGE ST; Distance: 2.0 K S; Charged Driver #1 on page 1: NA NA (NA) (NA); Vehicle #1     Make: HOND     Model: CCL     Colour: GRY     Style: 4D; Vehicle #2     Make: MAZD     Model: 3TR     Colour: GRY     Style: 4D;,4/22/2022 2:26:42 PM,539653.3254,4811335.591
51582,21242209,10/14/2021 3:00:00 AM,2021,10,14,3,0,0,Thursday,537330.3024,4808668.33,-80.538781,43.429988,Non intersection,2,Non-reportable,Thru lane,unknown,unknown,SMV unattended vehicle,Unknown,Dark,07 - Dark,Municipal (excl. Twp. Rd.),No control,unknown,0,0,0,FALSE,FALSE,FALSE,Clear,,TRUE,Road 1: 314 HIDDEN CREEK DR (IFO); Vehicle #1     Make:      Model:      Colour:      Style: ; Vehicle #2     Make: NISS     Model: PFI     Colour: BLU     Style: TY,4/22/2022 2:24:25 PM,537330.3024,4808668.331
51583,21243025,10/19/2021 8:00:00 AM,2021,10,19,8,0,0,Tuesday,538071.6879,4807548.732,-80.5297,43.419869,Intersection related,2,P.D. only,Within intersection,unknown,unknown,Sideswipe,Unknown,Daylight,01 - Daylight,Regional municipality,unknown,Functioning,0,0,0,FALSE,FALSE,FALSE,Clear,,TRUE,Road 1: WESTHEIGHTS DR; Road 2: MCGARRY DR; Vehicle #1     Make: HOND     Model: FKG     Colour: WHI     Style: 4B; Vehicle #2     Make: DODG     Model: CAR     Colour: SIL     Style: VN,4/22/2022 2:25:40 PM,538071.6879,4807548.732
51584,21243428,10/19/2021 4:47:00 PM,2021,10,19,16,47,0,Tuesday,542108.3411,4807131.479,-80.479869,43.415896,At intersection,2,P.D. only,Within intersection,unknown,unknown,Turning movement,Unknown,Daylight,01 - Daylight,Municipal (excl. Twp. Rd.),unknown,Functioning,0,0,1,FALSE,FALSE,FALSE,Clear,,FALSE,Road 1: BLOCK LINE RD (50 km/h); Road 2: STRASBURG RD (50 km/h); Charged Driver #1 on page 1: HTA 144 (NA) (NA); Vehicle #1     Make: HYUN     Model: K6G     Colour: BLK     Style: TY; Vehicle #2     Make: FORD     Model: SPE     Colour: BLK     Style: TY,4/22/2022 2:26:15 PM,542108.3411,4807131.479
51585,21243820,10/20/2021 6:30:00 AM,2021,10,20,6,30,0,Wednesday,539301.7083,4802878.398,-80.514841,43.377753,Non intersection,2,Non-reportable,Thru lane,unknown,unknown,SMV other,Unknown,Dawn,03 - Dawn,Regional municipality,No control,unknown,0,0,0,FALSE,FALSE,FALSE,Clear,,TRUE,Road 1: HURON RD; Road 2: TRUSSLER RD; Vehicle #1     Make: NISS     Model: VNS     Colour: SIL     Style: 4B,4/22/2022 2:25:31 PM,539301.7083,4802878.398
51586,21244046,10/5/2021 11:10:00 AM,2021,10,5,11,10,0,Tuesday,539079.0476,4811110.756,-80.517001,43.45189,Intersection related,2,Non-reportable,Thru lane,unknown,unknown,Sideswipe,Unknown,Daylight,01 - Daylight,Municipal (excl. Twp. Rd.),unknown,Functioning,0,0,0,FALSE,FALSE,FALSE,Clear,,TRUE,Road 1: BELMONT AVE W; Road 2: GLASGOW ST; Vehicle #1     Make: TOYT     Model: HIG     Colour: GRY     Style: TY; Vehicle #2     Make:      Model:      Colour:      Style:,8/16/2022 2:57:53 PM,539079.0476,4811110.756
51587,21244699,10/21/2021 7:00:00 AM,2021,10,21,7,0,0,Thursday,544622.1987,4808638.019,-80.448695,43.429316,At intersection,1,Non-fatal injury,Within intersection,unknown,unknown,Angle,Unknown,Dawn,03 - Dawn,Municipal (excl. Twp. Rd.),unknown,Functioning,0,0,0,FALSE,FALSE,FALSE,Clear,,FALSE,Road 1: NINTH AVE (50 km/h); Road 2: CONNAUGHT ST (50 km/h); Charged Driver #1 on page 1: HTA 130 (NA) (NA); Vehicle #1     Make: HYUN     Model: SAN     Colour: WHI     Style: TY; Vehicle #2     Make: CHEV     Model: EQU     Colour: BLK     Style: TY,4/22/2022 2:26:22 PM,544622.1987,4808638.019
51588,21245663,10/2/2021 10:00:00 AM,2021,10,2,10,0,0,Saturday,538784.1651,4807509.349,-80.520901,43.419478,At/near private drive,2,P.D. only,Thru lane,unknown,unknown,SMV unattended vehicle,Unknown,Daylight,01 - Daylight,Municipal (excl. Twp. Rd.),No control,unknown,0,0,0,FALSE,FALSE,FALSE,Clear,,TRUE,Road 1: 79 PINEHURST CRESCENT (IN FRONT OF); Vehicle #1     Make: VOLV     Model: VHD     Colour: RED     Style: CT; Vehicle #2     Make: CHEV     Model: CZT     Colour: BLU     Style: 4D,8/16/2022 3:03:09 PM,538784.1651,4807509.349
51589,21245837,10/22/2021 2:42:00 PM,2021,10,22,14,42,0,Friday,541274.9057,4811759.59,-80.489813,43.457614,At intersection,1,Non-fatal injury,Within intersection,unknown,unknown,Angle,Unknown,Daylight,01 - Daylight,Municipal (excl. Twp. Rd.),unknown,Functioning,0,0,0,FALSE,FALSE,FALSE,Clear,,FALSE,Road 1: BREITHAUPT ST (50 km/h); Road 2: MARGARET AVE (50 km/h); Charged Driver #1 on page 1: HTA 136 (NA) (NA); Vehicle #1     Make: MAZD     Model: 3TR     Colour: RED     Style: 4B; Vehicle #2     Make: MAZD     Model: M3S     Colour: WHI     Style: 4D,4/22/2022 2:26:09 PM,541274.9057,4811759.59
51590,21245883,10/22/2021 3:20:00 PM,2021,10,22,15,20,0,Friday,542006.2096,4813398.014,-80.480648,43.472326,At/near private drive,2,P.D. only,Thru lane,unknown,unknown,SMV unattended vehicle,Unknown,Daylight,01 - Daylight,Municipal (excl. Twp. Rd.),No control,unknown,0,0,0,FALSE,FALSE,FALSE,Clear,,TRUE,Road 1: 1214 UNION ST; Vehicle #1     Make: VOLV     Model: ST5     Colour: RED     Style: 4D; Vehicle #2     Make: CHEV     Model: CAL     Colour: WHI     Style: PK; Vehicle #3     Make: FORD     Model: SPE     Colour: WHI     Style: TY,4/22/2022 2:27:08 PM,542006.2096,4813398.014
51591,21246521,10/23/2021 11:38:00 AM,2021,10,23,11,38,0,Saturday,542521.7988,4814502.35,-80.474187,43.48224,Non intersection,2,P.D. only,Thru lane,unknown,unknown,Turning movement,Unknown,Daylight,01 - Daylight,Municipal (excl. Twp. Rd.),No control,unknown,1,0,0,FALSE,FALSE,FALSE,Clear,,FALSE,Road 1: BLOOMINGDALE RD N (50 km/h); Road 2: 66 BLOOMINGDALE RD N; Distance: 20.0 M E; Vehicle #1     Make: FORD     Model: COF     Colour: BLK     Style: PK; Vehicle #2     Make: VOLK     Model: GTA     Colour: WHI     Style: 4B,8/16/2022 2:54:45 PM,542521.7988,4814502.35
51592,21246805,10/23/2021 6:37:00 PM,2021,10,23,18,37,0,Saturday,539785.4211,4809135.155,-80.508415,43.434064,At intersection,2,P.D. only,Thru lane,unknown,unknown,Angle,Unknown,Dark,07 - Dark,Regional municipality,unknown,Functioning,1,0,0,FALSE,FALSE,FALSE,Clear,,FALSE,Road 1: QUEENS BLVD (60 km/h); Road 2: HAHN PL (40 km/h); Vehicle #1     Make: HYUN     Model: ALS     Colour: BLK     Style: 4D; Vehicle #2     Make: TOYT     Model: SIE     Colour: GRY     Style: VN,4/22/2022 2:26:09 PM,539785.4211,4809135.155
51593,21247437,10/24/2021 2:25:00 PM,2021,10,24,14,25,0,Sunday,543884.3903,4809998.448,-80.457701,43.441609,Non intersection,2,P.D. only,Right shoulder,unknown,unknown,SMV unattended vehicle,Unknown,Daylight,01 - Daylight,Municipal (excl. Twp. Rd.),No control,unknown,0,0,0,FALSE,FALSE,FALSE,Clear,,FALSE,Road 1: MONTGOMERY RD (50 km/h); Road 2: 178 MONTGOMERY RD; Distance: 10.0 M E; Charged Driver #1 on page 1: HTA 340 (94) (NA); Vehicle #1     Make: HYUN     Model: EGM     Colour: RED     Style: 4D; Vehicle #2     Make: NISS     Model: KIC     Colour: BL,4/22/2022 2:25:29 PM,543884.3903,4809998.448
51594,21248231,10/25/2021 1:54:00 PM,2021,10,25,13,54,0,Monday,539079.5311,4811110.28,-80.516995,43.451886,Intersection related,2,P.D. only,Thru lane,unknown,unknown,Rear end,Unknown,Daylight,01 - Daylight,Municipal (excl. Twp. Rd.),unknown,Functioning,0,0,0,FALSE,FALSE,FALSE,Rain,,TRUE,Road 1: GLASGOW ST; Road 2: BELMONT AVE W; Vehicle #1     Make: NISS     Model: SML     Colour: BLK     Style: 4D; Vehicle #2     Make: CHEV     Model: EXP     Colour: YEL     Style: BU,4/22/2022 2:25:37 PM,539079.5311,4811110.28
51595,21248923,10/22/2021 9:30:00 AM,2021,10,22,9,30,0,Friday,541718.8951,4803767.277,-80.484936,43.385626,At/near private drive,2,Non-reportable,Thru lane,unknown,unknown,SMV unattended vehicle,Unknown,Daylight,01 - Daylight,Municipal (excl. Twp. Rd.),No control,unknown,0,0,0,FALSE,FALSE,FALSE,Clear,,TRUE,Road 1: SIENNA CRESCENT (IFO 450); Vehicle #1     Make:      Model:      Colour:      Style: ; Vehicle #2     Make: HYUN     Model: SAN     Colour: WHI     Style: TY,8/16/2022 3:04:06 PM,541718.8951,4803767.277
51596,21249036,10/18/2021 6:45:00 PM,2021,10,18,18,45,0,Monday,545034.7147,4807870.154,-80.443662,43.422377,Intersection related,2,P.D. only,Within intersection,unknown,unknown,Angle,Unknown,Dusk,05 - Dusk,Municipal (excl. Twp. Rd.),unknown,Functioning,0,0,0,FALSE,FALSE,FALSE,Clear,,TRUE,Road 1: WILSON AVE; Road 2: KINGSWAY DR; Vehicle #1     Make: HOND     Model: CIV     Colour: BLU     Style: 4D; Vehicle #2     Make: PTRB     Model: 389     Colour: GRY     Style: CT,4/22/2022 2:25:41 PM,545034.7146,4807870.154
51597,21249601,10/26/2021 7:30:00 PM,2021,10,26,19,30,0,Tuesday,544919.568,4810406.089,-80.444875,43.445218,At/near private drive,2,P.D. only,Thru lane,unknown,unknown,SMV unattended vehicle,Unknown,Dark,07 - Dark,Municipal (excl. Twp. Rd.),No control,unknown,0,0,0,FALSE,FALSE,FALSE,Clear,,TRUE,Road 1: 70 BRADLEY DR; Vehicle #1     Make:      Model:      Colour:      Style: ; Vehicle #2     Make: FORD     Model: FSE     Colour: RED     Style: 4B,4/22/2022 2:27:09 PM,544919.568,4810406.089
51598,21249730,10/26/2021 2:45:00 PM,2021,10,26,14,45,0,Tuesday,539079.0476,4811110.756,-80.517001,43.45189,Intersection related,2,P.D. only,Thru lane,unknown,unknown,Sideswipe,Unknown,Daylight,01 - Daylight,Municipal (excl. Twp. Rd.),unknown,Functioning,0,0,0,FALSE,FALSE,FALSE,Clear,,TRUE,Road 1: BELMONT AVE W; Road 2: GLASGOW ST; Vehicle #1     Make: HOND     Model: UCL     Colour: SIL     Style: 4D; Vehicle #2     Make: HYUN     Model: AGG     Colour: GRY     Style: 4B,8/16/2022 2:57:47 PM,539079.0476,4811110.756
51599,21249734,10/5/2021 1:00:00 AM,2021,10,5,1,0,0,Tuesday,536009.6501,4809175.471,-80.555064,43.434619,At/near private drive,2,P.D. only,Thru lane,unknown,unknown,SMV unattended vehicle,Unknown,Dark,07 - Dark,Municipal (excl. Twp. Rd.),No control,unknown,0,0,0,FALSE,FALSE,FALSE,Clear,,TRUE,Road 1: SASSAFRAS ST (IFO 27); Road 2: COUNTRYSTONE CRESCENT; Vehicle #1     Make:      Model:      Colour:      Style: ; Vehicle #2     Make: HOND     Model: AXL     Colour: BLK     Style: 4D,1/3/2023 10:22:18 AM,536009.6501,4809175.471
51600,21249772,10/27/2021 12:10:00 PM,2021,10,27,12,10,0,Wednesday,546581.0322,4810829.19,-80.424308,43.448926,Intersection related,2,P.D. only,Thru lane,unknown,unknown,Sideswipe,Unknown,Daylight,01 - Daylight,Municipal (excl. Twp. Rd.),unknown,unknown,1,0,0,FALSE,FALSE,FALSE,Clear,,FALSE,Road 1: MICHENER CRT (40 km/h); Road 2: 103 MICHENER CRES; Distance: 3.0 M W; Charged Driver #1 on page 1: HTA 130 (NA) (NA); Vehicle #1     Make: HOND     Model: UCD     Colour: SIL     Style: 4D; Vehicle #2     Make: HYUN     Model: K2G     Colour: GRY ,4/22/2022 2:25:52 PM,546581.0322,4810829.191
51601,21250059,10/27/2021 5:20:00 PM,2021,10,27,17,20,0,Wednesday,540682.4991,4811615.762,-80.497146,43.456352,Intersection related,2,P.D. only,Within intersection,unknown,unknown,Sideswipe,Unknown,Daylight,01 - Daylight,Regional municipality,unknown,Functioning,0,0,0,FALSE,FALSE,FALSE,Clear,,TRUE,Road 1: WELLINGTON ST N; Road 2: DUKE ST W; Vehicle #1     Make: BUIC     Model: VER     Colour: RED     Style: 4D; Vehicle #2     Make: HOND     Model: UDY     Colour: BLK     Style: TY,8/16/2022 2:56:52 PM,540682.4991,4811615.762
51602,21250525,10/28/2021 9:00:00 AM,2021,10,28,9,0,0,Thursday,539063.3571,4809753.422,-80.517292,43.439669,Non intersection,2,P.D. only,Thru lane,unknown,unknown,Sideswipe,Unknown,Daylight,01 - Daylight,Municipal (excl. Twp. Rd.),No control,unknown,0,0,0,FALSE,FALSE,FALSE,Clear,,TRUE,Road 1: 40 PAULANDER DR (IFO); Vehicle #1     Make:      Model:      Colour:      Style: ; Vehicle #2     Make: CHEV     Model: CZT     Colour: BLK     Style: 4D,8/16/2022 3:03:04 PM,539063.3571,4809753.423
51603,21251196,10/29/2021 1:00:00 AM,2021,10,29,1,0,0,Friday,543988.235,4807778.578,-80.456596,43.421615,At intersection,2,P.D. only,Within intersection,unknown,unknown,Angle,Unknown,Dark,07 - Dark,Regional municipality,unknown,Functioning,0,0,0,FALSE,FALSE,FALSE,Clear,,FALSE,Road 1: VANIER DR (40 km/h); Road 2: SIEBERT AVE (40 km/h); Vehicle #1     Make: HOND     Model: CIVI     Colour:      Style: ; Vehicle #2     Make: HYUN     Model: ESM     Colour: BLU     Style: 4D,4/22/2022 2:26:17 PM,543988.235,4807778.578
51604,21251275,10/29/2021 6:39:00 AM,2021,10,29,6,39,0,Friday,546757.1279,4804073.358,-80.422709,43.388085,Non intersection,2,P.D. only,Thru lane,unknown,unknown,SMV other,Unknown,"Dark, artificial","08 - Dark, artificial",Municipal (excl. Twp. Rd.),No control,unknown,1,0,0,FALSE,FALSE,FALSE,Clear,,FALSE,Road 1: DOON S DR (70 km/h); Road 2: HOMER WATSON BLVD; Distance: 200.0 M S; Vehicle #1     Make: HYUN     Model: ESM     Colour: BLK     Style: 4D,4/22/2022 2:24:39 PM,546757.1279,4804073.358
51605,21251437,10/15/2021 8:30:00 AM,2021,10,15,8,30,0,Friday,537275.3873,4808898.489,-80.539444,43.432063,Non intersection,2,Non-reportable,Thru lane,unknown,unknown,SMV unattended vehicle,Unknown,Daylight,01 - Daylight,Municipal (excl. Twp. Rd.),No control,unknown,0,0,0,FALSE,FALSE,FALSE,Rain,,TRUE,Road 1: 74 WILDLARK CRESCENT (IFO); Vehicle #1     Make:      Model:      Colour:      Style: ; Vehicle #2     Make: AUDI     Model: 5QC     Colour: BLK     Style: 2D,4/22/2022 2:25:29 PM,537275.3873,4808898.489
51606,21251528,10/25/2021 7:00:00 AM,2021,10,25,7,0,0,Monday,538666.0417,4810352.342,-80.522159,43.445083,Non intersection,2,Non-reportable,Thru lane,unknown,unknown,SMV other,Unknown,Dark,07 - Dark,Regional municipality,No control,unknown,0,0,0,FALSE,FALSE,FALSE,Rain,,TRUE,Road 1: GAGE AVE; Road 2: WESTMOUNT RD; Vehicle #1     Make: FORD     Model: VAN     Colour: RED     Style: FV,8/16/2022 2:57:35 PM,538666.0417,4810352.342
51607,21251629,10/12/2021 11:53:00 AM,2021,10,12,11,53,0,Tuesday,540561.9468,4809307.933,-80.498808,43.435579,At/near private drive,2,P.D. only,Thru lane,unknown,unknown,SMV unattended vehicle,Unknown,Daylight,01 - Daylight,Municipal (excl. Twp. Rd.),No control,unknown,0,0,0,FALSE,FALSE,FALSE,Clear,,TRUE,Road 1: 39 PERTH RD (IFO 39); Vehicle #1     Make:      Model:      Colour:      Style: ; Vehicle #2     Make: NISS     Model: MUR     Colour: ONG     Style: TY,4/22/2022 2:26:33 PM,540561.9468,4809307.933
51608,21251753,10/29/2021 4:45:00 PM,2021,10,29,16,45,0,Friday,539112.0938,4811656.171,-80.516554,43.456799,Intersection related,2,Non-reportable,Within intersection,unknown,unknown,Rear end,Unknown,Daylight,01 - Daylight,Municipal (excl. Twp. Rd.),unknown,Functioning,0,0,0,FALSE,FALSE,FALSE,Rain,,TRUE,Road 1: PARK ST; Road 2: UNION BLVD; Vehicle #1     Make: HYUN     Model: SAN     Colour: BLK     Style: TY; Vehicle #2     Make:      Model:      Colour:      Style:,8/16/2022 3:05:15 PM,539112.0938,4811656.171
51609,21252220,10/30/2021 6:20:00 AM,2021,10,30,6,20,0,Saturday,540486.7313,4809736.784,-80.499705,43.439444,Intersection related,2,Non-reportable,Within intersection,unknown,unknown,Angle,Unknown,Dark,07 - Dark,Regional municipality,unknown,Functioning,0,0,0,FALSE,FALSE,FALSE,Rain,,TRUE,Road 1: QUEEN'S BLVD; Road 2: SPADINA RD E; Vehicle #1     Make:      Model:      Colour:      Style: ; Vehicle #2     Make: TOYT     Model: CBA     Colour: GRY     Style: 4D,8/16/2022 3:04:15 PM,540486.7313,4809736.784
51610,21254818,10/30/2021 9:30:00 AM,2021,10,30,9,30,0,Saturday,542577.6108,4811377.801,-80.473741,43.454104,At/near private drive,2,Non-reportable,Thru lane,unknown,unknown,SMV unattended vehicle,Unknown,Daylight,01 - Daylight,Municipal (excl. Twp. Rd.),No control,unknown,0,0,0,FALSE,FALSE,FALSE,Clear,,TRUE,Road 1: EAST AVE (IFO 125); Vehicle #1     Make:      Model:      Colour:      Style: ; Vehicle #2     Make: GMC     Model: SIE     Colour: RED     Style: PK,8/16/2022 2:56:57 PM,542577.6108,4811377.801
51611,21254858,10/14/2021 8:20:00 AM,2021,10,14,8,20,0,Thursday,542920.4205,4811746.575,-80.469475,43.457405,Non intersection,2,Non-reportable,Thru lane,unknown,unknown,SMV unattended vehicle,Unknown,Daylight,01 - Daylight,Municipal (excl. Twp. Rd.),No control,unknown,0,0,0,FALSE,FALSE,FALSE,Clear,,TRUE,Road 1: 9 FIFE AVE (IFO); Vehicle #1     Make:      Model:      Colour:      Style: ; Vehicle #2     Make: MITS     Model: MES     Colour: BLK     Style: 4B,4/22/2022 2:24:32 PM,542920.4205,4811746.575
51612,21255038,11/2/2021 12:30:00 PM,2021,11,2,12,30,0,Tuesday,538610.603,4805669.167,-80.523175,43.402918,Non intersection,2,P.D. only,Thru lane,unknown,unknown,SMV unattended vehicle,Unknown,Daylight,01 - Daylight,Municipal (excl. Twp. Rd.),No control,unknown,0,0,0,FALSE,FALSE,FALSE,Clear,,TRUE,Road 1: 26 ISAIAH DR (IFO); Road 2: GRAVEL RIDGE TRAIL; Vehicle #1     Make: FORD     Model: COF     Colour: BLK     Style: PK; Vehicle #2     Make:      Model:      Colour:      Style:,8/16/2022 2:58:30 PM,538610.603,4805669.167
51613,21255684,11/2/2021 4:00:00 PM,2021,11,2,16,0,0,Tuesday,539894.5544,4807656.616,-80.507175,43.420746,At/near private drive,2,P.D. only,Thru lane,unknown,unknown,SMV unattended vehicle,Unknown,Daylight,01 - Daylight,Municipal (excl. Twp. Rd.),No control,unknown,0,0,0,FALSE,FALSE,FALSE,Clear,,TRUE,Road 1: WINDALE CRESCENT (IFO 150); Road 2: HOWE DR; Vehicle #1     Make:      Model:      Colour:      Style: ; Vehicle #2     Make: TOYT     Model: RV4     Colour: BLK     Style: TY,1/3/2023 10:22:33 AM,539894.5544,4807656.616
51614,21255904,11/3/2021 1:23:00 PM,2021,11,3,13,23,0,Wednesday,545335.9772,4808223.384,-80.439911,43.42554,Non intersection,2,P.D. only,Right shoulder,unknown,unknown,SMV other,Unknown,Daylight,01 - Daylight,Municipal (excl. Twp. Rd.),No control,unknown,0,0,0,FALSE,FALSE,FALSE,Clear,,FALSE,Road 1: 2960 KINGSWAY DR (50 km/h); Road 2: KINGSWAY DR; Distance: 5.0 M S; Charged Driver #1 on page 1: HTA 130 (NA) (NA); Vehicle #1     Make: CHEV     Model: EQU     Colour: GRY     Style: TY,8/16/2022 3:01:11 PM,545335.9772,4808223.384
51615,21256579,11/2/2021 2:00:00 PM,2021,11,2,14,0,0,Tuesday,543563.8728,4812259.945,-80.461481,43.46199,Intersection related,2,P.D. only,Left turn lane,unknown,unknown,Rear end,Unknown,Daylight,01 - Daylight,Regional municipality,unknown,Functioning,0,0,0,FALSE,FALSE,FALSE,Clear,,TRUE,Road 1: FREDERICK ST; Road 2: RIVER RD E; Vehicle #1     Make: FORD     Model: SRW     Colour: WHI     Style: PK; Vehicle #2     Make: HOND     Model: FIT     Colour: BLK     Style: 4B,4/22/2022 2:25:54 PM,543563.8728,4812259.945
51616,21256637,10/29/2021 2:00:00 AM,2021,10,29,2,0,0,Friday,546922.5746,4809771.819,-80.420178,43.439384,Non intersection,2,P.D. only,Thru lane,unknown,unknown,SMV unattended vehicle,Unknown,Dark,07 - Dark,Municipal (excl. Twp. Rd.),No control,unknown,0,0,0,FALSE,FALSE,FALSE,Rain,,TRUE,Road 1: BEAUMONT CRES; Road 2: SIMS ESTATE DR; Vehicle #1     Make: CHEV     Model: EQU     Colour: BRN     Style: TY; Vehicle #2     Make: MAZD     Model: DMG     Colour: GRY     Style: 4W,1/3/2023 10:13:35 AM,546922.5746,4809771.819
51617,21256762,9/28/2021 2:00:00 PM,2021,9,28,14,0,0,Tuesday,544042.6447,4808185.426,-80.455891,43.425275,At/near private drive,2,P.D. only,Thru lane,unknown,unknown,SMV unattended vehicle,Unknown,Daylight,01 - Daylight,Municipal (excl. Twp. Rd.),No control,unknown,0,0,0,FALSE,FALSE,FALSE,Clear,,TRUE,Road 1: HARBOUR AVE (IFO 82); Vehicle #1     Make: CHEV     Model: CZT     Colour: BLU     Style: 4D; Vehicle #2     Make: NISS     Model: ATS     Colour: BLK     Style: 4D,4/22/2022 2:26:41 PM,544042.6447,4808185.426
51618,21256766,10/22/2021 8:30:00 AM,2021,10,22,8,30,0,Friday,545152.8571,4807533.893,-80.44223,43.419342,Non intersection,2,P.D. only,Thru lane,unknown,unknown,SMV other,Unknown,Daylight,01 - Daylight,Regional municipality,No control,unknown,0,0,0,FALSE,FALSE,FALSE,Clear,,TRUE,Road 1: WILSON AVE; Road 2: FAIRWAY RD; Vehicle #1     Make: BMW     Model: 28X     Colour: BLK     Style: 4D,8/16/2022 3:06:44 PM,545152.8571,4807533.893