OBJECTID,ACCIDENTNUM,ACCIDENTDATE,ACCIDENT_YEAR,ACCIDENT_MONTH,ACCIDENT_DAY,ACCIDENT_HOUR,ACCIDENT_MINUTE,ACCIDENT_SECOND,ACCIDENT_WEEKDAY,XCOORD,YCOORD,LONGITUDE,LATITUDE,ACCIDENTLOCATION,COLLISIONTYPE,CLASSIFICATIONOFACCIDENT,IMPACTLOCATION,INITIALDIRECTIONOFTRAVELONE,INITIALDIRECTIONOFTRAVELTWO,INITIALIMPACTTYPE,INTTRAFFICCONTROL,LIGHT,LIGHTFORREPORT,ROADJURISDICTION,TRAFFICCONTROL,TRAFFICCONTROLCONDITION,THRULANENO,NORTHBOUNDDISOBEYCOUNT,SOUTHBOUNDDISOBEYCOUNT,PEDESTRIANINVOLVED,CYCLISTINVOLVED,MOTORCYCLISTINVOLVED,ENVIRONMENTCONDITION1,ENVIRONMENTCONDITION2,SELFREPORTED,XMLIMPORTNOTES,LASTEDITEDDATE,x,y
51619,21256795,10/28/2021 2:30:00 PM,2021,10,28,14,30,0,Thursday,545487.1324,4803471.288,-80.438439,43.382742,Non intersection,2,P.D. only,Thru lane,unknown,unknown,SMV unattended vehicle,Unknown,Daylight,01 - Daylight,Municipal (excl. Twp. Rd.),No control,unknown,0,0,0,FALSE,FALSE,FALSE,Clear,,TRUE,Road 1: 229 RIDGEMERE COURT (IFO); Vehicle #1     Make:      Model:      Colour:      Style: ; Vehicle #2     Make: HYUN     Model: ETG     Colour: WHI     Style: 4B,8/16/2022 3:03:36 PM,545487.1324,4803471.288
51620,21256987,11/4/2021 5:00:00 PM,2021,11,4,17,0,0,Thursday,543072.5823,4805498.829,-80.468087,43.401141,Intersection related,2,P.D. only,Within intersection,unknown,unknown,Angle,Unknown,Dusk,05 - Dusk,Municipal (excl. Twp. Rd.),unknown,Functioning,0,0,0,FALSE,FALSE,FALSE,Clear,,TRUE,Road 1: STRASBURG RD; Road 2: TRILLIUM DR; Vehicle #1     Make: TOYT     Model: CIE     Colour: BLU     Style: VN; Vehicle #2     Make: RAM     Model: RTR     Colour: WHI     Style: PK,4/22/2022 2:25:53 PM,543072.5823,4805498.829
51621,21256993,11/4/2021 5:09:00 PM,2021,11,4,17,9,0,Thursday,539295.0992,4808890.343,-80.514491,43.431886,Intersection related,2,P.D. only,Within intersection,unknown,unknown,Angle,Unknown,Dusk,05 - Dusk,Municipal (excl. Twp. Rd.),unknown,Functioning,0,0,0,FALSE,FALSE,FALSE,Clear,,FALSE,Road 1: QUEEN'S BLVD (50 km/h); Road 2: CECILE DR (50 km/h); Charged Driver #1 on page 1: HTA 142 (NA) (NA); Vehicle #1     Make: INTE     Model: PB1     Colour: YEL     Style: BU; Vehicle #2     Make: HYUN     Model: ACC     Colour: RED     Style: 4D,4/22/2022 2:25:53 PM,539295.0992,4808890.343
51622,21257669,11/5/2021 11:09:00 AM,2021,11,5,11,9,0,Friday,541829.132,4807821.021,-80.483264,43.422121,Intersection related,2,P.D. only,Thru lane,unknown,unknown,SMV other,Unknown,Daylight,01 - Daylight,Regional municipality,unknown,Functioning,1,0,0,FALSE,FALSE,FALSE,Clear,,FALSE,Road 1: KINGSWOOD DR (50 km/h); Road 2: ROBERTS CRES (50 km/h); Vehicle #1     Make: HOND     Model: CCL     Colour: SIL     Style: 4D,4/22/2022 2:25:51 PM,541829.132,4807821.021
51623,21257770,10/30/2021 2:15:00 PM,2021,10,30,14,15,0,Saturday,549180.7002,4806441.753,-80.392575,43.409255,At intersection,2,Non-reportable,Within intersection,unknown,unknown,Rear end,Unknown,Daylight,01 - Daylight,Regional municipality,unknown,Functioning,0,0,0,FALSE,FALSE,FALSE,Rain,,TRUE,Road 1: SPORTSWORLD DR; Road 2: KING ST; Vehicle #1     Make:      Model:      Colour:      Style: ; Vehicle #2     Make: VOLK     Model: PST     Colour: GRY     Style: 4D,8/16/2022 3:04:26 PM,549180.7002,4806441.753
51624,21257825,10/29/2021 7:00:00 PM,2021,10,29,19,0,0,Friday,542652.9571,4807351.3,-80.473124,43.417845,Intersection related,2,Non-reportable,Thru lane,unknown,unknown,Sideswipe,Unknown,Dark,07 - Dark,Municipal (excl. Twp. Rd.),unknown,Functioning,0,0,0,FALSE,FALSE,FALSE,Rain,,TRUE,Road 1: BLOCK LINE RD; Road 2: KINGSWOOD DR; Vehicle #1     Make: TOYT     Model: UCS     Colour: BRN     Style: 4D; Vehicle #2     Make: TOYT     Model: SIE     Colour: GRY     Style: VN,4/22/2022 2:25:49 PM,542652.9571,4807351.3
51625,21258333,11/6/2021 1:32:00 AM,2021,11,6,1,32,0,Saturday,539619.8773,4805850.075,-80.510699,43.404494,Non intersection,2,P.D. only,Right shoulder,unknown,unknown,SMV unattended vehicle,Unknown,"Dark, artificial","08 - Dark, artificial",Municipal (excl. Twp. Rd.),No control,unknown,0,0,0,FALSE,FALSE,FALSE,Rain,,FALSE,Road 1: BRIDLEWREATH ST (40 km/h); Road 2: MAX BECKER DR; Distance: 20.0 M S; Vehicle #1     Make: BMW     Model: YJG     Colour: BLU     Style: TY; Vehicle #2     Make: BMW     Model: X1P     Colour: WHI     Style: TY; Vehicle #3     Make: CHEV     Model,8/16/2022 2:54:57 PM,539619.8773,4805850.075
51626,21258797,11/6/2021 3:30:00 PM,2021,11,6,15,30,0,Saturday,545034.1644,4807868.229,-80.443669,43.42236,Intersection related,2,Non-reportable,Within intersection,unknown,unknown,Sideswipe,Unknown,Daylight,01 - Daylight,Regional municipality,unknown,Functioning,0,0,0,FALSE,FALSE,FALSE,Clear,,TRUE,Road 1: WILSON AVE; Road 2: KINGSWAY DR; Vehicle #1     Make:      Model:      Colour:      Style: ; Vehicle #2     Make: NISS     Model: MIC     Colour: BLU     Style: 4B,8/16/2022 3:06:39 PM,545034.1644,4807868.229
51627,21260271,11/8/2021 9:20:00 AM,2021,11,8,9,20,0,Monday,547607.2539,4803902.876,-80.412229,43.386497,Non intersection,2,Non-reportable,Thru lane,unknown,unknown,Rear end,Unknown,Daylight,01 - Daylight,Regional municipality,No control,unknown,0,0,0,FALSE,FALSE,FALSE,Clear,,TRUE,Road 1: CONESTOGA COLLEGE BLVD; Road 2: HOMER WATSON BLVD; Vehicle #1     Make: PONT     Model: GRA     Colour: BRN     Style: 4D; Vehicle #2     Make:      Model:      Colour:      Style:,8/16/2022 2:55:42 PM,547607.2539,4803902.876
51628,21260575,11/8/2021 3:30:00 PM,2021,11,8,15,30,0,Monday,541992.6367,4813039.706,-80.480843,43.469101,Intersection related,1,Non-fatal injury,Thru lane,unknown,unknown,Rear end,Unknown,Daylight,01 - Daylight,Municipal (excl. Twp. Rd.),unknown,Functioning,1,0,0,TRUE,TRUE,FALSE,Clear,,FALSE,Road 1: ARNOLD ST (50 km/h); Road 2: MAPLE AVE (50 km/h); Charged Driver #1 on page 1: HTA 130 (NA) (NA); Vehicle #1     Make:      Model:      Colour:      Style: MC; Vehicle #2     Make: TOYT     Model: TIM     Colour: BLK     Style: 4B,4/22/2022 2:25:51 PM,541992.6367,4813039.706
51629,21260841,11/9/2021 9:24:00 PM,2021,11,9,21,24,0,Tuesday,544234.7573,4808804.973,-80.453468,43.430842,At intersection,1,Non-fatal injury,Within intersection,unknown,unknown,Angle,Unknown,Dark,07 - Dark,Municipal (excl. Twp. Rd.),unknown,Functioning,0,1,0,FALSE,FALSE,FALSE,Clear,,FALSE,Road 1: CONNAUGHT ST (50 km/h); Road 2: FIFTH AVE (50 km/h); Vehicle #1     Make: TOYO     Model: UCL     Colour:      Style: 4DR; Vehicle #2     Make: ACUR     Model: MDX     Colour: BLK     Style: TY,8/16/2022 2:55:51 PM,544234.7573,4808804.973
51630,21261072,11/9/2021 8:00:00 AM,2021,11,9,8,0,0,Tuesday,544790.962,4805222.445,-80.44689,43.398552,Non intersection,2,P.D. only,Thru lane,unknown,unknown,Angle,Unknown,Daylight,01 - Daylight,Regional municipality,No control,unknown,0,0,0,FALSE,FALSE,FALSE,Clear,,TRUE,Road 1: DOON VILLAGE RD; Road 2: HOMER WATSON BLVD; Vehicle #1     Make: HYUN     Model: TUC     Colour: BLU     Style: TY; Vehicle #2     Make: VOLK     Model: GEL     Colour: BLU     Style: 4B,8/16/2022 2:56:43 PM,544790.962,4805222.445
51631,21261154,11/9/2021 9:00:00 AM,2021,11,9,9,0,0,Tuesday,539675.909,4806484.937,-80.509961,43.410207,At intersection,2,P.D. only,Thru lane,unknown,unknown,Rear end,Unknown,Daylight,01 - Daylight,Municipal (excl. Twp. Rd.),unknown,Functioning,0,0,0,FALSE,FALSE,FALSE,Clear,,TRUE,Road 1: ACTIVA AVE; Road 2: BUSH CLOVER CRESCENT; Vehicle #1     Make: HYUN     Model: SAN     Colour: GRY     Style: TY; Vehicle #2     Make:      Model:      Colour:      Style:,8/16/2022 3:06:16 PM,539675.909,4806484.937
51632,21261201,11/2/2021 2:10:00 PM,2021,11,2,14,10,0,Tuesday,545093.244,4807781.369,-80.442946,43.421574,Non intersection,2,Non-reportable,Thru lane,unknown,unknown,Sideswipe,Unknown,Daylight,01 - Daylight,Regional municipality,No control,unknown,0,0,0,FALSE,FALSE,FALSE,Clear,,TRUE,Road 1: WILSON AVE; Road 2: FAIRWAY RD S; Vehicle #1     Make:      Model:      Colour:      Style: ; Vehicle #2     Make: LINC     Model: MKZ     Colour: BLK     Style: 4D,4/22/2022 2:25:14 PM,545093.244,4807781.369
51633,21261312,11/9/2021 1:00:00 PM,2021,11,9,13,0,0,Tuesday,538977.1051,4811509.29,-80.518233,43.455484,Intersection related,2,P.D. only,Thru lane,unknown,unknown,Rear end,Stop sign,Daylight,01 - Daylight,Municipal (excl. Twp. Rd.),Stop sign,Functioning,0,0,0,FALSE,FALSE,FALSE,Clear,,TRUE,Road 1: UNION BLVD; Road 2: IRON HORSE TRANS CANADA TRAIL; Vehicle #1     Make: RAM     Model: RPR     Colour: WHI     Style: FV; Vehicle #2     Make: RAM     Model: RTR     Colour: RED     Style: CW,4/22/2022 2:25:57 PM,538977.1051,4811509.29
51634,21261425,11/8/2021 7:00:00 PM,2021,11,8,19,0,0,Monday,537455.3739,4809678.486,-80.537167,43.439077,At/near private drive,2,P.D. only,Right shoulder,unknown,unknown,SMV unattended vehicle,Unknown,Dark,07 - Dark,Municipal (excl. Twp. Rd.),No control,unknown,0,0,0,FALSE,FALSE,FALSE,Clear,,FALSE,Road 1: 23 LENNOX CRESCENT (50 km/h); Road 2: LENNOX CRES; Distance: 20.0 M E; Charged Driver #1 on page 1: HTA 148 (NA) (NA); Vehicle #1     Make: TOYT     Model: CHL     Colour: GRY     Style: 4D; Vehicle #2     Make: CHEV     Model: MAL     Colour: BRN,4/22/2022 2:26:50 PM,537455.3739,4809678.486
51635,21261869,11/10/2021 7:31:00 AM,2021,11,10,7,31,0,Wednesday,539965.8391,4808518.742,-80.506231,43.428505,Non intersection,2,P.D. only,Right shoulder,unknown,unknown,SMV other,Unknown,Daylight,01 - Daylight,Municipal (excl. Twp. Rd.),No control,unknown,0,0,0,FALSE,FALSE,FALSE,Clear,,FALSE,Road 1: 252 GREENBROOK DR (50 km/h); Road 2: WESTMOUNT RD E; Distance: 50.0 M E; Charged Driver #1 on page 1: HTA 130 (NA) (NA); Vehicle #1     Make: VOLK     Model: PKM     Colour: BRN     Style: 4D,4/22/2022 2:25:06 PM,539965.8391,4808518.742
51636,21262728,11/11/2021 4:22:00 AM,2021,11,11,4,22,0,Thursday,543295.228,4808463.82,-80.465103,43.427825,Non intersection,2,P.D. only,Right shoulder,unknown,unknown,SMV unattended vehicle,Unknown,Dark,07 - Dark,Municipal (excl. Twp. Rd.),No control,unknown,0,0,0,FALSE,FALSE,FALSE,Clear,,FALSE,Road 1: KIPLING AVE (50 km/h); Road 2: 25 KIPLING AVE; Distance: 10.0 M S; Vehicle #1     Make: HOND     Model: CCL     Colour: BLK     Style: 4D; Vehicle #2     Make: BMW     Model: 330     Colour: BLK     Style: 4D,4/22/2022 2:25:08 PM,543295.228,4808463.82
51637,21263787,11/10/2021 12:00:00 PM,2021,11,10,12,0,0,Wednesday,537605.4825,4808375.513,-80.535402,43.427337,Non intersection,2,Non-reportable,Thru lane,unknown,unknown,SMV unattended vehicle,Unknown,Daylight,01 - Daylight,Municipal (excl. Twp. Rd.),No control,unknown,0,0,0,FALSE,FALSE,FALSE,Clear,,TRUE,Road 1: 104 MONTEAGLE CRESCENT (IFO); Vehicle #1     Make: NISS     Model: PFI     Colour: BRN     Style: TY; Vehicle #2     Make: FORD     Model: SPE     Colour: WHI     Style: TY,8/16/2022 3:02:09 PM,537605.4825,4808375.513
51638,21263816,11/12/2021 11:14:00 AM,2021,11,12,11,14,0,Friday,542867.0666,4810785.103,-80.47021,43.448751,At intersection,1,Non-fatal injury,Within intersection,unknown,unknown,Angle,Unknown,Daylight,01 - Daylight,Municipal (excl. Twp. Rd.),unknown,Functioning,0,0,0,FALSE,FALSE,FALSE,Clear,,FALSE,Road 1: EAST AVE (40 km/h); Road 2: STIRLING AVE N (50 km/h); Charged Driver #1 on page 1: HTA 136 (NA) (NA); Vehicle #1     Make: HOND     Model: UAX     Colour: GRY     Style: 4D; Vehicle #2     Make: LINC     Model: CON     Colour: BLK     Style: 4D,4/22/2022 2:26:16 PM,542867.0666,4810785.103
51639,21263873,11/11/2021 8:00:00 PM,2021,11,11,20,0,0,Thursday,542164.166,4810383.549,-80.478928,43.445175,At intersection,1,Non-fatal injury,Within intersection,unknown,unknown,SMV other,Unknown,Dark,07 - Dark,Regional municipality,unknown,Functioning,0,0,0,TRUE,FALSE,FALSE,Clear,,FALSE,Road 1: KING ST E (50 km/h); Road 2: PANDORA AVE N (50 km/h); Vehicle #1     Make: JEEP     Model: CHK     Colour: BLK     Style: TY,4/22/2022 2:26:21 PM,542164.166,4810383.549
51640,21264064,11/12/2021 4:15:00 PM,2021,11,12,16,15,0,Friday,545119.5661,4807680.224,-80.442629,43.420662,At/near private drive,1,Non-fatal injury,Thru lane,unknown,unknown,Turning movement,Unknown,Daylight,01 - Daylight,Municipal (excl. Twp. Rd.),No control,unknown,2,0,0,FALSE,FALSE,FALSE,Clear,,FALSE,Road 1: WILSON AVE (50 km/h); Road 2: 385 WILSON AVE; Distance: 30.0 K E; Charged Driver #1 on page 1: HTA 142 (NA) (NA); Vehicle #1     Make: BUIC     Model: ENR     Colour: GRY     Style: TY; Vehicle #2     Make: LEXS     Model: NXT     Colour: WHI     ,4/22/2022 2:27:05 PM,545119.5661,4807680.224
51641,21264176,11/12/2021 6:30:00 PM,2021,11,12,18,30,0,Friday,540094.3078,4805485.256,-80.504866,43.401184,At intersection,2,P.D. only,Within intersection,unknown,unknown,Angle,Unknown,Dark,07 - Dark,Municipal (excl. Twp. Rd.),unknown,Functioning,0,0,0,FALSE,FALSE,FALSE,Clear,,TRUE,Road 1: COMMONWEALTH CRESCENT; Road 2: ISABELLA ST; Vehicle #1     Make: NISS     Model: ASR     Colour: SIL     Style: 4D; Vehicle #2     Make: HOND     Model: CCL     Colour: BLK     Style: 4D,8/16/2022 2:55:26 PM,540094.3078,4805485.256
51642,21264275,11/12/2021 8:30:00 PM,2021,11,12,20,30,0,Friday,545308.7282,4808449.081,-80.440229,43.427573,At/near private drive,2,P.D. only,Thru lane,unknown,unknown,Angle,Unknown,Dark,07 - Dark,Municipal (excl. Twp. Rd.),No control,unknown,0,0,0,FALSE,FALSE,FALSE,Clear,,TRUE,Road 1: CEDARWOODS CRESCENT (IFO 49); Road 2: KINGSWAY DR; Vehicle #1     Make: CHEV     Model: MLT     Colour: GRY     Style: 4D; Vehicle #2     Make: HYUN     Model: ESS     Colour: GRY     Style: 4D,8/16/2022 2:55:05 PM,545308.7282,4808449.081
51643,21264287,11/12/2021 9:34:00 PM,2021,11,12,21,34,0,Friday,538284.9247,4809970.867,-80.526896,43.441668,At/near private drive,2,P.D. only,Right shoulder,unknown,unknown,SMV unattended vehicle,Unknown,"Dark, artificial","08 - Dark, artificial",Municipal (excl. Twp. Rd.),No control,unknown,0,0,0,FALSE,FALSE,FALSE,Clear,,FALSE,Road 1: 15 MARKWOOD DR (50 km/h); Road 2: MARKWOOD DR; Distance: 1.0 K E; Charged Driver #1 on page 1: HTA 148 (NA) (NA); Vehicle #1     Make: HYUN     Model: ESM     Colour: GRY     Style: 4D; Vehicle #2     Make: CHEV     Model: CLT     Colour: BLK     ,4/22/2022 2:26:46 PM,538284.9247,4809970.867
51644,21264421,11/13/2021 12:33:00 AM,2021,11,13,0,33,0,Saturday,543581.1318,4804993.183,-80.461847,43.396559,Non intersection,2,P.D. only,Thru lane,unknown,unknown,SMV other,Unknown,"Dark, artificial","08 - Dark, artificial",Regional municipality,No control,unknown,1,0,0,FALSE,FALSE,FALSE,Clear,,FALSE,Road 1: HURON RD (60 km/h); Road 2: BATTLER RD; Distance: 19.0 M E; Charged Driver #1 on page 1: HTA 130 (NA) (NA); Vehicle #1     Make: CHEV     Model: S1L     Colour: WHI     Style: 4B,4/22/2022 2:25:23 PM,543581.1318,4804993.183
51645,21264525,11/13/2021 6:39:00 AM,2021,11,13,6,39,0,Saturday,545506.9519,4804307.981,-80.438125,43.390275,Non intersection,2,P.D. only,Not on roadway - right side,unknown,unknown,SMV other,Unknown,Dawn,03 - Dawn,Municipal (excl. Twp. Rd.),No control,unknown,0,0,0,FALSE,FALSE,FALSE,Clear,,FALSE,Road 1: DOON VILLAGE RD (50 km/h); Road 2: ANVIL ST; Distance: 50.0 M S; Charged Driver #1 on page 1: HTA 44.1 (NA) (NA); Vehicle #1     Make: AUDI     Model: S3P     Colour: GRY     Style: 4D,12/22/2022 9:37:08 AM,545506.9519,4804307.981
51646,21264623,11/13/2021 10:00:00 AM,2021,11,13,10,0,0,Saturday,541876.3166,4811809.114,-80.482376,43.458027,At intersection,2,P.D. only,Within intersection,unknown,unknown,Angle,Unknown,Daylight,01 - Daylight,Municipal (excl. Twp. Rd.),unknown,Functioning,0,0,0,FALSE,FALSE,FALSE,Clear,,FALSE,Road 1: LANCASTER ST E (50 km/h); Road 2: QUEEN ST N (50 km/h); Charged Driver #1 on page 1: HTA 141 (NA) (NA); Vehicle #1     Make: JEEP     Model: PRT     Colour: BLU     Style: TY; Vehicle #2     Make: TOYT     Model: CSE     Colour: GRY     Style: 4D,4/22/2022 2:26:18 PM,541876.3166,4811809.114
51647,21266231,11/14/2021 9:30:00 AM,2021,11,14,9,30,0,Sunday,547998.6247,4803657.62,-80.407418,43.384264,Non intersection,2,P.D. only,Thru lane,unknown,unknown,SMV other,Unknown,Daylight,01 - Daylight,Regional municipality,No control,unknown,0,0,0,FALSE,FALSE,FALSE,Clear,,TRUE,Road 1: 35 NEW DUNDEE RD; Vehicle #1     Make: HOND     Model: UDY     Colour: WHI     Style: TY,1/3/2023 10:14:20 AM,547998.6247,4803657.62
51648,21266845,11/16/2021 6:30:00 AM,2021,11,16,6,30,0,Tuesday,543752.4444,4805552.19,-80.459687,43.401582,At intersection,2,P.D. only,Within intersection,unknown,unknown,Angle,Unknown,Dawn,03 - Dawn,Municipal (excl. Twp. Rd.),unknown,Functioning,0,0,0,FALSE,FALSE,FALSE,Snow,,TRUE,Road 1: TRILLIUM DR; Road 2: BEASLEY DR; Vehicle #1     Make: FORD     Model: COF     Colour: BLK     Style: CW; Vehicle #2     Make: TOYT     Model: CH4     Colour: BLU     Style: 4D,1/3/2023 10:19:46 AM,543752.4444,4805552.19
51649,21267071,11/16/2021 11:10:00 AM,2021,11,16,11,10,0,Tuesday,541383.6201,4809097.948,-80.488671,43.433643,Non intersection,2,P.D. only,Thru lane,unknown,unknown,Sideswipe,Unknown,Daylight,01 - Daylight,Regional municipality,No control,unknown,0,0,0,FALSE,FALSE,FALSE,Clear,,TRUE,Road 1: HEIMAN ST; Road 2: HIGHLAND RD E; Vehicle #1     Make: KIA     Model: SOU     Colour: YEL     Style: TY; Vehicle #2     Make: FORD     Model: TST     Colour: WHI     Style: FV,8/16/2022 2:59:04 PM,541383.6201,4809097.948
51650,21267747,11/9/2021 9:00:00 AM,2021,11,9,9,0,0,Tuesday,545851.1967,4809756.763,-80.433417,43.439315,Intersection related,2,P.D. only,Thru lane,unknown,unknown,Rear end,Unknown,Daylight,01 - Daylight,Regional municipality,unknown,Functioning,0,0,0,FALSE,FALSE,FALSE,Clear,,TRUE,Road 1: RIVER RD E; Road 2: OLD CHICOPEE DR; Vehicle #1     Make: TOYT     Model: RV4     Colour: WHI     Style: TY; Vehicle #2     Make: CHEV     Model: BLT     Colour: WHI     Style: 4D,4/22/2022 2:25:47 PM,545851.1967,4809756.763
51651,21267784,11/15/2021 7:30:00 AM,2021,11,15,7,30,0,Monday,546265.7832,4804707.958,-80.428722,43.39383,Non intersection,2,Non-reportable,Thru lane,unknown,unknown,SMV unattended vehicle,Unknown,Daylight,01 - Daylight,Municipal (excl. Twp. Rd.),No control,unknown,0,0,0,FALSE,FALSE,FALSE,Snow,,TRUE,Road 1: 82 ARROWHEAD CRESCENT (IFO); Vehicle #1     Make:      Model:      Colour:      Style: ; Vehicle #2     Make: TOYT     Model: MTL     Colour: BLU     Style: 4D,8/16/2022 2:53:46 PM,546265.7832,4804707.958
51652,21268234,11/17/2021 7:45:00 PM,2021,11,17,19,45,0,Wednesday,539677.583,4806486.625,-80.50994,43.410223,Intersection related,2,Non-reportable,Left turn lane,unknown,unknown,Other,Unknown,Dark,07 - Dark,Municipal (excl. Twp. Rd.),unknown,Functioning,0,0,0,FALSE,FALSE,FALSE,Clear,,TRUE,Road 1: WILDERNESS DR; Road 2: ACTIVA AVE; Vehicle #1     Make: HOND     Model: UDY     Colour: BLK     Style: TY; Vehicle #2     Make: MERZ     Model: C4A     Colour: BLK     Style: 4D,4/22/2022 2:25:48 PM,539677.583,4806486.625
51653,21268897,11/18/2021 4:36:00 PM,2021,11,18,16,36,0,Thursday,541662.1165,4810410.262,-80.48513,43.445444,At intersection,2,P.D. only,Within intersection,unknown,unknown,Angle,Unknown,Dusk,05 - Dusk,Regional municipality,unknown,Functioning,0,0,0,FALSE,FALSE,FALSE,Clear,,FALSE,Road 1: CEDAR ST S (50 km/h); Road 2: CHURCH ST (40 km/h); Charged Driver #1 on page 1: NA NA (NA) (NA); Vehicle #1     Make: TOYT     Model: RV4     Colour: WHI     Style: TY; Vehicle #2     Make: TOYT     Model: XSL     Colour: GRY     Style: 4D,4/22/2022 2:26:23 PM,541662.1165,4810410.262
51654,21269276,11/19/2021 6:48:00 AM,2021,11,19,6,48,0,Friday,542841.5466,4809873.671,-80.470597,43.440546,At intersection,2,P.D. only,Within intersection,unknown,unknown,Angle,Unknown,Dawn,03 - Dawn,Municipal (excl. Twp. Rd.),unknown,Functioning,0,0,0,FALSE,FALSE,FALSE,Clear,,FALSE,Road 1: CHARLES ST E (50 km/h); Road 2: SYDNEY ST S (50 km/h); Charged Driver #1 on page 1: HTA 142 (NA) (NA); Vehicle #1     Make: MAZD     Model: M6I     Colour: RED     Style: 4D; Vehicle #2     Make: KIA     Model: OLX     Colour: GRY     Style: 4D,4/22/2022 2:26:22 PM,542841.5466,4809873.671
51655,21270360,11/20/2021 11:58:00 AM,2021,11,20,11,58,0,Saturday,542447.4374,4807283.009,-80.475668,43.417242,At intersection,2,P.D. only,Within intersection,unknown,unknown,Turning movement,Unknown,Daylight,01 - Daylight,Municipal (excl. Twp. Rd.),unknown,unknown,0,0,0,FALSE,FALSE,FALSE,Clear,,FALSE,Road 1: BLOCK LINE RD (60 km/h); Road 2: COUNTRY HILL DR (50 km/h); Charged Driver #1 on page 1: HTA 142 (NA) (NA); Vehicle #1     Make: TOYT     Model: SCM     Colour: BLU     Style: 4B; Vehicle #2     Make: INFI     Model: Q7H     Colour: BLK     Style:,4/22/2022 2:26:22 PM,542447.4374,4807283.009
51656,21270603,11/20/2021 4:15:00 PM,2021,11,20,16,15,0,Saturday,539282.7415,4806725.572,-80.514799,43.412395,Non intersection,2,Non-reportable,Thru lane,unknown,unknown,SMV unattended vehicle,Unknown,Daylight,01 - Daylight,Municipal (excl. Twp. Rd.),No control,unknown,0,0,0,FALSE,FALSE,FALSE,Clear,,TRUE,Road 1: 262 GREY FOX DR (IFO); Vehicle #1     Make:      Model:      Colour:      Style: ; Vehicle #2     Make: HOND     Model: FKG     Colour: RED     Style: 4B,8/16/2022 2:58:45 PM,539282.7415,4806725.572
51657,21270822,11/20/2021 9:30:00 PM,2021,11,20,21,30,0,Saturday,538255.0822,4809874.796,-80.527271,43.440804,Non intersection,2,P.D. only,Thru lane,unknown,unknown,Approaching,Unknown,"Dark, artificial","08 - Dark, artificial",Municipal (excl. Twp. Rd.),No control,unknown,1,0,0,FALSE,FALSE,FALSE,Clear,,FALSE,Road 1: HAZELGLEN DR (50 km/h); Road 2: CHOPIN DR; Distance: 50.0 M N; Charged Driver #1 on page 1: HTA 13 (NA) (NA); Vehicle #1     Make: FORD     Model: COF     Colour: BLK     Style: PK; Vehicle #2     Make: RAM     Model: RTR     Colour: RED     Style,8/16/2022 2:58:55 PM,538255.0822,4809874.796
51658,21270924,11/21/2021 1:20:00 AM,2021,11,21,1,20,0,Sunday,538218.4281,4808357.879,-80.52783,43.427147,Intersection related,2,P.D. only,Not on roadway - left side,unknown,unknown,SMV other,Unknown,Dark,07 - Dark,Regional municipality,unknown,Functioning,0,0,0,FALSE,FALSE,FALSE,Clear,,FALSE,Road 1: QUEEN'S BLVD (50 km/h); Road 2: ELM RIDGE DR (50 km/h); Charged Driver #1 on page 1: HTA 201 (NA) (NA); Vehicle #1     Make: HOND     Model: UCL     Colour: BLK     Style: 4D,4/22/2022 2:25:54 PM,538218.4281,4808357.879
51659,21271049,11/21/2021 6:27:00 AM,2021,11,21,6,27,0,Sunday,542193.9008,4816077.658,-80.478119,43.496443,At/near private drive,2,P.D. only,Thru lane,unknown,unknown,SMV unattended vehicle,Unknown,Dawn,03 - Dawn,Municipal (excl. Twp. Rd.),No control,unknown,0,0,0,FALSE,FALSE,FALSE,Clear,,TRUE,Road 1: 122 REDTAIL ST (IFO); Vehicle #1     Make:      Model:      Colour:      Style: ; Vehicle #2     Make: KIA     Model: SOU     Colour: BLU     Style: TY,4/22/2022 2:26:56 PM,542193.9008,4816077.658
51660,21271084,11/21/2021 9:04:00 AM,2021,11,21,9,4,0,Sunday,540105.1225,4810847.898,-80.504339,43.449469,Underpass or tunnel,2,P.D. only,Thru lane,unknown,unknown,SMV other,Unknown,Daylight,01 - Daylight,Municipal (excl. Twp. Rd.),No control,unknown,1,0,0,FALSE,FALSE,FALSE,Clear,,FALSE,Road 1: PARK ST (50 km/h); Road 2: CN RAIL; Distance: 0.0 M S; Charged Driver #1 on page 1: HTA 182 (NA) (NA); Vehicle #1     Make: FRHT     Model: CON     Colour: WHI     Style: CT,4/22/2022 2:27:12 PM,540105.1225,4810847.898