OBJECTID,ACCIDENTNUM,ACCIDENTDATE,ACCIDENT_YEAR,ACCIDENT_MONTH,ACCIDENT_DAY,ACCIDENT_HOUR,ACCIDENT_MINUTE,ACCIDENT_SECOND,ACCIDENT_WEEKDAY,XCOORD,YCOORD,LONGITUDE,LATITUDE,ACCIDENTLOCATION,COLLISIONTYPE,CLASSIFICATIONOFACCIDENT,IMPACTLOCATION,INITIALDIRECTIONOFTRAVELONE,INITIALDIRECTIONOFTRAVELTWO,INITIALIMPACTTYPE,INTTRAFFICCONTROL,LIGHT,LIGHTFORREPORT,ROADJURISDICTION,TRAFFICCONTROL,TRAFFICCONTROLCONDITION,THRULANENO,NORTHBOUNDDISOBEYCOUNT,SOUTHBOUNDDISOBEYCOUNT,PEDESTRIANINVOLVED,CYCLISTINVOLVED,MOTORCYCLISTINVOLVED,ENVIRONMENTCONDITION1,ENVIRONMENTCONDITION2,SELFREPORTED,XMLIMPORTNOTES,LASTEDITEDDATE,x,y
51661,21271435,11/21/2021 6:32:00 PM,2021,11,21,18,32,0,Sunday,542943.6488,4811339.909,-80.46922,43.453742,Intersection related,2,P.D. only,Within intersection,unknown,unknown,SMV other,Unknown,Dark,07 - Dark,Regional municipality,unknown,Functioning,0,0,0,FALSE,FALSE,FALSE,Rain,,FALSE,Road 1: KRUG ST (50 km/h); Road 2: DUMFRIES AVE (50 km/h); Vehicle #1     Make:      Model:      Colour:      Style:,4/22/2022 2:26:02 PM,542943.6488,4811339.909
51662,21271731,11/21/2021 7:30:00 AM,2021,11,21,7,30,0,Sunday,539831.3704,4811144.65,-80.5077,43.452156,Intersection related,2,Non-reportable,Thru lane,unknown,unknown,Approaching,Unknown,Daylight,01 - Daylight,Municipal (excl. Twp. Rd.),unknown,Functioning,0,0,0,FALSE,FALSE,FALSE,Snow,,TRUE,Road 1: DOMINION ST; Road 2: PARK ST; Vehicle #1     Make:      Model:      Colour:      Style: ; Vehicle #2     Make: HYUN     Model: SFT     Colour: GRY     Style: TY,8/16/2022 2:56:28 PM,539831.3704,4811144.65
51663,21271773,11/22/2021 8:00:00 AM,2021,11,22,8,0,0,Monday,539932.9345,4811222.129,-80.50644,43.452848,Non intersection,2,P.D. only,Thru lane,unknown,unknown,Approaching,Unknown,Daylight,01 - Daylight,Municipal (excl. Twp. Rd.),No control,unknown,0,0,0,FALSE,FALSE,FALSE,Snow,,TRUE,Road 1: AGNES ST; Road 2: PARK ST; Vehicle #1     Make:      Model:      Colour:      Style: ; Vehicle #2     Make: TOYT     Model: RG4     Colour: BLK     Style: TY,8/16/2022 2:53:38 PM,539932.9345,4811222.129
51664,21271776,11/22/2021 8:23:00 AM,2021,11,22,8,23,0,Monday,539054.9716,4811546.746,-80.517267,43.455817,Non intersection,2,P.D. only,Off highway,unknown,unknown,SMV other,Unknown,Daylight,01 - Daylight,Municipal (excl. Twp. Rd.),No control,unknown,0,0,0,FALSE,FALSE,FALSE,Clear,,FALSE,Road 1: UNION BLVD (50 km/h); Road 2: YORK ST; Distance: 30.0 K W; Charged Driver #1 on page 1: CAI 130 (NA) (NA); Vehicle #1     Make: MAZD     Model: MA5     Colour: GRY     Style: 4B,4/22/2022 2:25:24 PM,539054.9716,4811546.746
51665,21275391,11/23/2021 2:21:00 PM,2021,11,23,14,21,0,Tuesday,544047.9808,4802378.718,-80.456293,43.372991,Non intersection,2,P.D. only,Thru lane,unknown,unknown,Sideswipe,Unknown,Daylight,01 - Daylight,Municipal (excl. Twp. Rd.),No control,unknown,0,0,0,FALSE,FALSE,FALSE,Snow,,TRUE,Road 1: REIDEL DR; Road 2: STAUFFER DR; Vehicle #1     Make:      Model:      Colour:      Style: ; Vehicle #2     Make: MAZD     Model: M3I     Colour: SIL     Style: 4D,8/16/2022 3:03:32 PM,544047.9808,4802378.718
51666,21275570,11/23/2021 6:33:00 PM,2021,11,23,18,33,0,Tuesday,540319.0448,4809840.844,-80.50177,43.44039,At/near private drive,2,P.D. only,Right shoulder,unknown,unknown,SMV unattended vehicle,Unknown,"Dark, artificial","08 - Dark, artificial",Municipal (excl. Twp. Rd.),No control,unknown,0,0,0,FALSE,FALSE,FALSE,Clear,,FALSE,Road 1: VANCAMP AVE (40 km/h); Road 2: 42 VANCAMP AVE; Distance: 2.0 M N; Vehicle #1     Make:      Model:      Colour:      Style: ; Vehicle #2     Make: FORD     Model: ECM     Colour: RED     Style: TY,4/22/2022 2:27:10 PM,540319.0448,4809840.844
51667,21276317,11/24/2021 4:55:00 PM,2021,11,24,16,55,0,Wednesday,542153.4653,4807167.716,-80.479308,43.41622,Non intersection,2,P.D. only,Thru lane,unknown,unknown,Turning movement,Unknown,Dusk,05 - Dusk,Municipal (excl. Twp. Rd.),No control,unknown,0,0,0,FALSE,FALSE,FALSE,Clear,,TRUE,Road 1: BLOCK LINE RD; Road 2: STRASBURG RD; Vehicle #1     Make: SUBA     Model: FOR     Colour: WHI     Style: 4W; Vehicle #2     Make: MAZD     Model: CX5     Colour: RED     Style: TY,8/16/2022 2:54:28 PM,542153.4653,4807167.716
51668,21276783,11/25/2021 8:30:00 AM,2021,11,25,8,30,0,Thursday,547776.3676,4811308.347,-80.409493,43.453165,At/near private drive,2,P.D. only,Thru lane,unknown,unknown,SMV unattended vehicle,Unknown,Daylight,01 - Daylight,Municipal (excl. Twp. Rd.),No control,unknown,0,0,0,FALSE,FALSE,FALSE,Freezing Rain,,TRUE,Road 1: ZELLER CRESCENT (IFO 974); Road 2: ZELLER DR; Vehicle #1     Make: TOYT     Model: RV4     Colour: BLK     Style: TY; Vehicle #2     Make: CADI     Model: XT5     Colour: WHI     Style: TY,1/3/2023 10:22:54 AM,547776.3676,4811308.347
51669,21277036,11/25/2021 1:40:00 PM,2021,11,25,13,40,0,Thursday,543568.5314,4804978.148,-80.462004,43.396424,Intersection related,2,P.D. only,Thru lane,unknown,unknown,Rear end,Unknown,Daylight,01 - Daylight,Regional municipality,unknown,unknown,0,0,0,FALSE,FALSE,FALSE,"Fog, mist, smoke, dust",,TRUE,Road 1: HURON RD; Road 2: BATTLER RD; Vehicle #1     Make: TOYT     Model: COR     Colour: BLU     Style: 4D; Vehicle #2     Make: KIA     Model: ETG     Colour: WHI     Style: TY,8/16/2022 2:53:53 PM,543568.5314,4804978.148
51670,21277137,11/25/2021 4:10:00 PM,2021,11,25,16,10,0,Thursday,542447.5731,4807282.787,-80.475667,43.41724,Intersection related,2,Non-reportable,Left turn lane,unknown,unknown,Sideswipe,Unknown,Daylight,01 - Daylight,Municipal (excl. Twp. Rd.),unknown,unknown,0,0,0,FALSE,FALSE,FALSE,Rain,,TRUE,Road 1: BLOCK LINE RD; Road 2: COUNTRY HILL DR; Vehicle #1     Make: TOYT     Model: UXS     Colour: BRN     Style: 4D; Vehicle #2     Make:      Model:      Colour:      Style:,4/22/2022 2:25:45 PM,542447.5731,4807282.787
51671,21277466,11/25/2021 11:58:00 PM,2021,11,25,23,58,0,Thursday,546764.1593,4804930.241,-80.422549,43.3958,Non intersection,1,Non-fatal injury,Thru lane,unknown,unknown,SMV other,Unknown,Dark,07 - Dark,Municipal (excl. Twp. Rd.),No control,unknown,1,0,0,FALSE,FALSE,FALSE,Rain,,FALSE,Road 1: 368 MILL PARK DR (40 km/h); Road 2: MILL PARK DR; Distance: 12.0 M S; Charged Driver #1 on page 1: HTA 130 (NA) (NA); Vehicle #1     Make: HOND     Model: UCL     Colour: WHI     Style: 4D,4/22/2022 2:25:06 PM,546764.1593,4804930.241
51672,21277633,11/25/2021 8:45:00 AM,2021,11,25,8,45,0,Thursday,545053.4634,4808189.196,-80.443404,43.425249,Non intersection,2,Non-reportable,Thru lane,unknown,unknown,SMV unattended vehicle,Unknown,Daylight,01 - Daylight,Municipal (excl. Twp. Rd.),No control,unknown,0,0,0,FALSE,FALSE,FALSE,"Fog, mist, smoke, dust",,TRUE,Road 1: 588 GREENFIELD AVE (IFO); Vehicle #1     Make:      Model:      Colour:      Style: ; Vehicle #2     Make: HOND     Model: CS3     Colour: RED     Style: 4D,8/16/2022 2:58:40 PM,545053.4634,4808189.196
51673,21277673,11/4/2021 7:10:00 AM,2021,11,4,7,10,0,Thursday,545123.9949,4802829.199,-80.442975,43.376983,At/near private drive,2,P.D. only,Thru lane,unknown,unknown,SMV unattended vehicle,Unknown,Dawn,03 - Dawn,Municipal (excl. Twp. Rd.),No control,unknown,0,0,0,FALSE,FALSE,FALSE,Clear,,TRUE,Road 1: 27 SOUTH CREEK DR (IFO); Vehicle #1     Make:      Model:      Colour:      Style: ; Vehicle #2     Make: NISS     Model: PFI     Colour: GRY     Style: TY,4/22/2022 2:26:51 PM,545123.9949,4802829.199
51674,21277807,10/31/2021 8:30:00 PM,2021,10,31,20,30,0,Sunday,544011.0722,4807889.113,-80.456305,43.422609,At/near private drive,2,P.D. only,Thru lane,unknown,unknown,SMV unattended vehicle,Unknown,Dark,07 - Dark,Municipal (excl. Twp. Rd.),No control,unknown,0,0,0,FALSE,FALSE,FALSE,Clear,,TRUE,Road 1: 236 CLARK AVE (IFO); Vehicle #1     Make:      Model:      Colour:      Style: ; Vehicle #2     Make: DODG     Model: GRA     Colour: BLK     Style: VN,4/22/2022 2:26:51 PM,544011.0722,4807889.113
51675,21277827,11/13/2021 4:45:00 PM,2021,11,13,16,45,0,Saturday,545034.7274,4807868.236,-80.443662,43.42236,At intersection,2,P.D. only,Within intersection,unknown,unknown,Turning movement,Unknown,Dusk,05 - Dusk,Municipal (excl. Twp. Rd.),unknown,Functioning,0,0,0,FALSE,FALSE,FALSE,Clear,,TRUE,Road 1: WILSON AVE; Road 2: KINGSWAY DR; Vehicle #1     Make: HYUN     Model: GN3     Colour: SIL     Style: 4D; Vehicle #2     Make:      Model:      Colour:      Style:,1/3/2023 10:19:30 AM,545034.7274,4807868.237
51676,21277904,11/21/2021 5:00:00 PM,2021,11,21,17,0,0,Sunday,541140.3452,4806765.165,-80.491853,43.412652,At intersection,2,P.D. only,Within intersection,unknown,unknown,Angle,Unknown,Dark,07 - Dark,Municipal (excl. Twp. Rd.),unknown,Functioning,0,0,0,FALSE,FALSE,FALSE,Rain,,TRUE,Road 1: LAURENTIAN DR; Road 2: BLOCK LINE RD; Vehicle #1     Make: KIA     Model: TEL     Colour: GRY     Style: TY; Vehicle #2     Make:      Model:      Colour:      Style:,8/16/2022 3:01:20 PM,541140.3452,4806765.165
51677,21278315,11/26/2021 10:49:00 PM,2021,11,26,22,49,0,Friday,540570.4349,4812710.535,-80.49845,43.466215,Intersection related,2,P.D. only,Within intersection,unknown,unknown,SMV other,Stop sign,"Dark, artificial","08 - Dark, artificial",Municipal (excl. Twp. Rd.),Stop sign,Functioning,0,0,1,FALSE,FALSE,FALSE,Clear,,FALSE,Road 1: MARGARET AVE (50 km/h); Road 2: UNION ST (50 km/h); Charged Driver #1 on page 1: HTA 182 (NA) (NA); Vehicle #1     Make: HYUN     Model: ESS     Colour: WHI     Style: 4D,4/22/2022 2:25:52 PM,540570.4349,4812710.535
51678,21278684,11/27/2021 12:00:00 PM,2021,11,27,12,0,0,Saturday,542108.3418,4807131.359,-80.479869,43.415895,Intersection related,2,P.D. only,Within intersection,unknown,unknown,SMV other,Unknown,Daylight,01 - Daylight,Municipal (excl. Twp. Rd.),unknown,Functioning,0,0,0,FALSE,FALSE,FALSE,Clear,,FALSE,Road 1: BLOCK LINE RD (50 km/h); Road 2: STRASBURG RD (60 km/h); Distance: 1.0 M E; Charged Driver #1 on page 1: HTA 141 (NA) (NA); Vehicle #1     Make: HOND     Model: UAX     Colour: GRN     Style: 4D,4/22/2022 2:25:46 PM,542108.3418,4807131.359
51679,21279297,11/28/2021 3:52:00 AM,2021,11,28,3,52,0,Sunday,545890.9115,4809331.355,-80.432962,43.435482,Non intersection,2,P.D. only,Thru lane,unknown,unknown,SMV unattended vehicle,Unknown,"Dark, artificial","08 - Dark, artificial",Municipal (excl. Twp. Rd.),No control,unknown,2,0,0,FALSE,FALSE,FALSE,Snow,,FALSE,Road 1: KINZIE AVE (50 km/h); Road 2: THALER AVE; Distance: 20.0 M N; Vehicle #1     Make:      Model: -     Colour:      Style: ; Vehicle #2     Make: HYUN     Model: TUC     Colour: BLK     Style: TY,4/22/2022 2:25:07 PM,545890.9115,4809331.355
51680,21279427,11/28/2021 9:44:00 AM,2021,11,28,9,44,0,Sunday,540903.6294,4808516.653,-80.494645,43.428435,Non intersection,2,P.D. only,Off highway,unknown,unknown,SMV other,Unknown,Daylight,01 - Daylight,Municipal (excl. Twp. Rd.),No control,unknown,0,0,0,FALSE,FALSE,FALSE,Snow,,FALSE,Road 1: SOUTHMOOR DR (50 km/h); Road 2: YAGER AVE; Distance: 10.0 M E; Vehicle #1     Make: HOND     Model: CXG     Colour: BLU     Style: 4D,4/22/2022 2:24:59 PM,540903.6294,4808516.653
51681,21279649,11/28/2021 3:00:00 PM,2021,11,28,15,0,0,Sunday,540807.5471,4810879.387,-80.495656,43.449715,At intersection,2,P.D. only,Within intersection,unknown,unknown,SMV other,Unknown,Daylight,01 - Daylight,Municipal (excl. Twp. Rd.),unknown,Functioning,0,0,0,FALSE,FALSE,FALSE,Snow,,FALSE,Road 1: WATER ST S (50 km/h); Road 2: JOSEPH ST (50 km/h); Vehicle #1     Make: MAZD     Model: X3S     Colour: WHI     Style: 4W,4/22/2022 2:26:25 PM,540807.5471,4810879.387
51682,21279882,11/30/2021 8:30:00 PM,2021,11,30,20,30,0,Tuesday,540912.691,4807873.492,-80.494581,43.422644,At/near private drive,2,Non-reportable,Thru lane,unknown,unknown,Other,Unknown,Dark,07 - Dark,Municipal (excl. Twp. Rd.),No control,unknown,0,0,0,FALSE,FALSE,FALSE,Clear,,TRUE,Road 1: ELMSDALE DR (IFO 60); Vehicle #1     Make: JEEP     Model: CHK     Colour: WHI     Style: TY; Vehicle #2     Make: BMW     Model: 2XS     Colour: WHI     Style: 4D,8/16/2022 2:57:02 PM,540912.691,4807873.492
51683,21280464,11/29/2021 3:46:00 PM,2021,11,29,15,46,0,Monday,545323.4694,4812191.783,-80.439736,43.461272,At/near private drive,2,P.D. only,Not on roadway - left side,unknown,unknown,SMV other,Unknown,Daylight,01 - Daylight,Municipal (excl. Twp. Rd.),No control,unknown,0,0,0,FALSE,FALSE,FALSE,Clear,,FALSE,Road 1: 328 HERITAGE DR (50 km/h); Road 2: HERITAGE DR; Distance: 10.0 M E; Charged Driver #1 on page 1: HTA 9 (NA) (NA); Vehicle #1     Make: TOYT     Model: RV4     Colour: BLK     Style: TY,4/22/2022 2:26:49 PM,545323.4694,4812191.783
51684,21280589,11/30/2021 6:20:00 PM,2021,11,30,18,20,0,Tuesday,540839.6761,4810466.05,-80.495289,43.445991,Non intersection,2,Non-reportable,Thru lane,unknown,unknown,SMV unattended vehicle,Unknown,Dark,07 - Dark,Municipal (excl. Twp. Rd.),No control,unknown,0,0,0,FALSE,FALSE,FALSE,Clear,,TRUE,Road 1: DAVID ST; Vehicle #1     Make: HOND     Model: UCL     Colour: BLU     Style: 4D; Vehicle #2     Make:      Model:      Colour:      Style:,8/16/2022 2:56:15 PM,540839.6761,4810466.05
51685,21280818,11/30/2021 6:47:00 AM,2021,11,30,6,47,0,Tuesday,543074.886,4812801.249,-80.467482,43.466892,Intersection related,2,P.D. only,Not on roadway - right side,unknown,unknown,SMV other,Unknown,Dark,07 - Dark,Municipal (excl. Twp. Rd.),unknown,Functioning,0,0,0,FALSE,FALSE,FALSE,Snow,,FALSE,Road 1: WELLINGTON ST N (50 km/h); Road 2: SHIRLEY AVE (50 km/h); Distance: 26.0 M S; Charged Driver #1 on page 1: HTA 130 (NA) (NA); Vehicle #1     Make: TOYT     Model: HIG     Colour: GRY     Style: TY,4/22/2022 2:25:56 PM,543074.886,4812801.249
51686,21280866,11/30/2021 8:00:00 AM,2021,11,30,8,0,0,Tuesday,541180.2892,4809392.622,-80.491161,43.436307,At intersection,2,Non-reportable,Within intersection,unknown,unknown,Sideswipe,Unknown,Daylight,01 - Daylight,Municipal (excl. Twp. Rd.),unknown,Functioning,0,0,0,FALSE,FALSE,FALSE,Snow,,TRUE,Road 1: HIGHLAND RD E; Road 2: STIRLING AVE S; Vehicle #1     Make:      Model:      Colour:      Style: ; Vehicle #2     Make: FORD     Model: FLE     Colour: BLU     Style: TY,8/16/2022 3:04:43 PM,541180.2892,4809392.622
51687,21280901,11/30/2021 8:55:00 AM,2021,11,30,8,55,0,Tuesday,539862.4309,4811413.285,-80.507297,43.454573,Non intersection,2,P.D. only,Thru lane,unknown,unknown,Angle,Unknown,Daylight,01 - Daylight,Municipal (excl. Twp. Rd.),No control,unknown,1,0,0,FALSE,FALSE,FALSE,Snow,,FALSE,Road 1: WALTER ST (50 km/h); Road 2: GLASGOW ST; Distance: 100.0 K E; Charged Driver #1 on page 1: HTA 130 (NA) (NA); Vehicle #1     Make: FORD     Model: TST     Colour: WHI     Style: FV; Vehicle #2     Make: FORD     Model: SRW     Colour: RED     Styl,4/22/2022 2:25:31 PM,539862.4309,4811413.285
51688,21280904,11/30/2021 8:59:00 AM,2021,11,30,8,59,0,Tuesday,545875.8071,4811309.524,-80.432983,43.453294,Non intersection,2,P.D. only,Not on roadway - left side,unknown,unknown,SMV other,Unknown,Daylight,01 - Daylight,Municipal (excl. Twp. Rd.),No control,unknown,0,0,0,FALSE,FALSE,FALSE,Clear,,FALSE,Road 1: 236 HOLBORN DR (50 km/h); Road 2: HOLBORN DR; Distance: 6.0 M W; Charged Driver #1 on page 1: NA NA (NA) (NA); Vehicle #1     Make: MAZD     Model: M3I     Colour: BLU     Style: 4D,4/22/2022 2:25:06 PM,545875.8071,4811309.524
51689,21280984,11/8/2021 6:30:00 AM,2021,11,8,6,30,0,Monday,542233.0599,4806978.866,-80.47834,43.414515,At/near private drive,2,Non-reportable,Thru lane,unknown,unknown,Angle,Unknown,Dark,07 - Dark,Municipal (excl. Twp. Rd.),No control,unknown,0,0,0,FALSE,FALSE,FALSE,Clear,,TRUE,Road 1: STRASBURG ROAD; Road 2: BLOCKLINE; Vehicle #1     Make: FORD     Model: SPE     Colour: BLK     Style: TY; Vehicle #2     Make:      Model:      Colour:      Style:,4/22/2022 2:26:52 PM,542233.0599,4806978.866
51690,21280996,11/30/2021 11:00:00 AM,2021,11,30,11,0,0,Tuesday,543007.2636,4814212.005,-80.468207,43.479598,At/near private drive,2,P.D. only,Thru lane,unknown,unknown,SMV unattended vehicle,Unknown,Daylight,01 - Daylight,Municipal (excl. Twp. Rd.),No control,unknown,0,0,0,FALSE,FALSE,FALSE,Clear,,TRUE,Road 1: 78 STANLEY AVE; Vehicle #1     Make:      Model:      Colour:      Style: ; Vehicle #2     Make: TOYT     Model: CBS     Colour: WHI     Style: 4D,4/22/2022 2:26:47 PM,543007.2636,4814212.005
51691,21281134,11/30/2021 2:30:00 PM,2021,11,30,14,30,0,Tuesday,542542.9091,4807459.574,-80.474475,43.418826,At intersection,2,P.D. only,Within intersection,unknown,unknown,Rear end,Unknown,Daylight,01 - Daylight,Municipal (excl. Twp. Rd.),unknown,unknown,0,0,0,FALSE,FALSE,FALSE,Clear,,TRUE,Road 1: KINGSWOOD DR; Road 2: SELKIRK DR; Vehicle #1     Make: CHEV     Model: TKR     Colour: GRY     Style: TY; Vehicle #2     Make: TOYT     Model: HV4     Colour: BLK     Style: TY,8/16/2022 3:01:14 PM,542542.9091,4807459.574
51692,21281759,11/3/2021 3:45:00 PM,2021,11,3,15,45,0,Wednesday,540574.2683,4807251.704,-80.498808,43.417063,At/near private drive,2,P.D. only,Thru lane,unknown,unknown,Sideswipe,Unknown,Daylight,01 - Daylight,Municipal (excl. Twp. Rd.),No control,unknown,0,0,0,FALSE,FALSE,FALSE,Clear,,TRUE,Road 1: D'ARCY PLACE (IFO 15); Road 2: LAURENTIAN DR; Vehicle #1     Make: TOYT     Model: RG4     Colour: GRY     Style: TY; Vehicle #2     Make: MAZD     Model: M6I     Colour: WHI     Style: 4D,8/16/2022 2:56:05 PM,540574.2683,4807251.704
51693,21282010,12/1/2021 12:45:00 PM,2021,12,1,12,45,0,Wednesday,543954.8475,4807820.487,-80.457005,43.421994,Non intersection,2,Non-reportable,Thru lane,unknown,unknown,Sideswipe,Unknown,Daylight,01 - Daylight,Municipal (excl. Twp. Rd.),No control,unknown,0,0,0,FALSE,FALSE,FALSE,Clear,,TRUE,Road 1: VANIER DR; Road 2: SIEBERT AVE; Vehicle #1     Make:      Model:      Colour:      Style: ; Vehicle #2     Make: FRHT     Model: FM2     Colour: WHI     Style: CT,8/16/2022 3:05:23 PM,543954.8475,4807820.487
51694,21282115,12/1/2021 4:30:00 PM,2021,12,1,16,30,0,Wednesday,544330.5349,4808468.052,-80.452312,43.427803,Intersection related,2,P.D. only,Thru lane,unknown,unknown,Angle,Unknown,Dusk,05 - Dusk,Regional municipality,unknown,Functioning,0,0,0,FALSE,FALSE,FALSE,Freezing Rain,,TRUE,Road 1: FRANKLIN ST S; Road 2: GREENFIELD AVE; Vehicle #1     Make: JEEP     Model: CHK     Colour: GRY     Style: TY; Vehicle #2     Make: ACUR     Model: CTP     Colour: SIL     Style: 4D,8/16/2022 2:57:25 PM,544330.5349,4808468.052
51695,21282492,12/2/2021 6:12:00 AM,2021,12,2,6,12,0,Thursday,539079.642,4811110.635,-80.516994,43.451889,At intersection,1,Non-fatal injury,Within intersection,unknown,unknown,SMV other,Unknown,Dark,07 - Dark,Municipal (excl. Twp. Rd.),unknown,Functioning,0,0,0,TRUE,FALSE,FALSE,Rain,,FALSE,Road 1: GLASGOW ST (50 km/h); Road 2: BELMONT AVE W (50 km/h); Charged Driver #1 on page 1: HTA 142 (NA) (NA); Vehicle #1     Make: FORD     Model: TST     Colour: WHI     Style: FV,8/16/2022 2:57:58 PM,539079.642,4811110.635
51696,21283031,12/2/2021 7:10:00 PM,2021,12,2,19,10,0,Thursday,538837.0091,4809820.86,-80.520084,43.440288,Non intersection,2,P.D. only,Thru lane,unknown,unknown,Other,Unknown,Dark,07 - Dark,Regional municipality,No control,unknown,0,0,0,FALSE,FALSE,FALSE,"Fog, mist, smoke, dust",,TRUE,Road 1: WEICHEL ST; Road 2: VICTORIA ST S; Vehicle #1     Make: FORD     Model: EDG     Colour: RED     Style: TY; Vehicle #2     Make: NISS     Model: SBL     Colour: BLK     Style: 4D,8/16/2022 3:05:27 PM,538837.0091,4809820.86
51697,21283101,12/2/2021 8:21:00 PM,2021,12,2,20,21,0,Thursday,541225.5453,4811868.018,-80.490415,43.458593,At intersection,1,Non-fatal injury,Within intersection,unknown,unknown,SMV other,Unknown,Dark,07 - Dark,Municipal (excl. Twp. Rd.),unknown,Functioning,0,0,0,TRUE,FALSE,FALSE,Clear,,FALSE,Road 1: MARGARET AVE (50 km/h); Road 2: WELLINGTON ST N (50 km/h); Vehicle #1     Make: NISS     Model: SL2     Colour: BRN     Style: 4D,4/22/2022 2:26:16 PM,541225.5453,4811868.018
51698,21283502,11/22/2021 8:10:00 AM,2021,11,22,8,10,0,Monday,539917.9195,4811186.498,-80.506628,43.452528,Non intersection,2,P.D. only,Thru lane,unknown,unknown,Rear end,Unknown,Daylight,01 - Daylight,Municipal (excl. Twp. Rd.),No control,unknown,0,0,0,FALSE,FALSE,FALSE,Clear,,TRUE,Road 1: AGNES ST; Road 2: GRUHN ST; Vehicle #1     Make: HYUN     Model: K6G     Colour: RED     Style: TY; Vehicle #2     Make:      Model:      Colour:      Style:,1/3/2023 10:10:07 AM,539917.9195,4811186.498
51699,21283548,11/27/2021 3:00:00 PM,2021,11,27,15,0,0,Saturday,547120.3544,4809643.405,-80.417745,43.438215,At/near private drive,2,Non-reportable,Thru lane,unknown,unknown,SMV unattended vehicle,Unknown,Daylight,01 - Daylight,Municipal (excl. Twp. Rd.),No control,unknown,0,0,0,FALSE,FALSE,FALSE,Clear,,TRUE,Road 1: 141 SIMS ESTATE DR (IFO); Vehicle #1     Make:      Model:      Colour:      Style: ; Vehicle #2     Make: RAM     Model: RTR     Colour: BLU     Style: PK,8/16/2022 3:04:10 PM,547120.3544,4809643.405
51700,21283717,12/3/2021 3:02:00 PM,2021,12,3,15,2,0,Friday,540679.1884,4812243.198,-80.49714,43.462001,At/near private drive,2,P.D. only,Thru lane,unknown,unknown,SMV unattended vehicle,Unknown,Daylight,01 - Daylight,Municipal (excl. Twp. Rd.),No control,unknown,1,0,0,FALSE,FALSE,FALSE,Clear,,FALSE,Road 1: GUELPH ST (50 km/h); Road 2: AHRENS ST W; Distance: 25.0 M W; Vehicle #1     Make: HOND     Model: PIL     Colour: GRY     Style: TY; Vehicle #2     Make: MAZD     Model: M3I     Colour: WHI     Style: 4B,4/22/2022 2:26:54 PM,540679.1884,4812243.199
51701,21283996,12/3/2021 8:31:00 PM,2021,12,3,20,31,0,Friday,546023.8009,4811342.478,-80.431151,43.453582,Non intersection,2,P.D. only,Thru lane,unknown,unknown,SMV unattended vehicle,Unknown,Dark,07 - Dark,Municipal (excl. Twp. Rd.),No control,unknown,1,0,0,FALSE,FALSE,FALSE,Clear,,FALSE,Road 1: SHAFTSBURY DR (50 km/h); Road 2: OLDFIELD DR; Distance: 30.0 M W; Vehicle #1     Make:      Model:      Colour:      Style: ; Vehicle #2     Make: ACUR     Model: CEP     Colour: SIL     Style: 4D,4/22/2022 2:25:07 PM,546023.8009,4811342.478
51702,21284518,11/2/2021 1:00:00 PM,2021,11,2,13,0,0,Tuesday,538677.3217,4805355.736,-80.522374,43.400092,Non intersection,2,Non-reportable,Thru lane,unknown,unknown,SMV unattended vehicle,Unknown,Daylight,01 - Daylight,Municipal (excl. Twp. Rd.),No control,unknown,0,0,0,FALSE,FALSE,FALSE,Clear,,TRUE,Road 1: 22 ISAIAH DR (IFO); Road 2: ELIZA AVE; Vehicle #1     Make:      Model:      Colour:      Style: ; Vehicle #2     Make: DODG     Model: CAR     Colour: BLU     Style: VN,4/22/2022 2:25:09 PM,538677.3217,4805355.736
51703,21284825,11/29/2021 6:51:00 PM,2021,11,29,18,51,0,Monday,541465.8342,4809538.331,-80.487622,43.437604,At intersection,1,Non-fatal injury,Within intersection,unknown,unknown,Angle,Unknown,Dark,07 - Dark,Municipal (excl. Twp. Rd.),unknown,unknown,0,0,0,FALSE,TRUE,FALSE,Clear,,FALSE,Road 1: MILL ST (50 km/h); Road 2: STIRLING AVE S (50 km/h); Charged Driver #1 on page 1: HTA 142CLAUS (NA) (NA); Vehicle #1     Make: DODG     Model: CAR     Colour: BLU     Style: VN; Vehicle #2     Make:      Model:      Colour:      Style:,8/16/2022 3:04:34 PM,541465.8342,4809538.331
51704,21285041,12/4/2021 11:40:00 PM,2021,12,4,23,40,0,Saturday,544609.2316,4809093.674,-80.448818,43.433419,At intersection,2,P.D. only,Within intersection,unknown,unknown,Turning movement,Unknown,Dark,07 - Dark,Municipal (excl. Twp. Rd.),unknown,Functioning,0,0,0,FALSE,FALSE,FALSE,Clear,,FALSE,Road 1: FRANKLIN ST S (50 km/h); Road 2: KINGSWAY DR (50 km/h); Charged Driver #1 on page 1: HTA 142 (NA) (NA); Vehicle #1     Make: NISS     Model: ATL     Colour: SIL     Style: 4D; Vehicle #2     Make: ACUR     Model: MDX     Colour: WHI     Style: TY,4/22/2022 2:26:19 PM,544609.2316,4809093.674