OBJECTID,ACCIDENTNUM,ACCIDENTDATE,ACCIDENT_YEAR,ACCIDENT_MONTH,ACCIDENT_DAY,ACCIDENT_HOUR,ACCIDENT_MINUTE,ACCIDENT_SECOND,ACCIDENT_WEEKDAY,XCOORD,YCOORD,LONGITUDE,LATITUDE,ACCIDENTLOCATION,COLLISIONTYPE,CLASSIFICATIONOFACCIDENT,IMPACTLOCATION,INITIALDIRECTIONOFTRAVELONE,INITIALDIRECTIONOFTRAVELTWO,INITIALIMPACTTYPE,INTTRAFFICCONTROL,LIGHT,LIGHTFORREPORT,ROADJURISDICTION,TRAFFICCONTROL,TRAFFICCONTROLCONDITION,THRULANENO,NORTHBOUNDDISOBEYCOUNT,SOUTHBOUNDDISOBEYCOUNT,PEDESTRIANINVOLVED,CYCLISTINVOLVED,MOTORCYCLISTINVOLVED,ENVIRONMENTCONDITION1,ENVIRONMENTCONDITION2,SELFREPORTED,XMLIMPORTNOTES,LASTEDITEDDATE,x,y
51705,21285579,12/5/2021 6:15:00 PM,2021,12,5,18,15,0,Sunday,546796.607,4803002.922,-80.4223136,43.3784447,At/near private drive,2,P.D. only,Thru lane,unknown,unknown,Angle,Unknown,Dark,07 - Dark,Municipal (excl. Twp. Rd.),No control,unknown,0,0,0,FALSE,FALSE,FALSE,Rain,,TRUE,Road 1: MONARCH WOODS DR; Road 2: 60 MONARCH WOODS DR; Vehicle #1     Make: NISS     Model: SML     Colour: SIL     Style: 4D; Vehicle #2     Make:      Model:      Colour:      Style:,8/16/2022 3:02:03 PM,546796.607,4803002.922
51706,21286580,12/6/2021 9:00:00 PM,2021,12,6,21,0,0,Monday,546057.8645,4805105.167,-80.431256,43.397419,At/near private drive,2,Non-reportable,Thru lane,unknown,unknown,Angle,Unknown,"Dark, artificial","08 - Dark, artificial",Municipal (excl. Twp. Rd.),No control,unknown,0,0,0,FALSE,FALSE,FALSE,Snow,,TRUE,Road 1: GREEN VALLEY DR; Road 2: 55 GREEN VALLEY DR; Vehicle #1     Make: TOYT     Model: C4E     Colour: RED     Style: 4D; Vehicle #2     Make:      Model:      Colour:      Style:,8/16/2022 2:58:35 PM,546057.8645,4805105.167
51707,21286667,12/7/2021 1:44:00 AM,2021,12,7,1,44,0,Tuesday,539455.4986,4807788.93,-80.512589,43.42196,At/near private drive,2,P.D. only,Off highway,unknown,unknown,SMV other,Unknown,"Dark, artificial","08 - Dark, artificial",Municipal (excl. Twp. Rd.),No control,unknown,0,0,0,FALSE,FALSE,FALSE,Snow,,FALSE,Road 1: 533 GREENBROOK DR (50 km/h); Road 2: GREENBROOK DR; Distance: 5.0 M W; Vehicle #1     Make: HOND     Model: FIT     Colour: RED     Style: 4W,4/22/2022 2:26:58 PM,539455.4986,4807788.93
51708,21286669,12/8/2021 12:30:00 AM,2021,12,8,0,30,0,Wednesday,539562.8114,4806883.496,-80.511328,43.413802,Non intersection,2,P.D. only,Thru lane,unknown,unknown,Sideswipe,Unknown,Dark,07 - Dark,Municipal (excl. Twp. Rd.),No control,unknown,0,0,0,FALSE,FALSE,FALSE,Snow,,TRUE,Road 1: 20 ORCHID KITCHENER; Road 2: GREY FOX DRIVE KITCHENER; Vehicle #1     Make: KIA     Model: FNG     Colour: WHI     Style: 4D; Vehicle #2     Make:      Model:      Colour:      Style:,8/16/2022 3:02:38 PM,539562.8114,4806883.496
51709,21287041,12/7/2021 1:35:00 PM,2021,12,7,13,35,0,Tuesday,539488.0694,4808586.336,-80.512129,43.429139,Non intersection,2,P.D. only,Not on roadway - right side,unknown,unknown,SMV other,Unknown,Daylight,01 - Daylight,Regional municipality,No control,unknown,0,0,0,FALSE,FALSE,FALSE,Snow,,FALSE,Road 1: FOREST HILL DR (50 km/h); Road 2: WARREN RD; Distance: 5.0 M W; Charged Driver #1 on page 1: HTA 142 (NA) (NA); Vehicle #1     Make: TOYT     Model: SIE     Colour: GRY     Style: VN,4/22/2022 2:25:19 PM,539488.0694,4808586.336
51710,21288693,12/9/2021 4:00:00 PM,2021,12,9,16,0,0,Thursday,542785.8571,4807313.121,-80.471486,43.417493,Non intersection,2,P.D. only,Thru lane,unknown,unknown,Sideswipe,Unknown,Dusk,05 - Dusk,Regional municipality,No control,unknown,0,0,0,FALSE,FALSE,FALSE,Snow,,TRUE,Road 1: 84 COACH HILL DRIVE KITCHENER; Road 2: HOMER WATSON BLVD KITCHENER; Vehicle #1     Make: HYUN     Model: ALS     Colour: BLK     Style: 4D; Vehicle #2     Make: KIA     Model: SED     Colour: BLK     Style: VN,8/16/2022 2:55:21 PM,542785.8571,4807313.121
51711,21289103,12/10/2021 4:48:00 AM,2021,12,10,4,48,0,Friday,540297.9386,4809634.345,-80.502046,43.438532,Non intersection,1,Non-fatal injury,Not on roadway - left side,unknown,unknown,SMV other,Unknown,Dark,07 - Dark,Regional municipality,No control,unknown,0,0,0,FALSE,FALSE,FALSE,Snow,,FALSE,Road 1: PATRICIA AVE (40 km/h); Road 2: QUEEN'S BLVD; Distance: 24.0 M N; Vehicle #1     Make: TOYT     Model: CTR     Colour: BLU     Style: 4B,12/22/2022 9:29:11 AM,540297.9386,4809634.345
51712,21289280,11/24/2021 8:40:00 AM,2021,11,24,8,40,0,Wednesday,537287.1478,4809102.941,-80.539285,43.433903,At/near private drive,2,Non-reportable,Thru lane,unknown,unknown,SMV unattended vehicle,Unknown,Daylight,01 - Daylight,Municipal (excl. Twp. Rd.),No control,unknown,0,0,0,FALSE,FALSE,FALSE,Clear,,TRUE,Road 1: 3 WESTFOREST TRAIL (IFO); Vehicle #1     Make:      Model:      Colour:      Style: ; Vehicle #2     Make: SUBA     Model: FOR     Colour: WHI     Style: TY,8/16/2022 3:06:02 PM,537287.1478,4809102.941
51713,21289471,12/10/2021 2:00:00 PM,2021,12,10,14,0,0,Friday,537290.2293,4810238.861,-80.539169,43.444131,Non intersection,2,P.D. only,Thru lane,unknown,unknown,Sideswipe,Unknown,Daylight,01 - Daylight,Municipal (excl. Twp. Rd.),No control,unknown,0,0,0,FALSE,FALSE,FALSE,Clear,,TRUE,Road 1: GLASGOW ST; Vehicle #1     Make: CHEV     Model: EQU     Colour: BLK     Style: TY; Vehicle #2     Make: TOYT     Model: UCS     Colour: GRY     Style: 4D,8/16/2022 2:58:19 PM,537290.2293,4810238.861
51714,21289551,12/10/2021 4:15:00 PM,2021,12,10,16,15,0,Friday,545051.2254,4810838.358,-80.443213,43.449102,At intersection,2,P.D. only,Within intersection,unknown,unknown,Turning movement,Unknown,Dusk,05 - Dusk,Regional municipality,unknown,Functioning,0,0,0,FALSE,FALSE,FALSE,Clear,,TRUE,Road 1: RIVER RD E; Road 2: HOLBORN DR; Vehicle #1     Make: RAM     Model: RTR     Colour: SIL     Style: CW; Vehicle #2     Make: TOYT     Model: UCS     Colour: GRY     Style: 4D,1/3/2023 10:18:11 AM,545051.2254,4810838.358
51715,21290095,12/11/2021 9:07:00 AM,2021,12,11,9,7,0,Saturday,539258.0324,4811591.416,-80.514754,43.456209,At/near private drive,1,Non-fatal injury,Thru lane,unknown,unknown,SMV other,Unknown,Daylight,01 - Daylight,Municipal (excl. Twp. Rd.),No control,unknown,1,0,0,TRUE,FALSE,FALSE,Clear,,FALSE,Road 1: 509 PARK ST (50 km/h); Road 2: PARK ST; Distance: 1.0 M W; Vehicle #1     Make: HOND     Model: CRV     Colour: SIL     Style: TY,4/22/2022 2:27:10 PM,539258.0324,4811591.416
51716,21291180,12/12/2021 2:35:00 PM,2021,12,12,14,35,0,Sunday,541681.8979,4803974.721,-80.485377,43.387496,Non intersection,2,P.D. only,Thru lane,unknown,unknown,Sideswipe,Unknown,Daylight,01 - Daylight,Municipal (excl. Twp. Rd.),No control,unknown,0,0,0,FALSE,FALSE,FALSE,Clear,,TRUE,Road 1: WOODBINE AVE; Road 2: SEABROOK DR; Vehicle #1     Make: TOYT     Model: SIE     Colour: SIL     Style: VN; Vehicle #2     Make: FORD     Model: RNG     Colour: WHI     Style: FV,1/3/2023 10:10:32 AM,541681.8979,4803974.721
51717,21291735,12/1/2021 1:00:00 PM,2021,12,1,13,0,0,Wednesday,541078.2612,4809395.003,-80.492422,43.436334,Non intersection,2,Non-reportable,Thru lane,unknown,unknown,SMV unattended vehicle,Unknown,Daylight,01 - Daylight,Municipal (excl. Twp. Rd.),No control,unknown,0,0,0,FALSE,FALSE,FALSE,Clear,,TRUE,Road 1: LORNE CRESCENT; Road 2: SENECA DR; Vehicle #1     Make: HYUN     Model: SLI     Colour: BLU     Style: 4D; Vehicle #2     Make: TOYT     Model: RG4     Colour: GRY     Style: TY,8/16/2022 3:01:24 PM,541078.2612,4809395.003
51718,21291848,12/10/2021 8:00:00 PM,2021,12,10,20,0,0,Friday,539734.2387,4810145.416,-80.508974,43.443164,Non intersection,2,P.D. only,Thru lane,unknown,unknown,SMV unattended vehicle,Unknown,Dark,07 - Dark,Municipal (excl. Twp. Rd.),No control,unknown,0,0,0,FALSE,FALSE,FALSE,Clear,,TRUE,Road 1: 28 JACK AVENUE KITCHENER; Road 2: PATRICIA AVE KITCHENER; Vehicle #1     Make:      Model:      Colour:      Style: ; Vehicle #2     Make: VOLK     Model: JWE     Colour: SIL     Style: 4D,8/16/2022 2:59:57 PM,539734.2387,4810145.416
51719,21291925,11/16/2021 8:30:00 AM,2021,11,16,8,30,0,Tuesday,546250.678,4808427.704,-80.428594,43.427323,At/near private drive,2,P.D. only,Thru lane,unknown,unknown,Angle,Unknown,Daylight,01 - Daylight,Regional municipality,No control,unknown,0,0,0,FALSE,FALSE,FALSE,Clear,,TRUE,Road 1: HEFFNER CT (IFO 3121); Road 2: KING ST E; Vehicle #1     Make: NISS     Model: VNR     Colour: GRY     Style: 4B; Vehicle #2     Make: FORD     Model: SRW     Colour: BLK     Style: PK,1/3/2023 10:23:13 AM,546250.678,4808427.704
51720,21292481,12/14/2021 8:11:00 AM,2021,12,14,8,11,0,Tuesday,542046.3165,4813386.167,-80.480153,43.472217,Non intersection,1,Non-fatal injury,Thru lane,unknown,unknown,SMV unattended vehicle,Unknown,Daylight,01 - Daylight,Municipal (excl. Twp. Rd.),No control,unknown,1,0,0,FALSE,FALSE,FALSE,Clear,,FALSE,Road 1: SEREDA RD (50 km/h); Road 2: UNION ST; Distance: 0.0 M S; Vehicle #1     Make: FORD     Model: TST     Colour: WHI     Style: FV; Vehicle #2     Make:      Model: TRAC     Colour: BLU     Style:,8/16/2022 3:03:55 PM,542046.3165,4813386.167
51721,21292556,12/14/2021 9:00:00 AM,2021,12,14,9,0,0,Tuesday,546924.8688,4809773.337,-80.420149,43.439397,At/near private drive,2,P.D. only,Thru lane,unknown,unknown,SMV unattended vehicle,Unknown,Daylight,01 - Daylight,Municipal (excl. Twp. Rd.),No control,unknown,0,0,0,FALSE,FALSE,FALSE,Clear,,TRUE,Road 1: 530 BEAUMONT CRESCENT (IFO); Vehicle #1     Make: TOYT     Model: MTL     Colour: RED     Style: 4D; Vehicle #2     Make: LEXS     Model: RX5     Colour: BLK     Style: TY,4/22/2022 2:26:53 PM,546924.8688,4809773.337
51722,21293590,11/23/2021 7:00:00 AM,2021,11,23,7,0,0,Tuesday,535462.7247,4808203.136,-80.561885,43.42589,At/near private drive,2,Non-reportable,Off highway,unknown,unknown,SMV unattended vehicle,Unknown,Dawn,03 - Dawn,Regional municipality,No control,unknown,0,0,0,FALSE,FALSE,FALSE,Clear,,TRUE,Road 1: 1721 GLASGOW ST (PK LOT); Vehicle #1     Make:      Model:      Colour:      Style: ; Vehicle #2     Make: FORD     Model: SPE     Colour: RED     Style: TY,4/22/2022 2:26:59 PM,535462.7247,4808203.136
51723,21293912,11/18/2021 10:00:00 AM,2021,11,18,10,0,0,Thursday,539374.3412,4808074.25,-80.513571,43.424534,At intersection,2,Non-reportable,Thru lane,unknown,unknown,Sideswipe,Unknown,Daylight,01 - Daylight,Municipal (excl. Twp. Rd.),unknown,Functioning,0,0,0,FALSE,FALSE,FALSE,Clear,,TRUE,Road 1: BIRCHCLIFF AVE; Road 2: UPLANDS DR; Vehicle #1     Make: GMC     Model: SIE     Colour: GRY     Style: CB; Vehicle #2     Make: DODG     Model: CAR     Colour: RED     Style: VN,1/3/2023 10:19:50 AM,539374.3412,4808074.25
51724,21294318,12/9/2021 1:20:00 PM,2021,12,9,13,20,0,Thursday,546393.452,4808496.375,-80.426824,43.427933,Intersection related,2,P.D. only,Thru lane,unknown,unknown,Turning movement,Unknown,Daylight,01 - Daylight,Municipal (excl. Twp. Rd.),unknown,Functioning,0,0,0,FALSE,FALSE,FALSE,Clear,,TRUE,Road 1: PEPPERWOOD CRESCENT; Road 2: MORGAN AVE; Vehicle #1     Make: HYUN     Model: TUC     Colour: BLK     Style: TY; Vehicle #2     Make: TOYT     Model: MTL     Colour: BLK     Style: 4D,4/22/2022 2:25:56 PM,546393.452,4808496.375
51725,21294924,12/16/2021 11:15:00 PM,2021,12,16,23,15,0,Thursday,541343.397,4809063.119,-80.489171,43.433331,At intersection,2,P.D. only,Within intersection,unknown,unknown,Sideswipe,Unknown,Dark,07 - Dark,Regional municipality,unknown,unknown,0,0,0,FALSE,FALSE,FALSE,Clear,,FALSE,Road 1: HIGHLAND RD E (50 km/h); Road 2: HEIMAN ST (50 km/h); Charged Driver #1 on page 1: HTA 142 (NA) (NA); Vehicle #1     Make: MAZD     Model: MA5     Colour: GRY     Style: 4B; Vehicle #2     Make: MAZD     Model: 3SP     Colour: WHI     Style: 4D,8/16/2022 2:58:59 PM,541343.397,4809063.119
51726,21295060,12/17/2021 6:30:00 AM,2021,12,17,6,30,0,Friday,542570.4439,4805980.063,-80.47425,43.405503,At intersection,1,Non-fatal injury,Within intersection,unknown,unknown,SMV other,Unknown,Dark,07 - Dark,Municipal (excl. Twp. Rd.),unknown,Functioning,0,0,0,TRUE,FALSE,FALSE,Clear,,FALSE,Road 1: STRASBURG RD (50 km/h); Road 2: SHOEMAKER ST (50 km/h); Charged Driver #1 on page 1: HTA 142 (NA) (NA); Vehicle #1     Make: GMC     Model: SIE     Colour: GRY     Style: CW,4/22/2022 2:26:26 PM,542570.4439,4805980.063
51727,21295281,12/17/2021 12:32:00 PM,2021,12,17,12,32,0,Friday,542659.9506,4811829.058,-80.472688,43.458162,At/near private drive,1,Non-fatal injury,Thru lane,unknown,unknown,Angle,Unknown,Daylight,01 - Daylight,Municipal (excl. Twp. Rd.),No control,unknown,1,0,0,FALSE,FALSE,FALSE,Clear,,FALSE,Road 1: 447 EDNA ST (50 km/h); Road 2: FREDERICK ST; Distance: 0.0 M N; Charged Driver #1 on page 1: HTA 139 (NA) (NA); Vehicle #1     Make: ACUR     Model: RDX     Colour: WHI     Style: TY; Vehicle #2     Make: CHEV     Model: MTS     Colour: GRY     St,1/3/2023 10:23:06 AM,542659.9506,4811829.058
51728,21295294,12/5/2021 5:00:00 PM,2021,12,5,17,0,0,Sunday,546412.0533,4811080.437,-80.426374,43.451198,At/near private drive,2,P.D. only,Thru lane,unknown,unknown,Other,Unknown,Dark,07 - Dark,Municipal (excl. Twp. Rd.),No control,unknown,0,0,0,FALSE,FALSE,FALSE,Clear,,TRUE,Road 1: WENDY CRESCENT; Road 2: BRIERDALE DR; Vehicle #1     Make: MAZD     Model: 3TR     Colour: BLU     Style: 4D; Vehicle #2     Make: SUBA     Model: CRO     Colour: BLU     Style: TY,8/16/2022 3:05:43 PM,546412.0533,4811080.437
51729,21295370,12/10/2021 2:39:00 PM,2021,12,10,14,39,0,Friday,544249.0861,4809619.285,-80.453225,43.438173,Other,2,P.D. only,Off highway,unknown,unknown,SMV other,Unknown,Daylight,01 - Daylight,Municipal (excl. Twp. Rd.),No control,unknown,0,0,0,FALSE,FALSE,FALSE,Clear,,FALSE,Road 1: 333; Road 2: PROSPECT AVE; Distance: 10.0 K S; Charged Driver #1 on page 1: CCC 2 (NA) (NA); Vehicle #1     Make: FORD     Model: FSA     Colour: GRY     Style: 4D,4/22/2022 2:27:13 PM,544249.0861,4809619.285
51730,21295378,12/17/2021 2:30:00 PM,2021,12,17,14,30,0,Friday,538060.2473,4809822.413,-80.529683,43.440342,At/near private drive,2,Non-reportable,Thru lane,unknown,unknown,SMV unattended vehicle,Unknown,Daylight,01 - Daylight,Municipal (excl. Twp. Rd.),No control,unknown,0,0,0,FALSE,FALSE,FALSE,Clear,,TRUE,Road 1: 19 INGLESIDE DR; Vehicle #1     Make:      Model:      Colour:      Style: ; Vehicle #2     Make: MAZD     Model: M3I     Colour: SIL     Style: 4B,8/16/2022 2:59:52 PM,538060.2473,4809822.413
51731,21295432,12/17/2021 3:55:00 PM,2021,12,17,15,55,0,Friday,541707.8901,4810679.314,-80.484544,43.447864,At intersection,2,P.D. only,Within intersection,unknown,unknown,Rear end,Unknown,Daylight,01 - Daylight,Municipal (excl. Twp. Rd.),unknown,Functioning,0,0,0,FALSE,FALSE,FALSE,Clear,,FALSE,Road 1: KING ST E (40 km/h); Road 2: EBY ST N (40 km/h); Vehicle #1     Make: HOND     Model: CIVI     Colour:      Style: ; Vehicle #2     Make: FORD     Model: EPT     Colour: RED     Style: TY,4/22/2022 2:26:26 PM,541707.8901,4810679.314
51732,21295699,12/17/2021 8:00:00 PM,2021,12,17,20,0,0,Friday,543369.0916,4809776.25,-80.464086,43.439638,At/near private drive,2,Non-reportable,Thru lane,unknown,unknown,SMV unattended vehicle,Unknown,Dark,07 - Dark,Regional municipality,No control,unknown,0,0,0,FALSE,FALSE,FALSE,Clear,,TRUE,Road 1: 24 JACKSON AVE; Vehicle #1     Make:      Model:      Colour:      Style: ; Vehicle #2     Make: NISS     Model: PHF     Colour: WHI     Style: 4W,4/22/2022 2:26:54 PM,543369.0916,4809776.25
51733,21295754,12/17/2021 11:02:00 PM,2021,12,17,23,2,0,Friday,545021.7947,4804852.444,-80.44407,43.395206,Non intersection,2,P.D. only,Thru lane,unknown,unknown,SMV other,Unknown,Dark,07 - Dark,Municipal (excl. Twp. Rd.),No control,unknown,1,0,0,FALSE,FALSE,FALSE,Clear,,FALSE,Road 1: 445 PIONEER DR (50 km/h); Road 2: PIONEER DR; Distance: 10.0 M E; Vehicle #1     Make: LEXS     Model: IS3     Colour: BLK     Style: 4D,4/22/2022 2:25:22 PM,545021.7947,4804852.444
51734,21295857,12/18/2021 2:40:00 AM,2021,12,18,2,40,0,Saturday,538984.889,4805920.425,-80.518535,43.405161,At/near private drive,2,P.D. only,Off highway,unknown,unknown,SMV other,Unknown,Dark,07 - Dark,Municipal (excl. Twp. Rd.),No control,unknown,0,0,0,FALSE,FALSE,FALSE,Snow,,FALSE,Road 1: 332 ACTIVA AVE (50 km/h); Road 2: ACTIVA AVE; Distance: 1.0 M E; Vehicle #1     Make: HYUN     Model: ESM     Colour: BLK     Style: 4D,4/22/2022 2:27:07 PM,538984.889,4805920.425
51735,21296012,12/18/2021 10:13:00 AM,2021,12,18,10,13,0,Saturday,547747.9172,4808992.881,-80.410047,43.432318,Non intersection,2,P.D. only,Not on roadway - right side,unknown,unknown,SMV other,Unknown,Daylight,01 - Daylight,Regional municipality,No control,unknown,0,0,0,FALSE,FALSE,FALSE,Snow,,FALSE,Road 1: 315 GRAND RIVER BLVD (50 km/h); Road 2: GRAND RIVER BLVD; Distance: 0.0 M N; Vehicle #1     Make: FORD     Model: COF     Colour: GRY     Style: PK,4/22/2022 2:24:59 PM,547747.9172,4808992.881
51736,21296068,12/18/2021 11:03:00 AM,2021,12,18,11,3,0,Saturday,542628.6702,4804000.004,-80.473686,43.387671,Intersection related,2,P.D. only,Off highway,unknown,unknown,SMV other,Unknown,Daylight,01 - Daylight,Municipal (excl. Twp. Rd.),unknown,unknown,0,0,0,FALSE,FALSE,FALSE,Snow,,FALSE,Road 1: CRANSHAW ST (50 km/h); Road 2: HURON RD (60 km/h); Distance: 2.0 M E; Vehicle #1     Make: NISS     Model: FRT     Colour: BLK     Style: PK,8/16/2022 2:56:01 PM,542628.6702,4804000.004
51737,21297078,12/19/2021 6:24:00 PM,2021,12,19,18,24,0,Sunday,543775.0951,4811964.631,-80.458893,43.459319,Non intersection,2,P.D. only,Thru lane,unknown,unknown,Approaching,Unknown,Dark,07 - Dark,Municipal (excl. Twp. Rd.),No control,unknown,1,0,0,FALSE,FALSE,FALSE,Clear,,FALSE,Road 1: RIVER RD E (50 km/h); Road 2: ISLINGTON AVE; Distance: 25.0 M N; Charged Driver #1 on page 1: HTA 130 (NA) (NA); Vehicle #1     Make: FORD     Model: FEE     Colour: GRY     Style: 4D; Vehicle #2     Make: DODG     Model: CAR     Colour: GRY     S,4/22/2022 2:25:11 PM,543775.0951,4811964.631
51738,21297435,12/7/2021 8:25:00 PM,2021,12,7,20,25,0,Tuesday,546378.1517,4803442.408,-80.427442,43.382428,Non intersection,2,P.D. only,Thru lane,unknown,unknown,SMV other,Unknown,Dark,07 - Dark,Regional municipality,No control,unknown,0,0,0,FALSE,FALSE,FALSE,Clear,,TRUE,Road 1: DOON S DR DOON SOUTH KITCHENER; Vehicle #1     Make: BMW     Model: BX5     Colour: SIL     Style: TY,8/16/2022 2:56:39 PM,546378.1517,4803442.408
51739,21297611,11/29/2021 5:15:00 PM,2021,11,29,17,15,0,Monday,541335.0908,4812360.853,-80.489023,43.463025,Non intersection,2,Non-reportable,Thru lane,unknown,unknown,Angle,Unknown,Dark,07 - Dark,Municipal (excl. Twp. Rd.),No control,unknown,0,0,0,FALSE,FALSE,FALSE,Clear,,TRUE,Road 1: ST LEGER ST; Road 2: ROBERT PEEL RD; Vehicle #1     Make: FORD     Model: SPE     Colour: BLK     Style: TY; Vehicle #2     Make: DODG     Model: CAR     Colour: GRY     Style: VN,4/22/2022 2:25:00 PM,541335.0907,4812360.853
51740,21298136,12/21/2021 8:05:00 AM,2021,12,21,8,5,0,Tuesday,540144.2113,4810123.809,-80.503909,43.442947,Non intersection,1,Non-fatal injury,Not on roadway - left side,unknown,unknown,SMV other,Unknown,Daylight,01 - Daylight,Regional municipality,No control,unknown,0,0,0,FALSE,FALSE,FALSE,Clear,,FALSE,Road 1: WEST AVE (50 km/h); Road 2: HOMEWOOD AVE; Distance: 5.0 M W; Charged Driver #1 on page 1: HTA 130 (NA) (NA); Vehicle #1     Make: GMC     Model: TER     Colour: GRY     Style: TY,8/16/2022 3:05:58 PM,540144.2113,4810123.81
51741,21298250,11/30/2021 7:15:00 AM,2021,11,30,7,15,0,Tuesday,541180.3518,4809392.222,-80.49116,43.436304,At intersection,2,P.D. only,Thru lane,unknown,unknown,Rear end,Unknown,Daylight,01 - Daylight,Regional municipality,unknown,unknown,0,0,0,FALSE,FALSE,FALSE,Snow,,TRUE,Road 1: HIGHLAND RD E; Road 2: STIRLING AVE S; Vehicle #1     Make: LEXS     Model: IS3     Colour: GRY     Style: 4D; Vehicle #2     Make: DODG     Model: AVN     Colour: WHI     Style: 4D,8/16/2022 3:04:47 PM,541180.3518,4809392.222
51742,21298415,12/10/2021 7:56:00 AM,2021,12,10,7,56,0,Friday,542252.5951,4809183.299,-80.477928,43.434363,At/near private drive,2,P.D. only,Right shoulder,unknown,unknown,Sideswipe,Unknown,Daylight,01 - Daylight,Regional municipality,No control,unknown,0,0,0,FALSE,FALSE,FALSE,Clear,,TRUE,Road 1: MILL ST; Road 2: OTTAWA ST S; Vehicle #1     Make: HYUN     Model: ACC     Colour: RED     Style: 2B; Vehicle #2     Make: MITS     Model: RVR     Colour: BLU     Style: TY,8/16/2022 3:01:58 PM,542252.5951,4809183.299
51743,21298432,12/12/2021 4:30:00 PM,2021,12,12,16,30,0,Sunday,540244.0664,4806490.34,-80.502943,43.410226,At/near private drive,2,P.D. only,Thru lane,unknown,unknown,Sideswipe,Unknown,Dusk,05 - Dusk,Municipal (excl. Twp. Rd.),No control,unknown,0,0,0,FALSE,FALSE,FALSE,Clear,,TRUE,Road 1: 302 HIGHBROOK CRESCENT; Vehicle #1     Make: CHEV     Model: VTL     Colour: RED     Style: 4B; Vehicle #2     Make: HYUN     Model: ETG     Colour: BLK     Style: 4B,4/22/2022 2:27:06 PM,540244.0664,4806490.34
51744,21298438,12/21/2021 1:15:00 PM,2021,12,21,13,15,0,Tuesday,539660.4256,4811634.22,-80.509778,43.456573,At intersection,2,Non-reportable,Within intersection,unknown,unknown,Turning movement,Unknown,Daylight,01 - Daylight,Regional municipality,unknown,Functioning,0,0,0,FALSE,FALSE,FALSE,Clear,,TRUE,Road 1: GREEN ST; Road 2: KING ST W; Vehicle #1     Make:      Model:      Colour:      Style: ; Vehicle #2     Make: KIA     Model: SPO     Colour: SIL     Style: TY,1/3/2023 10:18:28 AM,539660.4256,4811634.22
51745,21298528,12/21/2021 4:05:00 PM,2021,12,21,16,5,0,Tuesday,542108.4292,4807129.854,-80.479868,43.415882,At intersection,1,Non-fatal injury,Within intersection,unknown,unknown,SMV other,Unknown,Dusk,05 - Dusk,Municipal (excl. Twp. Rd.),unknown,Functioning,0,0,0,TRUE,FALSE,FALSE,Clear,,FALSE,Road 1: STRASBURG RD (50 km/h); Road 2: BLOCK LINE RD (50 km/h); Vehicle #1     Make:      Model:      Colour:      Style: PIC,8/16/2022 2:54:18 PM,542108.4292,4807129.854
51746,21298912,12/18/2021 9:15:00 AM,2021,12,18,9,15,0,Saturday,541084.0258,4810773.037,-80.492247,43.448742,Intersection related,2,Non-reportable,Thru lane,unknown,unknown,SMV other,Unknown,Daylight,01 - Daylight,Municipal (excl. Twp. Rd.),unknown,unknown,0,0,0,FALSE,FALSE,FALSE,Snow,,TRUE,Road 1: JOSEPH ST; Road 2: DAVID ST; Vehicle #1     Make: FORD     Model: SPE     Colour: GRY     Style: TY,1/3/2023 10:15:43 AM,541084.0258,4810773.037
51747,21299129,12/22/2021 1:27:00 PM,2021,12,22,13,27,0,Wednesday,541847.8714,4807852.24,-80.483031,43.422401,Non intersection,2,P.D. only,Thru lane,unknown,unknown,Rear end,Unknown,Daylight,01 - Daylight,Township,No control,unknown,1,0,0,FALSE,FALSE,FALSE,Clear,,FALSE,Road 1: 69  KINGSWOOD DR (50 km/h); Road 2: KINGSWOOD DR; Distance: 5.0 M W; Charged Driver #1 on page 1: CAI 2 (NA) (NA); Vehicle #1     Make: FORD     Model: FMS     Colour: WHI     Style: 4D; Vehicle #2     Make: NISS     Model: VSL     Colour: RED    ,4/22/2022 2:25:02 PM,541847.8714,4807852.24
51748,21299451,12/22/2021 8:44:00 PM,2021,12,22,20,44,0,Wednesday,541367.8538,4810954.894,-80.488725,43.450364,Intersection related,2,P.D. only,Thru lane,unknown,unknown,Turning movement,Unknown,Dark,07 - Dark,Regional municipality,unknown,unknown,1,0,0,FALSE,FALSE,FALSE,Snow,,FALSE,Road 1: 8 QUEEN ST N (50 km/h); Road 2: QUEEN ST N; Distance: 5.0 M W; Vehicle #1     Make: HYUN     Model: EGM     Colour: BLK     Style: 4D; Vehicle #2     Make: TOYT     Model: MTL     Colour: WHI     Style: 4D,4/22/2022 2:25:51 PM,541367.8538,4810954.894
51749,21299640,12/23/2021 4:56:00 AM,2021,12,23,4,56,0,Thursday,547353.7088,4803540.96,-80.41539,43.383254,Non intersection,2,P.D. only,Not on roadway - right side,unknown,unknown,SMV other,Unknown,Dark,07 - Dark,Regional municipality,No control,unknown,0,0,0,FALSE,FALSE,FALSE,Snow,,FALSE,Road 1: 389 PINNACLE DR (50 km/h); Road 2: PINNACLE DR; Distance: 5.0 M S; Charged Driver #1 on page 1: HTA 200 (NA) (NA); Vehicle #1     Make: MITS     Model: LST     Colour: GRY     Style: 4D,8/16/2022 3:03:15 PM,547353.7088,4803540.96