OBJECTID,ACCIDENTNUM,ACCIDENTDATE,ACCIDENT_YEAR,ACCIDENT_MONTH,ACCIDENT_DAY,ACCIDENT_HOUR,ACCIDENT_MINUTE,ACCIDENT_SECOND,ACCIDENT_WEEKDAY,XCOORD,YCOORD,LONGITUDE,LATITUDE,ACCIDENTLOCATION,COLLISIONTYPE,CLASSIFICATIONOFACCIDENT,IMPACTLOCATION,INITIALDIRECTIONOFTRAVELONE,INITIALDIRECTIONOFTRAVELTWO,INITIALIMPACTTYPE,INTTRAFFICCONTROL,LIGHT,LIGHTFORREPORT,ROADJURISDICTION,TRAFFICCONTROL,TRAFFICCONTROLCONDITION,THRULANENO,NORTHBOUNDDISOBEYCOUNT,SOUTHBOUNDDISOBEYCOUNT,PEDESTRIANINVOLVED,CYCLISTINVOLVED,MOTORCYCLISTINVOLVED,ENVIRONMENTCONDITION1,ENVIRONMENTCONDITION2,SELFREPORTED,XMLIMPORTNOTES,LASTEDITEDDATE,x,y
51750,21299752,12/6/2021 2:20:00 PM,2021,12,6,14,20,0,Monday,547878.5296,4805928.086,-80.408702,43.404715,Non intersection,2,Non-reportable,Thru lane,unknown,unknown,Sideswipe,Unknown,Daylight,01 - Daylight,Municipal (excl. Twp. Rd.),No control,unknown,0,0,0,FALSE,FALSE,FALSE,Clear,,TRUE,Road 1: 28 PIONEER RIDGE DR; Vehicle #1     Make: FRHT     Model: FM2     Colour: WHI     Style: CT; Vehicle #2     Make: TOYT     Model: CBA     Colour: GRN     Style: 4D,4/22/2022 2:25:32 PM,547878.5296,4805928.086
51751,21299782,12/11/2021 11:00:00 AM,2021,12,11,11,0,0,Saturday,541309.5016,4803365.584,-80.49002,43.382032,Non intersection,2,Non-reportable,Thru lane,unknown,unknown,Sideswipe,Unknown,Daylight,01 - Daylight,Regional municipality,No control,unknown,0,0,0,FALSE,FALSE,FALSE,Clear,,TRUE,Road 1: 1415 HURON ROAD KITCHENER; Road 2: FISHER HALLMAN KITCHENER; Vehicle #1     Make: DODG     Model: CJO     Colour: BLK     Style: TY; Vehicle #2     Make:      Model:      Colour:      Style:,8/16/2022 2:59:47 PM,541309.5016,4803365.584
51752,21299830,11/26/2021 11:40:00 AM,2021,11,26,11,40,0,Friday,541359.9224,4808641.652,-80.488998,43.429536,Intersection related,2,Non-reportable,Thru lane,unknown,unknown,Rear end,Unknown,Daylight,01 - Daylight,Regional municipality,unknown,unknown,0,0,0,FALSE,FALSE,FALSE,Clear,,TRUE,Road 1: HOMER WATSON BLVD; Road 2: HOFFMAN ST; Vehicle #1     Make: HOND     Model: FKG     Colour: BLK     Style: 4B; Vehicle #2     Make:      Model:      Colour:      Style:,1/3/2023 10:15:27 AM,541359.9224,4808641.652
51753,21299904,11/28/2021 1:50:00 PM,2021,11,28,13,50,0,Sunday,545121.4205,4807667.958,-80.442607,43.420551,Non intersection,2,Non-reportable,Left shoulder,unknown,unknown,SMV other,Unknown,Daylight,01 - Daylight,Regional municipality,No control,unknown,0,0,0,FALSE,FALSE,FALSE,Snow,,TRUE,Road 1: WILSON AVE; Road 2: FAIRWAY RD S; Vehicle #1     Make: VOLK     Model: JBS     Colour: GRN     Style: 4D,4/22/2022 2:25:33 PM,545121.4205,4807667.958
51754,21299921,11/30/2021 8:30:00 AM,2021,11,30,8,30,0,Tuesday,538777.3992,4807810.733,-80.520964,43.422192,Intersection related,2,P.D. only,Thru lane,unknown,unknown,Sideswipe,Unknown,Daylight,01 - Daylight,Municipal (excl. Twp. Rd.),unknown,Functioning,0,0,0,FALSE,FALSE,FALSE,Snow,,TRUE,Road 1: ELM RIDGE DR; Road 2: MCGARRY DR; Vehicle #1     Make: NISS     Model: SML     Colour: BLK     Style: 4D; Vehicle #2     Make:      Model:      Colour:      Style:,4/22/2022 2:26:03 PM,538777.3992,4807810.734
51755,21299959,12/21/2021 11:10:00 AM,2021,12,21,11,10,0,Tuesday,549174.0648,4806308.392,-80.392669,43.408055,Non intersection,2,P.D. only,Thru lane,unknown,unknown,Sideswipe,Unknown,Daylight,01 - Daylight,Regional municipality,No control,unknown,0,0,0,FALSE,FALSE,FALSE,Clear,,TRUE,Road 1: GATEWAY PARK DR; Road 2: SPORTSWORLD DR; Vehicle #1     Make: TOYT     Model: CBL     Colour: GRY     Style: 4D; Vehicle #2     Make: MAZD     Model: 3TR     Colour: WHI     Style: 4D,8/16/2022 2:57:41 PM,549174.0648,4806308.393
51756,21300126,12/23/2021 5:39:00 PM,2021,12,23,17,39,0,Thursday,541581.9445,4806863.102,-80.486391,43.413509,Non intersection,2,P.D. only,Thru lane,unknown,unknown,SMV other,Unknown,Dark,07 - Dark,Regional municipality,No control,unknown,1,0,0,FALSE,FALSE,FALSE,Snow,,FALSE,Road 1: BLOCK LINE RD (50 km/h); Road 2: MCLENNAN PARK GATE; Distance: 20.0 M W; Charged Driver #1 on page 1: HTA 154 (NA) (NA); Vehicle #1     Make: NISS     Model: ROG     Colour: WHI     Style: TY,8/16/2022 2:54:41 PM,541581.9445,4806863.102
51757,21300138,12/23/2021 6:10:00 PM,2021,12,23,18,10,0,Thursday,540795.9874,4809182.268,-80.495925,43.434434,At intersection,2,P.D. only,Within intersection,unknown,unknown,Angle,Stop sign,Dark,07 - Dark,Municipal (excl. Twp. Rd.),Stop sign,unknown,0,0,0,FALSE,FALSE,FALSE,Snow,,TRUE,Road 1: STIRLING AVE S; Road 2: PLEASANT AVE; Vehicle #1     Make: KIA     Model: SPO     Colour: WHI     Style: TY; Vehicle #2     Make: MITS     Model: RVR     Colour: GRY     Style: TY,1/3/2023 10:18:19 AM,540795.9874,4809182.268
51758,21300592,12/24/2021 11:00:00 AM,2021,12,24,11,0,0,Friday,537851.9278,4809076.9,-80.532308,43.43364,At/near private drive,2,P.D. only,Thru lane,unknown,unknown,Other,Unknown,Daylight,01 - Daylight,Municipal (excl. Twp. Rd.),No control,unknown,1,0,0,FALSE,FALSE,FALSE,Clear,,FALSE,Road 1: OPRINGTON DR (50 km/h); Road 2: BENESFORT DR; Distance: 2.0 K W; Charged Driver #1 on page 1: HTA 139 (NA) (NA); Vehicle #1     Make: FORD     Model: FX5     Colour: GRN     Style: 4D; Vehicle #2     Make: HYUN     Model: SAN     Colour: RED     S,4/22/2022 2:27:11 PM,537851.9278,4809076.9
51759,21301428,12/25/2021 4:35:00 PM,2021,12,25,16,35,0,Saturday,546993.3692,4808375.655,-80.419423,43.426808,At intersection,2,P.D. only,Within intersection,unknown,unknown,Turning movement,Unknown,Dusk,05 - Dusk,Municipal (excl. Twp. Rd.),unknown,Functioning,0,0,0,FALSE,FALSE,FALSE,Clear,,FALSE,Road 1: RIVER RD E (50 km/h); Road 2: GRAND RIVER BLVD (50 km/h); Charged Driver #1 on page 1: HTA 142 (NA) (NA); Vehicle #1     Make: AUDI     Model: A62     Colour: BLK     Style: 4D; Vehicle #2     Make: TOYT     Model: CBS     Colour: BLK     Style: 4,8/16/2022 3:03:41 PM,546993.3692,4808375.655
51760,21301936,12/21/2021 8:00:00 PM,2021,12,21,20,0,0,Tuesday,540267.0027,4809968.55,-80.502403,43.441543,Non intersection,2,P.D. only,Thru lane,unknown,unknown,SMV unattended vehicle,Unknown,Dark,07 - Dark,Regional municipality,No control,unknown,0,0,0,FALSE,FALSE,FALSE,Snow,,TRUE,Road 1: WEST AVE; Road 2: HIGHLAND RD W; Vehicle #1     Make:      Model:      Colour:      Style: ; Vehicle #2     Make: GMC     Model: YUK     Colour: BLK     Style: TY,8/16/2022 3:05:53 PM,540267.0027,4809968.551
51761,21302347,12/26/2021 8:00:00 PM,2021,12,26,20,0,0,Sunday,544287.8707,4812757.054,-80.452491,43.466423,Non intersection,2,P.D. only,Thru lane,unknown,unknown,SMV unattended vehicle,Unknown,Dark,07 - Dark,Municipal (excl. Twp. Rd.),No control,unknown,0,0,0,FALSE,FALSE,FALSE,Clear,,TRUE,Road 1: 27 FORFAR AVE (IFO); Vehicle #1     Make:      Model:      Colour:      Style: ; Vehicle #2     Make: HOND     Model: CIV     Colour: BLK     Style: 4D,4/22/2022 2:25:01 PM,544287.8707,4812757.054
51762,21302488,12/26/2021 9:00:00 PM,2021,12,26,21,0,0,Sunday,539672.0975,4807366.75,-80.509944,43.418148,Non intersection,2,Non-reportable,Thru lane,unknown,unknown,SMV unattended vehicle,Unknown,Dark,07 - Dark,Municipal (excl. Twp. Rd.),No control,unknown,0,0,0,FALSE,FALSE,FALSE,Snow,,TRUE,Road 1: VALLEYVIEW RD (IFO 25); Vehicle #1     Make:      Model:      Colour:      Style: ; Vehicle #2     Make: NISS     Model: ATL     Colour: BLK     Style: 4D,8/16/2022 3:05:19 PM,539672.0975,4807366.75
51763,21302644,12/27/2021 12:26:00 PM,2021,12,27,12,26,0,Monday,543653.1087,4813003.337,-80.460318,43.468678,Non intersection,2,P.D. only,Not on roadway - right side,unknown,unknown,SMV other,Unknown,Daylight,01 - Daylight,Municipal (excl. Twp. Rd.),No control,unknown,0,0,0,FALSE,FALSE,FALSE,Snow,,FALSE,Road 1: 150 SHIRLEY AVE (50 km/h); Road 2: SHIRLEY AVE; Distance: 5.0 K W; Vehicle #1     Make:      Model:      Colour:      Style:,8/16/2022 3:04:03 PM,543653.1087,4813003.337
51764,21303469,12/28/2021 5:00:00 PM,2021,12,28,17,0,0,Tuesday,544610.2091,4809092.663,-80.448806,43.43341,At intersection,2,P.D. only,Left turn lane,unknown,unknown,Angle,Unknown,Dark,07 - Dark,Regional municipality,unknown,Functioning,0,0,0,FALSE,FALSE,FALSE,Clear,,TRUE,Road 1: FRANKLIN ST N; Road 2: KINGSWAY DR; Vehicle #1     Make: HYUN     Model: SFT     Colour: GRY     Style: TY; Vehicle #2     Make:      Model:      Colour:      Style:,1/3/2023 10:18:23 AM,544610.2091,4809092.663
51765,21303542,12/28/2021 7:00:00 PM,2021,12,28,19,0,0,Tuesday,540536.3377,4807292.67,-80.499274,43.417434,At/near private drive,2,Non-reportable,Thru lane,unknown,unknown,SMV unattended vehicle,Unknown,Dark,07 - Dark,Municipal (excl. Twp. Rd.),No control,unknown,0,0,0,FALSE,FALSE,FALSE,Clear,,TRUE,Road 1: LAURENTIAN DR (IFO 29); Vehicle #1     Make: HYUN     Model: SHL     Colour: BLK     Style: 4D; Vehicle #2     Make:      Model:      Colour:      Style:,4/22/2022 2:26:53 PM,540536.3377,4807292.67
51766,21303697,12/28/2021 11:24:00 PM,2021,12,28,23,24,0,Tuesday,540597.0615,4809499.333,-80.49836,43.4373,Non intersection,2,P.D. only,Not on roadway - left side,unknown,unknown,SMV other,Unknown,Dark,07 - Dark,Municipal (excl. Twp. Rd.),No control,unknown,0,0,0,FALSE,FALSE,FALSE,Freezing Rain,,FALSE,Road 1: 68 PLEASANT AVE (50 km/h); Road 2: PLEASANT AVE; Distance: 10.0 M S; Vehicle #1     Make: BMW     Model: X12     Colour: SIL     Style: SW,4/22/2022 2:25:24 PM,540597.0615,4809499.333
51767,21304274,12/29/2021 7:04:00 PM,2021,12,29,19,4,0,Wednesday,544987.8604,4811296.529,-80.443958,43.453231,Non intersection,1,Non-fatal injury,Thru lane,unknown,unknown,Approaching,Unknown,Dark,07 - Dark,Municipal (excl. Twp. Rd.),No control,unknown,1,0,0,FALSE,TRUE,FALSE,Clear,,FALSE,Road 1: 80 BRECKENRIDGE DR (50 km/h); Road 2: BRECKENRIDGE DR; Distance: 4.0 M W; Charged Driver #1 on page 1: HTA 62 (NA) (NA); Vehicle #1     Make: BICY     Model: MOUN     Colour:      Style: BK; Vehicle #2     Make: BMW     Model: 28X     Colour: BRZ ,8/16/2022 2:54:51 PM,544987.8604,4811296.53
51768,21304650,12/30/2021 9:40:00 AM,2021,12,30,9,40,0,Thursday,539111.7522,4811655.713,-80.516558,43.456795,At intersection,2,P.D. only,Within intersection,unknown,unknown,Angle,Unknown,Daylight,01 - Daylight,Municipal (excl. Twp. Rd.),unknown,Functioning,0,0,0,FALSE,FALSE,FALSE,Clear,,FALSE,Road 1: PARK ST (50 km/h); Road 2: UNION BLVD (50 km/h); Charged Driver #1 on page 1: HTA 144 (NA) (NA); Vehicle #1     Make: HOND     Model: CRV     Colour: BLK     Style: TY; Vehicle #2     Make: FORD     Model: CSC     Colour: WHI     Style: PD,8/16/2022 3:05:10 PM,539111.7522,4811655.713
51769,21305530,12/31/2021 12:00:00 PM,2021,12,31,12,0,0,Friday,541949.3007,4811591.23,-80.48149,43.456061,Non intersection,2,P.D. only,Thru lane,unknown,unknown,Other,Unknown,Daylight,01 - Daylight,Municipal (excl. Twp. Rd.),No control,unknown,0,0,0,FALSE,FALSE,FALSE,Clear,,TRUE,Road 1: 11 GORDON AVE (IFO); Vehicle #1     Make: AUDI     Model: A63     Colour: BLK     Style: 4D; Vehicle #2     Make: HYUN     Model: ASE     Colour: GRY     Style: 4D,8/16/2022 2:58:25 PM,541949.3007,4811591.23
51770,21305705,12/31/2021 5:45:00 PM,2021,12,31,17,45,0,Friday,543213.9713,4804533.524,-80.466417,43.392441,Intersection related,2,P.D. only,Within intersection,unknown,unknown,Rear end,Unknown,Dark,07 - Dark,Regional municipality,unknown,unknown,0,0,0,FALSE,FALSE,FALSE,Clear,,TRUE,Road 1: STRASBURG RD; Road 2: HURON RD; Vehicle #1     Make:      Model:      Colour:      Style: ; Vehicle #2     Make: VOLK     Model: RAB     Colour: RED     Style: 4B,8/16/2022 3:04:58 PM,543213.9713,4804533.524
51771,21306800,12/31/2021 7:00:00 PM,2021,12,31,19,0,0,Friday,542107.9907,4807131.48,-80.479873,43.415896,At intersection,2,Non-reportable,Thru lane,unknown,unknown,Sideswipe,Unknown,Dark,07 - Dark,Regional municipality,unknown,Functioning,0,0,0,FALSE,FALSE,FALSE,Clear,,TRUE,Road 1: BLOCK LINE RD; Road 2: STRASBURG RD; Vehicle #1     Make: HOND     Model: UAX     Colour: BLK     Style: 4D; Vehicle #2     Make: MITS     Model: LST     Colour: GRY     Style: 4D,8/16/2022 2:54:22 PM,542107.9907,4807131.48
51772,2171278,7/23/2021 8:45:00 AM,2021,7,23,8,45,0,Friday,540815.9807,4809807.233,-80.495632,43.44006,Non intersection,2,Non-reportable,Thru lane,unknown,unknown,Rear end,Unknown,Daylight,01 - Daylight,Regional municipality,No control,unknown,0,0,0,FALSE,FALSE,FALSE,Clear,,TRUE,Road 1: HIGHLAND RD E; Road 2: RUBY ST; Vehicle #1     Make: HOND     Model: UCL     Colour: SIL     Style: 4D; Vehicle #2     Make: CHEV     Model: ITZ     Colour: GRY     Style: 4D,2/11/2022 11:08:34 AM,540815.9807,4809807.233
51773,22000369,1/1/2022 1:06:00 PM,2022,1,1,13,6,0,Saturday,546063.3405,4809492.615,-80.430818,43.436923,At intersection,2,P.D. only,Within intersection,unknown,unknown,Angle,Unknown,Daylight,01 - Daylight,Municipal (excl. Twp. Rd.),unknown,Functioning,0,0,0,FALSE,FALSE,FALSE,Clear,,FALSE,Road 1: RIVER RD E (60 km/h); Road 2: KINZIE AVE (50 km/h); Charged Driver #1 on page 1: HTA 130 (NA) (NA); Vehicle #1     Make: HOND     Model: UCL     Colour: WHI     Style: 4D; Vehicle #2     Make: VOLK     Model: GTI     Colour: BLK     Style: 2B,4/27/2022 10:42:03 AM,546063.3405,4809492.615
51774,22000699,1/1/2022 10:15:00 PM,2022,1,1,22,15,0,Saturday,545760.5027,4803959.926,-80.435023,43.387125,At intersection,2,Non-reportable,Thru lane,unknown,unknown,Angle,Unknown,Dark,07 - Dark,Municipal (excl. Twp. Rd.),unknown,Functioning,0,0,0,FALSE,FALSE,FALSE,Clear,,TRUE,Road 1: APPLE RIDGE DR; Road 2: DOON MILLS DR; Vehicle #1     Make: HYUN     Model: ELA     Colour: GRY     Style: 4D; Vehicle #2     Make: BMW     Model: BX3     Colour: WHI     Style: TY,1/3/2023 10:19:34 AM,545760.5027,4803959.926
51775,22000866,1/2/2022 8:00:00 AM,2022,1,2,8,0,0,Sunday,541571.9004,4802403.057,-80.486854,43.373351,Non intersection,1,Non-fatal injury,Left shoulder,unknown,unknown,SMV other,Unknown,Daylight,01 - Daylight,Township,No control,unknown,0,0,0,FALSE,FALSE,FALSE,Snow,,FALSE,Road 1: PLAINS RD (60 km/h); Road 2: 388 PLAINS RD; Distance: 100.0 M E; Vehicle #1     Make: CHEV     Model: ML1     Colour: GRY     Style: 4D,4/27/2022 10:40:05 AM,541571.9004,4802403.057
51776,22001643,12/30/2021 10:30:00 AM,2021,12,30,10,30,0,Thursday,538305.1582,4810398.31,-80.526616,43.445515,At/near private drive,2,Non-reportable,Thru lane,unknown,unknown,SMV other,Unknown,Daylight,01 - Daylight,Municipal (excl. Twp. Rd.),No control,unknown,0,0,0,FALSE,FALSE,FALSE,Clear,,TRUE,Road 1: WESTWOOD DR (IFO 81); Vehicle #1     Make: FORD     Model: EDG     Colour: BLK     Style: TY,8/16/2022 3:06:07 PM,538305.1582,4810398.31
51777,22001665,12/4/2021 1:10:00 PM,2021,12,4,13,10,0,Saturday,541385.6983,4808629.127,-80.488681,43.429421,Non intersection,2,Non-reportable,Thru lane,unknown,unknown,Sideswipe,Unknown,Daylight,01 - Daylight,Regional municipality,No control,unknown,0,0,0,FALSE,FALSE,FALSE,Clear,,TRUE,Road 1: HOMER WATSON KITCHENER; Road 2: HOFFMAN ROAD KITCHENER; Vehicle #1     Make: CHEV     Model: ORL     Colour: BLK     Style: TY; Vehicle #2     Make: FORD     Model: FEE     Colour: GRY     Style: 4D,8/16/2022 2:59:37 PM,541385.6983,4808629.127
51778,22001685,12/29/2021 7:20:00 PM,2021,12,29,19,20,0,Wednesday,546077.4835,4805068.068,-80.431017,43.397084,Non intersection,2,Non-reportable,Thru lane,unknown,unknown,Sideswipe,Unknown,Dark,07 - Dark,Municipal (excl. Twp. Rd.),No control,unknown,0,0,0,FALSE,FALSE,FALSE,Clear,,TRUE,Road 1: GREEN VALLEY DR; Road 2: PIONEER DRIVE; Vehicle #1     Make: FIAT     Model: 5SP     Colour: WHI     Style: 2B; Vehicle #2     Make:      Model:      Colour:      Style:,4/22/2022 2:25:10 PM,546077.4835,4805068.068
51779,22001750,1/3/2022 12:57:00 PM,2022,1,3,12,57,0,Monday,544838.848,4809572.796,-80.445941,43.43772,At intersection,2,P.D. only,Right shoulder,unknown,unknown,Other,Unknown,Daylight,01 - Daylight,Municipal (excl. Twp. Rd.),unknown,unknown,0,0,0,FALSE,FALSE,FALSE,Clear,,FALSE,Road 1: FRANKLIN ST N (50 km/h); Road 2: SHUH AVE (50 km/h); Charged Driver #1 on page 1: HTA 142 (NA) (NA); Vehicle #1     Make: VOLK     Model: JMG     Colour: BLK     Style: 4D; Vehicle #2     Make: MMS     Model: LAN     Colour: RED     Style: 4D,4/22/2022 2:26:21 PM,544838.848,4809572.796
51780,22001776,12/29/2021 11:30:00 AM,2021,12,29,11,30,0,Wednesday,541432.0116,4803960.962,-80.488463,43.387386,Non intersection,2,Non-reportable,Thru lane,unknown,unknown,SMV unattended vehicle,Unknown,Daylight,01 - Daylight,Municipal (excl. Twp. Rd.),No control,unknown,0,0,0,FALSE,FALSE,FALSE,Clear,,TRUE,Road 1: SEABROOK DR; Road 2: VALENCIA AVE; Vehicle #1     Make:      Model:      Colour:      Style: ; Vehicle #2     Make: TOYT     Model: MTL     Colour: WHI     Style: 4D,8/16/2022 3:03:50 PM,541432.0116,4803960.962
51781,22002351,12/18/2021 10:45:00 AM,2021,12,18,10,45,0,Saturday,538593.8351,4811203.03,-80.522991,43.452746,At/near private drive,2,P.D. only,Off highway,unknown,unknown,SMV unattended vehicle,Unknown,Daylight,01 - Daylight,Municipal (excl. Twp. Rd.),No control,unknown,0,0,0,FALSE,FALSE,FALSE,Snow,,TRUE,Road 1: 261 UNION BLVD (IFO); Vehicle #1     Make: HOND     Model: UCL     Colour: GRY     Style: 4D; Vehicle #2     Make: GMC     Model: SIE     Colour: GRY     Style: PK,1/3/2023 10:20:33 AM,538593.8351,4811203.03
51782,22002361,12/19/2021 12:00:00 PM,2021,12,19,12,0,0,Sunday,541394.3619,4810861.804,-80.488405,43.449524,At/near private drive,2,P.D. only,Thru lane,unknown,unknown,SMV unattended vehicle,Unknown,Daylight,01 - Daylight,Regional municipality,No control,unknown,0,0,0,FALSE,FALSE,FALSE,Clear,,TRUE,Road 1: KING ST E; Road 2: QUEEN ST N; Vehicle #1     Make:      Model:      Colour:      Style: ; Vehicle #2     Make: HYUN     Model: K2G     Colour: RED     Style: TY,4/22/2022 2:26:48 PM,541394.3619,4810861.804
51783,22002621,1/4/2022 2:20:00 PM,2022,1,4,14,20,0,Tuesday,541778.4307,4807528.702,-80.483913,43.419491,At intersection,2,P.D. only,Thru lane,unknown,unknown,Rear end,Unknown,Daylight,01 - Daylight,Municipal (excl. Twp. Rd.),unknown,Functioning,0,0,0,FALSE,FALSE,FALSE,Clear,,TRUE,Road 1: STRASBURG RD; Road 2: BARWOOD; Vehicle #1     Make: HOND     Model: CCL     Colour: BLU     Style: 4D; Vehicle #2     Make: NISS     Model: AHY     Colour: GRY     Style: 4D,1/3/2023 10:19:05 AM,541778.4307,4807528.702
51784,22002924,1/4/2022 9:20:00 PM,2022,1,4,21,20,0,Tuesday,539051.9971,4805937.711,-80.517705,43.405313,Non intersection,2,P.D. only,Right shoulder,unknown,unknown,SMV other,Unknown,Other,99 - Other,Municipal (excl. Twp. Rd.),No control,unknown,0,0,0,FALSE,FALSE,FALSE,Other,,FALSE,Road 1: 306 ACTIVA AVE (50 km/h); Road 2: ACTIVA AVE; Distance: 20.0 M S; Vehicle #1     Make: PETE     Model:      Colour:      Style:,4/22/2022 2:25:12 PM,539051.9971,4805937.711
51785,22003368,11/25/2021 5:30:00 PM,2021,11,25,17,30,0,Thursday,541679.8778,4810931.388,-80.484871,43.450135,Other,2,Non-reportable,Other,unknown,unknown,Angle,Unknown,Other,99 - Other,Municipal (excl. Twp. Rd.),No control,unknown,0,0,0,FALSE,FALSE,FALSE,Clear,,TRUE,Road 1: SCOTT ST; Road 2: DUKE ST E; Vehicle #1     Make: FORD     Model: COF     Colour: RED     Style: PK; Vehicle #2     Make:      Model:      Colour:      Style:,1/3/2023 10:23:50 AM,541679.8778,4810931.388
51786,22003384,12/10/2021 8:30:00 AM,2021,12,10,8,30,0,Friday,545149.6461,4810110.57,-80.442057,43.442543,At/near private drive,2,Non-reportable,Thru lane,unknown,unknown,Approaching,Unknown,Daylight,01 - Daylight,Municipal (excl. Twp. Rd.),No control,unknown,0,0,0,FALSE,FALSE,FALSE,Snow,,TRUE,Road 1: 115 RENNIE DR (IFO); Vehicle #1     Make:      Model:      Colour:      Style: ; Vehicle #2     Make: NISS     Model: NV2     Colour: WHI     Style: FV,1/3/2023 10:20:58 AM,545149.6461,4810110.57
51787,22003390,12/30/2021 4:35:00 PM,2021,12,30,16,35,0,Thursday,542651.9921,4807351.773,-80.473136,43.417849,At intersection,2,Non-reportable,Within intersection,unknown,unknown,Sideswipe,Unknown,Dusk,05 - Dusk,Municipal (excl. Twp. Rd.),unknown,Functioning,0,0,0,FALSE,FALSE,FALSE,Clear,,TRUE,Road 1: KINGSWOOD DR; Road 2: BLOCK LINE RD; Vehicle #1     Make: CHEV     Model: ML     Colour: BLK     Style: 4D; Vehicle #2     Make: GMC     Model: TER     Colour: GRY     Style: TY,8/16/2022 2:54:12 PM,542651.992,4807351.773
51788,22003396,12/14/2021 4:50:00 PM,2021,12,14,16,50,0,Tuesday,547904.1277,4811314.233,-80.407914,43.453209,Non intersection,2,Non-reportable,Thru lane,unknown,unknown,Other,Unknown,Dusk,05 - Dusk,Municipal (excl. Twp. Rd.),No control,unknown,0,0,0,FALSE,FALSE,FALSE,Clear,,TRUE,Road 1: 1352 OLD ZELLER DR (IFO); Vehicle #1     Make: RAM     Model: RTR     Colour: BLK     Style: CW; Vehicle #2     Make: HYUN     Model: TUC     Colour: GRY     Style: TY,1/3/2023 10:10:36 AM,547904.1277,4811314.233
51789,22003525,1/5/2022 5:15:00 PM,2022,1,5,17,15,0,Wednesday,541643.7376,4810883.27,-80.485321,43.449704,Non intersection,2,P.D. only,Off highway,unknown,unknown,SMV other,Unknown,Dusk,05 - Dusk,Municipal (excl. Twp. Rd.),No control,unknown,0,0,0,FALSE,FALSE,FALSE,Snow,,FALSE,Road 1: DUKE ST E (50 km/h); Road 2: SCOTT ST; Distance: 5.0 K S; Vehicle #1     Make: NISS     Model: A2S     Colour: GRY     Style: 4D,4/27/2022 10:40:02 AM,541643.7376,4810883.27
51790,22004113,12/27/2021 10:00:00 AM,2021,12,27,10,0,0,Monday,544894.7298,4811740.077,-80.445073,43.45723,Non intersection,2,Non-reportable,Thru lane,unknown,unknown,SMV unattended vehicle,Unknown,Daylight,01 - Daylight,Municipal (excl. Twp. Rd.),No control,unknown,0,0,0,FALSE,FALSE,FALSE,Clear,,TRUE,Road 1: 80 HUDSON CRESCENT (IFO); Vehicle #1     Make:      Model:      Colour:      Style: ; Vehicle #2     Make: KIA     Model: FEX     Colour: SIL     Style: 4D,1/3/2023 10:11:23 AM,544894.7298,4811740.077
51791,22004139,12/18/2021 10:00:00 AM,2021,12,18,10,0,0,Saturday,538777.4013,4807810.374,-80.520964,43.422189,At intersection,2,P.D. only,Within intersection,unknown,unknown,Other,Unknown,Daylight,01 - Daylight,Municipal (excl. Twp. Rd.),unknown,Functioning,0,0,0,FALSE,FALSE,FALSE,Snow,,TRUE,Road 1: ELM RIDGE DR; Road 2: MCGARRY DR; Vehicle #1     Make: VOLK     Model: PTS     Colour: BLK     Style: 4D; Vehicle #2     Make:      Model:      Colour:      Style:,1/3/2023 10:17:59 AM,538777.4013,4807810.374
51792,22004184,12/18/2021 11:15:00 AM,2021,12,18,11,15,0,Saturday,536508.0876,4809514.982,-80.548883,43.437651,At intersection,2,P.D. only,Thru lane,unknown,unknown,SMV other,Unknown,Daylight,01 - Daylight,Municipal (excl. Twp. Rd.),unknown,unknown,0,0,0,FALSE,FALSE,FALSE,Snow,,TRUE,Road 1: RESURRECTION DR; Road 2: NORTHMANOR CRESCENT; Vehicle #1     Make: NISS     Model: ROG     Colour: WHI     Style: TY,4/22/2022 2:26:17 PM,536508.0876,4809514.982
51793,22004595,1/7/2022 2:55:00 AM,2022,1,7,2,55,0,Friday,539457.5511,4806057.489,-80.512688,43.40637,Non intersection,2,P.D. only,Off highway,unknown,unknown,SMV other,Unknown,"Dark, artificial","08 - Dark, artificial",Municipal (excl. Twp. Rd.),No control,unknown,0,0,0,FALSE,FALSE,FALSE,Clear,,FALSE,Road 1: 186 ACTIVA AVE (50 km/h); Road 2: DONNENWERTH DR; Distance: 10.0 M E; Charged Driver #1 on page 1: HTA 130 (NA) (NA); Vehicle #1     Make: HOND     Model: UDY     Colour: SIL     Style: VN,1/3/2023 10:13:32 AM,539457.5511,4806057.489