OBJECTID,ACCIDENTNUM,ACCIDENTDATE,ACCIDENT_YEAR,ACCIDENT_MONTH,ACCIDENT_DAY,ACCIDENT_HOUR,ACCIDENT_MINUTE,ACCIDENT_SECOND,ACCIDENT_WEEKDAY,XCOORD,YCOORD,LONGITUDE,LATITUDE,ACCIDENTLOCATION,COLLISIONTYPE,CLASSIFICATIONOFACCIDENT,IMPACTLOCATION,INITIALDIRECTIONOFTRAVELONE,INITIALDIRECTIONOFTRAVELTWO,INITIALIMPACTTYPE,INTTRAFFICCONTROL,LIGHT,LIGHTFORREPORT,ROADJURISDICTION,TRAFFICCONTROL,TRAFFICCONTROLCONDITION,THRULANENO,NORTHBOUNDDISOBEYCOUNT,SOUTHBOUNDDISOBEYCOUNT,PEDESTRIANINVOLVED,CYCLISTINVOLVED,MOTORCYCLISTINVOLVED,ENVIRONMENTCONDITION1,ENVIRONMENTCONDITION2,SELFREPORTED,XMLIMPORTNOTES,LASTEDITEDDATE,x,y
51794,22004847,12/23/2021 9:30:00 AM,2021,12,23,9,30,0,Thursday,543586.7001,4811843.644,-80.461232,43.45824,At intersection,2,P.D. only,Thru lane,unknown,unknown,Rear end,Unknown,Daylight,01 - Daylight,Municipal (excl. Twp. Rd.),unknown,unknown,0,0,0,FALSE,FALSE,FALSE,Snow,,TRUE,Road 1: ISLINGTON AVE; Road 2: SHERWOOD AVE; Vehicle #1     Make:      Model:      Colour:      Style: ; Vehicle #2     Make: CHEV     Model: SIL     Colour: SIL     Style: PK,4/22/2022 2:26:19 PM,543586.7001,4811843.644
51795,22004916,12/23/2021 1:20:00 PM,2021,12,23,13,20,0,Thursday,542471.914,4812922.415,-80.474927,43.468017,Intersection related,2,Non-reportable,Thru lane,unknown,unknown,Other,Unknown,Daylight,01 - Daylight,Municipal (excl. Twp. Rd.),unknown,Functioning,0,0,0,FALSE,FALSE,FALSE,Clear,,TRUE,Road 1: SEREDA RD; Road 2: GUELPH ST; Vehicle #1     Make: CHEV     Model: ML1     Colour: BLK     Style: 4D; Vehicle #2     Make:      Model:      Colour:      Style:,1/3/2023 10:16:25 AM,542471.914,4812922.415
51796,22005053,1/7/2022 1:30:00 PM,2022,1,7,13,30,0,Friday,542730.8274,4816379.52,-80.471455,43.49913,Non intersection,2,Non-reportable,Thru lane,unknown,unknown,SMV unattended vehicle,Unknown,Daylight,01 - Daylight,Municipal (excl. Twp. Rd.),No control,unknown,0,0,0,FALSE,FALSE,FALSE,Clear,,TRUE,Road 1: 81 EAGLECREST ST (IFO); Vehicle #1     Make:      Model:      Colour:      Style: ; Vehicle #2     Make: NISS     Model: ATS     Colour: GRY     Style: 4D,12/22/2022 9:30:27 AM,542730.8274,4816379.52
51797,22006682,1/9/2022 7:04:00 PM,2022,1,9,19,4,0,Sunday,544910.5806,4812482.566,-80.444816,43.463915,At intersection,2,P.D. only,Within intersection,unknown,unknown,Angle,Unknown,"Dark, artificial","08 - Dark, artificial",Municipal (excl. Twp. Rd.),unknown,Functioning,0,0,0,FALSE,FALSE,FALSE,Snow,,FALSE,Road 1: NATCHEZ RD (50 km/h); Road 2: HALIFAX DR (50 km/h); Charged Driver #1 on page 1: HTA 136 (NA) (NA); Vehicle #1     Make: TOYT     Model: YAR     Colour: GRY     Style: 4B; Vehicle #2     Make: HOND     Model: UCS     Colour: GRY     Style: 2D,1/3/2023 10:18:49 AM,544910.5806,4812482.566
51798,22006733,1/9/2022 8:52:00 PM,2022,1,9,20,52,0,Sunday,544883.8824,4804849.766,-80.445773,43.395191,At intersection,2,P.D. only,Within intersection,unknown,unknown,Approaching,Unknown,Dark,07 - Dark,Regional municipality,unknown,Functioning,0,0,0,FALSE,FALSE,FALSE,Snow,,FALSE,Road 1: PIONEER DR (50 km/h); Road 2: DOON VILLAGE RD (50 km/h); Charged Driver #1 on page 1: HTA 130 (NA) (NA); Vehicle #1     Make: HYUN     Model: SSE     Colour: WHI     Style: 4D; Vehicle #2     Make: TOYO     Model: SIE     Colour: GRY     Style: VN,1/3/2023 10:18:53 AM,544883.8824,4804849.766
51799,22006791,1/9/2022 10:27:00 PM,2022,1,9,22,27,0,Sunday,538866.1534,4810231.386,-80.519695,43.443983,Non intersection,2,P.D. only,Thru lane,unknown,unknown,Approaching,Unknown,Dark,07 - Dark,Municipal (excl. Twp. Rd.),No control,unknown,1,0,0,FALSE,FALSE,FALSE,Drifting Snow,,FALSE,Road 1: BRYBECK CRES (50 km/h); Road 2: KARN ST; Distance: 500.0 M E; Vehicle #1     Make: GMC     Model: SIE     Colour: BLK     Style: PK; Vehicle #2     Make: CHEV     Model: AVS     Colour: GRY     Style: 4D,1/3/2023 10:12:31 AM,538866.1534,4810231.386
51800,22006918,1/10/2022 6:47:00 AM,2022,1,10,6,47,0,Monday,538962.0129,4806096.029,-80.518805,43.406743,Non intersection,2,P.D. only,Not on roadway - left side,unknown,unknown,SMV other,Unknown,Dark,07 - Dark,Municipal (excl. Twp. Rd.),No control,unknown,0,0,0,FALSE,FALSE,FALSE,Snow,,FALSE,Road 1: 190 DAVID BERGEY DR (50 km/h); Road 2: DAVID BERGEY DR; Distance: 50.0 M N; Charged Driver #1 on page 1: HTA NA (NA) (NA); Vehicle #1     Make: HOND     Model: CVL     Colour: BLU     Style: 4D,1/3/2023 10:11:34 AM,538962.0129,4806096.029
51801,22007053,12/23/2021 5:00:00 PM,2021,12,23,17,0,0,Thursday,542649.2452,4807349.762,-80.47317,43.417831,Intersection related,2,P.D. only,Thru lane,unknown,unknown,Rear end,Unknown,Dark,07 - Dark,Municipal (excl. Twp. Rd.),unknown,Functioning,0,0,0,FALSE,FALSE,FALSE,Clear,,TRUE,Road 1: BLOCK LINE RD; Road 2: KINGSWOOD DR; Vehicle #1     Make: FORD     Model: COF     Colour: GRY     Style: PK; Vehicle #2     Make:      Model:      Colour:      Style:,4/22/2022 2:25:50 PM,542649.2452,4807349.762
51802,22007116,1/10/2022 11:44:00 AM,2022,1,10,11,44,0,Monday,538182.1511,4807508.724,-80.528338,43.419503,Non intersection,2,P.D. only,Thru lane,unknown,unknown,Sideswipe,Unknown,Daylight,01 - Daylight,Municipal (excl. Twp. Rd.),No control,unknown,1,0,0,FALSE,FALSE,FALSE,Snow,,FALSE,Road 1: MCGARRY DR (50 km/h); Road 2: ROYAL ORCHARD DR; Distance: 50.0 M E; Charged Driver #1 on page 1: HTA 148 (NA) (NA); Vehicle #1     Make: HYUN     Model: SFT     Colour: BLU     Style: TY; Vehicle #2     Make: TRAC     Model: SERI     Colour:      ,1/3/2023 10:11:38 AM,538182.1511,4807508.724
51803,22008699,12/24/2021 7:00:00 PM,2021,12,24,19,0,0,Friday,540123.96,4808205.079,-80.5043,43.425672,Non intersection,2,Non-reportable,Thru lane,unknown,unknown,SMV unattended vehicle,Unknown,Dark,07 - Dark,Municipal (excl. Twp. Rd.),No control,unknown,0,0,0,FALSE,FALSE,FALSE,Clear,,TRUE,Road 1: 167 STONYBROOK DR (IFO); Road 2: STONYBROOK DR; Vehicle #1     Make:      Model:      Colour:      Style: ; Vehicle #2     Make: INFI     Model: G35     Colour: BLU     Style: 2D,4/22/2022 2:25:05 PM,540123.96,4808205.079
51804,22008763,1/1/2022 7:30:00 PM,2022,1,1,19,30,0,Saturday,544846.5365,4804130.625,-80.446293,43.388718,At/near private drive,2,Non-reportable,Thru lane,unknown,unknown,SMV unattended vehicle,Unknown,Dark,07 - Dark,Municipal (excl. Twp. Rd.),No control,unknown,0,0,0,FALSE,FALSE,FALSE,Snow,,TRUE,Road 1: SABRINA CRESCENT (IFO 49); Road 2: BECHTEL DR; Vehicle #1     Make: DODG     Model: CHE     Colour: RED     Style: 2D; Vehicle #2     Make:      Model:      Colour:      Style:,12/22/2022 9:30:26 AM,544846.5365,4804130.625
51805,22009448,12/7/2021 6:15:00 AM,2021,12,7,6,15,0,Tuesday,544361.466,4804964.531,-80.452214,43.396255,Non intersection,2,P.D. only,Thru lane,unknown,unknown,Approaching,Unknown,"Dark, artificial","08 - Dark, artificial",Municipal (excl. Twp. Rd.),No control,unknown,0,0,0,FALSE,FALSE,FALSE,Clear,,TRUE,Road 1: 36 WINDY RIDGE DR; Vehicle #1     Make: DODG     Model: CAR     Colour: BLK     Style: VN; Vehicle #2     Make:      Model:      Colour:      Style:,4/22/2022 2:25:22 PM,544361.466,4804964.531
51806,22009514,1/1/2022 9:15:00 PM,2022,1,1,21,15,0,Saturday,541900.2838,4803657.889,-80.482705,43.384631,At/near private drive,2,P.D. only,Thru lane,unknown,unknown,SMV unattended vehicle,Unknown,Dark,07 - Dark,Municipal (excl. Twp. Rd.),No control,unknown,0,0,0,FALSE,FALSE,FALSE,Snow,,TRUE,Road 1: CANNES ST (IFO 30); Road 2: ROCHEFORT ST.; Vehicle #1     Make: BMW     Model: BX3     Colour: WHI     Style: TY; Vehicle #2     Make: RAM     Model: RTR     Colour: GRY     Style: PK,1/3/2023 10:21:50 AM,541900.2838,4803657.889
51807,22009685,1/13/2022 3:23:00 PM,2022,1,13,15,23,0,Thursday,545684.2508,4803968.435,-80.435964,43.387207,Non intersection,2,P.D. only,Not on roadway - right side,unknown,unknown,SMV other,Unknown,Daylight,01 - Daylight,Municipal (excl. Twp. Rd.),No control,unknown,0,0,0,FALSE,FALSE,FALSE,Clear,,FALSE,Road 1: 265 DOON MILLS DR (40 km/h); Road 2: DOON MILLS DR; Distance: 15.0 M S; Vehicle #1     Make: TOYT     Model: CYR     Colour: BLU     Style: 4B,1/3/2023 10:11:42 AM,545684.2508,4803968.435
51808,22009727,1/12/2022 11:30:00 PM,2022,1,12,23,30,0,Wednesday,540506.0083,4808563.711,-80.499554,43.428881,At/near private drive,2,P.D. only,Not on roadway - right side,unknown,unknown,SMV other,Unknown,Dark,07 - Dark,Municipal (excl. Twp. Rd.),No control,unknown,0,0,0,FALSE,FALSE,FALSE,Clear,,FALSE,Road 1: 84 GREENBROOK DR (50 km/h); Road 2: GREENBROOK DR; Distance: 1.0 M W; Vehicle #1     Make:      Model:      Colour:      Style:,1/3/2023 10:21:16 AM,540506.0083,4808563.711
51809,22010329,1/14/2022 11:00:00 AM,2022,1,14,11,0,0,Friday,543506.5779,4808924.144,-80.462455,43.431958,Non intersection,2,P.D. only,Thru lane,unknown,unknown,SMV unattended vehicle,Unknown,Daylight,01 - Daylight,Municipal (excl. Twp. Rd.),No control,unknown,0,0,0,FALSE,FALSE,FALSE,Clear,,TRUE,Road 1: 220 DIXON ST (IFO 220); Vehicle #1     Make:      Model:      Colour:      Style: ; Vehicle #2     Make: HYUN     Model: ESS     Colour: BLU     Style: 4D,1/3/2023 10:13:48 AM,543506.5779,4808924.144
51810,22011291,7/24/2021 12:00:00 PM,2021,7,24,12,0,0,Saturday,543095.5112,4812231.316,-80.467272,43.461759,Non intersection,2,Non-reportable,Thru lane,unknown,unknown,SMV unattended vehicle,Unknown,Daylight,01 - Daylight,Municipal (excl. Twp. Rd.),No control,unknown,0,0,0,FALSE,FALSE,FALSE,Clear,,TRUE,Road 1: 51 ETHEL ST KITCHENER; Vehicle #1     Make:      Model:      Colour:      Style: ; Vehicle #2     Make: HYUN     Model: CFE     Colour: RED     Style: TY,8/16/2022 2:57:07 PM,543095.5112,4812231.316
51811,22011370,1/15/2022 12:25:00 PM,2022,1,15,12,25,0,Saturday,536525.0004,4807104.586,-80.548835,43.415947,At/near private drive,2,P.D. only,Off highway,unknown,unknown,SMV unattended vehicle,Unknown,Daylight,01 - Daylight,Municipal (excl. Twp. Rd.),No control,unknown,0,0,0,FALSE,FALSE,FALSE,Clear,,FALSE,Road 1: 11 BENT WILLOW DR (50 km/h); Road 2: BENT WILLOW DR; Distance: 1.0 M W; Charged Driver #1 on page 1: HTA 199 (NA) (NA); Vehicle #1     Make: TOYT     Model: CIE     Colour: BLU     Style: VN; Vehicle #2     Make: AUDI     Model: AQ8     Colour: BL,1/3/2023 10:21:26 AM,536525.0004,4807104.586
51812,22011836,8/6/2021 2:00:00 PM,2021,8,6,14,0,0,Friday,539317.5258,4810616.225,-80.514089,43.447425,At intersection,2,P.D. only,Within intersection,unknown,unknown,Sideswipe,Unknown,Daylight,01 - Daylight,Regional municipality,unknown,Functioning,0,0,0,FALSE,FALSE,FALSE,Clear,,TRUE,Road 1: BELMONT AVE W; Road 2: GAGE AVE CHERRY HILL KITCHENER; Vehicle #1     Make: CHEV     Model: BLT     Colour: GRN     Style: 2D; Vehicle #2     Make: KIA     Model: SOR     Colour: GRY     Style: TY,8/16/2022 2:54:00 PM,539317.5258,4810616.225
51813,22011974,1/8/2022 2:10:00 PM,2022,1,8,14,10,0,Saturday,541708.3118,4810679.161,-80.484539,43.447862,Intersection related,2,Non-reportable,Thru lane,unknown,unknown,Rear end,Unknown,Daylight,01 - Daylight,Regional municipality,unknown,Functioning,0,0,0,FALSE,FALSE,FALSE,Clear,,TRUE,Road 1: KING ST E; Road 2: EBY ST S; Vehicle #1     Make: KIA     Model: SPO     Colour: WHI     Style: TY; Vehicle #2     Make: FORD     Model: SPE     Colour: BLK     Style: TY,4/27/2022 10:41:16 AM,541708.3118,4810679.161
51814,22012067,1/1/2022 9:30:00 PM,2022,1,1,21,30,0,Saturday,544819.8805,4805063.578,-80.446546,43.39712,At intersection,2,P.D. only,Thru lane,unknown,unknown,SMV other,Unknown,Dark,07 - Dark,Municipal (excl. Twp. Rd.),unknown,unknown,0,0,0,FALSE,FALSE,FALSE,Snow,,TRUE,Road 1: 8 UPPER CANADA DR; Road 2: DOON VILLAGE RD; Vehicle #1     Make: CHEV     Model: CXT     Colour: BLU     Style: 4D,4/27/2022 10:41:56 AM,544819.8805,4805063.578
51815,22012450,1/17/2022 6:05:00 AM,2022,1,17,6,5,0,Monday,543442.8261,4811579.817,-80.463031,43.455873,At intersection,2,Non-reportable,Within intersection,unknown,unknown,Angle,Unknown,Dark,07 - Dark,Municipal (excl. Twp. Rd.),Stop sign,Functioning,0,0,0,FALSE,FALSE,FALSE,Snow,,TRUE,Road 1: KRUG ST; Road 2: CAMBRIDGE AVE; Vehicle #1     Make: JEEP     Model: WUL     Colour: BLU     Style: TY; Vehicle #2     Make:      Model:      Colour:      Style:,12/22/2022 9:33:12 AM,543442.8261,4811579.817
51816,22012557,1/9/2022 9:10:00 PM,2022,1,9,21,10,0,Sunday,543898.1291,4809040.737,-80.457608,43.432985,Non intersection,2,P.D. only,Right shoulder,unknown,unknown,SMV unattended vehicle,Unknown,Dark,07 - Dark,Municipal (excl. Twp. Rd.),No control,unknown,0,0,0,FALSE,FALSE,FALSE,Clear,,TRUE,Road 1: 27 CONNAUGHT PLACE; Vehicle #1     Make:      Model:      Colour:      Style: ; Vehicle #2     Make: MAZD     Model: 3TR     Colour: GRY     Style: 4B,4/22/2022 2:25:15 PM,543898.1291,4809040.737
51817,22012662,1/17/2022 11:30:00 AM,2022,1,17,11,30,0,Monday,543883.3587,4811416.336,-80.457599,43.454375,Non intersection,2,P.D. only,Thru lane,unknown,unknown,Sideswipe,Unknown,Daylight,01 - Daylight,Municipal (excl. Twp. Rd.),No control,unknown,1,0,0,FALSE,FALSE,FALSE,Snow,,FALSE,Road 1: 92 KENWOOD DR (50 km/h); Road 2: KENWOOD DR; Distance: 5.0 M W; Vehicle #1     Make:      Model:      Colour:      Style: ; Vehicle #2     Make: VOLK     Model: JTC     Colour: BLU     Style: 4D,12/22/2022 9:31:41 AM,543883.3587,4811416.336
51818,22012666,1/6/2022 6:40:00 AM,2022,1,6,6,40,0,Thursday,546707.9636,4802250.819,-80.423472,43.371678,Non intersection,2,P.D. only,Thru lane,unknown,unknown,Rear end,Unknown,Dark,07 - Dark,Municipal (excl. Twp. Rd.),No control,unknown,0,0,0,FALSE,FALSE,FALSE,Clear,,TRUE,Road 1: 20 REICHERT DR (IFO); Vehicle #1     Make: TOYT     Model: CBL     Colour: GRY     Style: 4D; Vehicle #2     Make: TOYT     Model: MTL     Colour: GRY     Style: 4D,4/22/2022 2:25:12 PM,546707.9636,4802250.819
51819,22012705,1/16/2022 10:30:00 AM,2022,1,16,10,30,0,Sunday,536232.884,4809386.386,-80.552292,43.436507,At/near private drive,1,Non-fatal injury,Thru lane,unknown,unknown,SMV other,Unknown,Daylight,01 - Daylight,Municipal (excl. Twp. Rd.),No control,Not applicable,1,0,0,TRUE,FALSE,FALSE,Clear,,FALSE,Road 1: 246 RESURRECTION DR (50 km/h); Road 2: RESURRECTION DR; Distance: 1.0 M W; Vehicle #1     Make: TOYT     Model: RV4     Colour: GRY     Style: TY,1/3/2023 10:21:40 AM,536232.884,4809386.386
51820,22012789,1/17/2022 2:37:00 PM,2022,1,17,14,37,0,Monday,541180.3826,4809392.475,-80.49116,43.436306,Intersection related,2,P.D. only,Within intersection,unknown,unknown,Angle,Unknown,Daylight,01 - Daylight,Regional municipality,Traffic signal,Functioning,0,0,0,FALSE,FALSE,FALSE,Clear,,FALSE,Road 1: HIGHLAND RD E (50 km/h); Road 2: STIRLING AVE S (50 km/h); Charged Driver #1 on page 1: HTA 144 (NA) (NA); Vehicle #1     Make: HYUN     Model: CFE     Colour: SIL     Style: TY; Vehicle #2     Make: MAZD     Model: CX9     Colour: GRY     Style: ,12/22/2022 9:37:02 AM,541180.3826,4809392.475
51821,22012805,1/17/2022 3:08:00 PM,2022,1,17,15,8,0,Monday,541636.354,4810368.939,-80.485452,43.445073,Non intersection,2,P.D. only,Not on roadway - right side,unknown,unknown,SMV other,Unknown,Daylight,01 - Daylight,Municipal (excl. Twp. Rd.),No control,unknown,0,0,0,FALSE,FALSE,FALSE,Snow,,FALSE,Road 1: CEDAR ST S (50 km/h); Road 2: CHURCH ST; Distance: 50.0 M S; Charged Driver #1 on page 1: HTA 340 (94) (NA); Vehicle #1     Make: LEXS     Model: RX5     Colour: BLK     Style: TY,12/22/2022 9:37:07 AM,541636.354,4810368.939
51822,22013323,1/17/2022 2:00:00 PM,2022,1,17,14,0,0,Monday,538544.6375,4809059.154,-80.523751,43.433445,Other,2,P.D. only,Other,unknown,unknown,Rear end,Unknown,Daylight,01 - Daylight,Municipal (excl. Twp. Rd.),No control,unknown,0,0,0,FALSE,FALSE,FALSE,Snow,,TRUE,Road 1: 210 HIGHLAND CRESCENT VICTORIA HILLS; Vehicle #1     Make:      Model:      Colour:      Style: ; Vehicle #2     Make: TOYT     Model: RV4     Colour: WHI     Style: TY,12/22/2022 9:30:46 AM,538544.6375,4809059.154
51823,22013438,1/18/2022 2:02:00 PM,2022,1,18,14,2,0,Tuesday,542939.3068,4807447.385,-80.46958,43.418694,Non intersection,2,Non-reportable,Passing lane,unknown,unknown,Sideswipe,Unknown,Daylight,01 - Daylight,Municipal (excl. Twp. Rd.),No control,unknown,0,0,0,FALSE,FALSE,FALSE,Snow,,TRUE,Road 1: BLOCK LINE RD COUNTRY HILLS EAST (1450); Road 2: HOMER WATSON; Vehicle #1     Make: TOYT     Model: XLL     Colour: GRY     Style: 4D; Vehicle #2     Make: FORD     Model: SRW     Colour: WHI     Style: PK,4/22/2022 2:25:17 PM,542939.3068,4807447.385
51824,22013574,1/17/2022 8:30:00 AM,2022,1,17,8,30,0,Monday,541633.8947,4811413.279,-80.485402,43.454476,At intersection,2,P.D. only,Within intersection,unknown,unknown,Angle,Unknown,Daylight,01 - Daylight,Municipal (excl. Twp. Rd.),unknown,Functioning,0,0,0,FALSE,FALSE,FALSE,Snow,,TRUE,Road 1: MARGARET AVE; Road 2: QUEEN ST; Vehicle #1     Make: HYUN     Model: BGS     Colour: RED     Style: 4D; Vehicle #2     Make: CHEV     Model: SIL     Colour: WHI     Style: PK,1/3/2023 10:18:57 AM,541633.8947,4811413.279
51825,22014016,1/19/2022 9:05:00 AM,2022,1,19,9,5,0,Wednesday,541894.8398,4807391.079,-80.482486,43.418246,Intersection related,2,P.D. only,Thru lane,unknown,unknown,Angle,Unknown,Daylight,01 - Daylight,Municipal (excl. Twp. Rd.),Stop sign,Functioning,1,0,0,FALSE,FALSE,FALSE,Clear,,FALSE,Road 1: STRASBURG RD (50 km/h); Road 2: SELKIRK DR (50 km/h); Distance: 3.0 M N; Vehicle #1     Make:      Model:      Colour:      Style: 196; Vehicle #2     Make: HYUN     Model: GN2     Colour: RED     Style: 2D,12/22/2022 9:27:36 AM,541894.8398,4807391.079
51826,22015313,1/20/2022 8:27:00 PM,2022,1,20,20,27,0,Thursday,545718.494,4809133.287,-80.435109,43.433709,Non intersection,2,P.D. only,Right shoulder,unknown,unknown,SMV unattended vehicle,Unknown,Dark,07 - Dark,Municipal (excl. Twp. Rd.),No control,unknown,0,0,0,FALSE,FALSE,FALSE,Clear,,FALSE,Road 1: GRULKE AVE (50 km/h); Road 2: KINZIE AVE; Distance: 12.0 M E; Vehicle #1     Make:      Model:      Colour:      Style: ; Vehicle #2     Make: HOND     Model: FLX     Colour: BLK     Style: 4B,12/22/2022 9:32:09 AM,545718.494,4809133.287
51827,22015551,1/21/2022 8:30:00 AM,2022,1,21,8,30,0,Friday,539316.3195,4810615.082,-80.514104,43.447415,At intersection,2,P.D. only,Within intersection,unknown,unknown,Sideswipe,Unknown,Daylight,01 - Daylight,Municipal (excl. Twp. Rd.),Traffic signal,Functioning,0,0,0,FALSE,FALSE,FALSE,Clear,,TRUE,Road 1: BELMONT AVE W; Road 2: GAGE AVE; Vehicle #1     Make: HOND     Model: CCL     Colour: GRY     Style: 4D; Vehicle #2     Make: FORD     Model: FMS     Colour: GRY     Style: 4D,12/22/2022 9:32:31 AM,539316.3195,4810615.082
51828,22015977,1/21/2022 5:35:00 PM,2022,1,21,17,35,0,Friday,545124.5252,4807657.968,-80.44257,43.420461,At/near private drive,1,Non-fatal injury,Left turn lane,unknown,unknown,Angle,Unknown,Dusk,05 - Dusk,Municipal (excl. Twp. Rd.),unknown,unknown,0,0,0,FALSE,FALSE,FALSE,Clear,,FALSE,Road 1: WILSON AVE (50 km/h); Road 2: 385 WILSON AVE; Distance: 15.0 M W; Charged Driver #1 on page 1: HTA 139 (NA) (NA); Vehicle #1     Make: LNDR     Model: DVS     Colour: GRY     Style: TY; Vehicle #2     Make: TOYT     Model: CIE     Colour: GRY     ,12/22/2022 9:36:47 AM,545124.5252,4807657.968
51829,22016128,1/21/2022 9:30:00 PM,2022,1,21,21,30,0,Friday,546551.1319,4807020.364,-80.425002,43.414633,Intersection related,2,P.D. only,Thru lane,unknown,unknown,SMV other,Unknown,"Dark, artificial","08 - Dark, artificial",Municipal (excl. Twp. Rd.),Stop sign,Functioning,1,0,0,FALSE,FALSE,FALSE,Clear,,FALSE,Road 1: HIDDEN VALLEY RD (50 km/h); Road 2: HIDDEN VALLEY CRES (50 km/h); Distance: 10.0 M W; Vehicle #1     Make: PORS     Model: POR     Colour: WHI     Style: TY,12/22/2022 9:36:16 AM,546551.1319,4807020.364
51830,22016346,1/22/2022 7:52:00 AM,2022,1,22,7,52,0,Saturday,544884.1872,4804849.843,-80.445769,43.395191,At intersection,2,P.D. only,Thru lane,unknown,unknown,Rear end,Unknown,Dawn,03 - Dawn,Municipal (excl. Twp. Rd.),Traffic signal,Functioning,1,0,0,FALSE,FALSE,FALSE,Clear,,FALSE,Road 1: DOON VILLAGE RD (60 km/h); Road 2: PIONEER DR (60 km/h); Charged Driver #1 on page 1: HTA 200SUBSE (NA) (NA); Vehicle #1     Make: TOYT     Model: CBS     Colour: SIL     Style: 4D; Vehicle #2     Make: HOND     Model: UEX     Colour: BLK     Styl,12/22/2022 9:36:09 AM,544884.1872,4804849.843
51831,22016387,1/22/2022 9:20:00 AM,2022,1,22,9,20,0,Saturday,539111.8123,4811655.712,-80.516557,43.456795,At intersection,1,Non-fatal injury,Within intersection,unknown,unknown,Angle,Unknown,Daylight,01 - Daylight,Municipal (excl. Twp. Rd.),Traffic signal,unknown,0,0,1,FALSE,FALSE,FALSE,Clear,,FALSE,Road 1: PARK ST (60 km/h); Road 2: UNION BLVD (60 km/h); Charged Driver #1 on page 1: NA NA (NA) (NA); Vehicle #1     Make: NISS     Model: JUK     Colour: RED     Style: TY; Vehicle #2     Make: MERZ     Model: B25     Colour: GRY     Style: 4B,12/22/2022 9:37:12 AM,539111.8123,4811655.712
51832,22016415,1/22/2022 10:08:00 AM,2022,1,22,10,8,0,Saturday,544767.9979,4807291.959,-80.447004,43.417187,At/near private drive,2,P.D. only,Thru lane,unknown,unknown,Angle,Unknown,Daylight,01 - Daylight,Municipal (excl. Twp. Rd.),No control,unknown,1,0,0,FALSE,FALSE,FALSE,Clear,,FALSE,Road 1: 160 WEBSTER RD (50 km/h); Road 2: WEBSTER RD; Distance: 2.0 M N; Charged Driver #1 on page 1: HTA 139 (NA) (NA); Vehicle #1     Make:      Model:      Colour: YEL     Style: ; Vehicle #2     Make: CHRY     Model: 300     Colour: GRN     Style: 4D,12/22/2022 9:36:47 AM,544767.9979,4807291.959
51833,22017379,1/23/2022 3:35:00 PM,2022,1,23,15,35,0,Sunday,543568.7214,4804977.194,-80.462002,43.396416,At intersection,1,Non-fatal injury,Within intersection,unknown,unknown,Angle,Unknown,Daylight,01 - Daylight,Municipal (excl. Twp. Rd.),Traffic signal,Functioning,0,0,0,FALSE,FALSE,FALSE,Clear,,FALSE,Road 1: HURON RD (60 km/h); Road 2: BATTLER RD (50 km/h); Charged Driver #1 on page 1: HTA 130 (NA) (NA); Vehicle #1     Make: HOND     Model: AST     Colour: BLK     Style: 4D; Vehicle #2     Make: ACUR     Model: AWT     Colour: WHI     Style: 4D,12/22/2022 9:36:04 AM,543568.7214,4804977.194
51834,22017468,1/23/2022 4:32:00 PM,2022,1,23,16,32,0,Sunday,546096.977,4809637.88,-80.43039,43.438229,At/near private drive,2,Non-reportable,Thru lane,unknown,unknown,SMV unattended vehicle,Unknown,Daylight,01 - Daylight,Municipal (excl. Twp. Rd.),No control,unknown,0,0,0,FALSE,FALSE,FALSE,Clear,,TRUE,Road 1: VERONICA DR (IFO 550); Vehicle #1     Make:      Model:      Colour:      Style: ; Vehicle #2     Make: TOYT     Model: TAC     Colour: GRY     Style: PK,12/22/2022 9:32:10 AM,546096.977,4809637.88
51835,22017885,12/30/2021 6:20:00 PM,2021,12,30,18,20,0,Thursday,543648.2055,4808339.727,-80.460752,43.426687,Non intersection,2,P.D. only,Right shoulder,unknown,unknown,SMV unattended vehicle,Unknown,"Dark, artificial","08 - Dark, artificial",Municipal (excl. Twp. Rd.),No control,unknown,0,0,0,FALSE,FALSE,FALSE,Clear,,TRUE,Road 1: MASSEY AVE; Road 2: VANIER DR; Vehicle #1     Make: MAZD     Model: M3I     Colour: BLU     Style: 4D; Vehicle #2     Make: TOYT     Model: MTL     Colour: BLK     Style: 4D,8/16/2022 3:01:43 PM,543648.2055,4808339.727
51836,22017931,1/15/2022 9:55:00 AM,2022,1,15,9,55,0,Saturday,541140.8915,4806763.225,-80.491846,43.412634,At intersection,2,P.D. only,Thru lane,unknown,unknown,Rear end,Unknown,Daylight,01 - Daylight,Regional municipality,unknown,Functioning,0,0,0,FALSE,FALSE,FALSE,Clear,,TRUE,Road 1: BLOCK LINE RD; Road 2: LAURENTIAN DR; Vehicle #1     Make: HYUN     Model: TUC     Colour: BLK     Style: TY; Vehicle #2     Make: MITS     Model: OUT     Colour: GRY     Style: TY,1/3/2023 10:19:18 AM,541140.8915,4806763.225