OBJECTID,ACCIDENTNUM,ACCIDENTDATE,ACCIDENT_YEAR,ACCIDENT_MONTH,ACCIDENT_DAY,ACCIDENT_HOUR,ACCIDENT_MINUTE,ACCIDENT_SECOND,ACCIDENT_WEEKDAY,XCOORD,YCOORD,LONGITUDE,LATITUDE,ACCIDENTLOCATION,COLLISIONTYPE,CLASSIFICATIONOFACCIDENT,IMPACTLOCATION,INITIALDIRECTIONOFTRAVELONE,INITIALDIRECTIONOFTRAVELTWO,INITIALIMPACTTYPE,INTTRAFFICCONTROL,LIGHT,LIGHTFORREPORT,ROADJURISDICTION,TRAFFICCONTROL,TRAFFICCONTROLCONDITION,THRULANENO,NORTHBOUNDDISOBEYCOUNT,SOUTHBOUNDDISOBEYCOUNT,PEDESTRIANINVOLVED,CYCLISTINVOLVED,MOTORCYCLISTINVOLVED,ENVIRONMENTCONDITION1,ENVIRONMENTCONDITION2,SELFREPORTED,XMLIMPORTNOTES,LASTEDITEDDATE,x,y
51881,22029437,2/7/2022 11:18:00 PM,2022,2,7,23,18,0,Monday,546052.0363,4807169.89,-80.431154,43.41601,Non intersection,2,P.D. only,Not on roadway - right side,unknown,unknown,SMV other,Unknown,Dark,07 - Dark,Municipal (excl. Twp. Rd.),No control,unknown,0,0,0,FALSE,FALSE,FALSE,Snow,,FALSE,Road 1: HIDDEN VALLEY RD (50 km/h); Road 2: WABANAKI DR; Distance: 200.0 M S; Vehicle #1     Make: HOND     Model: CCL     Colour: BLU     Style: 4D,12/22/2022 9:33:32 AM,546052.0363,4807169.89
51882,22029686,1/27/2022 3:45:00 PM,2022,1,27,15,45,0,Thursday,545841.2271,4807184.519,-80.433756,43.416155,Non intersection,2,P.D. only,Thru lane,unknown,unknown,Rear end,Unknown,Daylight,01 - Daylight,Municipal (excl. Twp. Rd.),No control,unknown,0,0,0,FALSE,FALSE,FALSE,Rain,,TRUE,Road 1: WABANAKI DR; Vehicle #1     Make: JEEP     Model: CHK     Colour: BLK     Style: TY; Vehicle #2     Make: PONT     Model: MON     Colour: WHI     Style: VN,4/22/2022 2:25:18 PM,545841.2271,4807184.519
51883,22032193,1/28/2022 6:30:00 PM,2022,1,28,18,30,0,Friday,538799.4229,4806688.727,-80.520771,43.412088,Non intersection,2,P.D. only,Thru lane,unknown,unknown,SMV unattended vehicle,Unknown,Dark,07 - Dark,Municipal (excl. Twp. Rd.),No control,unknown,0,0,0,FALSE,FALSE,FALSE,Clear,,TRUE,Road 1: 104 WAKE ROBIN DR; Vehicle #1     Make:      Model:      Colour:      Style: ; Vehicle #2     Make: KIA     Model: SPO     Colour: BLK     Style: TY,4/22/2022 2:25:19 PM,538799.4229,4806688.727
51884,22032216,2/8/2022 2:30:00 PM,2022,2,8,14,30,0,Tuesday,546785.2227,4809880.241,-80.421865,43.440369,Non intersection,2,Non-reportable,Thru lane,unknown,unknown,Other,Unknown,Daylight,01 - Daylight,Municipal (excl. Twp. Rd.),No control,unknown,0,0,0,FALSE,FALSE,FALSE,Clear,,TRUE,Road 1: 323 BRIARMEADOW DR (IFO); Vehicle #1     Make: NISS     Model: MUR     Colour: SIL     Style: TY; Vehicle #2     Make: FORD     Model: EDG     Colour: GRY     Style: TY,12/22/2022 9:31:39 AM,546785.2227,4809880.241
51885,22032240,2/11/2022 9:46:00 AM,2022,2,11,9,46,0,Friday,540983.0976,4809706.829,-80.493574,43.439147,Non intersection,2,P.D. only,Not on roadway - right side,unknown,unknown,SMV other,Unknown,Daylight,01 - Daylight,Regional municipality,No control,unknown,0,0,0,FALSE,FALSE,FALSE,Snow,,FALSE,Road 1: HIGHLAND RD E (50 km/h); Road 2: SPADINA RD. E; Distance: 20.0 M S; Vehicle #1     Make: VOLK     Model: TIG     Colour: WHI     Style: TY,12/22/2022 9:26:48 AM,540983.0976,4809706.829
51886,22032266,2/11/2022 11:15:00 AM,2022,2,11,11,15,0,Friday,545967.9386,4803122.276,-80.432533,43.379571,At/near private drive,2,Non-reportable,Thru lane,unknown,unknown,SMV unattended vehicle,Unknown,Daylight,01 - Daylight,Municipal (excl. Twp. Rd.),No control,unknown,0,0,0,FALSE,FALSE,FALSE,Clear,,TRUE,Road 1: 468 DOON SOUTH DR; Vehicle #1     Make: RAM     Model: RTR     Colour: BLK     Style: PK; Vehicle #2     Make:      Model:      Colour:      Style:,12/22/2022 9:32:03 AM,545967.9386,4803122.276
51887,22032304,2/11/2022 12:10:00 PM,2022,2,11,12,10,0,Friday,539044.5727,4811195.039,-80.517421,43.452651,Intersection related,2,P.D. only,Thru lane,unknown,unknown,Sideswipe,Unknown,Daylight,01 - Daylight,Regional municipality,Stop sign,Functioning,0,0,0,FALSE,FALSE,FALSE,Snow,,TRUE,Road 1: BELMONT AVE W; Road 2: ROCK AVE; Vehicle #1     Make: HOND     Model: PIL     Colour: GRY     Style: TY; Vehicle #2     Make:      Model:      Colour:      Style:,12/22/2022 9:28:12 AM,539044.5727,4811195.039
51888,22032400,2/11/2022 2:45:00 PM,2022,2,11,14,45,0,Friday,539176.3077,4806674.242,-80.516117,43.411938,At intersection,2,Non-reportable,Within intersection,unknown,unknown,Turning movement,Unknown,Daylight,01 - Daylight,Municipal (excl. Twp. Rd.),Stop sign,Functioning,0,0,0,FALSE,FALSE,FALSE,Snow,,TRUE,Road 1: WILDERNESS DR; Road 2: GREY FOX DR; Vehicle #1     Make: JEEP     Model: WUL     Colour: BLK     Style: TY; Vehicle #2     Make:      Model:      Colour:      Style:,12/22/2022 9:31:52 AM,539176.3077,4806674.243
51889,22032470,2/11/2022 4:00:00 PM,2022,2,11,16,0,0,Friday,541180.3839,4809392.539,-80.49116,43.436307,At intersection,2,P.D. only,Thru lane,unknown,unknown,Rear end,Unknown,Daylight,01 - Daylight,Regional municipality,unknown,unknown,0,0,0,FALSE,FALSE,FALSE,Snow,,TRUE,Road 1: HIGHLAND RD W; Road 2: STIRLING; Vehicle #1     Make: DODG     Model: JOU     Colour: BLK     Style: TY; Vehicle #2     Make: NISS     Model: ATS     Colour: GRY     Style: 4D,12/22/2022 9:34:25 AM,541180.3839,4809392.54
51890,22032575,2/11/2022 6:40:00 PM,2022,2,11,18,40,0,Friday,546062.7361,4809493.09,-80.430826,43.436928,At intersection,2,Non-reportable,Thru lane,unknown,unknown,Rear end,Unknown,Dark,07 - Dark,Regional municipality,Traffic signal,Functioning,0,0,0,FALSE,FALSE,FALSE,Freezing Rain,,TRUE,Road 1: RIVER RD E; Road 2: KINZIE AVE; Vehicle #1     Make: VOLK     Model: GEL     Colour: BLK     Style: 4B; Vehicle #2     Make:      Model:      Colour:      Style:,12/22/2022 9:32:08 AM,546062.7361,4809493.09
51891,22032664,2/11/2022 9:28:00 PM,2022,2,11,21,28,0,Friday,543569.0188,4804977.193,-80.461998,43.396416,At intersection,2,P.D. only,Within intersection,unknown,unknown,SMV other,Unknown,Dark,07 - Dark,Municipal (excl. Twp. Rd.),Traffic signal,Functioning,0,0,0,FALSE,FALSE,FALSE,Snow,,FALSE,Road 1: HURON RD (60 km/h); Road 2: BATTLER RD (60 km/h); Charged Driver #1 on page 1: HTA 70 (NA) (NA); Vehicle #1     Make: CHEV     Model: BSS     Colour: BLK     Style: 2D,12/22/2022 9:37:10 AM,543569.0188,4804977.193
51892,22033006,2/11/2022 9:00:00 AM,2022,2,11,9,0,0,Friday,545151.0331,4807209.803,-80.442279,43.416424,At/near private drive,2,Non-reportable,Off highway,unknown,unknown,SMV unattended vehicle,Unknown,Daylight,01 - Daylight,Municipal (excl. Twp. Rd.),No control,unknown,0,0,0,FALSE,FALSE,FALSE,Snow,,TRUE,Road 1: WILSON AVE KITCHENER; Road 2: IN FRONT OF HOUSES; Vehicle #1     Make:      Model:      Colour:      Style: ; Vehicle #2     Make: CHEV     Model: CZT     Colour: RED     Style: 4D,12/22/2022 9:32:07 AM,545151.0331,4807209.803
51893,22034329,1/14/2022 1:00:00 PM,2022,1,14,13,0,0,Friday,544430.0487,4810992.227,-80.450877,43.450524,At/near private drive,2,P.D. only,Thru lane,unknown,unknown,Other,Unknown,Daylight,01 - Daylight,Municipal (excl. Twp. Rd.),No control,unknown,0,0,0,FALSE,FALSE,FALSE,Clear,,TRUE,Road 1: 56 HICKSON DR; Vehicle #1     Make: MERZ     Model: GLE     Colour: BLK     Style: TY; Vehicle #2     Make: TOYT     Model: RV4     Colour: RED     Style: TY,1/3/2023 10:22:07 AM,544430.0487,4810992.228
51894,22034336,1/8/2022 9:40:00 PM,2022,1,8,21,40,0,Saturday,539951.8121,4805933.762,-80.506593,43.40523,At/near private drive,2,P.D. only,Thru lane,unknown,unknown,SMV unattended vehicle,Unknown,Dark,07 - Dark,Municipal (excl. Twp. Rd.),No control,unknown,0,0,0,FALSE,FALSE,FALSE,Clear,,TRUE,Road 1: 10 SWARTZ ST (IFO); Vehicle #1     Make:      Model:      Colour:      Style: ; Vehicle #2     Make: LNDR     Model: LR2     Colour: GRY     Style: TY,1/3/2023 10:22:03 AM,539951.8121,4805933.762
51895,22034369,1/2/2022 4:10:00 PM,2022,1,2,16,10,0,Sunday,544754.5226,4808022.989,-80.44711,43.42377,Intersection related,2,Non-reportable,Thru lane,unknown,unknown,Rear end,Unknown,Daylight,01 - Daylight,Municipal (excl. Twp. Rd.),unknown,Functioning,0,0,0,FALSE,FALSE,FALSE,Clear,,TRUE,Road 1: WILSON AVE; Road 2: TRAYNOR AVE; Vehicle #1     Make:      Model:      Colour:      Style: ; Vehicle #2     Make: NISS     Model: ROG     Colour: WHI     Style: TY,1/3/2023 10:16:29 AM,544754.5226,4808022.989
51896,22034377,10/28/2021 1:10:00 PM,2021,10,28,13,10,0,Thursday,540571.0253,4812710.941,-80.498442,43.466219,At intersection,2,P.D. only,Thru lane,unknown,unknown,SMV other,Stop sign,Daylight,01 - Daylight,Municipal (excl. Twp. Rd.),Stop sign,Functioning,0,0,0,FALSE,FALSE,FALSE,Clear,,TRUE,Road 1: MARGARET AVE; Road 2: UNION ST; Vehicle #1     Make: MAZD     Model: 3TR     Colour: BLK     Style: 4B,8/16/2022 3:01:39 PM,540571.0253,4812710.941
51897,22034429,10/30/2021 7:45:00 PM,2021,10,30,19,45,0,Saturday,537702.0531,4809287.631,-80.534146,43.435545,At/near private drive,2,P.D. only,Off highway,unknown,unknown,SMV unattended vehicle,Unknown,Dark,07 - Dark,Municipal (excl. Twp. Rd.),No control,unknown,0,0,0,FALSE,FALSE,FALSE,Clear,,TRUE,Road 1: WEXFORD CRESCENT (IFO 11 ON STREET); Vehicle #1     Make:      Model:      Colour:      Style: ; Vehicle #2     Make: HYUN     Model: AGG     Colour: GRY     Style: 4D,8/16/2022 3:06:12 PM,537702.0531,4809287.631
51898,22036614,2/17/2022 5:05:00 AM,2022,2,17,5,5,0,Thursday,546092.9593,4812404.176,-80.430206,43.463137,Non intersection,2,P.D. only,Thru lane,unknown,unknown,Sideswipe,Unknown,Dark,07 - Dark,Municipal (excl. Twp. Rd.),No control,unknown,0,0,0,FALSE,FALSE,FALSE,Snow,,TRUE,Road 1: KEEWATIN AVE (IFO 337); Vehicle #1     Make:      Model:      Colour:      Style: ; Vehicle #2     Make: KIA     Model: SOU     Colour: BLU     Style: TY; Vehicle #3     Make:      Model:      Colour:      Style:,12/22/2022 9:32:29 AM,546092.9593,4812404.176
51899,22036637,2/17/2022 6:47:00 AM,2022,2,17,6,47,0,Thursday,545275.0275,4806434.311,-80.440812,43.409434,At intersection,1,Non-fatal injury,Within intersection,unknown,unknown,Angle,Stop sign,Dawn,03 - Dawn,Municipal (excl. Twp. Rd.),Stop sign,Functioning,0,0,0,FALSE,FALSE,FALSE,Rain,,FALSE,Road 1: WILSON AVE (50 km/h); Road 2: WABANAKI DR (50 km/h); Charged Driver #1 on page 1: HTA 130 (NA) (NA); Vehicle #1     Make: TOYT     Model: HV4     Colour: BLU     Style: TY; Vehicle #2     Make: FORD     Model: DRW     Colour: WHI     Style: CB,12/22/2022 9:36:04 AM,545275.0275,4806434.311
51900,22036668,1/21/2022 8:50:00 PM,2022,1,21,20,50,0,Friday,544123.354,4809572.054,-80.454782,43.437755,At/near private drive,2,Non-reportable,Thru lane,unknown,unknown,SMV unattended vehicle,Unknown,Dark,07 - Dark,Municipal (excl. Twp. Rd.),No control,unknown,0,0,0,FALSE,FALSE,FALSE,Clear,,TRUE,Road 1: 67 ROSS AVE (IFO); Road 2: 70 ROSS AVE; Vehicle #1     Make:      Model:      Colour:      Style: ; Vehicle #2     Make: PONT     Model: TOR     Colour: BLK     Style: TY,12/22/2022 9:33:03 AM,544123.354,4809572.054
51901,22036702,2/17/2022 8:25:00 AM,2022,2,17,8,25,0,Thursday,543667.3672,4812459.89,-80.460185,43.463784,Non intersection,2,P.D. only,Thru lane,unknown,unknown,SMV unattended vehicle,Unknown,Daylight,01 - Daylight,Municipal (excl. Twp. Rd.),No control,unknown,0,0,0,FALSE,FALSE,FALSE,Rain,,TRUE,Road 1: 68 TURNER AVE; Vehicle #1     Make: TOYT     Model: RUN     Colour: WHI     Style: TY; Vehicle #2     Make: MAZD     Model: CX5     Colour: GRY     Style: TY,12/22/2022 9:32:41 AM,543667.3672,4812459.89
51902,22036728,1/19/2022 3:10:00 PM,2022,1,19,15,10,0,Wednesday,547490.0451,4805695.569,-80.41352,43.402646,Non intersection,2,Non-reportable,Thru lane,unknown,unknown,SMV unattended vehicle,Unknown,Daylight,01 - Daylight,Municipal (excl. Twp. Rd.),No control,unknown,0,0,0,FALSE,FALSE,FALSE,Clear,,TRUE,Road 1: LONGVIEW CRESCENT (IFO 232); Vehicle #1     Make:      Model:      Colour:      Style: ; Vehicle #2     Make: MITS     Model: RVR     Colour: BLU     Style: TY,12/22/2022 9:34:54 AM,547490.0451,4805695.569
51903,22036738,1/28/2022 11:55:00 AM,2022,1,28,11,55,0,Friday,544994.0914,4810962.544,-80.443909,43.450223,At/near private drive,2,Non-reportable,Thru lane,unknown,unknown,Sideswipe,Unknown,Daylight,01 - Daylight,Regional municipality,No control,unknown,0,0,0,FALSE,FALSE,FALSE,Clear,,TRUE,Road 1: 1005 RIVER RD E (STANLEY PARK MALL); Vehicle #1     Make:      Model:      Colour:      Style: ; Vehicle #2     Make: TOYT     Model: RV4     Colour: ONG     Style: TY,12/22/2022 9:31:05 AM,544994.0914,4810962.544
51904,22036774,2/1/2022 6:00:00 PM,2022,2,1,18,0,0,Tuesday,542405.7798,4806619.551,-80.476234,43.41127,At intersection,2,P.D. only,Within intersection,unknown,unknown,Angle,Unknown,Dark,07 - Dark,Municipal (excl. Twp. Rd.),Stop sign,Functioning,0,0,0,FALSE,FALSE,FALSE,Clear,,TRUE,Road 1: STRASBURG RD; Road 2: OLD COUNTRY DR; Vehicle #1     Make: JEEP     Model: PRT     Colour: WHI     Style: TY; Vehicle #2     Make: TOYT     Model: UCS     Colour: GRY     Style: 4D,12/22/2022 9:33:47 AM,542405.7798,4806619.551
51905,22037090,2/17/2022 5:08:00 PM,2022,2,17,17,8,0,Thursday,541309.8057,4809729.183,-80.489535,43.439331,At intersection,2,P.D. only,Not on roadway - right side,unknown,unknown,SMV other,Unknown,Daylight,01 - Daylight,Municipal (excl. Twp. Rd.),Stop sign,Functioning,0,0,0,FALSE,FALSE,FALSE,Snow,,FALSE,Road 1: MILL ST (50 km/h); Road 2: SPADINA RD E (50 km/h); Vehicle #1     Make:      Model:      Colour: WHI     Style: SUV,12/22/2022 9:34:33 AM,541309.8057,4809729.183
51906,22037094,2/17/2022 5:11:00 PM,2022,2,17,17,11,0,Thursday,544711.6383,4807944.38,-80.447647,43.423065,Intersection related,2,P.D. only,Thru lane,unknown,unknown,Sideswipe,Unknown,Daylight,01 - Daylight,Municipal (excl. Twp. Rd.),unknown,unknown,0,0,0,FALSE,FALSE,FALSE,Snow,,TRUE,Road 1: TRAYNOR AVE VANIER KITCHENER; Road 2: VANIER DR; Vehicle #1     Make: NISS     Model: ROS     Colour: WHI     Style: 4W; Vehicle #2     Make:      Model:      Colour:      Style:,12/22/2022 9:32:42 AM,544711.6383,4807944.38
51907,22037137,2/17/2022 5:00:00 PM,2022,2,17,17,0,0,Thursday,539998.5515,4810439.779,-80.505686,43.4458,Non intersection,2,P.D. only,Left shoulder,unknown,unknown,Rear end,Unknown,Daylight,01 - Daylight,Municipal (excl. Twp. Rd.),unknown,unknown,0,0,0,FALSE,FALSE,FALSE,Freezing Rain,,FALSE,Road 1: 3 STRANGE ST (50 km/h); Road 2: STRANGE ST; Distance: 1.0 M S; Vehicle #1     Make: PONT     Model: G3     Colour:      Style: 4D; Vehicle #2     Make: HYUN     Model: K3G     Colour: BLU     Style: TY,12/22/2022 9:26:45 AM,539998.5515,4810439.779
51908,22037578,1/30/2022 7:46:00 AM,2022,1,30,7,46,0,Sunday,545603.5206,4804261.683,-80.436936,43.389852,At/near private drive,2,P.D. only,Other,unknown,unknown,Other,Unknown,Dawn,03 - Dawn,Municipal (excl. Twp. Rd.),No control,unknown,0,0,0,FALSE,FALSE,FALSE,Clear,,TRUE,Road 1: 961 DOON VILLAGE RD; Vehicle #1     Make: HOND     Model: PIL     Colour: WHI     Style: TY; Vehicle #2     Make:      Model:      Colour:      Style:,12/22/2022 9:27:16 AM,545603.5206,4804261.683
51909,22037612,1/18/2022 8:23:00 AM,2022,1,18,8,23,0,Tuesday,538939.1161,4805773.579,-80.519111,43.403841,Non intersection,2,Non-reportable,Thru lane,unknown,unknown,SMV unattended vehicle,Unknown,Daylight,01 - Daylight,Municipal (excl. Twp. Rd.),No control,unknown,0,0,0,FALSE,FALSE,FALSE,Clear,,TRUE,Road 1: 300 MOUNTAIN LAUREL CRESCENT (IFO); Vehicle #1     Make: HOND     Model: UDY     Colour: SIL     Style: TY; Vehicle #2     Make: CHRY     Model: 3LM     Colour: WHI     Style: 4D,12/22/2022 9:30:42 AM,538939.1161,4805773.579
51910,22037622,1/24/2022 3:20:00 PM,2022,1,24,15,20,0,Monday,542834.7469,4804097.923,-80.471134,43.388541,Non intersection,2,Non-reportable,Thru lane,unknown,unknown,Other,Unknown,Daylight,01 - Daylight,Municipal (excl. Twp. Rd.),No control,unknown,0,0,0,FALSE,FALSE,FALSE,Snow,,TRUE,Road 1: 15 NEWCASTLE DR; Vehicle #1     Make: ACUR     Model: MDX     Colour: BLK     Style: TY; Vehicle #2     Make: HOND     Model: ODY     Colour: WHI     Style: VN,12/22/2022 9:32:24 AM,542834.7469,4804097.923
51911,22037636,2/18/2022 10:00:00 AM,2022,2,18,10,0,0,Friday,538668.0392,4810354.54,-80.522134,43.445102,Non intersection,2,P.D. only,Thru lane,unknown,unknown,Rear end,Unknown,Daylight,01 - Daylight,Municipal (excl. Twp. Rd.),No control,unknown,0,0,0,FALSE,FALSE,FALSE,Clear,,TRUE,Road 1: GAGE AVE; Vehicle #1     Make: TOYT     Model: CIE     Colour: WHI     Style: VN; Vehicle #2     Make: TOYT     Model: RG4     Colour: BLK     Style: TY,12/22/2022 9:34:39 AM,538668.0392,4810354.54
51912,22037734,2/18/2022 11:30:00 AM,2022,2,18,11,30,0,Friday,537475.434,4808030.844,-80.537032,43.42424,At/near private drive,2,Non-reportable,Thru lane,unknown,unknown,SMV unattended vehicle,Unknown,Daylight,01 - Daylight,Municipal (excl. Twp. Rd.),No control,unknown,0,0,0,FALSE,FALSE,FALSE,Clear,,TRUE,Road 1: CLAYCROFT CRESCENT (IFO 38); Vehicle #1     Make: TOYT     Model: RV4     Colour: GRY     Style: TY; Vehicle #2     Make:      Model:      Colour:      Style:,12/22/2022 9:29:22 AM,537475.434,4808030.844
51913,22038685,2/19/2022 1:50:00 PM,2022,2,19,13,50,0,Saturday,542841.9788,4809873.32,-80.470592,43.440542,Intersection related,1,Non-fatal injury,Within intersection,unknown,unknown,Angle,Unknown,Daylight,01 - Daylight,Municipal (excl. Twp. Rd.),Stop sign,Functioning,0,0,0,FALSE,FALSE,FALSE,Snow,,FALSE,Road 1: SYDNEY ST S (50 km/h); Road 2: CHARLES ST E (50 km/h); Charged Driver #1 on page 1: HTA 142 (NA) (NA); Vehicle #1     Make: HOND     Model: UDY     Colour: GRY     Style: TY; Vehicle #2     Make: VOLK     Model: JBS     Colour: GRY     Style: 4D,12/22/2022 9:36:50 AM,542841.9788,4809873.32
51914,22038887,2/19/2022 6:50:00 PM,2022,2,19,18,50,0,Saturday,544610.2099,4809092.543,-80.448806,43.433409,At intersection,1,Non-fatal injury,Within intersection,unknown,unknown,Angle,Unknown,Dark,07 - Dark,Municipal (excl. Twp. Rd.),Traffic signal,Functioning,0,0,0,FALSE,FALSE,FALSE,Clear,,FALSE,Road 1: KINGSWAY DR (50 km/h); Road 2: FRANKLIN ST S (50 km/h); Charged Driver #1 on page 1: HTA 130 (NA) (NA); Vehicle #1     Make: HYUN     Model: ETG     Colour: GRY     Style: 4B; Vehicle #2     Make: RAM     Model: RTR     Colour: SIL     Style: PK,12/22/2022 9:36:30 AM,544610.2099,4809092.543
51915,22038997,2/19/2022 9:00:00 PM,2022,2,19,21,0,0,Saturday,541741.0417,4810533.227,-80.484145,43.446546,At intersection,2,Non-reportable,Thru lane,unknown,unknown,Approaching,Unknown,Dark,07 - Dark,Regional municipality,unknown,unknown,0,0,0,FALSE,FALSE,FALSE,Clear,,TRUE,Road 1: CEDAR ST S; Road 2: CHARLES ST E; Vehicle #1     Make: FRHT     Model: FM2     Colour: WHI     Style: DP; Vehicle #2     Make:      Model:      Colour:      Style:,12/22/2022 9:32:15 AM,541741.0417,4810533.227
51916,22039487,2/20/2022 3:50:00 PM,2022,2,20,15,50,0,Sunday,538660.9573,4809546.511,-80.522279,43.437827,At/near private drive,2,P.D. only,Off highway,unknown,unknown,SMV unattended vehicle,Unknown,Daylight,01 - Daylight,Municipal (excl. Twp. Rd.),No control,unknown,0,0,0,FALSE,FALSE,FALSE,Clear,,TRUE,Road 1: VICMOUNT DR (IFO 70(2)); Vehicle #1     Make: TOYT     Model: MTL     Colour: BLK     Style: 4D; Vehicle #2     Make: TOYT     Model: MTL     Colour: SIL     Style: 4D,12/22/2022 9:29:32 AM,538660.9573,4809546.511
51917,22039563,2/20/2022 11:00:00 AM,2022,2,20,11,0,0,Sunday,541948.7989,4809147.847,-80.481684,43.434061,At/near private drive,2,P.D. only,Thru lane,unknown,unknown,SMV unattended vehicle,Unknown,Daylight,01 - Daylight,Municipal (excl. Twp. Rd.),No control,unknown,0,0,0,FALSE,FALSE,FALSE,Clear,,TRUE,Road 1: 45 PATTANDON AVE (IFO 45); Vehicle #1     Make:      Model:      Colour:      Style: ; Vehicle #2     Make: KIA     Model: FNG     Colour: BLK     Style: 4D,12/22/2022 9:32:45 AM,541948.7989,4809147.847
51918,22039709,2/20/2022 9:44:00 PM,2022,2,20,21,44,0,Sunday,541359.5255,4808642.026,-80.489003,43.429539,At intersection,2,P.D. only,Within intersection,unknown,unknown,Angle,Unknown,Dark,07 - Dark,Regional municipality,Stop sign,Functioning,0,0,1,FALSE,FALSE,FALSE,Clear,,FALSE,Road 1: HOMER WATSON BLVD (60 km/h); Road 2: HOFFMAN ST (50 km/h); Charged Driver #1 on page 1: HTA 130 (NA) (NA); Vehicle #1     Make: JEEP     Model: CHK     Colour: SIL     Style: TY; Vehicle #2     Make: JEEP     Model: WUL     Colour: BLK     Style: ,12/22/2022 9:36:37 AM,541359.5255,4808642.026
51919,22039869,2/21/2022 6:45:00 AM,2022,2,21,6,45,0,Monday,541937.1659,4816314.749,-80.481276,43.498592,At intersection,2,P.D. only,Within intersection,unknown,unknown,SMV other,Unknown,Dawn,03 - Dawn,Regional municipality,Yield sign,Functioning,0,0,0,FALSE,FALSE,FALSE,Snow,,FALSE,Road 1: KIWANIS PARK DR (50 km/h); Road 2: FALCONRIDGE DR (50 km/h); Distance: 3.0 M N; Vehicle #1     Make: GMC     Model: SIE     Colour: BLK     Style: CW,12/22/2022 9:32:02 AM,541937.1659,4816314.749
51920,22041232,2/23/2022 6:30:00 AM,2022,2,23,6,30,0,Wednesday,544200.6828,4812886.165,-80.453558,43.467591,Intersection related,2,Non-reportable,Thru lane,unknown,unknown,Turning movement,Unknown,Dark,07 - Dark,Regional municipality,unknown,unknown,0,0,0,FALSE,FALSE,FALSE,Clear,,TRUE,Road 1: FORFAR AVE; Road 2: VICTORIA ST N; Vehicle #1     Make: RAM     Model: RTR     Colour: WHI     Style: PK; Vehicle #2     Make: TOYT     Model: UCS     Colour: RED     Style: 4D,12/22/2022 9:33:20 AM,544200.6828,4812886.165
51921,22041527,2/23/2022 1:38:00 PM,2022,2,23,13,38,0,Wednesday,539052.1649,4810483.855,-80.517378,43.446247,At/near private drive,2,P.D. only,Left turn lane,unknown,unknown,Angle,Unknown,Daylight,01 - Daylight,Township,No control,unknown,0,0,0,FALSE,FALSE,FALSE,Clear,,FALSE,Road 1: 275 (50 km/h); Road 2: GAGE AVE; Distance: 10.0 M S; Charged Driver #1 on page 1: HTA 139 (NA) (NA); Vehicle #1     Make: HOND     Model: UCS     Colour: WHI     Style: 4D; Vehicle #2     Make: NISS     Model: VVL     Colour: GRY     Style: 4D,12/22/2022 9:36:46 AM,539052.1649,4810483.855
51922,22041592,2/23/2022 3:09:00 PM,2022,2,23,15,9,0,Wednesday,545124.0314,4807659.882,-80.442576,43.420479,At/near private drive,2,P.D. only,Thru lane,unknown,unknown,Turning movement,Unknown,Daylight,01 - Daylight,Municipal (excl. Twp. Rd.),No control,unknown,2,0,0,FALSE,FALSE,FALSE,Clear,,FALSE,Road 1: 385 WILSON AVE (50 km/h); Road 2: FAIRWAY RD S; Distance: 50.0 M W; Charged Driver #1 on page 1: HTA 142 (NA) (NA); Vehicle #1     Make: HOND     Model: UEX     Colour: BLK     Style: 4D; Vehicle #2     Make: SUBA     Model: O6L     Colour: SIL   ,12/22/2022 9:36:58 AM,545124.0314,4807659.882
51923,22041758,2/23/2022 6:45:00 PM,2022,2,23,18,45,0,Wednesday,547749.4992,4810075.148,-80.409933,43.442063,At/near private drive,2,P.D. only,Right shoulder,unknown,unknown,SMV unattended vehicle,Unknown,Dark,07 - Dark,Municipal (excl. Twp. Rd.),No control,unknown,0,0,0,FALSE,FALSE,FALSE,Clear,,TRUE,Road 1: TREMAINE DR (IFO 93); Vehicle #1     Make: GMC     Model: TER     Colour: BLK     Style: TY; Vehicle #2     Make: VOLK     Model: GTI     Colour: GRY     Style: 4B,12/22/2022 9:29:46 AM,547749.4992,4810075.148
51924,22042052,2/24/2022 7:56:00 AM,2022,2,24,7,56,0,Thursday,542872.7879,4807421.287,-80.470403,43.418462,Intersection related,1,Non-fatal injury,Within intersection,unknown,unknown,SMV other,Unknown,Daylight,01 - Daylight,Regional municipality,Traffic signal,Functioning,0,0,0,TRUE,FALSE,FALSE,Clear,,FALSE,Road 1: BLOCK LINE RD (50 km/h); Road 2: KINGSWOOD DR (50 km/h); Charged Driver #1 on page 1: HTA 142 (NA) (NA); Vehicle #1     Make: HOND     Model: CCL     Colour: BLU     Style: 4D,12/22/2022 9:36:59 AM,542872.7879,4807421.287