OBJECTID,ACCIDENTNUM,ACCIDENTDATE,ACCIDENT_YEAR,ACCIDENT_MONTH,ACCIDENT_DAY,ACCIDENT_HOUR,ACCIDENT_MINUTE,ACCIDENT_SECOND,ACCIDENT_WEEKDAY,XCOORD,YCOORD,LONGITUDE,LATITUDE,ACCIDENTLOCATION,COLLISIONTYPE,CLASSIFICATIONOFACCIDENT,IMPACTLOCATION,INITIALDIRECTIONOFTRAVELONE,INITIALDIRECTIONOFTRAVELTWO,INITIALIMPACTTYPE,INTTRAFFICCONTROL,LIGHT,LIGHTFORREPORT,ROADJURISDICTION,TRAFFICCONTROL,TRAFFICCONTROLCONDITION,THRULANENO,NORTHBOUNDDISOBEYCOUNT,SOUTHBOUNDDISOBEYCOUNT,PEDESTRIANINVOLVED,CYCLISTINVOLVED,MOTORCYCLISTINVOLVED,ENVIRONMENTCONDITION1,ENVIRONMENTCONDITION2,SELFREPORTED,XMLIMPORTNOTES,LASTEDITEDDATE,x,y
51925,22042188,2/24/2022 10:10:00 AM,2022,2,24,10,10,0,Thursday,541016.2131,4809676.612,-80.493167,43.438873,Intersection related,2,P.D. only,Thru lane,unknown,unknown,Rear end,Unknown,Daylight,01 - Daylight,Regional municipality,Traffic signal,Functioning,0,0,0,FALSE,FALSE,FALSE,Clear,,TRUE,Road 1: HIGHLAND RD E; Road 2: SPADINA RD E; Vehicle #1     Make: TOYT     Model: VEN     Colour: BLK     Style: TY; Vehicle #2     Make: TOYT     Model: CBA     Colour: BRN     Style: 4D,12/22/2022 9:29:56 AM,541016.2131,4809676.612
51926,22042261,1/25/2022 8:00:00 AM,2022,1,25,8,0,0,Tuesday,539343.2632,4811553.413,-80.513704,43.455862,Non intersection,2,P.D. only,Thru lane,unknown,unknown,Sideswipe,Unknown,Daylight,01 - Daylight,Municipal (excl. Twp. Rd.),No control,unknown,0,0,0,FALSE,FALSE,FALSE,Clear,,TRUE,Road 1: PARK ST; Road 2: MT HOPE ST; Vehicle #1     Make: KIA     Model: FNG     Colour: GRY     Style: 4D; Vehicle #2     Make: HOND     Model: CRV     Colour: SIL     Style: TY,4/22/2022 2:25:16 PM,539343.2632,4811553.413
51927,22042960,2/25/2022 10:00:00 AM,2022,2,25,10,0,0,Friday,538899.4874,4811470.662,-80.519195,43.45514,At intersection,2,P.D. only,Within intersection,unknown,unknown,Turning movement,Unknown,Daylight,01 - Daylight,Regional municipality,Traffic signal,Functioning,0,0,0,FALSE,FALSE,FALSE,Clear,,TRUE,Road 1: UNION BLVD; Road 2: BELMONT AVE W; Vehicle #1     Make: MERZ     Model: GLE     Colour: WHI     Style: TY; Vehicle #2     Make:      Model:      Colour:      Style:,12/22/2022 9:30:10 AM,538899.4874,4811470.662
51928,22042990,2/25/2022 10:42:00 AM,2022,2,25,10,42,0,Friday,540932.0849,4810352.633,-80.494156,43.444965,Intersection related,2,P.D. only,Not on roadway - right side,unknown,unknown,SMV other,Unknown,Daylight,01 - Daylight,Municipal (excl. Twp. Rd.),Stop sign,Functioning,0,0,0,FALSE,FALSE,FALSE,Snow,,FALSE,Road 1: MITCHELL ST (50 km/h); Road 2: QUEEN ST S (50 km/h); Vehicle #1     Make:      Model: TRAC     Colour:      Style:,12/22/2022 9:31:59 AM,540932.0849,4810352.633
51929,22043182,2/4/2022 5:30:00 PM,2022,2,4,17,30,0,Friday,541466.5627,4809536.793,-80.487613,43.43759,Intersection related,2,Non-reportable,Thru lane,unknown,unknown,Rear end,Unknown,Dusk,05 - Dusk,Municipal (excl. Twp. Rd.),Traffic signal,Functioning,0,0,0,FALSE,FALSE,FALSE,Clear,,TRUE,Road 1: STIRLING AVENUE; Road 2: MILL ST; Vehicle #1     Make:      Model:      Colour:      Style: ; Vehicle #2     Make: HYUN     Model: ESM     Colour: GRY     Style: 4D,12/22/2022 9:28:51 AM,541466.5627,4809536.794
51930,22043215,2/25/2022 3:20:00 PM,2022,2,25,15,20,0,Friday,545306.0939,4811392.19,-80.440017,43.454073,At/near private drive,2,Non-reportable,Thru lane,unknown,unknown,SMV other,Unknown,Daylight,01 - Daylight,Municipal (excl. Twp. Rd.),No control,unknown,0,0,0,FALSE,FALSE,FALSE,Clear,,TRUE,Road 1: 153  MONTCALM DR; Vehicle #1     Make: HOND     Model: CTU     Colour: BLU     Style: 4D,12/22/2022 9:36:21 AM,545306.0939,4811392.19
51931,22043663,2/26/2022 7:13:00 AM,2022,2,26,7,13,0,Saturday,541673.1406,4811383.951,-80.484919,43.45421,Non intersection,2,P.D. only,Other,unknown,unknown,SMV other,Unknown,Dawn,03 - Dawn,Municipal (excl. Twp. Rd.),No control,unknown,0,0,0,FALSE,FALSE,FALSE,Clear,,FALSE,Road 1: OTTO ST (50 km/h); Road 2: QUEEN ST N; Distance: 50.0 K E; Vehicle #1     Make: MAZD     Model: MCX     Colour: WHI     Style: TY,1/3/2023 10:12:15 AM,541673.1406,4811383.951
51932,22043803,2/3/2022 8:20:00 AM,2022,2,3,8,20,0,Thursday,542325.682,4803971.938,-80.477429,43.387435,At/near private drive,2,Non-reportable,Thru lane,unknown,unknown,Other,Unknown,Daylight,01 - Daylight,Municipal (excl. Twp. Rd.),No control,unknown,0,0,0,FALSE,FALSE,FALSE,Clear,,TRUE,Road 1: 210 MAITLAND ST; Vehicle #1     Make: TOYT     Model: UCS     Colour: BRN     Style: 4D; Vehicle #2     Make: HOND     Model: UEX     Colour: BLU     Style: 2D,4/22/2022 2:27:07 PM,542325.682,4803971.938
51933,22043819,1/26/2022 9:20:00 AM,2022,1,26,9,20,0,Wednesday,545144.1592,4807066.669,-80.442376,43.415136,Non intersection,2,Non-reportable,Thru lane,unknown,unknown,Sideswipe,Unknown,Daylight,01 - Daylight,Municipal (excl. Twp. Rd.),No control,unknown,0,0,0,FALSE,FALSE,FALSE,Clear,,TRUE,Road 1: WILSON AVE; Road 2: GOODRICH DR; Vehicle #1     Make: INTL     Model: PB1     Colour: YEL     Style: BU; Vehicle #2     Make:      Model:      Colour:      Style:,12/22/2022 9:28:31 AM,545144.1592,4807066.669
51934,22043831,2/11/2022 8:50:00 AM,2022,2,11,8,50,0,Friday,543027.2666,4807875.314,-80.46846,43.422542,Non intersection,2,P.D. only,Thru lane,unknown,unknown,Rear end,Unknown,Daylight,01 - Daylight,Municipal (excl. Twp. Rd.),No control,unknown,0,0,0,FALSE,FALSE,FALSE,Snow,,TRUE,Road 1: LENNOX LEWIS WAY; Road 2: ACTIVA SPORTSPLEX (IN FRONT OF); Vehicle #1     Make: NISS     Model: SML     Colour: WHI     Style: 4D; Vehicle #2     Make: NISS     Model: SML     Colour: GRY     Style: 4D,4/22/2022 2:25:21 PM,543027.2666,4807875.314
51935,22043914,2/26/2022 2:19:00 PM,2022,2,26,14,19,0,Saturday,546063.1961,4809492.797,-80.43082,43.436925,At intersection,1,Non-fatal injury,Within intersection,unknown,unknown,Angle,Unknown,Daylight,01 - Daylight,Regional municipality,unknown,Functioning,0,0,0,FALSE,FALSE,FALSE,Snow,,FALSE,Road 1: RIVER RD E (60 km/h); Road 2: KINZIE AVE (50 km/h); Charged Driver #1 on page 1: NA NA (NA) (NA); Vehicle #1     Make: HYUN     Model: TUC     Colour: GRY     Style: TY; Vehicle #2     Make: FORD     Model: SPE     Colour: GRY     Style: TY; Vehic,1/3/2023 10:17:33 AM,546063.1961,4809492.797
51936,22044473,2/2/2022 9:15:00 PM,2022,2,2,21,15,0,Wednesday,541359.9195,4808642.131,-80.488998,43.42954,Intersection related,2,P.D. only,Thru lane,unknown,unknown,Approaching,Unknown,Dark,07 - Dark,Municipal (excl. Twp. Rd.),Stop sign,Functioning,0,0,0,FALSE,FALSE,FALSE,Snow,,TRUE,Road 1: HOMER WATSON BLVD; Road 2: HOFFMAN ST; Vehicle #1     Make: CADI     Model: CT     Colour: BLK     Style: 4D; Vehicle #2     Make: VOLV     Model: XC9     Colour: WHI     Style: TY,12/22/2022 9:34:37 AM,541359.9195,4808642.131
51937,22044480,1/23/2022 1:30:00 PM,2022,1,23,13,30,0,Sunday,547067.2241,4810447.751,-80.418332,43.445461,At/near private drive,2,Non-reportable,Right shoulder,unknown,unknown,SMV unattended vehicle,Unknown,Daylight,01 - Daylight,Municipal (excl. Twp. Rd.),No control,unknown,0,0,0,FALSE,FALSE,FALSE,Clear,,TRUE,Road 1: 58 ROLLING ACRES DR IDLEWOOD; Vehicle #1     Make:      Model:      Colour:      Style: ; Vehicle #2     Make: HYUN     Model: SAN     Colour: GRY     Style: TY,4/22/2022 2:27:00 PM,547067.2241,4810447.751
51938,22045196,2/2/2022 12:10:00 PM,2022,2,2,12,10,0,Wednesday,543137.6662,4806539.788,-80.467201,43.41051,Intersection related,2,P.D. only,Thru lane,unknown,unknown,Rear end,Unknown,Daylight,01 - Daylight,Municipal (excl. Twp. Rd.),Stop sign,Functioning,0,0,0,FALSE,FALSE,FALSE,Snow,,TRUE,Road 1: CENTURY HILL DR; Road 2: COUNTRY HILL DR; Vehicle #1     Make: HOND     Model: CRV     Colour: GRN     Style: TY; Vehicle #2     Make: NISS     Model: SBL     Colour: GRY     Style: 4D,12/22/2022 9:28:59 AM,543137.6662,4806539.788
51939,22045283,2/8/2022 7:15:00 AM,2022,2,8,7,15,0,Tuesday,543532.0075,4804933.258,-80.462459,43.396022,Non intersection,2,P.D. only,Passing lane,unknown,unknown,Sideswipe,Unknown,Dawn,03 - Dawn,Regional municipality,No control,unknown,0,0,0,FALSE,FALSE,FALSE,Clear,,TRUE,Road 1: HURON RD; Road 2: BATTLER RD; Vehicle #1     Make: NISS     Model: ROG     Colour: SIL     Style: TY; Vehicle #2     Make: CHEV     Model: ML1     Colour: GRY     Style: 4D,12/22/2022 9:33:11 AM,543532.0075,4804933.258
51940,22045801,3/1/2022 3:07:00 AM,2022,3,1,3,7,0,Tuesday,536741.0131,4808244.545,-80.54609,43.426201,Non intersection,2,P.D. only,Thru lane,unknown,unknown,Approaching,Unknown,"Dark, artificial","08 - Dark, artificial",Municipal (excl. Twp. Rd.),No control,unknown,1,0,0,FALSE,FALSE,FALSE,Clear,,FALSE,Road 1: WESTHEIGHTS DR (50 km/h); Road 2: MICHELLE CRT; Distance: 10.0 M W; Charged Driver #1 on page 1: HTA 130 (NA) (NA); Vehicle #1     Make: NISS     Model: FRT     Colour: ONG     Style: PK; Vehicle #2     Make: MAZD     Model: 3TR     Colour: BLU   ,1/3/2023 10:11:00 AM,536741.0131,4808244.545
51941,22045952,2/11/2022 7:20:00 PM,2022,2,11,19,20,0,Friday,538650.0182,4809546.225,-80.522414,43.437825,At/near private drive,2,Non-reportable,Off highway,unknown,unknown,SMV unattended vehicle,Unknown,Dark,07 - Dark,Municipal (excl. Twp. Rd.),No control,unknown,0,0,0,FALSE,FALSE,FALSE,Snow,,TRUE,Road 1: VICMOUNT DR; Road 2: IN FRONT OF 67; Vehicle #1     Make:      Model:      Colour:      Style: ; Vehicle #2     Make: CHEV     Model: CZT     Colour: GRY     Style: 4D,12/22/2022 9:31:53 AM,538650.0182,4809546.225
51942,22046053,2/3/2022 5:45:00 PM,2022,2,3,17,45,0,Thursday,545760.6232,4803959.896,-80.435022,43.387125,At intersection,2,P.D. only,Thru lane,unknown,unknown,Rear end,Unknown,Dusk,05 - Dusk,Municipal (excl. Twp. Rd.),Stop sign,Functioning,0,0,0,FALSE,FALSE,FALSE,Snow,,TRUE,Road 1: DOON MILLS DR; Road 2: APPLE RIDGE DR; Vehicle #1     Make: SUBA     Model: FOR     Colour: BLK     Style: TY; Vehicle #2     Make: HYUN     Model: ASE     Colour: GRY     Style: 4D,12/22/2022 9:27:33 AM,545760.6232,4803959.896
51943,22046069,2/3/2022 8:00:00 AM,2022,2,3,8,0,0,Thursday,541590.695,4811341.163,-80.485942,43.453829,Non intersection,2,Non-reportable,Within intersection,unknown,unknown,Sideswipe,Unknown,Daylight,01 - Daylight,Municipal (excl. Twp. Rd.),No control,unknown,0,0,0,FALSE,FALSE,FALSE,Drifting Snow,,TRUE,Road 1: QUEEN ST N; Road 2: PARK STREET; Vehicle #1     Make: NISS     Model: A2S     Colour: WHI     Style: 4D; Vehicle #2     Make:      Model:      Colour:      Style:,12/22/2022 9:27:48 AM,541590.695,4811341.163
51944,22046203,3/1/2022 1:30:00 PM,2022,3,1,13,30,0,Tuesday,539046.9433,4808373.198,-80.517594,43.427243,Non intersection,2,P.D. only,Thru lane,unknown,unknown,Angle,Unknown,Daylight,01 - Daylight,Municipal (excl. Twp. Rd.),No control,unknown,0,0,0,FALSE,FALSE,FALSE,Clear,,TRUE,Road 1: 499 FOREST HILL DR; Vehicle #1     Make: CHEV     Model: SIL     Colour: WHI     Style: PK; Vehicle #2     Make: TOYT     Model: MTL     Colour: RED     Style: 4D,1/3/2023 10:10:51 AM,539046.9433,4808373.198
51945,22046762,2/9/2022 9:45:00 AM,2022,2,9,9,45,0,Wednesday,546766.9707,4802792.663,-80.422697,43.376553,At/near private drive,2,P.D. only,Thru lane,unknown,unknown,Other,Unknown,Daylight,01 - Daylight,Municipal (excl. Twp. Rd.),No control,unknown,0,0,0,FALSE,FALSE,FALSE,Clear,,TRUE,Road 1: THOMAS SLEE DR (IFO 629); Vehicle #1     Make: RAM     Model: RTR     Colour: BLK     Style: PK; Vehicle #2     Make: DODG     Model: CAR     Colour: BLK     Style: VN,12/22/2022 9:34:24 AM,546766.9707,4802792.663
51946,22046814,2/3/2022 12:15:00 AM,2022,2,3,0,15,0,Thursday,545567.453,4813478.066,-80.436612,43.472838,At/near private drive,2,P.D. only,Thru lane,unknown,unknown,Other,Unknown,Dark,07 - Dark,Municipal (excl. Twp. Rd.),No control,unknown,0,0,0,FALSE,FALSE,FALSE,Snow,,TRUE,Road 1: FORWELL RD; Road 2: VICTORIA ST N; Vehicle #1     Make: CHEV     Model: SIL     Colour: BLU     Style: PK; Vehicle #2     Make: HOND     Model: UDY     Colour: SIL     Style: VN,12/22/2022 9:27:30 AM,545567.453,4813478.066
51947,22046862,2/14/2022 8:10:00 AM,2022,2,14,8,10,0,Monday,542326.4922,4804131.472,-80.477406,43.388872,At/near private drive,2,Non-reportable,Thru lane,unknown,unknown,SMV unattended vehicle,Unknown,Daylight,01 - Daylight,Municipal (excl. Twp. Rd.),No control,unknown,0,0,0,FALSE,FALSE,FALSE,Clear,,TRUE,Road 1: 179 PARKVALE DR; Vehicle #1     Make: FORD     Model: SPE     Colour: BLU     Style: TY; Vehicle #2     Make: VOLK     Model: PTE     Colour: BLU     Style: 4D,12/22/2022 9:32:06 AM,542326.4922,4804131.472
51948,22046921,2/18/2022 3:30:00 PM,2022,2,18,15,30,0,Friday,545106.5409,4813584.263,-80.442302,43.473822,Non intersection,2,P.D. only,Thru lane,unknown,unknown,Sideswipe,Unknown,Daylight,01 - Daylight,Municipal (excl. Twp. Rd.),No control,unknown,0,0,0,FALSE,FALSE,FALSE,Clear,,TRUE,Road 1: SHIRLEY DR; Road 2: BINGEMANS CENTRE DR; Vehicle #1     Make: NISS     Model: ROG     Colour: BLU     Style: TY; Vehicle #2     Make: GMC     Model: SAV     Colour: WHI     Style: FV,12/22/2022 9:29:32 AM,545106.5409,4813584.263
51949,22047045,1/28/2022 5:00:00 PM,2022,1,28,17,0,0,Friday,543484.8487,4804785.084,-80.463053,43.394691,Non intersection,2,Non-reportable,Thru lane,unknown,unknown,SMV unattended vehicle,Unknown,Dusk,05 - Dusk,Municipal (excl. Twp. Rd.),No control,unknown,0,0,0,FALSE,FALSE,FALSE,Clear,,TRUE,Road 1: 513 NORTHBROOK PL; Vehicle #1     Make:      Model:      Colour:      Style: ; Vehicle #2     Make: VOLK     Model: JSA     Colour: BLU     Style: 4D,12/22/2022 9:31:21 AM,543484.8487,4804785.084
51950,22047189,3/2/2022 5:00:00 PM,2022,3,2,17,0,0,Wednesday,544662.5482,4810078.052,-80.448079,43.442279,At/near private drive,2,Non-reportable,Thru lane,unknown,unknown,SMV unattended vehicle,Unknown,Daylight,01 - Daylight,Municipal (excl. Twp. Rd.),No control,unknown,0,0,0,FALSE,FALSE,FALSE,Snow,,TRUE,Road 1: ROSS AVE KITCHENER; Road 2: IN FRONT OF 309; Vehicle #1     Make:      Model:      Colour:      Style: ; Vehicle #2     Make: VOLK     Model: TIG     Colour: GRY     Style: TY,12/22/2022 9:31:30 AM,544662.5482,4810078.053
51951,22047219,3/2/2022 6:13:00 PM,2022,3,2,18,13,0,Wednesday,543257.8933,4804340.117,-80.46589,43.390697,At intersection,1,Non-fatal injury,Left turn lane,unknown,unknown,Angle,Unknown,Dusk,05 - Dusk,Municipal (excl. Twp. Rd.),Stop sign,Functioning,0,0,0,FALSE,FALSE,FALSE,Clear,,FALSE,Road 1: STRASBURG RD (60 km/h); Road 2: TEMPLEWOOD DR (50 km/h); Charged Driver #1 on page 1: HTA 136 (NA) (NA); Vehicle #1     Make: RAM     Model: RTR     Colour:      Style: PK; Vehicle #2     Make: TOYT     Model: RV4     Colour: BLK     Style: TY,12/22/2022 9:36:43 AM,543257.8933,4804340.117
51952,22047739,1/26/2022 3:30:00 PM,2022,1,26,15,30,0,Wednesday,545147.0969,4810116.535,-80.442088,43.442597,At/near private drive,2,Non-reportable,Off highway,unknown,unknown,SMV unattended vehicle,Unknown,Daylight,01 - Daylight,Municipal (excl. Twp. Rd.),No control,unknown,0,0,0,FALSE,FALSE,FALSE,Clear,,TRUE,Road 1: RENNIE DR (IFO 16); Vehicle #1     Make:      Model:      Colour:      Style: ; Vehicle #2     Make: CHEV     Model: CZT     Colour: BLU     Style: 4D,12/22/2022 9:31:38 AM,545147.0969,4810116.535
51953,22047846,1/25/2022 5:45:00 PM,2022,1,25,17,45,0,Tuesday,544015.3025,4804780.358,-80.456503,43.394617,Non intersection,2,Non-reportable,Thru lane,unknown,unknown,Other,Unknown,Dark,07 - Dark,Municipal (excl. Twp. Rd.),No control,unknown,0,0,0,FALSE,FALSE,FALSE,Clear,,TRUE,Road 1: 75 MAXWELL DR (IFO); Vehicle #1     Make: HOND     Model: PIL     Colour: BLK     Style: TY; Vehicle #2     Make:      Model:      Colour:      Style:,12/22/2022 9:32:30 AM,544015.3025,4804780.358
51954,22048408,3/4/2022 8:11:00 AM,2022,3,4,8,11,0,Friday,538257.3113,4810376.36,-80.527209,43.44532,Non intersection,2,P.D. only,Right shoulder,unknown,unknown,SMV unattended vehicle,Unknown,Daylight,01 - Daylight,Municipal (excl. Twp. Rd.),No control,unknown,0,0,0,FALSE,FALSE,FALSE,Clear,,FALSE,Road 1: 88 WESTWOOD DR (50 km/h); Road 2: WESTWOOD DR; Distance: 10.0 M S; Charged Driver #1 on page 1: HTA 130 (NA) (NA); Vehicle #1     Make: FORD     Model: SPE     Colour: WHI     Style: TY; Vehicle #2     Make:      Model:      Colour:      Style:,12/22/2022 9:36:31 AM,538257.3113,4810376.36
51955,22048449,2/3/2022 12:00:00 PM,2022,2,3,12,0,0,Thursday,545760.3821,4803959.955,-80.435025,43.387126,At intersection,2,P.D. only,Within intersection,unknown,unknown,Rear end,Unknown,Daylight,01 - Daylight,Municipal (excl. Twp. Rd.),Stop sign,Functioning,0,0,0,FALSE,FALSE,FALSE,Snow,,TRUE,Road 1: DOON MILLS DR; Road 2: APPLE RIDGE DR; Vehicle #1     Make: CHEV     Model: CZT     Colour: WHI     Style: 4D; Vehicle #2     Make: VOLK     Model: JWE     Colour: WHI     Style: 4D,12/22/2022 9:28:49 AM,545760.3821,4803959.955
51956,22048514,1/27/2022 8:10:00 AM,2022,1,27,8,10,0,Thursday,540216.621,4805819.735,-80.503331,43.404189,Intersection related,2,P.D. only,Within intersection,unknown,unknown,Sideswipe,Unknown,Daylight,01 - Daylight,Municipal (excl. Twp. Rd.),Stop sign,Functioning,0,0,0,FALSE,FALSE,FALSE,Clear,,TRUE,Road 1: MAX BECKER ROAD; Road 2: COMMONWEALTH DR; Vehicle #1     Make: FORD     Model: RNG     Colour: WHI     Style: PK; Vehicle #2     Make: VOLK     Model: GTD     Colour: WHI     Style: 4B,12/22/2022 9:28:14 AM,540216.621,4805819.735
51957,22048574,12/26/2021 11:00:00 AM,2021,12,26,11,0,0,Sunday,544814.9541,4808407.648,-80.446332,43.42723,Non intersection,2,Non-reportable,Right shoulder,unknown,unknown,SMV unattended vehicle,Unknown,Daylight,01 - Daylight,Municipal (excl. Twp. Rd.),No control,unknown,0,0,0,FALSE,FALSE,FALSE,Snow,,TRUE,Road 1: 39 MUNROE ST; Vehicle #1     Make:      Model:      Colour:      Style: ; Vehicle #2     Make: AUDI     Model: 4QP     Colour: BLK     Style: 4D,12/22/2022 9:28:27 AM,544814.9541,4808407.648
51958,22049547,3/5/2022 3:21:00 PM,2022,3,5,15,21,0,Saturday,542398.4386,4811081.198,-80.475979,43.451443,At intersection,2,P.D. only,Within intersection,unknown,unknown,Turning movement,Unknown,Daylight,01 - Daylight,Regional municipality,Stop sign,Functioning,0,0,0,FALSE,FALSE,FALSE,Clear,,FALSE,Road 1: KRUG ST (50 km/h); Road 2: SIMEON ST (50 km/h); Charged Driver #1 on page 1: HTA 142SUBSE (NA) (NA); Vehicle #1     Make: ACUR     Model: 2TL     Colour: SIL     Style: 4D; Vehicle #2     Make: CHEV     Model: CXT     Colour: BLK     Style: 4D,12/22/2022 9:37:01 AM,542398.4386,4811081.198
51959,22050228,3/6/2022 11:30:00 AM,2022,3,6,11,30,0,Sunday,542629.7004,4810097.326,-80.473197,43.442571,Non intersection,2,Non-reportable,Thru lane,unknown,unknown,Sideswipe,Unknown,Daylight,01 - Daylight,Regional municipality,No control,unknown,0,0,0,FALSE,FALSE,FALSE,Clear,,TRUE,Road 1: KING ST E; Road 2: BORDEN AVE N; Vehicle #1     Make: CHEV     Model: SIL     Colour: BLK     Style: PK; Vehicle #2     Make:      Model:      Colour:      Style:,12/22/2022 9:34:36 AM,542629.7004,4810097.326
51960,22050261,3/6/2022 1:15:00 PM,2022,3,6,13,15,0,Sunday,542186.8056,4803583.017,-80.479173,43.383941,Non intersection,2,P.D. only,Within intersection,unknown,unknown,Angle,Unknown,Daylight,01 - Daylight,Municipal (excl. Twp. Rd.),No control,unknown,0,0,0,FALSE,FALSE,FALSE,Clear,,TRUE,Road 1: SPACHMAN ST; Road 2: HURON RD; Vehicle #1     Make: HYUN     Model: SFT     Colour: WHI     Style: TY; Vehicle #2     Make: LNDR     Model: RSP     Colour: WHI     Style: TY,12/22/2022 9:30:11 AM,542186.8056,4803583.017
51961,22050871,1/24/2022 3:20:00 PM,2022,1,24,15,20,0,Monday,539246.4633,4810765.534,-80.514957,43.448773,Non intersection,2,P.D. only,Thru lane,unknown,unknown,Rear end,Unknown,Daylight,01 - Daylight,Municipal (excl. Twp. Rd.),No control,unknown,0,0,0,FALSE,FALSE,FALSE,Snow,,TRUE,Road 1: BELMONT AVE W; Vehicle #1     Make: TOYT     Model: RV4     Colour: BLU     Style: TY; Vehicle #2     Make: LINC     Model: MKC     Colour: BLK     Style: TY,12/22/2022 9:34:04 AM,539246.4633,4810765.534
51962,22051000,2/24/2022 7:30:00 AM,2022,2,24,7,30,0,Thursday,542313.9581,4810287.642,-80.477084,43.444303,Intersection related,2,P.D. only,Left turn lane,unknown,unknown,Sideswipe,Unknown,Daylight,01 - Daylight,Regional municipality,Traffic signal,Functioning,0,0,0,FALSE,FALSE,FALSE,Clear,,TRUE,Road 1: KING ST E; Road 2: STIRLING AVE N; Vehicle #1     Make: VOLK     Model: GSL     Colour: BLK     Style: SW; Vehicle #2     Make:      Model:      Colour:      Style:,12/22/2022 9:26:54 AM,542313.9581,4810287.642
51963,22051058,2/3/2022 1:38:00 PM,2022,2,3,13,38,0,Thursday,545760.3834,4803959.775,-80.435025,43.387124,At intersection,2,Non-reportable,Thru lane,unknown,unknown,Rear end,Unknown,Daylight,01 - Daylight,Municipal (excl. Twp. Rd.),Stop sign,Functioning,0,0,0,FALSE,FALSE,FALSE,Snow,,TRUE,Road 1: DOON MILLS DR; Road 2: APPLE RIDGE DR; Vehicle #1     Make: HOND     Model: UDY     Colour: SIL     Style: VN; Vehicle #2     Make:      Model:      Colour:      Style:,12/22/2022 9:27:32 AM,545760.3834,4803959.775
51964,22051201,3/7/2022 6:30:00 PM,2022,3,7,18,30,0,Monday,541683.6351,4806164.873,-80.485188,43.407217,Non intersection,2,P.D. only,Thru lane,unknown,unknown,Other,Unknown,Dusk,05 - Dusk,Municipal (excl. Twp. Rd.),No control,unknown,0,0,0,FALSE,FALSE,FALSE,Clear,,TRUE,Road 1: 63 ERINBROOK DR; Vehicle #1     Make: HOND     Model: CRV     Colour: SIL     Style: 4W; Vehicle #2     Make: BMW     Model: 28X     Colour: WHI     Style: 4D,12/22/2022 9:34:53 AM,541683.6351,4806164.873
51965,22051575,2/12/2022 9:20:00 AM,2022,2,12,9,20,0,Saturday,538977.5272,4807663.268,-80.518502,43.420854,At/near private drive,2,Non-reportable,Thru lane,unknown,unknown,SMV unattended vehicle,Unknown,Daylight,01 - Daylight,Municipal (excl. Twp. Rd.),No control,unknown,0,0,0,FALSE,FALSE,FALSE,Snow,,TRUE,Road 1: 8 FOREST GLEN COURT; Vehicle #1     Make: FRHT     Model: FM2     Colour: WHI     Style: DP; Vehicle #2     Make: HYUN     Model: ESM     Colour: BLU     Style: 4D,12/22/2022 9:26:50 AM,538977.5272,4807663.268
51966,22051607,2/1/2022 4:30:00 PM,2022,2,1,16,30,0,Tuesday,546773.1827,4804112.587,-80.422508,43.388438,Intersection related,2,P.D. only,Thru lane,unknown,unknown,Sideswipe,Unknown,Daylight,01 - Daylight,Municipal (excl. Twp. Rd.),unknown,unknown,0,0,0,FALSE,FALSE,FALSE,Clear,,TRUE,Road 1: DOON VILLAGE RD; Road 2: DOON S DR; Vehicle #1     Make: BMW     Model: TSG     Colour: WHI     Style: TY; Vehicle #2     Make: BMW     Model: 28X     Colour: WHI     Style: 2D,12/22/2022 9:33:49 AM,546773.1827,4804112.588
51967,22051702,2/2/2022 12:57:00 PM,2022,2,2,12,57,0,Wednesday,545856.531,4804741.25,-80.433772,43.394155,Intersection related,2,Non-reportable,Within intersection,unknown,unknown,Rear end,Unknown,Daylight,01 - Daylight,Municipal (excl. Twp. Rd.),Stop sign,Functioning,0,0,0,FALSE,FALSE,FALSE,Rain,,TRUE,Road 1: OLD CARRIAGE DR; Road 2: PIONEER DR; Vehicle #1     Make:      Model:      Colour:      Style: ; Vehicle #2     Make: KIA     Model: SOR     Colour: BLK     Style: TY,12/22/2022 9:29:21 AM,545856.531,4804741.251
51968,22051785,2/4/2022 12:15:00 PM,2022,2,4,12,15,0,Friday,542120.981,4815776.075,-80.479045,43.493732,At/near private drive,2,P.D. only,Thru lane,unknown,unknown,Turning movement,Unknown,Daylight,01 - Daylight,Municipal (excl. Twp. Rd.),No control,unknown,0,0,0,FALSE,FALSE,FALSE,Snow,,TRUE,Road 1: 50 FALCONRIDGE DR (IN FRONT OF); Vehicle #1     Make: NISS     Model: SML     Colour: GRY     Style: 4D; Vehicle #2     Make:      Model:      Colour:      Style:,12/22/2022 9:34:06 AM,542120.981,4815776.075