OBJECTID,ACCIDENTNUM,ACCIDENTDATE,ACCIDENT_YEAR,ACCIDENT_MONTH,ACCIDENT_DAY,ACCIDENT_HOUR,ACCIDENT_MINUTE,ACCIDENT_SECOND,ACCIDENT_WEEKDAY,XCOORD,YCOORD,LONGITUDE,LATITUDE,ACCIDENTLOCATION,COLLISIONTYPE,CLASSIFICATIONOFACCIDENT,IMPACTLOCATION,INITIALDIRECTIONOFTRAVELONE,INITIALDIRECTIONOFTRAVELTWO,INITIALIMPACTTYPE,INTTRAFFICCONTROL,LIGHT,LIGHTFORREPORT,ROADJURISDICTION,TRAFFICCONTROL,TRAFFICCONTROLCONDITION,THRULANENO,NORTHBOUNDDISOBEYCOUNT,SOUTHBOUNDDISOBEYCOUNT,PEDESTRIANINVOLVED,CYCLISTINVOLVED,MOTORCYCLISTINVOLVED,ENVIRONMENTCONDITION1,ENVIRONMENTCONDITION2,SELFREPORTED,XMLIMPORTNOTES,LASTEDITEDDATE,x,y
51969,22051813,2/5/2022 11:20:00 AM,2022,2,5,11,20,0,Saturday,547363.3151,4809643.494,-80.414743,43.438201,At intersection,2,Non-reportable,Thru lane,unknown,unknown,Rear end,Unknown,Daylight,01 - Daylight,Municipal (excl. Twp. Rd.),Stop sign,Functioning,0,0,0,FALSE,FALSE,FALSE,Clear,,TRUE,Road 1: MORRISON RD; Road 2: SIMS ESTATE DR; Vehicle #1     Make: MAZD     Model: CX5     Colour: RED     Style: TY; Vehicle #2     Make:      Model:      Colour:      Style:,12/22/2022 9:26:58 AM,547363.3151,4809643.494
51970,22051867,2/11/2022 3:30:00 PM,2022,2,11,15,30,0,Friday,543070.1765,4805498.814,-80.468117,43.401141,At intersection,2,Non-reportable,Thru lane,unknown,unknown,Rear end,Unknown,Daylight,01 - Daylight,Regional municipality,Traffic signal,Functioning,0,0,0,FALSE,FALSE,FALSE,Snow,,TRUE,Road 1: STRASBURG RD; Road 2: TRILLIUM DR; Vehicle #1     Make: TOYT     Model: HIG     Colour: GRY     Style: TY; Vehicle #2     Make:      Model:      Colour:      Style:,12/22/2022 9:31:51 AM,543070.1765,4805498.814
51971,22052554,2/4/2022 3:30:00 PM,2022,2,4,15,30,0,Friday,536888.3732,4807407.933,-80.544326,43.418661,Non intersection,2,P.D. only,Thru lane,unknown,unknown,Other,Unknown,Daylight,01 - Daylight,Municipal (excl. Twp. Rd.),No control,unknown,0,0,0,FALSE,FALSE,FALSE,Clear,,TRUE,Road 1: 22 TIMBERLANE CRESCENT; Vehicle #1     Make:      Model:      Colour:      Style: ; Vehicle #2     Make: TOYT     Model: AXP     Colour: WHI     Style: 4D,12/22/2022 9:27:48 AM,536888.3732,4807407.933
51972,22052742,3/9/2022 3:32:00 PM,2022,3,9,15,32,0,Wednesday,543870.544,4805117.902,-80.458264,43.397665,Non intersection,2,P.D. only,Thru lane,unknown,unknown,Rear end,Unknown,Daylight,01 - Daylight,Municipal (excl. Twp. Rd.),No control,unknown,2,0,0,FALSE,FALSE,FALSE,Clear,,FALSE,Road 1: HURON RD (60 km/h); Road 2: TRILLIUM DR; Distance: 15.0 M E; Charged Driver #1 on page 1: HTA 130 (NA) (NA); Vehicle #1     Make: FORD     Model: VAN     Colour: WHI     Style: VN; Vehicle #2     Make: FORD     Model: DRW     Colour: WHI     Style,12/22/2022 9:36:35 AM,543870.544,4805117.902
51973,22053247,12/10/2021 12:15:00 PM,2021,12,10,12,15,0,Friday,543518.1618,4812564.054,-80.462021,43.464731,Non intersection,2,P.D. only,Thru lane,unknown,unknown,Other,Unknown,Daylight,01 - Daylight,Regional municipality,No control,unknown,0,0,0,FALSE,FALSE,FALSE,Clear,,TRUE,Road 1: TURNER AVE; Road 2: VICTORIA ST N; Vehicle #1     Make:      Model:      Colour:      Style: ; Vehicle #2     Make: FORD     Model: COF     Colour: BLK     Style: PK,1/3/2023 10:13:05 AM,543518.1618,4812564.054
51974,22053364,2/8/2022 9:00:00 AM,2022,2,8,9,0,0,Tuesday,544883.4469,4804850.67,-80.445778,43.395199,Intersection related,2,Non-reportable,Within intersection,unknown,unknown,Rear end,Unknown,Daylight,01 - Daylight,Municipal (excl. Twp. Rd.),Traffic signal,Functioning,0,0,0,FALSE,FALSE,FALSE,Clear,,TRUE,Road 1: PIONEER DR; Road 2: DOON VILLAGE RD; Vehicle #1     Make:      Model:      Colour:      Style: ; Vehicle #2     Make: KIA     Model: CPM     Colour: WHI     Style: 4D,12/22/2022 9:31:40 AM,544883.4469,4804850.67
51975,22053479,2/24/2022 8:45:00 AM,2022,2,24,8,45,0,Thursday,539348.6699,4810530.664,-80.513711,43.446653,Non intersection,2,P.D. only,Thru lane,unknown,unknown,Angle,Unknown,Daylight,01 - Daylight,Municipal (excl. Twp. Rd.),No control,unknown,0,0,0,FALSE,FALSE,FALSE,Clear,,TRUE,Road 1: 460 BELMONT AVE W; Vehicle #1     Make: FORD     Model: SPE     Colour: BLK     Style: TY; Vehicle #2     Make: HOND     Model: UDY     Colour: WHI     Style: VN,12/22/2022 9:32:52 AM,539348.6699,4810530.664
51976,22053494,2/1/2022 6:30:00 PM,2022,2,1,18,30,0,Tuesday,538036.6522,4810092.828,-80.529955,43.442778,At/near private drive,2,P.D. only,Right shoulder,unknown,unknown,SMV unattended vehicle,Unknown,Dark,07 - Dark,Municipal (excl. Twp. Rd.),No control,unknown,0,0,0,FALSE,FALSE,FALSE,Clear,,TRUE,Road 1: MARKWOOD DR; Vehicle #1     Make: KIA     Model: FNG     Colour: BLU     Style: 4D; Vehicle #2     Make: HOND     Model: UDY     Colour: RED     Style: TY,12/22/2022 9:34:05 AM,538036.6521,4810092.828
51977,22053507,2/17/2022 7:30:00 PM,2022,2,17,19,30,0,Thursday,543568.5283,4804978.628,-80.462004,43.396428,At intersection,2,P.D. only,Within intersection,unknown,unknown,Turning movement,Unknown,Dark,07 - Dark,Regional municipality,Traffic signal,Functioning,0,0,0,FALSE,FALSE,FALSE,Snow,,TRUE,Road 1: BATTLER RD; Road 2: HURON RD; Vehicle #1     Make: VOLK     Model: GLF     Colour: BLK     Style: 4B; Vehicle #2     Make: KIA     Model: OHY     Colour: BLK     Style: 4D,12/22/2022 9:32:50 AM,543568.5283,4804978.628
51978,22053605,3/10/2022 4:25:00 PM,2022,3,10,16,25,0,Thursday,540977.1126,4812287.197,-80.493454,43.462381,Intersection related,2,P.D. only,Thru lane,unknown,unknown,Turning movement,Unknown,Daylight,01 - Daylight,Municipal (excl. Twp. Rd.),unknown,unknown,0,0,0,FALSE,FALSE,FALSE,Clear,,TRUE,Road 1: MARGARET AVE; Road 2: BLUCHER ST; Vehicle #1     Make: TOYT     Model: CTX     Colour: BLK     Style: 4B; Vehicle #2     Make: HOND     Model: ULS     Colour: WHI     Style: 4D,12/22/2022 9:32:59 AM,540977.1126,4812287.197
51979,22053740,3/10/2022 8:00:00 PM,2022,3,10,20,0,0,Thursday,546255.7734,4813585.531,-80.428093,43.473764,Non intersection,2,P.D. only,Right shoulder,unknown,unknown,SMV other,Unknown,Dark,07 - Dark,Municipal (excl. Twp. Rd.),No control,unknown,0,0,0,FALSE,FALSE,FALSE,Clear,,FALSE,Road 1: 104 CENTENNIAL RD (50 km/h); Road 2: CENTENNIAL RD; Distance: 1.0 M E; Vehicle #1     Make: VOLV     Model: VVN     Colour: WHI     Style: CT,12/22/2022 9:31:54 AM,546255.7734,4813585.531
51980,22054184,2/20/2022 5:00:00 PM,2022,2,20,17,0,0,Sunday,547856.3536,4806190.153,-80.408953,43.407076,Non intersection,2,P.D. only,Thru lane,unknown,unknown,Turning movement,Unknown,Daylight,01 - Daylight,Municipal (excl. Twp. Rd.),No control,unknown,0,0,0,FALSE,FALSE,FALSE,Clear,,TRUE,Road 1: DEER RIDGE DR; Vehicle #1     Make: CHEV     Model: ABS     Colour: BLU     Style: 4D; Vehicle #2     Make: HOND     Model: UDY     Colour: WHI     Style: VN,12/22/2022 9:34:38 AM,547856.3536,4806190.153
51981,22054926,3/12/2022 10:15:00 AM,2022,3,12,10,15,0,Saturday,538965.3804,4806080.525,-80.518765,43.406603,Non intersection,2,P.D. only,Thru lane,unknown,unknown,Turning movement,Unknown,Daylight,01 - Daylight,Municipal (excl. Twp. Rd.),No control,unknown,0,0,0,FALSE,FALSE,FALSE,Clear,,TRUE,Road 1: DAVID BERGEY DR; Road 2: CHARTWELL RETIREMENT HOME; Vehicle #1     Make: TOYT     Model: HV4     Colour: BLU     Style: TY; Vehicle #2     Make: MAZD     Model: M3S     Colour: GRY     Style: 4D,12/22/2022 9:33:00 AM,538965.3804,4806080.525
51982,22055498,3/12/2022 10:00:00 PM,2022,3,12,22,0,0,Saturday,539611.2534,4806337.852,-80.51077,43.408887,Non intersection,2,Non-reportable,Thru lane,unknown,unknown,SMV unattended vehicle,Unknown,Dark,07 - Dark,Municipal (excl. Twp. Rd.),No control,unknown,0,0,0,FALSE,FALSE,FALSE,Snow,,TRUE,Road 1: 121 ACTIVA AVE; Vehicle #1     Make:      Model:      Colour:      Style: ; Vehicle #2     Make: HYUN     Model: VEL     Colour: BLU     Style: 2D,12/22/2022 9:30:29 AM,539611.2534,4806337.852
51983,22055962,3/13/2022 6:47:00 PM,2022,3,13,18,47,0,Sunday,547295.847,4805456.562,-80.415939,43.400506,Non intersection,2,P.D. only,Not on roadway - right side,unknown,unknown,SMV other,Unknown,Dark,07 - Dark,Municipal (excl. Twp. Rd.),No control,unknown,0,0,0,FALSE,FALSE,FALSE,Drifting Snow,,FALSE,Road 1: 300 LOOKOUT LANE (40 km/h); Road 2: .; Distance: 1.0 M N; Vehicle #1     Make: AUDI     Model: C4Q     Colour: WHI     Style: 4D,1/3/2023 10:11:27 AM,547295.847,4805456.562
51984,22056513,2/12/2022 8:00:00 PM,2022,2,12,20,0,0,Saturday,542099.8011,4804311.577,-80.480191,43.390506,At/near private drive,2,Non-reportable,Off highway,unknown,unknown,SMV unattended vehicle,Unknown,Dark,07 - Dark,Municipal (excl. Twp. Rd.),No control,unknown,0,0,0,FALSE,FALSE,FALSE,Clear,,TRUE,Road 1: 928 BIANCA COURT; Vehicle #1     Make:      Model:      Colour:      Style: ; Vehicle #2     Make: HYUN     Model: EXL     Colour: BLK     Style: 4D,12/22/2022 9:29:58 AM,542099.8011,4804311.577
51985,22056848,3/14/2022 7:57:00 PM,2022,3,14,19,57,0,Monday,539617.345,4811375.399,-80.510329,43.454245,At intersection,2,P.D. only,Thru lane,unknown,unknown,Rear end,Unknown,Dark,07 - Dark,Regional municipality,unknown,Functioning,1,0,0,FALSE,FALSE,FALSE,Clear,,FALSE,Road 1: PARK ST (50 km/h); Road 2: GLASGOW ST (50 km/h); Vehicle #1     Make: VOLK     Model: JSA     Colour: WHI     Style: 4D; Vehicle #2     Make: KIA     Model: OEX     Colour: RED     Style: 4D,1/3/2023 10:18:03 AM,539617.345,4811375.399
51986,22057492,3/15/2022 3:30:00 PM,2022,3,15,15,30,0,Tuesday,547854.5175,4807662.981,-80.408847,43.420337,At railway crossing,2,P.D. only,Thru lane,unknown,unknown,Rear end,Unknown,Daylight,01 - Daylight,Regional municipality,No control,unknown,0,0,0,FALSE,FALSE,FALSE,Snow,,TRUE,Road 1: RIVERBANK DR; Road 2: KING ST E; Vehicle #1     Make: JEEP     Model: CHK     Colour: GRY     Style: TY; Vehicle #2     Make: BUIC     Model: VER     Colour: WHI     Style: 4D,12/22/2022 9:31:23 AM,547854.5175,4807662.981
51987,22057519,3/15/2022 3:36:00 PM,2022,3,15,15,36,0,Tuesday,545855.8472,4808693.653,-80.433449,43.429742,Non intersection,1,Non-fatal injury,Thru lane,unknown,unknown,Approaching,Unknown,Daylight,01 - Daylight,Municipal (excl. Twp. Rd.),No control,unknown,1,0,0,FALSE,FALSE,FALSE,Drifting Snow,,FALSE,Road 1: CENTREVILLE ST (50 km/h); Road 2: MORGAN AVE; Distance: 5.0 M S; Vehicle #1     Make: GMC     Model: SIE     Colour: WHI     Style: WR; Vehicle #2     Make: JEEP     Model: CMP     Colour: WHI     Style: TY,1/3/2023 10:11:30 AM,545855.8472,4808693.653
51988,22057528,3/13/2022 2:00:00 PM,2022,3,13,14,0,0,Sunday,540146.6901,4810119.982,-80.503879,43.442913,Intersection related,1,Non-fatal injury,Within intersection,unknown,unknown,SMV other,Unknown,Daylight,01 - Daylight,Municipal (excl. Twp. Rd.),unknown,Functioning,0,0,0,TRUE,FALSE,FALSE,Clear,,FALSE,Road 1: HOMEWOOD AVE (40 km/h); Road 2: WEST AVE (50 km/h); Vehicle #1     Make:      Model:      Colour:      Style: SED,1/3/2023 10:16:15 AM,540146.6901,4810119.982
51989,22058216,2/6/2022 10:05:00 AM,2022,2,6,10,5,0,Sunday,541466.8913,4809536.926,-80.487609,43.437591,At intersection,2,Non-reportable,Within intersection,unknown,unknown,Rear end,Unknown,Daylight,01 - Daylight,Municipal (excl. Twp. Rd.),Traffic signal,Functioning,0,0,0,FALSE,FALSE,FALSE,Clear,,TRUE,Road 1: STIRLING AVE S; Road 2: MILL ST; Vehicle #1     Make: HYUN     Model: CPL     Colour: WHI     Style: 4B; Vehicle #2     Make: NISS     Model: ROG     Colour: WHI     Style: TY,12/22/2022 9:26:53 AM,541466.8913,4809536.926
51990,22058288,2/3/2022 9:00:00 PM,2022,2,3,21,0,0,Thursday,539079.7659,4811111.239,-80.516992,43.451894,At intersection,2,Non-reportable,Thru lane,unknown,unknown,Rear end,Unknown,Dark,07 - Dark,Municipal (excl. Twp. Rd.),Traffic signal,Functioning,0,0,0,FALSE,FALSE,FALSE,Snow,,TRUE,Road 1: GLASGOW ST; Road 2: BELMONT AVE W; Vehicle #1     Make: HOND     Model: CCL     Colour: BLU     Style: 4D; Vehicle #2     Make:      Model:      Colour:      Style:,12/22/2022 9:26:52 AM,539079.7659,4811111.239
51991,22058662,3/16/2022 11:25:00 PM,2022,3,16,23,25,0,Wednesday,541630.8845,4805659.737,-80.485878,43.402671,Non intersection,2,P.D. only,Right shoulder,unknown,unknown,SMV other,Unknown,"Dark, artificial","08 - Dark, artificial",Municipal (excl. Twp. Rd.),No control,unknown,0,0,0,FALSE,FALSE,FALSE,"Fog, mist, smoke, dust",,FALSE,Road 1: 1045 TRILLIUM DR (50 km/h); Road 2: TRILLIUM DR; Distance: 5.0 M N; Charged Driver #1 on page 1: CCC 320.14 (NA) (NA); Vehicle #1     Make: FORD     Model: EDG     Colour: WHI     Style: TY,1/3/2023 10:14:32 AM,541630.8845,4805659.737
51992,22058896,2/6/2022 3:20:00 PM,2022,2,6,15,20,0,Sunday,538790.7428,4808858.671,-80.520724,43.431627,At/near private drive,2,P.D. only,Other,unknown,unknown,SMV unattended vehicle,Unknown,Daylight,01 - Daylight,Municipal (excl. Twp. Rd.),No control,unknown,0,0,0,FALSE,FALSE,FALSE,Clear,,TRUE,Road 1: 59 EAGEN DR (IN FRONT OF ADDRESS); Vehicle #1     Make:      Model:      Colour:      Style: ; Vehicle #2     Make: CHEV     Model: SKS     Colour: WHI     Style: 4B,12/22/2022 9:29:01 AM,538790.7428,4808858.671
51993,22058948,2/12/2022 11:00:00 PM,2022,2,12,23,0,0,Saturday,538795.0055,4806685.657,-80.520826,43.412061,At/near private drive,2,Non-reportable,Not on roadway - right side,unknown,unknown,SMV unattended vehicle,Unknown,Dark,07 - Dark,Municipal (excl. Twp. Rd.),No control,unknown,0,0,0,FALSE,FALSE,FALSE,Clear,,TRUE,Road 1: 107 WAKE ROBIN DR; Vehicle #1     Make:      Model:      Colour:      Style: ; Vehicle #2     Make: HOND     Model: UAX     Colour: RED     Style: 4D,12/22/2022 9:33:05 AM,538795.0055,4806685.657
51994,22058949,2/12/2022 2:30:00 PM,2022,2,12,14,30,0,Saturday,544560.1972,4811740.042,-80.449208,43.45725,At intersection,2,Non-reportable,Thru lane,unknown,unknown,Rear end,Unknown,Daylight,01 - Daylight,Regional municipality,Traffic signal,Functioning,0,0,0,FALSE,FALSE,FALSE,Clear,,TRUE,Road 1: RIVER RD E; Road 2: LORRAINE AVE; Vehicle #1     Make: FORD     Model: SPE     Colour: WHI     Style: TY; Vehicle #2     Make:      Model:      Colour:      Style:,12/22/2022 9:32:04 AM,544560.1972,4811740.042
51995,22058952,2/13/2022 4:00:00 PM,2022,2,13,16,0,0,Sunday,543031.8259,4810948.673,-80.468161,43.450214,At/near private drive,2,Non-reportable,Thru lane,unknown,unknown,SMV unattended vehicle,Unknown,Daylight,01 - Daylight,Municipal (excl. Twp. Rd.),No control,unknown,0,0,0,FALSE,FALSE,FALSE,Clear,,TRUE,Road 1: 30 GRIFFIN AVE; Vehicle #1     Make:      Model:      Colour:      Style: ; Vehicle #2     Make: RAM     Model: RTR     Colour: GRY     Style: PK,12/22/2022 9:32:43 AM,543031.8259,4810948.673
51996,22058991,3/5/2022 7:30:00 PM,2022,3,5,19,30,0,Saturday,546379.2199,4808776.761,-80.426976,43.430458,Non intersection,2,Non-reportable,Thru lane,unknown,unknown,SMV unattended vehicle,Unknown,Dark,07 - Dark,Municipal (excl. Twp. Rd.),No control,unknown,0,0,0,FALSE,FALSE,FALSE,Clear,,TRUE,Road 1: 350 SOUTHILL DR (IFO); Vehicle #1     Make:      Model:      Colour:      Style: ; Vehicle #2     Make: HOND     Model: CTU     Colour: BLU     Style: 4D,12/22/2022 9:30:28 AM,546379.2199,4808776.761
51997,22060179,3/18/2022 9:53:00 AM,2022,3,18,9,53,0,Friday,542239.1171,4809660.87,-80.478058,43.438664,Intersection related,1,Non-fatal injury,Within intersection,unknown,unknown,Turning movement,Unknown,Daylight,01 - Daylight,Regional municipality,Stop sign,Functioning,0,0,0,FALSE,FALSE,FALSE,Clear,,FALSE,Road 1: BORDEN AVE S (50 km/h); Road 2: BEDFORD RD (50 km/h); Vehicle #1     Make:      Model: STRE     Colour: BLU     Style: SC; Charged Driver #2 on page 1: HTA 142 (NA) (NA); Vehicle #2     Make: HYUN     Model: SAN     Colour: GRY     Style: TY,12/22/2022 9:37:13 AM,542239.1171,4809660.87
51998,22060223,3/18/2022 10:25:00 AM,2022,3,18,10,25,0,Friday,540156.0217,4811289.829,-80.503677,43.453446,Intersection related,2,P.D. only,Thru lane,unknown,unknown,Other,Unknown,Daylight,01 - Daylight,Municipal (excl. Twp. Rd.),unknown,Functioning,0,0,0,FALSE,FALSE,FALSE,Clear,,TRUE,Road 1: WALTER ST; Road 2: WELLINGTON ST S; Vehicle #1     Make: NISS     Model: QAS     Colour: WHI     Style: 4W; Vehicle #2     Make: PETE     Model: 367     Colour: WHI     Style: CT,1/3/2023 10:15:51 AM,540156.0217,4811289.829
51999,22060228,3/11/2022 10:54:00 AM,2022,3,11,10,54,0,Friday,544884.1487,4804849.977,-80.44577,43.395193,At intersection,1,Non-fatal injury,Within intersection,unknown,unknown,Turning movement,Unknown,Daylight,01 - Daylight,Municipal (excl. Twp. Rd.),Traffic signal,Functioning,0,0,0,FALSE,FALSE,FALSE,Clear,,FALSE,Road 1: DOON VILLAGE RD (50 km/h); Road 2: PIONEER DR (50 km/h); Charged Driver #1 on page 1: HTA 141 (NA) (NA); Vehicle #1     Make: MAZD     Model: 3TR     Colour: GRN     Style: 4D; Vehicle #2     Make: MAZD     Model: M3I     Colour: SIL     Style: 4D,12/22/2022 9:36:08 AM,544884.1487,4804849.977
52000,22060240,3/13/2022 2:30:00 PM,2022,3,13,14,30,0,Sunday,541441.8787,4806757.673,-80.488129,43.412568,At/near private drive,2,P.D. only,Thru lane,unknown,unknown,SMV unattended vehicle,Unknown,Daylight,01 - Daylight,Municipal (excl. Twp. Rd.),No control,unknown,0,0,0,FALSE,FALSE,FALSE,Snow,,TRUE,Road 1: 84 UXBRIDGE CRESCENT; Vehicle #1     Make:      Model:      Colour:      Style: ; Vehicle #2     Make: SUBA     Model: GTG     Colour: GRY     Style: 4W,1/3/2023 10:20:41 AM,541441.8787,4806757.673
52001,22060254,2/16/2022 8:35:00 AM,2022,2,16,8,35,0,Wednesday,538475.3496,4810120.499,-80.524532,43.443005,Non intersection,2,Non-reportable,Thru lane,unknown,unknown,Sideswipe,Unknown,Daylight,01 - Daylight,Municipal (excl. Twp. Rd.),Ped. crossover,Functioning,0,0,0,FALSE,TRUE,FALSE,Clear,,TRUE,Road 1: 11 CHOPIN DR; Vehicle #1     Make: FORD     Model: DRW     Colour: WHI     Style: CB; Vehicle #2     Make:      Model:      Colour:      Style:,12/22/2022 9:29:47 AM,538475.3496,4810120.499
52002,22060263,3/2/2022 8:45:00 PM,2022,3,2,20,45,0,Wednesday,538907.8733,4811475.381,-80.519091,43.455182,Other,2,P.D. only,Thru lane,unknown,unknown,Angle,Unknown,Dark,07 - Dark,Municipal (excl. Twp. Rd.),Ped. crossover,Functioning,0,0,0,FALSE,FALSE,FALSE,Snow,,TRUE,Road 1: BELMONT AVE W; Road 2: UNION BLVD; Vehicle #1     Make: HYUN     Model: SFT     Colour: GRY     Style: TY; Vehicle #2     Make: DODG     Model: CPO     Colour: BLK     Style: 4D,12/22/2022 9:32:49 AM,538907.8733,4811475.381
52003,22060315,2/14/2022 7:40:00 AM,2022,2,14,7,40,0,Monday,544790.9461,4805224.842,-80.44689,43.398573,Non intersection,2,Non-reportable,Thru lane,unknown,unknown,Rear end,Unknown,Daylight,01 - Daylight,Regional municipality,No control,unknown,0,0,0,FALSE,FALSE,FALSE,Clear,,TRUE,Road 1: DOON VILLAGE RD; Road 2: HOMER WATSON BLVD; Vehicle #1     Make: VOLK     Model: GEL     Colour: WHI     Style: 4B; Vehicle #2     Make:      Model:      Colour:      Style:,12/22/2022 9:29:20 AM,544790.9461,4805224.842
52004,22060321,3/18/2022 10:55:00 AM,2022,3,18,10,55,0,Friday,541262.3359,4811004.05,-80.490026,43.450812,Non intersection,2,P.D. only,Other,unknown,unknown,Other,Unknown,Daylight,01 - Daylight,Municipal (excl. Twp. Rd.),No control,unknown,0,0,0,FALSE,FALSE,FALSE,Clear,,FALSE,Road 1: 36  ONTARIO ST N (40 km/h); Road 2: ONTARIO ST N; Distance: 5.0 M E; Vehicle #1     Make: SUBA     Model: FOR     Colour: BLU     Style: TY; Vehicle #2     Make: TOYT     Model: MTL     Colour: WHI     Style: 4D,1/3/2023 10:14:01 AM,541262.3359,4811004.05
52005,22060346,3/18/2022 12:50:00 PM,2022,3,18,12,50,0,Friday,539869.5575,4808470.296,-80.507424,43.428074,Non intersection,2,P.D. only,Thru lane,unknown,unknown,Rear end,Unknown,Daylight,01 - Daylight,Municipal (excl. Twp. Rd.),No control,unknown,0,0,0,FALSE,FALSE,FALSE,Clear,,TRUE,Road 1: GREENBROOK DR; Road 2: WESTMOUNT RD E; Vehicle #1     Make: TOYT     Model: CBS     Colour: RED     Style: 4D; Vehicle #2     Make: TOYT     Model: MTL     Colour: WHI     Style: 4D,1/3/2023 10:11:55 AM,539869.5575,4808470.296
52006,22060403,1/17/2022 9:30:00 AM,2022,1,17,9,30,0,Monday,545170.384,4812072.811,-80.441638,43.46021,Non intersection,2,P.D. only,Thru lane,unknown,unknown,Turning movement,Unknown,Daylight,01 - Daylight,Municipal (excl. Twp. Rd.),No control,unknown,0,0,0,FALSE,FALSE,FALSE,Snow,,TRUE,Road 1: LORRAINE AVE; Road 2: MONTCALM DR; Vehicle #1     Make:      Model:      Colour:      Style: ; Vehicle #2     Make: HOND     Model: CCL     Colour: BLU     Style: 4D,12/22/2022 9:30:45 AM,545170.384,4812072.811
52007,22060569,3/18/2022 5:30:00 PM,2022,3,18,17,30,0,Friday,540362.786,4809208.869,-80.501276,43.434697,Non intersection,2,P.D. only,Right shoulder,unknown,unknown,Rear end,Unknown,Daylight,01 - Daylight,Municipal (excl. Twp. Rd.),No control,unknown,0,0,0,FALSE,TRUE,FALSE,Clear,,FALSE,Road 1: 93 BELMONT AVE E (50 km/h); Road 2: BELMONT AVE E; Distance: 2.0 M E; Vehicle #1     Make: MERC     Model: SUV     Colour:      Style: 4D; Vehicle #2     Make: BICY     Model: BICY     Colour:      Style: EBI,1/3/2023 10:10:44 AM,540362.786,4809208.869
52008,22060725,3/18/2022 9:27:00 PM,2022,3,18,21,27,0,Friday,541583.1738,4808786.561,-80.486229,43.430828,Non intersection,2,P.D. only,Not on roadway - left side,unknown,unknown,SMV other,Unknown,Dark,07 - Dark,Municipal (excl. Twp. Rd.),No control,unknown,0,0,0,FALSE,FALSE,FALSE,Clear,,FALSE,Road 1: HOFFMAN ST (40 km/h); Road 2: SOUTHDALE AVE; Distance: 10.0 M N; Charged Driver #1 on page 1: HTA 320.14 (NA) (NA); Vehicle #1     Make: HOND     Model: CRV     Colour: SIL     Style: TY,1/3/2023 10:13:19 AM,541583.1738,4808786.561
52009,22061205,2/14/2022 2:00:00 PM,2022,2,14,14,0,0,Monday,542344.9124,4804001.611,-80.477189,43.387701,Non intersection,2,Non-reportable,Thru lane,unknown,unknown,SMV unattended vehicle,Unknown,Daylight,01 - Daylight,Municipal (excl. Twp. Rd.),No control,unknown,0,0,0,FALSE,FALSE,FALSE,Clear,,TRUE,Road 1: 222 MAITLAND ST (IFO); Vehicle #1     Make:      Model:      Colour:      Style: ; Vehicle #2     Make: GMC     Model: STV     Colour: WHI     Style: CB,12/22/2022 9:29:18 AM,542344.9124,4804001.611
52010,22061207,2/14/2022 8:45:00 AM,2022,2,14,8,45,0,Monday,536628.0189,4808195.474,-80.54749,43.425765,At/near private drive,2,Non-reportable,Thru lane,unknown,unknown,SMV unattended vehicle,Unknown,Daylight,01 - Daylight,Municipal (excl. Twp. Rd.),No control,unknown,0,0,0,FALSE,FALSE,FALSE,Clear,,TRUE,Road 1: 360 WESTMEADOW DR; Vehicle #1     Make: MAZD     Model: M2     Colour: RED     Style: 4D; Vehicle #2     Make:      Model:      Colour:      Style:,12/22/2022 9:32:14 AM,536628.0189,4808195.474
52011,22061285,3/19/2022 2:28:00 PM,2022,3,19,14,28,0,Saturday,538217.8001,4808355.661,-80.527838,43.427127,Intersection related,2,P.D. only,Thru lane,unknown,unknown,Rear end,Unknown,Daylight,01 - Daylight,Municipal (excl. Twp. Rd.),unknown,Functioning,1,0,0,FALSE,FALSE,FALSE,Rain,,FALSE,Road 1: QUEEN'S BLVD (50 km/h); Road 2: ELM RIDGE DR (50 km/h); Distance: 5.0 M E; Charged Driver #1 on page 1: HTA 130 (NA) (NA); Vehicle #1     Make: MITS     Model: COT     Colour: GRY     Style: TY; Vehicle #2     Make: JEEP     Model: GCK     Colour:,1/3/2023 10:16:17 AM,538217.8001,4808355.661
52012,22061480,3/19/2022 6:30:00 PM,2022,3,19,18,30,0,Saturday,541123.2866,4810936.058,-80.491749,43.450208,At/near private drive,2,P.D. only,Thru lane,unknown,unknown,Rear end,Unknown,Dark,07 - Dark,Municipal (excl. Twp. Rd.),No control,unknown,0,0,0,FALSE,FALSE,FALSE,Rain,,TRUE,Road 1: HALLS LANE; Road 2: ONTARIO ST S; Vehicle #1     Make: HYUN     Model: EGM     Colour: WHI     Style: 4D; Vehicle #2     Make: HOND     Model: CTU     Colour: BLU     Style: 4D,1/3/2023 10:21:01 AM,541123.2866,4810936.058