OBJECTID,ACCIDENTNUM,ACCIDENTDATE,ACCIDENT_YEAR,ACCIDENT_MONTH,ACCIDENT_DAY,ACCIDENT_HOUR,ACCIDENT_MINUTE,ACCIDENT_SECOND,ACCIDENT_WEEKDAY,XCOORD,YCOORD,LONGITUDE,LATITUDE,ACCIDENTLOCATION,COLLISIONTYPE,CLASSIFICATIONOFACCIDENT,IMPACTLOCATION,INITIALDIRECTIONOFTRAVELONE,INITIALDIRECTIONOFTRAVELTWO,INITIALIMPACTTYPE,INTTRAFFICCONTROL,LIGHT,LIGHTFORREPORT,ROADJURISDICTION,TRAFFICCONTROL,TRAFFICCONTROLCONDITION,THRULANENO,NORTHBOUNDDISOBEYCOUNT,SOUTHBOUNDDISOBEYCOUNT,PEDESTRIANINVOLVED,CYCLISTINVOLVED,MOTORCYCLISTINVOLVED,ENVIRONMENTCONDITION1,ENVIRONMENTCONDITION2,SELFREPORTED,XMLIMPORTNOTES,LASTEDITEDDATE,x,y
52013,22061686,3/19/2022 11:15:00 PM,2022,3,19,23,15,0,Saturday,542686.6828,4806922.34,-80.472741,43.41398,Non intersection,2,P.D. only,Right shoulder,unknown,unknown,SMV other,Unknown,Dark,07 - Dark,Municipal (excl. Twp. Rd.),No control,unknown,0,0,0,FALSE,FALSE,FALSE,Clear,,FALSE,Road 1: 162 COUNTRY HILL DR (50 km/h); Road 2: COUNTRY HILL DR; Distance: 1.0 M E; Vehicle #1     Make: VOLK     Model: PSP     Colour: GRY     Style: 4D,1/3/2023 10:10:41 AM,542686.6828,4806922.34
52014,22061899,3/20/2022 6:41:00 AM,2022,3,20,6,41,0,Sunday,545907.8203,4809345.287,-80.432752,43.435606,At intersection,1,Non-fatal injury,Within intersection,unknown,unknown,SMV other,Unknown,"Daylight, artificial","02 - Daylight, artificial",Municipal (excl. Twp. Rd.),Stop sign,Functioning,0,0,0,TRUE,FALSE,FALSE,Clear,,FALSE,Road 1: KINZIE AVE (50 km/h); Road 2: THALER AVE (50 km/h); Charged Driver #1 on page 1: HTA 142 (NA) (NA); Vehicle #1     Make: HOND     Model: CCL     Colour: WHI     Style: 4D,12/22/2022 9:36:42 AM,545907.8203,4809345.287
52015,22062018,2/17/2022 9:10:00 AM,2022,2,17,9,10,0,Thursday,545386.4424,4802337.354,-80.439776,43.372538,At/near private drive,2,Non-reportable,Thru lane,unknown,unknown,Sideswipe,Unknown,Daylight,01 - Daylight,Municipal (excl. Twp. Rd.),No control,unknown,0,0,0,FALSE,FALSE,FALSE,Rain,,TRUE,Road 1: MEADOWRIDGE ST; Road 2: THOMAS SLEE DR; Vehicle #1     Make:      Model:      Colour:      Style: ; Vehicle #2     Make: FORD     Model: SPE     Colour: WHI     Style: TY,12/22/2022 9:32:44 AM,545386.4424,4802337.354
52016,22062402,3/20/2022 9:00:00 PM,2022,3,20,21,0,0,Sunday,541225.1957,4811867.648,-80.490419,43.45859,At intersection,2,P.D. only,Thru lane,unknown,unknown,Angle,Unknown,Dark,07 - Dark,Municipal (excl. Twp. Rd.),unknown,Functioning,0,0,0,FALSE,FALSE,FALSE,Clear,,TRUE,Road 1: MARGARET AVE; Road 2: WELLINGTON ST N; Vehicle #1     Make: FORD     Model: COF     Colour: RED     Style: PK; Vehicle #2     Make: MERZ     Model: ZFG     Colour: WHI     Style: 4D,1/3/2023 10:18:45 AM,541225.1957,4811867.648
52017,22062718,11/22/2021 7:45:00 AM,2021,11,22,7,45,0,Monday,545927.7936,4802981.591,-80.43304,43.378306,At intersection,2,P.D. only,Within intersection,unknown,unknown,Angle,Unknown,Daylight,01 - Daylight,Municipal (excl. Twp. Rd.),unknown,Functioning,0,0,0,FALSE,FALSE,FALSE,Clear,,TRUE,Road 1: DOON S DR; Road 2: ROBERT FERRIE DR; Vehicle #1     Make: ACUR     Model: MDX     Colour: GRY     Style: TY; Vehicle #2     Make: MAZD     Model: CX5     Colour: GRY     Style: TY,8/16/2022 2:56:33 PM,545927.7936,4802981.591
52018,22062765,12/9/2021 5:30:00 PM,2021,12,9,17,30,0,Thursday,541376.5136,4812595.069,-80.488494,43.465131,At/near private drive,2,P.D. only,Thru lane,unknown,unknown,SMV unattended vehicle,Unknown,Dark,07 - Dark,Municipal (excl. Twp. Rd.),No control,unknown,0,0,0,FALSE,FALSE,FALSE,Snow,,TRUE,Road 1: GUELPH ST; Vehicle #1     Make: FORD     Model: SPE     Colour: YEL     Style: TY; Vehicle #2     Make: VW     Model: RAB     Colour: GRY     Style: 4D,8/16/2022 2:58:49 PM,541376.5136,4812595.069
52019,22062868,1/17/2022 12:30:00 PM,2022,1,17,12,30,0,Monday,543997.5911,4809274.449,-80.45636,43.435083,Non intersection,2,Non-reportable,Thru lane,unknown,unknown,SMV other,Unknown,Daylight,01 - Daylight,Municipal (excl. Twp. Rd.),No control,unknown,0,0,0,FALSE,FALSE,FALSE,Snow,,TRUE,Road 1: FIRST AVENUE; Vehicle #1     Make: MITS     Model: COT     Colour: GRY     Style: TY,12/22/2022 9:33:30 AM,543997.5911,4809274.449
52020,22062895,1/17/2022 9:00:00 AM,2022,1,17,9,0,0,Monday,539830.9373,4805568.061,-80.508113,43.401944,Non intersection,2,Non-reportable,Thru lane,unknown,unknown,SMV unattended vehicle,Unknown,Daylight,01 - Daylight,Municipal (excl. Twp. Rd.),No control,unknown,0,0,0,FALSE,FALSE,FALSE,Snow,,TRUE,Road 1: COPPER LEAF CRESCENT (IFO 12); Vehicle #1     Make: FORD     Model: DRW     Colour: WHI     Style: CB; Vehicle #2     Make: NISS     Model: JUK     Colour: SIL     Style: TY,12/22/2022 9:33:13 AM,539830.9373,4805568.062
52021,22063466,2/19/2022 2:50:00 PM,2022,2,19,14,50,0,Saturday,545223.6565,4806418.125,-80.441448,43.409292,Non intersection,2,P.D. only,Right shoulder,unknown,unknown,SMV other,Unknown,"Daylight, artificial","02 - Daylight, artificial",Municipal (excl. Twp. Rd.),No control,unknown,0,0,0,FALSE,FALSE,FALSE,Clear,,TRUE,Road 1: WABANAKI DR; Road 2: WILSON AVE; Vehicle #1     Make: TOYT     Model: CTR     Colour: RED     Style: 4B,12/22/2022 9:29:45 AM,545223.6565,4806418.125
52022,22063547,3/16/2022 11:55:00 AM,2022,3,16,11,55,0,Wednesday,538265.9334,4807547.354,-80.5273,43.419847,Non intersection,2,P.D. only,Thru lane,unknown,unknown,Rear end,Unknown,Daylight,01 - Daylight,Municipal (excl. Twp. Rd.),No control,unknown,0,0,0,FALSE,FALSE,FALSE,Clear,,TRUE,Road 1: 196 MCGARRY DR; Vehicle #1     Make: TOYT     Model: RV4     Colour: GRY     Style: TY; Vehicle #2     Make: BUIC     Model: UXL     Colour: RED     Style: 4D,12/22/2022 9:30:50 AM,538265.9333,4807547.354
52023,22063718,3/15/2022 2:00:00 PM,2022,3,15,14,0,0,Tuesday,540837.6273,4805918.488,-80.495655,43.405045,At intersection,2,P.D. only,Within intersection,unknown,unknown,Sideswipe,Unknown,Daylight,01 - Daylight,Municipal (excl. Twp. Rd.),Stop sign,Functioning,0,0,0,FALSE,FALSE,FALSE,Snow,,TRUE,Road 1: ERINBROOK COURT; Road 2: ERINBROOK DRIVE; Vehicle #1     Make: CHEV     Model: AVT     Colour: RED     Style: 4D; Vehicle #2     Make: FORD     Model: TST     Colour: WHI     Style: FV,12/22/2022 9:30:48 AM,540837.6273,4805918.489
52024,22063765,3/22/2022 3:34:00 PM,2022,3,22,15,34,0,Tuesday,541964.034,4815299.396,-80.481022,43.489448,At/near private drive,2,P.D. only,Not on roadway - right side,unknown,unknown,SMV other,Unknown,Daylight,01 - Daylight,Municipal (excl. Twp. Rd.),No control,unknown,0,0,0,FALSE,FALSE,FALSE,Clear,,FALSE,Road 1: 192 WOOLWICH ST (50 km/h); Road 2: WOOLWICH ST; Distance: 1.0 M N; Vehicle #1     Make: NISS     Model: NV2     Colour: WHI     Style: VN,1/3/2023 10:22:47 AM,541964.034,4815299.396
52025,22064378,3/14/2022 11:50:00 AM,2022,3,14,11,50,0,Monday,546277.0849,4803497.151,-80.428685,43.382927,Intersection related,2,Non-reportable,Thru lane,unknown,unknown,SMV other,Unknown,Daylight,01 - Daylight,Municipal (excl. Twp. Rd.),unknown,unknown,0,0,0,FALSE,FALSE,FALSE,Freezing Rain,,TRUE,Road 1: DOON MILLS DR; Road 2: WOODSMERE DR; Vehicle #1     Make: TOYT     Model: SIE     Colour: GRY     Style: VN,1/3/2023 10:15:39 AM,546277.0849,4803497.151
52026,22064680,3/23/2022 7:00:00 PM,2022,3,23,19,0,0,Wednesday,540395.5897,4805918.883,-80.501114,43.405072,Non intersection,2,P.D. only,Left shoulder,unknown,unknown,SMV other,Unknown,Dark,07 - Dark,Municipal (excl. Twp. Rd.),No control,unknown,0,0,0,FALSE,FALSE,FALSE,Rain,,FALSE,Road 1: 325-103 MAX BECKER DR (50 km/h); Road 2: MAX BECKER DR; Distance: 10.0 M N; Vehicle #1     Make: TOYT     Model: CTR     Colour: BLU     Style: 4B,1/3/2023 10:13:16 AM,540395.5897,4805918.883
52027,22065053,3/24/2022 8:10:00 AM,2022,3,24,8,10,0,Thursday,545349.7311,4812158.893,-80.439414,43.460974,Intersection related,2,P.D. only,Within intersection,unknown,unknown,Angle,Unknown,Daylight,01 - Daylight,Municipal (excl. Twp. Rd.),Stop sign,Functioning,0,0,0,FALSE,FALSE,FALSE,Clear,,TRUE,Road 1: HERITAGE DR; Road 2: LORRAINE AVE; Vehicle #1     Make: TOYT     Model: C5T     Colour: BLU     Style: 4D; Vehicle #2     Make: VOLK     Model: BEL     Colour: RED     Style: 2B,12/22/2022 9:27:06 AM,545349.7311,4812158.893
52028,22065169,2/21/2022 3:15:00 PM,2022,2,21,15,15,0,Monday,536653.8383,4807821.218,-80.547196,43.422393,At/near private drive,2,Non-reportable,Thru lane,unknown,unknown,SMV unattended vehicle,Unknown,Daylight,01 - Daylight,Municipal (excl. Twp. Rd.),No control,unknown,0,0,0,FALSE,FALSE,FALSE,Clear,,TRUE,Road 1: 63 BURNABY CRESCENT; Vehicle #1     Make: DODG     Model: JOU     Colour: BLK     Style: TY; Vehicle #2     Make: HYUN     Model: ESM     Colour: BLK     Style: 4D,12/22/2022 9:33:14 AM,536653.8383,4807821.218
52029,22066107,3/25/2022 3:00:00 PM,2022,3,25,15,0,0,Friday,547604.4049,4805821.306,-80.412097,43.403771,At intersection,2,P.D. only,Within intersection,unknown,unknown,Angle,Unknown,Daylight,01 - Daylight,Municipal (excl. Twp. Rd.),unknown,Functioning,0,0,0,FALSE,FALSE,FALSE,Clear,,FALSE,Road 1: DEER RIDGE DR (40 km/h); Road 2: TERRACE WOOD CRESCENT (40 km/h); Charged Driver #1 on page 1: HTA 136 (NA) (NA); Vehicle #1     Make: MERZ     Model: CSP     Colour: WHI     Style: FV; Vehicle #2     Make: CADI     Model: XT5     Colour: BLK     ,1/3/2023 10:19:01 AM,547604.4049,4805821.306
52030,22067445,3/27/2022 10:15:00 AM,2022,3,27,10,15,0,Sunday,547627.1487,4805831.725,-80.411815,43.403863,Non intersection,2,Non-reportable,Thru lane,unknown,unknown,Approaching,Unknown,Daylight,01 - Daylight,Municipal (excl. Twp. Rd.),No control,unknown,0,0,0,FALSE,FALSE,FALSE,Snow,,TRUE,Road 1: 491 DEER RIDGE DR; Vehicle #1     Make: HOND     Model: PIL     Colour: WHI     Style: TY; Vehicle #2     Make: DODG     Model: CAR     Colour: WHI     Style: VN,1/3/2023 10:12:27 AM,547627.1487,4805831.725
52031,22068253,3/28/2022 12:27:00 PM,2022,3,28,12,27,0,Monday,543093.9349,4807455.149,-80.467669,43.418755,Non intersection,2,P.D. only,Thru lane,unknown,unknown,Sideswipe,Unknown,Daylight,01 - Daylight,Municipal (excl. Twp. Rd.),No control,unknown,2,0,0,FALSE,FALSE,FALSE,Clear,,FALSE,Road 1: BLOCK LINE RD (50 km/h); Road 2: FALLOWFIELD DR; Distance: 1.0 M N; Vehicle #1     Make: MAZD     Model: 3TR     Colour: WHI     Style: 4D; Vehicle #2     Make: NOVB     Model: YLD     Colour: WHI     Style: BU,1/3/2023 10:12:56 AM,543093.9349,4807455.149
52032,22068613,3/28/2022 8:51:00 PM,2022,3,28,20,51,0,Monday,539390.8407,4810417.009,-80.513198,43.445627,Non intersection,2,P.D. only,Thru lane,unknown,unknown,Turning movement,Unknown,Dark,07 - Dark,Municipal (excl. Twp. Rd.),No control,unknown,2,0,0,FALSE,FALSE,FALSE,Clear,,FALSE,Road 1: 427  BELMONT AVE W (50 km/h); Road 2: BELMONT AVE W; Distance: 5.0 M S; Charged Driver #1 on page 1: HTA 142 (NA) (NA); Vehicle #1     Make: NISS     Model: ROG     Colour: BLK     Style: TY; Vehicle #2     Make: TOYT     Model: YAR     Colour: BL,12/22/2022 9:36:53 AM,539390.8407,4810417.009
52033,22068906,11/10/2021 7:45:00 AM,2021,11,10,7,45,0,Wednesday,539413.0535,4806499.741,-80.513206,43.410355,Non intersection,2,P.D. only,Thru lane,unknown,unknown,SMV unattended vehicle,Unknown,Daylight,01 - Daylight,Municipal (excl. Twp. Rd.),No control,unknown,0,0,0,FALSE,FALSE,FALSE,Clear,,TRUE,Road 1: 169 WILDERNESS DR; Vehicle #1     Make:      Model:      Colour:      Style: ; Vehicle #2     Make: TOYT     Model: C4E     Colour: BLU     Style: 4D,8/16/2022 3:06:21 PM,539413.0535,4806499.741
52034,22068952,3/20/2022 4:00:00 PM,2022,3,20,16,0,0,Sunday,543138.9642,4812133.672,-80.466743,43.460877,At/near private drive,2,Non-reportable,Thru lane,unknown,unknown,SMV unattended vehicle,Unknown,Daylight,01 - Daylight,Regional municipality,No control,unknown,0,0,0,FALSE,FALSE,FALSE,Clear,,TRUE,Road 1: ETHEL ST; Road 2: FREDERICK ST; Vehicle #1     Make:      Model:      Colour:      Style: ; Vehicle #2     Make: HYUN     Model: VTO     Colour: RED     Style: 4D,1/3/2023 10:21:36 AM,543138.9642,4812133.672
52035,22069017,3/11/2022 9:40:00 AM,2022,3,11,9,40,0,Friday,540470.3779,4810647.792,-80.49984,43.447648,At/near private drive,2,Non-reportable,Thru lane,unknown,unknown,Other,Unknown,Daylight,01 - Daylight,Municipal (excl. Twp. Rd.),No control,unknown,0,0,0,FALSE,FALSE,FALSE,Snow,,TRUE,Road 1: 9 THERESA ST; Vehicle #1     Make: HOND     Model: CTU     Colour: WHI     Style: 4D; Vehicle #2     Make: TOYT     Model: MTL     Colour: SIL     Style: 4D,12/22/2022 9:33:31 AM,540470.3779,4810647.792
52036,22069129,3/8/2022 11:45:00 AM,2022,3,8,11,45,0,Tuesday,539497.8647,4808136.79,-80.51204,43.42509,At intersection,2,P.D. only,Thru lane,unknown,unknown,Rear end,Unknown,Daylight,01 - Daylight,Municipal (excl. Twp. Rd.),Traffic signal,Functioning,0,0,0,FALSE,FALSE,FALSE,Clear,,TRUE,Road 1: STONYBROOK DR; Road 2: GREENBROOK DR; Vehicle #1     Make: LINC     Model: MKX     Colour: BLK     Style: TY; Vehicle #2     Make: VOLK     Model: PTE     Colour: GRN     Style: 4D,12/22/2022 9:31:31 AM,539497.8647,4808136.79
52037,22071459,12/6/2021 6:30:00 PM,2021,12,6,18,30,0,Monday,541084.0229,4810773.516,-80.492247,43.448746,At intersection,2,Non-reportable,Within intersection,unknown,unknown,Angle,Unknown,Dark,07 - Dark,Municipal (excl. Twp. Rd.),unknown,Functioning,0,0,0,FALSE,FALSE,FALSE,Snow,,TRUE,Road 1: JOSEPH ST; Road 2: DAVID ST; Vehicle #1     Make: CHEV     Model: EQU     Colour: GRY     Style: TY; Vehicle #2     Make:      Model:      Colour:      Style:,8/16/2022 2:56:10 PM,541084.0229,4810773.517
52038,22071582,4/1/2022 12:00:00 PM,2022,4,1,12,0,0,Friday,545125.9313,4812050.991,-80.442189,43.460016,Intersection related,2,P.D. only,Thru lane,unknown,unknown,Sideswipe,Unknown,Daylight,01 - Daylight,Municipal (excl. Twp. Rd.),unknown,unknown,0,0,0,FALSE,FALSE,FALSE,Clear,,TRUE,Road 1: LORRAINE AVE; Road 2: CONFEDERATION DR; Vehicle #1     Make: PONT     Model: G5     Colour: GRY     Style: 4D; Vehicle #2     Make: HOND     Model: CTU     Colour: BLU     Style: 4D,12/22/2022 9:29:23 AM,545125.9313,4812050.991
52039,22071606,3/8/2022 8:15:00 PM,2022,3,8,20,15,0,Tuesday,546389.878,4808801.165,-80.426842,43.430677,Non intersection,2,P.D. only,Thru lane,unknown,unknown,SMV unattended vehicle,Unknown,Dark,07 - Dark,Municipal (excl. Twp. Rd.),No control,unknown,0,0,0,FALSE,FALSE,FALSE,Clear,,TRUE,Road 1: 342 SOUTHILL DR (IFO); Vehicle #1     Make: HYUN     Model: SFT     Colour: BLK     Style: TY; Vehicle #2     Make: MAZD     Model: CX5     Colour: GRY     Style: TY,12/22/2022 9:30:27 AM,546389.878,4808801.165
52040,22071617,3/23/2022 11:30:00 PM,2022,3,23,23,30,0,Wednesday,546909.3078,4809848.632,-80.420335,43.440076,Non intersection,2,Non-reportable,Thru lane,unknown,unknown,SMV unattended vehicle,Unknown,Dark,07 - Dark,Municipal (excl. Twp. Rd.),No control,unknown,0,0,0,FALSE,FALSE,FALSE,Rain,,TRUE,Road 1: 518 BEAUMONT CRESCENT (IFO); Vehicle #1     Make:      Model:      Colour:      Style: ; Vehicle #2     Make: NISS     Model: SML     Colour: BLU     Style: 4D,12/22/2022 9:31:08 AM,546909.3078,4809848.632
52041,22071998,4/1/2022 9:20:00 PM,2022,4,1,21,20,0,Friday,541142.3172,4806766.11,-80.491828,43.41266,At intersection,2,P.D. only,Within intersection,unknown,unknown,Turning movement,Unknown,Dark,07 - Dark,Municipal (excl. Twp. Rd.),Stop sign,Functioning,0,0,0,FALSE,FALSE,FALSE,Clear,,TRUE,Road 1: LAURENTIAN DR; Road 2: BLOCK LINE RD; Vehicle #1     Make: HOND     Model: UCL     Colour: BLU     Style: 4D; Vehicle #2     Make: HOND     Model: UAX     Colour: BLK     Style: 4D,12/22/2022 9:29:24 AM,541142.3172,4806766.11
52042,22072824,4/2/2022 8:28:00 PM,2022,4,2,20,28,0,Saturday,541627.1078,4812053.967,-80.485437,43.460245,Non intersection,2,P.D. only,Thru lane,unknown,unknown,SMV unattended vehicle,Unknown,Dark,07 - Dark,Municipal (excl. Twp. Rd.),No control,unknown,1,0,0,FALSE,FALSE,FALSE,Clear,,FALSE,Road 1: 372  WELLINGTON ST N (50 km/h); Road 2: WELLINGTON ST N; Distance: 3.0 M E; Charged Driver #1 on page 1: HTA 130 (NA) (NA); Vehicle #1     Make: DODG     Model: CXT     Colour: BLK     Style: 4D; Vehicle #2     Make: TOYT     Model: MTL     Colour,12/22/2022 9:36:33 AM,541627.1078,4812053.967
52043,22074034,3/2/2022 4:30:00 PM,2022,3,2,16,30,0,Wednesday,542448.0571,4807282.311,-80.475661,43.417235,At intersection,2,Non-reportable,Within intersection,unknown,unknown,Turning movement,Unknown,Daylight,01 - Daylight,Municipal (excl. Twp. Rd.),unknown,unknown,0,0,0,FALSE,FALSE,FALSE,Snow,,TRUE,Road 1: BLOCK LINE RD; Road 2: COUNTRY HILLS DRIVE; Vehicle #1     Make: TOYT     Model: RV4     Colour: GRY     Style: TY; Vehicle #2     Make: FORD     Model: FSE     Colour: BLK     Style: 4D,12/22/2022 9:31:06 AM,542448.0571,4807282.311
52044,22074104,3/18/2022 5:30:00 PM,2022,3,18,17,30,0,Friday,540364.1259,4809207.17,-80.501259,43.434682,Non intersection,2,P.D. only,Thru lane,unknown,unknown,Rear end,Unknown,Daylight,01 - Daylight,Regional municipality,No control,unknown,0,0,0,FALSE,FALSE,FALSE,Clear,,TRUE,Road 1: BELMONT AVE E; Road 2: SOUTH DR; Vehicle #1     Make:      Model:      Colour:      Style: ; Vehicle #2     Make: KIA     Model: SOU     Colour: BLK     Style: TY,12/22/2022 9:31:05 AM,540364.1259,4809207.17
52045,22074224,4/4/2022 3:45:00 PM,2022,4,4,15,45,0,Monday,539888.934,4810656.648,-80.507025,43.447759,Non intersection,2,P.D. only,Thru lane,unknown,unknown,Angle,Unknown,Daylight,01 - Daylight,Municipal (excl. Twp. Rd.),No control,unknown,0,0,0,FALSE,FALSE,FALSE,Clear,,TRUE,Road 1: CHERRY ST; Road 2: STRANGE ST; Vehicle #1     Make: NISS     Model: ATS     Colour: BLK     Style: 4D; Vehicle #2     Make: CHRY     Model: 20C     Colour: BLK     Style: 4D,12/22/2022 9:29:38 AM,539888.934,4810656.648
52046,22075689,3/28/2022 6:30:00 PM,2022,3,28,18,30,0,Monday,542313.5937,4810288.239,-80.477089,43.444308,At intersection,2,Non-reportable,Thru lane,unknown,unknown,Rear end,Unknown,Dusk,05 - Dusk,Regional municipality,Traffic signal,Functioning,0,0,0,FALSE,FALSE,FALSE,Clear,,TRUE,Road 1: KING ST E; Road 2: STIRLING AVE N; Vehicle #1     Make: HOND     Model: ULS     Colour: BLU     Style: 4D; Vehicle #2     Make: AUDI     Model: AQ7     Colour: BLK     Style: TY,12/22/2022 9:26:55 AM,542313.5937,4810288.239
52047,22076652,4/7/2022 2:10:00 PM,2022,4,7,14,10,0,Thursday,544607.0233,4811710.651,-80.448631,43.456983,Non intersection,2,Non-reportable,Thru lane,unknown,unknown,Rear end,Unknown,Daylight,01 - Daylight,Regional municipality,No control,unknown,0,0,0,FALSE,FALSE,FALSE,Clear,,TRUE,Road 1: RIVER RD E; Road 2: LORRAINE AVE; Vehicle #1     Make: CHRY     Model: 2LX     Colour: WHI     Style: 4D; Vehicle #2     Make: NISS     Model: ROG     Colour: RED     Style: TY,12/22/2022 9:33:01 AM,544607.0233,4811710.651
52048,22076683,4/7/2022 4:36:00 PM,2022,4,7,16,36,0,Thursday,543238.0985,4809090.211,-80.465759,43.433468,Intersection related,2,P.D. only,Right shoulder,unknown,unknown,SMV other,Unknown,Daylight,01 - Daylight,Regional municipality,unknown,Functioning,0,0,0,FALSE,FALSE,FALSE,Clear,,FALSE,Road 1: DOON RD (50 km/h); Road 2: CARWOOD AVE (50 km/h); Charged Driver #1 on page 1: HTA 130 (NA) (NA); Vehicle #1     Make: HYUN     Model: SAN     Colour: BLK     Style: TY,1/3/2023 10:16:40 AM,543238.0985,4809090.211
52049,220772339,4/2/2022 9:00:00 AM,2022,4,2,9,0,0,Saturday,539618.6114,4811375.134,-80.510313,43.454242,At intersection,2,P.D. only,Within intersection,unknown,unknown,Turning movement,Unknown,Daylight,01 - Daylight,Regional municipality,Traffic signal,Functioning,0,0,0,FALSE,FALSE,FALSE,Clear,,TRUE,Road 1: GLASGOW ST; Road 2: PARK ST; Vehicle #1     Make: VOLK     Model: JSA     Colour: BLK     Style: 4D; Vehicle #2     Make: NISS     Model: MIC     Colour: GRN     Style: 4B,12/22/2022 9:29:33 AM,539618.6114,4811375.134
52050,22077535,4/8/2022 5:21:00 PM,2022,4,8,17,21,0,Friday,546613.8598,4811335.687,-80.423859,43.453484,Non intersection,2,P.D. only,Not on roadway - right side,unknown,unknown,SMV other,Unknown,Daylight,01 - Daylight,Municipal (excl. Twp. Rd.),No control,unknown,0,0,0,FALSE,FALSE,FALSE,Clear,,FALSE,Road 1: 24 BRYAN CRT (50 km/h); Road 2: BRYAN CRT; Distance: 1.0 M N; Vehicle #1     Make: HYUN     Model: TUC     Colour: GRY     Style: TY,1/3/2023 10:13:08 AM,546613.8598,4811335.687
52051,22078042,3/28/2022 10:30:00 AM,2022,3,28,10,30,0,Monday,538243.5242,4808370.538,-80.52752,43.42726,Non intersection,2,P.D. only,Thru lane,unknown,unknown,Angle,Unknown,Daylight,01 - Daylight,Regional municipality,No control,unknown,0,0,0,FALSE,FALSE,FALSE,Clear,,TRUE,Road 1: 1734 QUEEN'S BLVD; Vehicle #1     Make: HYUN     Model: SLI     Colour: GRY     Style: 4D; Vehicle #2     Make: RAM     Model: RPR     Colour: WHI     Style: FV,1/3/2023 10:12:22 AM,538243.5242,4808370.538
52052,22078044,2/7/2022 3:30:00 PM,2022,2,7,15,30,0,Monday,541650.1711,4809314.243,-80.485361,43.435576,Intersection related,2,P.D. only,Thru lane,unknown,unknown,Rear end,Unknown,Daylight,01 - Daylight,Municipal (excl. Twp. Rd.),Stop sign,Functioning,0,0,0,FALSE,FALSE,FALSE,Clear,,TRUE,Road 1: MILL ST; Road 2: HEIMAN ST; Vehicle #1     Make: CHEV     Model: CZT     Colour: WHI     Style: 4D; Vehicle #2     Make: FORD     Model: SPE     Colour: WHI     Style: TY,12/22/2022 9:28:50 AM,541650.1711,4809314.243
52053,22078949,4/10/2022 1:59:00 PM,2022,4,10,13,59,0,Sunday,546804.5732,4801879.251,-80.422311,43.368327,Non intersection,2,P.D. only,Not on roadway - right side,unknown,unknown,SMV other,Unknown,Daylight,01 - Daylight,Municipal (excl. Twp. Rd.),No control,unknown,0,0,0,FALSE,FALSE,FALSE,Clear,,FALSE,Road 1: REICHERT DR (60 km/h); Road 2: DUNDEE RD; Distance: 500.0 M S; Vehicle #1     Make: HOND     Model: CRV     Colour: BRN     Style: TY,1/3/2023 10:13:40 AM,546804.5732,4801879.251
52054,22079327,4/11/2022 1:15:00 AM,2022,4,11,1,15,0,Monday,544404.4955,4802884.323,-80.451852,43.377522,Non intersection,2,P.D. only,Not on roadway - right side,unknown,unknown,SMV other,Unknown,Dark,07 - Dark,Municipal (excl. Twp. Rd.),No control,unknown,0,0,0,FALSE,FALSE,FALSE,Clear,,FALSE,Road 1: CARYNDALE DR (50 km/h); Road 2: ROBERT FERRIE DR; Distance: 50.0 M S; Charged Driver #1 on page 1: HTA 32 (NA) (NA); Vehicle #1     Make: HOND     Model: ACC     Colour: BLK     Style: 4D,1/3/2023 10:14:04 AM,544404.4955,4802884.323
52055,22079494,4/11/2022 8:45:00 AM,2022,4,11,8,45,0,Monday,538002.4306,4807661.873,-80.530547,43.420891,Non intersection,2,Non-reportable,Thru lane,unknown,unknown,Sideswipe,Unknown,Daylight,01 - Daylight,Municipal (excl. Twp. Rd.),No control,unknown,0,0,0,FALSE,FALSE,FALSE,Clear,,TRUE,Road 1: AUTUMN HILL CRESCENT (ST MARKS SCHOOL); Vehicle #1     Make: HOND     Model: UDY     Colour: SIL     Style: VN; Vehicle #2     Make: LEXS     Model: NXT     Colour: GRY     Style: TY,1/3/2023 10:13:43 AM,538002.4306,4807661.873
52056,22079923,4/11/2022 8:00:00 PM,2022,4,11,20,0,0,Monday,545095.665,4807778.988,-80.442916,43.421553,Non intersection,2,P.D. only,Thru lane,unknown,unknown,Angle,Unknown,Dark,07 - Dark,Regional municipality,No control,unknown,0,0,0,FALSE,FALSE,FALSE,Clear,,TRUE,Road 1: WILSON AVE; Road 2: FAIRWAY RD S; Vehicle #1     Make: KIA     Model: FEX     Colour: WHI     Style: 4D; Vehicle #2     Make: RAM     Model: RTR     Colour: SIL     Style: PK,1/3/2023 10:13:12 AM,545095.665,4807778.988
52057,22080226,2/27/2022 9:00:00 PM,2022,2,27,21,0,0,Sunday,543202.019,4804495.84,-80.466568,43.392103,At intersection,2,Non-reportable,Within intersection,unknown,unknown,Rear end,Unknown,Dark,07 - Dark,Regional municipality,Yield sign,Functioning,0,0,0,FALSE,FALSE,FALSE,Clear,,TRUE,Road 1: HURON RD; Road 2: STRASBURG RD; Vehicle #1     Make: HOND     Model: UCS     Colour: WHI     Style: 4D; Vehicle #2     Make: NISS     Model: VSL     Colour: WHI     Style: 4B,12/22/2022 9:29:27 AM,543202.019,4804495.84