OBJECTID,ACCIDENTNUM,ACCIDENTDATE,ACCIDENT_YEAR,ACCIDENT_MONTH,ACCIDENT_DAY,ACCIDENT_HOUR,ACCIDENT_MINUTE,ACCIDENT_SECOND,ACCIDENT_WEEKDAY,XCOORD,YCOORD,LONGITUDE,LATITUDE,ACCIDENTLOCATION,COLLISIONTYPE,CLASSIFICATIONOFACCIDENT,IMPACTLOCATION,INITIALDIRECTIONOFTRAVELONE,INITIALDIRECTIONOFTRAVELTWO,INITIALIMPACTTYPE,INTTRAFFICCONTROL,LIGHT,LIGHTFORREPORT,ROADJURISDICTION,TRAFFICCONTROL,TRAFFICCONTROLCONDITION,THRULANENO,NORTHBOUNDDISOBEYCOUNT,SOUTHBOUNDDISOBEYCOUNT,PEDESTRIANINVOLVED,CYCLISTINVOLVED,MOTORCYCLISTINVOLVED,ENVIRONMENTCONDITION1,ENVIRONMENTCONDITION2,SELFREPORTED,XMLIMPORTNOTES,LASTEDITEDDATE,x,y
52058,22081037,4/13/2022 7:06:00 AM,2022,4,13,7,6,0,Wednesday,542510.6662,4804200.557,-80.475127,43.389483,Non intersection,1,Non-fatal injury,Not on roadway - left side,unknown,unknown,SMV unattended vehicle,Unknown,Daylight,01 - Daylight,Municipal (excl. Twp. Rd.),No control,unknown,0,0,0,FALSE,FALSE,FALSE,Clear,,FALSE,Road 1: 103 PARKVALE DR (50 km/h); Road 2: PARKVALE DR; Distance: 6.0 M W; Charged Driver #1 on page 1: HTA 130 (NA) (NA); Vehicle #1     Make: VOLK     Model: TIG     Colour: BLK     Style: TY; Vehicle #2     Make: HOND     Model: UCL     Colour: BLK    ,1/3/2023 10:11:08 AM,542510.6662,4804200.557
52059,22082103,2/23/2022 3:00:00 PM,2022,2,23,15,0,0,Wednesday,542071.1834,4807093.861,-80.48033,43.41556,Non intersection,2,Non-reportable,Thru lane,unknown,unknown,Rear end,Unknown,Daylight,01 - Daylight,Municipal (excl. Twp. Rd.),No control,unknown,0,0,0,FALSE,FALSE,FALSE,Clear,,TRUE,Road 1: BLOCK LINE RD; Road 2: STRASBURG RD; Vehicle #1     Make: MAZD     Model: M6I     Colour: WHI     Style: 4D; Vehicle #2     Make:      Model:      Colour:      Style:,12/22/2022 9:35:00 AM,542071.1834,4807093.861
52060,22082230,4/14/2022 2:14:00 PM,2022,4,14,14,14,0,Thursday,545421.9508,4808329.616,-80.43884,43.426491,At/near private drive,1,Non-fatal injury,Thru lane,unknown,unknown,Angle,Unknown,Daylight,01 - Daylight,Municipal (excl. Twp. Rd.),No control,unknown,2,0,0,FALSE,FALSE,FALSE,Clear,,FALSE,Road 1: KINGSWAY DR (50 km/h); Road 2: CEDARWOODS CRES; Distance: 15.0 M S; Charged Driver #1 on page 1: HTA 142 (NA) (NA); Vehicle #1     Make: HOND     Model: UAX     Colour: RED     Style: 4D; Vehicle #2     Make: TOYT     Model: XLL     Colour: BRN   ,12/22/2022 9:36:52 AM,545421.9508,4808329.617
52061,22082557,4/14/2022 10:21:00 PM,2022,4,14,22,21,0,Thursday,542427.8899,4807276.432,-80.47591,43.417183,Non intersection,2,P.D. only,Thru lane,unknown,unknown,SMV other,Unknown,"Dark, artificial","08 - Dark, artificial",Municipal (excl. Twp. Rd.),No control,unknown,1,0,0,TRUE,FALSE,FALSE,Clear,,FALSE,Road 1: BLOCK LINE RD (50 km/h); Road 2: COUNTRY HILL DR; Distance: 20.0 M W; Vehicle #1     Make: HOND     Model: ULX     Colour: RED     Style: 4D,12/22/2022 9:30:10 AM,542427.8899,4807276.432
52062,22085029,4/18/2022 2:00:00 AM,2022,4,18,2,0,0,Monday,539336.7418,4809821.414,-80.513909,43.440267,Non intersection,2,P.D. only,Thru lane,unknown,unknown,SMV unattended vehicle,Unknown,"Dark, artificial","08 - Dark, artificial",Municipal (excl. Twp. Rd.),No control,unknown,1,0,0,FALSE,FALSE,FALSE,Clear,,FALSE,Road 1: PAULANDER DR (50 km/h); Road 2: LAWRENCE AVE; Distance: 90.0 M W; Charged Driver #1 on page 1: HTA 130 (NA) (NA); Vehicle #1     Make: TOYT     Model: MTL     Colour: BRN     Style: 4D; Vehicle #2     Make: RAM     Model: RTR     Colour: GRY     S,1/3/2023 10:14:28 AM,539336.7418,4809821.414
52063,22085178,3/13/2022 2:30:00 PM,2022,3,13,14,30,0,Sunday,545183.2376,4805040.875,-80.442061,43.396893,At/near private drive,2,P.D. only,Thru lane,unknown,unknown,SMV unattended vehicle,Unknown,Daylight,01 - Daylight,Municipal (excl. Twp. Rd.),No control,unknown,0,0,0,FALSE,FALSE,FALSE,Snow,,TRUE,Road 1: 31 LOWER CANADA CRESCENT; Vehicle #1     Make: MERZ     Model: C4A     Colour: SIL     Style: 4D; Vehicle #2     Make: HOND     Model: UCL     Colour: GRY     Style: 4D,1/3/2023 10:20:37 AM,545183.2376,4805040.875
52064,22085218,1/27/2022 3:03:00 PM,2022,1,27,15,3,0,Thursday,538123.1218,4807453.334,-80.529071,43.419008,Non intersection,2,Non-reportable,Thru lane,unknown,unknown,Rear end,Unknown,Daylight,01 - Daylight,Municipal (excl. Twp. Rd.),No control,unknown,0,0,0,FALSE,FALSE,FALSE,Clear,,TRUE,Road 1: ROYAL ORCHARD DR; Road 2: MCGARRY DR; Vehicle #1     Make: SUBA     Model: IPR     Colour: WHI     Style: 4D; Vehicle #2     Make: NISS     Model: PFI     Colour: WHI     Style: TY,12/22/2022 9:34:07 AM,538123.1218,4807453.334
52065,22085412,3/1/2022 8:20:00 AM,2022,3,1,8,20,0,Tuesday,539136.107,4805925.665,-80.516667,43.4052,At/near private drive,2,Non-reportable,Thru lane,unknown,unknown,Approaching,Unknown,Daylight,01 - Daylight,Municipal (excl. Twp. Rd.),No control,unknown,0,0,0,FALSE,FALSE,FALSE,Clear,,TRUE,Road 1: 7 BERRY MOSS ST; Vehicle #1     Make: TOYT     Model: SIE     Colour: WHI     Style: VN; Vehicle #2     Make:      Model:      Colour:      Style:,1/3/2023 10:21:13 AM,539136.107,4805925.665
52066,22085436,3/1/2022 9:45:00 AM,2022,3,1,9,45,0,Tuesday,541644.35,4812061.987,-80.485223,43.460317,Non intersection,2,Non-reportable,Right shoulder,unknown,unknown,Rear end,Unknown,Daylight,01 - Daylight,Municipal (excl. Twp. Rd.),No control,unknown,0,0,0,FALSE,FALSE,FALSE,Snow,,TRUE,Road 1: WELLINGTON ST N; Vehicle #1     Make: TOYT     Model: MTL     Colour: BLU     Style: 4D; Vehicle #2     Make:      Model:      Colour:      Style:,1/3/2023 10:11:59 AM,541644.35,4812061.987
52067,22085931,3/17/2022 1:30:00 PM,2022,3,17,13,30,0,Thursday,544884.6267,4804850.46,-80.445764,43.395197,At intersection,2,P.D. only,Thru lane,unknown,unknown,Rear end,Unknown,Daylight,01 - Daylight,Municipal (excl. Twp. Rd.),Traffic signal,Functioning,0,0,0,FALSE,FALSE,FALSE,Clear,,TRUE,Road 1: DOON VILLAGE RD; Road 2: PIONEER DR; Vehicle #1     Make:      Model:      Colour:      Style: ; Vehicle #2     Make: LEXS     Model: RX5     Colour: WHI     Style: TY,12/22/2022 9:30:51 AM,544884.6267,4804850.46
52068,22086852,2/3/2022 4:45:00 PM,2022,2,3,16,45,0,Thursday,542847.9554,4813076.466,-80.470266,43.469383,At intersection,2,Non-reportable,Thru lane,unknown,unknown,Rear end,Unknown,Daylight,01 - Daylight,Municipal (excl. Twp. Rd.),Stop sign,Functioning,0,0,0,FALSE,FALSE,FALSE,Clear,,TRUE,Road 1: GUELPH ST; Road 2: RIVERBEND DR; Vehicle #1     Make: TOYT     Model: TAC     Colour: GRY     Style: PK; Vehicle #2     Make:      Model:      Colour:      Style:,12/22/2022 9:35:02 AM,542847.9554,4813076.467
52069,22086866,2/4/2022 12:40:00 PM,2022,2,4,12,40,0,Friday,543071.0852,4805498.56,-80.468106,43.401139,Intersection related,2,Non-reportable,Thru lane,unknown,unknown,Rear end,Unknown,Daylight,01 - Daylight,Municipal (excl. Twp. Rd.),Stop sign,Functioning,0,0,0,FALSE,FALSE,FALSE,Clear,,TRUE,Road 1: TRILLIUM DR; Road 2: STRASBURG RD TRILLIUM INDUSTRIAL PARK KITCHENER; Vehicle #1     Make:      Model:      Colour:      Style: ; Vehicle #2     Make: DODG     Model: CAR     Colour: BGE     Style: VN,12/22/2022 9:28:29 AM,543071.0852,4805498.56
52070,22087146,4/20/2022 5:12:00 PM,2022,4,20,17,12,0,Wednesday,545867.2935,4804748.427,-80.433639,43.394219,Non intersection,2,P.D. only,Right shoulder,unknown,unknown,SMV other,Unknown,Daylight,01 - Daylight,Municipal (excl. Twp. Rd.),No control,unknown,0,0,0,FALSE,FALSE,FALSE,Clear,,FALSE,Road 1: 120 PIONEER DR (50 km/h); Road 2: PIONEER DR; Distance: 1.0 M N; Charged Driver #1 on page 1: HTA 33 (NA) (NA); Vehicle #1     Make: HOND     Model: UAX     Colour: BLU     Style: 4D,1/3/2023 10:14:45 AM,545867.2935,4804748.428
52071,22087813,2/25/2022 3:18:00 PM,2022,2,25,15,18,0,Friday,537673.4729,4806995.887,-80.534657,43.414911,Non intersection,2,P.D. only,Thru lane,unknown,unknown,SMV unattended vehicle,Unknown,Daylight,01 - Daylight,Municipal (excl. Twp. Rd.),No control,unknown,0,0,0,FALSE,FALSE,FALSE,Clear,,TRUE,Road 1: DRIFTWOOD DR (DRIFTWOOD SCHOOL); Vehicle #1     Make: HOND     Model: PIL     Colour: SIL     Style: TY; Vehicle #2     Make: FORD     Model: COF     Colour: BLK     Style: PK; Vehicle #3     Make: VOLK     Model: JBS     Colour: WHI     Style: 4D,12/22/2022 9:32:46 AM,537673.4729,4806995.887
52072,22088023,4/21/2022 5:23:00 PM,2022,4,21,17,23,0,Thursday,545123.568,4807657.243,-80.442582,43.420455,At/near private drive,1,Non-fatal injury,Thru lane,unknown,unknown,Angle,Unknown,Daylight,01 - Daylight,Regional municipality,No control,unknown,1,0,0,FALSE,FALSE,FALSE,Clear,,FALSE,Road 1: 385 WILSON AVE (50 km/h); Road 2: FAIRWAY RD S; Distance: 50.0 M S; Charged Driver #1 on page 1: HTA 142 (NA) (NA); Vehicle #1     Make: HYUN     Model: EXL     Colour: ONG     Style: 4D; Vehicle #2     Make: HOND     Model: PIL     Colour: BLK   ,1/3/2023 10:23:02 AM,545123.568,4807657.243
52073,22088256,4/21/2022 11:57:00 PM,2022,4,21,23,57,0,Thursday,539461.8612,4810230.45,-80.512333,43.443944,At intersection,1,Non-fatal injury,Within intersection,unknown,unknown,SMV other,Unknown,Dark,07 - Dark,Municipal (excl. Twp. Rd.),unknown,unknown,0,0,0,TRUE,FALSE,FALSE,Clear,,FALSE,Road 1: TALBOT ST (50 km/h); Road 2: BELMONT AVE W (50 km/h); Charged Driver #1 on page 1: HTA 162 (NA) (NA); Vehicle #1     Make:      Model:      Colour:      Style:,1/3/2023 10:18:15 AM,539461.8612,4810230.45
52074,22088676,12/3/2021 12:15:00 PM,2021,12,3,12,15,0,Friday,547159.4368,4807920.895,-80.417411,43.422703,At/near private drive,2,P.D. only,Thru lane,unknown,unknown,Other,Unknown,Daylight,01 - Daylight,Municipal (excl. Twp. Rd.),No control,unknown,0,0,0,FALSE,FALSE,FALSE,Clear,,TRUE,Road 1: 89 STONEGATE DRIVE KITCHENER; Road 2: WOODVIEW CRESCENT KITCHENER; Vehicle #1     Make: VOLK     Model: 25L     Colour: BLK     Style: 2B; Vehicle #2     Make: AUDI     Model: SQ5     Colour: BLU     Style: TY,8/16/2022 3:04:52 PM,547159.4368,4807920.895
52075,22088721,12/8/2021 9:25:00 AM,2021,12,8,9,25,0,Wednesday,541466.7681,4809537.408,-80.48761,43.437595,At intersection,2,P.D. only,Thru lane,unknown,unknown,Sideswipe,Unknown,Daylight,01 - Daylight,Municipal (excl. Twp. Rd.),unknown,Functioning,0,0,0,FALSE,FALSE,FALSE,Snow,,TRUE,Road 1: STIRLING AVE S; Road 2: MILL ST MILL; Vehicle #1     Make:      Model:      Colour:      Style: ; Vehicle #2     Make: HOND     Model: PIL     Colour: GRY     Style: TY,8/16/2022 3:04:39 PM,541466.7681,4809537.408
52076,22089915,4/23/2022 9:17:00 PM,2022,4,23,21,17,0,Saturday,547133.8219,4808432.829,-80.417683,43.427314,Non intersection,2,P.D. only,Thru lane,unknown,unknown,SMV unattended vehicle,Unknown,Dark,07 - Dark,Municipal (excl. Twp. Rd.),No control,unknown,1,0,0,FALSE,FALSE,FALSE,Clear,,FALSE,Road 1: 46 GRAND RIVER BLVD (40 km/h); Road 2: GRAND RIVER BLVD; Distance: 10.0 M E; Vehicle #1     Make: FORD     Model: TEL     Colour: BLK     Style: 4D; Vehicle #2     Make: MAZD     Model: X3T     Colour: BLU     Style: 4W,12/22/2022 9:32:26 AM,547133.8219,4808432.829
52077,22090417,4/24/2022 2:00:00 PM,2022,4,24,14,0,0,Sunday,540284.3406,4806513.488,-80.502444,43.410432,At/near private drive,2,P.D. only,Thru lane,unknown,unknown,Other,Unknown,Daylight,01 - Daylight,Municipal (excl. Twp. Rd.),No control,unknown,0,0,0,FALSE,FALSE,FALSE,Clear,,TRUE,Road 1: 275 HIGHBROOK CRESCENT; Vehicle #1     Make: HOND     Model: AST     Colour: BLK     Style: 4D; Vehicle #2     Make: NISS     Model: KIC     Colour: RED     Style: 4B,12/22/2022 9:30:30 AM,540284.3406,4806513.488
52078,22091061,12/15/2021 7:30:00 AM,2021,12,15,7,30,0,Wednesday,539617.6471,4811375.608,-80.510325,43.454247,At intersection,2,P.D. only,Within intersection,unknown,unknown,Sideswipe,Unknown,Dawn,03 - Dawn,Municipal (excl. Twp. Rd.),unknown,unknown,0,0,0,FALSE,FALSE,FALSE,Clear,,TRUE,Road 1: PARK ST; Road 2: GLASGOW ST; Vehicle #1     Make: MAZD     Model: M3S     Colour: GRY     Style: 4B; Vehicle #2     Make: FORD     Model: ECM     Colour: GRY     Style: TY,8/16/2022 2:58:13 PM,539617.6471,4811375.608
52079,22091358,4/25/2022 3:56:00 PM,2022,4,25,15,56,0,Monday,545433.4575,4808343.627,-80.438697,43.426616,Intersection related,2,P.D. only,Within intersection,unknown,unknown,SMV other,Unknown,Daylight,01 - Daylight,Municipal (excl. Twp. Rd.),Stop sign,Functioning,0,0,0,TRUE,FALSE,FALSE,Clear,,FALSE,Road 1: CEDARWOODS CRES (50 km/h); Road 2: KINGSWAY DR (50 km/h); Distance: 5.0 M S; Vehicle #1     Make:      Model:      Colour:      Style:,12/22/2022 9:27:57 AM,545433.4575,4808343.628
52080,22091593,4/25/2022 9:20:00 PM,2022,4,25,21,20,0,Monday,540922.6573,4811298.776,-80.494201,43.453485,Non intersection,2,Non-reportable,Thru lane,unknown,unknown,SMV unattended vehicle,Unknown,Dark,07 - Dark,Municipal (excl. Twp. Rd.),No control,unknown,0,0,0,FALSE,FALSE,FALSE,Rain,,TRUE,Road 1: 55 FRANCIS ST N (IFO); Vehicle #1     Make: CHEV     Model: CXM     Colour: WHI     Style: 4D; Vehicle #2     Make:      Model:      Colour:      Style:,12/22/2022 9:30:54 AM,540922.6573,4811298.776
52081,22092585,4/27/2022 3:17:00 AM,2022,4,27,3,17,0,Wednesday,539930.9633,4805473.588,-80.506884,43.401088,Non intersection,2,P.D. only,Left shoulder,unknown,unknown,SMV unattended vehicle,Unknown,"Dark, artificial","08 - Dark, artificial",Municipal (excl. Twp. Rd.),No control,unknown,0,0,0,FALSE,FALSE,FALSE,Clear,,FALSE,Road 1: 1018 COPPER LEAF CRES (40 km/h); Road 2: COPPER LEAF CRES; Distance: 10.0 M E; Charged Driver #1 on page 1: CCC 335 (NA) (NA); Vehicle #1     Make: ACUR     Model: MDX     Colour: BLK     Style: 4W; Vehicle #2     Make: HYUN     Model: TUC     Col,12/22/2022 9:36:26 AM,539930.9633,4805473.588
52082,22092609,4/27/2022 6:00:00 AM,2022,4,27,6,0,0,Wednesday,542611.5624,4805881.408,-80.47375,43.404612,Intersection related,2,P.D. only,Thru lane,unknown,unknown,Angle,Unknown,Dawn,03 - Dawn,Municipal (excl. Twp. Rd.),Stop sign,Functioning,0,0,0,FALSE,FALSE,FALSE,Clear,,TRUE,Road 1: STRASBURG RD; Road 2: MCINTYRE DR; Vehicle #1     Make: MAZD     Model: MA5     Colour: GRY     Style: 4B; Vehicle #2     Make: FRHT     Model: FM2     Colour: WHI     Style: CT,12/22/2022 9:30:52 AM,542611.5624,4805881.408
52083,22092703,4/2/2022 12:00:00 PM,2022,4,2,12,0,0,Saturday,541797.7899,4810621.347,-80.483437,43.447337,At intersection,2,Non-reportable,Thru lane,unknown,unknown,Rear end,Unknown,Daylight,01 - Daylight,Regional municipality,Traffic signal,Functioning,0,0,0,FALSE,FALSE,FALSE,Clear,,TRUE,Road 1: KING ST E; Road 2: CEDAR ST N; Vehicle #1     Make: DODG     Model: CJO     Colour: CRM     Style: TY; Vehicle #2     Make: CHEV     Model: BEG     Colour: RED     Style: 4D,12/22/2022 9:29:36 AM,541797.7899,4810621.347
52084,22092729,4/20/2022 2:15:00 PM,2022,4,20,14,15,0,Wednesday,538829.2181,4809016.254,-80.520238,43.433044,At/near private drive,2,P.D. only,Thru lane,unknown,unknown,SMV unattended vehicle,Unknown,Daylight,01 - Daylight,Municipal (excl. Twp. Rd.),No control,unknown,0,0,0,FALSE,FALSE,FALSE,Clear,,TRUE,Road 1: 100 RALGREEN CRESCENT (IFO); Vehicle #1     Make:      Model:      Colour:      Style: ; Vehicle #2     Make: TOYT     Model: CBA     Colour: BLK     Style: 4D,12/22/2022 9:30:12 AM,538829.2181,4809016.254
52085,22092939,4/14/2022 3:00:00 PM,2022,4,14,15,0,0,Thursday,543768.6978,4807806.05,-80.459306,43.421875,Non intersection,2,Non-reportable,Thru lane,unknown,unknown,SMV unattended vehicle,Unknown,Daylight,01 - Daylight,Regional municipality,No control,unknown,0,0,0,FALSE,FALSE,FALSE,Clear,,TRUE,Road 1: SHELLEY DR; Road 2: COURTLAND AVE E; Vehicle #1     Make:      Model:      Colour:      Style: ; Vehicle #2     Make: HYUN     Model: ESM     Colour: GRY     Style: 4D,12/22/2022 9:30:01 AM,543768.6978,4807806.05
52086,22093580,4/21/2022 9:15:00 PM,2022,4,21,21,15,0,Thursday,541152.0246,4806229.526,-80.491749,43.407828,At/near private drive,2,Non-reportable,Off highway,unknown,unknown,Other,Unknown,Dark,07 - Dark,Municipal (excl. Twp. Rd.),No control,unknown,0,0,0,FALSE,FALSE,FALSE,Clear,,TRUE,Road 1: RITTENHOUSE RD; Road 2: JULIA CRESCENT; Vehicle #1     Make: HOND     Model: UCL     Colour: WHI     Style: 4D; Vehicle #2     Make:      Model:      Colour:      Style:,12/22/2022 9:30:32 AM,541152.0246,4806229.526
52087,22093608,4/28/2022 10:45:00 AM,2022,4,28,10,45,0,Thursday,544441.5782,4806323.429,-80.451115,43.408486,Non intersection,2,P.D. only,Thru lane,unknown,unknown,Turning movement,Unknown,Daylight,01 - Daylight,Municipal (excl. Twp. Rd.),No control,unknown,0,0,0,FALSE,FALSE,FALSE,Clear,,TRUE,Road 1: 147 OTONABEE DR; Vehicle #1     Make: CHEV     Model: SIL     Colour: RED     Style: PK; Vehicle #2     Make: FORD     Model: TST     Colour: WHI     Style: FV,1/3/2023 10:10:19 AM,544441.5782,4806323.429
52088,22093792,4/28/2022 1:38:00 PM,2022,4,28,13,38,0,Thursday,541754.2633,4811621.836,-80.483899,43.456347,At/near private drive,2,P.D. only,Not on roadway - left side,unknown,unknown,SMV other,Unknown,Daylight,01 - Daylight,Municipal (excl. Twp. Rd.),No control,unknown,0,0,0,FALSE,FALSE,FALSE,Clear,,FALSE,Road 1: QUEEN ST N (50 km/h); Road 2: ST LEGER ST; Distance: 2.0 M S; Charged Driver #1 on page 1: HTA 130 (NA) (NA); Vehicle #1     Make: FORD     Model: COF     Colour: BLK     Style: PK,12/22/2022 9:36:05 AM,541754.2633,4811621.836
52089,22094557,4/25/2022 8:30:00 AM,2022,4,25,8,30,0,Monday,538612.218,4809803.064,-80.522863,43.44014,Non intersection,2,P.D. only,Thru lane,unknown,unknown,SMV unattended vehicle,Unknown,Daylight,01 - Daylight,Municipal (excl. Twp. Rd.),No control,unknown,0,0,0,FALSE,FALSE,FALSE,Clear,,TRUE,Road 1: 67 MOOREGATE CRESCENT (IFO); Vehicle #1     Make: FORD     Model: FE     Colour: BLK     Style: 4D; Vehicle #2     Make: HYUN     Model: EGM     Colour: BLK     Style: 4D,12/22/2022 9:30:31 AM,538612.218,4809803.064
52090,22094584,4/20/2022 3:45:00 PM,2022,4,20,15,45,0,Wednesday,539316.3111,4810616.519,-80.514104,43.447428,At intersection,2,P.D. only,Within intersection,unknown,unknown,Rear end,Unknown,Daylight,01 - Daylight,Municipal (excl. Twp. Rd.),Traffic signal,Functioning,0,0,0,FALSE,FALSE,FALSE,Clear,,TRUE,Road 1: BELMONT AVE W; Road 2: GAGE AVE; Vehicle #1     Make: TOYT     Model: HIG     Colour: BLK     Style: TY; Vehicle #2     Make: FORD     Model: FSH     Colour: GRY     Style: 4D,12/22/2022 9:30:13 AM,539316.3111,4810616.519
52091,22094916,4/29/2022 5:46:00 PM,2022,4,29,17,46,0,Friday,543605.7426,4812170.456,-80.46097,43.461182,Intersection related,1,Non-fatal injury,Within intersection,unknown,unknown,Angle,Unknown,Daylight,01 - Daylight,Municipal (excl. Twp. Rd.),Stop sign,unknown,0,0,0,FALSE,FALSE,FALSE,Clear,,FALSE,Road 1: RIVER RD E (50 km/h); Road 2: ROSEMOUNT DR (50 km/h); Distance: 1.0 M S; Charged Driver #1 on page 1: HTA 130 (NA) (NA); Vehicle #1     Make: CHRY     Model: S30     Colour: RED     Style: 4D; Vehicle #2     Make: FORD     Model: FSE     Colour: G,12/22/2022 9:36:29 AM,543605.7426,4812170.456
52092,22095272,4/30/2022 2:33:00 AM,2022,4,30,2,33,0,Saturday,541176.3585,4808251.573,-80.491296,43.426033,Intersection related,1,Non-fatal injury,Not on roadway - right side,unknown,unknown,SMV other,Unknown,Dark,07 - Dark,Municipal (excl. Twp. Rd.),unknown,unknown,0,0,0,FALSE,FALSE,FALSE,Clear,,FALSE,Road 1: CHANDLER DR (50 km/h); Road 2: STRASBURG RD (50 km/h); Distance:  M N; Charged Driver #1 on page 1: CCC 320 (NA) (NA); Vehicle #1     Make: TOYT     Model: SIE     Colour: GRY     Style: VN,12/22/2022 9:36:22 AM,541176.3585,4808251.573
52093,22095481,4/30/2022 10:32:00 AM,2022,4,30,10,32,0,Saturday,543440.9036,4807182.634,-80.463405,43.416281,At/near private drive,1,Non-fatal injury,Thru lane,unknown,unknown,Other,Unknown,Daylight,01 - Daylight,Regional municipality,No control,unknown,1,0,0,FALSE,FALSE,FALSE,Clear,,FALSE,Road 1: 35 BRISBANE DR (50 km/h); Road 2: BRISBANE DR; Distance: 7.0 M N; Charged Driver #1 on page 1: HTA 139 (NA) (NA); Vehicle #1     Make: TOYT     Model: CBS     Colour: RED     Style: 4D; Vehicle #2     Make: TOYT     Model: UCS     Colour: BLK     ,12/22/2022 9:36:48 AM,543440.9036,4807182.634
52094,22095546,4/23/2022 10:00:00 PM,2022,4,23,22,0,0,Saturday,538625.0988,4809569.945,-80.522721,43.43804,At/near private drive,2,Non-reportable,Right shoulder,unknown,unknown,SMV unattended vehicle,Unknown,Dark,07 - Dark,Regional municipality,No control,unknown,0,0,0,FALSE,FALSE,FALSE,Clear,,TRUE,Road 1: 83 VICMOUNT DR; Vehicle #1     Make:      Model:      Colour:      Style: ; Vehicle #2     Make: HOND     Model: UCL     Colour: BLU     Style: 4D,12/22/2022 9:30:33 AM,538625.0988,4809569.945
52095,22096274,5/1/2022 3:45:00 AM,2022,5,1,3,45,0,Sunday,547564.817,4811385.468,-80.412101,43.453873,Intersection related,2,P.D. only,Not on roadway - right side,unknown,unknown,SMV other,Unknown,"Dark, artificial","08 - Dark, artificial",Regional municipality,Stop sign,Functioning,0,0,0,FALSE,FALSE,FALSE,Clear,,FALSE,Road 1: OLD ZELLER DR (50 km/h); Road 2: ZELLER DRIVE; Distance: 20.0 M W; Vehicle #1     Make:      Model:      Colour:      Style:,12/22/2022 9:32:25 AM,547564.817,4811385.468
52096,22096423,8/6/2021 2:00:00 PM,2021,8,6,14,0,0,Friday,536918.13,4807012.256,-80.543986,43.415096,At/near private drive,2,Non-reportable,Thru lane,unknown,unknown,SMV unattended vehicle,Unknown,Daylight,01 - Daylight,Municipal (excl. Twp. Rd.),No control,unknown,0,0,0,FALSE,FALSE,FALSE,Clear,,TRUE,Road 1: 59 HICKORY HOLLOW CRESCENT; Vehicle #1     Make:      Model:      Colour:      Style: ; Vehicle #2     Make: HYUN     Model: EGM     Colour: WHI     Style: 4D,8/16/2022 2:59:09 PM,536918.13,4807012.256
52097,22096573,8/25/2021 3:15:00 PM,2021,8,25,15,15,0,Wednesday,536093.8966,4807654.031,-80.554124,43.420915,Non intersection,2,Non-reportable,Thru lane,unknown,unknown,SMV unattended vehicle,Unknown,Daylight,01 - Daylight,Municipal (excl. Twp. Rd.),No control,unknown,0,0,0,FALSE,FALSE,FALSE,Clear,,TRUE,Road 1: 6 RAUCH COURT  UNIT 2; Vehicle #1     Make:      Model:      Colour:      Style: ; Vehicle #2     Make: GMC     Model: SIE     Colour: BRN     Style: PK,8/16/2022 3:03:28 PM,536093.8966,4807654.031
52098,22096707,5/1/2022 5:46:00 PM,2022,5,1,17,46,0,Sunday,541926.0377,4812236.201,-80.481728,43.46187,Non intersection,1,Non-fatal injury,Thru lane,unknown,unknown,SMV other,Unknown,Daylight,01 - Daylight,Municipal (excl. Twp. Rd.),No control,unknown,2,0,0,FALSE,FALSE,TRUE,Clear,,FALSE,Road 1: 485 WELLINGTON ST N (50 km/h); Road 2: WELLINGTON ST N; Distance: 10.0 M W; Vehicle #1     Make: TRUM     Model: RCT     Colour: BLK     Style: MS,12/22/2022 9:33:22 AM,541926.0377,4812236.201
52099,22096843,5/2/2022 5:30:00 PM,2022,5,2,17,30,0,Monday,543737.5771,4808310.59,-80.45965,43.42642,Non intersection,2,Non-reportable,Thru lane,unknown,unknown,SMV unattended vehicle,Unknown,Daylight,01 - Daylight,Municipal (excl. Twp. Rd.),No control,unknown,0,0,0,FALSE,FALSE,FALSE,Clear,,TRUE,Road 1: SHELLEY DR; Vehicle #1     Make:      Model:      Colour:      Style: ; Vehicle #2     Make: TOYT     Model: CBL     Colour: RED     Style: 4D,12/22/2022 9:34:16 AM,543737.5771,4808310.59
52100,22097146,5/2/2022 10:55:00 AM,2022,5,2,10,55,0,Monday,542313.9357,4810287.504,-80.477084,43.444302,At intersection,1,Non-fatal injury,Within intersection,unknown,unknown,Turning movement,Unknown,Daylight,01 - Daylight,Municipal (excl. Twp. Rd.),Traffic signal,Functioning,0,0,0,FALSE,TRUE,FALSE,Clear,,FALSE,Road 1: STIRLING AVE N (50 km/h); Road 2: KING ST E (50 km/h); Charged Driver #1 on page 1: HTA 142 (NA) (NA); Vehicle #1     Make: BICY     Model: BICY     Colour: BLK     Style: BK; Vehicle #2     Make: CHEV     Model: SIL     Colour: BLK     Style: PK,12/22/2022 9:36:19 AM,542313.9357,4810287.504