OBJECTID,ACCIDENTNUM,ACCIDENTDATE,ACCIDENT_YEAR,ACCIDENT_MONTH,ACCIDENT_DAY,ACCIDENT_HOUR,ACCIDENT_MINUTE,ACCIDENT_SECOND,ACCIDENT_WEEKDAY,XCOORD,YCOORD,LONGITUDE,LATITUDE,ACCIDENTLOCATION,COLLISIONTYPE,CLASSIFICATIONOFACCIDENT,IMPACTLOCATION,INITIALDIRECTIONOFTRAVELONE,INITIALDIRECTIONOFTRAVELTWO,INITIALIMPACTTYPE,INTTRAFFICCONTROL,LIGHT,LIGHTFORREPORT,ROADJURISDICTION,TRAFFICCONTROL,TRAFFICCONTROLCONDITION,THRULANENO,NORTHBOUNDDISOBEYCOUNT,SOUTHBOUNDDISOBEYCOUNT,PEDESTRIANINVOLVED,CYCLISTINVOLVED,MOTORCYCLISTINVOLVED,ENVIRONMENTCONDITION1,ENVIRONMENTCONDITION2,SELFREPORTED,XMLIMPORTNOTES,LASTEDITEDDATE,x,y
52101,22097229,4/30/2022 6:30:00 PM,2022,4,30,18,30,0,Saturday,547235.0107,4808458.505,-80.416431,43.427539,Non intersection,2,P.D. only,Right shoulder,unknown,unknown,SMV unattended vehicle,Unknown,Daylight,01 - Daylight,Municipal (excl. Twp. Rd.),No control,unknown,0,0,0,FALSE,FALSE,FALSE,Clear,,TRUE,Road 1: 74 GRAND RIVER BLVD; Vehicle #1     Make: FORD     Model: FLE     Colour: BLU     Style: TY; Vehicle #2     Make: HYUN     Model: ETG     Colour: GRY     Style: 4B,1/3/2023 10:10:56 AM,547235.0107,4808458.505
52102,22097240,4/23/2022 1:30:00 PM,2022,4,23,13,30,0,Saturday,544844.5563,4804946.779,-80.446251,43.396066,At/near private drive,2,Non-reportable,Thru lane,unknown,unknown,SMV unattended vehicle,Unknown,Daylight,01 - Daylight,Municipal (excl. Twp. Rd.),No control,unknown,0,0,0,FALSE,FALSE,FALSE,Clear,,TRUE,Road 1: 648 DOON VILLAGE RD (IFO UNIT 14); Road 2: 648 DOON VILLAGE RD; Vehicle #1     Make:      Model:      Colour:      Style: ; Vehicle #2     Make: KIA     Model: SLE     Colour: BGE     Style: 4D,1/3/2023 10:23:10 AM,544844.5563,4804946.779
52103,22097607,5/2/2022 9:25:00 PM,2022,5,2,21,25,0,Monday,540463.2023,4806497.646,-80.500236,43.41028,Non intersection,2,P.D. only,Thru lane,unknown,unknown,SMV unattended vehicle,Unknown,Dark,07 - Dark,Municipal (excl. Twp. Rd.),No control,unknown,1,0,0,FALSE,FALSE,FALSE,Clear,,FALSE,Road 1: HIGHBROOK ST (50 km/h); Road 2: BLOCK LINE RD; Distance: 100.0 M S; Charged Driver #1 on page 1: HTA 320.14 (NA) (NA); Vehicle #1     Make: MAZD     Model: 3TR     Colour: RED     Style: 4D; Vehicle #2     Make: HOND     Model: FLX     Colour: BLK,12/22/2022 9:36:15 AM,540463.2023,4806497.646
52104,22097908,5/3/2022 9:15:00 AM,2022,5,3,9,15,0,Tuesday,541176.5412,4811202.327,-80.491071,43.452602,Non intersection,2,Non-reportable,Thru lane,unknown,unknown,Angle,Unknown,Daylight,01 - Daylight,Regional municipality,No control,unknown,0,0,0,FALSE,FALSE,FALSE,Clear,,TRUE,Road 1: YOUNG ST; Road 2: WEBER ST W; Vehicle #1     Make: GMC     Model: TER     Colour: BRN     Style: TY; Vehicle #2     Make: NISS     Model: ROG     Colour: WHI     Style: TY,12/22/2022 9:34:17 AM,541176.5412,4811202.327
52105,22098271,5/3/2022 4:41:00 PM,2022,5,3,16,41,0,Tuesday,542370.6052,4808278.054,-80.47654,43.426205,At/near private drive,2,P.D. only,Thru lane,unknown,unknown,Angle,Unknown,Daylight,01 - Daylight,Municipal (excl. Twp. Rd.),No control,unknown,1,0,0,FALSE,FALSE,FALSE,Rain,,FALSE,Road 1: 88 ARDELT AVE (50 km/h); Road 2: ARDELT AVE; Distance: 10.0 M S; Charged Driver #1 on page 1: HTA 139 (NA) (NA); Vehicle #1     Make: MAZD     Model: CX5     Colour: RED     Style: TY; Vehicle #2     Make: DODG     Model: CAR     Colour: GRY     S,12/22/2022 9:36:49 AM,542370.6052,4808278.054
52106,22098982,4/15/2022 3:15:00 PM,2022,4,15,15,15,0,Friday,544193.8142,4805036.863,-80.454279,43.396916,Non intersection,2,Non-reportable,Thru lane,unknown,unknown,SMV unattended vehicle,Unknown,Daylight,01 - Daylight,Municipal (excl. Twp. Rd.),No control,unknown,0,0,0,FALSE,FALSE,FALSE,Clear,,TRUE,Road 1: 96 OLD HURON COURT (IFO); Vehicle #1     Make:      Model:      Colour:      Style: ; Vehicle #2     Make: TOYT     Model: SIE     Colour: GRY     Style: VN,12/22/2022 9:30:02 AM,544193.8142,4805036.863
52107,22098989,5/4/2022 1:50:00 PM,2022,5,4,13,50,0,Wednesday,536431.3073,4808975.172,-80.549868,43.432795,At intersection,2,P.D. only,Within intersection,unknown,unknown,Turning movement,Unknown,Daylight,01 - Daylight,Municipal (excl. Twp. Rd.),Stop sign,Functioning,0,0,0,FALSE,FALSE,FALSE,Clear,,TRUE,Road 1: HIGHGATE RD; Road 2: KELLER CRESCENT; Vehicle #1     Make: NISS     Model: ROG     Colour: SIL     Style: TY; Vehicle #2     Make: VOLK     Model: CIG     Colour: WHI     Style: TY,12/22/2022 9:33:34 AM,536431.3073,4808975.172
52108,22099011,4/10/2022 9:00:00 PM,2022,4,10,21,0,0,Sunday,545315.8557,4804469.327,-80.440471,43.391739,At intersection,2,Non-reportable,Within intersection,unknown,unknown,Angle,Unknown,Dark,07 - Dark,Municipal (excl. Twp. Rd.),Traffic signal,Functioning,0,0,0,FALSE,FALSE,FALSE,Clear,,TRUE,Road 1: BECHTEL DR; Road 2: DOON VILLAGE RD; Vehicle #1     Make:      Model:      Colour:      Style: ; Vehicle #2     Make: FORD     Model: FE     Colour: GRY     Style: 4D,12/22/2022 9:29:49 AM,545315.8557,4804469.327
52109,22099637,4/10/2022 2:00:00 PM,2022,4,10,14,0,0,Sunday,545274.7855,4806434.528,-80.440815,43.409436,At intersection,2,Non-reportable,Thru lane,unknown,unknown,Rear end,Stop sign,Daylight,01 - Daylight,Municipal (excl. Twp. Rd.),Stop sign,Functioning,0,0,0,FALSE,FALSE,FALSE,Clear,,TRUE,Road 1: WILSON AVE; Road 2: WABANAKI DR; Vehicle #1     Make: FORD     Model: COF     Colour: GRY     Style: PK; Vehicle #2     Make:      Model:      Colour:      Style:,1/3/2023 10:19:26 AM,545274.7855,4806434.528
52110,22099688,4/5/2022 5:40:00 AM,2022,4,5,5,40,0,Tuesday,544382.5435,4802965.425,-80.452116,43.378254,At intersection,2,P.D. only,Thru lane,unknown,unknown,Rear end,Unknown,Dark,07 - Dark,Municipal (excl. Twp. Rd.),No control,Functioning,0,0,0,FALSE,FALSE,FALSE,Clear,,TRUE,Road 1: CARYNDALE DR; Road 2: ROBERT FERRIE DR; Vehicle #1     Make: ACUR     Model: 35R     Colour: BGE     Style: 4D; Vehicle #2     Make: FORD     Model: COF     Colour: BLK     Style: PK,1/3/2023 10:19:13 AM,544382.5435,4802965.425
52111,22100548,2/23/2022 3:00:00 PM,2022,2,23,15,0,0,Wednesday,540350.9392,4811463.173,-80.501255,43.454996,Intersection related,2,P.D. only,Thru lane,unknown,unknown,Rear end,Unknown,Daylight,01 - Daylight,Municipal (excl. Twp. Rd.),unknown,unknown,0,0,0,FALSE,FALSE,FALSE,Clear,,TRUE,Road 1: WELLINGTON ST N; Road 2: MOORE AVE; Vehicle #1     Make: FORD     Model: FEE     Colour: BLK     Style: 4B; Vehicle #2     Make: HYUN     Model: TUC     Colour: GRY     Style: TY,12/22/2022 9:34:18 AM,540350.9392,4811463.173
52112,22102576,5/8/2022 4:00:00 PM,2022,5,8,16,0,0,Sunday,543880.6841,4808168.36,-80.457894,43.425131,Non intersection,2,Non-reportable,Thru lane,unknown,unknown,SMV unattended vehicle,Unknown,Daylight,01 - Daylight,Municipal (excl. Twp. Rd.),No control,unknown,0,0,0,FALSE,FALSE,FALSE,Clear,,TRUE,Road 1: 16 SIEBERT AVE (IFO); Vehicle #1     Make:      Model:      Colour:      Style: ; Vehicle #2     Make: TOYT     Model: CBA     Colour: WHI     Style: 4D,12/22/2022 9:27:09 AM,543880.6841,4808168.36
52113,22102762,5/8/2022 7:30:00 PM,2022,5,8,19,30,0,Sunday,539541.4033,4806509.058,-80.51162,43.410432,Non intersection,2,P.D. only,Thru lane,unknown,unknown,Rear end,Unknown,Daylight,01 - Daylight,Municipal (excl. Twp. Rd.),No control,unknown,1,0,0,FALSE,FALSE,FALSE,Clear,,FALSE,Road 1: 230 WILDERNESS DR (50 km/h); Road 2: WILDERNESS DR; Distance: 10.0 M S; Charged Driver #1 on page 1: HTA 130 (NA) (NA); Vehicle #1     Make: NISS     Model: ASL     Colour: BRN     Style: 4D; Vehicle #2     Make: FORD     Model: COF     Colour: BL,12/22/2022 9:36:37 AM,539541.4033,4806509.058
52114,22103101,4/30/2022 1:00:00 PM,2022,4,30,13,0,0,Saturday,546030.4813,4804457.364,-80.431648,43.391588,At/near private drive,2,Non-reportable,Thru lane,unknown,unknown,SMV unattended vehicle,Unknown,Daylight,01 - Daylight,Municipal (excl. Twp. Rd.),No control,unknown,0,0,0,FALSE,FALSE,FALSE,Clear,,TRUE,Road 1: 311 100 OLD CARRIAGE DR (IFO); Vehicle #1     Make:      Model:      Colour:      Style: ; Vehicle #2     Make: HOND     Model: UAX     Colour: GRY     Style: 4D,1/3/2023 10:20:48 AM,546030.4813,4804457.364
52115,22103134,4/21/2022 3:30:00 PM,2022,4,21,15,30,0,Thursday,539529.7544,4806082.734,-80.511795,43.406594,Non intersection,2,Non-reportable,Thru lane,unknown,unknown,SMV unattended vehicle,Unknown,Daylight,01 - Daylight,Municipal (excl. Twp. Rd.),No control,unknown,0,0,0,FALSE,FALSE,FALSE,Clear,,TRUE,Road 1: 9 BRIDLEWREATH ST (IFO); Vehicle #1     Make:      Model:      Colour:      Style: ; Vehicle #2     Make: TOYT     Model: HIG     Colour: GRY     Style: TY,12/22/2022 9:30:15 AM,539529.7544,4806082.734
52116,22103179,4/29/2022 12:45:00 PM,2022,4,29,12,45,0,Friday,538912.3221,4810139.633,-80.519131,43.443155,At/near private drive,2,Non-reportable,Thru lane,unknown,unknown,Other,Unknown,Daylight,01 - Daylight,Municipal (excl. Twp. Rd.),No control,unknown,0,0,0,FALSE,FALSE,FALSE,Clear,,TRUE,Road 1: 444 KARN STREET KITCHENER; Road 2: 444 KARN STREET KITCHENER; Vehicle #1     Make: FORD     Model: SPE     Colour: BLK     Style: TY; Vehicle #2     Make: NISS     Model: ATS     Colour: BLK     Style: 4D,1/3/2023 10:20:44 AM,538912.3221,4810139.633
52117,22104129,4/16/2022 10:30:00 AM,2022,4,16,10,30,0,Saturday,541813.9391,4803670.235,-80.48377,43.384747,At/near private drive,2,Non-reportable,Off highway,unknown,unknown,SMV unattended vehicle,Unknown,Daylight,01 - Daylight,Municipal (excl. Twp. Rd.),No control,unknown,0,0,0,FALSE,FALSE,FALSE,Clear,,TRUE,Road 1: WOODBINE AVE (IFO 43); Vehicle #1     Make:      Model:      Colour:      Style: ; Vehicle #2     Make: NISS     Model: ROG     Colour: WHI     Style: TY,12/22/2022 9:30:53 AM,541813.9391,4803670.235
52118,22104234,4/28/2022 6:23:00 AM,2022,4,28,6,23,0,Thursday,539624.1057,4805518.453,-80.51067,43.401508,Non intersection,2,Non-reportable,Thru lane,unknown,unknown,SMV unattended vehicle,Unknown,Daylight,01 - Daylight,Municipal (excl. Twp. Rd.),No control,unknown,0,0,0,FALSE,FALSE,FALSE,Clear,,TRUE,Road 1: 70 SWEET WILLIAM ST (IFO); Vehicle #1     Make:      Model:      Colour:      Style: ; Vehicle #2     Make: TOYT     Model: CEP     Colour: BLK     Style: 4D,12/22/2022 9:30:56 AM,539624.1057,4805518.453
52119,22104261,4/14/2022 4:00:00 PM,2022,4,14,16,0,0,Thursday,543200.6411,4804494.683,-80.466585,43.392092,At intersection,2,Non-reportable,Within intersection,unknown,unknown,Sideswipe,Unknown,Daylight,01 - Daylight,Regional municipality,Yield sign,Functioning,0,0,0,FALSE,FALSE,FALSE,Clear,,TRUE,Road 1: STRASBURG RD; Road 2: HURON RD; Vehicle #1     Make:      Model:      Colour:      Style: ; Vehicle #2     Make: VOLK     Model: JWE     Colour: BLK     Style: 4D,12/22/2022 9:29:27 AM,543200.6411,4804494.684
52120,22104751,5/11/2022 5:48:00 AM,2022,5,11,5,48,0,Wednesday,543463.6109,4804694.867,-80.463322,43.39388,At intersection,2,P.D. only,Within intersection,unknown,unknown,Angle,Unknown,Daylight,01 - Daylight,Municipal (excl. Twp. Rd.),Stop sign,Functioning,0,0,0,FALSE,FALSE,FALSE,Clear,,FALSE,Road 1: OLD HURON RD (40 km/h); Road 2: TEMPLEWOOD DR (40 km/h); Charged Driver #1 on page 1: HTA 136 (NA) (NA); Vehicle #1     Make: CHEV     Model: AVT     Colour: GRY     Style: 4D; Vehicle #2     Make: PONT     Model: SFG     Colour: SIL     Style: 2D,12/22/2022 9:36:44 AM,543463.6109,4804694.867
52121,22104872,4/13/2022 9:30:00 PM,2022,4,13,21,30,0,Wednesday,545185.3964,4808140.002,-80.441778,43.424798,Non intersection,2,Non-reportable,Thru lane,unknown,unknown,SMV other,Unknown,Dark,07 - Dark,Municipal (excl. Twp. Rd.),No control,unknown,0,0,0,FALSE,FALSE,FALSE,Clear,,TRUE,Road 1: 595 GREENFIELD AVE (IFO); Vehicle #1     Make: HYUN     Model: EGM     Colour: GRY     Style: 4D,12/22/2022 9:30:14 AM,545185.3964,4808140.002
52122,22105005,5/11/2022 11:47:00 AM,2022,5,11,11,47,0,Wednesday,540794.3698,4809170.804,-80.495946,43.434331,At/near private drive,2,P.D. only,Other,unknown,unknown,SMV unattended vehicle,Unknown,Daylight,01 - Daylight,Municipal (excl. Twp. Rd.),No control,unknown,0,0,0,FALSE,FALSE,FALSE,Clear,,FALSE,Road 1: STIRLING AVE S (50 km/h); Road 2: 595 STIRLING AVE SOUTH; Distance: 10.0 M W; Charged Driver #1 on page 1: HTA 53 (NA) (NA); Vehicle #1     Make: FORD     Model: COF     Colour: BLK     Style: PK; Vehicle #2     Make: HOND     Model: CCL     Colou,12/22/2022 9:37:10 AM,540794.3698,4809170.804
52123,22105033,3/29/2022 7:30:00 PM,2022,3,29,19,30,0,Tuesday,541589.5738,4810296.311,-80.486035,43.444422,At intersection,2,Non-reportable,Within intersection,unknown,unknown,Angle,Unknown,Dark,07 - Dark,Municipal (excl. Twp. Rd.),Stop sign,Functioning,0,0,0,FALSE,FALSE,FALSE,Clear,,TRUE,Road 1: CEDAR ST S; Road 2: ST GEORGE ST; Vehicle #1     Make: TOYT     Model: CZG     Colour: WHI     Style: PK; Vehicle #2     Make:      Model:      Colour:      Style:,12/22/2022 9:27:19 AM,541589.5738,4810296.311
52124,22105118,3/29/2022 5:15:00 PM,2022,3,29,17,15,0,Tuesday,541584.0481,4810054.136,-80.486122,43.442241,Intersection related,2,Non-reportable,Thru lane,unknown,unknown,Other,Unknown,Daylight,01 - Daylight,Regional municipality,Traffic signal,Functioning,0,0,0,FALSE,FALSE,FALSE,Clear,,TRUE,Road 1: MADISON AVE S; Road 2: COURTLAND AVE E; Vehicle #1     Make:      Model:      Colour:      Style: ; Vehicle #2     Make: HOND     Model: UCS     Colour: BLK     Style: 4D,12/22/2022 9:27:07 AM,541584.0481,4810054.136
52125,22105361,5/11/2022 6:00:00 PM,2022,5,11,18,0,0,Wednesday,542842.217,4809873.681,-80.470589,43.440546,Intersection related,2,P.D. only,Within intersection,unknown,unknown,Angle,Unknown,Daylight,01 - Daylight,Regional municipality,Stop sign,Functioning,0,0,1,FALSE,FALSE,FALSE,Clear,,TRUE,Road 1: SYDNEY ST S; Road 2: CHARLES ST E; Vehicle #1     Make: FORD     Model: COF     Colour: RED     Style: PK; Vehicle #2     Make: TOYT     Model: XLE     Colour: RED     Style: 4D,12/22/2022 9:33:33 AM,542842.217,4809873.681
52126,22105374,5/11/2022 6:25:00 PM,2022,5,11,18,25,0,Wednesday,545344.8267,4808694.635,-80.439762,43.429782,Non intersection,2,P.D. only,Within intersection,unknown,unknown,Angle,Unknown,Daylight,01 - Daylight,Regional municipality,No control,unknown,0,0,0,FALSE,FALSE,FALSE,Clear,,FALSE,Road 1: 16 KINGSWAY DR (50 km/h); Road 2: CEDARWOODS CRES (40 km/h); Distance: 10.0 M E; Vehicle #1     Make: VOLK     Model: NBT     Colour: BGE     Style: 2D; Vehicle #2     Make: TOYT     Model: CH4     Colour: WHI     Style: 4D,12/22/2022 9:29:31 AM,545344.8267,4808694.635
52127,22106043,5/12/2022 1:35:00 PM,2022,5,12,13,35,0,Thursday,545598.4677,4804030.818,-80.437018,43.387774,Intersection related,2,Non-reportable,Thru lane,unknown,unknown,Rear end,Unknown,Daylight,01 - Daylight,Municipal (excl. Twp. Rd.),Stop sign,Functioning,0,0,0,FALSE,FALSE,FALSE,Clear,,TRUE,Road 1: DOON MILLS DR; Road 2: TILT DR; Vehicle #1     Make: VOLK     Model: JBS     Colour: BLK     Style: 4D; Vehicle #2     Make:      Model:      Colour:      Style:,12/22/2022 9:28:18 AM,545598.4677,4804030.818
52128,22106783,5/13/2022 8:30:00 AM,2022,5,13,8,30,0,Friday,543073.9104,4812800.331,-80.467495,43.466884,At intersection,2,P.D. only,Within intersection,unknown,unknown,Turning movement,Unknown,Daylight,01 - Daylight,Municipal (excl. Twp. Rd.),Traffic signal,Functioning,0,0,0,FALSE,FALSE,FALSE,Clear,,TRUE,Road 1: SHIRLEY AVE; Road 2: RIVERBEND DR; Vehicle #1     Make: AUDI     Model: 41Q     Colour: GRN     Style: 4D; Vehicle #2     Make: GMC     Model: CAN     Colour:      Style: COM,12/22/2022 9:33:57 AM,543073.9104,4812800.331
52129,22106794,4/9/2022 4:00:00 PM,2022,4,9,16,0,0,Saturday,542768.2646,4808980.519,-80.471572,43.432508,Non intersection,2,P.D. only,Thru lane,unknown,unknown,SMV other,Unknown,Daylight,01 - Daylight,Municipal (excl. Twp. Rd.),No control,unknown,0,0,0,FALSE,FALSE,FALSE,Clear,,TRUE,Road 1: 333 CARWOOD AVENUE (IFO); Vehicle #1     Make: CADI     Model: ALA     Colour: GRY     Style: 4D,12/22/2022 9:36:18 AM,542768.2646,4808980.519
52130,22107196,5/13/2022 3:59:00 PM,2022,5,13,15,59,0,Friday,540262.6568,4805699.163,-80.502772,43.403101,At/near private drive,2,P.D. only,Thru lane,unknown,unknown,SMV other,Unknown,Daylight,01 - Daylight,Municipal (excl. Twp. Rd.),No control,unknown,1,0,0,TRUE,FALSE,FALSE,Clear,,FALSE,Road 1: 104 COMMONWEALTH ST (40 km/h); Road 2: COMMONWEALTH ST; Distance: 50.0 M S; Vehicle #1     Make:      Model: -     Colour:      Style:,12/22/2022 9:34:52 AM,540262.6568,4805699.163
52131,22108126,5/14/2022 4:00:00 PM,2022,5,14,16,0,0,Saturday,544502.5599,4811421.871,-80.449946,43.454389,Non intersection,2,P.D. only,Right shoulder,unknown,unknown,SMV unattended vehicle,Unknown,Daylight,01 - Daylight,Municipal (excl. Twp. Rd.),No control,unknown,0,0,0,FALSE,FALSE,FALSE,Clear,,FALSE,Road 1: OWEN AVE (50 km/h); Road 2: HALLIWELL DR; Distance: 100.0 M S; Charged Driver #1 on page 1: HTA 199 (NA) (NA); Vehicle #1     Make: TOYT     Model: SIE     Colour: GRY     Style: VN; Vehicle #2     Make: TOYT     Model: TUN     Colour: GRY     Sty,12/22/2022 9:37:05 AM,544502.5599,4811421.871
52132,22108972,5/15/2022 3:05:00 PM,2022,5,15,15,5,0,Sunday,542784.2318,4804148.37,-80.471753,43.388998,Intersection related,1,Non-fatal injury,Within intersection,unknown,unknown,Turning movement,Unknown,Daylight,01 - Daylight,Regional municipality,Traffic signal,Functioning,0,0,0,FALSE,FALSE,FALSE,Clear,,FALSE,Road 1: HURON RD (60 km/h); Road 2: PARKVALE DR (50 km/h); Vehicle #1     Make: DODG     Model: CAR     Colour: RED     Style: VN; Vehicle #2     Make: VOLK     Model: GEL     Colour: BLU     Style: 4B,12/22/2022 9:32:33 AM,542784.2318,4804148.37
52133,22109010,5/15/2022 3:45:00 PM,2022,5,15,15,45,0,Sunday,549381.3108,4806272.446,-80.390113,43.407718,At/near private drive,2,P.D. only,Thru lane,unknown,unknown,Angle,Unknown,Daylight,01 - Daylight,Regional municipality,No control,unknown,0,0,0,FALSE,FALSE,FALSE,Clear,,TRUE,Road 1: GATEWAY PARK DR; Vehicle #1     Make: AUDI     Model: S3P     Colour: BLK     Style: 4D; Vehicle #2     Make: NISS     Model: SML     Colour: SIL     Style: 4D,12/22/2022 9:33:23 AM,549381.3108,4806272.446
52134,22109153,5/15/2022 7:00:00 PM,2022,5,15,19,0,0,Sunday,543200.7745,4810319.544,-80.466123,43.44454,At intersection,1,Non-fatal injury,Within intersection,unknown,unknown,Angle,Unknown,Daylight,01 - Daylight,Regional municipality,Stop sign,Functioning,0,0,0,FALSE,TRUE,FALSE,Clear,,FALSE,Road 1: OTTAWA ST N (50 km/h); Road 2: MCKENZIE AVE (40 km/h); Vehicle #1     Make:      Model:      Colour:      Style: BK; Vehicle #2     Make: TOYT     Model: CBL     Colour: GRY     Style: 4D,12/22/2022 9:34:48 AM,543200.7745,4810319.544
52135,22109179,5/15/2022 7:30:00 PM,2022,5,15,19,30,0,Sunday,545939.4283,4808982.425,-80.432392,43.432337,Non intersection,2,Non-reportable,Right shoulder,unknown,unknown,SMV unattended vehicle,Unknown,Daylight,01 - Daylight,Municipal (excl. Twp. Rd.),No control,unknown,0,0,0,FALSE,FALSE,FALSE,Clear,,TRUE,Road 1: 137 JANSEN AVE; Vehicle #1     Make:      Model:      Colour:      Style: ; Vehicle #2     Make: FORD     Model: MUS     Colour: BLK     Style: 2D,12/22/2022 9:35:07 AM,545939.4283,4808982.425
52136,22109657,5/16/2022 11:00:00 AM,2022,5,16,11,0,0,Monday,539408.401,4809878.965,-80.51302,43.440782,At intersection,2,P.D. only,Within intersection,unknown,unknown,Turning movement,Unknown,Daylight,01 - Daylight,Municipal (excl. Twp. Rd.),unknown,unknown,0,0,0,FALSE,FALSE,FALSE,Rain,,TRUE,Road 1: LAWRENCE AVE; Road 2: PAULANDER DR; Vehicle #1     Make: HYUN     Model: ESM     Colour: GRY     Style: 4D; Vehicle #2     Make: TOYT     Model: CBL     Colour: GRY     Style: 4D,12/22/2022 9:28:52 AM,539408.401,4809878.965
52137,22109820,5/16/2022 2:55:00 PM,2022,5,16,14,55,0,Monday,540105.0108,4810846.46,-80.50434,43.449456,Underpass or tunnel,2,P.D. only,Thru lane,unknown,unknown,SMV other,Unknown,Daylight,01 - Daylight,Municipal (excl. Twp. Rd.),No control,unknown,1,0,0,FALSE,FALSE,FALSE,Clear,,FALSE,Road 1: PARK ST (40 km/h); Road 2: CN RAIL; Distance: 1.0 M S; Charged Driver #1 on page 1: HTA 107 (NA) (NA); Vehicle #1     Make: FRHT     Model: CON     Colour: RED     Style: CT,12/22/2022 9:36:27 AM,540105.0108,4810846.46
52138,22110466,4/8/2022 4:00:00 PM,2022,4,8,16,0,0,Friday,542582.1024,4810126.126,-80.473783,43.442833,Intersection related,2,Non-reportable,Thru lane,unknown,unknown,Rear end,Unknown,Daylight,01 - Daylight,Regional municipality,Traffic signal,Functioning,0,0,0,FALSE,FALSE,FALSE,Clear,,TRUE,Road 1: KING ST E; Road 2: BORDEN AVE N; Vehicle #1     Make: AUDI     Model: S5C     Colour: BLK     Style: 2D; Vehicle #2     Make:      Model:      Colour:      Style:,12/22/2022 9:29:48 AM,542582.1024,4810126.126
52139,22111573,5/18/2022 3:00:00 PM,2022,5,18,15,0,0,Wednesday,541664.1978,4804038.441,-80.48559,43.388071,At/near private drive,2,Non-reportable,Thru lane,unknown,unknown,SMV unattended vehicle,Unknown,Daylight,01 - Daylight,Municipal (excl. Twp. Rd.),No control,unknown,0,0,0,FALSE,FALSE,FALSE,Clear,,TRUE,Road 1: 130 WOODBINE AVE (IFO); Vehicle #1     Make: DODG     Model: CAR     Colour: SIL     Style: VN; Vehicle #2     Make: HYUN     Model: SON     Colour: WHI     Style: 4D,12/22/2022 9:28:39 AM,541664.1978,4804038.441
52140,22111610,5/18/2022 4:01:00 PM,2022,5,18,16,1,0,Wednesday,545484.0433,4804346.777,-80.438404,43.390626,Non intersection,2,P.D. only,Not on roadway - left side,unknown,unknown,SMV other,Unknown,Daylight,01 - Daylight,Regional municipality,No control,unknown,0,0,0,FALSE,FALSE,FALSE,Rain,,FALSE,Road 1: DOON VILLAGE RD (40 km/h); Road 2: ANVIL ST; Distance: 5.0 M S; Charged Driver #1 on page 1: HTA 130 (NA) (NA); Vehicle #1     Make: FORD     Model: EDG     Colour: RED     Style: TY,12/22/2022 9:36:38 AM,545484.0433,4804346.777
52141,22112467,5/19/2022 3:29:00 PM,2022,5,19,15,29,0,Thursday,543380.2824,4812427.012,-80.463737,43.463505,At/near private drive,2,P.D. only,Not on roadway - right side,unknown,unknown,SMV other,Unknown,Daylight,01 - Daylight,Municipal (excl. Twp. Rd.),No control,unknown,0,0,0,FALSE,FALSE,FALSE,Clear,,FALSE,Road 1: 36 RIVER RD E (50 km/h); Road 2: RIVER RD E; Distance: 5.0 M N; Charged Driver #1 on page 1: HTA 141 (NA) (NA); Vehicle #1     Make: HOND     Model: CRV     Colour: GRY     Style: TY,12/22/2022 9:36:50 AM,543380.2824,4812427.012
52142,22113684,5/20/2022 9:00:00 PM,2022,5,20,21,0,0,Friday,541072.9642,4812716.149,-80.492237,43.466238,Intersection related,2,P.D. only,Right shoulder,unknown,unknown,SMV unattended vehicle,Unknown,Dark,07 - Dark,Municipal (excl. Twp. Rd.),Stop sign,Functioning,0,0,0,FALSE,FALSE,FALSE,Clear,,FALSE,Road 1: RIDGEWOOD AVE (50 km/h); Road 2: FARFIELD AVE (50 km/h); Charged Driver #1 on page 1: HTA 130 (NA) (NA); Vehicle #1     Make: VOLK     Model: COM     Colour: BLK     Style: 4D; Vehicle #2     Make: TOYT     Model: RV4     Colour: BLK     Style: TY,12/22/2022 9:36:27 AM,541072.9642,4812716.149
52143,22116507,5/23/2022 2:02:00 PM,2022,5,23,14,2,0,Monday,539647.2618,4809981.335,-80.51006,43.441691,Non intersection,2,P.D. only,Off highway,unknown,unknown,SMV other,Unknown,Daylight,01 - Daylight,Municipal (excl. Twp. Rd.),No control,unknown,0,0,0,FALSE,FALSE,FALSE,Clear,,FALSE,Road 1: BELMONT AVE W (50 km/h); Road 2: SANDRA AVE; Distance: 2.0 M E; Charged Driver #1 on page 1: HTA 130 (NA) (NA); Vehicle #1     Make: HYUN     Model: ESM     Colour: BLU     Style: 4D,12/22/2022 9:36:35 AM,539647.2618,4809981.335