OBJECTID,ACCIDENTNUM,ACCIDENTDATE,ACCIDENT_YEAR,ACCIDENT_MONTH,ACCIDENT_DAY,ACCIDENT_HOUR,ACCIDENT_MINUTE,ACCIDENT_SECOND,ACCIDENT_WEEKDAY,XCOORD,YCOORD,LONGITUDE,LATITUDE,ACCIDENTLOCATION,COLLISIONTYPE,CLASSIFICATIONOFACCIDENT,IMPACTLOCATION,INITIALDIRECTIONOFTRAVELONE,INITIALDIRECTIONOFTRAVELTWO,INITIALIMPACTTYPE,INTTRAFFICCONTROL,LIGHT,LIGHTFORREPORT,ROADJURISDICTION,TRAFFICCONTROL,TRAFFICCONTROLCONDITION,THRULANENO,NORTHBOUNDDISOBEYCOUNT,SOUTHBOUNDDISOBEYCOUNT,PEDESTRIANINVOLVED,CYCLISTINVOLVED,MOTORCYCLISTINVOLVED,ENVIRONMENTCONDITION1,ENVIRONMENTCONDITION2,SELFREPORTED,XMLIMPORTNOTES,LASTEDITEDDATE,x,y
52144,22117469,5/24/2022 2:55:00 PM,2022,5,24,14,55,0,Tuesday,542447.3685,4807282.472,-80.475669,43.417237,At intersection,1,Non-fatal injury,Left turn lane,unknown,unknown,Sideswipe,Unknown,Daylight,01 - Daylight,Municipal (excl. Twp. Rd.),unknown,unknown,0,0,0,FALSE,FALSE,FALSE,Clear,,FALSE,Road 1: COUNTRY HILL DR (50 km/h); Road 2: BLOCK LINE RD (50 km/h); Vehicle #1     Make: FORD     Model: CTV     Colour: WHI     Style: BU; Vehicle #2     Make: FORD     Model: MGT     Colour: GRY     Style: 2D,12/22/2022 9:32:47 AM,542447.3685,4807282.472
52145,22118274,5/25/2022 12:30:00 PM,2022,5,25,12,30,0,Wednesday,543155.4803,4804458.559,-80.467145,43.39177,Non intersection,2,P.D. only,Thru lane,unknown,unknown,Sideswipe,Unknown,Daylight,01 - Daylight,Municipal (excl. Twp. Rd.),No control,unknown,0,0,0,FALSE,FALSE,FALSE,Clear,,TRUE,Road 1: HURON RD; Road 2: STRASBURG RD; Vehicle #1     Make: TOYT     Model: C5T     Colour: WHI     Style: 4D; Vehicle #2     Make: DODG     Model: JOU     Colour: SIL     Style: TY,12/22/2022 9:28:53 AM,543155.4803,4804458.559
52146,22118502,5/25/2022 5:28:00 PM,2022,5,25,17,28,0,Wednesday,536372.0719,4807038.883,-80.550729,43.415363,Intersection related,2,P.D. only,Within intersection,unknown,unknown,Angle,Unknown,Daylight,01 - Daylight,Municipal (excl. Twp. Rd.),Stop sign,Functioning,0,0,0,FALSE,FALSE,TRUE,Rain,,FALSE,Road 1: HIGHVIEW DR (40 km/h); Road 2: GOLDEN MEADOW DR (40 km/h); Charged Driver #1 on page 1: HTA 136 (NA) (NA); Vehicle #1     Make: LNDR     Model: DIS     Colour: BLU     Style: TY; Vehicle #2     Make: YAMA     Model: R3Z     Colour: BLU     Style: ,12/22/2022 9:36:45 AM,536372.0719,4807038.883
52147,22119204,5/26/2022 2:50:00 PM,2022,5,26,14,50,0,Thursday,545108.0328,4807727.784,-80.442768,43.421091,Intersection related,2,P.D. only,Thru lane,unknown,unknown,Angle,Unknown,Daylight,01 - Daylight,Regional municipality,Stop sign,Functioning,0,0,0,FALSE,FALSE,FALSE,Clear,,TRUE,Road 1: WILSON AVE; Road 2: FAIRWAY RD S; Vehicle #1     Make: NISS     Model: MUR     Colour: SIL     Style: TY; Vehicle #2     Make: FORD     Model: FSE     Colour: RED     Style: 4D,12/22/2022 9:31:42 AM,545108.0328,4807727.784
52148,22120768,5/28/2022 11:25:00 AM,2022,5,28,11,25,0,Saturday,545689.9957,4804077.162,-80.435884,43.388185,Non intersection,2,P.D. only,Thru lane,unknown,unknown,SMV other,Unknown,Daylight,01 - Daylight,Municipal (excl. Twp. Rd.),No control,unknown,1,0,0,FALSE,FALSE,FALSE,Clear,,FALSE,Road 1: 31 TILT DR (40 km/h); Road 2: TILT DR; Distance: 7.0 M W; Charged Driver #1 on page 1: HTA 130 (NA) (NA); Vehicle #1     Make: VOLK     Model: GTI     Colour: GRY     Style: 4B,12/22/2022 9:36:32 AM,545689.9957,4804077.162
52149,22121703,5/29/2022 11:45:00 AM,2022,5,29,11,45,0,Sunday,541937.0147,4816314.541,-80.481278,43.49859,At intersection,2,Non-reportable,Within intersection,unknown,unknown,Angle,Unknown,Daylight,01 - Daylight,Municipal (excl. Twp. Rd.),Yield sign,Functioning,0,0,0,FALSE,FALSE,FALSE,Clear,,TRUE,Road 1: KIWANIS PARK DR; Road 2: WOOLWICH ST; Vehicle #1     Make: VOLK     Model: TIG     Colour: WHI     Style: TY; Vehicle #2     Make:      Model:      Colour:      Style:,12/22/2022 9:29:02 AM,541937.0147,4816314.541
52150,22122610,5/15/2022 12:00:00 PM,2022,5,15,12,0,0,Sunday,542758.3793,4804032.097,-80.472082,43.387952,At/near private drive,2,Non-reportable,Thru lane,unknown,unknown,SMV unattended vehicle,Unknown,Daylight,01 - Daylight,Municipal (excl. Twp. Rd.),No control,unknown,0,0,0,FALSE,FALSE,FALSE,Clear,,TRUE,Road 1: 37 TWEEDSDALE ST (IFO); Vehicle #1     Make:      Model:      Colour:      Style: ; Vehicle #2     Make: TOYT     Model: AXP     Colour: BLK     Style: 4D,12/22/2022 9:28:33 AM,542758.3793,4804032.097
52151,22122791,5/30/2022 3:15:00 PM,2022,5,30,15,15,0,Monday,542139.1798,4807093.699,-80.479491,43.415554,Non intersection,2,P.D. only,Left turn lane,unknown,unknown,Angle,Unknown,Daylight,01 - Daylight,Municipal (excl. Twp. Rd.),No control,unknown,0,0,0,FALSE,FALSE,FALSE,Clear,,TRUE,Road 1: 655 STRASBURG RD; Vehicle #1     Make: CHEV     Model: CZT     Colour: BLU     Style: 4D; Vehicle #2     Make: DODG     Model: CAR     Colour: GRN     Style: VN,12/22/2022 9:31:33 AM,542139.1798,4807093.699
52152,22123222,6/1/2021 4:15:00 PM,2021,6,1,16,15,0,Tuesday,543178.2685,4813787.563,-80.466126,43.475767,Non intersection,2,Non-reportable,Right shoulder,unknown,unknown,SMV unattended vehicle,Unknown,Daylight,01 - Daylight,Municipal (excl. Twp. Rd.),No control,unknown,0,0,0,FALSE,FALSE,FALSE,Clear,,TRUE,Road 1: 58 PAIGE ST; Vehicle #1     Make: PONT     Model: MON     Colour: WHI     Style: VN; Vehicle #2     Make: HYUN     Model: ESM     Colour: GRY     Style: 4D,2/11/2022 11:16:19 AM,543178.2685,4813787.563
52153,22124410,6/1/2022 10:35:00 AM,2022,6,1,10,35,0,Wednesday,545274.3012,4806435.004,-80.440821,43.409441,At intersection,2,Non-reportable,Right turn lane,unknown,unknown,Rear end,Stop sign,Daylight,01 - Daylight,Municipal (excl. Twp. Rd.),Stop sign,Functioning,0,0,0,FALSE,FALSE,FALSE,Clear,,TRUE,Road 1: WILSON AVE; Road 2: WABANAKI DR; Vehicle #1     Make: TOYT     Model: CTX     Colour: WHI     Style: 4B; Vehicle #2     Make: HOND     Model: ULS     Colour: BLU     Style: 4D,12/22/2022 9:33:25 AM,545274.3012,4806435.004
52154,22125601,5/3/2022 5:45:00 PM,2022,5,3,17,45,0,Tuesday,537553.4509,4808525.837,-80.536034,43.428693,Non intersection,2,P.D. only,Thru lane,unknown,unknown,Turning movement,Unknown,Daylight,01 - Daylight,Municipal (excl. Twp. Rd.),No control,unknown,0,0,0,FALSE,FALSE,FALSE,Rain,,TRUE,Road 1: BANKSIDE DR; Road 2: BANKSIDE CRESCENT; Vehicle #1     Make: KIA     Model: OLX     Colour: BLK     Style: 4D; Vehicle #2     Make: MAZD     Model: 3GT     Colour: RED     Style: 4D,12/22/2022 9:34:34 AM,537553.4509,4808525.837
52155,22126459,6/3/2022 1:50:00 PM,2022,6,3,13,50,0,Friday,543587.0597,4808766.065,-80.461473,43.43053,At/near private drive,2,P.D. only,Off highway,unknown,unknown,SMV other,Unknown,Daylight,01 - Daylight,Municipal (excl. Twp. Rd.),No control,unknown,0,0,0,FALSE,FALSE,FALSE,Clear,,FALSE,Road 1: 101 BONIFACE AVE (50 km/h); Road 2: BONIFACE AVE; Distance: 6.0 M W; Vehicle #1     Make: VOLK     Model: JWE     Colour: SIL     Style: 4D,1/3/2023 10:22:40 AM,543587.0597,4808766.065
52156,22127830,6/4/2022 11:10:00 PM,2022,6,4,23,10,0,Saturday,538434.0557,4809185.69,-80.525108,43.43459,At/near private drive,2,P.D. only,Not on roadway - left side,unknown,unknown,SMV other,Unknown,Dark,07 - Dark,Municipal (excl. Twp. Rd.),No control,unknown,0,0,0,FALSE,FALSE,FALSE,Clear,,FALSE,Road 1: 5 CAPRICE CRT (50 km/h); Road 2: CAPRICE CRT; Distance: 10.0 M S; Charged Driver #1 on page 1: HTA 320.14 (NA) (NA); Vehicle #1     Make: KIA     Model: FNG     Colour: BLK     Style: 4D,1/3/2023 10:21:10 AM,538434.0557,4809185.69
52157,22127895,6/5/2022 12:43:00 AM,2022,6,5,0,43,0,Sunday,538888.2772,4805883.978,-80.519731,43.404838,Non intersection,2,P.D. only,Thru lane,unknown,unknown,SMV unattended vehicle,Unknown,Dark,07 - Dark,Municipal (excl. Twp. Rd.),No control,unknown,1,0,0,FALSE,FALSE,FALSE,Clear,,FALSE,Road 1: 379 ACTIVA AVE (50 km/h); Road 2: ACTIVA AVE; Distance: 46.0 M S; Charged Driver #1 on page 1: HTA 3 (NA) (NA); Vehicle #1     Make: MITS     Model: LAN     Colour: RED     Style: TY; Vehicle #2     Make: HYUN     Model: SAN     Colour: BLK     St,1/3/2023 10:14:35 AM,538888.2772,4805883.978
52158,22128528,6/5/2022 6:50:00 PM,2022,6,5,18,50,0,Sunday,542108.4292,4807129.854,-80.479868,43.415882,Intersection related,2,P.D. only,Within intersection,unknown,unknown,Rear end,Unknown,Daylight,01 - Daylight,Township,unknown,Functioning,0,0,0,FALSE,FALSE,FALSE,Clear,,FALSE,Road 1: BLOCK LINE RD (50 km/h); Road 2: STRASBURG RD (60 km/h); Charged Driver #1 on page 1: HTA 130 (NA) (NA); Vehicle #1     Make: TOYT     Model: COR     Colour: BLK     Style: 4D; Vehicle #2     Make: TOYT     Model: RV4     Colour: GRY     Style: TY,1/3/2023 10:16:52 AM,542108.4292,4807129.854
52159,22129033,6/6/2022 11:17:00 AM,2022,6,6,11,17,0,Monday,542488.5674,4811125.663,-80.474861,43.451839,At intersection,1,Non-fatal injury,Within intersection,unknown,unknown,Angle,Unknown,Daylight,01 - Daylight,Regional municipality,Traffic signal,Functioning,0,0,0,FALSE,FALSE,FALSE,Clear,,FALSE,Road 1: KRUG ST (50 km/h); Road 2: LYDIA ST (50 km/h); Charged Driver #1 on page 1: HTA 136 (NA) (NA); Vehicle #1     Make: FORD     Model: SRW     Colour: WHI     Style: PK; Vehicle #2     Make: HOND     Model: CCL     Colour: WHI     Style: 4D,12/22/2022 9:36:44 AM,542488.5674,4811125.663
52160,22129107,5/4/2022 2:00:00 PM,2022,5,4,14,0,0,Wednesday,544571.0842,4810479.235,-80.449176,43.445897,Intersection related,2,P.D. only,Within intersection,unknown,unknown,Angle,Unknown,Daylight,01 - Daylight,Regional municipality,Stop sign,Functioning,0,0,0,FALSE,FALSE,FALSE,Clear,,TRUE,Road 1: PENROSE AVE; Road 2: FRANKLIN ST N; Vehicle #1     Make: HOND     Model: FIL     Colour: GRY     Style: 4B; Vehicle #2     Make: BICY     Model: E-BI     Colour:      Style:,12/22/2022 9:34:47 AM,544571.0842,4810479.235
52161,22129165,6/6/2022 1:43:00 PM,2022,6,6,13,43,0,Monday,545799.3965,4809254.344,-80.4341,43.434794,Intersection related,2,P.D. only,Within intersection,unknown,unknown,Angle,Unknown,Daylight,01 - Daylight,Municipal (excl. Twp. Rd.),unknown,Functioning,0,0,0,FALSE,FALSE,FALSE,Clear,,FALSE,Road 1: RUTHERFORD DR (40 km/h); Road 2: KINZIE AVE (40 km/h); Vehicle #1     Make: TOYT     Model: RG4     Colour: BRN     Style: TY; Vehicle #2     Make: HOND     Model: CCL     Colour: SIL     Style: 4D,12/22/2022 9:29:45 AM,545799.3965,4809254.344
52162,22129748,6/7/2022 8:26:00 AM,2022,6,7,8,26,0,Tuesday,539115.8935,4811129.229,-80.516544,43.452055,At/near private drive,1,Non-fatal injury,Right shoulder,unknown,unknown,SMV other,Unknown,Daylight,01 - Daylight,Municipal (excl. Twp. Rd.),No control,unknown,0,0,0,TRUE,FALSE,FALSE,Rain,,FALSE,Road 1: BELMONT AVE W (50 km/h); Road 2: GLASGOW ST; Distance: 20.0 M E; Vehicle #1     Make: TOYT     Model: CBL     Colour: RED     Style: 4D,1/3/2023 10:21:30 AM,539115.8935,4811129.229
52163,22129749,6/7/2022 8:05:00 AM,2022,6,7,8,5,0,Tuesday,541951.9315,4808056.344,-80.481729,43.424233,Intersection related,2,P.D. only,Thru lane,unknown,unknown,Angle,Unknown,Daylight,01 - Daylight,Municipal (excl. Twp. Rd.),Stop sign,Functioning,0,0,0,FALSE,FALSE,FALSE,Clear,,TRUE,Road 1: ALPINE RD; Road 2: FLINT DR; Vehicle #1     Make: SUBA     Model: FOR     Colour: PNK     Style: TY; Vehicle #2     Make: HOND     Model: UDY     Colour: GRY     Style: TY,12/22/2022 9:27:26 AM,541951.9315,4808056.344
52164,22130367,6/7/2022 4:03:00 PM,2022,6,7,16,3,0,Tuesday,536512.6863,4807134.625,-80.548985,43.416218,Other,2,Non-reportable,Thru lane,unknown,unknown,SMV unattended vehicle,Unknown,Daylight,01 - Daylight,Municipal (excl. Twp. Rd.),No control,unknown,0,0,0,FALSE,FALSE,FALSE,Clear,,TRUE,Road 1: BENT WILLOW DR (IFO 19); Vehicle #1     Make:      Model:      Colour:      Style: ; Vehicle #2     Make: NISS     Model: PFI     Colour: WHI     Style: TY,12/22/2022 9:30:23 AM,536512.6863,4807134.625
52165,22130645,6/8/2022 8:30:00 AM,2022,6,8,8,30,0,Wednesday,539630.7468,4805863.144,-80.510563,43.404611,Intersection related,1,Non-fatal injury,Within intersection,unknown,unknown,Angle,Unknown,Daylight,01 - Daylight,Municipal (excl. Twp. Rd.),Stop sign,Functioning,0,0,0,FALSE,FALSE,FALSE,Clear,,FALSE,Road 1: BRIDLEWREATH ST (50 km/h); Road 2: MAX BECKER DR (50 km/h); Charged Driver #1 on page 1: HTA 130 (NA) (NA); Vehicle #1     Make: LEXS     Model: C2H     Colour: BLK     Style: 4B; Vehicle #2     Make: NISS     Model: ROG     Colour: SIL     Style:,12/22/2022 9:36:34 AM,539630.7468,4805863.144
52166,22130667,5/2/2022 3:05:00 PM,2022,5,2,15,5,0,Monday,540257.7952,4809980.474,-80.502516,43.441651,Non intersection,2,Non-reportable,Not on roadway - right side,unknown,unknown,SMV unattended vehicle,Unknown,Daylight,01 - Daylight,Regional municipality,No control,unknown,0,0,0,FALSE,FALSE,FALSE,Clear,,TRUE,Road 1: WEST AVE; Road 2: HIGHLAND RD W; Vehicle #1     Make:      Model:      Colour:      Style: ; Vehicle #2     Make: SUBA     Model: SWR     Colour: GRY     Style: 4D,12/22/2022 9:31:09 AM,540257.7952,4809980.474
52167,22130929,5/12/2022 10:30:00 AM,2022,5,12,10,30,0,Thursday,546725.4062,4811288.563,-80.422484,43.453053,At/near private drive,2,Non-reportable,Thru lane,unknown,unknown,Other,Unknown,Daylight,01 - Daylight,Municipal (excl. Twp. Rd.),No control,unknown,0,0,0,FALSE,FALSE,FALSE,Clear,,TRUE,Road 1: 71 GREGG CRT; Vehicle #1     Make: TOYT     Model: TAC     Colour: GRY     Style: PK; Vehicle #2     Make:      Model:      Colour:      Style:,12/22/2022 9:33:28 AM,546725.4062,4811288.563
52168,22131609,6/9/2022 9:31:00 AM,2022,6,9,9,31,0,Thursday,537960.8956,4808939.682,-80.530972,43.432399,Non intersection,2,P.D. only,Thru lane,unknown,unknown,SMV unattended vehicle,Unknown,Daylight,01 - Daylight,Municipal (excl. Twp. Rd.),No control,unknown,1,0,0,FALSE,FALSE,FALSE,Clear,,FALSE,Road 1: 119 OPRINGTON CRT (50 km/h); Road 2: OPRINGTON CRT; Distance: 0.0 M S; Vehicle #1     Make: ROSE     Model: 40M     Colour: RED     Style: CB; Vehicle #2     Make: FORD     Model: EPR     Colour: BLU     Style: TY,1/3/2023 10:11:04 AM,537960.8956,4808939.682
52169,22131726,5/7/2022 5:00:00 PM,2022,5,7,17,0,0,Saturday,541075.8515,4808434.728,-80.492524,43.427688,At/near private drive,2,P.D. only,Off highway,unknown,unknown,SMV unattended vehicle,Unknown,Daylight,01 - Daylight,Municipal (excl. Twp. Rd.),No control,unknown,0,0,0,FALSE,FALSE,FALSE,Clear,,TRUE,Road 1: 111 SOUTHMOOR DR; Vehicle #1     Make:      Model:      Colour:      Style: ; Vehicle #2     Make: KIA     Model: FNG     Colour: BLU     Style: 4D,12/22/2022 9:35:03 AM,541075.8515,4808434.728
52170,22131869,6/9/2022 2:00:00 PM,2022,6,9,14,0,0,Thursday,538547.9699,4807880.652,-80.523793,43.422834,Non intersection,2,P.D. only,Thru lane,unknown,unknown,Sideswipe,Unknown,Daylight,01 - Daylight,Municipal (excl. Twp. Rd.),No control,unknown,0,0,0,FALSE,FALSE,FALSE,Clear,,TRUE,Road 1: ELM RIDGE DR; Road 2: RAMBLEWOOD WAY; Vehicle #1     Make: MAZD     Model: M3H     Colour: BLU     Style: 4B; Vehicle #2     Make: DODG     Model: DLM     Colour: WHI     Style: 4D,12/22/2022 9:30:34 AM,538547.9699,4807880.652
52171,22132026,6/9/2022 5:30:00 PM,2022,6,9,17,30,0,Thursday,539617.6471,4811375.608,-80.510325,43.454247,At intersection,2,P.D. only,Thru lane,unknown,unknown,Rear end,Unknown,Daylight,01 - Daylight,Municipal (excl. Twp. Rd.),unknown,Functioning,0,0,0,FALSE,FALSE,FALSE,Clear,,TRUE,Road 1: PARK ST; Road 2: GLASGOW ST; Vehicle #1     Make: HYUN     Model: TUC     Colour: GRY     Style: TY; Vehicle #2     Make: TOYT     Model: CHL     Colour: GRY     Style: 4D,1/3/2023 10:18:07 AM,539617.6471,4811375.608
52172,22132919,6/10/2022 5:14:00 PM,2022,6,10,17,14,0,Friday,542408.6001,4806609.407,-80.4762,43.411179,Non intersection,1,Non-fatal injury,Thru lane,unknown,unknown,Rear end,Unknown,Daylight,01 - Daylight,Municipal (excl. Twp. Rd.),No control,unknown,1,0,0,FALSE,FALSE,FALSE,Clear,,FALSE,Road 1: 80 STRASBURG RD (50 km/h); Road 2: OLD COUNTRY DR; Distance: 10.0 M W; Charged Driver #1 on page 1: HTA 320.14 (NA) (NA); Vehicle #1     Make: HOND     Model: CRV     Colour: BLK     Style: TY; Vehicle #2     Make: INFI     Model: XTR     Colour: ,1/3/2023 10:14:08 AM,542408.6001,4806609.407
52173,2213321,5/20/2022 1:12:00 PM,2022,5,20,13,12,0,Friday,542312.6291,4810288.712,-80.477101,43.444313,At intersection,2,Non-reportable,Thru lane,unknown,unknown,Rear end,Unknown,Daylight,01 - Daylight,Regional municipality,Traffic signal,Functioning,0,0,0,FALSE,FALSE,FALSE,Clear,,TRUE,Road 1: KING ST E; Road 2: STIRLING AVE N; Vehicle #1     Make: HOND     Model: UDY     Colour: GRY     Style: TY; Vehicle #2     Make: MAZD     Model: M6I     Colour: BLK     Style: 4D,12/22/2022 9:31:32 AM,542312.6291,4810288.712
52174,22133723,4/30/2022 11:00:00 AM,2022,4,30,11,0,0,Saturday,541131.0976,4813829.719,-80.491434,43.476262,At/near private drive,2,P.D. only,Thru lane,unknown,unknown,Other,Unknown,Daylight,01 - Daylight,Regional municipality,No control,unknown,0,0,0,FALSE,FALSE,FALSE,Clear,,TRUE,Road 1: 96 LANG CRESCENT; Vehicle #1     Make: HYUN     Model: EGS     Colour: WHI     Style: SW; Vehicle #2     Make:      Model:      Colour:      Style:,12/22/2022 9:31:10 AM,541131.0976,4813829.719
52175,22133746,5/30/2022 10:00:00 AM,2022,5,30,10,0,0,Monday,547326.5767,4811487.959,-80.415037,43.45481,At/near private drive,2,P.D. only,Not on roadway - right side,unknown,unknown,SMV unattended vehicle,Unknown,Daylight,01 - Daylight,Municipal (excl. Twp. Rd.),No control,unknown,0,0,0,FALSE,FALSE,FALSE,Clear,,TRUE,Road 1: 29 BROOKMEAD ST; Vehicle #1     Make:      Model:      Colour:      Style: ; Vehicle #2     Make: MERZ     Model: E24     Colour: SIL     Style: 4D,12/22/2022 9:27:23 AM,547326.5767,4811487.959
52176,22134422,5/30/2022 9:50:00 PM,2022,5,30,21,50,0,Monday,546009.3353,4810202.618,-80.431426,43.443319,Non intersection,2,P.D. only,Thru lane,unknown,unknown,SMV other,Unknown,Dark,07 - Dark,Municipal (excl. Twp. Rd.),No control,unknown,0,0,0,FALSE,FALSE,FALSE,Clear,,TRUE,Road 1: OLD CHICOPEE DR; Road 2: DAIMLER DR; Distance: 20.0 M N; Vehicle #1     Make: KIA     Model: SOR     Colour: SIL     Style: TY,12/22/2022 9:36:17 AM,546009.3353,4810202.618
52177,22134701,6/11/2022 8:20:00 PM,2022,6,11,20,20,0,Saturday,545034.8974,4807867.657,-80.44366,43.422355,Intersection related,1,Non-fatal injury,Within intersection,unknown,unknown,SMV other,Unknown,Daylight,01 - Daylight,Regional municipality,unknown,Functioning,0,0,0,TRUE,FALSE,FALSE,Clear,,FALSE,Road 1: KINGSWAY DR (40 km/h); Road 2: WILSON AVE (40 km/h); Vehicle #1     Make: FORD     Model: COF     Colour: GRN     Style: PK,1/3/2023 10:16:37 AM,545034.8974,4807867.657
52178,22136236,6/1/2022 9:00:00 PM,2022,6,1,21,0,0,Wednesday,544898.8047,4812229.7,-80.444982,43.461639,At/near private drive,2,Non-reportable,Off highway,unknown,unknown,SMV unattended vehicle,Unknown,Dusk,05 - Dusk,Municipal (excl. Twp. Rd.),No control,unknown,0,0,0,FALSE,FALSE,FALSE,Clear,,TRUE,Road 1: CONFEDERATION DR (IFO 77); Vehicle #1     Make:      Model:      Colour:      Style: ; Vehicle #2     Make: TOYT     Model: RV4     Colour: GRY     Style: TY,12/22/2022 9:30:22 AM,544898.8047,4812229.7
52179,22136611,6/14/2022 3:15:00 PM,2022,6,14,15,15,0,Tuesday,544754.9988,4808023.711,-80.447105,43.423777,Intersection related,2,P.D. only,Thru lane,unknown,unknown,Rear end,Unknown,Daylight,01 - Daylight,Municipal (excl. Twp. Rd.),Traffic signal,Functioning,0,0,0,FALSE,FALSE,FALSE,Clear,,TRUE,Road 1: WILSON AVE; Road 2: TRAYNOR AVE; Vehicle #1     Make: VOLK     Model: JSA     Colour: BLK     Style: 4D; Vehicle #2     Make: TOYO     Model: CAMR     Colour:      Style: 4DO,12/22/2022 9:30:57 AM,544754.9988,4808023.711
52180,22136629,6/14/2022 6:20:00 AM,2022,6,14,6,20,0,Tuesday,541651.0008,4807891.931,-80.48546,43.422769,At/near private drive,2,Non-reportable,Right shoulder,unknown,unknown,SMV unattended vehicle,Unknown,Daylight,01 - Daylight,Municipal (excl. Twp. Rd.),No control,unknown,0,0,0,FALSE,FALSE,FALSE,Clear,,TRUE,Road 1: 69 ROBERTS CRESCENT; Vehicle #1     Make:      Model:      Colour:      Style: ; Vehicle #2     Make: HOND     Model: UCL     Colour: WHI     Style: 4D,12/22/2022 9:35:55 AM,541651.0008,4807891.931
52181,22136941,6/14/2022 11:15:00 PM,2022,6,14,23,15,0,Tuesday,541596.911,4803907.716,-80.486431,43.386898,At/near private drive,2,Non-reportable,Right shoulder,unknown,unknown,SMV unattended vehicle,Unknown,Dark,07 - Dark,Municipal (excl. Twp. Rd.),No control,unknown,0,0,0,FALSE,FALSE,FALSE,Clear,,TRUE,Road 1: 271 SOPHIA CRESCENT; Vehicle #1     Make: HYUN     Model: ESS     Colour: GRY     Style: 4D; Vehicle #2     Make: TOYT     Model: CBS     Colour: BRN     Style: 4D,12/22/2022 9:30:59 AM,541596.911,4803907.716
52182,22137273,6/11/2022 8:00:00 AM,2022,6,11,8,0,0,Saturday,542922.528,4810047.911,-80.469583,43.44211,At/near private drive,2,P.D. only,Not on roadway - right side,unknown,unknown,SMV unattended vehicle,Unknown,Daylight,01 - Daylight,Municipal (excl. Twp. Rd.),No control,unknown,0,0,0,FALSE,FALSE,FALSE,Clear,,TRUE,Road 1: 29 BRICK ST; Vehicle #1     Make:      Model:      Colour:      Style: ; Vehicle #2     Make: FORD     Model: FTU     Colour: GRY     Style: 4B,12/22/2022 9:35:40 AM,542922.528,4810047.911
52183,22137376,6/9/2022 11:30:00 AM,2022,6,9,11,30,0,Thursday,542118.0308,4812780.24,-80.479313,43.466757,At intersection,2,P.D. only,Within intersection,unknown,unknown,Sideswipe,Unknown,Daylight,01 - Daylight,Municipal (excl. Twp. Rd.),unknown,unknown,0,0,0,FALSE,FALSE,FALSE,Clear,,TRUE,Road 1: GUELPH ST; Road 2: MAPLE AVE; Vehicle #1     Make: MAZD     Model: M3S     Colour: WHI     Style: 4D; Vehicle #2     Make: INTL     Model: LT6     Colour: GRY     Style: CT,12/22/2022 9:30:24 AM,542118.0308,4812780.24
52184,22137871,6/15/2022 10:21:00 PM,2022,6,15,22,21,0,Wednesday,543712.5101,4805683.142,-80.46017,43.402764,At intersection,1,Non-fatal injury,Within intersection,unknown,unknown,Angle,Unknown,"Dark, artificial","08 - Dark, artificial",Municipal (excl. Twp. Rd.),unknown,Functioning,0,0,0,FALSE,FALSE,FALSE,Clear,,FALSE,Road 1: TRILLIUM DR (50 km/h); Road 2: STECKLE PL (50 km/h); Charged Driver #1 on page 1: CCC 320 (16) (NA); Vehicle #1     Make: GMC     Model: SIE     Colour: BLK     Style: CW; Vehicle #2     Make: KW     Model: CON     Colour: RED     Style: CT,1/3/2023 10:19:09 AM,543712.5101,4805683.142
52185,22138343,6/5/2022 5:00:00 PM,2022,6,5,17,0,0,Sunday,538608.1457,4807324.802,-80.523089,43.417825,Other,2,P.D. only,Thru lane,unknown,unknown,SMV unattended vehicle,Unknown,Daylight,01 - Daylight,Municipal (excl. Twp. Rd.),No control,unknown,0,0,0,FALSE,FALSE,FALSE,Clear,,TRUE,Road 1: FORESTWOOD DR (IFO 166); Vehicle #1     Make:      Model:      Colour:      Style: ; Vehicle #2     Make: TOYT     Model: TAC     Colour: GRY     Style: CW,12/22/2022 9:30:15 AM,538608.1457,4807324.803
52186,22138455,6/16/2022 3:32:00 PM,2022,6,16,15,32,0,Thursday,541529.647,4803420.444,-80.487298,43.382514,Non intersection,2,P.D. only,Thru lane,unknown,unknown,Sideswipe,Unknown,Daylight,01 - Daylight,Municipal (excl. Twp. Rd.),No control,unknown,2,0,0,FALSE,FALSE,FALSE,Clear,,FALSE,Road 1: HURON RD (60 km/h); Road 2: FISCHER HALLMAN RD; Distance: 100.0 M E; Charged Driver #1 on page 1: HTA 130 (1) (NA); Vehicle #1     Make: HOND     Model: CRV     Colour: BLK     Style: TY; Vehicle #2     Make: CHEV     Model: TRV     Colour: BLK   ,1/3/2023 10:12:18 AM,541529.647,4803420.444