OBJECTID,ACCIDENTNUM,ACCIDENTDATE,ACCIDENT_YEAR,ACCIDENT_MONTH,ACCIDENT_DAY,ACCIDENT_HOUR,ACCIDENT_MINUTE,ACCIDENT_SECOND,ACCIDENT_WEEKDAY,XCOORD,YCOORD,LONGITUDE,LATITUDE,ACCIDENTLOCATION,COLLISIONTYPE,CLASSIFICATIONOFACCIDENT,IMPACTLOCATION,INITIALDIRECTIONOFTRAVELONE,INITIALDIRECTIONOFTRAVELTWO,INITIALIMPACTTYPE,INTTRAFFICCONTROL,LIGHT,LIGHTFORREPORT,ROADJURISDICTION,TRAFFICCONTROL,TRAFFICCONTROLCONDITION,THRULANENO,NORTHBOUNDDISOBEYCOUNT,SOUTHBOUNDDISOBEYCOUNT,PEDESTRIANINVOLVED,CYCLISTINVOLVED,MOTORCYCLISTINVOLVED,ENVIRONMENTCONDITION1,ENVIRONMENTCONDITION2,SELFREPORTED,XMLIMPORTNOTES,LASTEDITEDDATE,x,y
52187,22138583,6/16/2022 6:08:00 PM,2022,6,16,18,8,0,Thursday,545336.315,4812755.215,-80.43953,43.466344,Non intersection,2,P.D. only,Thru lane,unknown,unknown,SMV unattended vehicle,Unknown,Daylight,01 - Daylight,Municipal (excl. Twp. Rd.),No control,unknown,1,0,0,FALSE,FALSE,FALSE,Clear,,FALSE,Road 1: 57 GEORGIAN ST (50 km/h); Road 2: GEORGIAN ST; Distance: 1.0 M N; Charged Driver #1 on page 1: HTA 142 (NA) (NA); Vehicle #1     Make: NISS     Model: JUK     Colour: RED     Style: 4D; Vehicle #2     Make: TOYT     Model: VEN     Colour: GRY     ,1/3/2023 10:14:41 AM,545336.315,4812755.215
52188,22139150,5/13/2022 2:30:00 PM,2022,5,13,14,30,0,Friday,538777.3992,4807810.733,-80.520964,43.422192,Intersection related,2,P.D. only,Thru lane,unknown,unknown,Angle,Unknown,Daylight,01 - Daylight,Municipal (excl. Twp. Rd.),unknown,unknown,0,0,0,FALSE,FALSE,FALSE,Clear,,TRUE,Road 1: MCGARRY DR; Road 2: ELM RIDGE DR; Vehicle #1     Make: FORD     Model: SPE     Colour: GRY     Style: TY; Vehicle #2     Make: FORD     Model: SPE     Colour: WHI     Style: TY,12/22/2022 9:27:22 AM,538777.3992,4807810.734
52189,22139200,12/12/2021 12:30:00 PM,2021,12,12,12,30,0,Sunday,547270.9253,4805804.42,-80.416217,43.40364,At/near private drive,2,P.D. only,Off highway,unknown,unknown,SMV unattended vehicle,Unknown,Daylight,01 - Daylight,Municipal (excl. Twp. Rd.),No control,unknown,0,0,0,FALSE,FALSE,FALSE,Clear,,TRUE,Road 1: 211 TERRACE WOOD CRESCENT; Vehicle #1     Make:      Model:      Colour:      Style: ; Vehicle #2     Make: HOND     Model: CRV     Colour: BLK     Style: TY,1/3/2023 10:22:36 AM,547270.9253,4805804.421
52190,22139226,12/10/2021 6:15:00 PM,2021,12,10,18,15,0,Friday,539398.2409,4809237.193,-80.513191,43.435004,Non intersection,2,P.D. only,Thru lane,unknown,unknown,Sideswipe,Unknown,Dark,07 - Dark,Municipal (excl. Twp. Rd.),No control,unknown,0,0,0,FALSE,FALSE,FALSE,Clear,,TRUE,Road 1: 11 OVERLEA DR; Vehicle #1     Make: MERZ     Model: R35     Colour: SIL     Style: TY; Vehicle #2     Make:      Model:      Colour:      Style:,1/3/2023 10:14:12 AM,539398.2409,4809237.193
52191,22139275,10/22/2021 11:27:00 AM,2021,10,22,11,27,0,Friday,543108.3478,4812758.626,-80.467072,43.466506,Non intersection,2,P.D. only,Thru lane,unknown,unknown,Sideswipe,Unknown,Daylight,01 - Daylight,Municipal (excl. Twp. Rd.),No control,unknown,0,0,0,FALSE,FALSE,FALSE,Clear,,TRUE,Road 1: SHIRLEY AVE; Road 2: RIVERBEND DR; Vehicle #1     Make:      Model:      Colour:      Style: ; Vehicle #2     Make: BMW     Model: 35I     Colour: BLK     Style: CV,1/3/2023 10:14:17 AM,543108.3478,4812758.626
52192,22139299,11/17/2021 10:10:00 AM,2021,11,17,10,10,0,Wednesday,541071.9697,4809680.785,-80.492478,43.438908,Non intersection,2,Non-reportable,Thru lane,unknown,unknown,Sideswipe,Unknown,Daylight,01 - Daylight,Municipal (excl. Twp. Rd.),No control,unknown,0,0,0,FALSE,FALSE,FALSE,Clear,,TRUE,Road 1: SPADINA RD E; Road 2: HIGHLAND RD E; Vehicle #1     Make: TOYT     Model: VEN     Colour: GRY     Style: TY; Vehicle #2     Make:      Model:      Colour:      Style:,1/3/2023 10:14:55 AM,541071.9697,4809680.785
52193,22139364,12/15/2021 7:30:00 PM,2021,12,15,19,30,0,Wednesday,538001.4672,4809158.261,-80.530455,43.434365,At/near private drive,2,P.D. only,Off highway,unknown,unknown,SMV unattended vehicle,Unknown,Dark,07 - Dark,Municipal (excl. Twp. Rd.),No control,unknown,0,0,0,FALSE,FALSE,FALSE,Clear,,TRUE,Road 1: 54 BENESFORT DR; Vehicle #1     Make:      Model:      Colour:      Style: ; Vehicle #2     Make: NISS     Model: ATS     Colour: BLU     Style: 4D,1/3/2023 10:22:29 AM,538001.4672,4809158.261
52194,22139368,11/16/2021 8:00:00 AM,2021,11,16,8,0,0,Tuesday,539568.1705,4811425.143,-80.510933,43.454695,Intersection related,2,P.D. only,Within intersection,unknown,unknown,Approaching,Unknown,Daylight,01 - Daylight,Municipal (excl. Twp. Rd.),unknown,unknown,0,0,0,FALSE,FALSE,FALSE,Clear,,TRUE,Road 1: PARK ST; Road 2: GREEN ST; Vehicle #1     Make: MAZD     Model: M3I     Colour: BLU     Style: 4D; Vehicle #2     Make: DODG     Model: CAR     Colour: ONG     Style: VN,1/3/2023 10:17:11 AM,539568.1705,4811425.143
52195,22139515,5/12/2022 9:20:00 AM,2022,5,12,9,20,0,Thursday,540172.4353,4809414.59,-80.503613,43.43656,At intersection,2,Non-reportable,Thru lane,unknown,unknown,Rear end,Unknown,Daylight,01 - Daylight,Regional municipality,Traffic signal,Functioning,0,0,0,FALSE,FALSE,FALSE,Clear,,TRUE,Road 1: BELMONT AVE E; Road 2: QUEEN'S BLVD; Vehicle #1     Make: MITI     Model: WHI     Colour: WHI     Style: 4D; Vehicle #2     Make:      Model:      Colour:      Style:,12/22/2022 9:32:01 AM,540172.4353,4809414.59
52196,22139531,9/28/2021 6:00:00 PM,2021,9,28,18,0,0,Tuesday,540173.339,4809413.846,-80.503601,43.436553,At intersection,2,P.D. only,Thru lane,unknown,unknown,Rear end,Unknown,Daylight,01 - Daylight,Municipal (excl. Twp. Rd.),unknown,Functioning,0,0,0,FALSE,FALSE,FALSE,Clear,,TRUE,Road 1: QUEENS BLVD; Road 2: BELMONT AVE E; Vehicle #1     Make: KIA     Model: FSX     Colour: SIL     Style: 4B; Vehicle #2     Make: KIA     Model: SOU     Colour: SIL     Style: TY; Vehicle #3     Make: TOYT     Model: CBS     Colour: GRY     Style: 4,1/3/2023 10:19:55 AM,540173.339,4809413.846
52197,22140345,6/18/2022 8:15:00 AM,2022,6,18,8,15,0,Saturday,545284.2705,4813676.419,-80.440097,43.474642,At/near private drive,2,P.D. only,Not on roadway - right side,unknown,unknown,SMV other,Unknown,Daylight,01 - Daylight,Municipal (excl. Twp. Rd.),No control,unknown,0,0,0,FALSE,FALSE,FALSE,Clear,,TRUE,Road 1: 2085 SHIRLEY DR; Vehicle #1     Make: TOYT     Model: TIM     Colour: WHI     Style: 4B,12/22/2022 9:35:53 AM,545284.2705,4813676.419
52198,22141642,6/19/2022 8:03:00 PM,2022,6,19,20,3,0,Sunday,541343.9122,4809063.919,-80.489164,43.433339,Intersection related,1,Non-fatal injury,Within intersection,unknown,unknown,Angle,Unknown,Daylight,01 - Daylight,Municipal (excl. Twp. Rd.),Stop sign,Functioning,0,0,0,FALSE,FALSE,FALSE,Clear,,FALSE,Road 1: HEIMAN ST (50 km/h); Road 2: HIGHLAND RD E (50 km/h); Charged Driver #1 on page 1: HTA 53 (1) (NA); Vehicle #1     Make: PONT     Model: VIB     Colour: SIL     Style: 4B; Vehicle #2     Make: MAZD     Model: MA5     Colour: BLU     Style: 4B; Veh,12/22/2022 9:37:09 AM,541343.9122,4809063.919
52199,22141712,6/19/2022 7:40:00 PM,2022,6,19,19,40,0,Sunday,539443.7055,4805492.947,-80.5129,43.401288,At/near private drive,2,Non-reportable,Thru lane,unknown,unknown,SMV unattended vehicle,Unknown,Daylight,01 - Daylight,Municipal (excl. Twp. Rd.),No control,unknown,0,0,0,FALSE,FALSE,FALSE,Clear,,TRUE,Road 1: BIG SPRINGS COURT (IFO 23); Vehicle #1     Make:      Model:      Colour:      Style: ; Vehicle #2     Make: HOND     Model: UCL     Colour: GRY     Style: 4D,12/22/2022 9:35:51 AM,539443.7055,4805492.947
52200,22141991,5/26/2022 1:00:00 PM,2022,5,26,13,0,0,Thursday,540721.104,4808033.745,-80.496936,43.424097,Non intersection,2,P.D. only,Right shoulder,unknown,unknown,SMV unattended vehicle,Unknown,Daylight,01 - Daylight,Municipal (excl. Twp. Rd.),No control,unknown,0,0,0,FALSE,FALSE,FALSE,Clear,,TRUE,Road 1: 147 CHANDLER DR; Vehicle #1     Make:      Model:      Colour:      Style: ; Vehicle #2     Make: TOYT     Model: UEX     Colour: GRY     Style: 4D,12/22/2022 9:32:00 AM,540721.104,4808033.745
52201,22142083,5/10/2022 7:50:00 AM,2022,5,10,7,50,0,Tuesday,543187.7496,4804578.695,-80.466738,43.392849,Non intersection,2,P.D. only,Thru lane,unknown,unknown,Rear end,Unknown,Daylight,01 - Daylight,Regional municipality,No control,unknown,0,0,0,FALSE,FALSE,FALSE,Clear,,TRUE,Road 1: STRASBURG RD; Road 2: HURON RD; Vehicle #1     Make: TOYT     Model: MTL     Colour: BLU     Style: 4D; Vehicle #2     Make: BMW     Model: BX5     Colour: GRY     Style: TY,12/22/2022 9:31:44 AM,543187.7496,4804578.695
52202,22142275,1/14/2022 4:00:00 PM,2022,1,14,16,0,0,Friday,542280.7882,4807304.502,-80.477725,43.417445,At/near private drive,2,Non-reportable,Thru lane,unknown,unknown,SMV unattended vehicle,Unknown,Daylight,01 - Daylight,Municipal (excl. Twp. Rd.),No control,unknown,0,0,0,FALSE,FALSE,FALSE,Clear,,TRUE,Road 1: SELKIRK DR; Road 2: GENEVA CRESCENT; Vehicle #1     Make:      Model:      Colour:      Style: ; Vehicle #2     Make: HOND     Model: UCL     Colour: RED     Style: 2D,1/3/2023 10:22:50 AM,542280.7882,4807304.502
52203,22142286,1/30/2022 10:30:00 PM,2022,1,30,22,30,0,Sunday,538500.1976,4806682.3,-80.524467,43.412046,At/near private drive,2,Non-reportable,Off highway,unknown,unknown,SMV unattended vehicle,Unknown,Dark,07 - Dark,Municipal (excl. Twp. Rd.),No control,unknown,0,0,0,FALSE,FALSE,FALSE,Clear,,TRUE,Road 1: 27 FOXGLOVE CRESCENT; Vehicle #1     Make:      Model:      Colour:      Style: ; Vehicle #2     Make: MAZD     Model: CX5     Colour: GRY     Style: TY,12/22/2022 9:33:02 AM,538500.1976,4806682.3
52204,22142304,3/8/2022 9:45:00 AM,2022,3,8,9,45,0,Tuesday,541487.0892,4806473.15,-80.487592,43.410003,At/near private drive,2,Non-reportable,Off highway,unknown,unknown,SMV unattended vehicle,Unknown,Daylight,01 - Daylight,Municipal (excl. Twp. Rd.),No control,unknown,0,0,0,FALSE,FALSE,FALSE,Clear,,TRUE,Road 1: ERINBROOK DR; Road 2: BY THE ROAD SIDE; Vehicle #1     Make:      Model:      Colour:      Style: ; Vehicle #2     Make: TOYT     Model: MTL     Colour: GRY     Style: 4D,12/22/2022 9:33:08 AM,541487.0892,4806473.15
52205,22142329,6/20/2022 3:22:00 PM,2022,6,20,15,22,0,Monday,544116.7525,4811896.018,-80.454676,43.458681,At intersection,2,P.D. only,Within intersection,unknown,unknown,Angle,Unknown,Daylight,01 - Daylight,Municipal (excl. Twp. Rd.),unknown,Functioning,0,0,0,FALSE,FALSE,FALSE,Clear,,FALSE,Road 1: RIVER RD E (50 km/h); Road 2: MANCHESTER RD (40 km/h); Charged Driver #1 on page 1: HTA 130 (NA) (NA); Vehicle #1     Make: TOYT     Model: CMS     Colour: GRY     Style: 4B; Vehicle #2     Make: TOYT     Model: SIE     Colour: GRY     Style: VN,1/3/2023 10:18:35 AM,544116.7525,4811896.018
52206,22142853,6/21/2022 8:00:00 AM,2022,6,21,8,0,0,Tuesday,544808.0016,4805139.488,-80.446686,43.397804,Non intersection,2,P.D. only,Thru lane,unknown,unknown,Rear end,Unknown,Daylight,01 - Daylight,Municipal (excl. Twp. Rd.),No control,unknown,1,0,0,FALSE,FALSE,FALSE,Clear,,FALSE,Road 1: DOON VILLAGE RD (50 km/h); Road 2: MILLWOOD CRES; Distance: 15.0 M S; Charged Driver #1 on page 1: HTA 130 (NA) (NA); Vehicle #1     Make: MITS     Model: MES     Colour: GRY     Style: 4B; Vehicle #2     Make: ACUR     Model: ATL     Colour: GRY ,1/3/2023 10:11:16 AM,544808.0016,4805139.488
52207,22142941,3/12/2022 12:45:00 PM,2022,3,12,12,45,0,Saturday,541921.3198,4812945.849,-80.481732,43.46826,At/near private drive,2,Non-reportable,Thru lane,unknown,unknown,SMV unattended vehicle,Unknown,Daylight,01 - Daylight,Municipal (excl. Twp. Rd.),No control,unknown,0,0,0,FALSE,FALSE,FALSE,Clear,,TRUE,Road 1: BIRCH AVE; Vehicle #1     Make:      Model:      Colour:      Style: ; Vehicle #2     Make: TOYT     Model: YAR     Colour: ONG     Style: 2B,12/22/2022 9:33:10 AM,541921.3198,4812945.849
52208,22143026,2/16/2022 5:15:00 PM,2022,2,16,17,15,0,Wednesday,543049.9682,4814121.943,-80.467686,43.478785,At/near private drive,2,P.D. only,Thru lane,unknown,unknown,SMV unattended vehicle,Unknown,Dusk,05 - Dusk,Municipal (excl. Twp. Rd.),No control,unknown,0,0,0,FALSE,FALSE,FALSE,Clear,,TRUE,Road 1: 111 STANLEY AVE; Vehicle #1     Make:      Model:      Colour:      Style: ; Vehicle #2     Make: TOYT     Model: VEN     Colour: WHI     Style: TY,12/22/2022 9:33:26 AM,543049.9682,4814121.943
52209,22143082,1/20/2022 8:50:00 PM,2022,1,20,20,50,0,Thursday,538543.309,4809873.953,-80.52371,43.440782,Non intersection,2,Non-reportable,Right shoulder,unknown,unknown,SMV unattended vehicle,Unknown,Dark,07 - Dark,Municipal (excl. Twp. Rd.),No control,unknown,0,0,0,FALSE,FALSE,FALSE,Clear,,TRUE,Road 1: MOOREGATE CRESCENT; Vehicle #1     Make: NISS     Model: SML     Colour: BLK     Style: 4D; Vehicle #2     Make:      Model:      Colour:      Style:,12/22/2022 9:33:09 AM,538543.309,4809873.953
52210,22143158,11/30/2021 8:30:00 AM,2021,11,30,8,30,0,Tuesday,538072.0974,4809916.886,-80.52953,43.441192,Non intersection,2,P.D. only,Thru lane,unknown,unknown,SMV other,Unknown,Daylight,01 - Daylight,Municipal (excl. Twp. Rd.),No control,unknown,0,0,0,FALSE,FALSE,FALSE,Snow,,TRUE,Road 1: DALEGROVE DR; Vehicle #1     Make: CHEV     Model: EQU     Colour: WHI     Style: TY,1/3/2023 10:14:51 AM,538072.0974,4809916.886
52211,22144237,6/22/2022 12:47:00 PM,2022,6,22,12,47,0,Wednesday,544744.4667,4809751.287,-80.447093,43.439332,At/near private drive,2,P.D. only,Not on roadway - left side,unknown,unknown,SMV other,Unknown,Daylight,01 - Daylight,Municipal (excl. Twp. Rd.),No control,unknown,0,0,0,FALSE,FALSE,FALSE,Clear,,FALSE,Road 1: 146 TRAFALGAR AVE (50 km/h); Road 2: TRAFALGAR AVE; Distance: 5.0 M S; Vehicle #1     Make: INTL     Model: PRO     Colour: YEL     Style: CT,1/3/2023 10:20:52 AM,544744.4667,4809751.287
52212,22144256,5/29/2022 1:20:00 PM,2022,5,29,13,20,0,Sunday,543156.3743,4804637.238,-80.46712,43.393378,Non intersection,2,P.D. only,Thru lane,unknown,unknown,Sideswipe,Unknown,Daylight,01 - Daylight,Regional municipality,No control,unknown,0,0,0,FALSE,FALSE,FALSE,Clear,,TRUE,Road 1: 1800 STRASBURG RD; Road 2: HURON RD; Vehicle #1     Make: DODG     Model: CAR     Colour: BLK     Style: VN; Vehicle #2     Make: MAZD     Model: M3I     Colour: BLK     Style: 4B,12/22/2022 9:31:45 AM,543156.3743,4804637.238
52213,22144297,5/17/2022 2:50:00 PM,2022,5,17,14,50,0,Tuesday,542108.1125,4807131.242,-80.479871,43.415894,At intersection,2,P.D. only,Thru lane,unknown,unknown,Turning movement,Unknown,Daylight,01 - Daylight,Municipal (excl. Twp. Rd.),Traffic signal,Functioning,0,0,0,FALSE,FALSE,FALSE,Clear,,TRUE,Road 1: BLOCK LINE RD; Road 2: STRASBURG RD; Vehicle #1     Make: HYUN     Model: AGG     Colour: BLU     Style: 4D; Vehicle #2     Make: HYUN     Model: ETO     Colour: RED     Style: SW,12/22/2022 9:28:38 AM,542108.1125,4807131.242
52214,22145085,5/27/2022 4:15:00 PM,2022,5,27,16,15,0,Friday,545274.7855,4806434.528,-80.440815,43.409436,Intersection related,2,Non-reportable,Thru lane,unknown,unknown,SMV other,Stop sign,Daylight,01 - Daylight,Municipal (excl. Twp. Rd.),Stop sign,unknown,0,0,0,FALSE,FALSE,FALSE,Clear,,TRUE,Road 1: WILSON AVE; Road 2: WABANAKI DR; Vehicle #1     Make: DODG     Model: CAR     Colour: GRY     Style: VN,12/22/2022 9:36:20 AM,545274.7855,4806434.528
52215,22145199,5/15/2022 11:30:00 AM,2022,5,15,11,30,0,Sunday,545035.4425,4807869.2,-80.443653,43.422369,Intersection related,2,P.D. only,Within intersection,unknown,unknown,Angle,Unknown,Daylight,01 - Daylight,Regional municipality,Stop sign,Functioning,0,0,0,FALSE,FALSE,FALSE,Clear,,TRUE,Road 1: KINGSWAY DR; Road 2: WILSON AVE; Distance:  W; Vehicle #1     Make: CHEV     Model: EQU     Colour: GRY     Style: TY; Vehicle #2     Make: HOND     Model: AXL     Colour: BLU     Style: 4D,12/22/2022 9:28:22 AM,545035.4425,4807869.2
52216,22145310,5/21/2022 12:15:00 AM,2022,5,21,0,15,0,Saturday,542705.4618,4812690.065,-80.472058,43.465912,Non intersection,2,P.D. only,Thru lane,unknown,unknown,Rear end,Unknown,Dark,07 - Dark,Municipal (excl. Twp. Rd.),No control,unknown,0,0,0,FALSE,FALSE,FALSE,Rain,,TRUE,Road 1: CONESTOGA PARKWAY; Road 2: WELLINGTON ST; Vehicle #1     Make: BMW     Model: X1P     Colour: BLU     Style: TY; Vehicle #2     Make:      Model:      Colour:      Style:,12/22/2022 9:34:01 AM,542705.4618,4812690.065
52217,22145337,5/21/2022 3:00:00 PM,2022,5,21,15,0,0,Saturday,542054.7199,4810141.798,-80.480299,43.443004,At/near private drive,2,P.D. only,Thru lane,unknown,unknown,Other,Unknown,Daylight,01 - Daylight,Municipal (excl. Twp. Rd.),No control,unknown,0,0,0,FALSE,FALSE,FALSE,Clear,,TRUE,Road 1: 100 STIRLING AVE S; Road 2: IFO; Vehicle #1     Make: TOYT     Model: RG4     Colour: WHI     Style: TY; Vehicle #2     Make: LINC     Model: MKX     Colour: GRY     Style: TY,12/22/2022 9:34:00 AM,542054.7199,4810141.798
52218,22145371,1/23/2022 2:40:00 PM,2022,1,23,14,40,0,Sunday,542056.2325,4810454.016,-80.480256,43.445815,Non intersection,2,P.D. only,Not on roadway - left side,unknown,unknown,SMV unattended vehicle,Unknown,Daylight,01 - Daylight,Regional municipality,No control,unknown,0,0,0,FALSE,FALSE,FALSE,Clear,,TRUE,Road 1: KING ST E; Road 2: CAMERON ST N; Vehicle #1     Make:      Model:      Colour:      Style: ; Vehicle #2     Make: BMW     Model: BX5     Colour: GRY     Style: TY,12/22/2022 9:34:01 AM,542056.2325,4810454.016
52219,22145400,1/28/2022 3:35:00 PM,2022,1,28,15,35,0,Friday,542515.5069,4809402.368,-80.474662,43.43632,At/near private drive,2,P.D. only,Off highway,unknown,unknown,Other,Unknown,Daylight,01 - Daylight,Municipal (excl. Twp. Rd.),No control,unknown,0,0,0,FALSE,FALSE,FALSE,Clear,,TRUE,Road 1: 226 SYDNEY ST S; Vehicle #1     Make: HOND     Model: CCL     Colour: BRN     Style: 4D; Vehicle #2     Make: CHEV     Model: SNT     Colour: WHI     Style: 4D,12/22/2022 9:34:23 AM,542515.5069,4809402.369
52220,22145448,3/15/2022 3:00:00 PM,2022,3,15,15,0,0,Tuesday,545274.7823,4806435.007,-80.440815,43.409441,Intersection related,2,Non-reportable,Left turn lane,unknown,unknown,Turning movement,Stop sign,Daylight,01 - Daylight,Municipal (excl. Twp. Rd.),Stop sign,Functioning,0,0,0,FALSE,FALSE,FALSE,Snow,,TRUE,Road 1: WABANAKI DR; Road 2: WILSON AVE; Vehicle #1     Make: HYUN     Model: SLI     Colour: BLU     Style: 4D; Vehicle #2     Make:      Model:      Colour:      Style:,12/22/2022 9:34:19 AM,545274.7823,4806435.007
52221,22145474,6/23/2022 3:25:00 PM,2022,6,23,15,25,0,Thursday,546026.0745,4810104.269,-80.431227,43.442433,Non intersection,2,P.D. only,Not on roadway - left side,unknown,unknown,SMV other,Unknown,Daylight,01 - Daylight,Regional municipality,No control,unknown,0,0,0,FALSE,FALSE,FALSE,Clear,,FALSE,Road 1: OLD CHICOPEE DR (60 km/h); Road 2: DAIMLER DR; Distance: 80.0 M S; Vehicle #1     Make: NISS     Model: ROG     Colour: GRY     Style: TY,1/3/2023 10:14:59 AM,546026.0745,4810104.269
52222,22146126,6/25/2022 9:50:00 AM,2022,6,25,9,50,0,Saturday,540357.1256,4810642.98,-80.50124,43.44761,At/near private drive,2,Non-reportable,Thru lane,unknown,unknown,SMV unattended vehicle,Unknown,Daylight,01 - Daylight,Municipal (excl. Twp. Rd.),No control,unknown,0,0,0,FALSE,FALSE,FALSE,Clear,,TRUE,Road 1: 26 PARK ST (IFO); Vehicle #1     Make: HYUN     Model: SAN     Colour: RED     Style: TY; Vehicle #2     Make:      Model:      Colour:      Style:,12/22/2022 9:35:43 AM,540357.1256,4810642.98
52223,22146223,6/24/2022 11:30:00 AM,2022,6,24,11,30,0,Friday,543072.9853,4812801.506,-80.467506,43.466894,Intersection related,2,P.D. only,Thru lane,unknown,unknown,Rear end,Unknown,Daylight,01 - Daylight,Regional municipality,Traffic signal,Functioning,0,0,0,FALSE,FALSE,FALSE,Clear,,TRUE,Road 1: WELLINGTON ST N; Road 2: RIVERBEND DR; Vehicle #1     Make: HOND     Model: CVL     Colour: RED     Style: 2D; Vehicle #2     Make: FORD     Model: TST     Colour: WHI     Style: FV; Vehicle #3     Make: KIA     Model: NEG     Colour: GRY     Styl,12/22/2022 9:27:15 AM,543072.9853,4812801.506
52224,22146265,5/14/2022 7:00:00 PM,2022,5,14,19,0,0,Saturday,538697.0683,4807861.738,-80.521952,43.422656,Intersection related,2,P.D. only,Right shoulder,unknown,unknown,SMV unattended vehicle,Unknown,Daylight,01 - Daylight,Municipal (excl. Twp. Rd.),unknown,unknown,0,0,0,FALSE,FALSE,FALSE,Clear,,TRUE,Road 1: ELM RIDGE DR; Road 2: HICKORY HEIGHTS CRESCENT; Distance: 10.0 M S; Vehicle #1     Make: VOLK     Model: PTS     Colour: SIL     Style: 4D; Vehicle #2     Make: NISS     Model: ROG     Colour: GRN     Style: TY,12/22/2022 9:29:02 AM,538697.0683,4807861.738
52225,22146357,6/24/2022 1:50:00 PM,2022,6,24,13,50,0,Friday,540767.3071,4805549.219,-80.496551,43.401724,Intersection related,2,P.D. only,Thru lane,unknown,unknown,Other,Unknown,Daylight,01 - Daylight,Municipal (excl. Twp. Rd.),unknown,Functioning,0,0,0,FALSE,FALSE,FALSE,Clear,,TRUE,Road 1: SUMMIT AVE; Road 2: FISCHER HALLMAN RD; Vehicle #1     Make: TOYT     Model: RV4     Colour: BLK     Style: TY; Vehicle #2     Make: DODG     Model: CAR     Colour: SIL     Style: VN,1/3/2023 10:17:24 AM,540767.3071,4805549.219
52226,22146374,6/16/2022 10:00:00 AM,2022,6,16,10,0,0,Thursday,543071.6169,4805499.302,-80.468099,43.401145,Intersection related,2,Non-reportable,Thru lane,unknown,unknown,Turning movement,Unknown,Daylight,01 - Daylight,Municipal (excl. Twp. Rd.),Stop sign,Functioning,0,0,0,FALSE,FALSE,FALSE,Clear,,TRUE,Road 1: TRILLIUM DR; Road 2: STRASBURG RD; Vehicle #1     Make: CHEV     Model: GM4     Colour: GRY     Style: PK; Vehicle #2     Make: HOND     Model: ACCO     Colour: BLK     Style: 4DO,12/22/2022 9:31:00 AM,543071.6169,4805499.302
52227,22147368,6/25/2022 3:35:00 PM,2022,6,25,15,35,0,Saturday,539830.9769,4808445.704,-80.507902,43.427854,Intersection related,2,P.D. only,Within intersection,unknown,unknown,SMV other,Unknown,Daylight,01 - Daylight,Municipal (excl. Twp. Rd.),unknown,unknown,0,0,0,FALSE,FALSE,FALSE,Clear,,FALSE,Road 1: GREENBROOK DR (50 km/h); Road 2: GRAYSTONE AVE (50 km/h); Charged Driver #1 on page 1: HTA 12 (NA) (NA); Vehicle #1     Make:      Model:      Colour: WHI     Style:,1/3/2023 10:15:47 AM,539830.9769,4808445.704
52228,22148357,6/26/2022 4:06:00 PM,2022,6,26,16,6,0,Sunday,545712.4993,4807702.118,-80.435303,43.420823,Intersection related,2,P.D. only,Right shoulder,unknown,unknown,SMV other,Unknown,Daylight,01 - Daylight,Regional municipality,unknown,unknown,0,0,0,FALSE,FALSE,FALSE,Clear,,FALSE,Road 1: WABANAKI DR (50 km/h); Road 2: HIDDEN VALLEY RD; Distance: 2.0 M N; Vehicle #1     Make: VOLK     Model: GLF     Colour: SIL     Style: 4D,1/3/2023 10:15:24 AM,545712.4993,4807702.118
52229,22148419,6/26/2022 5:29:00 PM,2022,6,26,17,29,0,Sunday,539054.4319,4810123.556,-80.517376,43.443003,At/near private drive,2,P.D. only,Right shoulder,unknown,unknown,SMV unattended vehicle,Unknown,Daylight,01 - Daylight,Municipal (excl. Twp. Rd.),No control,unknown,0,0,0,FALSE,FALSE,FALSE,Clear,,FALSE,Road 1: ALICE AVE (50 km/h); Road 2: 418 ALICE AVE; Distance: 5.0 M E; Charged Driver #1 on page 1: HTA 142 (NA) (NA); Vehicle #1     Make: CHEV     Model: SNT     Colour: SIL     Style: 4D; Vehicle #2     Make: TOYT     Model: AXP     Colour: RED     Sty,1/3/2023 10:22:14 AM,539054.4319,4810123.556
52230,22148880,6/17/2022 8:20:00 AM,2022,6,17,8,20,0,Friday,539616.2741,4811530.457,-80.510331,43.455641,Non intersection,2,Non-reportable,Thru lane,unknown,unknown,Other,Unknown,Daylight,01 - Daylight,Municipal (excl. Twp. Rd.),No control,unknown,0,0,0,FALSE,FALSE,FALSE,Clear,,TRUE,Road 1: GREEN ST (JUST OUTSIDE KCI PARKING); Vehicle #1     Make: FORD     Model: EPR     Colour: GRY     Style: TY; Vehicle #2     Make: HYUN     Model: EGM     Colour: RED     Style: 4D,1/3/2023 10:10:27 AM,539616.2741,4811530.457