OBJECTID,ACCIDENTNUM,ACCIDENTDATE,ACCIDENT_YEAR,ACCIDENT_MONTH,ACCIDENT_DAY,ACCIDENT_HOUR,ACCIDENT_MINUTE,ACCIDENT_SECOND,ACCIDENT_WEEKDAY,XCOORD,YCOORD,LONGITUDE,LATITUDE,ACCIDENTLOCATION,COLLISIONTYPE,CLASSIFICATIONOFACCIDENT,IMPACTLOCATION,INITIALDIRECTIONOFTRAVELONE,INITIALDIRECTIONOFTRAVELTWO,INITIALIMPACTTYPE,INTTRAFFICCONTROL,LIGHT,LIGHTFORREPORT,ROADJURISDICTION,TRAFFICCONTROL,TRAFFICCONTROLCONDITION,THRULANENO,NORTHBOUNDDISOBEYCOUNT,SOUTHBOUNDDISOBEYCOUNT,PEDESTRIANINVOLVED,CYCLISTINVOLVED,MOTORCYCLISTINVOLVED,ENVIRONMENTCONDITION1,ENVIRONMENTCONDITION2,SELFREPORTED,XMLIMPORTNOTES,LASTEDITEDDATE,x,y
52231,22148882,5/6/2022 6:15:00 PM,2022,5,6,18,15,0,Friday,538441.4882,4806640.515,-80.525196,43.411673,At/near private drive,2,P.D. only,Off highway,unknown,unknown,SMV unattended vehicle,Unknown,Daylight,01 - Daylight,Municipal (excl. Twp. Rd.),No control,unknown,0,0,0,FALSE,FALSE,FALSE,Clear,,TRUE,Road 1: 45 FOXGLOVE CRESCENT; Vehicle #1     Make:      Model:      Colour:      Style: ; Vehicle #2     Make: TOYT     Model: MTL     Colour: BRN     Style: 4D,12/22/2022 9:33:41 AM,538441.4882,4806640.515
52232,22148895,6/15/2022 4:30:00 PM,2022,6,15,16,30,0,Wednesday,545136.0299,4808170.431,-80.442385,43.425075,At/near private drive,2,Non-reportable,Not on roadway - right side,unknown,unknown,SMV other,Unknown,Daylight,01 - Daylight,Municipal (excl. Twp. Rd.),No control,unknown,0,0,0,FALSE,FALSE,FALSE,Clear,,TRUE,Road 1: 595 GREENFIELD AVE; Vehicle #1     Make: DODG     Model: JOU     Colour: ONG     Style: TY,1/3/2023 10:20:20 AM,545136.0299,4808170.431
52233,22148910,5/27/2022 11:40:00 AM,2022,5,27,11,40,0,Friday,541180.1452,4809392.687,-80.491163,43.436308,At intersection,2,Non-reportable,Thru lane,unknown,unknown,Rear end,Unknown,Daylight,01 - Daylight,Regional municipality,Traffic signal,Functioning,0,0,0,FALSE,FALSE,FALSE,Clear,,TRUE,Road 1: STIRLING AVE S; Road 2: HIGHLAND RD E; Vehicle #1     Make: TOYT     Model: CBA     Colour: WHI     Style: 4D; Vehicle #2     Make:      Model:      Colour:      Style:,12/22/2022 9:33:36 AM,541180.1452,4809392.687
52234,22148953,5/29/2022 2:00:00 AM,2022,5,29,2,0,0,Sunday,546758.6018,4803884.027,-80.422707,43.386381,Non intersection,2,P.D. only,Right shoulder,unknown,unknown,SMV unattended vehicle,Unknown,Dark,07 - Dark,Municipal (excl. Twp. Rd.),No control,unknown,0,0,0,FALSE,FALSE,FALSE,Clear,,TRUE,Road 1: 19 WINDRUSH TRAIL; Vehicle #1     Make: HYUN     Model: TUC     Colour: GRY     Style: TY; Vehicle #2     Make: TOYT     Model: HIG     Colour: GRY     Style: TY,12/22/2022 9:33:37 AM,546758.6018,4803884.027
52235,22148995,5/23/2022 10:30:00 AM,2022,5,23,10,30,0,Monday,540041.9124,4811533.727,-80.50507,43.455648,Non intersection,2,P.D. only,Thru lane,unknown,unknown,SMV unattended vehicle,Unknown,Daylight,01 - Daylight,Regional municipality,No control,unknown,0,0,0,FALSE,FALSE,FALSE,Clear,,TRUE,Road 1: SHANLEY ST; Road 2: ANDREW ST; Vehicle #1     Make:      Model:      Colour:      Style: ; Vehicle #2     Make: TOYT     Model: CSE     Colour: BLU     Style: 4D,12/22/2022 9:34:03 AM,540041.9124,4811533.728
52236,22149018,5/24/2022 6:10:00 PM,2022,5,24,18,10,0,Tuesday,547332.6004,4808483.707,-80.415223,43.42776,Non intersection,2,P.D. only,Thru lane,unknown,unknown,Sideswipe,Unknown,Daylight,01 - Daylight,Regional municipality,No control,unknown,0,0,0,FALSE,FALSE,FALSE,Clear,,TRUE,Road 1: GRAND RIVER BLVD; Road 2: MORRISON RD; Vehicle #1     Make: CHRY     Model: PIF     Colour: BLK     Style: VN; Vehicle #2     Make: MAZD     Model: 3TR     Colour: GRY     Style: 4B; Vehicle #3     Make: AUDI     Model: A4A     Colour: GRY     Sty,12/22/2022 9:34:21 AM,547332.6004,4808483.707
52237,22149053,5/16/2022 10:00:00 AM,2022,5,16,10,0,0,Monday,544098.1846,4804980.221,-80.455464,43.396412,At/near private drive,2,Non-reportable,Other,unknown,unknown,SMV unattended vehicle,Unknown,Daylight,01 - Daylight,Municipal (excl. Twp. Rd.),No control,unknown,0,0,0,FALSE,FALSE,FALSE,Clear,,TRUE,Road 1: BIEHN DR (IFO 42A); Vehicle #1     Make:      Model:      Colour:      Style: ; Vehicle #2     Make: DODG     Model: DUR     Colour: RED     Style: TY,12/22/2022 9:34:35 AM,544098.1846,4804980.221
52238,22149145,5/7/2022 10:45:00 PM,2022,5,7,22,45,0,Saturday,538849.8134,4808928.932,-80.51999,43.432257,Non intersection,2,Non-reportable,Thru lane,unknown,unknown,SMV unattended vehicle,Unknown,Dark,07 - Dark,Municipal (excl. Twp. Rd.),No control,unknown,0,0,0,FALSE,FALSE,FALSE,Clear,,TRUE,Road 1: 211 OVERLEA DR; Vehicle #1     Make: TOYT     Model: CES     Colour: RED     Style: 2D; Vehicle #2     Make:      Model:      Colour:      Style:,12/22/2022 9:33:39 AM,538849.8134,4808928.933
52239,22149325,6/27/2022 3:45:00 PM,2022,6,27,15,45,0,Monday,543070.6577,4805498.817,-80.468111,43.401141,At intersection,2,P.D. only,Within intersection,unknown,unknown,Angle,Unknown,Daylight,01 - Daylight,Regional municipality,Stop sign,Functioning,0,0,0,FALSE,FALSE,FALSE,Clear,,FALSE,Road 1: STRASBURG RD (50 km/h); Road 2: TRILLIUM DR (50 km/h); Vehicle #1     Make: DODG     Model: 2S     Colour: GRN     Style: 2D; Vehicle #2     Make: KW     Model: CON     Colour: PLE     Style: CT,12/22/2022 9:29:55 AM,543070.6577,4805498.817
52240,22149350,6/27/2022 4:17:00 PM,2022,6,27,16,17,0,Monday,541691.6834,4810775.01,-80.484737,43.448726,Non intersection,1,Non-fatal injury,Thru lane,unknown,unknown,Angle,Unknown,Daylight,01 - Daylight,Municipal (excl. Twp. Rd.),No control,unknown,1,0,0,FALSE,TRUE,FALSE,Clear,,FALSE,Road 1: 7 MARKET LANE (40 km/h); Road 2: MOYER PL; Distance: 1.0 M W; Charged Driver #1 on page 1: HTA 153 (NA) (NA); Vehicle #1     Make: BICY     Model: .     Colour:      Style: ; Vehicle #2     Make: TOYT     Model: C4E     Colour: BLK     Style: 4D,12/22/2022 9:37:05 AM,541691.6834,4810775.011
52241,22149894,6/28/2022 8:00:00 AM,2022,6,28,8,0,0,Tuesday,545158.2249,4807241.007,-80.442188,43.416705,At intersection,2,P.D. only,Within intersection,unknown,unknown,Angle,Stop sign,Daylight,01 - Daylight,Municipal (excl. Twp. Rd.),Stop sign,Functioning,0,0,0,FALSE,FALSE,FALSE,Clear,,TRUE,Road 1: WEBSTER RD; Road 2: WILSON AVE; Vehicle #1     Make: RAM     Model: RTR     Colour: SIL     Style: PK; Vehicle #2     Make: SUBA     Model: L6L     Colour: GRY     Style: 4D,12/22/2022 9:35:44 AM,545158.2249,4807241.007
52242,22150279,6/23/2022 6:40:00 PM,2022,6,23,18,40,0,Thursday,541141.2337,4806765.298,-80.491842,43.412653,Intersection related,2,P.D. only,Within intersection,unknown,unknown,Angle,Unknown,Daylight,01 - Daylight,Regional municipality,unknown,Functioning,0,0,0,FALSE,FALSE,FALSE,Clear,,TRUE,Road 1: LAURENTIAN DR; Road 2: BLOCK LINE RD; Vehicle #1     Make: VOLK     Model: DTC     Colour: BLK     Style: 4D; Vehicle #2     Make: TOYT     Model: UCS     Colour: GRN     Style: 4D,1/3/2023 10:15:35 AM,541141.2337,4806765.298
52243,22150867,5/17/2022 2:40:00 PM,2022,5,17,14,40,0,Tuesday,542670.5164,4806929.286,-80.47294,43.414044,Intersection related,2,P.D. only,Thru lane,unknown,unknown,Sideswipe,Unknown,Daylight,01 - Daylight,Municipal (excl. Twp. Rd.),unknown,unknown,0,0,0,FALSE,FALSE,FALSE,Clear,,TRUE,Road 1: OLD COUNTRY DR; Road 2: COUNTRY HILL DR; Vehicle #1     Make: DODG     Model: CAR     Colour: BLK     Style: VN; Vehicle #2     Make: HYUN     Model: SFT     Colour: GRY     Style: TY,12/22/2022 9:28:16 AM,542670.5164,4806929.286
52244,22151071,6/13/2022 1:50:00 PM,2022,6,13,13,50,0,Monday,545443.341,4811750.191,-80.438291,43.457288,At/near private drive,2,P.D. only,Thru lane,unknown,unknown,SMV unattended vehicle,Unknown,Daylight,01 - Daylight,Municipal (excl. Twp. Rd.),No control,unknown,0,0,0,FALSE,FALSE,FALSE,Clear,,TRUE,Road 1: INDIAN RD (IFO 175); Vehicle #1     Make: CHEV     Model: ETV     Colour: YEL     Style: BU; Vehicle #2     Make: HYUN     Model: SGL     Colour: WHI     Style: 4D,12/22/2022 9:30:37 AM,545443.341,4811750.191
52245,22151151,6/20/2022 12:00:00 PM,2022,6,20,12,0,0,Monday,539899.0376,4807652.214,-80.507119,43.420706,At/near private drive,2,P.D. only,Thru lane,unknown,unknown,Rear end,Unknown,Daylight,01 - Daylight,Municipal (excl. Twp. Rd.),No control,unknown,0,0,0,FALSE,FALSE,FALSE,Clear,,TRUE,Road 1: WINDALE CRESCENT (IFO 153); Vehicle #1     Make: HOND     Model: UDY     Colour: SIL     Style: TY; Vehicle #2     Make: TOYT     Model: SIE     Colour: SIL     Style: VN,12/22/2022 9:31:14 AM,539899.0376,4807652.214
52246,22151523,6/29/2022 8:15:00 PM,2022,6,29,20,15,0,Wednesday,545121.4045,4807670.355,-80.442607,43.420573,Non intersection,2,P.D. only,Thru lane,unknown,unknown,Angle,Unknown,Daylight,01 - Daylight,Regional municipality,No control,unknown,0,0,0,FALSE,FALSE,FALSE,Clear,,TRUE,Road 1: WILSON AVE; Road 2: FAIRWAY RD S; Vehicle #1     Make: DODG     Model: CAR     Colour: BLK     Style: VN; Vehicle #2     Make: HOND     Model: UCL     Colour: WHI     Style: 4D,12/22/2022 9:28:46 AM,545121.4045,4807670.355
52247,22151773,6/30/2022 6:29:00 AM,2022,6,30,6,29,0,Thursday,539639.6038,4808623.659,-80.510254,43.429467,At/near private drive,2,P.D. only,Right shoulder,unknown,unknown,SMV other,Unknown,Daylight,01 - Daylight,Municipal (excl. Twp. Rd.),No control,unknown,0,0,0,FALSE,FALSE,FALSE,Clear,,FALSE,Road 1: 34 GRAYSTONE AVE (50 km/h); Road 2: GRAYSTONE AVE; Distance: 5.0 M W; Vehicle #1     Make: MITS     Model: LES     Colour: BLU     Style: 4D,12/22/2022 9:31:13 AM,539639.6038,4808623.659
52248,22151923,6/29/2022 8:15:00 PM,2022,6,29,20,15,0,Wednesday,545745.8604,4803488.85,-80.435244,43.382885,Non intersection,2,Non-reportable,Thru lane,unknown,unknown,SMV unattended vehicle,Unknown,Daylight,01 - Daylight,Municipal (excl. Twp. Rd.),No control,unknown,0,0,0,FALSE,FALSE,FALSE,Clear,,TRUE,Road 1: 223 PINE VALLEY DR (STREET PARKING); Vehicle #1     Make: MAZD     Model: MA5     Colour: BLK     Style: SW; Vehicle #2     Make: TOYT     Model: CBL     Colour: GRY     Style: 4D,12/22/2022 9:28:58 AM,545745.8604,4803488.85
52249,22152020,6/10/2022 5:00:00 PM,2022,6,10,17,0,0,Friday,547856.6823,4811424.704,-80.40849,43.454207,At/near private drive,2,Non-reportable,Not on roadway - right side,unknown,unknown,SMV unattended vehicle,Unknown,Daylight,01 - Daylight,Regional municipality,No control,unknown,0,0,0,FALSE,FALSE,FALSE,Clear,,TRUE,Road 1: 1301 OLD ZELLER DR; Vehicle #1     Make:      Model:      Colour:      Style: ; Vehicle #2     Make: HOND     Model: UCL     Colour: GRY     Style: 4D,12/22/2022 9:35:38 AM,547856.6823,4811424.704
52250,22153922,7/2/2022 9:33:00 AM,2022,7,2,9,33,0,Saturday,542060.3708,4807188.226,-80.480457,43.41641,Other,2,P.D. only,Off highway,unknown,unknown,SMV other,Unknown,Daylight,01 - Daylight,Regional municipality,No control,unknown,0,0,0,FALSE,FALSE,FALSE,Clear,,FALSE,Road 1: 599 STRASBURG RD ((IFO)); Vehicle #1     Make: GMC     Model: SIE     Colour: WHI     Style: PK,1/3/2023 10:23:46 AM,542060.3708,4807188.226
52251,22153934,5/10/2022 4:25:00 PM,2022,5,10,16,25,0,Tuesday,541668.6228,4804020.079,-80.485537,43.387906,Intersection related,2,Non-reportable,Thru lane,unknown,unknown,Turning movement,Unknown,Daylight,01 - Daylight,unknown,unknown,unknown,0,0,0,FALSE,FALSE,FALSE,Clear,,TRUE,Road 1: WOODBINE AVE; Road 2: SEABROOK DR; Vehicle #1     Make:      Model:      Colour:      Style: ; Vehicle #2     Make: TOYT     Model: SIE     Colour: GRY     Style: VN,12/22/2022 9:27:50 AM,541668.6228,4804020.079
52252,22154077,7/2/2022 1:15:00 PM,2022,7,2,13,15,0,Saturday,540262.4065,4809318.495,-80.502508,43.43569,At/near private drive,1,Non-fatal injury,Left shoulder,unknown,unknown,SMV unattended vehicle,Unknown,Daylight,01 - Daylight,Municipal (excl. Twp. Rd.),No control,unknown,0,0,0,FALSE,FALSE,FALSE,Clear,,FALSE,Road 1: 44 BELMONT AVE E ((IFO)) (50 km/h); Road 2: QUEENS BLVD; Distance: 500.0 M E; Charged Driver #1 on page 1: HTA 130 (NA) (NA); Vehicle #1     Make: SUBA     Model: VDC     Colour: SIL     Style: 4W; Vehicle #2     Make: MERZ     Model: B20     Colo,1/3/2023 10:22:43 AM,540262.4065,4809318.495
52253,22154116,5/15/2022 7:00:00 AM,2022,5,15,7,0,0,Sunday,539491.5345,4811906.127,-80.511845,43.45903,Non intersection,2,Non-reportable,Right shoulder,unknown,unknown,SMV unattended vehicle,Unknown,Daylight,01 - Daylight,Municipal (excl. Twp. Rd.),No control,unknown,0,0,0,FALSE,FALSE,FALSE,Clear,,TRUE,Road 1: 36 HERBERT ST; Vehicle #1     Make: FORD     Model: SPE     Colour: GRY     Style: TY; Vehicle #2     Make:      Model:      Colour:      Style:,12/22/2022 9:34:49 AM,539491.5345,4811906.127
52254,22154868,6/15/2022 1:20:00 PM,2022,6,15,13,20,0,Wednesday,541185.8464,4810971.567,-80.490973,43.450524,Non intersection,2,P.D. only,Thru lane,unknown,unknown,SMV unattended vehicle,Unknown,Daylight,01 - Daylight,Regional municipality,No control,unknown,0,0,0,FALSE,FALSE,FALSE,Clear,,TRUE,Road 1: KING ST W; Road 2: ONTARIO ST S; Distance: 50.0 M W; Vehicle #1     Make: FORD     Model: VAN     Colour: WHI     Style: FV; Vehicle #2     Make:      Model:      Colour:      Style:,12/22/2022 9:35:41 AM,541185.8464,4810971.567
52255,22155081,6/14/2022 11:45:00 AM,2022,6,14,11,45,0,Tuesday,539528.4361,4811804.15,-80.511397,43.45811,At/near private drive,2,P.D. only,Thru lane,unknown,unknown,SMV unattended vehicle,Unknown,Daylight,01 - Daylight,Municipal (excl. Twp. Rd.),No control,unknown,0,0,0,FALSE,FALSE,FALSE,Clear,,TRUE,Road 1: 6 MARY ST (IFO); Vehicle #1     Make: KIA     Model: FOR     Colour: GRY     Style: 4B; Vehicle #2     Make: BMW     Model: 28X     Colour: GRY     Style: 4D,12/22/2022 9:29:08 AM,539528.4361,4811804.15
52256,22155094,6/28/2022 1:00:00 PM,2022,6,28,13,0,0,Tuesday,539969.5498,4810488.928,-80.506041,43.446244,Non intersection,2,P.D. only,Thru lane,unknown,unknown,Rear end,Unknown,Daylight,01 - Daylight,Municipal (excl. Twp. Rd.),No control,unknown,0,0,0,FALSE,FALSE,FALSE,Clear,,TRUE,Road 1: STRANGE ST; Road 2: HERLAN AVE; Vehicle #1     Make: HOND     Model: CRV     Colour: SIL     Style: TY; Vehicle #2     Make: SUBA     Model: FOR     Colour: BLK     Style: TY,12/22/2022 9:28:01 AM,539969.5498,4810488.928
52257,22155614,7/4/2022 2:08:00 PM,2022,7,4,14,8,0,Monday,545862.8295,4808690.256,-80.433363,43.429711,Intersection related,1,Non-fatal injury,Not on roadway - right side,unknown,unknown,SMV other,Unknown,"Daylight, artificial","02 - Daylight, artificial",Municipal (excl. Twp. Rd.),unknown,unknown,0,0,0,FALSE,FALSE,FALSE,Clear,,FALSE,Road 1: MORGAN AVE (50 km/h); Road 2: CENTREVILLE ST; Distance: 5.0 M E; Charged Driver #1 on page 1: HTA 130 (NA) (NA); Vehicle #1     Make: TOYT     Model: CBA     Colour: BRN     Style: 4D,1/3/2023 10:16:12 AM,545862.8295,4808690.256
52258,22155813,6/23/2022 2:30:00 PM,2022,6,23,14,30,0,Thursday,536464.4627,4807898.576,-80.54953,43.423099,At/near private drive,2,Non-reportable,Right shoulder,unknown,unknown,SMV unattended vehicle,Unknown,Daylight,01 - Daylight,Municipal (excl. Twp. Rd.),No control,unknown,0,0,0,FALSE,FALSE,FALSE,Clear,,TRUE,Road 1: 202 NEWBURY DR (IFO); Vehicle #1     Make: TOYT     Model: RV4     Colour: BLK     Style: TY; Vehicle #2     Make: TOYO     Model: RV4     Colour: GRY     Style: TY,12/22/2022 9:27:41 AM,536464.4627,4807898.576
52259,22155885,6/17/2022 5:00:00 PM,2022,6,17,17,0,0,Friday,544676.5897,4808079.063,-80.448069,43.42428,Intersection related,2,Non-reportable,Thru lane,unknown,unknown,Angle,Unknown,Daylight,01 - Daylight,Municipal (excl. Twp. Rd.),unknown,unknown,0,0,0,FALSE,FALSE,FALSE,Clear,,TRUE,Road 1: FAIRLAWN RD; Road 2: WILSON AVE; Vehicle #1     Make: TOYT     Model: TAC     Colour: ONG     Style: CW; Vehicle #2     Make:      Model:      Colour:      Style:,12/22/2022 9:35:52 AM,544676.5897,4808079.063
52260,22155944,6/30/2022 10:00:00 AM,2022,6,30,10,0,0,Thursday,540101.0855,4811311.539,-80.504355,43.453644,Non intersection,2,Non-reportable,Thru lane,unknown,unknown,Other,Unknown,Daylight,01 - Daylight,Municipal (excl. Twp. Rd.),No control,unknown,0,0,0,FALSE,FALSE,FALSE,Clear,,TRUE,Road 1: WALTER ST; Road 2: WELLINGTON ST S; Vehicle #1     Make: INTL     Model: 40S     Colour: GRY     Style: CT; Vehicle #2     Make: TOYT     Model: MTL     Colour: SIL     Style: 4D,12/22/2022 9:28:48 AM,540101.0855,4811311.539
52261,22155984,6/23/2022 11:10:00 AM,2022,6,23,11,10,0,Thursday,546889.6062,4811170.266,-80.420465,43.451977,Non intersection,2,P.D. only,Thru lane,unknown,unknown,SMV unattended vehicle,Unknown,Daylight,01 - Daylight,Municipal (excl. Twp. Rd.),No control,unknown,0,0,0,FALSE,FALSE,FALSE,Clear,,TRUE,Road 1: 70 SUSAN CRESCENT (IFO); Vehicle #1     Make: SUBU     Model: BRF     Colour: BLU     Style: 4W; Vehicle #2     Make: TOYT     Model: YAR     Colour: RED     Style: 4D,12/22/2022 9:27:14 AM,546889.6062,4811170.266
52262,22156081,6/18/2022 11:00:00 AM,2022,6,18,11,0,0,Saturday,536989.3252,4808810.258,-80.542984,43.431282,Other,2,P.D. only,Off highway,unknown,unknown,SMV unattended vehicle,Unknown,Daylight,01 - Daylight,Municipal (excl. Twp. Rd.),No control,unknown,0,0,0,FALSE,FALSE,FALSE,Clear,,TRUE,Road 1: HIDDEN CREEK DR (IFO 42); Vehicle #1     Make: CHEV     Model: EQU     Colour: GRY     Style: TY; Vehicle #2     Make: AUDI     Model: S5L     Colour: WHI     Style: 4B,12/22/2022 9:31:12 AM,536989.3252,4808810.258
52263,22156362,7/4/2022 8:11:00 PM,2022,7,4,20,11,0,Monday,540978.5574,4803285.647,-80.494112,43.381331,Intersection related,1,Non-fatal injury,Within intersection,unknown,unknown,Angle,Unknown,Dusk,05 - Dusk,Regional municipality,No control,Functioning,0,0,0,FALSE,FALSE,FALSE,Clear,,FALSE,Road 1: HURON RD (60 km/h); Road 2: LUDOLPH ST (60 km/h); Vehicle #1     Make: TOYT     Model: HIG     Colour: BRN     Style: TY; Vehicle #2     Make: TOYT     Model: SIE     Colour: GRY     Style: VN,1/3/2023 10:17:16 AM,540978.5574,4803285.647
52264,22156863,6/14/2022 5:00:00 PM,2022,6,14,17,0,0,Tuesday,536210.885,4809411.392,-80.552562,43.436733,At/near private drive,2,Non-reportable,Thru lane,unknown,unknown,SMV unattended vehicle,Unknown,Daylight,01 - Daylight,Regional municipality,No control,unknown,0,0,0,FALSE,FALSE,FALSE,Clear,,TRUE,Road 1: 263 RESURRECTION DR; Vehicle #1     Make:      Model:      Colour:      Style: ; Vehicle #2     Make: FORD     Model: FE     Colour: BLU     Style: 4D,12/22/2022 9:35:42 AM,536210.885,4809411.392
52265,22156878,6/5/2022 11:20:00 AM,2022,6,5,11,20,0,Sunday,542039.1088,4804492.743,-80.480927,43.392141,Non intersection,2,Non-reportable,Thru lane,unknown,unknown,SMV unattended vehicle,Unknown,Daylight,01 - Daylight,Municipal (excl. Twp. Rd.),No control,unknown,0,0,0,FALSE,FALSE,FALSE,Clear,,TRUE,Road 1: 417 WOODBINE AVE (STREET PARKING); Vehicle #1     Make:      Model:      Colour:      Style: ; Vehicle #2     Make: HYUN     Model: EXL     Colour: BLU     Style: 4D,12/22/2022 9:35:37 AM,542039.1088,4804492.743
52266,22156901,6/24/2022 1:50:00 PM,2022,6,24,13,50,0,Friday,546930.0405,4803464.552,-80.420627,43.382593,Non intersection,2,P.D. only,Right shoulder,unknown,unknown,SMV unattended vehicle,Unknown,Daylight,01 - Daylight,Municipal (excl. Twp. Rd.),No control,unknown,0,0,0,FALSE,FALSE,FALSE,Clear,,TRUE,Road 1: 113 WINDRUSH TRAIL; Vehicle #1     Make: ACUR     Model: 2TL     Colour: BRN     Style: 4D; Vehicle #2     Make: HYUN     Model: ESS     Colour: RED     Style: 4D,12/22/2022 9:27:24 AM,546930.0405,4803464.552
52267,22157001,6/1/2022 5:00:00 PM,2022,6,1,17,0,0,Wednesday,540939.076,4809150.57,-80.49416,43.434141,At/near private drive,2,Non-reportable,Thru lane,unknown,unknown,SMV unattended vehicle,Unknown,Daylight,01 - Daylight,Municipal (excl. Twp. Rd.),No control,unknown,0,0,0,FALSE,FALSE,FALSE,Clear,,TRUE,Road 1: 190 MAUSSER AVE (IFO); Vehicle #1     Make:      Model:      Colour:      Style: ; Vehicle #2     Make: CHEV     Model: SIL     Colour: RED     Style: PK,12/22/2022 9:35:49 AM,540939.076,4809150.57
52268,22157016,6/13/2022 8:20:00 AM,2022,6,13,8,20,0,Monday,541015.9748,4809676.251,-80.49317,43.43887,At intersection,2,Non-reportable,Thru lane,unknown,unknown,Sideswipe,Unknown,Daylight,01 - Daylight,Regional municipality,Traffic signal,Functioning,0,0,0,FALSE,FALSE,FALSE,Clear,,TRUE,Road 1: HIGHLAND RD E; Road 2: SPADINA RD E; Vehicle #1     Make: CADI     Model: ESC     Colour: WHI     Style: TY; Vehicle #2     Make:      Model:      Colour:      Style:,12/22/2022 9:35:39 AM,541015.9748,4809676.251
52269,22157768,7/6/2022 10:55:00 AM,2022,7,6,10,55,0,Wednesday,541889.7229,4806559.112,-80.482613,43.410755,At intersection,2,P.D. only,Thru lane,unknown,unknown,Sideswipe,Unknown,Daylight,01 - Daylight,Municipal (excl. Twp. Rd.),Traffic signal,Functioning,0,0,0,FALSE,FALSE,FALSE,Clear,,TRUE,Road 1: RITTEENHOUSE; Road 2: TUERR DR; Vehicle #1     Make: NISS     Model: ROG     Colour: SIL     Style: TY; Vehicle #2     Make: CHEV     Model: EQU     Colour: GRY     Style: TY,12/22/2022 9:29:52 AM,541889.7229,4806559.112
52270,22158113,7/6/2022 1:30:00 PM,2022,7,6,13,30,0,Wednesday,546568.7175,4808421.814,-80.424665,43.427251,Non intersection,2,P.D. only,Thru lane,unknown,unknown,Rear end,Unknown,Daylight,01 - Daylight,Municipal (excl. Twp. Rd.),No control,unknown,0,0,0,FALSE,FALSE,FALSE,Clear,,TRUE,Road 1: MORGAN AVE; Road 2: GREENDALE CRESCENT; Vehicle #1     Make: HOND     Model: ULS     Colour: WHI     Style: 4D; Vehicle #2     Make: DODG     Model: CAR     Colour: BLU     Style: VN,12/22/2022 9:29:54 AM,546568.7175,4808421.814
52271,22158331,7/6/2022 10:18:00 PM,2022,7,6,22,18,0,Wednesday,545833.2187,4802615.796,-80.434238,43.375018,At intersection,1,Non-fatal injury,Within intersection,unknown,unknown,SMV other,Unknown,Dark,07 - Dark,Municipal (excl. Twp. Rd.),unknown,Functioning,0,0,0,TRUE,FALSE,FALSE,Clear,,FALSE,Road 1: DOON S DR (40 km/h); Road 2: THOMAS SLEE DR (40 km/h); Vehicle #1     Make:      Model:      Colour:      Style:,1/3/2023 10:18:39 AM,545833.2187,4802615.796
52272,22158573,4/26/2022 4:00:00 PM,2022,4,26,16,0,0,Tuesday,540443.7335,4811967.227,-80.500071,43.459529,At/near private drive,2,Non-reportable,Off highway,unknown,unknown,SMV unattended vehicle,Unknown,Daylight,01 - Daylight,Municipal (excl. Twp. Rd.),No control,unknown,0,0,0,FALSE,FALSE,FALSE,Clear,,TRUE,Road 1: 476 DUKE ST W ((IFO)); Vehicle #1     Make:      Model:      Colour:      Style: ; Vehicle #2     Make: CHEV     Model: S1L     Colour: GRY     Style: 4B,12/22/2022 9:29:51 AM,540443.7335,4811967.228
52273,22158578,1/28/2022 7:30:00 AM,2022,1,28,7,30,0,Friday,538104.7024,4809267.855,-80.529172,43.435347,At/near private drive,2,P.D. only,Thru lane,unknown,unknown,SMV unattended vehicle,Unknown,Dawn,03 - Dawn,Municipal (excl. Twp. Rd.),No control,unknown,0,0,0,FALSE,FALSE,FALSE,Clear,,TRUE,Road 1: 254 BENESFORT CRESCENT; Vehicle #1     Make:      Model:      Colour:      Style: ; Vehicle #2     Make: JEEP     Model: CPT     Colour: GRY     Style: TY,12/22/2022 9:34:50 AM,538104.7024,4809267.855
52274,22158655,4/27/2022 5:30:00 AM,2022,4,27,5,30,0,Wednesday,540612.378,4811767.625,-80.498001,43.457723,At/near private drive,2,Non-reportable,Thru lane,unknown,unknown,SMV unattended vehicle,Unknown,Dawn,03 - Dawn,Regional municipality,No control,unknown,0,0,0,FALSE,FALSE,FALSE,Clear,,TRUE,Road 1: 388 DUKE ST W; Road 2: SHANLEY; Vehicle #1     Make:      Model:      Colour:      Style: ; Vehicle #2     Make: GMC     Model: SIE     Colour: BLK     Style: PK,12/22/2022 9:34:51 AM,540612.378,4811767.625
52275,22158751,11/22/2021 12:00:00 PM,2021,11,22,12,0,0,Monday,542241.2589,4815807.055,-80.477555,43.494004,At/near private drive,2,P.D. only,Thru lane,unknown,unknown,SMV unattended vehicle,Unknown,Daylight,01 - Daylight,Municipal (excl. Twp. Rd.),No control,unknown,0,0,0,FALSE,FALSE,FALSE,Clear,,TRUE,Road 1: FALCONRIDGE DR; Road 2: OWL  RIDGE ST; Vehicle #1     Make:      Model:      Colour:      Style: ; Vehicle #2     Make: CHEV     Model: 9MG     Colour: RED     Style: TY,1/3/2023 10:20:55 AM,542241.2589,4815807.056