OBJECTID,ACCIDENTNUM,ACCIDENTDATE,ACCIDENT_YEAR,ACCIDENT_MONTH,ACCIDENT_DAY,ACCIDENT_HOUR,ACCIDENT_MINUTE,ACCIDENT_SECOND,ACCIDENT_WEEKDAY,XCOORD,YCOORD,LONGITUDE,LATITUDE,ACCIDENTLOCATION,COLLISIONTYPE,CLASSIFICATIONOFACCIDENT,IMPACTLOCATION,INITIALDIRECTIONOFTRAVELONE,INITIALDIRECTIONOFTRAVELTWO,INITIALIMPACTTYPE,INTTRAFFICCONTROL,LIGHT,LIGHTFORREPORT,ROADJURISDICTION,TRAFFICCONTROL,TRAFFICCONTROLCONDITION,THRULANENO,NORTHBOUNDDISOBEYCOUNT,SOUTHBOUNDDISOBEYCOUNT,PEDESTRIANINVOLVED,CYCLISTINVOLVED,MOTORCYCLISTINVOLVED,ENVIRONMENTCONDITION1,ENVIRONMENTCONDITION2,SELFREPORTED,XMLIMPORTNOTES,LASTEDITEDDATE,x,y
52276,22158911,4/20/2022 12:30:00 PM,2022,4,20,12,30,0,Wednesday,542774.1892,4807210.882,-80.471638,43.416574,At/near private drive,2,Non-reportable,Thru lane,unknown,unknown,SMV unattended vehicle,Unknown,Daylight,01 - Daylight,Municipal (excl. Twp. Rd.),No control,unknown,0,0,0,FALSE,FALSE,FALSE,Clear,,TRUE,Road 1: 74 CHERRY HILL DR; Road 2: COACH HILL DR; Vehicle #1     Make:      Model:      Colour:      Style: ; Vehicle #2     Make: NISS     Model: ROG     Colour: RED     Style: TY,12/22/2022 9:35:08 AM,542774.1892,4807210.882
52277,22159776,5/6/2022 11:11:00 AM,2022,5,6,11,11,0,Friday,542937.5407,4812108.761,-80.469235,43.460665,At/near private drive,2,P.D. only,Thru lane,unknown,unknown,SMV unattended vehicle,Unknown,Daylight,01 - Daylight,Municipal (excl. Twp. Rd.),No control,unknown,0,0,0,FALSE,FALSE,FALSE,Clear,,TRUE,Road 1: 411 EPHRAIM ST; Vehicle #1     Make:      Model:      Colour:      Style: ; Vehicle #2     Make: TOYT     Model: RV4     Colour: BLK     Style: TY,12/22/2022 9:31:17 AM,542937.5407,4812108.761
52278,22159830,2/25/2022 4:00:00 PM,2022,2,25,16,0,0,Friday,543073.2302,4812800.79,-80.467503,43.466888,Intersection related,2,Non-reportable,Thru lane,unknown,unknown,Sideswipe,Unknown,Daylight,01 - Daylight,Regional municipality,Traffic signal,Functioning,0,0,0,FALSE,FALSE,FALSE,Clear,,TRUE,Road 1: SHIRLEY AVE; Road 2: RIVER BEND DR; Vehicle #1     Make:      Model:      Colour:      Style: ; Vehicle #2     Make: TOYT     Model: MTL     Colour: BLU     Style: 4D,12/22/2022 9:31:18 AM,543073.2302,4812800.79
52279,22161043,7/9/2022 1:37:00 PM,2022,7,9,13,37,0,Saturday,545275.0489,4806434.251,-80.440812,43.409434,Intersection related,2,P.D. only,Within intersection,unknown,unknown,Turning movement,Stop sign,Daylight,01 - Daylight,Municipal (excl. Twp. Rd.),Stop sign,Functioning,0,0,0,FALSE,FALSE,FALSE,Clear,,FALSE,Road 1: WILSON AVE (50 km/h); Road 2: WABANAKI DR (50 km/h); Charged Driver #1 on page 1: HTA 142 (NA) (NA); Vehicle #1     Make: LEXS     Model: RC0     Colour: RED     Style: 2D; Vehicle #2     Make:      Model: -     Colour:      Style: 2D,1/3/2023 10:16:21 AM,545275.0489,4806434.251
52280,22161071,7/9/2022 2:00:00 PM,2022,7,9,14,0,0,Saturday,544632.0489,4810341.466,-80.448434,43.444653,Non intersection,2,Non-reportable,Thru lane,unknown,unknown,Angle,Unknown,Daylight,01 - Daylight,Regional municipality,No control,unknown,0,0,0,FALSE,FALSE,FALSE,Clear,,TRUE,Road 1: FRANKLIN ST N; Road 2: BRADLEY DR; Vehicle #1     Make: KIA     Model: OLX     Colour: SIL     Style: 4D; Vehicle #2     Make:      Model:      Colour:      Style:,12/22/2022 9:28:44 AM,544632.0489,4810341.466
52281,22161196,7/9/2022 5:06:00 PM,2022,7,9,17,6,0,Saturday,542991.6789,4806947.604,-80.468972,43.414191,At/near private drive,2,P.D. only,Thru lane,unknown,unknown,Other,Unknown,Daylight,01 - Daylight,Regional municipality,No control,unknown,1,0,0,FALSE,FALSE,FALSE,Clear,,FALSE,Road 1: 245 COUNTRY HILL DR (40 km/h); Road 2: COUNTRY HILL DR; Distance: 1.0 M N; Charged Driver #1 on page 1: HTA 139 (NA) (NA); Vehicle #1     Make: TOYT     Model: CTX     Colour: GRN     Style: 4B; Vehicle #2     Make: HOND     Model: ULX     Colour:,1/3/2023 10:21:54 AM,542991.6789,4806947.604
52282,22161782,7/10/2022 10:24:00 AM,2022,7,10,10,24,0,Sunday,545035.2036,4807868.959,-80.443656,43.422366,At intersection,1,Non-fatal injury,Within intersection,unknown,unknown,SMV other,Unknown,Daylight,01 - Daylight,Municipal (excl. Twp. Rd.),Traffic signal,Functioning,0,0,0,TRUE,FALSE,FALSE,Clear,,FALSE,Road 1: KINGSWAY DR (50 km/h); Road 2: WILSON AVE (50 km/h); Charged Driver #1 on page 1: HTA 144 (NA) (NA); Vehicle #1     Make: MERZ     Model: B2M     Colour: WHI     Style: 4B,12/22/2022 9:37:04 AM,545035.2036,4807868.959
52283,22161949,7/10/2022 2:54:00 PM,2022,7,10,14,54,0,Sunday,543737.402,4805612.488,-80.459868,43.402126,Non intersection,2,P.D. only,Not on roadway - right side,unknown,unknown,SMV other,Unknown,Daylight,01 - Daylight,Municipal (excl. Twp. Rd.),No control,unknown,0,0,0,FALSE,FALSE,FALSE,Clear,,FALSE,Road 1: TRILLIUM DR (50 km/h); Road 2: BEASLEY DR; Distance: 60.0 K W; Vehicle #1     Make: TOYT     Model: HIG     Colour: BLU     Style: TY,12/22/2022 9:35:35 AM,543737.402,4805612.488
52284,22162298,7/10/2022 10:30:00 PM,2022,7,10,22,30,0,Sunday,545697.5162,4803968.373,-80.4358,43.387205,Non intersection,2,P.D. only,Thru lane,unknown,unknown,SMV unattended vehicle,Unknown,Dark,07 - Dark,Municipal (excl. Twp. Rd.),No control,unknown,1,0,0,FALSE,FALSE,FALSE,Clear,,FALSE,Road 1: 261 DOON MILLS DR (50 km/h); Road 2: APPLE RIDGE DR; Distance: 50.0 M W; Vehicle #1     Make: MERZ     Model: M35     Colour: WHI     Style: TY; Vehicle #2     Make: HYUN     Model: ESM     Colour: RED     Style: 4D,1/3/2023 10:14:24 AM,545697.5162,4803968.373
52285,22162719,6/21/2022 12:30:00 PM,2022,6,21,12,30,0,Tuesday,539631.9954,4810313.648,-80.510225,43.444684,At/near private drive,2,P.D. only,Thru lane,unknown,unknown,Other,Unknown,Daylight,01 - Daylight,Municipal (excl. Twp. Rd.),No control,unknown,0,0,0,FALSE,FALSE,FALSE,Clear,,TRUE,Road 1: TALBOT ST (IFO 18); Vehicle #1     Make: HOND     Model: UAX     Colour: BLU     Style: 4D; Vehicle #2     Make: HOND     Model: PIL     Colour: GRN     Style: TY,1/3/2023 10:21:05 AM,539631.9954,4810313.648
52286,22162796,6/6/2022 4:30:00 PM,2022,6,6,16,30,0,Monday,541271.1984,4809709.23,-80.490014,43.439153,Non intersection,2,P.D. only,Thru lane,unknown,unknown,Angle,Unknown,Daylight,01 - Daylight,Municipal (excl. Twp. Rd.),No control,unknown,0,0,0,FALSE,FALSE,FALSE,Rain,,TRUE,Road 1: SPADINA RD E; Road 2: MILL ST; Vehicle #1     Make: FORD     Model: TSE     Colour: GLD     Style: 4D; Vehicle #2     Make: FORD     Model: SPE     Colour: GRY     Style: TY,1/3/2023 10:11:50 AM,541271.1984,4809709.23
52287,22162831,6/7/2022 11:15:00 AM,2022,6,7,11,15,0,Tuesday,542695.5748,4810701.22,-80.472336,43.448005,Intersection related,2,Non-reportable,Thru lane,unknown,unknown,Angle,Unknown,Daylight,01 - Daylight,Regional municipality,unknown,Functioning,0,0,0,FALSE,FALSE,FALSE,Clear,,TRUE,Road 1: STIRLING AVE N; Road 2: LYDIA ST; Vehicle #1     Make: DODG     Model: CAR     Colour: GRY     Style: VN; Vehicle #2     Make:      Model:      Colour:      Style:,1/3/2023 10:15:55 AM,542695.5748,4810701.22
52288,22162837,6/15/2022 6:30:00 PM,2022,6,15,18,30,0,Wednesday,549070.8188,4806347.433,-80.393941,43.408413,Non intersection,2,P.D. only,Thru lane,unknown,unknown,Rear end,Unknown,Daylight,01 - Daylight,Municipal (excl. Twp. Rd.),No control,unknown,0,0,0,FALSE,FALSE,FALSE,Clear,,TRUE,Road 1: HELDMANN RD; Road 2: SPORTSWORLD DR; Vehicle #1     Make: HOND     Model: ASE     Colour: BLK     Style: 4D; Vehicle #2     Make: TESL     Model: 3     Colour: WHI     Style: 4D,1/3/2023 10:11:45 AM,549070.8188,4806347.434
52289,22163038,7/11/2022 5:08:00 PM,2022,7,11,17,8,0,Monday,539568.0496,4811425.262,-80.510935,43.454696,Intersection related,2,P.D. only,Within intersection,unknown,unknown,Angle,Unknown,Daylight,01 - Daylight,Municipal (excl. Twp. Rd.),unknown,Functioning,0,0,0,FALSE,FALSE,TRUE,Clear,,FALSE,Road 1: PARK ST (50 km/h); Road 2: GREEN ST (50 km/h); Charged Driver #1 on page 1: HTA 142 (NA) (NA); Vehicle #1     Make: HOND     Model: PIL     Colour: WHI     Style: TY; Vehicle #2     Make: HD     Model: FDX     Colour: BLU     Style: MS,1/3/2023 10:16:33 AM,539568.0496,4811425.262
52290,22163520,5/14/2022 6:00:00 PM,2022,5,14,18,0,0,Saturday,542688.6007,4810306.552,-80.472453,43.444452,At/near private drive,2,Non-reportable,Thru lane,unknown,unknown,SMV unattended vehicle,Unknown,Daylight,01 - Daylight,Regional municipality,No control,unknown,0,0,0,FALSE,FALSE,FALSE,Clear,,TRUE,Road 1: 65 BORDEN AVE N; Vehicle #1     Make: CHEV     Model: EXP     Colour: WHI     Style: FV; Vehicle #2     Make:      Model:      Colour:      Style:,12/22/2022 9:35:09 AM,542688.6007,4810306.552
52291,22163546,6/28/2022 5:20:00 PM,2022,6,28,17,20,0,Tuesday,538583.2219,4805366.787,-80.523535,43.400197,At/near private drive,2,P.D. only,Thru lane,unknown,unknown,SMV unattended vehicle,Unknown,Daylight,01 - Daylight,Municipal (excl. Twp. Rd.),No control,unknown,0,0,0,FALSE,FALSE,FALSE,Clear,,TRUE,Road 1: GRAVEL RIDGE TRAIL (IFO 400); Vehicle #1     Make: HOND     Model: ATR     Colour: GRY     Style: 4D; Vehicle #2     Make: TOYT     Model: UXS     Colour: BRN     Style: 4D,12/22/2022 9:28:56 AM,538583.2219,4805366.787
52292,22163771,6/11/2022 11:30:00 AM,2022,6,11,11,30,0,Saturday,544571.9132,4807945.834,-80.449373,43.423086,Other,2,Non-reportable,Thru lane,unknown,unknown,SMV unattended vehicle,Unknown,Daylight,01 - Daylight,Municipal (excl. Twp. Rd.),No control,unknown,0,0,0,FALSE,FALSE,FALSE,Clear,,TRUE,Road 1: BELWOOD CRESCENT (IFO 57); Vehicle #1     Make: DODG     Model: CAR     Colour: SIL     Style: VN; Vehicle #2     Make: HYUN     Model: ELA     Colour: BLK     Style: 4D,12/22/2022 9:30:39 AM,544571.9132,4807945.834
52293,22163774,6/16/2022 3:30:00 PM,2022,6,16,15,30,0,Thursday,545405.53,4802480.185,-80.439529,43.373823,At/near private drive,2,P.D. only,Thru lane,unknown,unknown,SMV unattended vehicle,Unknown,Daylight,01 - Daylight,Municipal (excl. Twp. Rd.),No control,unknown,0,0,0,FALSE,FALSE,FALSE,Clear,,TRUE,Road 1: 54 MEADOWRIDGE ST (IFO); Vehicle #1     Make: BMW     Model: X1P     Colour: BLK     Style: TY; Vehicle #2     Make: FORD     Model: FEE     Colour: BLK     Style: 4D,12/22/2022 9:27:28 AM,545405.53,4802480.185
52294,22164455,6/17/2022 5:00:00 PM,2022,6,17,17,0,0,Friday,544610.3523,4809092.704,-80.448804,43.43341,Intersection related,2,Non-reportable,Right turn lane,unknown,unknown,Rear end,Unknown,Daylight,01 - Daylight,Regional municipality,Traffic signal,Functioning,0,0,0,FALSE,FALSE,FALSE,Clear,,TRUE,Road 1: 2359 KINGSWAY DR; Road 2: FRANKLIN; Vehicle #1     Make:      Model:      Colour:      Style: ; Vehicle #2     Make: FORD     Model: FPH     Colour: GRY     Style: 4D,12/22/2022 9:35:54 AM,544610.3523,4809092.704
52295,22164848,7/13/2022 3:49:00 PM,2022,7,13,15,49,0,Wednesday,543225.9589,4804481.13,-80.466273,43.391969,Non intersection,2,P.D. only,Left turn lane,unknown,unknown,Rear end,Unknown,Daylight,01 - Daylight,Municipal (excl. Twp. Rd.),No control,unknown,0,0,0,FALSE,FALSE,FALSE,Clear,,FALSE,Road 1: HURON RD (60 km/h); Road 2: STRASBURG RD; Distance: 10.0 M S; Charged Driver #1 on page 1: HTA 130 (1) (NA); Vehicle #1     Make: TOYT     Model: RV4     Colour: BLK     Style: 4W; Vehicle #2     Make: RAM     Model: RTR     Colour: BLK     Style:,1/3/2023 10:15:09 AM,543225.9589,4804481.13
52296,22165388,6/9/2022 8:30:00 PM,2022,6,9,20,30,0,Thursday,545386.3938,4804698.185,-80.439581,43.393796,Non intersection,2,Non-reportable,Right shoulder,unknown,unknown,Sideswipe,Unknown,Dusk,05 - Dusk,Regional municipality,No control,unknown,0,0,0,FALSE,FALSE,FALSE,Snow,,TRUE,Road 1: PIONEER DR; Road 2: HOMER WATSON BLVD PIONEER PARK KITCHENER; Vehicle #1     Make: TOYT     Model: CBS     Colour: GRY     Style: 4D; Vehicle #2     Make: MAZD     Model: 3TR     Colour: GRY     Style: 4D,1/3/2023 10:12:03 AM,545386.3938,4804698.185
52297,22165664,5/13/2022 5:00:00 PM,2022,5,13,17,0,0,Friday,541404.4819,4811370.16,-80.488241,43.454101,At/near private drive,2,Non-reportable,Thru lane,unknown,unknown,SMV unattended vehicle,Unknown,Daylight,01 - Daylight,Municipal (excl. Twp. Rd.),No control,unknown,0,0,0,FALSE,FALSE,FALSE,Clear,,TRUE,Road 1: 37 AHRENS ST W; Vehicle #1     Make:      Model:      Colour:      Style: ; Vehicle #2     Make: VOLK     Model: JES     Colour: BLK     Style: 4D,12/22/2022 9:31:34 AM,541404.4819,4811370.16
52298,22166070,7/14/2022 9:58:00 PM,2022,7,14,21,58,0,Thursday,539111.6131,4811656.168,-80.516559,43.456799,At intersection,1,Non-fatal injury,Within intersection,unknown,unknown,Angle,Unknown,Dark,07 - Dark,Municipal (excl. Twp. Rd.),unknown,Functioning,0,0,0,FALSE,FALSE,FALSE,Clear,,FALSE,Road 1: UNION BLVD (50 km/h); Road 2: PARK ST (50 km/h); Charged Driver #1 on page 1: HTA 130 (NA) (NA); Vehicle #1     Make: NISS     Model: ROG     Colour: BLK     Style: TY; Vehicle #2     Make: BMW     Model: TRG     Colour: BLK     Style: TY,1/3/2023 10:19:39 AM,539111.6131,4811656.168
52299,22166347,1/24/2022 4:10:00 PM,2022,1,24,16,10,0,Monday,541689.1687,4812082.622,-80.484668,43.4605,Non intersection,2,P.D. only,Thru lane,unknown,unknown,SMV other,Unknown,Daylight,01 - Daylight,Municipal (excl. Twp. Rd.),No control,unknown,0,0,0,FALSE,FALSE,FALSE,Freezing Rain,,TRUE,Road 1: 393 WELLINGTON ST N; Vehicle #1     Make: TOYT     Model: MTL     Colour: RED     Style: 4D,12/22/2022 9:31:35 AM,541689.1687,4812082.622
52300,22166414,7/14/2022 9:00:00 AM,2022,7,14,9,0,0,Thursday,542703.9627,4810215.081,-80.47227,43.443627,Non intersection,2,Non-reportable,Not on roadway - right side,unknown,unknown,SMV unattended vehicle,Unknown,Daylight,01 - Daylight,Municipal (excl. Twp. Rd.),No control,unknown,0,0,0,FALSE,FALSE,FALSE,Clear,,TRUE,Road 1: 37 CRESCENT ST; Vehicle #1     Make: TOYT     Model: C4E     Colour: BLU     Style: 4D; Vehicle #2     Make: MAZD     Model: M3I     Colour: BLK     Style: 4B,12/22/2022 9:27:58 AM,542703.9627,4810215.081
52301,22166597,7/15/2022 1:50:00 PM,2022,7,15,13,50,0,Friday,539995.5425,4810355.368,-80.505729,43.44504,At/near private drive,2,Non-reportable,Thru lane,unknown,unknown,Sideswipe,Unknown,Daylight,01 - Daylight,Regional municipality,unknown,unknown,0,0,0,FALSE,FALSE,FALSE,Clear,,TRUE,Road 1: STRANGE ST; Road 2: VICTORIA ST S; Vehicle #1     Make: HYUN     Model: SFT     Colour: ONG     Style: TY; Vehicle #2     Make: NISS     Model: ROG     Colour: BLU     Style: TY,12/22/2022 9:35:11 AM,539995.5425,4810355.368
52302,22166606,7/15/2022 1:40:00 PM,2022,7,15,13,40,0,Friday,540619.4561,4810957.091,-80.497974,43.450425,At intersection,2,P.D. only,Within intersection,unknown,unknown,Angle,Unknown,Daylight,01 - Daylight,Municipal (excl. Twp. Rd.),unknown,Functioning,0,0,0,FALSE,FALSE,FALSE,Clear,,FALSE,Road 1: LINDEN AVE (50 km/h); Road 2: JOSEPH ST (50 km/h); Vehicle #1     Make: FORD     Model: EPR     Colour: BLU     Style: TY; Vehicle #2     Make:      Model: -     Colour:      Style:,1/3/2023 10:19:42 AM,540619.4561,4810957.091
52303,22166662,6/19/2022 1:00:00 PM,2022,6,19,13,0,0,Sunday,538291.8044,4807951.326,-80.526952,43.423483,At/near private drive,2,Non-reportable,Thru lane,unknown,unknown,Other,Unknown,Daylight,01 - Daylight,Municipal (excl. Twp. Rd.),No control,unknown,0,0,0,FALSE,FALSE,FALSE,Clear,,TRUE,Road 1: 162 SILVER ASPEN CRESCENT (IFO); Vehicle #1     Make: HYUN     Model: ESM     Colour: GRY     Style: 4D; Vehicle #2     Make:      Model:      Colour:      Style:,1/3/2023 10:21:43 AM,538291.8044,4807951.326
52304,22167075,7/15/2022 9:00:00 PM,2022,7,15,21,0,0,Friday,542650.3754,4807351.908,-80.473156,43.41785,Intersection related,2,P.D. only,Thru lane,unknown,unknown,Rear end,Unknown,Dusk,05 - Dusk,Regional municipality,unknown,Functioning,1,0,0,FALSE,FALSE,FALSE,Clear,,FALSE,Road 1: BLOCK LINE RD (50 km/h); Road 2: KINGSWOOD DR (40 km/h); Vehicle #1     Make: NISS     Model: SBL     Colour: SIL     Style: 4D; Vehicle #2     Make: TOYT     Model: RV4     Colour: GRY     Style: TY,1/3/2023 10:16:08 AM,542650.3754,4807351.908
52305,22170608,7/19/2022 5:30:00 PM,2022,7,19,17,30,0,Tuesday,542948.682,4812957.028,-80.46903,43.468302,Non intersection,2,P.D. only,Thru lane,unknown,unknown,Rear end,Unknown,Daylight,01 - Daylight,Municipal (excl. Twp. Rd.),No control,unknown,0,0,0,FALSE,FALSE,FALSE,Clear,,TRUE,Road 1: WELLINGTON ST N; Road 2: RIVERBEND DR; Distance: 200.0 M N; Vehicle #1     Make: LEXS     Model: RXH     Colour: WHI     Style: TY; Vehicle #2     Make: HYUN     Model: K1G     Colour: BLK     Style: TY; Vehicle #3     Make: HOND     Model: CCL   ,12/22/2022 9:35:33 AM,542948.682,4812957.028
52306,22171073,6/27/2022 4:30:00 PM,2022,6,27,16,30,0,Monday,540852.543,4809301.107,-80.495218,43.435501,At/near private drive,2,Non-reportable,Thru lane,unknown,unknown,SMV unattended vehicle,Unknown,Daylight,01 - Daylight,Municipal (excl. Twp. Rd.),No control,unknown,0,0,0,FALSE,FALSE,FALSE,Clear,,TRUE,Road 1: 107 SAINT CLAIR AVE (IFO); Vehicle #1     Make:      Model:      Colour:      Style: ; Vehicle #2     Make: NISS     Model: SML     Colour: SIL     Style: 4D,1/3/2023 10:22:11 AM,540852.543,4809301.107
52307,22171191,7/20/2022 11:41:00 AM,2022,7,20,11,41,0,Wednesday,540486.6488,4809735.928,-80.499706,43.439436,At intersection,1,Non-fatal injury,Within intersection,unknown,unknown,Angle,Unknown,Daylight,01 - Daylight,Municipal (excl. Twp. Rd.),unknown,Functioning,0,0,0,FALSE,FALSE,FALSE,Clear,,FALSE,Road 1: SPADINA RD E (50 km/h); Road 2: QUEENS BLVD (50 km/h); Charged Driver #1 on page 1: HTA 136 (NA) (NA); Vehicle #1     Make: VOLV     Model: 06G     Colour: GRY     Style: TY; Vehicle #2     Make: HOND     Model: COD     Colour: GRY     Style: VN,1/3/2023 10:20:02 AM,540486.6488,4809735.928
52308,22171905,3/31/2022 9:25:00 AM,2022,3,31,9,25,0,Thursday,545927.6708,4802981.95,-80.433042,43.37831,At intersection,2,P.D. only,Thru lane,unknown,unknown,Sideswipe,Unknown,Daylight,01 - Daylight,Municipal (excl. Twp. Rd.),Stop sign,Functioning,0,0,0,FALSE,FALSE,FALSE,Clear,,TRUE,Road 1: ROBERT FERRIE DR; Road 2: DOON S DR; Vehicle #1     Make: BMW     Model: 5XI     Colour: BLU     Style: 4D; Vehicle #2     Make:      Model:      Colour:      Style:,12/22/2022 9:31:36 AM,545927.6708,4802981.95
52309,22171979,3/29/2022 9:30:00 AM,2022,3,29,9,30,0,Tuesday,540404.0032,4808833.293,-80.500794,43.431313,At/near private drive,2,P.D. only,Off highway,unknown,unknown,Rear end,Unknown,Daylight,01 - Daylight,Municipal (excl. Twp. Rd.),No control,unknown,0,0,0,FALSE,FALSE,FALSE,Clear,,TRUE,Road 1: 199 LAKESIDE DR; Vehicle #1     Make: GMC     Model: TER     Colour: RED     Style: TY; Vehicle #2     Make:      Model:      Colour:      Style:,12/22/2022 9:31:37 AM,540404.0032,4808833.293
52310,22172252,7/21/2022 3:26:00 PM,2022,7,21,15,26,0,Thursday,541981.8119,4810674.655,-80.481159,43.447806,At intersection,1,Non-fatal injury,Within intersection,unknown,unknown,Angle,Unknown,Daylight,01 - Daylight,Municipal (excl. Twp. Rd.),Stop sign,Functioning,0,0,1,FALSE,TRUE,FALSE,Clear,,FALSE,Road 1: MADISON AVE N (50 km/h); Road 2: DUKE ST E (40 km/h); Charged Driver #1 on page 1: HTA 136 (NA) (NA); Vehicle #1     Make: BICY     Model: BICY     Colour:      Style: ; Vehicle #2     Make: SUBA     Model: O6L     Colour: SIL     Style: SW,12/22/2022 9:36:07 AM,541981.8119,4810674.655
52311,22172334,7/21/2022 4:50:00 PM,2022,7,21,16,50,0,Thursday,541417.131,4812179.165,-80.488023,43.461384,Non intersection,2,P.D. only,Thru lane,unknown,unknown,Turning movement,Unknown,Daylight,01 - Daylight,Municipal (excl. Twp. Rd.),No control,unknown,0,0,0,FALSE,FALSE,FALSE,Clear,,TRUE,Road 1: ST LEGER ST; Road 2: VICTORIA MARIE CT; Vehicle #1     Make: AUDI     Model: 1QS     Colour: RED     Style: 4D; Vehicle #2     Make: HOND     Model: CXG     Colour: BLK     Style: 4D,12/22/2022 9:35:36 AM,541417.131,4812179.165
52312,22172925,7/1/2022 7:00:00 PM,2022,7,1,19,0,0,Friday,545673.0891,4810641.201,-80.435544,43.447289,Intersection related,2,Non-reportable,Within intersection,unknown,unknown,Turning movement,Unknown,Daylight,01 - Daylight,Municipal (excl. Twp. Rd.),Stop sign,Functioning,0,0,0,FALSE,FALSE,FALSE,Clear,,TRUE,Road 1: KENORA DR; Road 2: OLD CHICOPEE DR; Vehicle #1     Make: ACUR     Model: CCS     Colour: SIL     Style: 4D; Vehicle #2     Make: MITS     Model: LSL     Colour: WHI     Style: 4D,12/22/2022 9:28:26 AM,545673.0891,4810641.201
52313,22172934,7/3/2022 12:00:00 PM,2022,7,3,12,0,0,Sunday,538477.1829,4806574.116,-80.524759,43.411073,At/near private drive,2,Non-reportable,Left shoulder,unknown,unknown,SMV unattended vehicle,Unknown,Daylight,01 - Daylight,Municipal (excl. Twp. Rd.),No control,unknown,0,0,0,FALSE,FALSE,FALSE,Clear,,TRUE,Road 1: EVERGLADE CRESCENT (IFO 60); Vehicle #1     Make: MAZD     Model: 3TR     Colour: BLU     Style: 4D; Vehicle #2     Make: HOND     Model: ULX     Colour: SIL     Style: 4D,12/22/2022 9:35:48 AM,538477.1829,4806574.116
52314,22172974,7/19/2022 2:00:00 PM,2022,7,19,14,0,0,Tuesday,538726.2711,4806020.583,-80.521722,43.406076,Other,2,P.D. only,Thru lane,unknown,unknown,SMV unattended vehicle,Unknown,Daylight,01 - Daylight,Municipal (excl. Twp. Rd.),No control,unknown,0,0,0,FALSE,FALSE,FALSE,Clear,,TRUE,Road 1: 517 PEACH BLOSSOM COURT (IFO 517); Vehicle #1     Make: HOND     Model: UDY     Colour: GRY     Style: VN; Vehicle #2     Make: BUIC     Model: ENC     Colour: GRN     Style: TY,12/22/2022 9:35:32 AM,538726.2711,4806020.583
52315,22173030,7/18/2022 4:54:00 PM,2022,7,18,16,54,0,Monday,540223.0489,4809455.24,-80.502984,43.436923,Non intersection,2,P.D. only,Thru lane,unknown,unknown,Angle,Unknown,Daylight,01 - Daylight,Regional municipality,unknown,unknown,0,0,0,FALSE,FALSE,FALSE,Clear,,TRUE,Road 1: 1011 QUEEN'S BLVD (IFO); Vehicle #1     Make: HOND     Model: CRV     Colour: BLK     Style: 4D; Vehicle #2     Make: CHEV     Model: VTP     Colour: GRY     Style: 4B,12/22/2022 9:35:18 AM,540223.0489,4809455.24
52316,22173191,2/3/2022 10:35:00 AM,2022,2,3,10,35,0,Thursday,539567.6849,4811425.978,-80.510939,43.454703,Intersection related,2,P.D. only,Within intersection,unknown,unknown,Angle,Unknown,Daylight,01 - Daylight,Municipal (excl. Twp. Rd.),Stop sign,Functioning,0,0,0,FALSE,FALSE,FALSE,Snow,,TRUE,Road 1: GREEN ST; Road 2: PARK ST; Vehicle #1     Make: NISS     Model: MUR     Colour: SIL     Style: TY; Vehicle #2     Make: FORD     Model: SPE     Colour: RED     Style: TY,12/22/2022 9:31:48 AM,539567.6849,4811425.978
52317,22173198,2/3/2022 12:00:00 PM,2022,2,3,12,0,0,Thursday,539567.8086,4811425.38,-80.510938,43.454697,At intersection,2,P.D. only,Thru lane,unknown,unknown,Sideswipe,Unknown,Daylight,01 - Daylight,Municipal (excl. Twp. Rd.),Traffic signal,Functioning,0,0,0,FALSE,FALSE,FALSE,Snow,,TRUE,Road 1: GREEN ST; Road 2: PARK ST; Vehicle #1     Make: NISS     Model: ROG     Colour: BLU     Style: TY; Vehicle #2     Make: MAZD     Model: CX5     Colour: SIL     Style: TY,12/22/2022 9:31:50 AM,539567.8086,4811425.38
52318,22173215,11/23/2021 8:30:00 AM,2021,11,23,8,30,0,Tuesday,545377.6369,4812124.6,-80.439072,43.460663,Non intersection,2,Non-reportable,Thru lane,unknown,unknown,Rear end,Unknown,Daylight,01 - Daylight,Municipal (excl. Twp. Rd.),No control,unknown,0,0,0,FALSE,FALSE,FALSE,Clear,,TRUE,Road 1: HERITAGE DR; Road 2: LORRAINE AVE; Vehicle #1     Make: MAZD     Model: 3TR     Colour: BLK     Style: 4B; Vehicle #2     Make:      Model:      Colour:      Style:,1/3/2023 10:15:02 AM,545377.6369,4812124.6